gpu-nodes-2:1001:1001 [2] NCCL INFO ENV/Plugin: Could not find: libnccl-env.so
gpu-nodes-2:1001:1001 [2] NCCL INFO cudaDriverVersion 13020
gpu-nodes-2:1001:1001 [2] NCCL INFO NCCL version 2.29.7+cuda13.2
gpu-nodes-2:1001:1001 [2] NCCL INFO NCCL git version stable b81d6a5a3
gpu-nodes-2:1001:1001 [2] NCCL INFO NET/Plugin: Could not find: libnccl-net.so
gpu-nodes-2:1001:1001 [2] NCCL INFO dlvsym failed on mlx5dv_get_data_direct_sysfs_path - /usr/lib/x86_64-linux-gnu/libmlx5.so: undefined symbol: mlx5dv_get_data_direct_sysfs_path, version MLX5_1.25 version MLX5_1.25
gpu-nodes-2:1001:1001 [2] NCCL INFO dlvsym failed on mlx5dv_reg_dmabuf_mr - /usr/lib/x86_64-linux-gnu/libmlx5.so: undefined symbol: mlx5dv_reg_dmabuf_mr, version MLX5_1.25 version MLX5_1.25
gpu-nodes-2:1001:1001 [2] NCCL INFO NET/IB: [0] mlx5_0:uverbs0:1/IB provider=Mlx5 speed=400000 context=0x2cf716e0 pciPath=/sys/devices/pci0000:70/0000:70:01.1/0000:71:00.0/0000:72:01.0/0000:74:00.0 ar=1
gpu-nodes-2:1001:1001 [2] NCCL INFO NET/IB: [1] mlx5_1:uverbs1:1/IB provider=Mlx5 speed=400000 context=0x2cfb2d90 pciPath=/sys/devices/pci0000:00/0000:00:01.1/0000:01:00.0/0000:02:01.0/0000:04:00.0 ar=1
gpu-nodes-2:1001:1001 [2] NCCL INFO NET/IB: [2] mlx5_2:uverbs2:1/IB provider=Mlx5 speed=400000 context=0x2cff4da0 pciPath=/sys/devices/pci0000:60/0000:60:01.1/0000:61:00.0/0000:62:01.0/0000:64:00.0 ar=1
gpu-nodes-2:1001:1001 [2] NCCL INFO NET/IB: [3] mlx5_3:uverbs3:1/IB provider=Mlx5 speed=400000 context=0x2d036db0 pciPath=/sys/devices/pci0000:10/0000:10:01.1/0000:11:00.0/0000:12:01.0/0000:14:00.0 ar=1
gpu-nodes-2:1001:1001 [2] NCCL INFO NET/IB: [4] mlx5_4:uverbs4:1/IB provider=Mlx5 speed=400000 context=0x2d078e60 pciPath=/sys/devices/pci0000:f0/0000:f0:01.1/0000:f1:00.0/0000:f2:01.0/0000:f4:00.0 ar=1
gpu-nodes-2:1001:1001 [2] NCCL INFO NET/IB: [5] mlx5_5:uverbs5:1/IB provider=Mlx5 speed=100000 context=0x2d0bb200 pciPath=/sys/devices/pci0000:d0/0000:d0:03.3/0000:d2:00.0 ar=1
gpu-nodes-2:1001:1001 [2] NCCL INFO NET/IB: [6] mlx5_6:uverbs6:1/IB provider=Mlx5 speed=100000 context=0x2d0fd5a0 pciPath=/sys/devices/pci0000:d0/0000:d0:03.3/0000:d2:00.0 ar=1
gpu-nodes-2:1001:1001 [2] NCCL INFO NET/IB: [7] mlx5_7:uverbs7:1/IB provider=Mlx5 speed=100000 context=0x2d13f9b0 pciPath=/sys/devices/pci0000:d0/0000:d0:03.3/0000:d2:00.0 ar=1
gpu-nodes-2:1001:1001 [2] NCCL INFO NET/IB: [8] mlx5_8:uverbs8:1/IB provider=Mlx5 speed=100000 context=0x2d181de0 pciPath=/sys/devices/pci0000:d0/0000:d0:03.3/0000:d2:00.0 ar=1
gpu-nodes-2:1001:1001 [2] NCCL INFO NET/IB: [9] mlx5_9:uverbs9:1/IB provider=Mlx5 speed=400000 context=0x2d1c41e0 pciPath=/sys/devices/pci0000:80/0000:80:01.1/0000:81:00.0/0000:82:01.0/0000:84:00.0 ar=1
gpu-nodes-2:1001:1001 [2] NCCL INFO NET/IB: [10] mlx5_10:uverbs10:1/RoCE provider=Mlx5 speed=200000 context=0x2d206580 pciPath=/sys/devices/pci0000:c0/0000:c0:01.1/0000:c1:00.0 ar=0
gpu-nodes-2:1001:1001 [2] NCCL INFO NET/IB: [11] mlx5_11:uverbs11:1/RoCE provider=Mlx5 speed=200000 context=0x2d2489b0 pciPath=/sys/devices/pci0000:c0/0000:c0:01.1/0000:c1:00.0 ar=0
gpu-nodes-2:1001:1001 [2] NCCL INFO NET/IB: [12] mlx5_12:uverbs12:1/IB provider=Mlx5 speed=400000 context=0x2d28adb0 pciPath=/sys/devices/pci0000:e0/0000:e0:01.1/0000:e1:00.0/0000:e2:01.0/0000:e4:00.0 ar=1
gpu-nodes-2:1001:1001 [2] NCCL INFO NET/IB: [13] mlx5_13:uverbs13:1/IB provider=Mlx5 speed=400000 context=0x2d2cd170 pciPath=/sys/devices/pci0000:90/0000:90:01.1/0000:91:00.0/0000:92:01.0/0000:94:00.0 ar=1
gpu-nodes-2:1001:1001 [2] NCCL INFO NET/IB : Made virtual device [0] name=mlx5_1 speed=400000 ndevs=1
gpu-nodes-2:1001:1001 [2] NCCL INFO NET/IB : Made virtual device [1] name=mlx5_3 speed=400000 ndevs=1
gpu-nodes-2:1001:1001 [2] NCCL INFO NET/IB : Made virtual device [2] name=mlx5_2 speed=400000 ndevs=1
gpu-nodes-2:1001:1001 [2] NCCL INFO NET/IB : Made virtual device [3] name=mlx5_0 speed=400000 ndevs=1
gpu-nodes-2:1001:1001 [2] NCCL INFO NET/IB : Made virtual device [4] name=mlx5_9 speed=400000 ndevs=1
gpu-nodes-2:1001:1001 [2] NCCL INFO NET/IB : Made virtual device [5] name=mlx5_13 speed=400000 ndevs=1
gpu-nodes-2:1001:1001 [2] NCCL INFO NET/IB : Made virtual device [6] name=mlx5_10 speed=200000 ndevs=1
gpu-nodes-2:1001:1001 [2] NCCL INFO NET/IB : Made virtual device [7] name=mlx5_11 speed=200000 ndevs=1
gpu-nodes-2:1001:1001 [2] NCCL INFO NET/IB : Made virtual device [8] name=mlx5_5 speed=100000 ndevs=1
gpu-nodes-2:1001:1001 [2] NCCL INFO NET/IB : Made virtual device [9] name=mlx5_6 speed=100000 ndevs=1
gpu-nodes-2:1001:1001 [2] NCCL INFO NET/IB : Made virtual device [10] name=mlx5_7 speed=100000 ndevs=1
gpu-nodes-2:1001:1001 [2] NCCL INFO NET/IB : Made virtual device [11] name=mlx5_8 speed=100000 ndevs=1
gpu-nodes-2:1001:1001 [2] NCCL INFO NET/IB : Made virtual device [12] name=mlx5_12 speed=400000 ndevs=1
gpu-nodes-2:1001:1001 [2] NCCL INFO NET/IB : Made virtual device [13] name=mlx5_4 speed=400000 ndevs=1
gpu-nodes-2:1001:1001 [2] NCCL INFO NET/IB : Using [0]mlx5_1:1/IB [1]mlx5_3:1/IB [2]mlx5_2:1/IB [3]mlx5_0:1/IB [4]mlx5_9:1/IB [5]mlx5_13:1/IB [6]mlx5_10:1/RoCE [7]mlx5_11:1/RoCE [8]mlx5_5:1/IB [9]mlx5_6:1/IB [10]mlx5_7:1/IB [11]mlx5_8:1/IB [12]mlx5_12:1/IB [13]mlx5_4:1/IB [RO]; OOB eth0:10.244.218.62<0>
gpu-nodes-2:1001:1001 [2] NCCL INFO Initialized NET plugin IB
gpu-nodes-2:1001:1001 [2] NCCL INFO Assigned NET plugin IB to comm
gpu-nodes-2:1001:1001 [2] NCCL INFO GIN/Plugin: Could not find: libnccl-gin.so
gpu-nodes-2:1001:1001 [2] NCCL INFO Assigned GIN plugin GIN_IB_GDAKI to comm
gpu-nodes-2:1001:1001 [2] NCCL INFO Assigned RMA plugin GIN_IB_PROXY to comm
gpu-nodes-2:1001:1001 [2] NCCL INFO Using network IB
gpu-nodes-2:1001:1001 [2] NCCL INFO DMA-BUF is available on GPU device 2
gpu-nodes-2:1001:1001 [2] NCCL INFO [Rank 10] ncclCommInitRank comm 0x25746a20 rank 10 nranks 16 cudaDev 2 nvmlDev 2 busId 63000 commId 0x5c822c8e8edbc23e - Init START
gpu-nodes-2:1001:1001 [2] NCCL INFO RAS client listening socket at ::1<28028>
gpu-nodes-2:1001:1001 [2] NCCL INFO MNNVL busId 0x63000 fabric UUID 0.0 cliqueId 0x0 state 3 healthMask 0x80
gpu-nodes-2:1001:1001 [2] NCCL INFO Could not find real path of /sys/class/pci_bus/fffffff/../../fffffff:ff:f
gpu-nodes-2:1001:1001 [2] NCCL INFO TOPO/NET : Importing network plugins to topology
gpu-nodes-2:1001:1001 [2] NCCL INFO NET/GIN_IB_GDAKI : GPU Direct RDMA Enabled for HCA 0 'mlx5_1'
gpu-nodes-2:1001:1001 [2] NCCL INFO ncclTopoPopulateNics : Filled mlx5_1 in topo with pciPath=/sys/devices/pci0000:00/0000:00:01.1/0000:01:00.0/0000:02:01.0/0000:04:00.0 net=0 gin=1 keep=1 coll=(null)
gpu-nodes-2:1001:1001 [2] NCCL INFO NET/GIN_IB_GDAKI : GPU Direct RDMA Enabled for HCA 1 'mlx5_3'
gpu-nodes-2:1001:1001 [2] NCCL INFO ncclTopoPopulateNics : Filled mlx5_3 in topo with pciPath=/sys/devices/pci0000:10/0000:10:01.1/0000:11:00.0/0000:12:01.0/0000:14:00.0 net=0 gin=1 keep=1 coll=(null)
gpu-nodes-2:1001:1001 [2] NCCL INFO NET/GIN_IB_GDAKI : GPU Direct RDMA Enabled for HCA 2 'mlx5_2'
gpu-nodes-2:1001:1001 [2] NCCL INFO ncclTopoPopulateNics : Filled mlx5_2 in topo with pciPath=/sys/devices/pci0000:60/0000:60:01.1/0000:61:00.0/0000:62:01.0/0000:64:00.0 net=0 gin=1 keep=1 coll=(null)
gpu-nodes-2:1001:1001 [2] NCCL INFO NET/GIN_IB_GDAKI : GPU Direct RDMA Enabled for HCA 3 'mlx5_0'
gpu-nodes-2:1001:1001 [2] NCCL INFO ncclTopoPopulateNics : Filled mlx5_0 in topo with pciPath=/sys/devices/pci0000:70/0000:70:01.1/0000:71:00.0/0000:72:01.0/0000:74:00.0 net=0 gin=1 keep=1 coll=(null)
gpu-nodes-2:1001:1001 [2] NCCL INFO NET/GIN_IB_GDAKI : GPU Direct RDMA Enabled for HCA 4 'mlx5_9'
gpu-nodes-2:1001:1001 [2] NCCL INFO ncclTopoPopulateNics : Filled mlx5_9 in topo with pciPath=/sys/devices/pci0000:80/0000:80:01.1/0000:81:00.0/0000:82:01.0/0000:84:00.0 net=0 gin=1 keep=1 coll=(null)
gpu-nodes-2:1001:1001 [2] NCCL INFO NET/GIN_IB_GDAKI : GPU Direct RDMA Enabled for HCA 5 'mlx5_13'
gpu-nodes-2:1001:1001 [2] NCCL INFO ncclTopoPopulateNics : Filled mlx5_13 in topo with pciPath=/sys/devices/pci0000:90/0000:90:01.1/0000:91:00.0/0000:92:01.0/0000:94:00.0 net=0 gin=1 keep=1 coll=(null)
gpu-nodes-2:1001:1001 [2] NCCL INFO NET/GIN_IB_GDAKI : GPU Direct RDMA Enabled for HCA 6 'mlx5_10'
gpu-nodes-2:1001:1001 [2] NCCL INFO ncclTopoPopulateNics : Filled mlx5_10 in topo with pciPath=/sys/devices/pci0000:c0/0000:c0:01.1/0000:c1:00.0 net=0 gin=1 keep=1 coll=(null)
gpu-nodes-2:1001:1001 [2] NCCL INFO NET/GIN_IB_GDAKI : GPU Direct RDMA Enabled for HCA 7 'mlx5_11'
gpu-nodes-2:1001:1001 [2] NCCL INFO ncclTopoPopulateNics : Filled mlx5_11 in topo with pciPath=/sys/devices/pci0000:c0/0000:c0:01.1/0000:c1:00.0 net=0 gin=1 keep=1 coll=(null)
gpu-nodes-2:1001:1001 [2] NCCL INFO NET/GIN_IB_GDAKI : GPU Direct RDMA Enabled for HCA 8 'mlx5_5'
gpu-nodes-2:1001:1001 [2] NCCL INFO ncclTopoPopulateNics : Filled mlx5_5 in topo with pciPath=/sys/devices/pci0000:d0/0000:d0:03.3/0000:d2:00.0 net=0 gin=1 keep=1 coll=(null)
gpu-nodes-2:1001:1001 [2] NCCL INFO NET/GIN_IB_GDAKI : GPU Direct RDMA Enabled for HCA 9 'mlx5_6'
gpu-nodes-2:1001:1001 [2] NCCL INFO ncclTopoPopulateNics : Filled mlx5_6 in topo with pciPath=/sys/devices/pci0000:d0/0000:d0:03.3/0000:d2:00.0 net=0 gin=1 keep=1 coll=(null)
gpu-nodes-2:1001:1001 [2] NCCL INFO NET/GIN_IB_GDAKI : GPU Direct RDMA Enabled for HCA 10 'mlx5_7'
gpu-nodes-2:1001:1001 [2] NCCL INFO ncclTopoPopulateNics : Filled mlx5_7 in topo with pciPath=/sys/devices/pci0000:d0/0000:d0:03.3/0000:d2:00.0 net=0 gin=1 keep=1 coll=(null)
gpu-nodes-2:1001:1001 [2] NCCL INFO NET/GIN_IB_GDAKI : GPU Direct RDMA Enabled for HCA 11 'mlx5_8'
gpu-nodes-2:1001:1001 [2] NCCL INFO ncclTopoPopulateNics : Filled mlx5_8 in topo with pciPath=/sys/devices/pci0000:d0/0000:d0:03.3/0000:d2:00.0 net=0 gin=1 keep=1 coll=(null)
gpu-nodes-2:1001:1001 [2] NCCL INFO NET/GIN_IB_GDAKI : GPU Direct RDMA Enabled for HCA 12 'mlx5_12'
gpu-nodes-2:1001:1001 [2] NCCL INFO ncclTopoPopulateNics : Filled mlx5_12 in topo with pciPath=/sys/devices/pci0000:e0/0000:e0:01.1/0000:e1:00.0/0000:e2:01.0/0000:e4:00.0 net=0 gin=1 keep=1 coll=(null)
gpu-nodes-2:1001:1001 [2] NCCL INFO NET/GIN_IB_GDAKI : GPU Direct RDMA Enabled for HCA 13 'mlx5_4'
gpu-nodes-2:1001:1001 [2] NCCL INFO ncclTopoPopulateNics : Filled mlx5_4 in topo with pciPath=/sys/devices/pci0000:f0/0000:f0:01.1/0000:f1:00.0/0000:f2:01.0/0000:f4:00.0 net=0 gin=1 keep=1 coll=(null)
gpu-nodes-2:1001:1001 [2] NCCL INFO NET/IB : GPU Direct RDMA Enabled for HCA 0 'mlx5_1'
gpu-nodes-2:1001:1001 [2] NCCL INFO ncclTopoPopulateNics : Filled mlx5_1 in topo with pciPath=/sys/devices/pci0000:00/0000:00:01.1/0000:01:00.0/0000:02:01.0/0000:04:00.0 net=1 gin=1 keep=1 coll=(null)
gpu-nodes-2:1001:1001 [2] NCCL INFO NET/IB : GPU Direct RDMA Enabled for HCA 1 'mlx5_3'
gpu-nodes-2:1001:1001 [2] NCCL INFO ncclTopoPopulateNics : Filled mlx5_3 in topo with pciPath=/sys/devices/pci0000:10/0000:10:01.1/0000:11:00.0/0000:12:01.0/0000:14:00.0 net=1 gin=1 keep=1 coll=(null)
gpu-nodes-2:1001:1001 [2] NCCL INFO NET/IB : GPU Direct RDMA Enabled for HCA 2 'mlx5_2'
gpu-nodes-2:1001:1001 [2] NCCL INFO ncclTopoPopulateNics : Filled mlx5_2 in topo with pciPath=/sys/devices/pci0000:60/0000:60:01.1/0000:61:00.0/0000:62:01.0/0000:64:00.0 net=1 gin=1 keep=1 coll=(null)
gpu-nodes-2:1001:1001 [2] NCCL INFO NET/IB : GPU Direct RDMA Enabled for HCA 3 'mlx5_0'
gpu-nodes-2:1001:1001 [2] NCCL INFO ncclTopoPopulateNics : Filled mlx5_0 in topo with pciPath=/sys/devices/pci0000:70/0000:70:01.1/0000:71:00.0/0000:72:01.0/0000:74:00.0 net=1 gin=1 keep=1 coll=(null)
gpu-nodes-2:1001:1001 [2] NCCL INFO NET/IB : GPU Direct RDMA Enabled for HCA 4 'mlx5_9'
gpu-nodes-2:1001:1001 [2] NCCL INFO ncclTopoPopulateNics : Filled mlx5_9 in topo with pciPath=/sys/devices/pci0000:80/0000:80:01.1/0000:81:00.0/0000:82:01.0/0000:84:00.0 net=1 gin=1 keep=1 coll=(null)
gpu-nodes-2:1001:1001 [2] NCCL INFO NET/IB : GPU Direct RDMA Enabled for HCA 5 'mlx5_13'
gpu-nodes-2:1001:1001 [2] NCCL INFO ncclTopoPopulateNics : Filled mlx5_13 in topo with pciPath=/sys/devices/pci0000:90/0000:90:01.1/0000:91:00.0/0000:92:01.0/0000:94:00.0 net=1 gin=1 keep=1 coll=(null)
gpu-nodes-2:1001:1001 [2] NCCL INFO NET/IB : GPU Direct RDMA Enabled for HCA 6 'mlx5_10'
gpu-nodes-2:1001:1001 [2] NCCL INFO ncclTopoPopulateNics : Filled mlx5_10 in topo with pciPath=/sys/devices/pci0000:c0/0000:c0:01.1/0000:c1:00.0 net=1 gin=1 keep=1 coll=(null)
gpu-nodes-2:1001:1001 [2] NCCL INFO NET/IB : GPU Direct RDMA Enabled for HCA 7 'mlx5_11'
gpu-nodes-2:1001:1001 [2] NCCL INFO ncclTopoPopulateNics : Filled mlx5_11 in topo with pciPath=/sys/devices/pci0000:c0/0000:c0:01.1/0000:c1:00.0 net=1 gin=1 keep=1 coll=(null)
gpu-nodes-2:1001:1001 [2] NCCL INFO NET/IB : GPU Direct RDMA Enabled for HCA 8 'mlx5_5'
gpu-nodes-2:1001:1001 [2] NCCL INFO ncclTopoPopulateNics : Filled mlx5_5 in topo with pciPath=/sys/devices/pci0000:d0/0000:d0:03.3/0000:d2:00.0 net=1 gin=1 keep=1 coll=(null)
gpu-nodes-2:1001:1001 [2] NCCL INFO NET/IB : GPU Direct RDMA Enabled for HCA 9 'mlx5_6'
gpu-nodes-2:1001:1001 [2] NCCL INFO ncclTopoPopulateNics : Filled mlx5_6 in topo with pciPath=/sys/devices/pci0000:d0/0000:d0:03.3/0000:d2:00.0 net=1 gin=1 keep=1 coll=(null)
gpu-nodes-2:1001:1001 [2] NCCL INFO NET/IB : GPU Direct RDMA Enabled for HCA 10 'mlx5_7'
gpu-nodes-2:1001:1001 [2] NCCL INFO ncclTopoPopulateNics : Filled mlx5_7 in topo with pciPath=/sys/devices/pci0000:d0/0000:d0:03.3/0000:d2:00.0 net=1 gin=1 keep=1 coll=(null)
gpu-nodes-2:1001:1001 [2] NCCL INFO NET/IB : GPU Direct RDMA Enabled for HCA 11 'mlx5_8'
gpu-nodes-2:1001:1001 [2] NCCL INFO ncclTopoPopulateNics : Filled mlx5_8 in topo with pciPath=/sys/devices/pci0000:d0/0000:d0:03.3/0000:d2:00.0 net=1 gin=1 keep=1 coll=(null)
gpu-nodes-2:1001:1001 [2] NCCL INFO NET/IB : GPU Direct RDMA Enabled for HCA 12 'mlx5_12'
gpu-nodes-2:1001:1001 [2] NCCL INFO ncclTopoPopulateNics : Filled mlx5_12 in topo with pciPath=/sys/devices/pci0000:e0/0000:e0:01.1/0000:e1:00.0/0000:e2:01.0/0000:e4:00.0 net=1 gin=1 keep=1 coll=(null)
gpu-nodes-2:1001:1001 [2] NCCL INFO NET/IB : GPU Direct RDMA Enabled for HCA 13 'mlx5_4'
gpu-nodes-2:1001:1001 [2] NCCL INFO ncclTopoPopulateNics : Filled mlx5_4 in topo with pciPath=/sys/devices/pci0000:f0/0000:f0:01.1/0000:f1:00.0/0000:f2:01.0/0000:f4:00.0 net=1 gin=1 keep=1 coll=(null)
gpu-nodes-2:1001:1001 [2] NCCL INFO NET/IB : Made virtual device [14] name=mlx5_10+mlx5_11 speed=400000 ndevs=2
gpu-nodes-2:1001:1001 [2] NCCL INFO TOPO/NET : Made vNic 14
gpu-nodes-2:1001:1001 [2] NCCL INFO NET/IB : Made virtual device [15] name=mlx5_5+mlx5_6+mlx5_7+mlx5_8 speed=400000 ndevs=4
gpu-nodes-2:1001:1001 [2] NCCL INFO TOPO/NET : Made vNic 15
gpu-nodes-2:1001:1001 [2] NCCL INFO NET/IB : GPU Direct RDMA Enabled for HCA 14 'mlx5_10+mlx5_11'
gpu-nodes-2:1001:1001 [2] NCCL INFO ncclTopoPopulateNics : Filled mlx5_10+mlx5_11 in topo with pciPath=/sys/devices/pci0000:c0/0000:c0:01.1/0000:c1:00.0 net=1 gin=(null) keep=1 coll=(null)
gpu-nodes-2:1001:1001 [2] NCCL INFO NET/IB : GPU Direct RDMA Enabled for HCA 15 'mlx5_5+mlx5_6+mlx5_7+mlx5_8'
gpu-nodes-2:1001:1001 [2] NCCL INFO ncclTopoPopulateNics : Filled mlx5_5+mlx5_6+mlx5_7+mlx5_8 in topo with pciPath=/sys/devices/pci0000:d0/0000:d0:03.3/0000:d2:00.0 net=1 gin=(null) keep=1 coll=(null)
gpu-nodes-2:1001:1001 [2] NCCL INFO GPU Direct RDMA Enabled for GPU/0-12288 (rank 8) - NET/0-0 (distance 4 <= 6, read 0, mode Default)
gpu-nodes-2:1001:1001 [2] NCCL INFO GPU Direct RDMA Enabled for GPU/0-77824 (rank 9) - NET/0-0 ( using PXN via GPU/0-12288, distance 4 <= 6, read 0, mode Default)
gpu-nodes-2:1001:1001 [2] NCCL INFO GPU Direct RDMA Enabled for GPU/0-405504 (rank 10) - NET/0-0 ( using PXN via GPU/0-12288, distance 4 <= 6, read 0, mode Default)
gpu-nodes-2:1001:1001 [2] NCCL INFO GPU Direct RDMA Enabled for GPU/0-471040 (rank 11) - NET/0-0 ( using PXN via GPU/0-12288, distance 4 <= 6, read 0, mode Default)
gpu-nodes-2:1001:1001 [2] NCCL INFO GPU Direct RDMA Enabled for GPU/0-536576 (rank 12) - NET/0-0 ( using PXN via GPU/0-12288, distance 4 <= 6, read 0, mode Default)
gpu-nodes-2:1001:1001 [2] NCCL INFO GPU Direct RDMA Enabled for GPU/0-602112 (rank 13) - NET/0-0 ( using PXN via GPU/0-12288, distance 4 <= 6, read 0, mode Default)
gpu-nodes-2:1001:1001 [2] NCCL INFO GPU Direct RDMA Enabled for GPU/0-929792 (rank 14) - NET/0-0 ( using PXN via GPU/0-12288, distance 4 <= 6, read 0, mode Default)
gpu-nodes-2:1001:1001 [2] NCCL INFO GPU Direct RDMA Enabled for GPU/0-995328 (rank 15) - NET/0-0 ( using PXN via GPU/0-12288, distance 4 <= 6, read 0, mode Default)
gpu-nodes-2:1001:1001 [2] NCCL INFO GPU Direct RDMA Enabled for GPU/0-12288 (rank 8) - NET/0-1 ( using PXN via GPU/0-77824, distance 4 <= 6, read 0, mode Default)
gpu-nodes-2:1001:1001 [2] NCCL INFO GPU Direct RDMA Enabled for GPU/0-77824 (rank 9) - NET/0-1 (distance 4 <= 6, read 0, mode Default)
gpu-nodes-2:1001:1001 [2] NCCL INFO GPU Direct RDMA Enabled for GPU/0-405504 (rank 10) - NET/0-1 ( using PXN via GPU/0-77824, distance 4 <= 6, read 0, mode Default)
gpu-nodes-2:1001:1001 [2] NCCL INFO GPU Direct RDMA Enabled for GPU/0-471040 (rank 11) - NET/0-1 ( using PXN via GPU/0-77824, distance 4 <= 6, read 0, mode Default)
gpu-nodes-2:1001:1001 [2] NCCL INFO GPU Direct RDMA Enabled for GPU/0-536576 (rank 12) - NET/0-1 ( using PXN via GPU/0-77824, distance 4 <= 6, read 0, mode Default)
gpu-nodes-2:1001:1001 [2] NCCL INFO GPU Direct RDMA Enabled for GPU/0-602112 (rank 13) - NET/0-1 ( using PXN via GPU/0-77824, distance 4 <= 6, read 0, mode Default)
gpu-nodes-2:1001:1001 [2] NCCL INFO GPU Direct RDMA Enabled for GPU/0-929792 (rank 14) - NET/0-1 ( using PXN via GPU/0-77824, distance 4 <= 6, read 0, mode Default)
gpu-nodes-2:1001:1001 [2] NCCL INFO GPU Direct RDMA Enabled for GPU/0-995328 (rank 15) - NET/0-1 ( using PXN via GPU/0-77824, distance 4 <= 6, read 0, mode Default)
gpu-nodes-2:1001:1001 [2] NCCL INFO GPU Direct RDMA Enabled for GPU/0-12288 (rank 8) - NET/0-2 ( using PXN via GPU/0-405504, distance 4 <= 6, read 0, mode Default)
gpu-nodes-2:1001:1001 [2] NCCL INFO GPU Direct RDMA Enabled for GPU/0-77824 (rank 9) - NET/0-2 ( using PXN via GPU/0-405504, distance 4 <= 6, read 0, mode Default)
gpu-nodes-2:1001:1001 [2] NCCL INFO GPU Direct RDMA Enabled for GPU/0-405504 (rank 10) - NET/0-2 (distance 4 <= 6, read 0, mode Default)
gpu-nodes-2:1001:1001 [2] NCCL INFO GPU Direct RDMA Enabled for GPU/0-471040 (rank 11) - NET/0-2 ( using PXN via GPU/0-405504, distance 4 <= 6, read 0, mode Default)
gpu-nodes-2:1001:1001 [2] NCCL INFO GPU Direct RDMA Enabled for GPU/0-536576 (rank 12) - NET/0-2 ( using PXN via GPU/0-405504, distance 4 <= 6, read 0, mode Default)
gpu-nodes-2:1001:1001 [2] NCCL INFO GPU Direct RDMA Enabled for GPU/0-602112 (rank 13) - NET/0-2 ( using PXN via GPU/0-405504, distance 4 <= 6, read 0, mode Default)
gpu-nodes-2:1001:1001 [2] NCCL INFO GPU Direct RDMA Enabled for GPU/0-929792 (rank 14) - NET/0-2 ( using PXN via GPU/0-405504, distance 4 <= 6, read 0, mode Default)
gpu-nodes-2:1001:1001 [2] NCCL INFO GPU Direct RDMA Enabled for GPU/0-995328 (rank 15) - NET/0-2 ( using PXN via GPU/0-405504, distance 4 <= 6, read 0, mode Default)
gpu-nodes-2:1001:1001 [2] NCCL INFO GPU Direct RDMA Enabled for GPU/0-12288 (rank 8) - NET/0-3 ( using PXN via GPU/0-471040, distance 4 <= 6, read 0, mode Default)
gpu-nodes-2:1001:1001 [2] NCCL INFO GPU Direct RDMA Enabled for GPU/0-77824 (rank 9) - NET/0-3 ( using PXN via GPU/0-471040, distance 4 <= 6, read 0, mode Default)
gpu-nodes-2:1001:1001 [2] NCCL INFO GPU Direct RDMA Enabled for GPU/0-405504 (rank 10) - NET/0-3 ( using PXN via GPU/0-471040, distance 4 <= 6, read 0, mode Default)
gpu-nodes-2:1001:1001 [2] NCCL INFO GPU Direct RDMA Enabled for GPU/0-471040 (rank 11) - NET/0-3 (distance 4 <= 6, read 0, mode Default)
gpu-nodes-2:1001:1001 [2] NCCL INFO GPU Direct RDMA Enabled for GPU/0-536576 (rank 12) - NET/0-3 ( using PXN via GPU/0-471040, distance 4 <= 6, read 0, mode Default)
gpu-nodes-2:1001:1001 [2] NCCL INFO GPU Direct RDMA Enabled for GPU/0-602112 (rank 13) - NET/0-3 ( using PXN via GPU/0-471040, distance 4 <= 6, read 0, mode Default)
gpu-nodes-2:1001:1001 [2] NCCL INFO GPU Direct RDMA Enabled for GPU/0-929792 (rank 14) - NET/0-3 ( using PXN via GPU/0-471040, distance 4 <= 6, read 0, mode Default)
gpu-nodes-2:1001:1001 [2] NCCL INFO GPU Direct RDMA Enabled for GPU/0-995328 (rank 15) - NET/0-3 ( using PXN via GPU/0-471040, distance 4 <= 6, read 0, mode Default)
gpu-nodes-2:1001:1001 [2] NCCL INFO GPU Direct RDMA Enabled for GPU/0-12288 (rank 8) - NET/0-4 ( using PXN via GPU/0-536576, distance 4 <= 6, read 0, mode Default)
gpu-nodes-2:1001:1001 [2] NCCL INFO GPU Direct RDMA Enabled for GPU/0-77824 (rank 9) - NET/0-4 ( using PXN via GPU/0-536576, distance 4 <= 6, read 0, mode Default)
gpu-nodes-2:1001:1001 [2] NCCL INFO GPU Direct RDMA Enabled for GPU/0-405504 (rank 10) - NET/0-4 ( using PXN via GPU/0-536576, distance 4 <= 6, read 0, mode Default)
gpu-nodes-2:1001:1001 [2] NCCL INFO GPU Direct RDMA Enabled for GPU/0-471040 (rank 11) - NET/0-4 ( using PXN via GPU/0-536576, distance 4 <= 6, read 0, mode Default)
gpu-nodes-2:1001:1001 [2] NCCL INFO GPU Direct RDMA Enabled for GPU/0-536576 (rank 12) - NET/0-4 (distance 4 <= 6, read 0, mode Default)
gpu-nodes-2:1001:1001 [2] NCCL INFO GPU Direct RDMA Enabled for GPU/0-602112 (rank 13) - NET/0-4 ( using PXN via GPU/0-536576, distance 4 <= 6, read 0, mode Default)
gpu-nodes-2:1001:1001 [2] NCCL INFO GPU Direct RDMA Enabled for GPU/0-929792 (rank 14) - NET/0-4 ( using PXN via GPU/0-536576, distance 4 <= 6, read 0, mode Default)
gpu-nodes-2:1001:1001 [2] NCCL INFO GPU Direct RDMA Enabled for GPU/0-995328 (rank 15) - NET/0-4 ( using PXN via GPU/0-536576, distance 4 <= 6, read 0, mode Default)
gpu-nodes-2:1001:1001 [2] NCCL INFO GPU Direct RDMA Enabled for GPU/0-12288 (rank 8) - NET/0-5 ( using PXN via GPU/0-602112, distance 4 <= 6, read 0, mode Default)
gpu-nodes-2:1001:1001 [2] NCCL INFO GPU Direct RDMA Enabled for GPU/0-77824 (rank 9) - NET/0-5 ( using PXN via GPU/0-602112, distance 4 <= 6, read 0, mode Default)
gpu-nodes-2:1001:1001 [2] NCCL INFO GPU Direct RDMA Enabled for GPU/0-405504 (rank 10) - NET/0-5 ( using PXN via GPU/0-602112, distance 4 <= 6, read 0, mode Default)
gpu-nodes-2:1001:1001 [2] NCCL INFO GPU Direct RDMA Enabled for GPU/0-471040 (rank 11) - NET/0-5 ( using PXN via GPU/0-602112, distance 4 <= 6, read 0, mode Default)
gpu-nodes-2:1001:1001 [2] NCCL INFO GPU Direct RDMA Enabled for GPU/0-536576 (rank 12) - NET/0-5 ( using PXN via GPU/0-602112, distance 4 <= 6, read 0, mode Default)
gpu-nodes-2:1001:1001 [2] NCCL INFO GPU Direct RDMA Enabled for GPU/0-602112 (rank 13) - NET/0-5 (distance 4 <= 6, read 0, mode Default)
gpu-nodes-2:1001:1001 [2] NCCL INFO GPU Direct RDMA Enabled for GPU/0-929792 (rank 14) - NET/0-5 ( using PXN via GPU/0-602112, distance 4 <= 6, read 0, mode Default)
gpu-nodes-2:1001:1001 [2] NCCL INFO GPU Direct RDMA Enabled for GPU/0-995328 (rank 15) - NET/0-5 ( using PXN via GPU/0-602112, distance 4 <= 6, read 0, mode Default)
gpu-nodes-2:1001:1001 [2] NCCL INFO GPU Direct RDMA Enabled for GPU/0-12288 (rank 8) - NET/0-12 ( using PXN via GPU/0-929792, distance 4 <= 6, read 0, mode Default)
gpu-nodes-2:1001:1001 [2] NCCL INFO GPU Direct RDMA Enabled for GPU/0-77824 (rank 9) - NET/0-12 ( using PXN via GPU/0-929792, distance 4 <= 6, read 0, mode Default)
gpu-nodes-2:1001:1001 [2] NCCL INFO GPU Direct RDMA Enabled for GPU/0-405504 (rank 10) - NET/0-12 ( using PXN via GPU/0-929792, distance 4 <= 6, read 0, mode Default)
gpu-nodes-2:1001:1001 [2] NCCL INFO GPU Direct RDMA Enabled for GPU/0-471040 (rank 11) - NET/0-12 ( using PXN via GPU/0-929792, distance 4 <= 6, read 0, mode Default)
gpu-nodes-2:1001:1001 [2] NCCL INFO GPU Direct RDMA Enabled for GPU/0-536576 (rank 12) - NET/0-12 ( using PXN via GPU/0-929792, distance 4 <= 6, read 0, mode Default)
gpu-nodes-2:1001:1001 [2] NCCL INFO GPU Direct RDMA Enabled for GPU/0-602112 (rank 13) - NET/0-12 ( using PXN via GPU/0-929792, distance 4 <= 6, read 0, mode Default)
gpu-nodes-2:1001:1001 [2] NCCL INFO GPU Direct RDMA Enabled for GPU/0-929792 (rank 14) - NET/0-12 (distance 4 <= 6, read 0, mode Default)
gpu-nodes-2:1001:1001 [2] NCCL INFO GPU Direct RDMA Enabled for GPU/0-995328 (rank 15) - NET/0-12 ( using PXN via GPU/0-929792, distance 4 <= 6, read 0, mode Default)
gpu-nodes-2:1001:1001 [2] NCCL INFO GPU Direct RDMA Enabled for GPU/0-12288 (rank 8) - NET/0-13 ( using PXN via GPU/0-995328, distance 4 <= 6, read 0, mode Default)
gpu-nodes-2:1001:1001 [2] NCCL INFO GPU Direct RDMA Enabled for GPU/0-77824 (rank 9) - NET/0-13 ( using PXN via GPU/0-995328, distance 4 <= 6, read 0, mode Default)
gpu-nodes-2:1001:1001 [2] NCCL INFO GPU Direct RDMA Enabled for GPU/0-405504 (rank 10) - NET/0-13 ( using PXN via GPU/0-995328, distance 4 <= 6, read 0, mode Default)
gpu-nodes-2:1001:1001 [2] NCCL INFO GPU Direct RDMA Enabled for GPU/0-471040 (rank 11) - NET/0-13 ( using PXN via GPU/0-995328, distance 4 <= 6, read 0, mode Default)
gpu-nodes-2:1001:1001 [2] NCCL INFO GPU Direct RDMA Enabled for GPU/0-536576 (rank 12) - NET/0-13 ( using PXN via GPU/0-995328, distance 4 <= 6, read 0, mode Default)
gpu-nodes-2:1001:1001 [2] NCCL INFO GPU Direct RDMA Enabled for GPU/0-602112 (rank 13) - NET/0-13 ( using PXN via GPU/0-995328, distance 4 <= 6, read 0, mode Default)
gpu-nodes-2:1001:1001 [2] NCCL INFO GPU Direct RDMA Enabled for GPU/0-929792 (rank 14) - NET/0-13 ( using PXN via GPU/0-995328, distance 4 <= 6, read 0, mode Default)
gpu-nodes-2:1001:1001 [2] NCCL INFO GPU Direct RDMA Enabled for GPU/0-995328 (rank 15) - NET/0-13 (distance 4 <= 6, read 0, mode Default)
gpu-nodes-2:1001:1001 [2] NCCL INFO GPU Direct RDMA Enabled for GPU/0-12288 (rank 8) - NET/0-0 (distance 4 <= 6, read 0, mode Default)
gpu-nodes-2:1001:1001 [2] NCCL INFO GPU Direct RDMA Enabled for GPU/0-77824 (rank 9) - NET/0-0 ( using PXN via GPU/0-12288, distance 4 <= 6, read 0, mode Default)
gpu-nodes-2:1001:1001 [2] NCCL INFO GPU Direct RDMA Enabled for GPU/0-405504 (rank 10) - NET/0-0 ( using PXN via GPU/0-12288, distance 4 <= 6, read 0, mode Default)
gpu-nodes-2:1001:1001 [2] NCCL INFO GPU Direct RDMA Enabled for GPU/0-471040 (rank 11) - NET/0-0 ( using PXN via GPU/0-12288, distance 4 <= 6, read 0, mode Default)
gpu-nodes-2:1001:1001 [2] NCCL INFO GPU Direct RDMA Enabled for GPU/0-536576 (rank 12) - NET/0-0 ( using PXN via GPU/0-12288, distance 4 <= 6, read 0, mode Default)
gpu-nodes-2:1001:1001 [2] NCCL INFO GPU Direct RDMA Enabled for GPU/0-602112 (rank 13) - NET/0-0 ( using PXN via GPU/0-12288, distance 4 <= 6, read 0, mode Default)
gpu-nodes-2:1001:1001 [2] NCCL INFO GPU Direct RDMA Enabled for GPU/0-929792 (rank 14) - NET/0-0 ( using PXN via GPU/0-12288, distance 4 <= 6, read 0, mode Default)
gpu-nodes-2:1001:1001 [2] NCCL INFO GPU Direct RDMA Enabled for GPU/0-995328 (rank 15) - NET/0-0 ( using PXN via GPU/0-12288, distance 4 <= 6, read 0, mode Default)
gpu-nodes-2:1001:1001 [2] NCCL INFO GPU Direct RDMA Enabled for GPU/0-12288 (rank 8) - NET/0-1 ( using PXN via GPU/0-77824, distance 4 <= 6, read 0, mode Default)
gpu-nodes-2:1001:1001 [2] NCCL INFO GPU Direct RDMA Enabled for GPU/0-77824 (rank 9) - NET/0-1 (distance 4 <= 6, read 0, mode Default)
gpu-nodes-2:1001:1001 [2] NCCL INFO GPU Direct RDMA Enabled for GPU/0-405504 (rank 10) - NET/0-1 ( using PXN via GPU/0-77824, distance 4 <= 6, read 0, mode Default)
gpu-nodes-2:1001:1001 [2] NCCL INFO GPU Direct RDMA Enabled for GPU/0-471040 (rank 11) - NET/0-1 ( using PXN via GPU/0-77824, distance 4 <= 6, read 0, mode Default)
gpu-nodes-2:1001:1001 [2] NCCL INFO GPU Direct RDMA Enabled for GPU/0-536576 (rank 12) - NET/0-1 ( using PXN via GPU/0-77824, distance 4 <= 6, read 0, mode Default)
gpu-nodes-2:1001:1001 [2] NCCL INFO GPU Direct RDMA Enabled for GPU/0-602112 (rank 13) - NET/0-1 ( using PXN via GPU/0-77824, distance 4 <= 6, read 0, mode Default)
gpu-nodes-2:1001:1001 [2] NCCL INFO GPU Direct RDMA Enabled for GPU/0-929792 (rank 14) - NET/0-1 ( using PXN via GPU/0-77824, distance 4 <= 6, read 0, mode Default)
gpu-nodes-2:1001:1001 [2] NCCL INFO GPU Direct RDMA Enabled for GPU/0-995328 (rank 15) - NET/0-1 ( using PXN via GPU/0-77824, distance 4 <= 6, read 0, mode Default)
gpu-nodes-2:1001:1001 [2] NCCL INFO GPU Direct RDMA Enabled for GPU/0-12288 (rank 8) - NET/0-2 ( using PXN via GPU/0-405504, distance 4 <= 6, read 0, mode Default)
gpu-nodes-2:1001:1001 [2] NCCL INFO GPU Direct RDMA Enabled for GPU/0-77824 (rank 9) - NET/0-2 ( using PXN via GPU/0-405504, distance 4 <= 6, read 0, mode Default)
gpu-nodes-2:1001:1001 [2] NCCL INFO GPU Direct RDMA Enabled for GPU/0-405504 (rank 10) - NET/0-2 (distance 4 <= 6, read 0, mode Default)
gpu-nodes-2:1001:1001 [2] NCCL INFO GPU Direct RDMA Enabled for GPU/0-471040 (rank 11) - NET/0-2 ( using PXN via GPU/0-405504, distance 4 <= 6, read 0, mode Default)
gpu-nodes-2:1001:1001 [2] NCCL INFO GPU Direct RDMA Enabled for GPU/0-536576 (rank 12) - NET/0-2 ( using PXN via GPU/0-405504, distance 4 <= 6, read 0, mode Default)
gpu-nodes-2:1001:1001 [2] NCCL INFO GPU Direct RDMA Enabled for GPU/0-602112 (rank 13) - NET/0-2 ( using PXN via GPU/0-405504, distance 4 <= 6, read 0, mode Default)
gpu-nodes-2:1001:1001 [2] NCCL INFO GPU Direct RDMA Enabled for GPU/0-929792 (rank 14) - NET/0-2 ( using PXN via GPU/0-405504, distance 4 <= 6, read 0, mode Default)
gpu-nodes-2:1001:1001 [2] NCCL INFO GPU Direct RDMA Enabled for GPU/0-995328 (rank 15) - NET/0-2 ( using PXN via GPU/0-405504, distance 4 <= 6, read 0, mode Default)
gpu-nodes-2:1001:1001 [2] NCCL INFO GPU Direct RDMA Enabled for GPU/0-12288 (rank 8) - NET/0-3 ( using PXN via GPU/0-471040, distance 4 <= 6, read 0, mode Default)
gpu-nodes-2:1001:1001 [2] NCCL INFO GPU Direct RDMA Enabled for GPU/0-77824 (rank 9) - NET/0-3 ( using PXN via GPU/0-471040, distance 4 <= 6, read 0, mode Default)
gpu-nodes-2:1001:1001 [2] NCCL INFO GPU Direct RDMA Enabled for GPU/0-405504 (rank 10) - NET/0-3 ( using PXN via GPU/0-471040, distance 4 <= 6, read 0, mode Default)
gpu-nodes-2:1001:1001 [2] NCCL INFO GPU Direct RDMA Enabled for GPU/0-471040 (rank 11) - NET/0-3 (distance 4 <= 6, read 0, mode Default)
gpu-nodes-2:1001:1001 [2] NCCL INFO GPU Direct RDMA Enabled for GPU/0-536576 (rank 12) - NET/0-3 ( using PXN via GPU/0-471040, distance 4 <= 6, read 0, mode Default)
gpu-nodes-2:1001:1001 [2] NCCL INFO GPU Direct RDMA Enabled for GPU/0-602112 (rank 13) - NET/0-3 ( using PXN via GPU/0-471040, distance 4 <= 6, read 0, mode Default)
gpu-nodes-2:1001:1001 [2] NCCL INFO GPU Direct RDMA Enabled for GPU/0-929792 (rank 14) - NET/0-3 ( using PXN via GPU/0-471040, distance 4 <= 6, read 0, mode Default)
gpu-nodes-2:1001:1001 [2] NCCL INFO GPU Direct RDMA Enabled for GPU/0-995328 (rank 15) - NET/0-3 ( using PXN via GPU/0-471040, distance 4 <= 6, read 0, mode Default)
gpu-nodes-2:1001:1001 [2] NCCL INFO GPU Direct RDMA Enabled for GPU/0-12288 (rank 8) - NET/0-4 ( using PXN via GPU/0-536576, distance 4 <= 6, read 0, mode Default)
gpu-nodes-2:1001:1001 [2] NCCL INFO GPU Direct RDMA Enabled for GPU/0-77824 (rank 9) - NET/0-4 ( using PXN via GPU/0-536576, distance 4 <= 6, read 0, mode Default)
gpu-nodes-2:1001:1001 [2] NCCL INFO GPU Direct RDMA Enabled for GPU/0-405504 (rank 10) - NET/0-4 ( using PXN via GPU/0-536576, distance 4 <= 6, read 0, mode Default)
gpu-nodes-2:1001:1001 [2] NCCL INFO GPU Direct RDMA Enabled for GPU/0-471040 (rank 11) - NET/0-4 ( using PXN via GPU/0-536576, distance 4 <= 6, read 0, mode Default)
gpu-nodes-2:1001:1001 [2] NCCL INFO GPU Direct RDMA Enabled for GPU/0-536576 (rank 12) - NET/0-4 (distance 4 <= 6, read 0, mode Default)
gpu-nodes-2:1001:1001 [2] NCCL INFO GPU Direct RDMA Enabled for GPU/0-602112 (rank 13) - NET/0-4 ( using PXN via GPU/0-536576, distance 4 <= 6, read 0, mode Default)
gpu-nodes-2:1001:1001 [2] NCCL INFO GPU Direct RDMA Enabled for GPU/0-929792 (rank 14) - NET/0-4 ( using PXN via GPU/0-536576, distance 4 <= 6, read 0, mode Default)
gpu-nodes-2:1001:1001 [2] NCCL INFO GPU Direct RDMA Enabled for GPU/0-995328 (rank 15) - NET/0-4 ( using PXN via GPU/0-536576, distance 4 <= 6, read 0, mode Default)
gpu-nodes-2:1001:1001 [2] NCCL INFO GPU Direct RDMA Enabled for GPU/0-12288 (rank 8) - NET/0-5 ( using PXN via GPU/0-602112, distance 4 <= 6, read 0, mode Default)
gpu-nodes-2:1001:1001 [2] NCCL INFO GPU Direct RDMA Enabled for GPU/0-77824 (rank 9) - NET/0-5 ( using PXN via GPU/0-602112, distance 4 <= 6, read 0, mode Default)
gpu-nodes-2:1001:1001 [2] NCCL INFO GPU Direct RDMA Enabled for GPU/0-405504 (rank 10) - NET/0-5 ( using PXN via GPU/0-602112, distance 4 <= 6, read 0, mode Default)
gpu-nodes-2:1001:1001 [2] NCCL INFO GPU Direct RDMA Enabled for GPU/0-471040 (rank 11) - NET/0-5 ( using PXN via GPU/0-602112, distance 4 <= 6, read 0, mode Default)
gpu-nodes-2:1001:1001 [2] NCCL INFO GPU Direct RDMA Enabled for GPU/0-536576 (rank 12) - NET/0-5 ( using PXN via GPU/0-602112, distance 4 <= 6, read 0, mode Default)
gpu-nodes-2:1001:1001 [2] NCCL INFO GPU Direct RDMA Enabled for GPU/0-602112 (rank 13) - NET/0-5 (distance 4 <= 6, read 0, mode Default)
gpu-nodes-2:1001:1001 [2] NCCL INFO GPU Direct RDMA Enabled for GPU/0-929792 (rank 14) - NET/0-5 ( using PXN via GPU/0-602112, distance 4 <= 6, read 0, mode Default)
gpu-nodes-2:1001:1001 [2] NCCL INFO GPU Direct RDMA Enabled for GPU/0-995328 (rank 15) - NET/0-5 ( using PXN via GPU/0-602112, distance 4 <= 6, read 0, mode Default)
gpu-nodes-2:1001:1001 [2] NCCL INFO GPU Direct RDMA Enabled for GPU/0-12288 (rank 8) - NET/0-12 ( using PXN via GPU/0-929792, distance 4 <= 6, read 0, mode Default)
gpu-nodes-2:1001:1001 [2] NCCL INFO GPU Direct RDMA Enabled for GPU/0-77824 (rank 9) - NET/0-12 ( using PXN via GPU/0-929792, distance 4 <= 6, read 0, mode Default)
gpu-nodes-2:1001:1001 [2] NCCL INFO GPU Direct RDMA Enabled for GPU/0-405504 (rank 10) - NET/0-12 ( using PXN via GPU/0-929792, distance 4 <= 6, read 0, mode Default)
gpu-nodes-2:1001:1001 [2] NCCL INFO GPU Direct RDMA Enabled for GPU/0-471040 (rank 11) - NET/0-12 ( using PXN via GPU/0-929792, distance 4 <= 6, read 0, mode Default)
gpu-nodes-2:1001:1001 [2] NCCL INFO GPU Direct RDMA Enabled for GPU/0-536576 (rank 12) - NET/0-12 ( using PXN via GPU/0-929792, distance 4 <= 6, read 0, mode Default)
gpu-nodes-2:1001:1001 [2] NCCL INFO GPU Direct RDMA Enabled for GPU/0-602112 (rank 13) - NET/0-12 ( using PXN via GPU/0-929792, distance 4 <= 6, read 0, mode Default)
gpu-nodes-2:1001:1001 [2] NCCL INFO GPU Direct RDMA Enabled for GPU/0-929792 (rank 14) - NET/0-12 (distance 4 <= 6, read 0, mode Default)
gpu-nodes-2:1001:1001 [2] NCCL INFO GPU Direct RDMA Enabled for GPU/0-995328 (rank 15) - NET/0-12 ( using PXN via GPU/0-929792, distance 4 <= 6, read 0, mode Default)
gpu-nodes-2:1001:1001 [2] NCCL INFO GPU Direct RDMA Enabled for GPU/0-12288 (rank 8) - NET/0-13 ( using PXN via GPU/0-995328, distance 4 <= 6, read 0, mode Default)
gpu-nodes-2:1001:1001 [2] NCCL INFO GPU Direct RDMA Enabled for GPU/0-77824 (rank 9) - NET/0-13 ( using PXN via GPU/0-995328, distance 4 <= 6, read 0, mode Default)
gpu-nodes-2:1001:1001 [2] NCCL INFO GPU Direct RDMA Enabled for GPU/0-405504 (rank 10) - NET/0-13 ( using PXN via GPU/0-995328, distance 4 <= 6, read 0, mode Default)
gpu-nodes-2:1001:1001 [2] NCCL INFO GPU Direct RDMA Enabled for GPU/0-471040 (rank 11) - NET/0-13 ( using PXN via GPU/0-995328, distance 4 <= 6, read 0, mode Default)
gpu-nodes-2:1001:1001 [2] NCCL INFO GPU Direct RDMA Enabled for GPU/0-536576 (rank 12) - NET/0-13 ( using PXN via GPU/0-995328, distance 4 <= 6, read 0, mode Default)
gpu-nodes-2:1001:1001 [2] NCCL INFO GPU Direct RDMA Enabled for GPU/0-602112 (rank 13) - NET/0-13 ( using PXN via GPU/0-995328, distance 4 <= 6, read 0, mode Default)
gpu-nodes-2:1001:1001 [2] NCCL INFO GPU Direct RDMA Enabled for GPU/0-929792 (rank 14) - NET/0-13 ( using PXN via GPU/0-995328, distance 4 <= 6, read 0, mode Default)
gpu-nodes-2:1001:1001 [2] NCCL INFO GPU Direct RDMA Enabled for GPU/0-995328 (rank 15) - NET/0-13 (distance 4 <= 6, read 0, mode Default)
gpu-nodes-2:1001:1001 [2] NCCL INFO === System : maxBw 48.0 totalBw 721.8 ===
gpu-nodes-2:1001:1001 [2] NCCL INFO CPU/0-0 (1/2/-1)
gpu-nodes-2:1001:1001 [2] NCCL INFO + PCI[48.0] - PCI/0-1000 (1000c03015d91d72)
gpu-nodes-2:1001:1001 [2] NCCL INFO               + PCI[48.0] - GPU/0-3000 (8)
gpu-nodes-2:1001:1001 [2] NCCL INFO                             + NVL[721.8] - NVS/0-0
gpu-nodes-2:1001:1001 [2] NCCL INFO               + PCI[48.0] - NIC/0-4000
gpu-nodes-2:1001:1001 [2] NCCL INFO                             + NET[50.0] - NET/0-0 (0/bc3dca0003e60050/1/50.000000)
gpu-nodes-2:1001:1001 [2] NCCL INFO                             + NET[50.0] - GIN/0-0
gpu-nodes-2:1001:1001 [2] NCCL INFO + PCI[48.0] - PCI/0-11000 (1000c03015d91d72)
gpu-nodes-2:1001:1001 [2] NCCL INFO               + PCI[48.0] - NIC/0-14000
gpu-nodes-2:1001:1001 [2] NCCL INFO                             + NET[50.0] - NET/0-1 (0/2c3eca0003e60050/1/50.000000)
gpu-nodes-2:1001:1001 [2] NCCL INFO                             + NET[50.0] - GIN/0-1
gpu-nodes-2:1001:1001 [2] NCCL INFO               + PCI[48.0] - GPU/0-13000 (9)
gpu-nodes-2:1001:1001 [2] NCCL INFO                             + NVL[721.8] - NVS/0-0
gpu-nodes-2:1001:1001 [2] NCCL INFO + PCI[48.0] - PCI/0-61000 (1000c03015d91d72)
gpu-nodes-2:1001:1001 [2] NCCL INFO               + PCI[48.0] - NIC/0-64000
gpu-nodes-2:1001:1001 [2] NCCL INFO                             + NET[50.0] - NET/0-2 (0/1c3eca0003e60050/1/50.000000)
gpu-nodes-2:1001:1001 [2] NCCL INFO                             + NET[50.0] - GIN/0-2
gpu-nodes-2:1001:1001 [2] NCCL INFO               + PCI[48.0] - GPU/0-63000 (10)
gpu-nodes-2:1001:1001 [2] NCCL INFO                             + NVL[721.8] - NVS/0-0
gpu-nodes-2:1001:1001 [2] NCCL INFO + PCI[48.0] - PCI/0-71000 (1000c03015d91d72)
gpu-nodes-2:1001:1001 [2] NCCL INFO               + PCI[48.0] - NIC/0-74000
gpu-nodes-2:1001:1001 [2] NCCL INFO                             + NET[50.0] - NET/0-3 (0/dc3dca0003e60050/1/50.000000)
gpu-nodes-2:1001:1001 [2] NCCL INFO                             + NET[50.0] - GIN/0-3
gpu-nodes-2:1001:1001 [2] NCCL INFO               + PCI[48.0] - GPU/0-73000 (11)
gpu-nodes-2:1001:1001 [2] NCCL INFO                             + NVL[721.8] - NVS/0-0
gpu-nodes-2:1001:1001 [2] NCCL INFO + SYS[16.0] - CPU/0-1
gpu-nodes-2:1001:1001 [2] NCCL INFO CPU/0-1 (1/2/-1)
gpu-nodes-2:1001:1001 [2] NCCL INFO + PCI[48.0] - PCI/0-81000 (1000c03015d91d72)
gpu-nodes-2:1001:1001 [2] NCCL INFO               + PCI[48.0] - NIC/0-84000
gpu-nodes-2:1001:1001 [2] NCCL INFO                             + NET[50.0] - NET/0-4 (0/1c9fca0003e60050/1/50.000000)
gpu-nodes-2:1001:1001 [2] NCCL INFO                             + NET[50.0] - GIN/0-4
gpu-nodes-2:1001:1001 [2] NCCL INFO               + PCI[48.0] - GPU/0-83000 (12)
gpu-nodes-2:1001:1001 [2] NCCL INFO                             + NVL[721.8] - NVS/0-0
gpu-nodes-2:1001:1001 [2] NCCL INFO + PCI[48.0] - PCI/0-91000 (1000c03015d91d72)
gpu-nodes-2:1001:1001 [2] NCCL INFO               + PCI[48.0] - NIC/0-94000
gpu-nodes-2:1001:1001 [2] NCCL INFO                             + NET[50.0] - NET/0-5 (0/ac9eca0003e60050/1/50.000000)
gpu-nodes-2:1001:1001 [2] NCCL INFO                             + NET[50.0] - GIN/0-5
gpu-nodes-2:1001:1001 [2] NCCL INFO               + PCI[48.0] - GPU/0-93000 (13)
gpu-nodes-2:1001:1001 [2] NCCL INFO                             + NVL[721.8] - NVS/0-0
gpu-nodes-2:1001:1001 [2] NCCL INFO + PCI[48.0] - NIC/0-c1000
gpu-nodes-2:1001:1001 [2] NCCL INFO               + NET[50.0] - NET/0-e (0/43cb90003bd70c4/1/50.000000)
gpu-nodes-2:1001:1001 [2] NCCL INFO + PCI[48.0] - PCI/0-e1000 (1000c03015d91d72)
gpu-nodes-2:1001:1001 [2] NCCL INFO               + PCI[48.0] - NIC/0-e4000
gpu-nodes-2:1001:1001 [2] NCCL INFO                             + NET[50.0] - NET/0-c (0/149bca0003e60050/1/50.000000)
gpu-nodes-2:1001:1001 [2] NCCL INFO                             + NET[50.0] - GIN/0-c
gpu-nodes-2:1001:1001 [2] NCCL INFO               + PCI[48.0] - GPU/0-e3000 (14)
gpu-nodes-2:1001:1001 [2] NCCL INFO                             + NVL[721.8] - NVS/0-0
gpu-nodes-2:1001:1001 [2] NCCL INFO + PCI[48.0] - PCI/0-f1000 (1000c03015d91d72)
gpu-nodes-2:1001:1001 [2] NCCL INFO               + PCI[48.0] - NIC/0-f4000
gpu-nodes-2:1001:1001 [2] NCCL INFO                             + NET[50.0] - NET/0-d (0/fc9aca0003e60050/1/50.000000)
gpu-nodes-2:1001:1001 [2] NCCL INFO                             + NET[50.0] - GIN/0-d
gpu-nodes-2:1001:1001 [2] NCCL INFO               + PCI[48.0] - GPU/0-f3000 (15)
gpu-nodes-2:1001:1001 [2] NCCL INFO                             + NVL[721.8] - NVS/0-0
gpu-nodes-2:1001:1001 [2] NCCL INFO + SYS[16.0] - CPU/0-0
gpu-nodes-2:1001:1001 [2] NCCL INFO + PCI[1.5] - NIC/0-d2000
gpu-nodes-2:1001:1001 [2] NCCL INFO              + NET[50.0] - NET/0-f (0/62541b0003098c7c/1/50.000000)
gpu-nodes-2:1001:1001 [2] NCCL INFO ==========================================
gpu-nodes-2:1001:1001 [2] NCCL INFO GPU/0-3000 :GPU/0-3000 (0/5000.0/LOC) GPU/0-13000 (2/721.8/NVL) GPU/0-63000 (2/721.8/NVL) GPU/0-73000 (2/721.8/NVL) GPU/0-83000 (2/721.8/NVL) GPU/0-93000 (2/721.8/NVL) GPU/0-e3000 (2/721.8/NVL) GPU/0-f3000 (2/721.8/NVL) NVS/0-0 (1/721.8/NVL) CPU/0-0 (2/48.0/PHB) CPU/0-1 (3/16.0/SYS) NET/0-0 (3/48.0/PIX) NET/0-1 (5/48.0/PXN) NET/0-2 (5/48.0/PXN) NET/0-3 (5/48.0/PXN) NET/0-4 (5/48.0/PXN) NET/0-5 (5/48.0/PXN) NET/0-e (5/16.0/SYS) NET/0-f (5/1.5/SYS) NET/0-c (5/48.0/PXN) NET/0-d (5/48.0/PXN) GIN/0-0 (3/48.0/PIX) GIN/0-1 (5/48.0/PHB) GIN/0-2 (5/48.0/PHB) GIN/0-3 (5/48.0/PHB) GIN/0-4 (6/16.0/SYS) GIN/0-5 (6/16.0/SYS) GIN/0-c (6/16.0/SYS) GIN/0-d (6/16.0/SYS) 
gpu-nodes-2:1001:1001 [2] NCCL INFO GPU/0-13000 :GPU/0-3000 (2/721.8/NVL) GPU/0-13000 (0/5000.0/LOC) GPU/0-63000 (2/721.8/NVL) GPU/0-73000 (2/721.8/NVL) GPU/0-83000 (2/721.8/NVL) GPU/0-93000 (2/721.8/NVL) GPU/0-e3000 (2/721.8/NVL) GPU/0-f3000 (2/721.8/NVL) NVS/0-0 (1/721.8/NVL) CPU/0-0 (2/48.0/PHB) CPU/0-1 (3/16.0/SYS) NET/0-0 (5/48.0/PXN) NET/0-1 (3/48.0/PIX) NET/0-2 (5/48.0/PXN) NET/0-3 (5/48.0/PXN) NET/0-4 (5/48.0/PXN) NET/0-5 (5/48.0/PXN) NET/0-e (5/16.0/SYS) NET/0-f (5/1.5/SYS) NET/0-c (5/48.0/PXN) NET/0-d (5/48.0/PXN) GIN/0-0 (5/48.0/PHB) GIN/0-1 (3/48.0/PIX) GIN/0-2 (5/48.0/PHB) GIN/0-3 (5/48.0/PHB) GIN/0-4 (6/16.0/SYS) GIN/0-5 (6/16.0/SYS) GIN/0-c (6/16.0/SYS) GIN/0-d (6/16.0/SYS) 
gpu-nodes-2:1001:1001 [2] NCCL INFO GPU/0-63000 :GPU/0-3000 (2/721.8/NVL) GPU/0-13000 (2/721.8/NVL) GPU/0-63000 (0/5000.0/LOC) GPU/0-73000 (2/721.8/NVL) GPU/0-83000 (2/721.8/NVL) GPU/0-93000 (2/721.8/NVL) GPU/0-e3000 (2/721.8/NVL) GPU/0-f3000 (2/721.8/NVL) NVS/0-0 (1/721.8/NVL) CPU/0-0 (2/48.0/PHB) CPU/0-1 (3/16.0/SYS) NET/0-0 (5/48.0/PXN) NET/0-1 (5/48.0/PXN) NET/0-2 (3/48.0/PIX) NET/0-3 (5/48.0/PXN) NET/0-4 (5/48.0/PXN) NET/0-5 (5/48.0/PXN) NET/0-e (5/16.0/SYS) NET/0-f (5/1.5/SYS) NET/0-c (5/48.0/PXN) NET/0-d (5/48.0/PXN) GIN/0-0 (5/48.0/PHB) GIN/0-1 (5/48.0/PHB) GIN/0-2 (3/48.0/PIX) GIN/0-3 (5/48.0/PHB) GIN/0-4 (6/16.0/SYS) GIN/0-5 (6/16.0/SYS) GIN/0-c (6/16.0/SYS) GIN/0-d (6/16.0/SYS) 
gpu-nodes-2:1001:1001 [2] NCCL INFO GPU/0-73000 :GPU/0-3000 (2/721.8/NVL) GPU/0-13000 (2/721.8/NVL) GPU/0-63000 (2/721.8/NVL) GPU/0-73000 (0/5000.0/LOC) GPU/0-83000 (2/721.8/NVL) GPU/0-93000 (2/721.8/NVL) GPU/0-e3000 (2/721.8/NVL) GPU/0-f3000 (2/721.8/NVL) NVS/0-0 (1/721.8/NVL) CPU/0-0 (2/48.0/PHB) CPU/0-1 (3/16.0/SYS) NET/0-0 (5/48.0/PXN) NET/0-1 (5/48.0/PXN) NET/0-2 (5/48.0/PXN) NET/0-3 (3/48.0/PIX) NET/0-4 (5/48.0/PXN) NET/0-5 (5/48.0/PXN) NET/0-e (5/16.0/SYS) NET/0-f (5/1.5/SYS) NET/0-c (5/48.0/PXN) NET/0-d (5/48.0/PXN) GIN/0-0 (5/48.0/PHB) GIN/0-1 (5/48.0/PHB) GIN/0-2 (5/48.0/PHB) GIN/0-3 (3/48.0/PIX) GIN/0-4 (6/16.0/SYS) GIN/0-5 (6/16.0/SYS) GIN/0-c (6/16.0/SYS) GIN/0-d (6/16.0/SYS) 
gpu-nodes-2:1001:1001 [2] NCCL INFO GPU/0-83000 :GPU/0-3000 (2/721.8/NVL) GPU/0-13000 (2/721.8/NVL) GPU/0-63000 (2/721.8/NVL) GPU/0-73000 (2/721.8/NVL) GPU/0-83000 (0/5000.0/LOC) GPU/0-93000 (2/721.8/NVL) GPU/0-e3000 (2/721.8/NVL) GPU/0-f3000 (2/721.8/NVL) NVS/0-0 (1/721.8/NVL) CPU/0-0 (3/16.0/SYS) CPU/0-1 (2/48.0/PHB) NET/0-0 (5/48.0/PXN) NET/0-1 (5/48.0/PXN) NET/0-2 (5/48.0/PXN) NET/0-3 (5/48.0/PXN) NET/0-4 (3/48.0/PIX) NET/0-5 (5/48.0/PXN) NET/0-e (4/48.0/PHB) NET/0-f (4/1.5/PHB) NET/0-c (5/48.0/PXN) NET/0-d (5/48.0/PXN) GIN/0-0 (6/16.0/SYS) GIN/0-1 (6/16.0/SYS) GIN/0-2 (6/16.0/SYS) GIN/0-3 (6/16.0/SYS) GIN/0-4 (3/48.0/PIX) GIN/0-5 (5/48.0/PHB) GIN/0-c (5/48.0/PHB) GIN/0-d (5/48.0/PHB) 
gpu-nodes-2:1001:1001 [2] NCCL INFO GPU/0-93000 :GPU/0-3000 (2/721.8/NVL) GPU/0-13000 (2/721.8/NVL) GPU/0-63000 (2/721.8/NVL) GPU/0-73000 (2/721.8/NVL) GPU/0-83000 (2/721.8/NVL) GPU/0-93000 (0/5000.0/LOC) GPU/0-e3000 (2/721.8/NVL) GPU/0-f3000 (2/721.8/NVL) NVS/0-0 (1/721.8/NVL) CPU/0-0 (3/16.0/SYS) CPU/0-1 (2/48.0/PHB) NET/0-0 (5/48.0/PXN) NET/0-1 (5/48.0/PXN) NET/0-2 (5/48.0/PXN) NET/0-3 (5/48.0/PXN) NET/0-4 (5/48.0/PXN) NET/0-5 (3/48.0/PIX) NET/0-e (4/48.0/PHB) NET/0-f (4/1.5/PHB) NET/0-c (5/48.0/PXN) NET/0-d (5/48.0/PXN) GIN/0-0 (6/16.0/SYS) GIN/0-1 (6/16.0/SYS) GIN/0-2 (6/16.0/SYS) GIN/0-3 (6/16.0/SYS) GIN/0-4 (5/48.0/PHB) GIN/0-5 (3/48.0/PIX) GIN/0-c (5/48.0/PHB) GIN/0-d (5/48.0/PHB) 
gpu-nodes-2:1001:1001 [2] NCCL INFO GPU/0-e3000 :GPU/0-3000 (2/721.8/NVL) GPU/0-13000 (2/721.8/NVL) GPU/0-63000 (2/721.8/NVL) GPU/0-73000 (2/721.8/NVL) GPU/0-83000 (2/721.8/NVL) GPU/0-93000 (2/721.8/NVL) GPU/0-e3000 (0/5000.0/LOC) GPU/0-f3000 (2/721.8/NVL) NVS/0-0 (1/721.8/NVL) CPU/0-0 (3/16.0/SYS) CPU/0-1 (2/48.0/PHB) NET/0-0 (5/48.0/PXN) NET/0-1 (5/48.0/PXN) NET/0-2 (5/48.0/PXN) NET/0-3 (5/48.0/PXN) NET/0-4 (5/48.0/PXN) NET/0-5 (5/48.0/PXN) NET/0-e (4/48.0/PHB) NET/0-f (4/1.5/PHB) NET/0-c (3/48.0/PIX) NET/0-d (5/48.0/PXN) GIN/0-0 (6/16.0/SYS) GIN/0-1 (6/16.0/SYS) GIN/0-2 (6/16.0/SYS) GIN/0-3 (6/16.0/SYS) GIN/0-4 (5/48.0/PHB) GIN/0-5 (5/48.0/PHB) GIN/0-c (3/48.0/PIX) GIN/0-d (5/48.0/PHB) 
gpu-nodes-2:1001:1001 [2] NCCL INFO GPU/0-f3000 :GPU/0-3000 (2/721.8/NVL) GPU/0-13000 (2/721.8/NVL) GPU/0-63000 (2/721.8/NVL) GPU/0-73000 (2/721.8/NVL) GPU/0-83000 (2/721.8/NVL) GPU/0-93000 (2/721.8/NVL) GPU/0-e3000 (2/721.8/NVL) GPU/0-f3000 (0/5000.0/LOC) NVS/0-0 (1/721.8/NVL) CPU/0-0 (3/16.0/SYS) CPU/0-1 (2/48.0/PHB) NET/0-0 (5/48.0/PXN) NET/0-1 (5/48.0/PXN) NET/0-2 (5/48.0/PXN) NET/0-3 (5/48.0/PXN) NET/0-4 (5/48.0/PXN) NET/0-5 (5/48.0/PXN) NET/0-e (4/48.0/PHB) NET/0-f (4/1.5/PHB) NET/0-c (5/48.0/PXN) NET/0-d (3/48.0/PIX) GIN/0-0 (6/16.0/SYS) GIN/0-1 (6/16.0/SYS) GIN/0-2 (6/16.0/SYS) GIN/0-3 (6/16.0/SYS) GIN/0-4 (5/48.0/PHB) GIN/0-5 (5/48.0/PHB) GIN/0-c (5/48.0/PHB) GIN/0-d (3/48.0/PIX) 
gpu-nodes-2:1001:1001 [2] NCCL INFO NET/0-0 :GPU/0-3000 (3/48.0/PIX) GPU/0-13000 (5/48.0/PHB) GPU/0-63000 (5/48.0/PHB) GPU/0-73000 (5/48.0/PHB) GPU/0-83000 (6/16.0/SYS) GPU/0-93000 (6/16.0/SYS) GPU/0-e3000 (6/16.0/SYS) GPU/0-f3000 (6/16.0/SYS) CPU/0-0 (3/48.0/PHB) CPU/0-1 (4/16.0/SYS) NET/0-0 (0/5000.0/LOC) NET/0-1 (6/48.0/PHB) NET/0-2 (6/48.0/PHB) NET/0-3 (6/48.0/PHB) NET/0-4 (7/16.0/SYS) NET/0-5 (7/16.0/SYS) NET/0-e (6/16.0/SYS) NET/0-f (6/1.5/SYS) NET/0-c (7/16.0/SYS) NET/0-d (7/16.0/SYS) GIN/0-0 (2/50.0/LOC) GIN/0-1 (6/48.0/PHB) GIN/0-2 (6/48.0/PHB) GIN/0-3 (6/48.0/PHB) GIN/0-4 (7/16.0/SYS) GIN/0-5 (7/16.0/SYS) GIN/0-c (7/16.0/SYS) GIN/0-d (7/16.0/SYS) 
gpu-nodes-2:1001:1001 [2] NCCL INFO NET/0-1 :GPU/0-3000 (5/48.0/PHB) GPU/0-13000 (3/48.0/PIX) GPU/0-63000 (5/48.0/PHB) GPU/0-73000 (5/48.0/PHB) GPU/0-83000 (6/16.0/SYS) GPU/0-93000 (6/16.0/SYS) GPU/0-e3000 (6/16.0/SYS) GPU/0-f3000 (6/16.0/SYS) CPU/0-0 (3/48.0/PHB) CPU/0-1 (4/16.0/SYS) NET/0-0 (6/48.0/PHB) NET/0-1 (0/5000.0/LOC) NET/0-2 (6/48.0/PHB) NET/0-3 (6/48.0/PHB) NET/0-4 (7/16.0/SYS) NET/0-5 (7/16.0/SYS) NET/0-e (6/16.0/SYS) NET/0-f (6/1.5/SYS) NET/0-c (7/16.0/SYS) NET/0-d (7/16.0/SYS) GIN/0-0 (6/48.0/PHB) GIN/0-1 (2/50.0/LOC) GIN/0-2 (6/48.0/PHB) GIN/0-3 (6/48.0/PHB) GIN/0-4 (7/16.0/SYS) GIN/0-5 (7/16.0/SYS) GIN/0-c (7/16.0/SYS) GIN/0-d (7/16.0/SYS) 
gpu-nodes-2:1001:1001 [2] NCCL INFO NET/0-2 :GPU/0-3000 (5/48.0/PHB) GPU/0-13000 (5/48.0/PHB) GPU/0-63000 (3/48.0/PIX) GPU/0-73000 (5/48.0/PHB) GPU/0-83000 (6/16.0/SYS) GPU/0-93000 (6/16.0/SYS) GPU/0-e3000 (6/16.0/SYS) GPU/0-f3000 (6/16.0/SYS) CPU/0-0 (3/48.0/PHB) CPU/0-1 (4/16.0/SYS) NET/0-0 (6/48.0/PHB) NET/0-1 (6/48.0/PHB) NET/0-2 (0/5000.0/LOC) NET/0-3 (6/48.0/PHB) NET/0-4 (7/16.0/SYS) NET/0-5 (7/16.0/SYS) NET/0-e (6/16.0/SYS) NET/0-f (6/1.5/SYS) NET/0-c (7/16.0/SYS) NET/0-d (7/16.0/SYS) GIN/0-0 (6/48.0/PHB) GIN/0-1 (6/48.0/PHB) GIN/0-2 (2/50.0/LOC) GIN/0-3 (6/48.0/PHB) GIN/0-4 (7/16.0/SYS) GIN/0-5 (7/16.0/SYS) GIN/0-c (7/16.0/SYS) GIN/0-d (7/16.0/SYS) 
gpu-nodes-2:1001:1001 [2] NCCL INFO NET/0-3 :GPU/0-3000 (5/48.0/PHB) GPU/0-13000 (5/48.0/PHB) GPU/0-63000 (5/48.0/PHB) GPU/0-73000 (3/48.0/PIX) GPU/0-83000 (6/16.0/SYS) GPU/0-93000 (6/16.0/SYS) GPU/0-e3000 (6/16.0/SYS) GPU/0-f3000 (6/16.0/SYS) CPU/0-0 (3/48.0/PHB) CPU/0-1 (4/16.0/SYS) NET/0-0 (6/48.0/PHB) NET/0-1 (6/48.0/PHB) NET/0-2 (6/48.0/PHB) NET/0-3 (0/5000.0/LOC) NET/0-4 (7/16.0/SYS) NET/0-5 (7/16.0/SYS) NET/0-e (6/16.0/SYS) NET/0-f (6/1.5/SYS) NET/0-c (7/16.0/SYS) NET/0-d (7/16.0/SYS) GIN/0-0 (6/48.0/PHB) GIN/0-1 (6/48.0/PHB) GIN/0-2 (6/48.0/PHB) GIN/0-3 (2/50.0/LOC) GIN/0-4 (7/16.0/SYS) GIN/0-5 (7/16.0/SYS) GIN/0-c (7/16.0/SYS) GIN/0-d (7/16.0/SYS) 
gpu-nodes-2:1001:1001 [2] NCCL INFO NET/0-4 :GPU/0-3000 (6/16.0/SYS) GPU/0-13000 (6/16.0/SYS) GPU/0-63000 (6/16.0/SYS) GPU/0-73000 (6/16.0/SYS) GPU/0-83000 (3/48.0/PIX) GPU/0-93000 (5/48.0/PHB) GPU/0-e3000 (5/48.0/PHB) GPU/0-f3000 (5/48.0/PHB) CPU/0-0 (4/16.0/SYS) CPU/0-1 (3/48.0/PHB) NET/0-0 (7/16.0/SYS) NET/0-1 (7/16.0/SYS) NET/0-2 (7/16.0/SYS) NET/0-3 (7/16.0/SYS) NET/0-4 (0/5000.0/LOC) NET/0-5 (6/48.0/PHB) NET/0-e (5/48.0/PHB) NET/0-f (5/1.5/PHB) NET/0-c (6/48.0/PHB) NET/0-d (6/48.0/PHB) GIN/0-0 (7/16.0/SYS) GIN/0-1 (7/16.0/SYS) GIN/0-2 (7/16.0/SYS) GIN/0-3 (7/16.0/SYS) GIN/0-4 (2/50.0/LOC) GIN/0-5 (6/48.0/PHB) GIN/0-c (6/48.0/PHB) GIN/0-d (6/48.0/PHB) 
gpu-nodes-2:1001:1001 [2] NCCL INFO NET/0-5 :GPU/0-3000 (6/16.0/SYS) GPU/0-13000 (6/16.0/SYS) GPU/0-63000 (6/16.0/SYS) GPU/0-73000 (6/16.0/SYS) GPU/0-83000 (5/48.0/PHB) GPU/0-93000 (3/48.0/PIX) GPU/0-e3000 (5/48.0/PHB) GPU/0-f3000 (5/48.0/PHB) CPU/0-0 (4/16.0/SYS) CPU/0-1 (3/48.0/PHB) NET/0-0 (7/16.0/SYS) NET/0-1 (7/16.0/SYS) NET/0-2 (7/16.0/SYS) NET/0-3 (7/16.0/SYS) NET/0-4 (6/48.0/PHB) NET/0-5 (0/5000.0/LOC) NET/0-e (5/48.0/PHB) NET/0-f (5/1.5/PHB) NET/0-c (6/48.0/PHB) NET/0-d (6/48.0/PHB) GIN/0-0 (7/16.0/SYS) GIN/0-1 (7/16.0/SYS) GIN/0-2 (7/16.0/SYS) GIN/0-3 (7/16.0/SYS) GIN/0-4 (6/48.0/PHB) GIN/0-5 (2/50.0/LOC) GIN/0-c (6/48.0/PHB) GIN/0-d (6/48.0/PHB) 
gpu-nodes-2:1001:1001 [2] NCCL INFO NET/0-e :GPU/0-3000 (5/16.0/SYS) GPU/0-13000 (5/16.0/SYS) GPU/0-63000 (5/16.0/SYS) GPU/0-73000 (5/16.0/SYS) GPU/0-83000 (4/48.0/PHB) GPU/0-93000 (4/48.0/PHB) GPU/0-e3000 (4/48.0/PHB) GPU/0-f3000 (4/48.0/PHB) CPU/0-0 (3/16.0/SYS) CPU/0-1 (2/48.0/PHB) NET/0-0 (6/16.0/SYS) NET/0-1 (6/16.0/SYS) NET/0-2 (6/16.0/SYS) NET/0-3 (6/16.0/SYS) NET/0-4 (5/48.0/PHB) NET/0-5 (5/48.0/PHB) NET/0-e (0/5000.0/LOC) NET/0-f (4/1.5/PHB) NET/0-c (5/48.0/PHB) NET/0-d (5/48.0/PHB) GIN/0-0 (6/16.0/SYS) GIN/0-1 (6/16.0/SYS) GIN/0-2 (6/16.0/SYS) GIN/0-3 (6/16.0/SYS) GIN/0-4 (5/48.0/PHB) GIN/0-5 (5/48.0/PHB) GIN/0-c (5/48.0/PHB) GIN/0-d (5/48.0/PHB) 
gpu-nodes-2:1001:1001 [2] NCCL INFO NET/0-f :GPU/0-3000 (5/1.5/SYS) GPU/0-13000 (5/1.5/SYS) GPU/0-63000 (5/1.5/SYS) GPU/0-73000 (5/1.5/SYS) GPU/0-83000 (4/1.5/PHB) GPU/0-93000 (4/1.5/PHB) GPU/0-e3000 (4/1.5/PHB) GPU/0-f3000 (4/1.5/PHB) CPU/0-0 (3/1.5/SYS) CPU/0-1 (2/1.5/PHB) NET/0-0 (6/1.5/SYS) NET/0-1 (6/1.5/SYS) NET/0-2 (6/1.5/SYS) NET/0-3 (6/1.5/SYS) NET/0-4 (5/1.5/PHB) NET/0-5 (5/1.5/PHB) NET/0-e (4/1.5/PHB) NET/0-f (0/5000.0/LOC) NET/0-c (5/1.5/PHB) NET/0-d (5/1.5/PHB) GIN/0-0 (6/1.5/SYS) GIN/0-1 (6/1.5/SYS) GIN/0-2 (6/1.5/SYS) GIN/0-3 (6/1.5/SYS) GIN/0-4 (5/1.5/PHB) GIN/0-5 (5/1.5/PHB) GIN/0-c (5/1.5/PHB) GIN/0-d (5/1.5/PHB) 
gpu-nodes-2:1001:1001 [2] NCCL INFO NET/0-c :GPU/0-3000 (6/16.0/SYS) GPU/0-13000 (6/16.0/SYS) GPU/0-63000 (6/16.0/SYS) GPU/0-73000 (6/16.0/SYS) GPU/0-83000 (5/48.0/PHB) GPU/0-93000 (5/48.0/PHB) GPU/0-e3000 (3/48.0/PIX) GPU/0-f3000 (5/48.0/PHB) CPU/0-0 (4/16.0/SYS) CPU/0-1 (3/48.0/PHB) NET/0-0 (7/16.0/SYS) NET/0-1 (7/16.0/SYS) NET/0-2 (7/16.0/SYS) NET/0-3 (7/16.0/SYS) NET/0-4 (6/48.0/PHB) NET/0-5 (6/48.0/PHB) NET/0-e (5/48.0/PHB) NET/0-f (5/1.5/PHB) NET/0-c (0/5000.0/LOC) NET/0-d (6/48.0/PHB) GIN/0-0 (7/16.0/SYS) GIN/0-1 (7/16.0/SYS) GIN/0-2 (7/16.0/SYS) GIN/0-3 (7/16.0/SYS) GIN/0-4 (6/48.0/PHB) GIN/0-5 (6/48.0/PHB) GIN/0-c (2/50.0/LOC) GIN/0-d (6/48.0/PHB) 
gpu-nodes-2:1001:1001 [2] NCCL INFO NET/0-d :GPU/0-3000 (6/16.0/SYS) GPU/0-13000 (6/16.0/SYS) GPU/0-63000 (6/16.0/SYS) GPU/0-73000 (6/16.0/SYS) GPU/0-83000 (5/48.0/PHB) GPU/0-93000 (5/48.0/PHB) GPU/0-e3000 (5/48.0/PHB) GPU/0-f3000 (3/48.0/PIX) CPU/0-0 (4/16.0/SYS) CPU/0-1 (3/48.0/PHB) NET/0-0 (7/16.0/SYS) NET/0-1 (7/16.0/SYS) NET/0-2 (7/16.0/SYS) NET/0-3 (7/16.0/SYS) NET/0-4 (6/48.0/PHB) NET/0-5 (6/48.0/PHB) NET/0-e (5/48.0/PHB) NET/0-f (5/1.5/PHB) NET/0-c (6/48.0/PHB) NET/0-d (0/5000.0/LOC) GIN/0-0 (7/16.0/SYS) GIN/0-1 (7/16.0/SYS) GIN/0-2 (7/16.0/SYS) GIN/0-3 (7/16.0/SYS) GIN/0-4 (6/48.0/PHB) GIN/0-5 (6/48.0/PHB) GIN/0-c (6/48.0/PHB) GIN/0-d (2/50.0/LOC) 
gpu-nodes-2:1001:1001 [2] NCCL INFO GIN/0-0 :GPU/0-3000 (3/48.0/PIX) GPU/0-13000 (5/48.0/PHB) GPU/0-63000 (5/48.0/PHB) GPU/0-73000 (5/48.0/PHB) GPU/0-83000 (6/16.0/SYS) GPU/0-93000 (6/16.0/SYS) GPU/0-e3000 (6/16.0/SYS) GPU/0-f3000 (6/16.0/SYS) CPU/0-0 (3/48.0/PHB) CPU/0-1 (4/16.0/SYS) NET/0-0 (2/50.0/LOC) NET/0-1 (6/48.0/PHB) NET/0-2 (6/48.0/PHB) NET/0-3 (6/48.0/PHB) NET/0-4 (7/16.0/SYS) NET/0-5 (7/16.0/SYS) NET/0-e (6/16.0/SYS) NET/0-f (6/1.5/SYS) NET/0-c (7/16.0/SYS) NET/0-d (7/16.0/SYS) GIN/0-0 (0/5000.0/LOC) GIN/0-1 (6/48.0/PHB) GIN/0-2 (6/48.0/PHB) GIN/0-3 (6/48.0/PHB) GIN/0-4 (7/16.0/SYS) GIN/0-5 (7/16.0/SYS) GIN/0-c (7/16.0/SYS) GIN/0-d (7/16.0/SYS) 
gpu-nodes-2:1001:1001 [2] NCCL INFO GIN/0-1 :GPU/0-3000 (5/48.0/PHB) GPU/0-13000 (3/48.0/PIX) GPU/0-63000 (5/48.0/PHB) GPU/0-73000 (5/48.0/PHB) GPU/0-83000 (6/16.0/SYS) GPU/0-93000 (6/16.0/SYS) GPU/0-e3000 (6/16.0/SYS) GPU/0-f3000 (6/16.0/SYS) CPU/0-0 (3/48.0/PHB) CPU/0-1 (4/16.0/SYS) NET/0-0 (6/48.0/PHB) NET/0-1 (2/50.0/LOC) NET/0-2 (6/48.0/PHB) NET/0-3 (6/48.0/PHB) NET/0-4 (7/16.0/SYS) NET/0-5 (7/16.0/SYS) NET/0-e (6/16.0/SYS) NET/0-f (6/1.5/SYS) NET/0-c (7/16.0/SYS) NET/0-d (7/16.0/SYS) GIN/0-0 (6/48.0/PHB) GIN/0-1 (0/5000.0/LOC) GIN/0-2 (6/48.0/PHB) GIN/0-3 (6/48.0/PHB) GIN/0-4 (7/16.0/SYS) GIN/0-5 (7/16.0/SYS) GIN/0-c (7/16.0/SYS) GIN/0-d (7/16.0/SYS) 
gpu-nodes-2:1001:1001 [2] NCCL INFO GIN/0-2 :GPU/0-3000 (5/48.0/PHB) GPU/0-13000 (5/48.0/PHB) GPU/0-63000 (3/48.0/PIX) GPU/0-73000 (5/48.0/PHB) GPU/0-83000 (6/16.0/SYS) GPU/0-93000 (6/16.0/SYS) GPU/0-e3000 (6/16.0/SYS) GPU/0-f3000 (6/16.0/SYS) CPU/0-0 (3/48.0/PHB) CPU/0-1 (4/16.0/SYS) NET/0-0 (6/48.0/PHB) NET/0-1 (6/48.0/PHB) NET/0-2 (2/50.0/LOC) NET/0-3 (6/48.0/PHB) NET/0-4 (7/16.0/SYS) NET/0-5 (7/16.0/SYS) NET/0-e (6/16.0/SYS) NET/0-f (6/1.5/SYS) NET/0-c (7/16.0/SYS) NET/0-d (7/16.0/SYS) GIN/0-0 (6/48.0/PHB) GIN/0-1 (6/48.0/PHB) GIN/0-2 (0/5000.0/LOC) GIN/0-3 (6/48.0/PHB) GIN/0-4 (7/16.0/SYS) GIN/0-5 (7/16.0/SYS) GIN/0-c (7/16.0/SYS) GIN/0-d (7/16.0/SYS) 
gpu-nodes-2:1001:1001 [2] NCCL INFO GIN/0-3 :GPU/0-3000 (5/48.0/PHB) GPU/0-13000 (5/48.0/PHB) GPU/0-63000 (5/48.0/PHB) GPU/0-73000 (3/48.0/PIX) GPU/0-83000 (6/16.0/SYS) GPU/0-93000 (6/16.0/SYS) GPU/0-e3000 (6/16.0/SYS) GPU/0-f3000 (6/16.0/SYS) CPU/0-0 (3/48.0/PHB) CPU/0-1 (4/16.0/SYS) NET/0-0 (6/48.0/PHB) NET/0-1 (6/48.0/PHB) NET/0-2 (6/48.0/PHB) NET/0-3 (2/50.0/LOC) NET/0-4 (7/16.0/SYS) NET/0-5 (7/16.0/SYS) NET/0-e (6/16.0/SYS) NET/0-f (6/1.5/SYS) NET/0-c (7/16.0/SYS) NET/0-d (7/16.0/SYS) GIN/0-0 (6/48.0/PHB) GIN/0-1 (6/48.0/PHB) GIN/0-2 (6/48.0/PHB) GIN/0-3 (0/5000.0/LOC) GIN/0-4 (7/16.0/SYS) GIN/0-5 (7/16.0/SYS) GIN/0-c (7/16.0/SYS) GIN/0-d (7/16.0/SYS) 
gpu-nodes-2:1001:1001 [2] NCCL INFO GIN/0-4 :GPU/0-3000 (6/16.0/SYS) GPU/0-13000 (6/16.0/SYS) GPU/0-63000 (6/16.0/SYS) GPU/0-73000 (6/16.0/SYS) GPU/0-83000 (3/48.0/PIX) GPU/0-93000 (5/48.0/PHB) GPU/0-e3000 (5/48.0/PHB) GPU/0-f3000 (5/48.0/PHB) CPU/0-0 (4/16.0/SYS) CPU/0-1 (3/48.0/PHB) NET/0-0 (7/16.0/SYS) NET/0-1 (7/16.0/SYS) NET/0-2 (7/16.0/SYS) NET/0-3 (7/16.0/SYS) NET/0-4 (2/50.0/LOC) NET/0-5 (6/48.0/PHB) NET/0-e (5/48.0/PHB) NET/0-f (5/1.5/PHB) NET/0-c (6/48.0/PHB) NET/0-d (6/48.0/PHB) GIN/0-0 (7/16.0/SYS) GIN/0-1 (7/16.0/SYS) GIN/0-2 (7/16.0/SYS) GIN/0-3 (7/16.0/SYS) GIN/0-4 (0/5000.0/LOC) GIN/0-5 (6/48.0/PHB) GIN/0-c (6/48.0/PHB) GIN/0-d (6/48.0/PHB) 
gpu-nodes-2:1001:1001 [2] NCCL INFO GIN/0-5 :GPU/0-3000 (6/16.0/SYS) GPU/0-13000 (6/16.0/SYS) GPU/0-63000 (6/16.0/SYS) GPU/0-73000 (6/16.0/SYS) GPU/0-83000 (5/48.0/PHB) GPU/0-93000 (3/48.0/PIX) GPU/0-e3000 (5/48.0/PHB) GPU/0-f3000 (5/48.0/PHB) CPU/0-0 (4/16.0/SYS) CPU/0-1 (3/48.0/PHB) NET/0-0 (7/16.0/SYS) NET/0-1 (7/16.0/SYS) NET/0-2 (7/16.0/SYS) NET/0-3 (7/16.0/SYS) NET/0-4 (6/48.0/PHB) NET/0-5 (2/50.0/LOC) NET/0-e (5/48.0/PHB) NET/0-f (5/1.5/PHB) NET/0-c (6/48.0/PHB) NET/0-d (6/48.0/PHB) GIN/0-0 (7/16.0/SYS) GIN/0-1 (7/16.0/SYS) GIN/0-2 (7/16.0/SYS) GIN/0-3 (7/16.0/SYS) GIN/0-4 (6/48.0/PHB) GIN/0-5 (0/5000.0/LOC) GIN/0-c (6/48.0/PHB) GIN/0-d (6/48.0/PHB) 
gpu-nodes-2:1001:1001 [2] NCCL INFO GIN/0-c :GPU/0-3000 (6/16.0/SYS) GPU/0-13000 (6/16.0/SYS) GPU/0-63000 (6/16.0/SYS) GPU/0-73000 (6/16.0/SYS) GPU/0-83000 (5/48.0/PHB) GPU/0-93000 (5/48.0/PHB) GPU/0-e3000 (3/48.0/PIX) GPU/0-f3000 (5/48.0/PHB) CPU/0-0 (4/16.0/SYS) CPU/0-1 (3/48.0/PHB) NET/0-0 (7/16.0/SYS) NET/0-1 (7/16.0/SYS) NET/0-2 (7/16.0/SYS) NET/0-3 (7/16.0/SYS) NET/0-4 (6/48.0/PHB) NET/0-5 (6/48.0/PHB) NET/0-e (5/48.0/PHB) NET/0-f (5/1.5/PHB) NET/0-c (2/50.0/LOC) NET/0-d (6/48.0/PHB) GIN/0-0 (7/16.0/SYS) GIN/0-1 (7/16.0/SYS) GIN/0-2 (7/16.0/SYS) GIN/0-3 (7/16.0/SYS) GIN/0-4 (6/48.0/PHB) GIN/0-5 (6/48.0/PHB) GIN/0-c (0/5000.0/LOC) GIN/0-d (6/48.0/PHB) 
gpu-nodes-2:1001:1001 [2] NCCL INFO GIN/0-d :GPU/0-3000 (6/16.0/SYS) GPU/0-13000 (6/16.0/SYS) GPU/0-63000 (6/16.0/SYS) GPU/0-73000 (6/16.0/SYS) GPU/0-83000 (5/48.0/PHB) GPU/0-93000 (5/48.0/PHB) GPU/0-e3000 (5/48.0/PHB) GPU/0-f3000 (3/48.0/PIX) CPU/0-0 (4/16.0/SYS) CPU/0-1 (3/48.0/PHB) NET/0-0 (7/16.0/SYS) NET/0-1 (7/16.0/SYS) NET/0-2 (7/16.0/SYS) NET/0-3 (7/16.0/SYS) NET/0-4 (6/48.0/PHB) NET/0-5 (6/48.0/PHB) NET/0-e (5/48.0/PHB) NET/0-f (5/1.5/PHB) NET/0-c (6/48.0/PHB) NET/0-d (2/50.0/LOC) GIN/0-0 (7/16.0/SYS) GIN/0-1 (7/16.0/SYS) GIN/0-2 (7/16.0/SYS) GIN/0-3 (7/16.0/SYS) GIN/0-4 (6/48.0/PHB) GIN/0-5 (6/48.0/PHB) GIN/0-c (6/48.0/PHB) GIN/0-d (0/5000.0/LOC) 
gpu-nodes-2:1001:1001 [2] NCCL INFO ncclTopoGetCpuAffinity: Affinity for GPU 2 is 0-63,128-191. (GPU affinity = 0-63,128-191 ; CPU affinity = 0-255).
gpu-nodes-2:1001:1001 [2] NCCL INFO Pattern 4, crossNic 0, nChannels 8, bw 48.000000/48.000000, type NVL/PXN, sameChannels 0
gpu-nodes-2:1001:1001 [2] NCCL INFO  0 : NET/0-0 GPU/0-3000 GPU/0-f3000 GPU/0-e3000 GPU/0-93000 GPU/0-83000 GPU/0-73000 GPU/0-63000 GPU/0-13000 NET/0-0
gpu-nodes-2:1001:1001 [2] NCCL INFO  1 : NET/0-1 GPU/0-13000 GPU/0-3000 GPU/0-f3000 GPU/0-e3000 GPU/0-93000 GPU/0-83000 GPU/0-73000 GPU/0-63000 NET/0-1
gpu-nodes-2:1001:1001 [2] NCCL INFO  2 : NET/0-2 GPU/0-63000 GPU/0-13000 GPU/0-3000 GPU/0-f3000 GPU/0-e3000 GPU/0-93000 GPU/0-83000 GPU/0-73000 NET/0-2
gpu-nodes-2:1001:1001 [2] NCCL INFO  3 : NET/0-3 GPU/0-73000 GPU/0-63000 GPU/0-13000 GPU/0-3000 GPU/0-f3000 GPU/0-e3000 GPU/0-93000 GPU/0-83000 NET/0-3
gpu-nodes-2:1001:1001 [2] NCCL INFO  4 : NET/0-4 GPU/0-83000 GPU/0-73000 GPU/0-63000 GPU/0-13000 GPU/0-3000 GPU/0-f3000 GPU/0-e3000 GPU/0-93000 NET/0-4
gpu-nodes-2:1001:1001 [2] NCCL INFO  5 : NET/0-5 GPU/0-93000 GPU/0-83000 GPU/0-73000 GPU/0-63000 GPU/0-13000 GPU/0-3000 GPU/0-f3000 GPU/0-e3000 NET/0-5
gpu-nodes-2:1001:1001 [2] NCCL INFO  6 : NET/0-c GPU/0-e3000 GPU/0-93000 GPU/0-83000 GPU/0-73000 GPU/0-63000 GPU/0-13000 GPU/0-3000 GPU/0-f3000 NET/0-c
gpu-nodes-2:1001:1001 [2] NCCL INFO  7 : NET/0-d GPU/0-f3000 GPU/0-e3000 GPU/0-93000 GPU/0-83000 GPU/0-73000 GPU/0-63000 GPU/0-13000 GPU/0-3000 NET/0-d
gpu-nodes-2:1001:1001 [2] NCCL INFO Pattern 3, crossNic 0, nChannels 8, bw 96.000000/48.000000, type NVL/PIX, sameChannels 0
gpu-nodes-2:1001:1001 [2] NCCL INFO  0 : NET/0-0 GPU/0-3000 GPU/0-13000 GPU/0-63000 GPU/0-73000 GPU/0-83000 GPU/0-93000 GPU/0-e3000 GPU/0-f3000 NET/0-0
gpu-nodes-2:1001:1001 [2] NCCL INFO  1 : NET/0-1 GPU/0-13000 GPU/0-63000 GPU/0-73000 GPU/0-83000 GPU/0-93000 GPU/0-e3000 GPU/0-f3000 GPU/0-3000 NET/0-1
gpu-nodes-2:1001:1001 [2] NCCL INFO  2 : NET/0-2 GPU/0-63000 GPU/0-73000 GPU/0-83000 GPU/0-93000 GPU/0-e3000 GPU/0-f3000 GPU/0-3000 GPU/0-13000 NET/0-2
gpu-nodes-2:1001:1001 [2] NCCL INFO  3 : NET/0-3 GPU/0-73000 GPU/0-83000 GPU/0-93000 GPU/0-e3000 GPU/0-f3000 GPU/0-3000 GPU/0-13000 GPU/0-63000 NET/0-3
gpu-nodes-2:1001:1001 [2] NCCL INFO  4 : NET/0-4 GPU/0-83000 GPU/0-93000 GPU/0-e3000 GPU/0-f3000 GPU/0-3000 GPU/0-13000 GPU/0-63000 GPU/0-73000 NET/0-4
gpu-nodes-2:1001:1001 [2] NCCL INFO  5 : NET/0-5 GPU/0-93000 GPU/0-e3000 GPU/0-f3000 GPU/0-3000 GPU/0-13000 GPU/0-63000 GPU/0-73000 GPU/0-83000 NET/0-5
gpu-nodes-2:1001:1001 [2] NCCL INFO  6 : NET/0-c GPU/0-e3000 GPU/0-f3000 GPU/0-3000 GPU/0-13000 GPU/0-63000 GPU/0-73000 GPU/0-83000 GPU/0-93000 NET/0-c
gpu-nodes-2:1001:1001 [2] NCCL INFO  7 : NET/0-d GPU/0-f3000 GPU/0-3000 GPU/0-13000 GPU/0-63000 GPU/0-73000 GPU/0-83000 GPU/0-93000 GPU/0-e3000 NET/0-d
gpu-nodes-2:1001:1001 [2] NCCL INFO comm 0x25746a20 rank 10 nRanks 16 nNodes 2 localRanks 8 localRank 2 MNNVL 0
gpu-nodes-2:1001:1001 [2] NCCL INFO Tree 2 : 2 -> 10 -> 11/-1/-1
gpu-nodes-2:1001:1001 [2] NCCL INFO Tree 10 : -1 -> 10 -> 11/2/-1
gpu-nodes-2:1001:1001 [2] NCCL INFO Ring 00 : 11 -> 10 -> 9
gpu-nodes-2:1001:1001 [2] NCCL INFO Ring 01 : 11 -> 10 -> 1
gpu-nodes-2:1001:1001 [2] NCCL INFO Ring 02 : 3 -> 10 -> 9
gpu-nodes-2:1001:1001 [2] NCCL INFO Ring 03 : 11 -> 10 -> 9
gpu-nodes-2:1001:1001 [2] NCCL INFO Ring 04 : 11 -> 10 -> 9
gpu-nodes-2:1001:1001 [2] NCCL INFO Ring 05 : 11 -> 10 -> 9
gpu-nodes-2:1001:1001 [2] NCCL INFO Ring 06 : 11 -> 10 -> 9
gpu-nodes-2:1001:1001 [2] NCCL INFO Ring 07 : 11 -> 10 -> 9
gpu-nodes-2:1001:1001 [2] NCCL INFO Ring 08 : 11 -> 10 -> 9
gpu-nodes-2:1001:1001 [2] NCCL INFO Ring 09 : 11 -> 10 -> 1
gpu-nodes-2:1001:1001 [2] NCCL INFO Ring 10 : 3 -> 10 -> 9
gpu-nodes-2:1001:1001 [2] NCCL INFO Ring 11 : 11 -> 10 -> 9
gpu-nodes-2:1001:1001 [2] NCCL INFO Ring 12 : 11 -> 10 -> 9
gpu-nodes-2:1001:1001 [2] NCCL INFO Ring 13 : 11 -> 10 -> 9
gpu-nodes-2:1001:1001 [2] NCCL INFO Ring 14 : 11 -> 10 -> 9
gpu-nodes-2:1001:1001 [2] NCCL INFO Ring 15 : 11 -> 10 -> 9
gpu-nodes-2:1001:1001 [2] NCCL INFO Trees [0] 11/-1/-1->10->9 [1] 11/-1/-1->10->9 [2] 11/-1/-1->10->2 [3] -1/-1/-1->10->9 [4] 11/-1/-1->10->9 [5] 11/-1/-1->10->9 [6] 11/-1/-1->10->9 [7] 11/-1/-1->10->9 [8] 11/-1/-1->10->9 [9] 11/-1/-1->10->9 [10] 11/2/-1->10->-1 [11] -1/-1/-1->10->9 [12] 11/-1/-1->10->9 [13] 11/-1/-1->10->9 [14] 11/-1/-1->10->9 [15] 11/-1/-1->10->9
gpu-nodes-2:1001:1001 [2] NCCL INFO P2P Chunksize set to 131072
gpu-nodes-2:1001:1001 [2] NCCL INFO PROFILER/Plugin: Could not find: libnccl-profiler.so
gpu-nodes-2:1001:1001 [2] NCCL INFO Check P2P Type isAllDirectP2p 1 directMode 0 isAllCudaP2p 1
gpu-nodes-2:1001:1001 [2] NCCL INFO ncclP2pSchedule: group size used is 8
gpu-nodes-2:1001:1426 [0] NCCL INFO [Proxy Service] Device 2 CPU core 186
gpu-nodes-2:1001:1431 [0] NCCL INFO [Proxy Service UDS] Device 2 CPU core 183
gpu-nodes-2:1001:1001 [2] NCCL INFO GPU Direct RDMA Enabled for GPU/0-405504 (rank 10) - NET/0-2 (distance 4 <= 6, read 0, mode Default)
gpu-nodes-2:1001:1426 [2] NCCL INFO New proxy recv connection 0 from local rank 2, transport 2
gpu-nodes-2:1001:1441 [0] NCCL INFO [Proxy Progress] Device 2 CPU core 17
gpu-nodes-2:1001:1001 [2] NCCL INFO Connected to proxy localRank 2 -> connection 0x7e7f98004fa0
gpu-nodes-2:1001:1001 [2] NCCL INFO Channel 02/0 : 3[3] -> 10[2] [receive] via NET/IB/2/GDRDMA
gpu-nodes-2:1001:1001 [2] NCCL INFO GPU Direct RDMA Enabled for GPU/0-405504 (rank 10) - NET/0-2 (distance 4 <= 6, read 0, mode Default)
gpu-nodes-2:1001:1426 [2] NCCL INFO New proxy recv connection 1 from local rank 2, transport 2
gpu-nodes-2:1001:1001 [2] NCCL INFO Connected to proxy localRank 2 -> connection 0x7e7f98005028
gpu-nodes-2:1001:1001 [2] NCCL INFO Channel 10/0 : 3[3] -> 10[2] [receive] via NET/IB/2/GDRDMA
gpu-nodes-2:1001:1001 [2] NCCL INFO GPU Direct RDMA Enabled for GPU/0-405504 (rank 10) - NET/0-1 ( using PXN via GPU/0-77824, distance 4 <= 6, read 1, mode Default)
gpu-nodes-2:1001:1001 [2] NCCL INFO Connected to proxy localRank 1 -> connection 0x7e4b34005028
gpu-nodes-2:1001:1001 [2] NCCL INFO Channel 01/0 : 10[2] -> 1[1] [send] via NET/IB/1(9)/GDRDMA
gpu-nodes-2:1001:1001 [2] NCCL INFO GPU Direct RDMA Enabled for GPU/0-405504 (rank 10) - NET/0-1 ( using PXN via GPU/0-77824, distance 4 <= 6, read 1, mode Default)
gpu-nodes-2:1001:1001 [2] NCCL INFO Connected to proxy localRank 1 -> connection 0x7e4b340050b0
gpu-nodes-2:1001:1001 [2] NCCL INFO Channel 09/0 : 10[2] -> 1[1] [send] via NET/IB/1(9)/GDRDMA
gpu-nodes-2:1001:1426 [2] NCCL INFO New proxy recv connection 2 from local rank 2, transport 0
gpu-nodes-2:1001:1001 [2] NCCL INFO Connected to proxy localRank 2 -> connection 0x7e7f980050b0
gpu-nodes-2:1001:1426 [2] NCCL INFO New proxy recv connection 3 from local rank 2, transport 0
gpu-nodes-2:1001:1001 [2] NCCL INFO Connected to proxy localRank 2 -> connection 0x7e7f98005138
gpu-nodes-2:1001:1426 [2] NCCL INFO New proxy recv connection 4 from local rank 2, transport 0
gpu-nodes-2:1001:1001 [2] NCCL INFO Connected to proxy localRank 2 -> connection 0x7e7f980051c0
gpu-nodes-2:1001:1426 [2] NCCL INFO New proxy send connection 5 from local rank 3, transport 2
gpu-nodes-2:1001:1426 [2] NCCL INFO New proxy recv connection 6 from local rank 2, transport 0
gpu-nodes-2:1001:1001 [2] NCCL INFO Connected to proxy localRank 2 -> connection 0x7e7f980052d0
gpu-nodes-2:1001:1426 [2] NCCL INFO New proxy send connection 7 from local rank 3, transport 2
gpu-nodes-2:1001:1426 [2] NCCL INFO New proxy recv connection 8 from local rank 2, transport 0
gpu-nodes-2:1001:1001 [2] NCCL INFO Connected to proxy localRank 2 -> connection 0x7e7f980053e0
gpu-nodes-2:1001:1426 [2] NCCL INFO New proxy recv connection 9 from local rank 2, transport 0
gpu-nodes-2:1001:1001 [2] NCCL INFO Connected to proxy localRank 2 -> connection 0x7e7f98005468
gpu-nodes-2:1001:1426 [2] NCCL INFO New proxy recv connection 10 from local rank 2, transport 0
gpu-nodes-2:1001:1001 [2] NCCL INFO Connected to proxy localRank 2 -> connection 0x7e7f980054f0
gpu-nodes-2:1001:1426 [2] NCCL INFO New proxy recv connection 11 from local rank 2, transport 0
gpu-nodes-2:1001:1001 [2] NCCL INFO Connected to proxy localRank 2 -> connection 0x7e7f98005578
gpu-nodes-2:1001:1426 [2] NCCL INFO New proxy recv connection 12 from local rank 2, transport 0
gpu-nodes-2:1001:1001 [2] NCCL INFO Connected to proxy localRank 2 -> connection 0x7e7f98005600
gpu-nodes-2:1001:1426 [2] NCCL INFO New proxy recv connection 13 from local rank 2, transport 0
gpu-nodes-2:1001:1001 [2] NCCL INFO Connected to proxy localRank 2 -> connection 0x7e7f98005688
gpu-nodes-2:1001:1426 [2] NCCL INFO New proxy recv connection 14 from local rank 2, transport 0
gpu-nodes-2:1001:1001 [2] NCCL INFO Connected to proxy localRank 2 -> connection 0x7e7f98005710
gpu-nodes-2:1001:1426 [2] NCCL INFO New proxy recv connection 15 from local rank 2, transport 0
gpu-nodes-2:1001:1001 [2] NCCL INFO Connected to proxy localRank 2 -> connection 0x7e7f98005798
gpu-nodes-2:1001:1426 [2] NCCL INFO New proxy recv connection 16 from local rank 2, transport 0
gpu-nodes-2:1001:1001 [2] NCCL INFO Connected to proxy localRank 2 -> connection 0x7e7f98005820
gpu-nodes-2:1001:1426 [2] NCCL INFO New proxy recv connection 17 from local rank 2, transport 0
gpu-nodes-2:1001:1001 [2] NCCL INFO Connected to proxy localRank 2 -> connection 0x7e7f980058a8
gpu-nodes-2:1001:1001 [2] NCCL INFO Channel 00/0 : 10[2] -> 9[1] via P2P/IPC
gpu-nodes-2:1001:1426 [2] NCCL INFO New proxy send connection 18 from local rank 2, transport 0
gpu-nodes-2:1001:1001 [2] NCCL INFO Connected to proxy localRank 2 -> connection 0x7e7f98005930
gpu-nodes-2:1001:1001 [2] NCCL INFO Channel 02/0 : 10[2] -> 9[1] via P2P/IPC
gpu-nodes-2:1001:1426 [2] NCCL INFO New proxy send connection 19 from local rank 2, transport 0
gpu-nodes-2:1001:1001 [2] NCCL INFO Connected to proxy localRank 2 -> connection 0x7e7f980059b8
gpu-nodes-2:1001:1001 [2] NCCL INFO Channel 03/0 : 10[2] -> 9[1] via P2P/IPC
gpu-nodes-2:1001:1426 [2] NCCL INFO New proxy send connection 20 from local rank 2, transport 0
gpu-nodes-2:1001:1001 [2] NCCL INFO Connected to proxy localRank 2 -> connection 0x7e7f98005a40
gpu-nodes-2:1001:1001 [2] NCCL INFO Channel 04/0 : 10[2] -> 9[1] via P2P/IPC
gpu-nodes-2:1001:1426 [2] NCCL INFO New proxy send connection 21 from local rank 2, transport 0
gpu-nodes-2:1001:1001 [2] NCCL INFO Connected to proxy localRank 2 -> connection 0x7e7f98005ac8
gpu-nodes-2:1001:1001 [2] NCCL INFO Channel 05/0 : 10[2] -> 9[1] via P2P/IPC
gpu-nodes-2:1001:1426 [2] NCCL INFO New proxy send connection 22 from local rank 2, transport 0
gpu-nodes-2:1001:1001 [2] NCCL INFO Connected to proxy localRank 2 -> connection 0x7e7f98005b50
gpu-nodes-2:1001:1001 [2] NCCL INFO Channel 06/0 : 10[2] -> 9[1] via P2P/IPC
gpu-nodes-2:1001:1426 [2] NCCL INFO New proxy send connection 23 from local rank 2, transport 0
gpu-nodes-2:1001:1001 [2] NCCL INFO Connected to proxy localRank 2 -> connection 0x7e7f98005bd8
gpu-nodes-2:1001:1001 [2] NCCL INFO Channel 07/0 : 10[2] -> 9[1] via P2P/IPC
gpu-nodes-2:1001:1426 [2] NCCL INFO New proxy send connection 24 from local rank 2, transport 0
gpu-nodes-2:1001:1001 [2] NCCL INFO Connected to proxy localRank 2 -> connection 0x7e7f98005c60
gpu-nodes-2:1001:1001 [2] NCCL INFO Channel 08/0 : 10[2] -> 9[1] via P2P/IPC
gpu-nodes-2:1001:1426 [2] NCCL INFO New proxy send connection 25 from local rank 2, transport 0
gpu-nodes-2:1001:1001 [2] NCCL INFO Connected to proxy localRank 2 -> connection 0x7e7f98005ce8
gpu-nodes-2:1001:1001 [2] NCCL INFO Channel 10/0 : 10[2] -> 9[1] via P2P/IPC
gpu-nodes-2:1001:1426 [2] NCCL INFO New proxy send connection 26 from local rank 2, transport 0
gpu-nodes-2:1001:1001 [2] NCCL INFO Connected to proxy localRank 2 -> connection 0x7e7f98005d70
gpu-nodes-2:1001:1001 [2] NCCL INFO Channel 11/0 : 10[2] -> 9[1] via P2P/IPC
gpu-nodes-2:1001:1426 [2] NCCL INFO New proxy send connection 27 from local rank 2, transport 0
gpu-nodes-2:1001:1001 [2] NCCL INFO Connected to proxy localRank 2 -> connection 0x7e7f98005df8
gpu-nodes-2:1001:1001 [2] NCCL INFO Channel 12/0 : 10[2] -> 9[1] via P2P/IPC
gpu-nodes-2:1001:1426 [2] NCCL INFO New proxy send connection 28 from local rank 2, transport 0
gpu-nodes-2:1001:1001 [2] NCCL INFO Connected to proxy localRank 2 -> connection 0x7e7f98005e80
gpu-nodes-2:1001:1001 [2] NCCL INFO Channel 13/0 : 10[2] -> 9[1] via P2P/IPC
gpu-nodes-2:1001:1426 [2] NCCL INFO New proxy send connection 29 from local rank 2, transport 0
gpu-nodes-2:1001:1001 [2] NCCL INFO Connected to proxy localRank 2 -> connection 0x7e7f98005f08
gpu-nodes-2:1001:1001 [2] NCCL INFO Channel 14/0 : 10[2] -> 9[1] via P2P/IPC
gpu-nodes-2:1001:1426 [2] NCCL INFO New proxy send connection 30 from local rank 2, transport 0
gpu-nodes-2:1001:1001 [2] NCCL INFO Connected to proxy localRank 2 -> connection 0x7e7f98005f90
gpu-nodes-2:1001:1001 [2] NCCL INFO Channel 15/0 : 10[2] -> 9[1] via P2P/IPC
gpu-nodes-2:1001:1426 [2] NCCL INFO New proxy send connection 31 from local rank 2, transport 0
gpu-nodes-2:1001:1001 [2] NCCL INFO Connected to proxy localRank 2 -> connection 0x7e7f98006018
gpu-nodes-2:1001:1426 [2] NCCL INFO NET/IB: ncclIbResiliencyInit: Resiliency is disabled on the send communicator (comm=0x7e7f98025000)
gpu-nodes-2:1001:1426 [2] NCCL INFO NET/IB: ncclIbResiliencyInit: Resiliency is disabled on the send communicator (comm=0x7e7f98060000)
gpu-nodes-2:1001:1426 [2] NCCL INFO NET/IB: ncclIbResiliencyInit: Resiliency is disabled on the recv communicator (comm=0x7e7f9809b000)
gpu-nodes-2:1001:1426 [2] NCCL INFO NET/IB: ncclIbRecvCommInit: Receive work requests will be posted on-demand
gpu-nodes-2:1001:1426 [2] NCCL INFO NET/IB: ncclIbResiliencyInit: Resiliency is disabled on the recv communicator (comm=0x7e7f980da000)
gpu-nodes-2:1001:1426 [2] NCCL INFO NET/IB: ncclIbRecvCommInit: Receive work requests will be posted on-demand
gpu-nodes-2:1001:1426 [2] NCCL INFO NET/IB: ncclIbReceiverQpsCreateToRts: QP created: port=1 dev=2 devName=mlx5_2 ndevs=14 nmdevs=16 qp_num=444 pkey=0 pd=0x7e7f98024cb0
gpu-nodes-2:1001:1426 [2] NCCL INFO NET/IB: ncclIbReceiverQpsCreateToRts: QP created: port=1 dev=2 devName=mlx5_2 ndevs=14 nmdevs=16 qp_num=445 pkey=0 pd=0x7e7f98024cb0
gpu-nodes-2:1001:1426 [2] NCCL INFO NET/IB: ncclIbReceiverQpsCreateToRts: QP created: port=1 dev=2 devName=mlx5_2 ndevs=14 nmdevs=16 qp_num=446 pkey=0 pd=0x7e7f98024cb0
gpu-nodes-2:1001:1426 [2] NCCL INFO NET/IB: ncclIbReceiverQpsCreateToRts: QP created: port=1 dev=2 devName=mlx5_2 ndevs=14 nmdevs=16 qp_num=447 pkey=0 pd=0x7e7f98024cb0
gpu-nodes-2:1001:1426 [2] NCCL INFO NET/IB: ncclIbSenderQpsCreate: QP created: port=1 dev=2 devName=mlx5_2 ndevs=14 nmdevs=16 qp_num=448 pkey=0 pd=0x7e7f98024cb0
gpu-nodes-2:1001:1426 [2] NCCL INFO NET/IB: ncclIbConnect: NCCL Dev 2 IbDev 2 Port 1 qp_num 448 mtu 5 LID 72 subnet-prefix 33022  FLID 0 ctsFifoRkey=0x180bca ctsFifoLkey=0x180bca
gpu-nodes-2:1001:1426 [2] NCCL INFO NET/IB: ncclIbConnect: IbDev 2 Port 1 qp_num 448 query_ece={supported=1, vendor_id=0x15b3, options=0x30000200, comp_mask=0x0}
gpu-nodes-2:1001:1426 [2] NCCL INFO NET/IB: ncclIbSenderQpsCreate: QP created: port=1 dev=2 devName=mlx5_2 ndevs=14 nmdevs=16 qp_num=449 pkey=0 pd=0x7e7f98024cb0
gpu-nodes-2:1001:1426 [2] NCCL INFO NET/IB: ncclIbConnect: NCCL Dev 2 IbDev 2 Port 1 qp_num 449 mtu 5 LID 72 subnet-prefix 33022  FLID 0 ctsFifoRkey=0x17f6b5 ctsFifoLkey=0x17f6b5
gpu-nodes-2:1001:1426 [2] NCCL INFO NET/IB: ncclIbConnect: IbDev 2 Port 1 qp_num 449 query_ece={supported=1, vendor_id=0x15b3, options=0x30000200, comp_mask=0x0}
gpu-nodes-2:1001:1426 [2] NCCL INFO NET/IB: ncclIbSenderQpsToRts: Set ECE: IbDev 2 Port 1 qp_num 448 set_ece={supported=1, vendor_id=0x15b3, options=0x30000200, comp_mask=0x0}
gpu-nodes-2:1001:1426 [2] NCCL INFO NET/IB: ncclIbSenderQpsToRts: Set ECE: IbDev 2 Port 1 qp_num 449 set_ece={supported=1, vendor_id=0x15b3, options=0x30000200, comp_mask=0x0}
gpu-nodes-2:1001:1001 [2] NCCL INFO Connected all rings, use ring PXN 1 GDR 1
gpu-nodes-2:1001:1426 [2] NCCL INFO New proxy recv connection 32 from local rank 2, transport 0
gpu-nodes-2:1001:1001 [2] NCCL INFO Connected to proxy localRank 2 -> connection 0x7e7f980060a0
gpu-nodes-2:1001:1426 [2] NCCL INFO New proxy recv connection 33 from local rank 2, transport 0
gpu-nodes-2:1001:1001 [2] NCCL INFO Connected to proxy localRank 2 -> connection 0x7e7f98006128
gpu-nodes-2:1001:1426 [2] NCCL INFO New proxy recv connection 34 from local rank 2, transport 0
gpu-nodes-2:1001:1001 [2] NCCL INFO Connected to proxy localRank 2 -> connection 0x7e7f980061b0
gpu-nodes-2:1001:1426 [2] NCCL INFO New proxy recv connection 35 from local rank 2, transport 0
gpu-nodes-2:1001:1001 [2] NCCL INFO Connected to proxy localRank 2 -> connection 0x7e7f98006238
gpu-nodes-2:1001:1426 [2] NCCL INFO New proxy recv connection 36 from local rank 2, transport 0
gpu-nodes-2:1001:1001 [2] NCCL INFO Connected to proxy localRank 2 -> connection 0x7e7f980062c0
gpu-nodes-2:1001:1426 [2] NCCL INFO New proxy recv connection 37 from local rank 2, transport 0
gpu-nodes-2:1001:1001 [2] NCCL INFO Connected to proxy localRank 2 -> connection 0x7e7f98006348
gpu-nodes-2:1001:1426 [2] NCCL INFO New proxy recv connection 38 from local rank 2, transport 0
gpu-nodes-2:1001:1001 [2] NCCL INFO Connected to proxy localRank 2 -> connection 0x7e7f980063d0
gpu-nodes-2:1001:1426 [2] NCCL INFO New proxy recv connection 39 from local rank 2, transport 0
gpu-nodes-2:1001:1001 [2] NCCL INFO Connected to proxy localRank 2 -> connection 0x7e7f98006458
gpu-nodes-2:1001:1426 [2] NCCL INFO New proxy recv connection 40 from local rank 2, transport 0
gpu-nodes-2:1001:1001 [2] NCCL INFO Connected to proxy localRank 2 -> connection 0x7e7f980064e0
gpu-nodes-2:1001:1426 [2] NCCL INFO New proxy recv connection 41 from local rank 2, transport 0
gpu-nodes-2:1001:1001 [2] NCCL INFO Connected to proxy localRank 2 -> connection 0x7e7f98006568
gpu-nodes-2:1001:1426 [2] NCCL INFO New proxy recv connection 42 from local rank 2, transport 0
gpu-nodes-2:1001:1001 [2] NCCL INFO Connected to proxy localRank 2 -> connection 0x7e7f980065f0
gpu-nodes-2:1001:1426 [2] NCCL INFO New proxy recv connection 43 from local rank 2, transport 0
gpu-nodes-2:1001:1001 [2] NCCL INFO Connected to proxy localRank 2 -> connection 0x7e7f98006678
gpu-nodes-2:1001:1426 [2] NCCL INFO New proxy recv connection 44 from local rank 2, transport 0
gpu-nodes-2:1001:1001 [2] NCCL INFO Connected to proxy localRank 2 -> connection 0x7e7f98006700
gpu-nodes-2:1001:1426 [2] NCCL INFO New proxy recv connection 45 from local rank 2, transport 0
gpu-nodes-2:1001:1001 [2] NCCL INFO Connected to proxy localRank 2 -> connection 0x7e7f98006788
gpu-nodes-2:1001:1001 [2] NCCL INFO Channel 00/0 : 10[2] -> 11[3] via P2P/IPC
gpu-nodes-2:1001:1426 [2] NCCL INFO New proxy send connection 46 from local rank 2, transport 0
gpu-nodes-2:1001:1001 [2] NCCL INFO Connected to proxy localRank 2 -> connection 0x7e7f98006810
gpu-nodes-2:1001:1001 [2] NCCL INFO Channel 01/0 : 10[2] -> 11[3] via P2P/IPC
gpu-nodes-2:1001:1426 [2] NCCL INFO New proxy send connection 47 from local rank 2, transport 0
gpu-nodes-2:1001:1001 [2] NCCL INFO Connected to proxy localRank 2 -> connection 0x7e7f98006898
gpu-nodes-2:1001:1001 [2] NCCL INFO Channel 02/0 : 10[2] -> 11[3] via P2P/IPC
gpu-nodes-2:1001:1426 [2] NCCL INFO New proxy send connection 48 from local rank 2, transport 0
gpu-nodes-2:1001:1001 [2] NCCL INFO Connected to proxy localRank 2 -> connection 0x7e7f98006920
gpu-nodes-2:1001:1001 [2] NCCL INFO Channel 04/0 : 10[2] -> 11[3] via P2P/IPC
gpu-nodes-2:1001:1426 [2] NCCL INFO New proxy send connection 49 from local rank 2, transport 0
gpu-nodes-2:1001:1001 [2] NCCL INFO Connected to proxy localRank 2 -> connection 0x7e7f980069a8
gpu-nodes-2:1001:1001 [2] NCCL INFO Channel 05/0 : 10[2] -> 11[3] via P2P/IPC
gpu-nodes-2:1001:1426 [2] NCCL INFO New proxy send connection 50 from local rank 2, transport 0
gpu-nodes-2:1001:1001 [2] NCCL INFO Connected to proxy localRank 2 -> connection 0x7e7f98006a30
gpu-nodes-2:1001:1001 [2] NCCL INFO Channel 06/0 : 10[2] -> 11[3] via P2P/IPC
gpu-nodes-2:1001:1426 [2] NCCL INFO New proxy send connection 51 from local rank 2, transport 0
gpu-nodes-2:1001:1001 [2] NCCL INFO Connected to proxy localRank 2 -> connection 0x7e7f98006ab8
gpu-nodes-2:1001:1001 [2] NCCL INFO Channel 07/0 : 10[2] -> 11[3] via P2P/IPC
gpu-nodes-2:1001:1426 [2] NCCL INFO New proxy send connection 52 from local rank 2, transport 0
gpu-nodes-2:1001:1001 [2] NCCL INFO Connected to proxy localRank 2 -> connection 0x7e7f98006b40
gpu-nodes-2:1001:1001 [2] NCCL INFO Channel 08/0 : 10[2] -> 11[3] via P2P/IPC
gpu-nodes-2:1001:1426 [2] NCCL INFO New proxy send connection 53 from local rank 2, transport 0
gpu-nodes-2:1001:1001 [2] NCCL INFO Connected to proxy localRank 2 -> connection 0x7e7f98006bc8
gpu-nodes-2:1001:1001 [2] NCCL INFO Channel 09/0 : 10[2] -> 11[3] via P2P/IPC
gpu-nodes-2:1001:1426 [2] NCCL INFO New proxy send connection 54 from local rank 2, transport 0
gpu-nodes-2:1001:1001 [2] NCCL INFO Connected to proxy localRank 2 -> connection 0x7e7f98006c50
gpu-nodes-2:1001:1001 [2] NCCL INFO Channel 10/0 : 10[2] -> 11[3] via P2P/IPC
gpu-nodes-2:1001:1426 [2] NCCL INFO New proxy send connection 55 from local rank 2, transport 0
gpu-nodes-2:1001:1001 [2] NCCL INFO Connected to proxy localRank 2 -> connection 0x7e7f98006cd8
gpu-nodes-2:1001:1001 [2] NCCL INFO Channel 12/0 : 10[2] -> 11[3] via P2P/IPC
gpu-nodes-2:1001:1426 [2] NCCL INFO New proxy send connection 56 from local rank 2, transport 0
gpu-nodes-2:1001:1001 [2] NCCL INFO Connected to proxy localRank 2 -> connection 0x7e7f98006d60
gpu-nodes-2:1001:1001 [2] NCCL INFO Channel 13/0 : 10[2] -> 11[3] via P2P/IPC
gpu-nodes-2:1001:1426 [2] NCCL INFO New proxy send connection 57 from local rank 2, transport 0
gpu-nodes-2:1001:1001 [2] NCCL INFO Connected to proxy localRank 2 -> connection 0x7e7f98006de8
gpu-nodes-2:1001:1001 [2] NCCL INFO Channel 14/0 : 10[2] -> 11[3] via P2P/IPC
gpu-nodes-2:1001:1426 [2] NCCL INFO New proxy send connection 58 from local rank 2, transport 0
gpu-nodes-2:1001:1001 [2] NCCL INFO Connected to proxy localRank 2 -> connection 0x7e7f98006e70
gpu-nodes-2:1001:1001 [2] NCCL INFO Channel 15/0 : 10[2] -> 11[3] via P2P/IPC
gpu-nodes-2:1001:1426 [2] NCCL INFO New proxy send connection 59 from local rank 2, transport 0
gpu-nodes-2:1001:1001 [2] NCCL INFO Connected to proxy localRank 2 -> connection 0x7e7f98006ef8
gpu-nodes-2:1001:1001 [2] NCCL INFO GPU Direct RDMA Enabled for GPU/0-405504 (rank 10) - NET/0-2 (distance 4 <= 6, read 0, mode Default)
gpu-nodes-2:1001:1426 [2] NCCL INFO New proxy recv connection 60 from local rank 2, transport 2
gpu-nodes-2:1001:1001 [2] NCCL INFO Connected to proxy localRank 2 -> connection 0x7e7f98006f80
gpu-nodes-2:1001:1001 [2] NCCL INFO Channel 02/0 : 2[2] -> 10[2] [receive] via NET/IB/2/GDRDMA
gpu-nodes-2:1001:1001 [2] NCCL INFO GPU Direct RDMA Enabled for GPU/0-405504 (rank 10) - NET/0-2 (distance 4 <= 6, read 0, mode Default)
gpu-nodes-2:1001:1426 [2] NCCL INFO New proxy recv connection 61 from local rank 2, transport 2
gpu-nodes-2:1001:1001 [2] NCCL INFO Connected to proxy localRank 2 -> connection 0x7e7f98007008
gpu-nodes-2:1001:1001 [2] NCCL INFO Channel 10/0 : 2[2] -> 10[2] [receive] via NET/IB/2/GDRDMA
gpu-nodes-2:1001:1001 [2] NCCL INFO GPU Direct RDMA Enabled for GPU/0-405504 (rank 10) - NET/0-2 (distance 4 <= 6, read 1, mode Default)
gpu-nodes-2:1001:1426 [2] NCCL INFO New proxy send connection 62 from local rank 2, transport 2
gpu-nodes-2:1001:1001 [2] NCCL INFO Connected to proxy localRank 2 -> connection 0x7e7f98007090
gpu-nodes-2:1001:1001 [2] NCCL INFO Channel 02/0 : 10[2] -> 2[2] [send] via NET/IB/2/GDRDMA
gpu-nodes-2:1001:1001 [2] NCCL INFO GPU Direct RDMA Enabled for GPU/0-405504 (rank 10) - NET/0-2 (distance 4 <= 6, read 1, mode Default)
gpu-nodes-2:1001:1426 [2] NCCL INFO New proxy send connection 63 from local rank 2, transport 2
gpu-nodes-2:1001:1001 [2] NCCL INFO Connected to proxy localRank 2 -> connection 0x7e7f98007118
gpu-nodes-2:1001:1001 [2] NCCL INFO Channel 10/0 : 10[2] -> 2[2] [send] via NET/IB/2/GDRDMA
gpu-nodes-2:1001:1426 [2] NCCL INFO New proxy recv connection 64 from local rank 2, transport 0
gpu-nodes-2:1001:1001 [2] NCCL INFO Connected to proxy localRank 2 -> connection 0x7e7f980071a0
gpu-nodes-2:1001:1426 [2] NCCL INFO New proxy recv connection 65 from local rank 2, transport 0
gpu-nodes-2:1001:1001 [2] NCCL INFO Connected to proxy localRank 2 -> connection 0x7e7f98007228
gpu-nodes-2:1001:1001 [2] NCCL INFO Channel 01/0 : 10[2] -> 9[1] via P2P/IPC
gpu-nodes-2:1001:1426 [2] NCCL INFO New proxy send connection 66 from local rank 2, transport 0
gpu-nodes-2:1001:1001 [2] NCCL INFO Connected to proxy localRank 2 -> connection 0x7e7f980072b0
gpu-nodes-2:1001:1001 [2] NCCL INFO Channel 09/0 : 10[2] -> 9[1] via P2P/IPC
gpu-nodes-2:1001:1426 [2] NCCL INFO New proxy send connection 67 from local rank 2, transport 0
gpu-nodes-2:1001:1001 [2] NCCL INFO Connected to proxy localRank 2 -> connection 0x7e7f98007338
gpu-nodes-2:1001:1426 [2] NCCL INFO NET/IB: ncclIbResiliencyInit: Resiliency is disabled on the send communicator (comm=0x7e7f98238000)
gpu-nodes-2:1001:1426 [2] NCCL INFO NET/IB: ncclIbResiliencyInit: Resiliency is disabled on the recv communicator (comm=0x7e7f98273000)
gpu-nodes-2:1001:1426 [2] NCCL INFO NET/IB: ncclIbRecvCommInit: Receive work requests will be posted on-demand
gpu-nodes-2:1001:1426 [2] NCCL INFO NET/IB: ncclIbSenderQpsCreate: QP created: port=1 dev=2 devName=mlx5_2 ndevs=14 nmdevs=16 qp_num=450 pkey=0 pd=0x7e7f98024cb0
gpu-nodes-2:1001:1426 [2] NCCL INFO NET/IB: ncclIbConnect: NCCL Dev 2 IbDev 2 Port 1 qp_num 450 mtu 5 LID 72 subnet-prefix 33022  FLID 0 ctsFifoRkey=0x17eba9 ctsFifoLkey=0x17eba9
gpu-nodes-2:1001:1426 [2] NCCL INFO NET/IB: ncclIbConnect: IbDev 2 Port 1 qp_num 450 query_ece={supported=1, vendor_id=0x15b3, options=0x30000200, comp_mask=0x0}
gpu-nodes-2:1001:1426 [2] NCCL INFO NET/IB: ncclIbReceiverQpsCreateToRts: QP created: port=1 dev=2 devName=mlx5_2 ndevs=14 nmdevs=16 qp_num=451 pkey=0 pd=0x7e7f98024cb0
gpu-nodes-2:1001:1426 [2] NCCL INFO NET/IB: ncclIbReceiverQpsCreateToRts: QP created: port=1 dev=2 devName=mlx5_2 ndevs=14 nmdevs=16 qp_num=452 pkey=0 pd=0x7e7f98024cb0
gpu-nodes-2:1001:1426 [2] NCCL INFO NET/IB: ncclIbResiliencyInit: Resiliency is disabled on the send communicator (comm=0x7e7f98334000)
gpu-nodes-2:1001:1426 [2] NCCL INFO NET/IB: ncclIbSenderQpsToRts: Set ECE: IbDev 2 Port 1 qp_num 450 set_ece={supported=1, vendor_id=0x15b3, options=0x30000200, comp_mask=0x0}
gpu-nodes-2:1001:1426 [2] NCCL INFO NET/IB: ncclIbResiliencyInit: Resiliency is disabled on the recv communicator (comm=0x7e7f9836f000)
gpu-nodes-2:1001:1426 [2] NCCL INFO NET/IB: ncclIbRecvCommInit: Receive work requests will be posted on-demand
gpu-nodes-2:1001:1426 [2] NCCL INFO NET/IB: ncclIbReceiverQpsCreateToRts: QP created: port=1 dev=2 devName=mlx5_2 ndevs=14 nmdevs=16 qp_num=453 pkey=0 pd=0x7e7f98024cb0
gpu-nodes-2:1001:1426 [2] NCCL INFO NET/IB: ncclIbReceiverQpsCreateToRts: QP created: port=1 dev=2 devName=mlx5_2 ndevs=14 nmdevs=16 qp_num=454 pkey=0 pd=0x7e7f98024cb0
gpu-nodes-2:1001:1426 [2] NCCL INFO NET/IB: ncclIbSenderQpsCreate: QP created: port=1 dev=2 devName=mlx5_2 ndevs=14 nmdevs=16 qp_num=455 pkey=0 pd=0x7e7f98024cb0
gpu-nodes-2:1001:1426 [2] NCCL INFO NET/IB: ncclIbConnect: NCCL Dev 2 IbDev 2 Port 1 qp_num 455 mtu 5 LID 72 subnet-prefix 33022  FLID 0 ctsFifoRkey=0x169d5c ctsFifoLkey=0x169d5c
gpu-nodes-2:1001:1426 [2] NCCL INFO NET/IB: ncclIbConnect: IbDev 2 Port 1 qp_num 455 query_ece={supported=1, vendor_id=0x15b3, options=0x30000200, comp_mask=0x0}
gpu-nodes-2:1001:1426 [2] NCCL INFO NET/IB: ncclIbSenderQpsToRts: Set ECE: IbDev 2 Port 1 qp_num 455 set_ece={supported=1, vendor_id=0x15b3, options=0x30000200, comp_mask=0x0}
gpu-nodes-2:1001:1001 [2] NCCL INFO Connected all trees
gpu-nodes-2:1001:1426 [2] NCCL INFO New proxy send connection 68 from local rank 2, transport 2
gpu-nodes-2:1001:1001 [2] NCCL INFO Connected to proxy localRank 2 -> connection 0x7e7f980073c0
gpu-nodes-2:1001:1001 [2] NCCL INFO GPU Direct RDMA Enabled for GPU/0-405504 (rank 10) - NET/0-0 ( using PXN via GPU/0-12288, distance 4 <= 6, read 1, mode Default)
gpu-nodes-2:1001:1001 [2] NCCL INFO GPU Direct RDMA Enabled for GPU/0-405504 (rank 10) - NET/0-1 ( using PXN via GPU/0-77824, distance 4 <= 6, read 1, mode Default)
gpu-nodes-2:1001:1001 [2] NCCL INFO GPU Direct RDMA Enabled for GPU/0-405504 (rank 10) - NET/0-3 ( using PXN via GPU/0-471040, distance 4 <= 6, read 1, mode Default)
gpu-nodes-2:1001:1001 [2] NCCL INFO GPU Direct RDMA Enabled for GPU/0-405504 (rank 10) - NET/0-4 ( using PXN via GPU/0-536576, distance 4 <= 6, read 1, mode Default)
gpu-nodes-2:1001:1001 [2] NCCL INFO GPU Direct RDMA Enabled for GPU/0-405504 (rank 10) - NET/0-5 ( using PXN via GPU/0-602112, distance 4 <= 6, read 1, mode Default)
gpu-nodes-2:1001:1001 [2] NCCL INFO GPU Direct RDMA Enabled for GPU/0-405504 (rank 10) - NET/0-12 ( using PXN via GPU/0-929792, distance 4 <= 6, read 1, mode Default)
gpu-nodes-2:1001:1001 [2] NCCL INFO GPU Direct RDMA Enabled for GPU/0-405504 (rank 10) - NET/0-13 ( using PXN via GPU/0-995328, distance 4 <= 6, read 1, mode Default)
gpu-nodes-2:1001:1001 [2] NCCL INFO GPU Direct RDMA Enabled for GPU/0-405504 (rank 10) - NET/0-0 ( using PXN via GPU/0-12288, distance 4 <= 6, read 1, mode Default)
gpu-nodes-2:1001:1001 [2] NCCL INFO GPU Direct RDMA Enabled for GPU/0-405504 (rank 10) - NET/0-1 ( using PXN via GPU/0-77824, distance 4 <= 6, read 1, mode Default)
gpu-nodes-2:1001:1001 [2] NCCL INFO GPU Direct RDMA Enabled for GPU/0-405504 (rank 10) - NET/0-3 ( using PXN via GPU/0-471040, distance 4 <= 6, read 1, mode Default)
gpu-nodes-2:1001:1001 [2] NCCL INFO GPU Direct RDMA Enabled for GPU/0-405504 (rank 10) - NET/0-4 ( using PXN via GPU/0-536576, distance 4 <= 6, read 1, mode Default)
gpu-nodes-2:1001:1001 [2] NCCL INFO GPU Direct RDMA Enabled for GPU/0-405504 (rank 10) - NET/0-5 ( using PXN via GPU/0-602112, distance 4 <= 6, read 1, mode Default)
gpu-nodes-2:1001:1001 [2] NCCL INFO GPU Direct RDMA Enabled for GPU/0-405504 (rank 10) - NET/0-12 ( using PXN via GPU/0-929792, distance 4 <= 6, read 1, mode Default)
gpu-nodes-2:1001:1001 [2] NCCL INFO GPU Direct RDMA Enabled for GPU/0-405504 (rank 10) - NET/0-13 ( using PXN via GPU/0-995328, distance 4 <= 6, read 1, mode Default)
gpu-nodes-2:1001:1001 [2] NCCL INFO Connected to proxy localRank 0 -> connection 0x7f91ac007448
gpu-nodes-2:1001:1426 [2] NCCL INFO New proxy send connection 69 from local rank 3, transport 2
gpu-nodes-2:1001:1001 [2] NCCL INFO Connected to proxy localRank 1 -> connection 0x7e4b34007448
gpu-nodes-2:1001:1001 [2] NCCL INFO Connected to proxy localRank 3 -> connection 0x75c1f8007448
gpu-nodes-2:1001:1001 [2] NCCL INFO Connected to proxy localRank 4 -> connection 0x78c0940074d0
gpu-nodes-2:1001:1426 [2] NCCL INFO New proxy send connection 70 from local rank 0, transport 2
gpu-nodes-2:1001:1001 [2] NCCL INFO Connected to proxy localRank 5 -> connection 0x779a880074d0
gpu-nodes-2:1001:1426 [2] NCCL INFO New proxy send connection 71 from local rank 1, transport 2
gpu-nodes-2:1001:1001 [2] NCCL INFO Connected to proxy localRank 6 -> connection 0x7461a80074d0
gpu-nodes-2:1001:1426 [2] NCCL INFO New proxy send connection 72 from local rank 4, transport 2
gpu-nodes-2:1001:1001 [2] NCCL INFO Connected to proxy localRank 7 -> connection 0x7e62900074a0
gpu-nodes-2:1001:1426 [2] NCCL INFO New proxy send connection 73 from local rank 6, transport 2
gpu-nodes-2:1001:1001 [2] NCCL INFO TUNER/Plugin: Could not find: libnccl-tuner.so
gpu-nodes-2:1001:1001 [2] NCCL INFO threadThresholds 8/8/64 | 128/8/64 | 512 | 512
gpu-nodes-2:1001:1001 [2] NCCL INFO 16 coll channels, 16 collnet channels, 0 nvls channels, 16 p2p channels, 4 p2p channels per peer
gpu-nodes-2:1001:1001 [2] NCCL INFO Symmetric memory is not supported. cuMemEnable 0, globalGinSupport 0, globalNicFused 1 cuMemGdrSupport 1
gpu-nodes-2:1001:1426 [2] NCCL INFO New proxy send connection 74 from local rank 7, transport 2
gpu-nodes-2:1001:1426 [2] NCCL INFO New proxy send connection 75 from local rank 5, transport 2
gpu-nodes-2:1001:1001 [2] NCCL INFO ncclCommInitRank comm 0x25746a20 rank 10 nranks 16 cudaDev 2 nvmlDev 2 busId 63000 commId 0x5c822c8e8edbc23e - Init COMPLETE
gpu-nodes-2:1001:1001 [2] NCCL INFO Init timings - ncclCommInitRank: rank 10 nranks 16 total 2.21 (kernels 0.15, alloc 0.85, bootstrap 0.01, allgathers 0.08, topo 0.77, graphs 0.11, connections 0.20, rest 0.02)
gpu-nodes-2:1001:1001 [2] NCCL INFO Initialized NET plugin IB
gpu-nodes-2:1001:1001 [2] NCCL INFO Assigned NET plugin IB to comm
gpu-nodes-2:1001:1001 [2] NCCL INFO Assigned GIN plugin GIN_IB_GDAKI to comm
gpu-nodes-2:1001:1001 [2] NCCL INFO Assigned RMA plugin GIN_IB_PROXY to comm
gpu-nodes-2:1001:1001 [2] NCCL INFO Using network IB
gpu-nodes-2:1001:1001 [2] NCCL INFO DMA-BUF is available on GPU device 2
gpu-nodes-2:1001:1001 [2] NCCL INFO [Rank 2] ncclCommInitRankConfig comm 0x6d2dccb0 rank 2 nranks 8 cudaDev 2 nvmlDev 2 busId 63000 commId 0xdd50adf6e9c53bc - Init START
gpu-nodes-2:1001:1001 [2] NCCL INFO MNNVL busId 0x63000 fabric UUID 0.0 cliqueId 0x0 state 3 healthMask 0x80
gpu-nodes-2:1001:1001 [2] NCCL INFO Could not find real path of /sys/class/pci_bus/fffffff/../../fffffff:ff:f
gpu-nodes-2:1001:1001 [2] NCCL INFO TOPO/NET : Importing network plugins to topology
gpu-nodes-2:1001:1001 [2] NCCL INFO NET/GIN_IB_GDAKI : GPU Direct RDMA Enabled for HCA 0 'mlx5_1'
gpu-nodes-2:1001:1001 [2] NCCL INFO ncclTopoPopulateNics : Filled mlx5_1 in topo with pciPath=/sys/devices/pci0000:00/0000:00:01.1/0000:01:00.0/0000:02:01.0/0000:04:00.0 net=0 gin=1 keep=1 coll=(null)
gpu-nodes-2:1001:1001 [2] NCCL INFO NET/GIN_IB_GDAKI : GPU Direct RDMA Enabled for HCA 1 'mlx5_3'
gpu-nodes-2:1001:1001 [2] NCCL INFO ncclTopoPopulateNics : Filled mlx5_3 in topo with pciPath=/sys/devices/pci0000:10/0000:10:01.1/0000:11:00.0/0000:12:01.0/0000:14:00.0 net=0 gin=1 keep=1 coll=(null)
gpu-nodes-2:1001:1001 [2] NCCL INFO NET/GIN_IB_GDAKI : GPU Direct RDMA Enabled for HCA 2 'mlx5_2'
gpu-nodes-2:1001:1001 [2] NCCL INFO ncclTopoPopulateNics : Filled mlx5_2 in topo with pciPath=/sys/devices/pci0000:60/0000:60:01.1/0000:61:00.0/0000:62:01.0/0000:64:00.0 net=0 gin=1 keep=1 coll=(null)
gpu-nodes-2:1001:1001 [2] NCCL INFO NET/GIN_IB_GDAKI : GPU Direct RDMA Enabled for HCA 3 'mlx5_0'
gpu-nodes-2:1001:1001 [2] NCCL INFO ncclTopoPopulateNics : Filled mlx5_0 in topo with pciPath=/sys/devices/pci0000:70/0000:70:01.1/0000:71:00.0/0000:72:01.0/0000:74:00.0 net=0 gin=1 keep=1 coll=(null)
gpu-nodes-2:1001:1001 [2] NCCL INFO NET/GIN_IB_GDAKI : GPU Direct RDMA Enabled for HCA 4 'mlx5_9'
gpu-nodes-2:1001:1001 [2] NCCL INFO ncclTopoPopulateNics : Filled mlx5_9 in topo with pciPath=/sys/devices/pci0000:80/0000:80:01.1/0000:81:00.0/0000:82:01.0/0000:84:00.0 net=0 gin=1 keep=1 coll=(null)
gpu-nodes-2:1001:1001 [2] NCCL INFO NET/GIN_IB_GDAKI : GPU Direct RDMA Enabled for HCA 5 'mlx5_13'
gpu-nodes-2:1001:1001 [2] NCCL INFO ncclTopoPopulateNics : Filled mlx5_13 in topo with pciPath=/sys/devices/pci0000:90/0000:90:01.1/0000:91:00.0/0000:92:01.0/0000:94:00.0 net=0 gin=1 keep=1 coll=(null)
gpu-nodes-2:1001:1001 [2] NCCL INFO NET/GIN_IB_GDAKI : GPU Direct RDMA Enabled for HCA 6 'mlx5_10'
gpu-nodes-2:1001:1001 [2] NCCL INFO ncclTopoPopulateNics : Filled mlx5_10 in topo with pciPath=/sys/devices/pci0000:c0/0000:c0:01.1/0000:c1:00.0 net=0 gin=1 keep=1 coll=(null)
gpu-nodes-2:1001:1001 [2] NCCL INFO NET/GIN_IB_GDAKI : GPU Direct RDMA Enabled for HCA 7 'mlx5_11'
gpu-nodes-2:1001:1001 [2] NCCL INFO ncclTopoPopulateNics : Filled mlx5_11 in topo with pciPath=/sys/devices/pci0000:c0/0000:c0:01.1/0000:c1:00.0 net=0 gin=1 keep=1 coll=(null)
gpu-nodes-2:1001:1001 [2] NCCL INFO NET/GIN_IB_GDAKI : GPU Direct RDMA Enabled for HCA 8 'mlx5_5'
gpu-nodes-2:1001:1001 [2] NCCL INFO ncclTopoPopulateNics : Filled mlx5_5 in topo with pciPath=/sys/devices/pci0000:d0/0000:d0:03.3/0000:d2:00.0 net=0 gin=1 keep=1 coll=(null)
gpu-nodes-2:1001:1001 [2] NCCL INFO NET/GIN_IB_GDAKI : GPU Direct RDMA Enabled for HCA 9 'mlx5_6'
gpu-nodes-2:1001:1001 [2] NCCL INFO ncclTopoPopulateNics : Filled mlx5_6 in topo with pciPath=/sys/devices/pci0000:d0/0000:d0:03.3/0000:d2:00.0 net=0 gin=1 keep=1 coll=(null)
gpu-nodes-2:1001:1001 [2] NCCL INFO NET/GIN_IB_GDAKI : GPU Direct RDMA Enabled for HCA 10 'mlx5_7'
gpu-nodes-2:1001:1001 [2] NCCL INFO ncclTopoPopulateNics : Filled mlx5_7 in topo with pciPath=/sys/devices/pci0000:d0/0000:d0:03.3/0000:d2:00.0 net=0 gin=1 keep=1 coll=(null)
gpu-nodes-2:1001:1001 [2] NCCL INFO NET/GIN_IB_GDAKI : GPU Direct RDMA Enabled for HCA 11 'mlx5_8'
gpu-nodes-2:1001:1001 [2] NCCL INFO ncclTopoPopulateNics : Filled mlx5_8 in topo with pciPath=/sys/devices/pci0000:d0/0000:d0:03.3/0000:d2:00.0 net=0 gin=1 keep=1 coll=(null)
gpu-nodes-2:1001:1001 [2] NCCL INFO NET/GIN_IB_GDAKI : GPU Direct RDMA Enabled for HCA 12 'mlx5_12'
gpu-nodes-2:1001:1001 [2] NCCL INFO ncclTopoPopulateNics : Filled mlx5_12 in topo with pciPath=/sys/devices/pci0000:e0/0000:e0:01.1/0000:e1:00.0/0000:e2:01.0/0000:e4:00.0 net=0 gin=1 keep=1 coll=(null)
gpu-nodes-2:1001:1001 [2] NCCL INFO NET/GIN_IB_GDAKI : GPU Direct RDMA Enabled for HCA 13 'mlx5_4'
gpu-nodes-2:1001:1001 [2] NCCL INFO ncclTopoPopulateNics : Filled mlx5_4 in topo with pciPath=/sys/devices/pci0000:f0/0000:f0:01.1/0000:f1:00.0/0000:f2:01.0/0000:f4:00.0 net=0 gin=1 keep=1 coll=(null)
gpu-nodes-2:1001:1001 [2] NCCL INFO NET/IB : GPU Direct RDMA Enabled for HCA 0 'mlx5_1'
gpu-nodes-2:1001:1001 [2] NCCL INFO ncclTopoPopulateNics : Filled mlx5_1 in topo with pciPath=/sys/devices/pci0000:00/0000:00:01.1/0000:01:00.0/0000:02:01.0/0000:04:00.0 net=1 gin=1 keep=1 coll=(null)
gpu-nodes-2:1001:1001 [2] NCCL INFO NET/IB : GPU Direct RDMA Enabled for HCA 1 'mlx5_3'
gpu-nodes-2:1001:1001 [2] NCCL INFO ncclTopoPopulateNics : Filled mlx5_3 in topo with pciPath=/sys/devices/pci0000:10/0000:10:01.1/0000:11:00.0/0000:12:01.0/0000:14:00.0 net=1 gin=1 keep=1 coll=(null)
gpu-nodes-2:1001:1001 [2] NCCL INFO NET/IB : GPU Direct RDMA Enabled for HCA 2 'mlx5_2'
gpu-nodes-2:1001:1001 [2] NCCL INFO ncclTopoPopulateNics : Filled mlx5_2 in topo with pciPath=/sys/devices/pci0000:60/0000:60:01.1/0000:61:00.0/0000:62:01.0/0000:64:00.0 net=1 gin=1 keep=1 coll=(null)
gpu-nodes-2:1001:1001 [2] NCCL INFO NET/IB : GPU Direct RDMA Enabled for HCA 3 'mlx5_0'
gpu-nodes-2:1001:1001 [2] NCCL INFO ncclTopoPopulateNics : Filled mlx5_0 in topo with pciPath=/sys/devices/pci0000:70/0000:70:01.1/0000:71:00.0/0000:72:01.0/0000:74:00.0 net=1 gin=1 keep=1 coll=(null)
gpu-nodes-2:1001:1001 [2] NCCL INFO NET/IB : GPU Direct RDMA Enabled for HCA 4 'mlx5_9'
gpu-nodes-2:1001:1001 [2] NCCL INFO ncclTopoPopulateNics : Filled mlx5_9 in topo with pciPath=/sys/devices/pci0000:80/0000:80:01.1/0000:81:00.0/0000:82:01.0/0000:84:00.0 net=1 gin=1 keep=1 coll=(null)
gpu-nodes-2:1001:1001 [2] NCCL INFO NET/IB : GPU Direct RDMA Enabled for HCA 5 'mlx5_13'
gpu-nodes-2:1001:1001 [2] NCCL INFO ncclTopoPopulateNics : Filled mlx5_13 in topo with pciPath=/sys/devices/pci0000:90/0000:90:01.1/0000:91:00.0/0000:92:01.0/0000:94:00.0 net=1 gin=1 keep=1 coll=(null)
gpu-nodes-2:1001:1001 [2] NCCL INFO NET/IB : GPU Direct RDMA Enabled for HCA 6 'mlx5_10'
gpu-nodes-2:1001:1001 [2] NCCL INFO ncclTopoPopulateNics : Filled mlx5_10 in topo with pciPath=/sys/devices/pci0000:c0/0000:c0:01.1/0000:c1:00.0 net=1 gin=1 keep=1 coll=(null)
gpu-nodes-2:1001:1001 [2] NCCL INFO NET/IB : GPU Direct RDMA Enabled for HCA 7 'mlx5_11'
gpu-nodes-2:1001:1001 [2] NCCL INFO ncclTopoPopulateNics : Filled mlx5_11 in topo with pciPath=/sys/devices/pci0000:c0/0000:c0:01.1/0000:c1:00.0 net=1 gin=1 keep=1 coll=(null)
gpu-nodes-2:1001:1001 [2] NCCL INFO NET/IB : GPU Direct RDMA Enabled for HCA 8 'mlx5_5'
gpu-nodes-2:1001:1001 [2] NCCL INFO ncclTopoPopulateNics : Filled mlx5_5 in topo with pciPath=/sys/devices/pci0000:d0/0000:d0:03.3/0000:d2:00.0 net=1 gin=1 keep=1 coll=(null)
gpu-nodes-2:1001:1001 [2] NCCL INFO NET/IB : GPU Direct RDMA Enabled for HCA 9 'mlx5_6'
gpu-nodes-2:1001:1001 [2] NCCL INFO ncclTopoPopulateNics : Filled mlx5_6 in topo with pciPath=/sys/devices/pci0000:d0/0000:d0:03.3/0000:d2:00.0 net=1 gin=1 keep=1 coll=(null)
gpu-nodes-2:1001:1001 [2] NCCL INFO NET/IB : GPU Direct RDMA Enabled for HCA 10 'mlx5_7'
gpu-nodes-2:1001:1001 [2] NCCL INFO ncclTopoPopulateNics : Filled mlx5_7 in topo with pciPath=/sys/devices/pci0000:d0/0000:d0:03.3/0000:d2:00.0 net=1 gin=1 keep=1 coll=(null)
gpu-nodes-2:1001:1001 [2] NCCL INFO NET/IB : GPU Direct RDMA Enabled for HCA 11 'mlx5_8'
gpu-nodes-2:1001:1001 [2] NCCL INFO ncclTopoPopulateNics : Filled mlx5_8 in topo with pciPath=/sys/devices/pci0000:d0/0000:d0:03.3/0000:d2:00.0 net=1 gin=1 keep=1 coll=(null)
gpu-nodes-2:1001:1001 [2] NCCL INFO NET/IB : GPU Direct RDMA Enabled for HCA 12 'mlx5_12'
gpu-nodes-2:1001:1001 [2] NCCL INFO ncclTopoPopulateNics : Filled mlx5_12 in topo with pciPath=/sys/devices/pci0000:e0/0000:e0:01.1/0000:e1:00.0/0000:e2:01.0/0000:e4:00.0 net=1 gin=1 keep=1 coll=(null)
gpu-nodes-2:1001:1001 [2] NCCL INFO NET/IB : GPU Direct RDMA Enabled for HCA 13 'mlx5_4'
gpu-nodes-2:1001:1001 [2] NCCL INFO ncclTopoPopulateNics : Filled mlx5_4 in topo with pciPath=/sys/devices/pci0000:f0/0000:f0:01.1/0000:f1:00.0/0000:f2:01.0/0000:f4:00.0 net=1 gin=1 keep=1 coll=(null)
gpu-nodes-2:1001:1001 [2] NCCL INFO NET/IB : GPU Direct RDMA Enabled for HCA 14 'mlx5_10+mlx5_11'
gpu-nodes-2:1001:1001 [2] NCCL INFO ncclTopoPopulateNics : Filled mlx5_10+mlx5_11 in topo with pciPath=/sys/devices/pci0000:c0/0000:c0:01.1/0000:c1:00.0 net=1 gin=(null) keep=1 coll=(null)
gpu-nodes-2:1001:1001 [2] NCCL INFO NET/IB : GPU Direct RDMA Enabled for HCA 15 'mlx5_5+mlx5_6+mlx5_7+mlx5_8'
gpu-nodes-2:1001:1001 [2] NCCL INFO ncclTopoPopulateNics : Filled mlx5_5+mlx5_6+mlx5_7+mlx5_8 in topo with pciPath=/sys/devices/pci0000:d0/0000:d0:03.3/0000:d2:00.0 net=1 gin=(null) keep=1 coll=(null)
gpu-nodes-2:1001:1001 [2] NCCL INFO GPU Direct RDMA Enabled for GPU/0-12288 (rank 0) - NET/0-0 (distance 4 <= 6, read 0, mode Default)
gpu-nodes-2:1001:1001 [2] NCCL INFO GPU Direct RDMA Enabled for GPU/0-77824 (rank 1) - NET/0-0 ( using PXN via GPU/0-12288, distance 4 <= 6, read 0, mode Default)
gpu-nodes-2:1001:1001 [2] NCCL INFO GPU Direct RDMA Enabled for GPU/0-405504 (rank 2) - NET/0-0 ( using PXN via GPU/0-12288, distance 4 <= 6, read 0, mode Default)
gpu-nodes-2:1001:1001 [2] NCCL INFO GPU Direct RDMA Enabled for GPU/0-471040 (rank 3) - NET/0-0 ( using PXN via GPU/0-12288, distance 4 <= 6, read 0, mode Default)
gpu-nodes-2:1001:1001 [2] NCCL INFO GPU Direct RDMA Enabled for GPU/0-536576 (rank 4) - NET/0-0 ( using PXN via GPU/0-12288, distance 4 <= 6, read 0, mode Default)
gpu-nodes-2:1001:1001 [2] NCCL INFO GPU Direct RDMA Enabled for GPU/0-602112 (rank 5) - NET/0-0 ( using PXN via GPU/0-12288, distance 4 <= 6, read 0, mode Default)
gpu-nodes-2:1001:1001 [2] NCCL INFO GPU Direct RDMA Enabled for GPU/0-929792 (rank 6) - NET/0-0 ( using PXN via GPU/0-12288, distance 4 <= 6, read 0, mode Default)
gpu-nodes-2:1001:1001 [2] NCCL INFO GPU Direct RDMA Enabled for GPU/0-995328 (rank 7) - NET/0-0 ( using PXN via GPU/0-12288, distance 4 <= 6, read 0, mode Default)
gpu-nodes-2:1001:1001 [2] NCCL INFO GPU Direct RDMA Enabled for GPU/0-12288 (rank 0) - NET/0-1 ( using PXN via GPU/0-77824, distance 4 <= 6, read 0, mode Default)
gpu-nodes-2:1001:1001 [2] NCCL INFO GPU Direct RDMA Enabled for GPU/0-77824 (rank 1) - NET/0-1 (distance 4 <= 6, read 0, mode Default)
gpu-nodes-2:1001:1001 [2] NCCL INFO GPU Direct RDMA Enabled for GPU/0-405504 (rank 2) - NET/0-1 ( using PXN via GPU/0-77824, distance 4 <= 6, read 0, mode Default)
gpu-nodes-2:1001:1001 [2] NCCL INFO GPU Direct RDMA Enabled for GPU/0-471040 (rank 3) - NET/0-1 ( using PXN via GPU/0-77824, distance 4 <= 6, read 0, mode Default)
gpu-nodes-2:1001:1001 [2] NCCL INFO GPU Direct RDMA Enabled for GPU/0-536576 (rank 4) - NET/0-1 ( using PXN via GPU/0-77824, distance 4 <= 6, read 0, mode Default)
gpu-nodes-2:1001:1001 [2] NCCL INFO GPU Direct RDMA Enabled for GPU/0-602112 (rank 5) - NET/0-1 ( using PXN via GPU/0-77824, distance 4 <= 6, read 0, mode Default)
gpu-nodes-2:1001:1001 [2] NCCL INFO GPU Direct RDMA Enabled for GPU/0-929792 (rank 6) - NET/0-1 ( using PXN via GPU/0-77824, distance 4 <= 6, read 0, mode Default)
gpu-nodes-2:1001:1001 [2] NCCL INFO GPU Direct RDMA Enabled for GPU/0-995328 (rank 7) - NET/0-1 ( using PXN via GPU/0-77824, distance 4 <= 6, read 0, mode Default)
gpu-nodes-2:1001:1001 [2] NCCL INFO GPU Direct RDMA Enabled for GPU/0-12288 (rank 0) - NET/0-2 ( using PXN via GPU/0-405504, distance 4 <= 6, read 0, mode Default)
gpu-nodes-2:1001:1001 [2] NCCL INFO GPU Direct RDMA Enabled for GPU/0-77824 (rank 1) - NET/0-2 ( using PXN via GPU/0-405504, distance 4 <= 6, read 0, mode Default)
gpu-nodes-2:1001:1001 [2] NCCL INFO GPU Direct RDMA Enabled for GPU/0-405504 (rank 2) - NET/0-2 (distance 4 <= 6, read 0, mode Default)
gpu-nodes-2:1001:1001 [2] NCCL INFO GPU Direct RDMA Enabled for GPU/0-471040 (rank 3) - NET/0-2 ( using PXN via GPU/0-405504, distance 4 <= 6, read 0, mode Default)
gpu-nodes-2:1001:1001 [2] NCCL INFO GPU Direct RDMA Enabled for GPU/0-536576 (rank 4) - NET/0-2 ( using PXN via GPU/0-405504, distance 4 <= 6, read 0, mode Default)
gpu-nodes-2:1001:1001 [2] NCCL INFO GPU Direct RDMA Enabled for GPU/0-602112 (rank 5) - NET/0-2 ( using PXN via GPU/0-405504, distance 4 <= 6, read 0, mode Default)
gpu-nodes-2:1001:1001 [2] NCCL INFO GPU Direct RDMA Enabled for GPU/0-929792 (rank 6) - NET/0-2 ( using PXN via GPU/0-405504, distance 4 <= 6, read 0, mode Default)
gpu-nodes-2:1001:1001 [2] NCCL INFO GPU Direct RDMA Enabled for GPU/0-995328 (rank 7) - NET/0-2 ( using PXN via GPU/0-405504, distance 4 <= 6, read 0, mode Default)
gpu-nodes-2:1001:1001 [2] NCCL INFO GPU Direct RDMA Enabled for GPU/0-12288 (rank 0) - NET/0-3 ( using PXN via GPU/0-471040, distance 4 <= 6, read 0, mode Default)
gpu-nodes-2:1001:1001 [2] NCCL INFO GPU Direct RDMA Enabled for GPU/0-77824 (rank 1) - NET/0-3 ( using PXN via GPU/0-471040, distance 4 <= 6, read 0, mode Default)
gpu-nodes-2:1001:1001 [2] NCCL INFO GPU Direct RDMA Enabled for GPU/0-405504 (rank 2) - NET/0-3 ( using PXN via GPU/0-471040, distance 4 <= 6, read 0, mode Default)
gpu-nodes-2:1001:1001 [2] NCCL INFO GPU Direct RDMA Enabled for GPU/0-471040 (rank 3) - NET/0-3 (distance 4 <= 6, read 0, mode Default)
gpu-nodes-2:1001:1001 [2] NCCL INFO GPU Direct RDMA Enabled for GPU/0-536576 (rank 4) - NET/0-3 ( using PXN via GPU/0-471040, distance 4 <= 6, read 0, mode Default)
gpu-nodes-2:1001:1001 [2] NCCL INFO GPU Direct RDMA Enabled for GPU/0-602112 (rank 5) - NET/0-3 ( using PXN via GPU/0-471040, distance 4 <= 6, read 0, mode Default)
gpu-nodes-2:1001:1001 [2] NCCL INFO GPU Direct RDMA Enabled for GPU/0-929792 (rank 6) - NET/0-3 ( using PXN via GPU/0-471040, distance 4 <= 6, read 0, mode Default)
gpu-nodes-2:1001:1001 [2] NCCL INFO GPU Direct RDMA Enabled for GPU/0-995328 (rank 7) - NET/0-3 ( using PXN via GPU/0-471040, distance 4 <= 6, read 0, mode Default)
gpu-nodes-2:1001:1001 [2] NCCL INFO GPU Direct RDMA Enabled for GPU/0-12288 (rank 0) - NET/0-4 ( using PXN via GPU/0-536576, distance 4 <= 6, read 0, mode Default)
gpu-nodes-2:1001:1001 [2] NCCL INFO GPU Direct RDMA Enabled for GPU/0-77824 (rank 1) - NET/0-4 ( using PXN via GPU/0-536576, distance 4 <= 6, read 0, mode Default)
gpu-nodes-2:1001:1001 [2] NCCL INFO GPU Direct RDMA Enabled for GPU/0-405504 (rank 2) - NET/0-4 ( using PXN via GPU/0-536576, distance 4 <= 6, read 0, mode Default)
gpu-nodes-2:1001:1001 [2] NCCL INFO GPU Direct RDMA Enabled for GPU/0-471040 (rank 3) - NET/0-4 ( using PXN via GPU/0-536576, distance 4 <= 6, read 0, mode Default)
gpu-nodes-2:1001:1001 [2] NCCL INFO GPU Direct RDMA Enabled for GPU/0-536576 (rank 4) - NET/0-4 (distance 4 <= 6, read 0, mode Default)
gpu-nodes-2:1001:1001 [2] NCCL INFO GPU Direct RDMA Enabled for GPU/0-602112 (rank 5) - NET/0-4 ( using PXN via GPU/0-536576, distance 4 <= 6, read 0, mode Default)
gpu-nodes-2:1001:1001 [2] NCCL INFO GPU Direct RDMA Enabled for GPU/0-929792 (rank 6) - NET/0-4 ( using PXN via GPU/0-536576, distance 4 <= 6, read 0, mode Default)
gpu-nodes-2:1001:1001 [2] NCCL INFO GPU Direct RDMA Enabled for GPU/0-995328 (rank 7) - NET/0-4 ( using PXN via GPU/0-536576, distance 4 <= 6, read 0, mode Default)
gpu-nodes-2:1001:1001 [2] NCCL INFO GPU Direct RDMA Enabled for GPU/0-12288 (rank 0) - NET/0-5 ( using PXN via GPU/0-602112, distance 4 <= 6, read 0, mode Default)
gpu-nodes-2:1001:1001 [2] NCCL INFO GPU Direct RDMA Enabled for GPU/0-77824 (rank 1) - NET/0-5 ( using PXN via GPU/0-602112, distance 4 <= 6, read 0, mode Default)
gpu-nodes-2:1001:1001 [2] NCCL INFO GPU Direct RDMA Enabled for GPU/0-405504 (rank 2) - NET/0-5 ( using PXN via GPU/0-602112, distance 4 <= 6, read 0, mode Default)
gpu-nodes-2:1001:1001 [2] NCCL INFO GPU Direct RDMA Enabled for GPU/0-471040 (rank 3) - NET/0-5 ( using PXN via GPU/0-602112, distance 4 <= 6, read 0, mode Default)
gpu-nodes-2:1001:1001 [2] NCCL INFO GPU Direct RDMA Enabled for GPU/0-536576 (rank 4) - NET/0-5 ( using PXN via GPU/0-602112, distance 4 <= 6, read 0, mode Default)
gpu-nodes-2:1001:1001 [2] NCCL INFO GPU Direct RDMA Enabled for GPU/0-602112 (rank 5) - NET/0-5 (distance 4 <= 6, read 0, mode Default)
gpu-nodes-2:1001:1001 [2] NCCL INFO GPU Direct RDMA Enabled for GPU/0-929792 (rank 6) - NET/0-5 ( using PXN via GPU/0-602112, distance 4 <= 6, read 0, mode Default)
gpu-nodes-2:1001:1001 [2] NCCL INFO GPU Direct RDMA Enabled for GPU/0-995328 (rank 7) - NET/0-5 ( using PXN via GPU/0-602112, distance 4 <= 6, read 0, mode Default)
gpu-nodes-2:1001:1001 [2] NCCL INFO GPU Direct RDMA Enabled for GPU/0-12288 (rank 0) - NET/0-12 ( using PXN via GPU/0-929792, distance 4 <= 6, read 0, mode Default)
gpu-nodes-2:1001:1001 [2] NCCL INFO GPU Direct RDMA Enabled for GPU/0-77824 (rank 1) - NET/0-12 ( using PXN via GPU/0-929792, distance 4 <= 6, read 0, mode Default)
gpu-nodes-2:1001:1001 [2] NCCL INFO GPU Direct RDMA Enabled for GPU/0-405504 (rank 2) - NET/0-12 ( using PXN via GPU/0-929792, distance 4 <= 6, read 0, mode Default)
gpu-nodes-2:1001:1001 [2] NCCL INFO GPU Direct RDMA Enabled for GPU/0-471040 (rank 3) - NET/0-12 ( using PXN via GPU/0-929792, distance 4 <= 6, read 0, mode Default)
gpu-nodes-2:1001:1001 [2] NCCL INFO GPU Direct RDMA Enabled for GPU/0-536576 (rank 4) - NET/0-12 ( using PXN via GPU/0-929792, distance 4 <= 6, read 0, mode Default)
gpu-nodes-2:1001:1001 [2] NCCL INFO GPU Direct RDMA Enabled for GPU/0-602112 (rank 5) - NET/0-12 ( using PXN via GPU/0-929792, distance 4 <= 6, read 0, mode Default)
gpu-nodes-2:1001:1001 [2] NCCL INFO GPU Direct RDMA Enabled for GPU/0-929792 (rank 6) - NET/0-12 (distance 4 <= 6, read 0, mode Default)
gpu-nodes-2:1001:1001 [2] NCCL INFO GPU Direct RDMA Enabled for GPU/0-995328 (rank 7) - NET/0-12 ( using PXN via GPU/0-929792, distance 4 <= 6, read 0, mode Default)
gpu-nodes-2:1001:1001 [2] NCCL INFO GPU Direct RDMA Enabled for GPU/0-12288 (rank 0) - NET/0-13 ( using PXN via GPU/0-995328, distance 4 <= 6, read 0, mode Default)
gpu-nodes-2:1001:1001 [2] NCCL INFO GPU Direct RDMA Enabled for GPU/0-77824 (rank 1) - NET/0-13 ( using PXN via GPU/0-995328, distance 4 <= 6, read 0, mode Default)
gpu-nodes-2:1001:1001 [2] NCCL INFO GPU Direct RDMA Enabled for GPU/0-405504 (rank 2) - NET/0-13 ( using PXN via GPU/0-995328, distance 4 <= 6, read 0, mode Default)
gpu-nodes-2:1001:1001 [2] NCCL INFO GPU Direct RDMA Enabled for GPU/0-471040 (rank 3) - NET/0-13 ( using PXN via GPU/0-995328, distance 4 <= 6, read 0, mode Default)
gpu-nodes-2:1001:1001 [2] NCCL INFO GPU Direct RDMA Enabled for GPU/0-536576 (rank 4) - NET/0-13 ( using PXN via GPU/0-995328, distance 4 <= 6, read 0, mode Default)
gpu-nodes-2:1001:1001 [2] NCCL INFO GPU Direct RDMA Enabled for GPU/0-602112 (rank 5) - NET/0-13 ( using PXN via GPU/0-995328, distance 4 <= 6, read 0, mode Default)
gpu-nodes-2:1001:1001 [2] NCCL INFO GPU Direct RDMA Enabled for GPU/0-929792 (rank 6) - NET/0-13 ( using PXN via GPU/0-995328, distance 4 <= 6, read 0, mode Default)
gpu-nodes-2:1001:1001 [2] NCCL INFO GPU Direct RDMA Enabled for GPU/0-995328 (rank 7) - NET/0-13 (distance 4 <= 6, read 0, mode Default)
gpu-nodes-2:1001:1001 [2] NCCL INFO GPU Direct RDMA Enabled for GPU/0-12288 (rank 0) - NET/0-0 (distance 4 <= 6, read 0, mode Default)
gpu-nodes-2:1001:1001 [2] NCCL INFO GPU Direct RDMA Enabled for GPU/0-77824 (rank 1) - NET/0-0 ( using PXN via GPU/0-12288, distance 4 <= 6, read 0, mode Default)
gpu-nodes-2:1001:1001 [2] NCCL INFO GPU Direct RDMA Enabled for GPU/0-405504 (rank 2) - NET/0-0 ( using PXN via GPU/0-12288, distance 4 <= 6, read 0, mode Default)
gpu-nodes-2:1001:1001 [2] NCCL INFO GPU Direct RDMA Enabled for GPU/0-471040 (rank 3) - NET/0-0 ( using PXN via GPU/0-12288, distance 4 <= 6, read 0, mode Default)
gpu-nodes-2:1001:1001 [2] NCCL INFO GPU Direct RDMA Enabled for GPU/0-536576 (rank 4) - NET/0-0 ( using PXN via GPU/0-12288, distance 4 <= 6, read 0, mode Default)
gpu-nodes-2:1001:1001 [2] NCCL INFO GPU Direct RDMA Enabled for GPU/0-602112 (rank 5) - NET/0-0 ( using PXN via GPU/0-12288, distance 4 <= 6, read 0, mode Default)
gpu-nodes-2:1001:1001 [2] NCCL INFO GPU Direct RDMA Enabled for GPU/0-929792 (rank 6) - NET/0-0 ( using PXN via GPU/0-12288, distance 4 <= 6, read 0, mode Default)
gpu-nodes-2:1001:1001 [2] NCCL INFO GPU Direct RDMA Enabled for GPU/0-995328 (rank 7) - NET/0-0 ( using PXN via GPU/0-12288, distance 4 <= 6, read 0, mode Default)
gpu-nodes-2:1001:1001 [2] NCCL INFO GPU Direct RDMA Enabled for GPU/0-12288 (rank 0) - NET/0-1 ( using PXN via GPU/0-77824, distance 4 <= 6, read 0, mode Default)
gpu-nodes-2:1001:1001 [2] NCCL INFO GPU Direct RDMA Enabled for GPU/0-77824 (rank 1) - NET/0-1 (distance 4 <= 6, read 0, mode Default)
gpu-nodes-2:1001:1001 [2] NCCL INFO GPU Direct RDMA Enabled for GPU/0-405504 (rank 2) - NET/0-1 ( using PXN via GPU/0-77824, distance 4 <= 6, read 0, mode Default)
gpu-nodes-2:1001:1001 [2] NCCL INFO GPU Direct RDMA Enabled for GPU/0-471040 (rank 3) - NET/0-1 ( using PXN via GPU/0-77824, distance 4 <= 6, read 0, mode Default)
gpu-nodes-2:1001:1001 [2] NCCL INFO GPU Direct RDMA Enabled for GPU/0-536576 (rank 4) - NET/0-1 ( using PXN via GPU/0-77824, distance 4 <= 6, read 0, mode Default)
gpu-nodes-2:1001:1001 [2] NCCL INFO GPU Direct RDMA Enabled for GPU/0-602112 (rank 5) - NET/0-1 ( using PXN via GPU/0-77824, distance 4 <= 6, read 0, mode Default)
gpu-nodes-2:1001:1001 [2] NCCL INFO GPU Direct RDMA Enabled for GPU/0-929792 (rank 6) - NET/0-1 ( using PXN via GPU/0-77824, distance 4 <= 6, read 0, mode Default)
gpu-nodes-2:1001:1001 [2] NCCL INFO GPU Direct RDMA Enabled for GPU/0-995328 (rank 7) - NET/0-1 ( using PXN via GPU/0-77824, distance 4 <= 6, read 0, mode Default)
gpu-nodes-2:1001:1001 [2] NCCL INFO GPU Direct RDMA Enabled for GPU/0-12288 (rank 0) - NET/0-2 ( using PXN via GPU/0-405504, distance 4 <= 6, read 0, mode Default)
gpu-nodes-2:1001:1001 [2] NCCL INFO GPU Direct RDMA Enabled for GPU/0-77824 (rank 1) - NET/0-2 ( using PXN via GPU/0-405504, distance 4 <= 6, read 0, mode Default)
gpu-nodes-2:1001:1001 [2] NCCL INFO GPU Direct RDMA Enabled for GPU/0-405504 (rank 2) - NET/0-2 (distance 4 <= 6, read 0, mode Default)
gpu-nodes-2:1001:1001 [2] NCCL INFO GPU Direct RDMA Enabled for GPU/0-471040 (rank 3) - NET/0-2 ( using PXN via GPU/0-405504, distance 4 <= 6, read 0, mode Default)
gpu-nodes-2:1001:1001 [2] NCCL INFO GPU Direct RDMA Enabled for GPU/0-536576 (rank 4) - NET/0-2 ( using PXN via GPU/0-405504, distance 4 <= 6, read 0, mode Default)
gpu-nodes-2:1001:1001 [2] NCCL INFO GPU Direct RDMA Enabled for GPU/0-602112 (rank 5) - NET/0-2 ( using PXN via GPU/0-405504, distance 4 <= 6, read 0, mode Default)
gpu-nodes-2:1001:1001 [2] NCCL INFO GPU Direct RDMA Enabled for GPU/0-929792 (rank 6) - NET/0-2 ( using PXN via GPU/0-405504, distance 4 <= 6, read 0, mode Default)
gpu-nodes-2:1001:1001 [2] NCCL INFO GPU Direct RDMA Enabled for GPU/0-995328 (rank 7) - NET/0-2 ( using PXN via GPU/0-405504, distance 4 <= 6, read 0, mode Default)
gpu-nodes-2:1001:1001 [2] NCCL INFO GPU Direct RDMA Enabled for GPU/0-12288 (rank 0) - NET/0-3 ( using PXN via GPU/0-471040, distance 4 <= 6, read 0, mode Default)
gpu-nodes-2:1001:1001 [2] NCCL INFO GPU Direct RDMA Enabled for GPU/0-77824 (rank 1) - NET/0-3 ( using PXN via GPU/0-471040, distance 4 <= 6, read 0, mode Default)
gpu-nodes-2:1001:1001 [2] NCCL INFO GPU Direct RDMA Enabled for GPU/0-405504 (rank 2) - NET/0-3 ( using PXN via GPU/0-471040, distance 4 <= 6, read 0, mode Default)
gpu-nodes-2:1001:1001 [2] NCCL INFO GPU Direct RDMA Enabled for GPU/0-471040 (rank 3) - NET/0-3 (distance 4 <= 6, read 0, mode Default)
gpu-nodes-2:1001:1001 [2] NCCL INFO GPU Direct RDMA Enabled for GPU/0-536576 (rank 4) - NET/0-3 ( using PXN via GPU/0-471040, distance 4 <= 6, read 0, mode Default)
gpu-nodes-2:1001:1001 [2] NCCL INFO GPU Direct RDMA Enabled for GPU/0-602112 (rank 5) - NET/0-3 ( using PXN via GPU/0-471040, distance 4 <= 6, read 0, mode Default)
gpu-nodes-2:1001:1001 [2] NCCL INFO GPU Direct RDMA Enabled for GPU/0-929792 (rank 6) - NET/0-3 ( using PXN via GPU/0-471040, distance 4 <= 6, read 0, mode Default)
gpu-nodes-2:1001:1001 [2] NCCL INFO GPU Direct RDMA Enabled for GPU/0-995328 (rank 7) - NET/0-3 ( using PXN via GPU/0-471040, distance 4 <= 6, read 0, mode Default)
gpu-nodes-2:1001:1001 [2] NCCL INFO GPU Direct RDMA Enabled for GPU/0-12288 (rank 0) - NET/0-4 ( using PXN via GPU/0-536576, distance 4 <= 6, read 0, mode Default)
gpu-nodes-2:1001:1001 [2] NCCL INFO GPU Direct RDMA Enabled for GPU/0-77824 (rank 1) - NET/0-4 ( using PXN via GPU/0-536576, distance 4 <= 6, read 0, mode Default)
gpu-nodes-2:1001:1001 [2] NCCL INFO GPU Direct RDMA Enabled for GPU/0-405504 (rank 2) - NET/0-4 ( using PXN via GPU/0-536576, distance 4 <= 6, read 0, mode Default)
gpu-nodes-2:1001:1001 [2] NCCL INFO GPU Direct RDMA Enabled for GPU/0-471040 (rank 3) - NET/0-4 ( using PXN via GPU/0-536576, distance 4 <= 6, read 0, mode Default)
gpu-nodes-2:1001:1001 [2] NCCL INFO GPU Direct RDMA Enabled for GPU/0-536576 (rank 4) - NET/0-4 (distance 4 <= 6, read 0, mode Default)
gpu-nodes-2:1001:1001 [2] NCCL INFO GPU Direct RDMA Enabled for GPU/0-602112 (rank 5) - NET/0-4 ( using PXN via GPU/0-536576, distance 4 <= 6, read 0, mode Default)
gpu-nodes-2:1001:1001 [2] NCCL INFO GPU Direct RDMA Enabled for GPU/0-929792 (rank 6) - NET/0-4 ( using PXN via GPU/0-536576, distance 4 <= 6, read 0, mode Default)
gpu-nodes-2:1001:1001 [2] NCCL INFO GPU Direct RDMA Enabled for GPU/0-995328 (rank 7) - NET/0-4 ( using PXN via GPU/0-536576, distance 4 <= 6, read 0, mode Default)
gpu-nodes-2:1001:1001 [2] NCCL INFO GPU Direct RDMA Enabled for GPU/0-12288 (rank 0) - NET/0-5 ( using PXN via GPU/0-602112, distance 4 <= 6, read 0, mode Default)
gpu-nodes-2:1001:1001 [2] NCCL INFO GPU Direct RDMA Enabled for GPU/0-77824 (rank 1) - NET/0-5 ( using PXN via GPU/0-602112, distance 4 <= 6, read 0, mode Default)
gpu-nodes-2:1001:1001 [2] NCCL INFO GPU Direct RDMA Enabled for GPU/0-405504 (rank 2) - NET/0-5 ( using PXN via GPU/0-602112, distance 4 <= 6, read 0, mode Default)
gpu-nodes-2:1001:1001 [2] NCCL INFO GPU Direct RDMA Enabled for GPU/0-471040 (rank 3) - NET/0-5 ( using PXN via GPU/0-602112, distance 4 <= 6, read 0, mode Default)
gpu-nodes-2:1001:1001 [2] NCCL INFO GPU Direct RDMA Enabled for GPU/0-536576 (rank 4) - NET/0-5 ( using PXN via GPU/0-602112, distance 4 <= 6, read 0, mode Default)
gpu-nodes-2:1001:1001 [2] NCCL INFO GPU Direct RDMA Enabled for GPU/0-602112 (rank 5) - NET/0-5 (distance 4 <= 6, read 0, mode Default)
gpu-nodes-2:1001:1001 [2] NCCL INFO GPU Direct RDMA Enabled for GPU/0-929792 (rank 6) - NET/0-5 ( using PXN via GPU/0-602112, distance 4 <= 6, read 0, mode Default)
gpu-nodes-2:1001:1001 [2] NCCL INFO GPU Direct RDMA Enabled for GPU/0-995328 (rank 7) - NET/0-5 ( using PXN via GPU/0-602112, distance 4 <= 6, read 0, mode Default)
gpu-nodes-2:1001:1001 [2] NCCL INFO GPU Direct RDMA Enabled for GPU/0-12288 (rank 0) - NET/0-12 ( using PXN via GPU/0-929792, distance 4 <= 6, read 0, mode Default)
gpu-nodes-2:1001:1001 [2] NCCL INFO GPU Direct RDMA Enabled for GPU/0-77824 (rank 1) - NET/0-12 ( using PXN via GPU/0-929792, distance 4 <= 6, read 0, mode Default)
gpu-nodes-2:1001:1001 [2] NCCL INFO GPU Direct RDMA Enabled for GPU/0-405504 (rank 2) - NET/0-12 ( using PXN via GPU/0-929792, distance 4 <= 6, read 0, mode Default)
gpu-nodes-2:1001:1001 [2] NCCL INFO GPU Direct RDMA Enabled for GPU/0-471040 (rank 3) - NET/0-12 ( using PXN via GPU/0-929792, distance 4 <= 6, read 0, mode Default)
gpu-nodes-2:1001:1001 [2] NCCL INFO GPU Direct RDMA Enabled for GPU/0-536576 (rank 4) - NET/0-12 ( using PXN via GPU/0-929792, distance 4 <= 6, read 0, mode Default)
gpu-nodes-2:1001:1001 [2] NCCL INFO GPU Direct RDMA Enabled for GPU/0-602112 (rank 5) - NET/0-12 ( using PXN via GPU/0-929792, distance 4 <= 6, read 0, mode Default)
gpu-nodes-2:1001:1001 [2] NCCL INFO GPU Direct RDMA Enabled for GPU/0-929792 (rank 6) - NET/0-12 (distance 4 <= 6, read 0, mode Default)
gpu-nodes-2:1001:1001 [2] NCCL INFO GPU Direct RDMA Enabled for GPU/0-995328 (rank 7) - NET/0-12 ( using PXN via GPU/0-929792, distance 4 <= 6, read 0, mode Default)
gpu-nodes-2:1001:1001 [2] NCCL INFO GPU Direct RDMA Enabled for GPU/0-12288 (rank 0) - NET/0-13 ( using PXN via GPU/0-995328, distance 4 <= 6, read 0, mode Default)
gpu-nodes-2:1001:1001 [2] NCCL INFO GPU Direct RDMA Enabled for GPU/0-77824 (rank 1) - NET/0-13 ( using PXN via GPU/0-995328, distance 4 <= 6, read 0, mode Default)
gpu-nodes-2:1001:1001 [2] NCCL INFO GPU Direct RDMA Enabled for GPU/0-405504 (rank 2) - NET/0-13 ( using PXN via GPU/0-995328, distance 4 <= 6, read 0, mode Default)
gpu-nodes-2:1001:1001 [2] NCCL INFO GPU Direct RDMA Enabled for GPU/0-471040 (rank 3) - NET/0-13 ( using PXN via GPU/0-995328, distance 4 <= 6, read 0, mode Default)
gpu-nodes-2:1001:1001 [2] NCCL INFO GPU Direct RDMA Enabled for GPU/0-536576 (rank 4) - NET/0-13 ( using PXN via GPU/0-995328, distance 4 <= 6, read 0, mode Default)
gpu-nodes-2:1001:1001 [2] NCCL INFO GPU Direct RDMA Enabled for GPU/0-602112 (rank 5) - NET/0-13 ( using PXN via GPU/0-995328, distance 4 <= 6, read 0, mode Default)
gpu-nodes-2:1001:1001 [2] NCCL INFO GPU Direct RDMA Enabled for GPU/0-929792 (rank 6) - NET/0-13 ( using PXN via GPU/0-995328, distance 4 <= 6, read 0, mode Default)
gpu-nodes-2:1001:1001 [2] NCCL INFO GPU Direct RDMA Enabled for GPU/0-995328 (rank 7) - NET/0-13 (distance 4 <= 6, read 0, mode Default)
gpu-nodes-2:1001:1001 [2] NCCL INFO === System : maxBw 721.8 totalBw 721.8 ===
gpu-nodes-2:1001:1001 [2] NCCL INFO CPU/0-0 (1/2/-1)
gpu-nodes-2:1001:1001 [2] NCCL INFO + PCI[48.0] - PCI/0-1000 (1000c03015d91d72)
gpu-nodes-2:1001:1001 [2] NCCL INFO               + PCI[48.0] - GPU/0-3000 (0)
gpu-nodes-2:1001:1001 [2] NCCL INFO                             + NVL[721.8] - NVS/0-0
gpu-nodes-2:1001:1001 [2] NCCL INFO               + PCI[48.0] - NIC/0-4000
gpu-nodes-2:1001:1001 [2] NCCL INFO                             + NET[50.0] - NET/0-0 (0/bc3dca0003e60050/1/50.000000)
gpu-nodes-2:1001:1001 [2] NCCL INFO                             + NET[50.0] - GIN/0-0
gpu-nodes-2:1001:1001 [2] NCCL INFO + PCI[48.0] - PCI/0-11000 (1000c03015d91d72)
gpu-nodes-2:1001:1001 [2] NCCL INFO               + PCI[48.0] - NIC/0-14000
gpu-nodes-2:1001:1001 [2] NCCL INFO                             + NET[50.0] - NET/0-1 (0/2c3eca0003e60050/1/50.000000)
gpu-nodes-2:1001:1001 [2] NCCL INFO                             + NET[50.0] - GIN/0-1
gpu-nodes-2:1001:1001 [2] NCCL INFO               + PCI[48.0] - GPU/0-13000 (1)
gpu-nodes-2:1001:1001 [2] NCCL INFO                             + NVL[721.8] - NVS/0-0
gpu-nodes-2:1001:1001 [2] NCCL INFO + PCI[48.0] - PCI/0-61000 (1000c03015d91d72)
gpu-nodes-2:1001:1001 [2] NCCL INFO               + PCI[48.0] - NIC/0-64000
gpu-nodes-2:1001:1001 [2] NCCL INFO                             + NET[50.0] - NET/0-2 (0/1c3eca0003e60050/1/50.000000)
gpu-nodes-2:1001:1001 [2] NCCL INFO                             + NET[50.0] - GIN/0-2
gpu-nodes-2:1001:1001 [2] NCCL INFO               + PCI[48.0] - GPU/0-63000 (2)
gpu-nodes-2:1001:1001 [2] NCCL INFO                             + NVL[721.8] - NVS/0-0
gpu-nodes-2:1001:1001 [2] NCCL INFO + PCI[48.0] - PCI/0-71000 (1000c03015d91d72)
gpu-nodes-2:1001:1001 [2] NCCL INFO               + PCI[48.0] - NIC/0-74000
gpu-nodes-2:1001:1001 [2] NCCL INFO                             + NET[50.0] - NET/0-3 (0/dc3dca0003e60050/1/50.000000)
gpu-nodes-2:1001:1001 [2] NCCL INFO                             + NET[50.0] - GIN/0-3
gpu-nodes-2:1001:1001 [2] NCCL INFO               + PCI[48.0] - GPU/0-73000 (3)
gpu-nodes-2:1001:1001 [2] NCCL INFO                             + NVL[721.8] - NVS/0-0
gpu-nodes-2:1001:1001 [2] NCCL INFO + SYS[16.0] - CPU/0-1
gpu-nodes-2:1001:1001 [2] NCCL INFO CPU/0-1 (1/2/-1)
gpu-nodes-2:1001:1001 [2] NCCL INFO + PCI[48.0] - PCI/0-81000 (1000c03015d91d72)
gpu-nodes-2:1001:1001 [2] NCCL INFO               + PCI[48.0] - NIC/0-84000
gpu-nodes-2:1001:1001 [2] NCCL INFO                             + NET[50.0] - NET/0-4 (0/1c9fca0003e60050/1/50.000000)
gpu-nodes-2:1001:1001 [2] NCCL INFO                             + NET[50.0] - GIN/0-4
gpu-nodes-2:1001:1001 [2] NCCL INFO               + PCI[48.0] - GPU/0-83000 (4)
gpu-nodes-2:1001:1001 [2] NCCL INFO                             + NVL[721.8] - NVS/0-0
gpu-nodes-2:1001:1001 [2] NCCL INFO + PCI[48.0] - PCI/0-91000 (1000c03015d91d72)
gpu-nodes-2:1001:1001 [2] NCCL INFO               + PCI[48.0] - NIC/0-94000
gpu-nodes-2:1001:1001 [2] NCCL INFO                             + NET[50.0] - NET/0-5 (0/ac9eca0003e60050/1/50.000000)
gpu-nodes-2:1001:1001 [2] NCCL INFO                             + NET[50.0] - GIN/0-5
gpu-nodes-2:1001:1001 [2] NCCL INFO               + PCI[48.0] - GPU/0-93000 (5)
gpu-nodes-2:1001:1001 [2] NCCL INFO                             + NVL[721.8] - NVS/0-0
gpu-nodes-2:1001:1001 [2] NCCL INFO + PCI[48.0] - NIC/0-c1000
gpu-nodes-2:1001:1001 [2] NCCL INFO               + NET[50.0] - NET/0-e (0/43cb90003bd70c4/1/50.000000)
gpu-nodes-2:1001:1001 [2] NCCL INFO               + NET[25.0] - NET/0-6 (0/43cb90003bd70c4/1/25.000000)
gpu-nodes-2:1001:1001 [2] NCCL INFO               + NET[25.0] - GIN/0-6
gpu-nodes-2:1001:1001 [2] NCCL INFO               + NET[25.0] - NET/0-7 (0/43cb90003bd70c4/2/25.000000)
gpu-nodes-2:1001:1001 [2] NCCL INFO               + NET[25.0] - GIN/0-7
gpu-nodes-2:1001:1001 [2] NCCL INFO + PCI[48.0] - PCI/0-e1000 (1000c03015d91d72)
gpu-nodes-2:1001:1001 [2] NCCL INFO               + PCI[48.0] - NIC/0-e4000
gpu-nodes-2:1001:1001 [2] NCCL INFO                             + NET[50.0] - NET/0-c (0/149bca0003e60050/1/50.000000)
gpu-nodes-2:1001:1001 [2] NCCL INFO                             + NET[50.0] - GIN/0-c
gpu-nodes-2:1001:1001 [2] NCCL INFO               + PCI[48.0] - GPU/0-e3000 (6)
gpu-nodes-2:1001:1001 [2] NCCL INFO                             + NVL[721.8] - NVS/0-0
gpu-nodes-2:1001:1001 [2] NCCL INFO + PCI[48.0] - PCI/0-f1000 (1000c03015d91d72)
gpu-nodes-2:1001:1001 [2] NCCL INFO               + PCI[48.0] - NIC/0-f4000
gpu-nodes-2:1001:1001 [2] NCCL INFO                             + NET[50.0] - NET/0-d (0/fc9aca0003e60050/1/50.000000)
gpu-nodes-2:1001:1001 [2] NCCL INFO                             + NET[50.0] - GIN/0-d
gpu-nodes-2:1001:1001 [2] NCCL INFO               + PCI[48.0] - GPU/0-f3000 (7)
gpu-nodes-2:1001:1001 [2] NCCL INFO                             + NVL[721.8] - NVS/0-0
gpu-nodes-2:1001:1001 [2] NCCL INFO + SYS[16.0] - CPU/0-0
gpu-nodes-2:1001:1001 [2] NCCL INFO + PCI[1.5] - NIC/0-d2000
gpu-nodes-2:1001:1001 [2] NCCL INFO              + NET[50.0] - NET/0-f (0/62541b0003098c7c/1/50.000000)
gpu-nodes-2:1001:1001 [2] NCCL INFO              + NET[12.5] - NET/0-8 (0/62541b0003098c7c/1/12.500000)
gpu-nodes-2:1001:1001 [2] NCCL INFO              + NET[12.5] - GIN/0-8
gpu-nodes-2:1001:1001 [2] NCCL INFO              + NET[12.5] - NET/0-9 (0/62541b0003098c7c/2/12.500000)
gpu-nodes-2:1001:1001 [2] NCCL INFO              + NET[12.5] - GIN/0-9
gpu-nodes-2:1001:1001 [2] NCCL INFO              + NET[12.5] - NET/0-a (0/62541b0003098c7c/3/12.500000)
gpu-nodes-2:1001:1001 [2] NCCL INFO              + NET[12.5] - GIN/0-a
gpu-nodes-2:1001:1001 [2] NCCL INFO              + NET[12.5] - NET/0-b (0/62541b0003098c7c/4/12.500000)
gpu-nodes-2:1001:1001 [2] NCCL INFO              + NET[12.5] - GIN/0-b
gpu-nodes-2:1001:1001 [2] NCCL INFO ==========================================
gpu-nodes-2:1001:1001 [2] NCCL INFO GPU/0-3000 :GPU/0-3000 (0/5000.0/LOC) GPU/0-13000 (2/721.8/NVL) GPU/0-63000 (2/721.8/NVL) GPU/0-73000 (2/721.8/NVL) GPU/0-83000 (2/721.8/NVL) GPU/0-93000 (2/721.8/NVL) GPU/0-e3000 (2/721.8/NVL) GPU/0-f3000 (2/721.8/NVL) NVS/0-0 (1/721.8/NVL) CPU/0-0 (2/48.0/PHB) CPU/0-1 (3/16.0/SYS) NET/0-0 (3/48.0/PIX) NET/0-1 (5/48.0/PXN) NET/0-2 (5/48.0/PXN) NET/0-3 (5/48.0/PXN) NET/0-4 (5/48.0/PXN) NET/0-5 (5/48.0/PXN) NET/0-6 (5/16.0/SYS) NET/0-7 (5/16.0/SYS) NET/0-e (5/16.0/SYS) NET/0-8 (5/1.5/SYS) NET/0-9 (5/1.5/SYS) NET/0-a (5/1.5/SYS) NET/0-b (5/1.5/SYS) NET/0-f (5/1.5/SYS) NET/0-c (5/48.0/PXN) NET/0-d (5/48.0/PXN) GIN/0-0 (3/48.0/PIX) GIN/0-1 (5/48.0/PHB) GIN/0-2 (5/48.0/PHB) GIN/0-3 (5/48.0/PHB) GIN/0-4 (6/16.0/SYS) GIN/0-5 (6/16.0/SYS) GIN/0-6 (5/16.0/SYS) GIN/0-7 (5/16.0/SYS) GIN/0-8 (5/1.5/SYS) GIN/0-9 (5/1.5/SYS) GIN/0-a (5/1.5/SYS) GIN/0-b (5/1.5/SYS) GIN/0-c (6/16.0/SYS) GIN/0-d (6/16.0/SYS) 
gpu-nodes-2:1001:1001 [2] NCCL INFO GPU/0-13000 :GPU/0-3000 (2/721.8/NVL) GPU/0-13000 (0/5000.0/LOC) GPU/0-63000 (2/721.8/NVL) GPU/0-73000 (2/721.8/NVL) GPU/0-83000 (2/721.8/NVL) GPU/0-93000 (2/721.8/NVL) GPU/0-e3000 (2/721.8/NVL) GPU/0-f3000 (2/721.8/NVL) NVS/0-0 (1/721.8/NVL) CPU/0-0 (2/48.0/PHB) CPU/0-1 (3/16.0/SYS) NET/0-0 (5/48.0/PXN) NET/0-1 (3/48.0/PIX) NET/0-2 (5/48.0/PXN) NET/0-3 (5/48.0/PXN) NET/0-4 (5/48.0/PXN) NET/0-5 (5/48.0/PXN) NET/0-6 (5/16.0/SYS) NET/0-7 (5/16.0/SYS) NET/0-e (5/16.0/SYS) NET/0-8 (5/1.5/SYS) NET/0-9 (5/1.5/SYS) NET/0-a (5/1.5/SYS) NET/0-b (5/1.5/SYS) NET/0-f (5/1.5/SYS) NET/0-c (5/48.0/PXN) NET/0-d (5/48.0/PXN) GIN/0-0 (5/48.0/PHB) GIN/0-1 (3/48.0/PIX) GIN/0-2 (5/48.0/PHB) GIN/0-3 (5/48.0/PHB) GIN/0-4 (6/16.0/SYS) GIN/0-5 (6/16.0/SYS) GIN/0-6 (5/16.0/SYS) GIN/0-7 (5/16.0/SYS) GIN/0-8 (5/1.5/SYS) GIN/0-9 (5/1.5/SYS) GIN/0-a (5/1.5/SYS) GIN/0-b (5/1.5/SYS) GIN/0-c (6/16.0/SYS) GIN/0-d (6/16.0/SYS) 
gpu-nodes-2:1001:1001 [2] NCCL INFO GPU/0-63000 :GPU/0-3000 (2/721.8/NVL) GPU/0-13000 (2/721.8/NVL) GPU/0-63000 (0/5000.0/LOC) GPU/0-73000 (2/721.8/NVL) GPU/0-83000 (2/721.8/NVL) GPU/0-93000 (2/721.8/NVL) GPU/0-e3000 (2/721.8/NVL) GPU/0-f3000 (2/721.8/NVL) NVS/0-0 (1/721.8/NVL) CPU/0-0 (2/48.0/PHB) CPU/0-1 (3/16.0/SYS) NET/0-0 (5/48.0/PXN) NET/0-1 (5/48.0/PXN) NET/0-2 (3/48.0/PIX) NET/0-3 (5/48.0/PXN) NET/0-4 (5/48.0/PXN) NET/0-5 (5/48.0/PXN) NET/0-6 (5/16.0/SYS) NET/0-7 (5/16.0/SYS) NET/0-e (5/16.0/SYS) NET/0-8 (5/1.5/SYS) NET/0-9 (5/1.5/SYS) NET/0-a (5/1.5/SYS) NET/0-b (5/1.5/SYS) NET/0-f (5/1.5/SYS) NET/0-c (5/48.0/PXN) NET/0-d (5/48.0/PXN) GIN/0-0 (5/48.0/PHB) GIN/0-1 (5/48.0/PHB) GIN/0-2 (3/48.0/PIX) GIN/0-3 (5/48.0/PHB) GIN/0-4 (6/16.0/SYS) GIN/0-5 (6/16.0/SYS) GIN/0-6 (5/16.0/SYS) GIN/0-7 (5/16.0/SYS) GIN/0-8 (5/1.5/SYS) GIN/0-9 (5/1.5/SYS) GIN/0-a (5/1.5/SYS) GIN/0-b (5/1.5/SYS) GIN/0-c (6/16.0/SYS) GIN/0-d (6/16.0/SYS) 
gpu-nodes-2:1001:1001 [2] NCCL INFO GPU/0-73000 :GPU/0-3000 (2/721.8/NVL) GPU/0-13000 (2/721.8/NVL) GPU/0-63000 (2/721.8/NVL) GPU/0-73000 (0/5000.0/LOC) GPU/0-83000 (2/721.8/NVL) GPU/0-93000 (2/721.8/NVL) GPU/0-e3000 (2/721.8/NVL) GPU/0-f3000 (2/721.8/NVL) NVS/0-0 (1/721.8/NVL) CPU/0-0 (2/48.0/PHB) CPU/0-1 (3/16.0/SYS) NET/0-0 (5/48.0/PXN) NET/0-1 (5/48.0/PXN) NET/0-2 (5/48.0/PXN) NET/0-3 (3/48.0/PIX) NET/0-4 (5/48.0/PXN) NET/0-5 (5/48.0/PXN) NET/0-6 (5/16.0/SYS) NET/0-7 (5/16.0/SYS) NET/0-e (5/16.0/SYS) NET/0-8 (5/1.5/SYS) NET/0-9 (5/1.5/SYS) NET/0-a (5/1.5/SYS) NET/0-b (5/1.5/SYS) NET/0-f (5/1.5/SYS) NET/0-c (5/48.0/PXN) NET/0-d (5/48.0/PXN) GIN/0-0 (5/48.0/PHB) GIN/0-1 (5/48.0/PHB) GIN/0-2 (5/48.0/PHB) GIN/0-3 (3/48.0/PIX) GIN/0-4 (6/16.0/SYS) GIN/0-5 (6/16.0/SYS) GIN/0-6 (5/16.0/SYS) GIN/0-7 (5/16.0/SYS) GIN/0-8 (5/1.5/SYS) GIN/0-9 (5/1.5/SYS) GIN/0-a (5/1.5/SYS) GIN/0-b (5/1.5/SYS) GIN/0-c (6/16.0/SYS) GIN/0-d (6/16.0/SYS) 
gpu-nodes-2:1001:1001 [2] NCCL INFO GPU/0-83000 :GPU/0-3000 (2/721.8/NVL) GPU/0-13000 (2/721.8/NVL) GPU/0-63000 (2/721.8/NVL) GPU/0-73000 (2/721.8/NVL) GPU/0-83000 (0/5000.0/LOC) GPU/0-93000 (2/721.8/NVL) GPU/0-e3000 (2/721.8/NVL) GPU/0-f3000 (2/721.8/NVL) NVS/0-0 (1/721.8/NVL) CPU/0-0 (3/16.0/SYS) CPU/0-1 (2/48.0/PHB) NET/0-0 (5/48.0/PXN) NET/0-1 (5/48.0/PXN) NET/0-2 (5/48.0/PXN) NET/0-3 (5/48.0/PXN) NET/0-4 (3/48.0/PIX) NET/0-5 (5/48.0/PXN) NET/0-6 (4/25.0/PHB) NET/0-7 (4/25.0/PHB) NET/0-e (4/48.0/PHB) NET/0-8 (4/1.5/PHB) NET/0-9 (4/1.5/PHB) NET/0-a (4/1.5/PHB) NET/0-b (4/1.5/PHB) NET/0-f (4/1.5/PHB) NET/0-c (5/48.0/PXN) NET/0-d (5/48.0/PXN) GIN/0-0 (6/16.0/SYS) GIN/0-1 (6/16.0/SYS) GIN/0-2 (6/16.0/SYS) GIN/0-3 (6/16.0/SYS) GIN/0-4 (3/48.0/PIX) GIN/0-5 (5/48.0/PHB) GIN/0-6 (4/25.0/PHB) GIN/0-7 (4/25.0/PHB) GIN/0-8 (4/1.5/PHB) GIN/0-9 (4/1.5/PHB) GIN/0-a (4/1.5/PHB) GIN/0-b (4/1.5/PHB) GIN/0-c (5/48.0/PHB) GIN/0-d (5/48.0/PHB) 
gpu-nodes-2:1001:1001 [2] NCCL INFO GPU/0-93000 :GPU/0-3000 (2/721.8/NVL) GPU/0-13000 (2/721.8/NVL) GPU/0-63000 (2/721.8/NVL) GPU/0-73000 (2/721.8/NVL) GPU/0-83000 (2/721.8/NVL) GPU/0-93000 (0/5000.0/LOC) GPU/0-e3000 (2/721.8/NVL) GPU/0-f3000 (2/721.8/NVL) NVS/0-0 (1/721.8/NVL) CPU/0-0 (3/16.0/SYS) CPU/0-1 (2/48.0/PHB) NET/0-0 (5/48.0/PXN) NET/0-1 (5/48.0/PXN) NET/0-2 (5/48.0/PXN) NET/0-3 (5/48.0/PXN) NET/0-4 (5/48.0/PXN) NET/0-5 (3/48.0/PIX) NET/0-6 (4/25.0/PHB) NET/0-7 (4/25.0/PHB) NET/0-e (4/48.0/PHB) NET/0-8 (4/1.5/PHB) NET/0-9 (4/1.5/PHB) NET/0-a (4/1.5/PHB) NET/0-b (4/1.5/PHB) NET/0-f (4/1.5/PHB) NET/0-c (5/48.0/PXN) NET/0-d (5/48.0/PXN) GIN/0-0 (6/16.0/SYS) GIN/0-1 (6/16.0/SYS) GIN/0-2 (6/16.0/SYS) GIN/0-3 (6/16.0/SYS) GIN/0-4 (5/48.0/PHB) GIN/0-5 (3/48.0/PIX) GIN/0-6 (4/25.0/PHB) GIN/0-7 (4/25.0/PHB) GIN/0-8 (4/1.5/PHB) GIN/0-9 (4/1.5/PHB) GIN/0-a (4/1.5/PHB) GIN/0-b (4/1.5/PHB) GIN/0-c (5/48.0/PHB) GIN/0-d (5/48.0/PHB) 
gpu-nodes-2:1001:1001 [2] NCCL INFO GPU/0-e3000 :GPU/0-3000 (2/721.8/NVL) GPU/0-13000 (2/721.8/NVL) GPU/0-63000 (2/721.8/NVL) GPU/0-73000 (2/721.8/NVL) GPU/0-83000 (2/721.8/NVL) GPU/0-93000 (2/721.8/NVL) GPU/0-e3000 (0/5000.0/LOC) GPU/0-f3000 (2/721.8/NVL) NVS/0-0 (1/721.8/NVL) CPU/0-0 (3/16.0/SYS) CPU/0-1 (2/48.0/PHB) NET/0-0 (5/48.0/PXN) NET/0-1 (5/48.0/PXN) NET/0-2 (5/48.0/PXN) NET/0-3 (5/48.0/PXN) NET/0-4 (5/48.0/PXN) NET/0-5 (5/48.0/PXN) NET/0-6 (4/25.0/PHB) NET/0-7 (4/25.0/PHB) NET/0-e (4/48.0/PHB) NET/0-8 (4/1.5/PHB) NET/0-9 (4/1.5/PHB) NET/0-a (4/1.5/PHB) NET/0-b (4/1.5/PHB) NET/0-f (4/1.5/PHB) NET/0-c (3/48.0/PIX) NET/0-d (5/48.0/PXN) GIN/0-0 (6/16.0/SYS) GIN/0-1 (6/16.0/SYS) GIN/0-2 (6/16.0/SYS) GIN/0-3 (6/16.0/SYS) GIN/0-4 (5/48.0/PHB) GIN/0-5 (5/48.0/PHB) GIN/0-6 (4/25.0/PHB) GIN/0-7 (4/25.0/PHB) GIN/0-8 (4/1.5/PHB) GIN/0-9 (4/1.5/PHB) GIN/0-a (4/1.5/PHB) GIN/0-b (4/1.5/PHB) GIN/0-c (3/48.0/PIX) GIN/0-d (5/48.0/PHB) 
gpu-nodes-2:1001:1001 [2] NCCL INFO GPU/0-f3000 :GPU/0-3000 (2/721.8/NVL) GPU/0-13000 (2/721.8/NVL) GPU/0-63000 (2/721.8/NVL) GPU/0-73000 (2/721.8/NVL) GPU/0-83000 (2/721.8/NVL) GPU/0-93000 (2/721.8/NVL) GPU/0-e3000 (2/721.8/NVL) GPU/0-f3000 (0/5000.0/LOC) NVS/0-0 (1/721.8/NVL) CPU/0-0 (3/16.0/SYS) CPU/0-1 (2/48.0/PHB) NET/0-0 (5/48.0/PXN) NET/0-1 (5/48.0/PXN) NET/0-2 (5/48.0/PXN) NET/0-3 (5/48.0/PXN) NET/0-4 (5/48.0/PXN) NET/0-5 (5/48.0/PXN) NET/0-6 (4/25.0/PHB) NET/0-7 (4/25.0/PHB) NET/0-e (4/48.0/PHB) NET/0-8 (4/1.5/PHB) NET/0-9 (4/1.5/PHB) NET/0-a (4/1.5/PHB) NET/0-b (4/1.5/PHB) NET/0-f (4/1.5/PHB) NET/0-c (5/48.0/PXN) NET/0-d (3/48.0/PIX) GIN/0-0 (6/16.0/SYS) GIN/0-1 (6/16.0/SYS) GIN/0-2 (6/16.0/SYS) GIN/0-3 (6/16.0/SYS) GIN/0-4 (5/48.0/PHB) GIN/0-5 (5/48.0/PHB) GIN/0-6 (4/25.0/PHB) GIN/0-7 (4/25.0/PHB) GIN/0-8 (4/1.5/PHB) GIN/0-9 (4/1.5/PHB) GIN/0-a (4/1.5/PHB) GIN/0-b (4/1.5/PHB) GIN/0-c (5/48.0/PHB) GIN/0-d (3/48.0/PIX) 
gpu-nodes-2:1001:1001 [2] NCCL INFO NET/0-0 :GPU/0-3000 (3/48.0/PIX) GPU/0-13000 (5/48.0/PHB) GPU/0-63000 (5/48.0/PHB) GPU/0-73000 (5/48.0/PHB) GPU/0-83000 (6/16.0/SYS) GPU/0-93000 (6/16.0/SYS) GPU/0-e3000 (6/16.0/SYS) GPU/0-f3000 (6/16.0/SYS) CPU/0-0 (3/48.0/PHB) CPU/0-1 (4/16.0/SYS) NET/0-0 (0/5000.0/LOC) NET/0-1 (6/48.0/PHB) NET/0-2 (6/48.0/PHB) NET/0-3 (6/48.0/PHB) NET/0-4 (7/16.0/SYS) NET/0-5 (7/16.0/SYS) NET/0-6 (6/16.0/SYS) NET/0-7 (6/16.0/SYS) NET/0-e (6/16.0/SYS) NET/0-8 (6/1.5/SYS) NET/0-9 (6/1.5/SYS) NET/0-a (6/1.5/SYS) NET/0-b (6/1.5/SYS) NET/0-f (6/1.5/SYS) NET/0-c (7/16.0/SYS) NET/0-d (7/16.0/SYS) GIN/0-0 (2/50.0/LOC) GIN/0-1 (6/48.0/PHB) GIN/0-2 (6/48.0/PHB) GIN/0-3 (6/48.0/PHB) GIN/0-4 (7/16.0/SYS) GIN/0-5 (7/16.0/SYS) GIN/0-6 (6/16.0/SYS) GIN/0-7 (6/16.0/SYS) GIN/0-8 (6/1.5/SYS) GIN/0-9 (6/1.5/SYS) GIN/0-a (6/1.5/SYS) GIN/0-b (6/1.5/SYS) GIN/0-c (7/16.0/SYS) GIN/0-d (7/16.0/SYS) 
gpu-nodes-2:1001:1001 [2] NCCL INFO NET/0-1 :GPU/0-3000 (5/48.0/PHB) GPU/0-13000 (3/48.0/PIX) GPU/0-63000 (5/48.0/PHB) GPU/0-73000 (5/48.0/PHB) GPU/0-83000 (6/16.0/SYS) GPU/0-93000 (6/16.0/SYS) GPU/0-e3000 (6/16.0/SYS) GPU/0-f3000 (6/16.0/SYS) CPU/0-0 (3/48.0/PHB) CPU/0-1 (4/16.0/SYS) NET/0-0 (6/48.0/PHB) NET/0-1 (0/5000.0/LOC) NET/0-2 (6/48.0/PHB) NET/0-3 (6/48.0/PHB) NET/0-4 (7/16.0/SYS) NET/0-5 (7/16.0/SYS) NET/0-6 (6/16.0/SYS) NET/0-7 (6/16.0/SYS) NET/0-e (6/16.0/SYS) NET/0-8 (6/1.5/SYS) NET/0-9 (6/1.5/SYS) NET/0-a (6/1.5/SYS) NET/0-b (6/1.5/SYS) NET/0-f (6/1.5/SYS) NET/0-c (7/16.0/SYS) NET/0-d (7/16.0/SYS) GIN/0-0 (6/48.0/PHB) GIN/0-1 (2/50.0/LOC) GIN/0-2 (6/48.0/PHB) GIN/0-3 (6/48.0/PHB) GIN/0-4 (7/16.0/SYS) GIN/0-5 (7/16.0/SYS) GIN/0-6 (6/16.0/SYS) GIN/0-7 (6/16.0/SYS) GIN/0-8 (6/1.5/SYS) GIN/0-9 (6/1.5/SYS) GIN/0-a (6/1.5/SYS) GIN/0-b (6/1.5/SYS) GIN/0-c (7/16.0/SYS) GIN/0-d (7/16.0/SYS) 
gpu-nodes-2:1001:1001 [2] NCCL INFO NET/0-2 :GPU/0-3000 (5/48.0/PHB) GPU/0-13000 (5/48.0/PHB) GPU/0-63000 (3/48.0/PIX) GPU/0-73000 (5/48.0/PHB) GPU/0-83000 (6/16.0/SYS) GPU/0-93000 (6/16.0/SYS) GPU/0-e3000 (6/16.0/SYS) GPU/0-f3000 (6/16.0/SYS) CPU/0-0 (3/48.0/PHB) CPU/0-1 (4/16.0/SYS) NET/0-0 (6/48.0/PHB) NET/0-1 (6/48.0/PHB) NET/0-2 (0/5000.0/LOC) NET/0-3 (6/48.0/PHB) NET/0-4 (7/16.0/SYS) NET/0-5 (7/16.0/SYS) NET/0-6 (6/16.0/SYS) NET/0-7 (6/16.0/SYS) NET/0-e (6/16.0/SYS) NET/0-8 (6/1.5/SYS) NET/0-9 (6/1.5/SYS) NET/0-a (6/1.5/SYS) NET/0-b (6/1.5/SYS) NET/0-f (6/1.5/SYS) NET/0-c (7/16.0/SYS) NET/0-d (7/16.0/SYS) GIN/0-0 (6/48.0/PHB) GIN/0-1 (6/48.0/PHB) GIN/0-2 (2/50.0/LOC) GIN/0-3 (6/48.0/PHB) GIN/0-4 (7/16.0/SYS) GIN/0-5 (7/16.0/SYS) GIN/0-6 (6/16.0/SYS) GIN/0-7 (6/16.0/SYS) GIN/0-8 (6/1.5/SYS) GIN/0-9 (6/1.5/SYS) GIN/0-a (6/1.5/SYS) GIN/0-b (6/1.5/SYS) GIN/0-c (7/16.0/SYS) GIN/0-d (7/16.0/SYS) 
gpu-nodes-2:1001:1001 [2] NCCL INFO NET/0-3 :GPU/0-3000 (5/48.0/PHB) GPU/0-13000 (5/48.0/PHB) GPU/0-63000 (5/48.0/PHB) GPU/0-73000 (3/48.0/PIX) GPU/0-83000 (6/16.0/SYS) GPU/0-93000 (6/16.0/SYS) GPU/0-e3000 (6/16.0/SYS) GPU/0-f3000 (6/16.0/SYS) CPU/0-0 (3/48.0/PHB) CPU/0-1 (4/16.0/SYS) NET/0-0 (6/48.0/PHB) NET/0-1 (6/48.0/PHB) NET/0-2 (6/48.0/PHB) NET/0-3 (0/5000.0/LOC) NET/0-4 (7/16.0/SYS) NET/0-5 (7/16.0/SYS) NET/0-6 (6/16.0/SYS) NET/0-7 (6/16.0/SYS) NET/0-e (6/16.0/SYS) NET/0-8 (6/1.5/SYS) NET/0-9 (6/1.5/SYS) NET/0-a (6/1.5/SYS) NET/0-b (6/1.5/SYS) NET/0-f (6/1.5/SYS) NET/0-c (7/16.0/SYS) NET/0-d (7/16.0/SYS) GIN/0-0 (6/48.0/PHB) GIN/0-1 (6/48.0/PHB) GIN/0-2 (6/48.0/PHB) GIN/0-3 (2/50.0/LOC) GIN/0-4 (7/16.0/SYS) GIN/0-5 (7/16.0/SYS) GIN/0-6 (6/16.0/SYS) GIN/0-7 (6/16.0/SYS) GIN/0-8 (6/1.5/SYS) GIN/0-9 (6/1.5/SYS) GIN/0-a (6/1.5/SYS) GIN/0-b (6/1.5/SYS) GIN/0-c (7/16.0/SYS) GIN/0-d (7/16.0/SYS) 
gpu-nodes-2:1001:1001 [2] NCCL INFO NET/0-4 :GPU/0-3000 (6/16.0/SYS) GPU/0-13000 (6/16.0/SYS) GPU/0-63000 (6/16.0/SYS) GPU/0-73000 (6/16.0/SYS) GPU/0-83000 (3/48.0/PIX) GPU/0-93000 (5/48.0/PHB) GPU/0-e3000 (5/48.0/PHB) GPU/0-f3000 (5/48.0/PHB) CPU/0-0 (4/16.0/SYS) CPU/0-1 (3/48.0/PHB) NET/0-0 (7/16.0/SYS) NET/0-1 (7/16.0/SYS) NET/0-2 (7/16.0/SYS) NET/0-3 (7/16.0/SYS) NET/0-4 (0/5000.0/LOC) NET/0-5 (6/48.0/PHB) NET/0-6 (5/25.0/PHB) NET/0-7 (5/25.0/PHB) NET/0-e (5/48.0/PHB) NET/0-8 (5/1.5/PHB) NET/0-9 (5/1.5/PHB) NET/0-a (5/1.5/PHB) NET/0-b (5/1.5/PHB) NET/0-f (5/1.5/PHB) NET/0-c (6/48.0/PHB) NET/0-d (6/48.0/PHB) GIN/0-0 (7/16.0/SYS) GIN/0-1 (7/16.0/SYS) GIN/0-2 (7/16.0/SYS) GIN/0-3 (7/16.0/SYS) GIN/0-4 (2/50.0/LOC) GIN/0-5 (6/48.0/PHB) GIN/0-6 (5/25.0/PHB) GIN/0-7 (5/25.0/PHB) GIN/0-8 (5/1.5/PHB) GIN/0-9 (5/1.5/PHB) GIN/0-a (5/1.5/PHB) GIN/0-b (5/1.5/PHB) GIN/0-c (6/48.0/PHB) GIN/0-d (6/48.0/PHB) 
gpu-nodes-2:1001:1001 [2] NCCL INFO NET/0-5 :GPU/0-3000 (6/16.0/SYS) GPU/0-13000 (6/16.0/SYS) GPU/0-63000 (6/16.0/SYS) GPU/0-73000 (6/16.0/SYS) GPU/0-83000 (5/48.0/PHB) GPU/0-93000 (3/48.0/PIX) GPU/0-e3000 (5/48.0/PHB) GPU/0-f3000 (5/48.0/PHB) CPU/0-0 (4/16.0/SYS) CPU/0-1 (3/48.0/PHB) NET/0-0 (7/16.0/SYS) NET/0-1 (7/16.0/SYS) NET/0-2 (7/16.0/SYS) NET/0-3 (7/16.0/SYS) NET/0-4 (6/48.0/PHB) NET/0-5 (0/5000.0/LOC) NET/0-6 (5/25.0/PHB) NET/0-7 (5/25.0/PHB) NET/0-e (5/48.0/PHB) NET/0-8 (5/1.5/PHB) NET/0-9 (5/1.5/PHB) NET/0-a (5/1.5/PHB) NET/0-b (5/1.5/PHB) NET/0-f (5/1.5/PHB) NET/0-c (6/48.0/PHB) NET/0-d (6/48.0/PHB) GIN/0-0 (7/16.0/SYS) GIN/0-1 (7/16.0/SYS) GIN/0-2 (7/16.0/SYS) GIN/0-3 (7/16.0/SYS) GIN/0-4 (6/48.0/PHB) GIN/0-5 (2/50.0/LOC) GIN/0-6 (5/25.0/PHB) GIN/0-7 (5/25.0/PHB) GIN/0-8 (5/1.5/PHB) GIN/0-9 (5/1.5/PHB) GIN/0-a (5/1.5/PHB) GIN/0-b (5/1.5/PHB) GIN/0-c (6/48.0/PHB) GIN/0-d (6/48.0/PHB) 
gpu-nodes-2:1001:1001 [2] NCCL INFO NET/0-6 :GPU/0-3000 (5/16.0/SYS) GPU/0-13000 (5/16.0/SYS) GPU/0-63000 (5/16.0/SYS) GPU/0-73000 (5/16.0/SYS) GPU/0-83000 (4/25.0/PHB) GPU/0-93000 (4/25.0/PHB) GPU/0-e3000 (4/25.0/PHB) GPU/0-f3000 (4/25.0/PHB) CPU/0-0 (3/16.0/SYS) CPU/0-1 (2/25.0/PHB) NET/0-0 (6/16.0/SYS) NET/0-1 (6/16.0/SYS) NET/0-2 (6/16.0/SYS) NET/0-3 (6/16.0/SYS) NET/0-4 (5/25.0/PHB) NET/0-5 (5/25.0/PHB) NET/0-6 (0/5000.0/LOC) NET/0-7 (2/25.0/LOC) NET/0-e (2/25.0/LOC) NET/0-8 (4/1.5/PHB) NET/0-9 (4/1.5/PHB) NET/0-a (4/1.5/PHB) NET/0-b (4/1.5/PHB) NET/0-f (4/1.5/PHB) NET/0-c (5/25.0/PHB) NET/0-d (5/25.0/PHB) GIN/0-0 (6/16.0/SYS) GIN/0-1 (6/16.0/SYS) GIN/0-2 (6/16.0/SYS) GIN/0-3 (6/16.0/SYS) GIN/0-4 (5/25.0/PHB) GIN/0-5 (5/25.0/PHB) GIN/0-6 (2/25.0/LOC) GIN/0-7 (2/25.0/LOC) GIN/0-8 (4/1.5/PHB) GIN/0-9 (4/1.5/PHB) GIN/0-a (4/1.5/PHB) GIN/0-b (4/1.5/PHB) GIN/0-c (5/25.0/PHB) GIN/0-d (5/25.0/PHB) 
gpu-nodes-2:1001:1001 [2] NCCL INFO NET/0-7 :GPU/0-3000 (5/16.0/SYS) GPU/0-13000 (5/16.0/SYS) GPU/0-63000 (5/16.0/SYS) GPU/0-73000 (5/16.0/SYS) GPU/0-83000 (4/25.0/PHB) GPU/0-93000 (4/25.0/PHB) GPU/0-e3000 (4/25.0/PHB) GPU/0-f3000 (4/25.0/PHB) CPU/0-0 (3/16.0/SYS) CPU/0-1 (2/25.0/PHB) NET/0-0 (6/16.0/SYS) NET/0-1 (6/16.0/SYS) NET/0-2 (6/16.0/SYS) NET/0-3 (6/16.0/SYS) NET/0-4 (5/25.0/PHB) NET/0-5 (5/25.0/PHB) NET/0-6 (2/25.0/LOC) NET/0-7 (0/5000.0/LOC) NET/0-e (2/25.0/LOC) NET/0-8 (4/1.5/PHB) NET/0-9 (4/1.5/PHB) NET/0-a (4/1.5/PHB) NET/0-b (4/1.5/PHB) NET/0-f (4/1.5/PHB) NET/0-c (5/25.0/PHB) NET/0-d (5/25.0/PHB) GIN/0-0 (6/16.0/SYS) GIN/0-1 (6/16.0/SYS) GIN/0-2 (6/16.0/SYS) GIN/0-3 (6/16.0/SYS) GIN/0-4 (5/25.0/PHB) GIN/0-5 (5/25.0/PHB) GIN/0-6 (2/25.0/LOC) GIN/0-7 (2/25.0/LOC) GIN/0-8 (4/1.5/PHB) GIN/0-9 (4/1.5/PHB) GIN/0-a (4/1.5/PHB) GIN/0-b (4/1.5/PHB) GIN/0-c (5/25.0/PHB) GIN/0-d (5/25.0/PHB) 
gpu-nodes-2:1001:1001 [2] NCCL INFO NET/0-e :GPU/0-3000 (5/16.0/SYS) GPU/0-13000 (5/16.0/SYS) GPU/0-63000 (5/16.0/SYS) GPU/0-73000 (5/16.0/SYS) GPU/0-83000 (4/48.0/PHB) GPU/0-93000 (4/48.0/PHB) GPU/0-e3000 (4/48.0/PHB) GPU/0-f3000 (4/48.0/PHB) CPU/0-0 (3/16.0/SYS) CPU/0-1 (2/48.0/PHB) NET/0-0 (6/16.0/SYS) NET/0-1 (6/16.0/SYS) NET/0-2 (6/16.0/SYS) NET/0-3 (6/16.0/SYS) NET/0-4 (5/48.0/PHB) NET/0-5 (5/48.0/PHB) NET/0-6 (2/25.0/LOC) NET/0-7 (2/25.0/LOC) NET/0-e (0/5000.0/LOC) NET/0-8 (4/1.5/PHB) NET/0-9 (4/1.5/PHB) NET/0-a (4/1.5/PHB) NET/0-b (4/1.5/PHB) NET/0-f (4/1.5/PHB) NET/0-c (5/48.0/PHB) NET/0-d (5/48.0/PHB) GIN/0-0 (6/16.0/SYS) GIN/0-1 (6/16.0/SYS) GIN/0-2 (6/16.0/SYS) GIN/0-3 (6/16.0/SYS) GIN/0-4 (5/48.0/PHB) GIN/0-5 (5/48.0/PHB) GIN/0-6 (2/25.0/LOC) GIN/0-7 (2/25.0/LOC) GIN/0-8 (4/1.5/PHB) GIN/0-9 (4/1.5/PHB) GIN/0-a (4/1.5/PHB) GIN/0-b (4/1.5/PHB) GIN/0-c (5/48.0/PHB) GIN/0-d (5/48.0/PHB) 
gpu-nodes-2:1001:1001 [2] NCCL INFO NET/0-8 :GPU/0-3000 (5/1.5/SYS) GPU/0-13000 (5/1.5/SYS) GPU/0-63000 (5/1.5/SYS) GPU/0-73000 (5/1.5/SYS) GPU/0-83000 (4/1.5/PHB) GPU/0-93000 (4/1.5/PHB) GPU/0-e3000 (4/1.5/PHB) GPU/0-f3000 (4/1.5/PHB) CPU/0-0 (3/1.5/SYS) CPU/0-1 (2/1.5/PHB) NET/0-0 (6/1.5/SYS) NET/0-1 (6/1.5/SYS) NET/0-2 (6/1.5/SYS) NET/0-3 (6/1.5/SYS) NET/0-4 (5/1.5/PHB) NET/0-5 (5/1.5/PHB) NET/0-6 (4/1.5/PHB) NET/0-7 (4/1.5/PHB) NET/0-e (4/1.5/PHB) NET/0-8 (0/5000.0/LOC) NET/0-9 (2/12.5/LOC) NET/0-a (2/12.5/LOC) NET/0-b (2/12.5/LOC) NET/0-f (2/12.5/LOC) NET/0-c (5/1.5/PHB) NET/0-d (5/1.5/PHB) GIN/0-0 (6/1.5/SYS) GIN/0-1 (6/1.5/SYS) GIN/0-2 (6/1.5/SYS) GIN/0-3 (6/1.5/SYS) GIN/0-4 (5/1.5/PHB) GIN/0-5 (5/1.5/PHB) GIN/0-6 (4/1.5/PHB) GIN/0-7 (4/1.5/PHB) GIN/0-8 (2/12.5/LOC) GIN/0-9 (2/12.5/LOC) GIN/0-a (2/12.5/LOC) GIN/0-b (2/12.5/LOC) GIN/0-c (5/1.5/PHB) GIN/0-d (5/1.5/PHB) 
gpu-nodes-2:1001:1001 [2] NCCL INFO NET/0-9 :GPU/0-3000 (5/1.5/SYS) GPU/0-13000 (5/1.5/SYS) GPU/0-63000 (5/1.5/SYS) GPU/0-73000 (5/1.5/SYS) GPU/0-83000 (4/1.5/PHB) GPU/0-93000 (4/1.5/PHB) GPU/0-e3000 (4/1.5/PHB) GPU/0-f3000 (4/1.5/PHB) CPU/0-0 (3/1.5/SYS) CPU/0-1 (2/1.5/PHB) NET/0-0 (6/1.5/SYS) NET/0-1 (6/1.5/SYS) NET/0-2 (6/1.5/SYS) NET/0-3 (6/1.5/SYS) NET/0-4 (5/1.5/PHB) NET/0-5 (5/1.5/PHB) NET/0-6 (4/1.5/PHB) NET/0-7 (4/1.5/PHB) NET/0-e (4/1.5/PHB) NET/0-8 (2/12.5/LOC) NET/0-9 (0/5000.0/LOC) NET/0-a (2/12.5/LOC) NET/0-b (2/12.5/LOC) NET/0-f (2/12.5/LOC) NET/0-c (5/1.5/PHB) NET/0-d (5/1.5/PHB) GIN/0-0 (6/1.5/SYS) GIN/0-1 (6/1.5/SYS) GIN/0-2 (6/1.5/SYS) GIN/0-3 (6/1.5/SYS) GIN/0-4 (5/1.5/PHB) GIN/0-5 (5/1.5/PHB) GIN/0-6 (4/1.5/PHB) GIN/0-7 (4/1.5/PHB) GIN/0-8 (2/12.5/LOC) GIN/0-9 (2/12.5/LOC) GIN/0-a (2/12.5/LOC) GIN/0-b (2/12.5/LOC) GIN/0-c (5/1.5/PHB) GIN/0-d (5/1.5/PHB) 
gpu-nodes-2:1001:1001 [2] NCCL INFO NET/0-a :GPU/0-3000 (5/1.5/SYS) GPU/0-13000 (5/1.5/SYS) GPU/0-63000 (5/1.5/SYS) GPU/0-73000 (5/1.5/SYS) GPU/0-83000 (4/1.5/PHB) GPU/0-93000 (4/1.5/PHB) GPU/0-e3000 (4/1.5/PHB) GPU/0-f3000 (4/1.5/PHB) CPU/0-0 (3/1.5/SYS) CPU/0-1 (2/1.5/PHB) NET/0-0 (6/1.5/SYS) NET/0-1 (6/1.5/SYS) NET/0-2 (6/1.5/SYS) NET/0-3 (6/1.5/SYS) NET/0-4 (5/1.5/PHB) NET/0-5 (5/1.5/PHB) NET/0-6 (4/1.5/PHB) NET/0-7 (4/1.5/PHB) NET/0-e (4/1.5/PHB) NET/0-8 (2/12.5/LOC) NET/0-9 (2/12.5/LOC) NET/0-a (0/5000.0/LOC) NET/0-b (2/12.5/LOC) NET/0-f (2/12.5/LOC) NET/0-c (5/1.5/PHB) NET/0-d (5/1.5/PHB) GIN/0-0 (6/1.5/SYS) GIN/0-1 (6/1.5/SYS) GIN/0-2 (6/1.5/SYS) GIN/0-3 (6/1.5/SYS) GIN/0-4 (5/1.5/PHB) GIN/0-5 (5/1.5/PHB) GIN/0-6 (4/1.5/PHB) GIN/0-7 (4/1.5/PHB) GIN/0-8 (2/12.5/LOC) GIN/0-9 (2/12.5/LOC) GIN/0-a (2/12.5/LOC) GIN/0-b (2/12.5/LOC) GIN/0-c (5/1.5/PHB) GIN/0-d (5/1.5/PHB) 
gpu-nodes-2:1001:1001 [2] NCCL INFO NET/0-b :GPU/0-3000 (5/1.5/SYS) GPU/0-13000 (5/1.5/SYS) GPU/0-63000 (5/1.5/SYS) GPU/0-73000 (5/1.5/SYS) GPU/0-83000 (4/1.5/PHB) GPU/0-93000 (4/1.5/PHB) GPU/0-e3000 (4/1.5/PHB) GPU/0-f3000 (4/1.5/PHB) CPU/0-0 (3/1.5/SYS) CPU/0-1 (2/1.5/PHB) NET/0-0 (6/1.5/SYS) NET/0-1 (6/1.5/SYS) NET/0-2 (6/1.5/SYS) NET/0-3 (6/1.5/SYS) NET/0-4 (5/1.5/PHB) NET/0-5 (5/1.5/PHB) NET/0-6 (4/1.5/PHB) NET/0-7 (4/1.5/PHB) NET/0-e (4/1.5/PHB) NET/0-8 (2/12.5/LOC) NET/0-9 (2/12.5/LOC) NET/0-a (2/12.5/LOC) NET/0-b (0/5000.0/LOC) NET/0-f (2/12.5/LOC) NET/0-c (5/1.5/PHB) NET/0-d (5/1.5/PHB) GIN/0-0 (6/1.5/SYS) GIN/0-1 (6/1.5/SYS) GIN/0-2 (6/1.5/SYS) GIN/0-3 (6/1.5/SYS) GIN/0-4 (5/1.5/PHB) GIN/0-5 (5/1.5/PHB) GIN/0-6 (4/1.5/PHB) GIN/0-7 (4/1.5/PHB) GIN/0-8 (2/12.5/LOC) GIN/0-9 (2/12.5/LOC) GIN/0-a (2/12.5/LOC) GIN/0-b (2/12.5/LOC) GIN/0-c (5/1.5/PHB) GIN/0-d (5/1.5/PHB) 
gpu-nodes-2:1001:1001 [2] NCCL INFO NET/0-f :GPU/0-3000 (5/1.5/SYS) GPU/0-13000 (5/1.5/SYS) GPU/0-63000 (5/1.5/SYS) GPU/0-73000 (5/1.5/SYS) GPU/0-83000 (4/1.5/PHB) GPU/0-93000 (4/1.5/PHB) GPU/0-e3000 (4/1.5/PHB) GPU/0-f3000 (4/1.5/PHB) CPU/0-0 (3/1.5/SYS) CPU/0-1 (2/1.5/PHB) NET/0-0 (6/1.5/SYS) NET/0-1 (6/1.5/SYS) NET/0-2 (6/1.5/SYS) NET/0-3 (6/1.5/SYS) NET/0-4 (5/1.5/PHB) NET/0-5 (5/1.5/PHB) NET/0-6 (4/1.5/PHB) NET/0-7 (4/1.5/PHB) NET/0-e (4/1.5/PHB) NET/0-8 (2/12.5/LOC) NET/0-9 (2/12.5/LOC) NET/0-a (2/12.5/LOC) NET/0-b (2/12.5/LOC) NET/0-f (0/5000.0/LOC) NET/0-c (5/1.5/PHB) NET/0-d (5/1.5/PHB) GIN/0-0 (6/1.5/SYS) GIN/0-1 (6/1.5/SYS) GIN/0-2 (6/1.5/SYS) GIN/0-3 (6/1.5/SYS) GIN/0-4 (5/1.5/PHB) GIN/0-5 (5/1.5/PHB) GIN/0-6 (4/1.5/PHB) GIN/0-7 (4/1.5/PHB) GIN/0-8 (2/12.5/LOC) GIN/0-9 (2/12.5/LOC) GIN/0-a (2/12.5/LOC) GIN/0-b (2/12.5/LOC) GIN/0-c (5/1.5/PHB) GIN/0-d (5/1.5/PHB) 
gpu-nodes-2:1001:1001 [2] NCCL INFO NET/0-c :GPU/0-3000 (6/16.0/SYS) GPU/0-13000 (6/16.0/SYS) GPU/0-63000 (6/16.0/SYS) GPU/0-73000 (6/16.0/SYS) GPU/0-83000 (5/48.0/PHB) GPU/0-93000 (5/48.0/PHB) GPU/0-e3000 (3/48.0/PIX) GPU/0-f3000 (5/48.0/PHB) CPU/0-0 (4/16.0/SYS) CPU/0-1 (3/48.0/PHB) NET/0-0 (7/16.0/SYS) NET/0-1 (7/16.0/SYS) NET/0-2 (7/16.0/SYS) NET/0-3 (7/16.0/SYS) NET/0-4 (6/48.0/PHB) NET/0-5 (6/48.0/PHB) NET/0-6 (5/25.0/PHB) NET/0-7 (5/25.0/PHB) NET/0-e (5/48.0/PHB) NET/0-8 (5/1.5/PHB) NET/0-9 (5/1.5/PHB) NET/0-a (5/1.5/PHB) NET/0-b (5/1.5/PHB) NET/0-f (5/1.5/PHB) NET/0-c (0/5000.0/LOC) NET/0-d (6/48.0/PHB) GIN/0-0 (7/16.0/SYS) GIN/0-1 (7/16.0/SYS) GIN/0-2 (7/16.0/SYS) GIN/0-3 (7/16.0/SYS) GIN/0-4 (6/48.0/PHB) GIN/0-5 (6/48.0/PHB) GIN/0-6 (5/25.0/PHB) GIN/0-7 (5/25.0/PHB) GIN/0-8 (5/1.5/PHB) GIN/0-9 (5/1.5/PHB) GIN/0-a (5/1.5/PHB) GIN/0-b (5/1.5/PHB) GIN/0-c (2/50.0/LOC) GIN/0-d (6/48.0/PHB) 
gpu-nodes-2:1001:1001 [2] NCCL INFO NET/0-d :GPU/0-3000 (6/16.0/SYS) GPU/0-13000 (6/16.0/SYS) GPU/0-63000 (6/16.0/SYS) GPU/0-73000 (6/16.0/SYS) GPU/0-83000 (5/48.0/PHB) GPU/0-93000 (5/48.0/PHB) GPU/0-e3000 (5/48.0/PHB) GPU/0-f3000 (3/48.0/PIX) CPU/0-0 (4/16.0/SYS) CPU/0-1 (3/48.0/PHB) NET/0-0 (7/16.0/SYS) NET/0-1 (7/16.0/SYS) NET/0-2 (7/16.0/SYS) NET/0-3 (7/16.0/SYS) NET/0-4 (6/48.0/PHB) NET/0-5 (6/48.0/PHB) NET/0-6 (5/25.0/PHB) NET/0-7 (5/25.0/PHB) NET/0-e (5/48.0/PHB) NET/0-8 (5/1.5/PHB) NET/0-9 (5/1.5/PHB) NET/0-a (5/1.5/PHB) NET/0-b (5/1.5/PHB) NET/0-f (5/1.5/PHB) NET/0-c (6/48.0/PHB) NET/0-d (0/5000.0/LOC) GIN/0-0 (7/16.0/SYS) GIN/0-1 (7/16.0/SYS) GIN/0-2 (7/16.0/SYS) GIN/0-3 (7/16.0/SYS) GIN/0-4 (6/48.0/PHB) GIN/0-5 (6/48.0/PHB) GIN/0-6 (5/25.0/PHB) GIN/0-7 (5/25.0/PHB) GIN/0-8 (5/1.5/PHB) GIN/0-9 (5/1.5/PHB) GIN/0-a (5/1.5/PHB) GIN/0-b (5/1.5/PHB) GIN/0-c (6/48.0/PHB) GIN/0-d (2/50.0/LOC) 
gpu-nodes-2:1001:1001 [2] NCCL INFO GIN/0-0 :GPU/0-3000 (3/48.0/PIX) GPU/0-13000 (5/48.0/PHB) GPU/0-63000 (5/48.0/PHB) GPU/0-73000 (5/48.0/PHB) GPU/0-83000 (6/16.0/SYS) GPU/0-93000 (6/16.0/SYS) GPU/0-e3000 (6/16.0/SYS) GPU/0-f3000 (6/16.0/SYS) CPU/0-0 (3/48.0/PHB) CPU/0-1 (4/16.0/SYS) NET/0-0 (2/50.0/LOC) NET/0-1 (6/48.0/PHB) NET/0-2 (6/48.0/PHB) NET/0-3 (6/48.0/PHB) NET/0-4 (7/16.0/SYS) NET/0-5 (7/16.0/SYS) NET/0-6 (6/16.0/SYS) NET/0-7 (6/16.0/SYS) NET/0-e (6/16.0/SYS) NET/0-8 (6/1.5/SYS) NET/0-9 (6/1.5/SYS) NET/0-a (6/1.5/SYS) NET/0-b (6/1.5/SYS) NET/0-f (6/1.5/SYS) NET/0-c (7/16.0/SYS) NET/0-d (7/16.0/SYS) GIN/0-0 (0/5000.0/LOC) GIN/0-1 (6/48.0/PHB) GIN/0-2 (6/48.0/PHB) GIN/0-3 (6/48.0/PHB) GIN/0-4 (7/16.0/SYS) GIN/0-5 (7/16.0/SYS) GIN/0-6 (6/16.0/SYS) GIN/0-7 (6/16.0/SYS) GIN/0-8 (6/1.5/SYS) GIN/0-9 (6/1.5/SYS) GIN/0-a (6/1.5/SYS) GIN/0-b (6/1.5/SYS) GIN/0-c (7/16.0/SYS) GIN/0-d (7/16.0/SYS) 
gpu-nodes-2:1001:1001 [2] NCCL INFO GIN/0-1 :GPU/0-3000 (5/48.0/PHB) GPU/0-13000 (3/48.0/PIX) GPU/0-63000 (5/48.0/PHB) GPU/0-73000 (5/48.0/PHB) GPU/0-83000 (6/16.0/SYS) GPU/0-93000 (6/16.0/SYS) GPU/0-e3000 (6/16.0/SYS) GPU/0-f3000 (6/16.0/SYS) CPU/0-0 (3/48.0/PHB) CPU/0-1 (4/16.0/SYS) NET/0-0 (6/48.0/PHB) NET/0-1 (2/50.0/LOC) NET/0-2 (6/48.0/PHB) NET/0-3 (6/48.0/PHB) NET/0-4 (7/16.0/SYS) NET/0-5 (7/16.0/SYS) NET/0-6 (6/16.0/SYS) NET/0-7 (6/16.0/SYS) NET/0-e (6/16.0/SYS) NET/0-8 (6/1.5/SYS) NET/0-9 (6/1.5/SYS) NET/0-a (6/1.5/SYS) NET/0-b (6/1.5/SYS) NET/0-f (6/1.5/SYS) NET/0-c (7/16.0/SYS) NET/0-d (7/16.0/SYS) GIN/0-0 (6/48.0/PHB) GIN/0-1 (0/5000.0/LOC) GIN/0-2 (6/48.0/PHB) GIN/0-3 (6/48.0/PHB) GIN/0-4 (7/16.0/SYS) GIN/0-5 (7/16.0/SYS) GIN/0-6 (6/16.0/SYS) GIN/0-7 (6/16.0/SYS) GIN/0-8 (6/1.5/SYS) GIN/0-9 (6/1.5/SYS) GIN/0-a (6/1.5/SYS) GIN/0-b (6/1.5/SYS) GIN/0-c (7/16.0/SYS) GIN/0-d (7/16.0/SYS) 
gpu-nodes-2:1001:1001 [2] NCCL INFO GIN/0-2 :GPU/0-3000 (5/48.0/PHB) GPU/0-13000 (5/48.0/PHB) GPU/0-63000 (3/48.0/PIX) GPU/0-73000 (5/48.0/PHB) GPU/0-83000 (6/16.0/SYS) GPU/0-93000 (6/16.0/SYS) GPU/0-e3000 (6/16.0/SYS) GPU/0-f3000 (6/16.0/SYS) CPU/0-0 (3/48.0/PHB) CPU/0-1 (4/16.0/SYS) NET/0-0 (6/48.0/PHB) NET/0-1 (6/48.0/PHB) NET/0-2 (2/50.0/LOC) NET/0-3 (6/48.0/PHB) NET/0-4 (7/16.0/SYS) NET/0-5 (7/16.0/SYS) NET/0-6 (6/16.0/SYS) NET/0-7 (6/16.0/SYS) NET/0-e (6/16.0/SYS) NET/0-8 (6/1.5/SYS) NET/0-9 (6/1.5/SYS) NET/0-a (6/1.5/SYS) NET/0-b (6/1.5/SYS) NET/0-f (6/1.5/SYS) NET/0-c (7/16.0/SYS) NET/0-d (7/16.0/SYS) GIN/0-0 (6/48.0/PHB) GIN/0-1 (6/48.0/PHB) GIN/0-2 (0/5000.0/LOC) GIN/0-3 (6/48.0/PHB) GIN/0-4 (7/16.0/SYS) GIN/0-5 (7/16.0/SYS) GIN/0-6 (6/16.0/SYS) GIN/0-7 (6/16.0/SYS) GIN/0-8 (6/1.5/SYS) GIN/0-9 (6/1.5/SYS) GIN/0-a (6/1.5/SYS) GIN/0-b (6/1.5/SYS) GIN/0-c (7/16.0/SYS) GIN/0-d (7/16.0/SYS) 
gpu-nodes-2:1001:1001 [2] NCCL INFO GIN/0-3 :GPU/0-3000 (5/48.0/PHB) GPU/0-13000 (5/48.0/PHB) GPU/0-63000 (5/48.0/PHB) GPU/0-73000 (3/48.0/PIX) GPU/0-83000 (6/16.0/SYS) GPU/0-93000 (6/16.0/SYS) GPU/0-e3000 (6/16.0/SYS) GPU/0-f3000 (6/16.0/SYS) CPU/0-0 (3/48.0/PHB) CPU/0-1 (4/16.0/SYS) NET/0-0 (6/48.0/PHB) NET/0-1 (6/48.0/PHB) NET/0-2 (6/48.0/PHB) NET/0-3 (2/50.0/LOC) NET/0-4 (7/16.0/SYS) NET/0-5 (7/16.0/SYS) NET/0-6 (6/16.0/SYS) NET/0-7 (6/16.0/SYS) NET/0-e (6/16.0/SYS) NET/0-8 (6/1.5/SYS) NET/0-9 (6/1.5/SYS) NET/0-a (6/1.5/SYS) NET/0-b (6/1.5/SYS) NET/0-f (6/1.5/SYS) NET/0-c (7/16.0/SYS) NET/0-d (7/16.0/SYS) GIN/0-0 (6/48.0/PHB) GIN/0-1 (6/48.0/PHB) GIN/0-2 (6/48.0/PHB) GIN/0-3 (0/5000.0/LOC) GIN/0-4 (7/16.0/SYS) GIN/0-5 (7/16.0/SYS) GIN/0-6 (6/16.0/SYS) GIN/0-7 (6/16.0/SYS) GIN/0-8 (6/1.5/SYS) GIN/0-9 (6/1.5/SYS) GIN/0-a (6/1.5/SYS) GIN/0-b (6/1.5/SYS) GIN/0-c (7/16.0/SYS) GIN/0-d (7/16.0/SYS) 
gpu-nodes-2:1001:1001 [2] NCCL INFO GIN/0-4 :GPU/0-3000 (6/16.0/SYS) GPU/0-13000 (6/16.0/SYS) GPU/0-63000 (6/16.0/SYS) GPU/0-73000 (6/16.0/SYS) GPU/0-83000 (3/48.0/PIX) GPU/0-93000 (5/48.0/PHB) GPU/0-e3000 (5/48.0/PHB) GPU/0-f3000 (5/48.0/PHB) CPU/0-0 (4/16.0/SYS) CPU/0-1 (3/48.0/PHB) NET/0-0 (7/16.0/SYS) NET/0-1 (7/16.0/SYS) NET/0-2 (7/16.0/SYS) NET/0-3 (7/16.0/SYS) NET/0-4 (2/50.0/LOC) NET/0-5 (6/48.0/PHB) NET/0-6 (5/25.0/PHB) NET/0-7 (5/25.0/PHB) NET/0-e (5/48.0/PHB) NET/0-8 (5/1.5/PHB) NET/0-9 (5/1.5/PHB) NET/0-a (5/1.5/PHB) NET/0-b (5/1.5/PHB) NET/0-f (5/1.5/PHB) NET/0-c (6/48.0/PHB) NET/0-d (6/48.0/PHB) GIN/0-0 (7/16.0/SYS) GIN/0-1 (7/16.0/SYS) GIN/0-2 (7/16.0/SYS) GIN/0-3 (7/16.0/SYS) GIN/0-4 (0/5000.0/LOC) GIN/0-5 (6/48.0/PHB) GIN/0-6 (5/25.0/PHB) GIN/0-7 (5/25.0/PHB) GIN/0-8 (5/1.5/PHB) GIN/0-9 (5/1.5/PHB) GIN/0-a (5/1.5/PHB) GIN/0-b (5/1.5/PHB) GIN/0-c (6/48.0/PHB) GIN/0-d (6/48.0/PHB) 
gpu-nodes-2:1001:1001 [2] NCCL INFO GIN/0-5 :GPU/0-3000 (6/16.0/SYS) GPU/0-13000 (6/16.0/SYS) GPU/0-63000 (6/16.0/SYS) GPU/0-73000 (6/16.0/SYS) GPU/0-83000 (5/48.0/PHB) GPU/0-93000 (3/48.0/PIX) GPU/0-e3000 (5/48.0/PHB) GPU/0-f3000 (5/48.0/PHB) CPU/0-0 (4/16.0/SYS) CPU/0-1 (3/48.0/PHB) NET/0-0 (7/16.0/SYS) NET/0-1 (7/16.0/SYS) NET/0-2 (7/16.0/SYS) NET/0-3 (7/16.0/SYS) NET/0-4 (6/48.0/PHB) NET/0-5 (2/50.0/LOC) NET/0-6 (5/25.0/PHB) NET/0-7 (5/25.0/PHB) NET/0-e (5/48.0/PHB) NET/0-8 (5/1.5/PHB) NET/0-9 (5/1.5/PHB) NET/0-a (5/1.5/PHB) NET/0-b (5/1.5/PHB) NET/0-f (5/1.5/PHB) NET/0-c (6/48.0/PHB) NET/0-d (6/48.0/PHB) GIN/0-0 (7/16.0/SYS) GIN/0-1 (7/16.0/SYS) GIN/0-2 (7/16.0/SYS) GIN/0-3 (7/16.0/SYS) GIN/0-4 (6/48.0/PHB) GIN/0-5 (0/5000.0/LOC) GIN/0-6 (5/25.0/PHB) GIN/0-7 (5/25.0/PHB) GIN/0-8 (5/1.5/PHB) GIN/0-9 (5/1.5/PHB) GIN/0-a (5/1.5/PHB) GIN/0-b (5/1.5/PHB) GIN/0-c (6/48.0/PHB) GIN/0-d (6/48.0/PHB) 
gpu-nodes-2:1001:1001 [2] NCCL INFO GIN/0-6 :GPU/0-3000 (5/16.0/SYS) GPU/0-13000 (5/16.0/SYS) GPU/0-63000 (5/16.0/SYS) GPU/0-73000 (5/16.0/SYS) GPU/0-83000 (4/25.0/PHB) GPU/0-93000 (4/25.0/PHB) GPU/0-e3000 (4/25.0/PHB) GPU/0-f3000 (4/25.0/PHB) CPU/0-0 (3/16.0/SYS) CPU/0-1 (2/25.0/PHB) NET/0-0 (6/16.0/SYS) NET/0-1 (6/16.0/SYS) NET/0-2 (6/16.0/SYS) NET/0-3 (6/16.0/SYS) NET/0-4 (5/25.0/PHB) NET/0-5 (5/25.0/PHB) NET/0-6 (2/25.0/LOC) NET/0-7 (2/25.0/LOC) NET/0-e (2/25.0/LOC) NET/0-8 (4/1.5/PHB) NET/0-9 (4/1.5/PHB) NET/0-a (4/1.5/PHB) NET/0-b (4/1.5/PHB) NET/0-f (4/1.5/PHB) NET/0-c (5/25.0/PHB) NET/0-d (5/25.0/PHB) GIN/0-0 (6/16.0/SYS) GIN/0-1 (6/16.0/SYS) GIN/0-2 (6/16.0/SYS) GIN/0-3 (6/16.0/SYS) GIN/0-4 (5/25.0/PHB) GIN/0-5 (5/25.0/PHB) GIN/0-6 (0/5000.0/LOC) GIN/0-7 (2/25.0/LOC) GIN/0-8 (4/1.5/PHB) GIN/0-9 (4/1.5/PHB) GIN/0-a (4/1.5/PHB) GIN/0-b (4/1.5/PHB) GIN/0-c (5/25.0/PHB) GIN/0-d (5/25.0/PHB) 
gpu-nodes-2:1001:1001 [2] NCCL INFO GIN/0-7 :GPU/0-3000 (5/16.0/SYS) GPU/0-13000 (5/16.0/SYS) GPU/0-63000 (5/16.0/SYS) GPU/0-73000 (5/16.0/SYS) GPU/0-83000 (4/25.0/PHB) GPU/0-93000 (4/25.0/PHB) GPU/0-e3000 (4/25.0/PHB) GPU/0-f3000 (4/25.0/PHB) CPU/0-0 (3/16.0/SYS) CPU/0-1 (2/25.0/PHB) NET/0-0 (6/16.0/SYS) NET/0-1 (6/16.0/SYS) NET/0-2 (6/16.0/SYS) NET/0-3 (6/16.0/SYS) NET/0-4 (5/25.0/PHB) NET/0-5 (5/25.0/PHB) NET/0-6 (2/25.0/LOC) NET/0-7 (2/25.0/LOC) NET/0-e (2/25.0/LOC) NET/0-8 (4/1.5/PHB) NET/0-9 (4/1.5/PHB) NET/0-a (4/1.5/PHB) NET/0-b (4/1.5/PHB) NET/0-f (4/1.5/PHB) NET/0-c (5/25.0/PHB) NET/0-d (5/25.0/PHB) GIN/0-0 (6/16.0/SYS) GIN/0-1 (6/16.0/SYS) GIN/0-2 (6/16.0/SYS) GIN/0-3 (6/16.0/SYS) GIN/0-4 (5/25.0/PHB) GIN/0-5 (5/25.0/PHB) GIN/0-6 (2/25.0/LOC) GIN/0-7 (0/5000.0/LOC) GIN/0-8 (4/1.5/PHB) GIN/0-9 (4/1.5/PHB) GIN/0-a (4/1.5/PHB) GIN/0-b (4/1.5/PHB) GIN/0-c (5/25.0/PHB) GIN/0-d (5/25.0/PHB) 
gpu-nodes-2:1001:1001 [2] NCCL INFO GIN/0-8 :GPU/0-3000 (5/1.5/SYS) GPU/0-13000 (5/1.5/SYS) GPU/0-63000 (5/1.5/SYS) GPU/0-73000 (5/1.5/SYS) GPU/0-83000 (4/1.5/PHB) GPU/0-93000 (4/1.5/PHB) GPU/0-e3000 (4/1.5/PHB) GPU/0-f3000 (4/1.5/PHB) CPU/0-0 (3/1.5/SYS) CPU/0-1 (2/1.5/PHB) NET/0-0 (6/1.5/SYS) NET/0-1 (6/1.5/SYS) NET/0-2 (6/1.5/SYS) NET/0-3 (6/1.5/SYS) NET/0-4 (5/1.5/PHB) NET/0-5 (5/1.5/PHB) NET/0-6 (4/1.5/PHB) NET/0-7 (4/1.5/PHB) NET/0-e (4/1.5/PHB) NET/0-8 (2/12.5/LOC) NET/0-9 (2/12.5/LOC) NET/0-a (2/12.5/LOC) NET/0-b (2/12.5/LOC) NET/0-f (2/12.5/LOC) NET/0-c (5/1.5/PHB) NET/0-d (5/1.5/PHB) GIN/0-0 (6/1.5/SYS) GIN/0-1 (6/1.5/SYS) GIN/0-2 (6/1.5/SYS) GIN/0-3 (6/1.5/SYS) GIN/0-4 (5/1.5/PHB) GIN/0-5 (5/1.5/PHB) GIN/0-6 (4/1.5/PHB) GIN/0-7 (4/1.5/PHB) GIN/0-8 (0/5000.0/LOC) GIN/0-9 (2/12.5/LOC) GIN/0-a (2/12.5/LOC) GIN/0-b (2/12.5/LOC) GIN/0-c (5/1.5/PHB) GIN/0-d (5/1.5/PHB) 
gpu-nodes-2:1001:1001 [2] NCCL INFO GIN/0-9 :GPU/0-3000 (5/1.5/SYS) GPU/0-13000 (5/1.5/SYS) GPU/0-63000 (5/1.5/SYS) GPU/0-73000 (5/1.5/SYS) GPU/0-83000 (4/1.5/PHB) GPU/0-93000 (4/1.5/PHB) GPU/0-e3000 (4/1.5/PHB) GPU/0-f3000 (4/1.5/PHB) CPU/0-0 (3/1.5/SYS) CPU/0-1 (2/1.5/PHB) NET/0-0 (6/1.5/SYS) NET/0-1 (6/1.5/SYS) NET/0-2 (6/1.5/SYS) NET/0-3 (6/1.5/SYS) NET/0-4 (5/1.5/PHB) NET/0-5 (5/1.5/PHB) NET/0-6 (4/1.5/PHB) NET/0-7 (4/1.5/PHB) NET/0-e (4/1.5/PHB) NET/0-8 (2/12.5/LOC) NET/0-9 (2/12.5/LOC) NET/0-a (2/12.5/LOC) NET/0-b (2/12.5/LOC) NET/0-f (2/12.5/LOC) NET/0-c (5/1.5/PHB) NET/0-d (5/1.5/PHB) GIN/0-0 (6/1.5/SYS) GIN/0-1 (6/1.5/SYS) GIN/0-2 (6/1.5/SYS) GIN/0-3 (6/1.5/SYS) GIN/0-4 (5/1.5/PHB) GIN/0-5 (5/1.5/PHB) GIN/0-6 (4/1.5/PHB) GIN/0-7 (4/1.5/PHB) GIN/0-8 (2/12.5/LOC) GIN/0-9 (0/5000.0/LOC) GIN/0-a (2/12.5/LOC) GIN/0-b (2/12.5/LOC) GIN/0-c (5/1.5/PHB) GIN/0-d (5/1.5/PHB) 
gpu-nodes-2:1001:1001 [2] NCCL INFO GIN/0-a :GPU/0-3000 (5/1.5/SYS) GPU/0-13000 (5/1.5/SYS) GPU/0-63000 (5/1.5/SYS) GPU/0-73000 (5/1.5/SYS) GPU/0-83000 (4/1.5/PHB) GPU/0-93000 (4/1.5/PHB) GPU/0-e3000 (4/1.5/PHB) GPU/0-f3000 (4/1.5/PHB) CPU/0-0 (3/1.5/SYS) CPU/0-1 (2/1.5/PHB) NET/0-0 (6/1.5/SYS) NET/0-1 (6/1.5/SYS) NET/0-2 (6/1.5/SYS) NET/0-3 (6/1.5/SYS) NET/0-4 (5/1.5/PHB) NET/0-5 (5/1.5/PHB) NET/0-6 (4/1.5/PHB) NET/0-7 (4/1.5/PHB) NET/0-e (4/1.5/PHB) NET/0-8 (2/12.5/LOC) NET/0-9 (2/12.5/LOC) NET/0-a (2/12.5/LOC) NET/0-b (2/12.5/LOC) NET/0-f (2/12.5/LOC) NET/0-c (5/1.5/PHB) NET/0-d (5/1.5/PHB) GIN/0-0 (6/1.5/SYS) GIN/0-1 (6/1.5/SYS) GIN/0-2 (6/1.5/SYS) GIN/0-3 (6/1.5/SYS) GIN/0-4 (5/1.5/PHB) GIN/0-5 (5/1.5/PHB) GIN/0-6 (4/1.5/PHB) GIN/0-7 (4/1.5/PHB) GIN/0-8 (2/12.5/LOC) GIN/0-9 (2/12.5/LOC) GIN/0-a (0/5000.0/LOC) GIN/0-b (2/12.5/LOC) GIN/0-c (5/1.5/PHB) GIN/0-d (5/1.5/PHB) 
gpu-nodes-2:1001:1001 [2] NCCL INFO GIN/0-b :GPU/0-3000 (5/1.5/SYS) GPU/0-13000 (5/1.5/SYS) GPU/0-63000 (5/1.5/SYS) GPU/0-73000 (5/1.5/SYS) GPU/0-83000 (4/1.5/PHB) GPU/0-93000 (4/1.5/PHB) GPU/0-e3000 (4/1.5/PHB) GPU/0-f3000 (4/1.5/PHB) CPU/0-0 (3/1.5/SYS) CPU/0-1 (2/1.5/PHB) NET/0-0 (6/1.5/SYS) NET/0-1 (6/1.5/SYS) NET/0-2 (6/1.5/SYS) NET/0-3 (6/1.5/SYS) NET/0-4 (5/1.5/PHB) NET/0-5 (5/1.5/PHB) NET/0-6 (4/1.5/PHB) NET/0-7 (4/1.5/PHB) NET/0-e (4/1.5/PHB) NET/0-8 (2/12.5/LOC) NET/0-9 (2/12.5/LOC) NET/0-a (2/12.5/LOC) NET/0-b (2/12.5/LOC) NET/0-f (2/12.5/LOC) NET/0-c (5/1.5/PHB) NET/0-d (5/1.5/PHB) GIN/0-0 (6/1.5/SYS) GIN/0-1 (6/1.5/SYS) GIN/0-2 (6/1.5/SYS) GIN/0-3 (6/1.5/SYS) GIN/0-4 (5/1.5/PHB) GIN/0-5 (5/1.5/PHB) GIN/0-6 (4/1.5/PHB) GIN/0-7 (4/1.5/PHB) GIN/0-8 (2/12.5/LOC) GIN/0-9 (2/12.5/LOC) GIN/0-a (2/12.5/LOC) GIN/0-b (0/5000.0/LOC) GIN/0-c (5/1.5/PHB) GIN/0-d (5/1.5/PHB) 
gpu-nodes-2:1001:1001 [2] NCCL INFO GIN/0-c :GPU/0-3000 (6/16.0/SYS) GPU/0-13000 (6/16.0/SYS) GPU/0-63000 (6/16.0/SYS) GPU/0-73000 (6/16.0/SYS) GPU/0-83000 (5/48.0/PHB) GPU/0-93000 (5/48.0/PHB) GPU/0-e3000 (3/48.0/PIX) GPU/0-f3000 (5/48.0/PHB) CPU/0-0 (4/16.0/SYS) CPU/0-1 (3/48.0/PHB) NET/0-0 (7/16.0/SYS) NET/0-1 (7/16.0/SYS) NET/0-2 (7/16.0/SYS) NET/0-3 (7/16.0/SYS) NET/0-4 (6/48.0/PHB) NET/0-5 (6/48.0/PHB) NET/0-6 (5/25.0/PHB) NET/0-7 (5/25.0/PHB) NET/0-e (5/48.0/PHB) NET/0-8 (5/1.5/PHB) NET/0-9 (5/1.5/PHB) NET/0-a (5/1.5/PHB) NET/0-b (5/1.5/PHB) NET/0-f (5/1.5/PHB) NET/0-c (2/50.0/LOC) NET/0-d (6/48.0/PHB) GIN/0-0 (7/16.0/SYS) GIN/0-1 (7/16.0/SYS) GIN/0-2 (7/16.0/SYS) GIN/0-3 (7/16.0/SYS) GIN/0-4 (6/48.0/PHB) GIN/0-5 (6/48.0/PHB) GIN/0-6 (5/25.0/PHB) GIN/0-7 (5/25.0/PHB) GIN/0-8 (5/1.5/PHB) GIN/0-9 (5/1.5/PHB) GIN/0-a (5/1.5/PHB) GIN/0-b (5/1.5/PHB) GIN/0-c (0/5000.0/LOC) GIN/0-d (6/48.0/PHB) 
gpu-nodes-2:1001:1001 [2] NCCL INFO GIN/0-d :GPU/0-3000 (6/16.0/SYS) GPU/0-13000 (6/16.0/SYS) GPU/0-63000 (6/16.0/SYS) GPU/0-73000 (6/16.0/SYS) GPU/0-83000 (5/48.0/PHB) GPU/0-93000 (5/48.0/PHB) GPU/0-e3000 (5/48.0/PHB) GPU/0-f3000 (3/48.0/PIX) CPU/0-0 (4/16.0/SYS) CPU/0-1 (3/48.0/PHB) NET/0-0 (7/16.0/SYS) NET/0-1 (7/16.0/SYS) NET/0-2 (7/16.0/SYS) NET/0-3 (7/16.0/SYS) NET/0-4 (6/48.0/PHB) NET/0-5 (6/48.0/PHB) NET/0-6 (5/25.0/PHB) NET/0-7 (5/25.0/PHB) NET/0-e (5/48.0/PHB) NET/0-8 (5/1.5/PHB) NET/0-9 (5/1.5/PHB) NET/0-a (5/1.5/PHB) NET/0-b (5/1.5/PHB) NET/0-f (5/1.5/PHB) NET/0-c (6/48.0/PHB) NET/0-d (2/50.0/LOC) GIN/0-0 (7/16.0/SYS) GIN/0-1 (7/16.0/SYS) GIN/0-2 (7/16.0/SYS) GIN/0-3 (7/16.0/SYS) GIN/0-4 (6/48.0/PHB) GIN/0-5 (6/48.0/PHB) GIN/0-6 (5/25.0/PHB) GIN/0-7 (5/25.0/PHB) GIN/0-8 (5/1.5/PHB) GIN/0-9 (5/1.5/PHB) GIN/0-a (5/1.5/PHB) GIN/0-b (5/1.5/PHB) GIN/0-c (6/48.0/PHB) GIN/0-d (0/5000.0/LOC) 
gpu-nodes-2:1001:1001 [2] NCCL INFO ncclTopoGetCpuAffinity: Affinity for GPU 2 is 0-63,128-191. (GPU affinity = 0-63,128-191 ; CPU affinity = 0-63,128-191).
gpu-nodes-2:1001:1001 [2] NCCL INFO Pattern 4, crossNic 0, nChannels 16, bw 45.000000/45.000000, type NVL/PIX, sameChannels 1
gpu-nodes-2:1001:1001 [2] NCCL INFO  0 : GPU/0-3000 GPU/0-13000 GPU/0-63000 GPU/0-73000 GPU/0-83000 GPU/0-93000 GPU/0-e3000 GPU/0-f3000
gpu-nodes-2:1001:1001 [2] NCCL INFO  1 : GPU/0-3000 GPU/0-13000 GPU/0-63000 GPU/0-73000 GPU/0-83000 GPU/0-93000 GPU/0-e3000 GPU/0-f3000
gpu-nodes-2:1001:1001 [2] NCCL INFO  2 : GPU/0-3000 GPU/0-13000 GPU/0-63000 GPU/0-73000 GPU/0-83000 GPU/0-93000 GPU/0-e3000 GPU/0-f3000
gpu-nodes-2:1001:1001 [2] NCCL INFO  3 : GPU/0-3000 GPU/0-13000 GPU/0-63000 GPU/0-73000 GPU/0-83000 GPU/0-93000 GPU/0-e3000 GPU/0-f3000
gpu-nodes-2:1001:1001 [2] NCCL INFO  4 : GPU/0-3000 GPU/0-13000 GPU/0-63000 GPU/0-73000 GPU/0-83000 GPU/0-93000 GPU/0-e3000 GPU/0-f3000
gpu-nodes-2:1001:1001 [2] NCCL INFO  5 : GPU/0-3000 GPU/0-13000 GPU/0-63000 GPU/0-73000 GPU/0-83000 GPU/0-93000 GPU/0-e3000 GPU/0-f3000
gpu-nodes-2:1001:1001 [2] NCCL INFO  6 : GPU/0-3000 GPU/0-13000 GPU/0-63000 GPU/0-73000 GPU/0-83000 GPU/0-93000 GPU/0-e3000 GPU/0-f3000
gpu-nodes-2:1001:1001 [2] NCCL INFO  7 : GPU/0-3000 GPU/0-13000 GPU/0-63000 GPU/0-73000 GPU/0-83000 GPU/0-93000 GPU/0-e3000 GPU/0-f3000
gpu-nodes-2:1001:1001 [2] NCCL INFO  8 : GPU/0-3000 GPU/0-13000 GPU/0-63000 GPU/0-73000 GPU/0-83000 GPU/0-93000 GPU/0-e3000 GPU/0-f3000
gpu-nodes-2:1001:1001 [2] NCCL INFO  9 : GPU/0-3000 GPU/0-13000 GPU/0-63000 GPU/0-73000 GPU/0-83000 GPU/0-93000 GPU/0-e3000 GPU/0-f3000
gpu-nodes-2:1001:1001 [2] NCCL INFO 10 : GPU/0-3000 GPU/0-13000 GPU/0-63000 GPU/0-73000 GPU/0-83000 GPU/0-93000 GPU/0-e3000 GPU/0-f3000
gpu-nodes-2:1001:1001 [2] NCCL INFO 11 : GPU/0-3000 GPU/0-13000 GPU/0-63000 GPU/0-73000 GPU/0-83000 GPU/0-93000 GPU/0-e3000 GPU/0-f3000
gpu-nodes-2:1001:1001 [2] NCCL INFO 12 : GPU/0-3000 GPU/0-13000 GPU/0-63000 GPU/0-73000 GPU/0-83000 GPU/0-93000 GPU/0-e3000 GPU/0-f3000
gpu-nodes-2:1001:1001 [2] NCCL INFO 13 : GPU/0-3000 GPU/0-13000 GPU/0-63000 GPU/0-73000 GPU/0-83000 GPU/0-93000 GPU/0-e3000 GPU/0-f3000
gpu-nodes-2:1001:1001 [2] NCCL INFO 14 : GPU/0-3000 GPU/0-13000 GPU/0-63000 GPU/0-73000 GPU/0-83000 GPU/0-93000 GPU/0-e3000 GPU/0-f3000
gpu-nodes-2:1001:1001 [2] NCCL INFO 15 : GPU/0-3000 GPU/0-13000 GPU/0-63000 GPU/0-73000 GPU/0-83000 GPU/0-93000 GPU/0-e3000 GPU/0-f3000
gpu-nodes-2:1001:1001 [2] NCCL INFO Pattern 1, crossNic 0, nChannels 16, bw 45.000000/45.000000, type NVL/PIX, sameChannels 1
gpu-nodes-2:1001:1001 [2] NCCL INFO  0 : GPU/0-3000 GPU/0-13000 GPU/0-63000 GPU/0-73000 GPU/0-83000 GPU/0-93000 GPU/0-e3000 GPU/0-f3000
gpu-nodes-2:1001:1001 [2] NCCL INFO  1 : GPU/0-3000 GPU/0-13000 GPU/0-63000 GPU/0-73000 GPU/0-83000 GPU/0-93000 GPU/0-e3000 GPU/0-f3000
gpu-nodes-2:1001:1001 [2] NCCL INFO  2 : GPU/0-3000 GPU/0-13000 GPU/0-63000 GPU/0-73000 GPU/0-83000 GPU/0-93000 GPU/0-e3000 GPU/0-f3000
gpu-nodes-2:1001:1001 [2] NCCL INFO  3 : GPU/0-3000 GPU/0-13000 GPU/0-63000 GPU/0-73000 GPU/0-83000 GPU/0-93000 GPU/0-e3000 GPU/0-f3000
gpu-nodes-2:1001:1001 [2] NCCL INFO  4 : GPU/0-3000 GPU/0-13000 GPU/0-63000 GPU/0-73000 GPU/0-83000 GPU/0-93000 GPU/0-e3000 GPU/0-f3000
gpu-nodes-2:1001:1001 [2] NCCL INFO  5 : GPU/0-3000 GPU/0-13000 GPU/0-63000 GPU/0-73000 GPU/0-83000 GPU/0-93000 GPU/0-e3000 GPU/0-f3000
gpu-nodes-2:1001:1001 [2] NCCL INFO  6 : GPU/0-3000 GPU/0-13000 GPU/0-63000 GPU/0-73000 GPU/0-83000 GPU/0-93000 GPU/0-e3000 GPU/0-f3000
gpu-nodes-2:1001:1001 [2] NCCL INFO  7 : GPU/0-3000 GPU/0-13000 GPU/0-63000 GPU/0-73000 GPU/0-83000 GPU/0-93000 GPU/0-e3000 GPU/0-f3000
gpu-nodes-2:1001:1001 [2] NCCL INFO  8 : GPU/0-3000 GPU/0-13000 GPU/0-63000 GPU/0-73000 GPU/0-83000 GPU/0-93000 GPU/0-e3000 GPU/0-f3000
gpu-nodes-2:1001:1001 [2] NCCL INFO  9 : GPU/0-3000 GPU/0-13000 GPU/0-63000 GPU/0-73000 GPU/0-83000 GPU/0-93000 GPU/0-e3000 GPU/0-f3000
gpu-nodes-2:1001:1001 [2] NCCL INFO 10 : GPU/0-3000 GPU/0-13000 GPU/0-63000 GPU/0-73000 GPU/0-83000 GPU/0-93000 GPU/0-e3000 GPU/0-f3000
gpu-nodes-2:1001:1001 [2] NCCL INFO 11 : GPU/0-3000 GPU/0-13000 GPU/0-63000 GPU/0-73000 GPU/0-83000 GPU/0-93000 GPU/0-e3000 GPU/0-f3000
gpu-nodes-2:1001:1001 [2] NCCL INFO 12 : GPU/0-3000 GPU/0-13000 GPU/0-63000 GPU/0-73000 GPU/0-83000 GPU/0-93000 GPU/0-e3000 GPU/0-f3000
gpu-nodes-2:1001:1001 [2] NCCL INFO 13 : GPU/0-3000 GPU/0-13000 GPU/0-63000 GPU/0-73000 GPU/0-83000 GPU/0-93000 GPU/0-e3000 GPU/0-f3000
gpu-nodes-2:1001:1001 [2] NCCL INFO 14 : GPU/0-3000 GPU/0-13000 GPU/0-63000 GPU/0-73000 GPU/0-83000 GPU/0-93000 GPU/0-e3000 GPU/0-f3000
gpu-nodes-2:1001:1001 [2] NCCL INFO 15 : GPU/0-3000 GPU/0-13000 GPU/0-63000 GPU/0-73000 GPU/0-83000 GPU/0-93000 GPU/0-e3000 GPU/0-f3000
gpu-nodes-2:1001:1001 [2] NCCL INFO comm 0x6d2dccb0 rank 2 nRanks 8 nNodes 1 localRanks 8 localRank 2 MNNVL 0
gpu-nodes-2:1001:1001 [2] NCCL INFO Ring 00 : 1 -> 2 -> 3
gpu-nodes-2:1001:1001 [2] NCCL INFO Ring 01 : 1 -> 2 -> 3
gpu-nodes-2:1001:1001 [2] NCCL INFO Ring 02 : 1 -> 2 -> 3
gpu-nodes-2:1001:1001 [2] NCCL INFO Ring 03 : 1 -> 2 -> 3
gpu-nodes-2:1001:1001 [2] NCCL INFO Ring 04 : 1 -> 2 -> 3
gpu-nodes-2:1001:1001 [2] NCCL INFO Ring 05 : 1 -> 2 -> 3
gpu-nodes-2:1001:1001 [2] NCCL INFO Ring 06 : 1 -> 2 -> 3
gpu-nodes-2:1001:1001 [2] NCCL INFO Ring 07 : 1 -> 2 -> 3
gpu-nodes-2:1001:1001 [2] NCCL INFO Ring 08 : 1 -> 2 -> 3
gpu-nodes-2:1001:1001 [2] NCCL INFO Ring 09 : 1 -> 2 -> 3
gpu-nodes-2:1001:1001 [2] NCCL INFO Ring 10 : 1 -> 2 -> 3
gpu-nodes-2:1001:1001 [2] NCCL INFO Ring 11 : 1 -> 2 -> 3
gpu-nodes-2:1001:1001 [2] NCCL INFO Ring 12 : 1 -> 2 -> 3
gpu-nodes-2:1001:1001 [2] NCCL INFO Ring 13 : 1 -> 2 -> 3
gpu-nodes-2:1001:1001 [2] NCCL INFO Ring 14 : 1 -> 2 -> 3
gpu-nodes-2:1001:1001 [2] NCCL INFO Ring 15 : 1 -> 2 -> 3
gpu-nodes-2:1001:1001 [2] NCCL INFO Ring 16 : 1 -> 2 -> 3
gpu-nodes-2:1001:1001 [2] NCCL INFO Ring 17 : 1 -> 2 -> 3
gpu-nodes-2:1001:1001 [2] NCCL INFO Ring 18 : 1 -> 2 -> 3
gpu-nodes-2:1001:1001 [2] NCCL INFO Ring 19 : 1 -> 2 -> 3
gpu-nodes-2:1001:1001 [2] NCCL INFO Ring 20 : 1 -> 2 -> 3
gpu-nodes-2:1001:1001 [2] NCCL INFO Ring 21 : 1 -> 2 -> 3
gpu-nodes-2:1001:1001 [2] NCCL INFO Ring 22 : 1 -> 2 -> 3
gpu-nodes-2:1001:1001 [2] NCCL INFO Ring 23 : 1 -> 2 -> 3
gpu-nodes-2:1001:1001 [2] NCCL INFO Ring 24 : 1 -> 2 -> 3
gpu-nodes-2:1001:1001 [2] NCCL INFO Ring 25 : 1 -> 2 -> 3
gpu-nodes-2:1001:1001 [2] NCCL INFO Ring 26 : 1 -> 2 -> 3
gpu-nodes-2:1001:1001 [2] NCCL INFO Ring 27 : 1 -> 2 -> 3
gpu-nodes-2:1001:1001 [2] NCCL INFO Ring 28 : 1 -> 2 -> 3
gpu-nodes-2:1001:1001 [2] NCCL INFO Ring 29 : 1 -> 2 -> 3
gpu-nodes-2:1001:1001 [2] NCCL INFO Ring 30 : 1 -> 2 -> 3
gpu-nodes-2:1001:1001 [2] NCCL INFO Ring 31 : 1 -> 2 -> 3
gpu-nodes-2:1001:1001 [2] NCCL INFO Trees [0] 3/-1/-1->2->1 [1] 3/-1/-1->2->1 [2] 3/-1/-1->2->1 [3] 3/-1/-1->2->1 [4] 3/-1/-1->2->1 [5] 3/-1/-1->2->1 [6] 3/-1/-1->2->1 [7] 3/-1/-1->2->1 [8] 3/-1/-1->2->1 [9] 3/-1/-1->2->1 [10] 3/-1/-1->2->1 [11] 3/-1/-1->2->1 [12] 3/-1/-1->2->1 [13] 3/-1/-1->2->1 [14] 3/-1/-1->2->1 [15] 3/-1/-1->2->1 [16] 3/-1/-1->2->1 [17] 3/-1/-1->2->1 [18] 3/-1/-1->2->1 [19] 3/-1/-1->2->1 [20] 3/-1/-1->2->1 [21] 3/-1/-1->2->1 [22] 3/-1/-1->2->1 [23] 3/-1/-1->2->1 [24] 3/-1/-1->2->1 [25] 3/-1/-1->2->1 [26] 3/-1/-1->2->1 [27] 3/-1/-1->2->1 [28] 3/-1/-1->2->1 [29] 3/-1/-1->2->1 [30] 3/-1/-1->2->1 [31] 3/-1/-1->2->1
gpu-nodes-2:1001:1001 [2] NCCL INFO P2P Chunksize set to 524288
gpu-nodes-2:1001:1001 [2] NCCL INFO Check P2P Type isAllDirectP2p 1 directMode 0 isAllCudaP2p 1
gpu-nodes-2:1001:1826 [0] NCCL INFO [Proxy Service] Device 2 CPU core 17
gpu-nodes-2:1001:1001 [2] NCCL INFO ncclP2pSchedule: group size used is 8
gpu-nodes-2:1001:1834 [0] NCCL INFO [Proxy Service UDS] Device 2 CPU core 2
gpu-nodes-2:1001:1826 [2] NCCL INFO New proxy recv connection 0 from local rank 2, transport 0
gpu-nodes-2:1001:1001 [2] NCCL INFO Connected to proxy localRank 2 -> connection 0x7e7cf400c900
gpu-nodes-2:1001:1826 [2] NCCL INFO New proxy recv connection 1 from local rank 2, transport 0
gpu-nodes-2:1001:1001 [2] NCCL INFO Connected to proxy localRank 2 -> connection 0x7e7cf400c988
gpu-nodes-2:1001:1826 [2] NCCL INFO New proxy recv connection 2 from local rank 2, transport 0
gpu-nodes-2:1001:1001 [2] NCCL INFO Connected to proxy localRank 2 -> connection 0x7e7cf400ca10
gpu-nodes-2:1001:1826 [2] NCCL INFO New proxy recv connection 3 from local rank 2, transport 0
gpu-nodes-2:1001:1001 [2] NCCL INFO Connected to proxy localRank 2 -> connection 0x7e7cf400ca98
gpu-nodes-2:1001:1826 [2] NCCL INFO New proxy recv connection 4 from local rank 2, transport 0
gpu-nodes-2:1001:1001 [2] NCCL INFO Connected to proxy localRank 2 -> connection 0x7e7cf400cb20
gpu-nodes-2:1001:1826 [2] NCCL INFO New proxy recv connection 5 from local rank 2, transport 0
gpu-nodes-2:1001:1001 [2] NCCL INFO Connected to proxy localRank 2 -> connection 0x7e7cf400cba8
gpu-nodes-2:1001:1826 [2] NCCL INFO New proxy recv connection 6 from local rank 2, transport 0
gpu-nodes-2:1001:1001 [2] NCCL INFO Connected to proxy localRank 2 -> connection 0x7e7cf400cc30
gpu-nodes-2:1001:1826 [2] NCCL INFO New proxy recv connection 7 from local rank 2, transport 0
gpu-nodes-2:1001:1001 [2] NCCL INFO Connected to proxy localRank 2 -> connection 0x7e7cf400ccb8
gpu-nodes-2:1001:1826 [2] NCCL INFO New proxy recv connection 8 from local rank 2, transport 0
gpu-nodes-2:1001:1001 [2] NCCL INFO Connected to proxy localRank 2 -> connection 0x7e7cf400cd40
gpu-nodes-2:1001:1826 [2] NCCL INFO New proxy recv connection 9 from local rank 2, transport 0
gpu-nodes-2:1001:1001 [2] NCCL INFO Connected to proxy localRank 2 -> connection 0x7e7cf400cdc8
gpu-nodes-2:1001:1826 [2] NCCL INFO New proxy recv connection 10 from local rank 2, transport 0
gpu-nodes-2:1001:1001 [2] NCCL INFO Connected to proxy localRank 2 -> connection 0x7e7cf400ce50
gpu-nodes-2:1001:1826 [2] NCCL INFO New proxy recv connection 11 from local rank 2, transport 0
gpu-nodes-2:1001:1001 [2] NCCL INFO Connected to proxy localRank 2 -> connection 0x7e7cf400ced8
gpu-nodes-2:1001:1826 [2] NCCL INFO New proxy recv connection 12 from local rank 2, transport 0
gpu-nodes-2:1001:1001 [2] NCCL INFO Connected to proxy localRank 2 -> connection 0x7e7cf400cf60
gpu-nodes-2:1001:1826 [2] NCCL INFO New proxy recv connection 13 from local rank 2, transport 0
gpu-nodes-2:1001:1001 [2] NCCL INFO Connected to proxy localRank 2 -> connection 0x7e7cf400cfe8
gpu-nodes-2:1001:1826 [2] NCCL INFO New proxy recv connection 14 from local rank 2, transport 0
gpu-nodes-2:1001:1001 [2] NCCL INFO Connected to proxy localRank 2 -> connection 0x7e7cf400d070
gpu-nodes-2:1001:1826 [2] NCCL INFO New proxy recv connection 15 from local rank 2, transport 0
gpu-nodes-2:1001:1001 [2] NCCL INFO Connected to proxy localRank 2 -> connection 0x7e7cf400d0f8
gpu-nodes-2:1001:1826 [2] NCCL INFO New proxy recv connection 16 from local rank 2, transport 0
gpu-nodes-2:1001:1001 [2] NCCL INFO Connected to proxy localRank 2 -> connection 0x7e7cf400d180
gpu-nodes-2:1001:1826 [2] NCCL INFO New proxy recv connection 17 from local rank 2, transport 0
gpu-nodes-2:1001:1001 [2] NCCL INFO Connected to proxy localRank 2 -> connection 0x7e7cf400d208
gpu-nodes-2:1001:1826 [2] NCCL INFO New proxy recv connection 18 from local rank 2, transport 0
gpu-nodes-2:1001:1001 [2] NCCL INFO Connected to proxy localRank 2 -> connection 0x7e7cf400d290
gpu-nodes-2:1001:1826 [2] NCCL INFO New proxy recv connection 19 from local rank 2, transport 0
gpu-nodes-2:1001:1001 [2] NCCL INFO Connected to proxy localRank 2 -> connection 0x7e7cf400d318
gpu-nodes-2:1001:1826 [2] NCCL INFO New proxy recv connection 20 from local rank 2, transport 0
gpu-nodes-2:1001:1001 [2] NCCL INFO Connected to proxy localRank 2 -> connection 0x7e7cf400d3a0
gpu-nodes-2:1001:1826 [2] NCCL INFO New proxy recv connection 21 from local rank 2, transport 0
gpu-nodes-2:1001:1001 [2] NCCL INFO Connected to proxy localRank 2 -> connection 0x7e7cf400d428
gpu-nodes-2:1001:1826 [2] NCCL INFO New proxy recv connection 22 from local rank 2, transport 0
gpu-nodes-2:1001:1001 [2] NCCL INFO Connected to proxy localRank 2 -> connection 0x7e7cf400d4b0
gpu-nodes-2:1001:1826 [2] NCCL INFO New proxy recv connection 23 from local rank 2, transport 0
gpu-nodes-2:1001:1001 [2] NCCL INFO Connected to proxy localRank 2 -> connection 0x7e7cf400d538
gpu-nodes-2:1001:1826 [2] NCCL INFO New proxy recv connection 24 from local rank 2, transport 0
gpu-nodes-2:1001:1001 [2] NCCL INFO Connected to proxy localRank 2 -> connection 0x7e7cf400d5c0
gpu-nodes-2:1001:1826 [2] NCCL INFO New proxy recv connection 25 from local rank 2, transport 0
gpu-nodes-2:1001:1001 [2] NCCL INFO Connected to proxy localRank 2 -> connection 0x7e7cf400d648
gpu-nodes-2:1001:1826 [2] NCCL INFO New proxy recv connection 26 from local rank 2, transport 0
gpu-nodes-2:1001:1001 [2] NCCL INFO Connected to proxy localRank 2 -> connection 0x7e7cf400d6d0
gpu-nodes-2:1001:1826 [2] NCCL INFO New proxy recv connection 27 from local rank 2, transport 0
gpu-nodes-2:1001:1001 [2] NCCL INFO Connected to proxy localRank 2 -> connection 0x7e7cf400d758
gpu-nodes-2:1001:1826 [2] NCCL INFO New proxy recv connection 28 from local rank 2, transport 0
gpu-nodes-2:1001:1001 [2] NCCL INFO Connected to proxy localRank 2 -> connection 0x7e7cf400d7e0
gpu-nodes-2:1001:1826 [2] NCCL INFO New proxy recv connection 29 from local rank 2, transport 0
gpu-nodes-2:1001:1001 [2] NCCL INFO Connected to proxy localRank 2 -> connection 0x7e7cf400d868
gpu-nodes-2:1001:1826 [2] NCCL INFO New proxy recv connection 30 from local rank 2, transport 0
gpu-nodes-2:1001:1001 [2] NCCL INFO Connected to proxy localRank 2 -> connection 0x7e7cf400d8f0
gpu-nodes-2:1001:1826 [2] NCCL INFO New proxy recv connection 31 from local rank 2, transport 0
gpu-nodes-2:1001:1001 [2] NCCL INFO Connected to proxy localRank 2 -> connection 0x7e7cf400d978
gpu-nodes-2:1001:1001 [2] NCCL INFO Channel 00/0 : 2[2] -> 3[3] via P2P/IPC
gpu-nodes-2:1001:1826 [2] NCCL INFO New proxy send connection 32 from local rank 2, transport 0
gpu-nodes-2:1001:1001 [2] NCCL INFO Connected to proxy localRank 2 -> connection 0x7e7cf400da00
gpu-nodes-2:1001:1001 [2] NCCL INFO Channel 01/0 : 2[2] -> 3[3] via P2P/IPC
gpu-nodes-2:1001:1826 [2] NCCL INFO New proxy send connection 33 from local rank 2, transport 0
gpu-nodes-2:1001:1001 [2] NCCL INFO Connected to proxy localRank 2 -> connection 0x7e7cf400da88
gpu-nodes-2:1001:1001 [2] NCCL INFO Channel 02/0 : 2[2] -> 3[3] via P2P/IPC
gpu-nodes-2:1001:1826 [2] NCCL INFO New proxy send connection 34 from local rank 2, transport 0
gpu-nodes-2:1001:1001 [2] NCCL INFO Connected to proxy localRank 2 -> connection 0x7e7cf400db10
gpu-nodes-2:1001:1001 [2] NCCL INFO Channel 03/0 : 2[2] -> 3[3] via P2P/IPC
gpu-nodes-2:1001:1826 [2] NCCL INFO New proxy send connection 35 from local rank 2, transport 0
gpu-nodes-2:1001:1001 [2] NCCL INFO Connected to proxy localRank 2 -> connection 0x7e7cf400db98
gpu-nodes-2:1001:1001 [2] NCCL INFO Channel 04/0 : 2[2] -> 3[3] via P2P/IPC
gpu-nodes-2:1001:1826 [2] NCCL INFO New proxy send connection 36 from local rank 2, transport 0
gpu-nodes-2:1001:1001 [2] NCCL INFO Connected to proxy localRank 2 -> connection 0x7e7cf400dc20
gpu-nodes-2:1001:1001 [2] NCCL INFO Channel 05/0 : 2[2] -> 3[3] via P2P/IPC
gpu-nodes-2:1001:1826 [2] NCCL INFO New proxy send connection 37 from local rank 2, transport 0
gpu-nodes-2:1001:1001 [2] NCCL INFO Connected to proxy localRank 2 -> connection 0x7e7cf400dca8
gpu-nodes-2:1001:1001 [2] NCCL INFO Channel 06/0 : 2[2] -> 3[3] via P2P/IPC
gpu-nodes-2:1001:1826 [2] NCCL INFO New proxy send connection 38 from local rank 2, transport 0
gpu-nodes-2:1001:1001 [2] NCCL INFO Connected to proxy localRank 2 -> connection 0x7e7cf400dd30
gpu-nodes-2:1001:1001 [2] NCCL INFO Channel 07/0 : 2[2] -> 3[3] via P2P/IPC
gpu-nodes-2:1001:1826 [2] NCCL INFO New proxy send connection 39 from local rank 2, transport 0
gpu-nodes-2:1001:1001 [2] NCCL INFO Connected to proxy localRank 2 -> connection 0x7e7cf400ddb8
gpu-nodes-2:1001:1001 [2] NCCL INFO Channel 08/0 : 2[2] -> 3[3] via P2P/IPC
gpu-nodes-2:1001:1826 [2] NCCL INFO New proxy send connection 40 from local rank 2, transport 0
gpu-nodes-2:1001:1001 [2] NCCL INFO Connected to proxy localRank 2 -> connection 0x7e7cf400de40
gpu-nodes-2:1001:1001 [2] NCCL INFO Channel 09/0 : 2[2] -> 3[3] via P2P/IPC
gpu-nodes-2:1001:1826 [2] NCCL INFO New proxy send connection 41 from local rank 2, transport 0
gpu-nodes-2:1001:1001 [2] NCCL INFO Connected to proxy localRank 2 -> connection 0x7e7cf400dec8
gpu-nodes-2:1001:1001 [2] NCCL INFO Channel 10/0 : 2[2] -> 3[3] via P2P/IPC
gpu-nodes-2:1001:1826 [2] NCCL INFO New proxy send connection 42 from local rank 2, transport 0
gpu-nodes-2:1001:1001 [2] NCCL INFO Connected to proxy localRank 2 -> connection 0x7e7cf400df50
gpu-nodes-2:1001:1001 [2] NCCL INFO Channel 11/0 : 2[2] -> 3[3] via P2P/IPC
gpu-nodes-2:1001:1826 [2] NCCL INFO New proxy send connection 43 from local rank 2, transport 0
gpu-nodes-2:1001:1001 [2] NCCL INFO Connected to proxy localRank 2 -> connection 0x7e7cf400dfd8
gpu-nodes-2:1001:1001 [2] NCCL INFO Channel 12/0 : 2[2] -> 3[3] via P2P/IPC
gpu-nodes-2:1001:1826 [2] NCCL INFO New proxy send connection 44 from local rank 2, transport 0
gpu-nodes-2:1001:1001 [2] NCCL INFO Connected to proxy localRank 2 -> connection 0x7e7cf400e060
gpu-nodes-2:1001:1001 [2] NCCL INFO Channel 13/0 : 2[2] -> 3[3] via P2P/IPC
gpu-nodes-2:1001:1826 [2] NCCL INFO New proxy send connection 45 from local rank 2, transport 0
gpu-nodes-2:1001:1001 [2] NCCL INFO Connected to proxy localRank 2 -> connection 0x7e7cf400e0e8
gpu-nodes-2:1001:1001 [2] NCCL INFO Channel 14/0 : 2[2] -> 3[3] via P2P/IPC
gpu-nodes-2:1001:1826 [2] NCCL INFO New proxy send connection 46 from local rank 2, transport 0
gpu-nodes-2:1001:1001 [2] NCCL INFO Connected to proxy localRank 2 -> connection 0x7e7cf400e170
gpu-nodes-2:1001:1001 [2] NCCL INFO Channel 15/0 : 2[2] -> 3[3] via P2P/IPC
gpu-nodes-2:1001:1826 [2] NCCL INFO New proxy send connection 47 from local rank 2, transport 0
gpu-nodes-2:1001:1001 [2] NCCL INFO Connected to proxy localRank 2 -> connection 0x7e7cf400e1f8
gpu-nodes-2:1001:1001 [2] NCCL INFO Channel 16/0 : 2[2] -> 3[3] via P2P/IPC
gpu-nodes-2:1001:1826 [2] NCCL INFO New proxy send connection 48 from local rank 2, transport 0
gpu-nodes-2:1001:1001 [2] NCCL INFO Connected to proxy localRank 2 -> connection 0x7e7cf400e280
gpu-nodes-2:1001:1001 [2] NCCL INFO Channel 17/0 : 2[2] -> 3[3] via P2P/IPC
gpu-nodes-2:1001:1826 [2] NCCL INFO New proxy send connection 49 from local rank 2, transport 0
gpu-nodes-2:1001:1001 [2] NCCL INFO Connected to proxy localRank 2 -> connection 0x7e7cf400e308
gpu-nodes-2:1001:1001 [2] NCCL INFO Channel 18/0 : 2[2] -> 3[3] via P2P/IPC
gpu-nodes-2:1001:1826 [2] NCCL INFO New proxy send connection 50 from local rank 2, transport 0
gpu-nodes-2:1001:1001 [2] NCCL INFO Connected to proxy localRank 2 -> connection 0x7e7cf400e390
gpu-nodes-2:1001:1001 [2] NCCL INFO Channel 19/0 : 2[2] -> 3[3] via P2P/IPC
gpu-nodes-2:1001:1826 [2] NCCL INFO New proxy send connection 51 from local rank 2, transport 0
gpu-nodes-2:1001:1001 [2] NCCL INFO Connected to proxy localRank 2 -> connection 0x7e7cf400e418
gpu-nodes-2:1001:1001 [2] NCCL INFO Channel 20/0 : 2[2] -> 3[3] via P2P/IPC
gpu-nodes-2:1001:1826 [2] NCCL INFO New proxy send connection 52 from local rank 2, transport 0
gpu-nodes-2:1001:1001 [2] NCCL INFO Connected to proxy localRank 2 -> connection 0x7e7cf400e4a0
gpu-nodes-2:1001:1001 [2] NCCL INFO Channel 21/0 : 2[2] -> 3[3] via P2P/IPC
gpu-nodes-2:1001:1826 [2] NCCL INFO New proxy send connection 53 from local rank 2, transport 0
gpu-nodes-2:1001:1001 [2] NCCL INFO Connected to proxy localRank 2 -> connection 0x7e7cf400e528
gpu-nodes-2:1001:1001 [2] NCCL INFO Channel 22/0 : 2[2] -> 3[3] via P2P/IPC
gpu-nodes-2:1001:1826 [2] NCCL INFO New proxy send connection 54 from local rank 2, transport 0
gpu-nodes-2:1001:1001 [2] NCCL INFO Connected to proxy localRank 2 -> connection 0x7e7cf400e5b0
gpu-nodes-2:1001:1001 [2] NCCL INFO Channel 23/0 : 2[2] -> 3[3] via P2P/IPC
gpu-nodes-2:1001:1826 [2] NCCL INFO New proxy send connection 55 from local rank 2, transport 0
gpu-nodes-2:1001:1001 [2] NCCL INFO Connected to proxy localRank 2 -> connection 0x7e7cf400e638
gpu-nodes-2:1001:1001 [2] NCCL INFO Channel 24/0 : 2[2] -> 3[3] via P2P/IPC
gpu-nodes-2:1001:1826 [2] NCCL INFO New proxy send connection 56 from local rank 2, transport 0
gpu-nodes-2:1001:1001 [2] NCCL INFO Connected to proxy localRank 2 -> connection 0x7e7cf400e6c0
gpu-nodes-2:1001:1001 [2] NCCL INFO Channel 25/0 : 2[2] -> 3[3] via P2P/IPC
gpu-nodes-2:1001:1826 [2] NCCL INFO New proxy send connection 57 from local rank 2, transport 0
gpu-nodes-2:1001:1001 [2] NCCL INFO Connected to proxy localRank 2 -> connection 0x7e7cf400e748
gpu-nodes-2:1001:1001 [2] NCCL INFO Channel 26/0 : 2[2] -> 3[3] via P2P/IPC
gpu-nodes-2:1001:1826 [2] NCCL INFO New proxy send connection 58 from local rank 2, transport 0
gpu-nodes-2:1001:1001 [2] NCCL INFO Connected to proxy localRank 2 -> connection 0x7e7cf400e7d0
gpu-nodes-2:1001:1001 [2] NCCL INFO Channel 27/0 : 2[2] -> 3[3] via P2P/IPC
gpu-nodes-2:1001:1826 [2] NCCL INFO New proxy send connection 59 from local rank 2, transport 0
gpu-nodes-2:1001:1001 [2] NCCL INFO Connected to proxy localRank 2 -> connection 0x7e7cf400e858
gpu-nodes-2:1001:1001 [2] NCCL INFO Channel 28/0 : 2[2] -> 3[3] via P2P/IPC
gpu-nodes-2:1001:1826 [2] NCCL INFO New proxy send connection 60 from local rank 2, transport 0
gpu-nodes-2:1001:1001 [2] NCCL INFO Connected to proxy localRank 2 -> connection 0x7e7cf400e8e0
gpu-nodes-2:1001:1001 [2] NCCL INFO Channel 29/0 : 2[2] -> 3[3] via P2P/IPC
gpu-nodes-2:1001:1826 [2] NCCL INFO New proxy send connection 61 from local rank 2, transport 0
gpu-nodes-2:1001:1001 [2] NCCL INFO Connected to proxy localRank 2 -> connection 0x7e7cf400e968
gpu-nodes-2:1001:1001 [2] NCCL INFO Channel 30/0 : 2[2] -> 3[3] via P2P/IPC
gpu-nodes-2:1001:1826 [2] NCCL INFO New proxy send connection 62 from local rank 2, transport 0
gpu-nodes-2:1001:1001 [2] NCCL INFO Connected to proxy localRank 2 -> connection 0x7e7cf400e9f0
gpu-nodes-2:1001:1001 [2] NCCL INFO Channel 31/0 : 2[2] -> 3[3] via P2P/IPC
gpu-nodes-2:1001:1826 [2] NCCL INFO New proxy send connection 63 from local rank 2, transport 0
gpu-nodes-2:1001:1001 [2] NCCL INFO Connected to proxy localRank 2 -> connection 0x7e7cf400ea78
gpu-nodes-2:1001:1001 [2] NCCL INFO Connected all rings, use ring PXN 0 GDR 1
gpu-nodes-2:1001:1826 [2] NCCL INFO New proxy recv connection 64 from local rank 2, transport 0
gpu-nodes-2:1001:1001 [2] NCCL INFO Connected to proxy localRank 2 -> connection 0x7e7cf400eb00
gpu-nodes-2:1001:1826 [2] NCCL INFO New proxy recv connection 65 from local rank 2, transport 0
gpu-nodes-2:1001:1001 [2] NCCL INFO Connected to proxy localRank 2 -> connection 0x7e7cf400eb88
gpu-nodes-2:1001:1826 [2] NCCL INFO New proxy recv connection 66 from local rank 2, transport 0
gpu-nodes-2:1001:1001 [2] NCCL INFO Connected to proxy localRank 2 -> connection 0x7e7cf400ec10
gpu-nodes-2:1001:1826 [2] NCCL INFO New proxy recv connection 67 from local rank 2, transport 0
gpu-nodes-2:1001:1001 [2] NCCL INFO Connected to proxy localRank 2 -> connection 0x7e7cf400ec98
gpu-nodes-2:1001:1826 [2] NCCL INFO New proxy recv connection 68 from local rank 2, transport 0
gpu-nodes-2:1001:1001 [2] NCCL INFO Connected to proxy localRank 2 -> connection 0x7e7cf400ed20
gpu-nodes-2:1001:1826 [2] NCCL INFO New proxy recv connection 69 from local rank 2, transport 0
gpu-nodes-2:1001:1001 [2] NCCL INFO Connected to proxy localRank 2 -> connection 0x7e7cf400eda8
gpu-nodes-2:1001:1826 [2] NCCL INFO New proxy recv connection 70 from local rank 2, transport 0
gpu-nodes-2:1001:1001 [2] NCCL INFO Connected to proxy localRank 2 -> connection 0x7e7cf400ee30
gpu-nodes-2:1001:1826 [2] NCCL INFO New proxy recv connection 71 from local rank 2, transport 0
gpu-nodes-2:1001:1001 [2] NCCL INFO Connected to proxy localRank 2 -> connection 0x7e7cf400eeb8
gpu-nodes-2:1001:1826 [2] NCCL INFO New proxy recv connection 72 from local rank 2, transport 0
gpu-nodes-2:1001:1001 [2] NCCL INFO Connected to proxy localRank 2 -> connection 0x7e7cf400ef40
gpu-nodes-2:1001:1826 [2] NCCL INFO New proxy recv connection 73 from local rank 2, transport 0
gpu-nodes-2:1001:1001 [2] NCCL INFO Connected to proxy localRank 2 -> connection 0x7e7cf400efc8
gpu-nodes-2:1001:1826 [2] NCCL INFO New proxy recv connection 74 from local rank 2, transport 0
gpu-nodes-2:1001:1001 [2] NCCL INFO Connected to proxy localRank 2 -> connection 0x7e7cf400f050
gpu-nodes-2:1001:1826 [2] NCCL INFO New proxy recv connection 75 from local rank 2, transport 0
gpu-nodes-2:1001:1001 [2] NCCL INFO Connected to proxy localRank 2 -> connection 0x7e7cf400f0d8
gpu-nodes-2:1001:1826 [2] NCCL INFO New proxy recv connection 76 from local rank 2, transport 0
gpu-nodes-2:1001:1001 [2] NCCL INFO Connected to proxy localRank 2 -> connection 0x7e7cf400f160
gpu-nodes-2:1001:1826 [2] NCCL INFO New proxy recv connection 77 from local rank 2, transport 0
gpu-nodes-2:1001:1001 [2] NCCL INFO Connected to proxy localRank 2 -> connection 0x7e7cf400f1e8
gpu-nodes-2:1001:1826 [2] NCCL INFO New proxy recv connection 78 from local rank 2, transport 0
gpu-nodes-2:1001:1001 [2] NCCL INFO Connected to proxy localRank 2 -> connection 0x7e7cf400f270
gpu-nodes-2:1001:1826 [2] NCCL INFO New proxy recv connection 79 from local rank 2, transport 0
gpu-nodes-2:1001:1001 [2] NCCL INFO Connected to proxy localRank 2 -> connection 0x7e7cf400f2f8
gpu-nodes-2:1001:1826 [2] NCCL INFO New proxy recv connection 80 from local rank 2, transport 0
gpu-nodes-2:1001:1001 [2] NCCL INFO Connected to proxy localRank 2 -> connection 0x7e7cf400f380
gpu-nodes-2:1001:1826 [2] NCCL INFO New proxy recv connection 81 from local rank 2, transport 0
gpu-nodes-2:1001:1001 [2] NCCL INFO Connected to proxy localRank 2 -> connection 0x7e7cf400f408
gpu-nodes-2:1001:1826 [2] NCCL INFO New proxy recv connection 82 from local rank 2, transport 0
gpu-nodes-2:1001:1001 [2] NCCL INFO Connected to proxy localRank 2 -> connection 0x7e7cf400f490
gpu-nodes-2:1001:1826 [2] NCCL INFO New proxy recv connection 83 from local rank 2, transport 0
gpu-nodes-2:1001:1001 [2] NCCL INFO Connected to proxy localRank 2 -> connection 0x7e7cf400f518
gpu-nodes-2:1001:1826 [2] NCCL INFO New proxy recv connection 84 from local rank 2, transport 0
gpu-nodes-2:1001:1001 [2] NCCL INFO Connected to proxy localRank 2 -> connection 0x7e7cf400f5a0
gpu-nodes-2:1001:1826 [2] NCCL INFO New proxy recv connection 85 from local rank 2, transport 0
gpu-nodes-2:1001:1001 [2] NCCL INFO Connected to proxy localRank 2 -> connection 0x7e7cf400f628
gpu-nodes-2:1001:1826 [2] NCCL INFO New proxy recv connection 86 from local rank 2, transport 0
gpu-nodes-2:1001:1001 [2] NCCL INFO Connected to proxy localRank 2 -> connection 0x7e7cf400f6b0
gpu-nodes-2:1001:1826 [2] NCCL INFO New proxy recv connection 87 from local rank 2, transport 0
gpu-nodes-2:1001:1001 [2] NCCL INFO Connected to proxy localRank 2 -> connection 0x7e7cf400f738
gpu-nodes-2:1001:1826 [2] NCCL INFO New proxy recv connection 88 from local rank 2, transport 0
gpu-nodes-2:1001:1001 [2] NCCL INFO Connected to proxy localRank 2 -> connection 0x7e7cf400f7c0
gpu-nodes-2:1001:1826 [2] NCCL INFO New proxy recv connection 89 from local rank 2, transport 0
gpu-nodes-2:1001:1001 [2] NCCL INFO Connected to proxy localRank 2 -> connection 0x7e7cf400f848
gpu-nodes-2:1001:1826 [2] NCCL INFO New proxy recv connection 90 from local rank 2, transport 0
gpu-nodes-2:1001:1001 [2] NCCL INFO Connected to proxy localRank 2 -> connection 0x7e7cf400f8d0
gpu-nodes-2:1001:1826 [2] NCCL INFO New proxy recv connection 91 from local rank 2, transport 0
gpu-nodes-2:1001:1001 [2] NCCL INFO Connected to proxy localRank 2 -> connection 0x7e7cf400f958
gpu-nodes-2:1001:1826 [2] NCCL INFO New proxy recv connection 92 from local rank 2, transport 0
gpu-nodes-2:1001:1001 [2] NCCL INFO Connected to proxy localRank 2 -> connection 0x7e7cf400f9e0
gpu-nodes-2:1001:1826 [2] NCCL INFO New proxy recv connection 93 from local rank 2, transport 0
gpu-nodes-2:1001:1001 [2] NCCL INFO Connected to proxy localRank 2 -> connection 0x7e7cf400fa68
gpu-nodes-2:1001:1826 [2] NCCL INFO New proxy recv connection 94 from local rank 2, transport 0
gpu-nodes-2:1001:1001 [2] NCCL INFO Connected to proxy localRank 2 -> connection 0x7e7cf400faf0
gpu-nodes-2:1001:1826 [2] NCCL INFO New proxy recv connection 95 from local rank 2, transport 0
gpu-nodes-2:1001:1001 [2] NCCL INFO Connected to proxy localRank 2 -> connection 0x7e7cf400fb78
gpu-nodes-2:1001:1001 [2] NCCL INFO Channel 00/0 : 2[2] -> 1[1] via P2P/IPC
gpu-nodes-2:1001:1826 [2] NCCL INFO New proxy send connection 96 from local rank 2, transport 0
gpu-nodes-2:1001:1001 [2] NCCL INFO Connected to proxy localRank 2 -> connection 0x7e7cf400fc00
gpu-nodes-2:1001:1001 [2] NCCL INFO Channel 01/0 : 2[2] -> 1[1] via P2P/IPC
gpu-nodes-2:1001:1826 [2] NCCL INFO New proxy send connection 97 from local rank 2, transport 0
gpu-nodes-2:1001:1001 [2] NCCL INFO Connected to proxy localRank 2 -> connection 0x7e7cf400fc88
gpu-nodes-2:1001:1001 [2] NCCL INFO Channel 02/0 : 2[2] -> 1[1] via P2P/IPC
gpu-nodes-2:1001:1826 [2] NCCL INFO New proxy send connection 98 from local rank 2, transport 0
gpu-nodes-2:1001:1001 [2] NCCL INFO Connected to proxy localRank 2 -> connection 0x7e7cf400fd10
gpu-nodes-2:1001:1001 [2] NCCL INFO Channel 03/0 : 2[2] -> 1[1] via P2P/IPC
gpu-nodes-2:1001:1826 [2] NCCL INFO New proxy send connection 99 from local rank 2, transport 0
gpu-nodes-2:1001:1001 [2] NCCL INFO Connected to proxy localRank 2 -> connection 0x7e7cf400fd98
gpu-nodes-2:1001:1001 [2] NCCL INFO Channel 04/0 : 2[2] -> 1[1] via P2P/IPC
gpu-nodes-2:1001:1826 [2] NCCL INFO New proxy send connection 100 from local rank 2, transport 0
gpu-nodes-2:1001:1001 [2] NCCL INFO Connected to proxy localRank 2 -> connection 0x7e7cf400fe20
gpu-nodes-2:1001:1001 [2] NCCL INFO Channel 05/0 : 2[2] -> 1[1] via P2P/IPC
gpu-nodes-2:1001:1826 [2] NCCL INFO New proxy send connection 101 from local rank 2, transport 0
gpu-nodes-2:1001:1001 [2] NCCL INFO Connected to proxy localRank 2 -> connection 0x7e7cf400fea8
gpu-nodes-2:1001:1001 [2] NCCL INFO Channel 06/0 : 2[2] -> 1[1] via P2P/IPC
gpu-nodes-2:1001:1826 [2] NCCL INFO New proxy send connection 102 from local rank 2, transport 0
gpu-nodes-2:1001:1001 [2] NCCL INFO Connected to proxy localRank 2 -> connection 0x7e7cf400ff30
gpu-nodes-2:1001:1001 [2] NCCL INFO Channel 07/0 : 2[2] -> 1[1] via P2P/IPC
gpu-nodes-2:1001:1826 [2] NCCL INFO New proxy send connection 103 from local rank 2, transport 0
gpu-nodes-2:1001:1001 [2] NCCL INFO Connected to proxy localRank 2 -> connection 0x7e7cf400ffb8
gpu-nodes-2:1001:1001 [2] NCCL INFO Channel 08/0 : 2[2] -> 1[1] via P2P/IPC
gpu-nodes-2:1001:1826 [2] NCCL INFO New proxy send connection 104 from local rank 2, transport 0
gpu-nodes-2:1001:1001 [2] NCCL INFO Connected to proxy localRank 2 -> connection 0x7e7cf4010040
gpu-nodes-2:1001:1001 [2] NCCL INFO Channel 09/0 : 2[2] -> 1[1] via P2P/IPC
gpu-nodes-2:1001:1826 [2] NCCL INFO New proxy send connection 105 from local rank 2, transport 0
gpu-nodes-2:1001:1001 [2] NCCL INFO Connected to proxy localRank 2 -> connection 0x7e7cf40100c8
gpu-nodes-2:1001:1001 [2] NCCL INFO Channel 10/0 : 2[2] -> 1[1] via P2P/IPC
gpu-nodes-2:1001:1826 [2] NCCL INFO New proxy send connection 106 from local rank 2, transport 0
gpu-nodes-2:1001:1001 [2] NCCL INFO Connected to proxy localRank 2 -> connection 0x7e7cf4010150
gpu-nodes-2:1001:1001 [2] NCCL INFO Channel 11/0 : 2[2] -> 1[1] via P2P/IPC
gpu-nodes-2:1001:1826 [2] NCCL INFO New proxy send connection 107 from local rank 2, transport 0
gpu-nodes-2:1001:1001 [2] NCCL INFO Connected to proxy localRank 2 -> connection 0x7e7cf40101d8
gpu-nodes-2:1001:1001 [2] NCCL INFO Channel 12/0 : 2[2] -> 1[1] via P2P/IPC
gpu-nodes-2:1001:1826 [2] NCCL INFO New proxy send connection 108 from local rank 2, transport 0
gpu-nodes-2:1001:1001 [2] NCCL INFO Connected to proxy localRank 2 -> connection 0x7e7cf4010260
gpu-nodes-2:1001:1001 [2] NCCL INFO Channel 13/0 : 2[2] -> 1[1] via P2P/IPC
gpu-nodes-2:1001:1826 [2] NCCL INFO New proxy send connection 109 from local rank 2, transport 0
gpu-nodes-2:1001:1001 [2] NCCL INFO Connected to proxy localRank 2 -> connection 0x7e7cf40102e8
gpu-nodes-2:1001:1001 [2] NCCL INFO Channel 14/0 : 2[2] -> 1[1] via P2P/IPC
gpu-nodes-2:1001:1826 [2] NCCL INFO New proxy send connection 110 from local rank 2, transport 0
gpu-nodes-2:1001:1001 [2] NCCL INFO Connected to proxy localRank 2 -> connection 0x7e7cf4010370
gpu-nodes-2:1001:1001 [2] NCCL INFO Channel 15/0 : 2[2] -> 1[1] via P2P/IPC
gpu-nodes-2:1001:1826 [2] NCCL INFO New proxy send connection 111 from local rank 2, transport 0
gpu-nodes-2:1001:1001 [2] NCCL INFO Connected to proxy localRank 2 -> connection 0x7e7cf40103f8
gpu-nodes-2:1001:1001 [2] NCCL INFO Channel 16/0 : 2[2] -> 1[1] via P2P/IPC
gpu-nodes-2:1001:1826 [2] NCCL INFO New proxy send connection 112 from local rank 2, transport 0
gpu-nodes-2:1001:1001 [2] NCCL INFO Connected to proxy localRank 2 -> connection 0x7e7cf4010480
gpu-nodes-2:1001:1001 [2] NCCL INFO Channel 17/0 : 2[2] -> 1[1] via P2P/IPC
gpu-nodes-2:1001:1826 [2] NCCL INFO New proxy send connection 113 from local rank 2, transport 0
gpu-nodes-2:1001:1001 [2] NCCL INFO Connected to proxy localRank 2 -> connection 0x7e7cf4010508
gpu-nodes-2:1001:1001 [2] NCCL INFO Channel 18/0 : 2[2] -> 1[1] via P2P/IPC
gpu-nodes-2:1001:1826 [2] NCCL INFO New proxy send connection 114 from local rank 2, transport 0
gpu-nodes-2:1001:1001 [2] NCCL INFO Connected to proxy localRank 2 -> connection 0x7e7cf4010590
gpu-nodes-2:1001:1001 [2] NCCL INFO Channel 19/0 : 2[2] -> 1[1] via P2P/IPC
gpu-nodes-2:1001:1826 [2] NCCL INFO New proxy send connection 115 from local rank 2, transport 0
gpu-nodes-2:1001:1001 [2] NCCL INFO Connected to proxy localRank 2 -> connection 0x7e7cf4010618
gpu-nodes-2:1001:1001 [2] NCCL INFO Channel 20/0 : 2[2] -> 1[1] via P2P/IPC
gpu-nodes-2:1001:1826 [2] NCCL INFO New proxy send connection 116 from local rank 2, transport 0
gpu-nodes-2:1001:1001 [2] NCCL INFO Connected to proxy localRank 2 -> connection 0x7e7cf40106a0
gpu-nodes-2:1001:1001 [2] NCCL INFO Channel 21/0 : 2[2] -> 1[1] via P2P/IPC
gpu-nodes-2:1001:1826 [2] NCCL INFO New proxy send connection 117 from local rank 2, transport 0
gpu-nodes-2:1001:1001 [2] NCCL INFO Connected to proxy localRank 2 -> connection 0x7e7cf4010728
gpu-nodes-2:1001:1001 [2] NCCL INFO Channel 22/0 : 2[2] -> 1[1] via P2P/IPC
gpu-nodes-2:1001:1826 [2] NCCL INFO New proxy send connection 118 from local rank 2, transport 0
gpu-nodes-2:1001:1001 [2] NCCL INFO Connected to proxy localRank 2 -> connection 0x7e7cf40107b0
gpu-nodes-2:1001:1001 [2] NCCL INFO Channel 23/0 : 2[2] -> 1[1] via P2P/IPC
gpu-nodes-2:1001:1826 [2] NCCL INFO New proxy send connection 119 from local rank 2, transport 0
gpu-nodes-2:1001:1001 [2] NCCL INFO Connected to proxy localRank 2 -> connection 0x7e7cf4010838
gpu-nodes-2:1001:1001 [2] NCCL INFO Channel 24/0 : 2[2] -> 1[1] via P2P/IPC
gpu-nodes-2:1001:1826 [2] NCCL INFO New proxy send connection 120 from local rank 2, transport 0
gpu-nodes-2:1001:1001 [2] NCCL INFO Connected to proxy localRank 2 -> connection 0x7e7cf40108c0
gpu-nodes-2:1001:1001 [2] NCCL INFO Channel 25/0 : 2[2] -> 1[1] via P2P/IPC
gpu-nodes-2:1001:1826 [2] NCCL INFO New proxy send connection 121 from local rank 2, transport 0
gpu-nodes-2:1001:1001 [2] NCCL INFO Connected to proxy localRank 2 -> connection 0x7e7cf4010948
gpu-nodes-2:1001:1001 [2] NCCL INFO Channel 26/0 : 2[2] -> 1[1] via P2P/IPC
gpu-nodes-2:1001:1826 [2] NCCL INFO New proxy send connection 122 from local rank 2, transport 0
gpu-nodes-2:1001:1001 [2] NCCL INFO Connected to proxy localRank 2 -> connection 0x7e7cf40109d0
gpu-nodes-2:1001:1001 [2] NCCL INFO Channel 27/0 : 2[2] -> 1[1] via P2P/IPC
gpu-nodes-2:1001:1826 [2] NCCL INFO New proxy send connection 123 from local rank 2, transport 0
gpu-nodes-2:1001:1001 [2] NCCL INFO Connected to proxy localRank 2 -> connection 0x7e7cf4010a58
gpu-nodes-2:1001:1001 [2] NCCL INFO Channel 28/0 : 2[2] -> 1[1] via P2P/IPC
gpu-nodes-2:1001:1826 [2] NCCL INFO New proxy send connection 124 from local rank 2, transport 0
gpu-nodes-2:1001:1001 [2] NCCL INFO Connected to proxy localRank 2 -> connection 0x7e7cf4010ae0
gpu-nodes-2:1001:1001 [2] NCCL INFO Channel 29/0 : 2[2] -> 1[1] via P2P/IPC
gpu-nodes-2:1001:1826 [2] NCCL INFO New proxy send connection 125 from local rank 2, transport 0
gpu-nodes-2:1001:1001 [2] NCCL INFO Connected to proxy localRank 2 -> connection 0x7e7cf4010b68
gpu-nodes-2:1001:1001 [2] NCCL INFO Channel 30/0 : 2[2] -> 1[1] via P2P/IPC
gpu-nodes-2:1001:1826 [2] NCCL INFO New proxy send connection 126 from local rank 2, transport 0
gpu-nodes-2:1001:1001 [2] NCCL INFO Connected to proxy localRank 2 -> connection 0x7e7cf4010bf0
gpu-nodes-2:1001:1001 [2] NCCL INFO Channel 31/0 : 2[2] -> 1[1] via P2P/IPC
gpu-nodes-2:1001:1826 [2] NCCL INFO New proxy send connection 127 from local rank 2, transport 0
gpu-nodes-2:1001:1001 [2] NCCL INFO Connected to proxy localRank 2 -> connection 0x7e7cf4010c78
gpu-nodes-2:1001:1001 [2] NCCL INFO Connected all trees
gpu-nodes-2:1001:1826 [2] NCCL INFO New proxy send connection 128 from local rank 2, transport 2
gpu-nodes-2:1001:1840 [0] NCCL INFO [Proxy Progress] Device 2 CPU core 184
gpu-nodes-2:1001:1001 [2] NCCL INFO Connected to proxy localRank 2 -> connection 0x7e7cf40742c0
gpu-nodes-2:1001:1001 [2] NCCL INFO threadThresholds 8/8/64 | 64/8/64 | 512 | 512
gpu-nodes-2:1001:1001 [2] NCCL INFO 32 coll channels, 32 collnet channels, 0 nvls channels, 32 p2p channels, 32 p2p channels per peer
gpu-nodes-2:1001:1001 [2] NCCL INFO Symmetric memory is not supported. cuMemEnable 0, globalGinSupport 0, globalNicFused 1 cuMemGdrSupport 1
gpu-nodes-2:1001:1001 [2] NCCL INFO ncclCommInitRankConfig comm 0x6d2dccb0 rank 2 nranks 8 cudaDev 2 nvmlDev 2 busId 63000 commId 0xdd50adf6e9c53bc - Init COMPLETE
gpu-nodes-2:1001:1001 [2] NCCL INFO Init timings - ncclCommInitRankConfig: rank 2 nranks 8 total 1.18 (kernels 0.00, alloc 0.00, bootstrap 0.00, allgathers 0.01, topo 0.86, graphs 0.02, connections 0.30, rest 0.00)
gpu-nodes-2:1001:1001 [2] NCCL INFO Initialized NET plugin IB
gpu-nodes-2:1001:1001 [2] NCCL INFO Assigned NET plugin IB to comm
gpu-nodes-2:1001:1001 [2] NCCL INFO Assigned GIN plugin GIN_IB_GDAKI to comm
gpu-nodes-2:1001:1001 [2] NCCL INFO Assigned RMA plugin GIN_IB_PROXY to comm
gpu-nodes-2:1001:1001 [2] NCCL INFO Using network IB
gpu-nodes-2:1001:1001 [2] NCCL INFO DMA-BUF is available on GPU device 2
gpu-nodes-2:1001:1001 [2] NCCL INFO [Rank 10] ncclCommInitRankConfig comm 0x72239010 rank 10 nranks 16 cudaDev 2 nvmlDev 2 busId 63000 commId 0x21f4f9e919db73b2 - Init START
gpu-nodes-2:1001:1001 [2] NCCL INFO MNNVL busId 0x63000 fabric UUID 0.0 cliqueId 0x0 state 3 healthMask 0x80
gpu-nodes-2:1001:1001 [2] NCCL INFO Could not find real path of /sys/class/pci_bus/fffffff/../../fffffff:ff:f
gpu-nodes-2:1001:1001 [2] NCCL INFO TOPO/NET : Importing network plugins to topology
gpu-nodes-2:1001:1001 [2] NCCL INFO NET/GIN_IB_GDAKI : GPU Direct RDMA Enabled for HCA 0 'mlx5_1'
gpu-nodes-2:1001:1001 [2] NCCL INFO ncclTopoPopulateNics : Filled mlx5_1 in topo with pciPath=/sys/devices/pci0000:00/0000:00:01.1/0000:01:00.0/0000:02:01.0/0000:04:00.0 net=0 gin=1 keep=1 coll=(null)
gpu-nodes-2:1001:1001 [2] NCCL INFO NET/GIN_IB_GDAKI : GPU Direct RDMA Enabled for HCA 1 'mlx5_3'
gpu-nodes-2:1001:1001 [2] NCCL INFO ncclTopoPopulateNics : Filled mlx5_3 in topo with pciPath=/sys/devices/pci0000:10/0000:10:01.1/0000:11:00.0/0000:12:01.0/0000:14:00.0 net=0 gin=1 keep=1 coll=(null)
gpu-nodes-2:1001:1001 [2] NCCL INFO NET/GIN_IB_GDAKI : GPU Direct RDMA Enabled for HCA 2 'mlx5_2'
gpu-nodes-2:1001:1001 [2] NCCL INFO ncclTopoPopulateNics : Filled mlx5_2 in topo with pciPath=/sys/devices/pci0000:60/0000:60:01.1/0000:61:00.0/0000:62:01.0/0000:64:00.0 net=0 gin=1 keep=1 coll=(null)
gpu-nodes-2:1001:1001 [2] NCCL INFO NET/GIN_IB_GDAKI : GPU Direct RDMA Enabled for HCA 3 'mlx5_0'
gpu-nodes-2:1001:1001 [2] NCCL INFO ncclTopoPopulateNics : Filled mlx5_0 in topo with pciPath=/sys/devices/pci0000:70/0000:70:01.1/0000:71:00.0/0000:72:01.0/0000:74:00.0 net=0 gin=1 keep=1 coll=(null)
gpu-nodes-2:1001:1001 [2] NCCL INFO NET/GIN_IB_GDAKI : GPU Direct RDMA Enabled for HCA 4 'mlx5_9'
gpu-nodes-2:1001:1001 [2] NCCL INFO ncclTopoPopulateNics : Filled mlx5_9 in topo with pciPath=/sys/devices/pci0000:80/0000:80:01.1/0000:81:00.0/0000:82:01.0/0000:84:00.0 net=0 gin=1 keep=1 coll=(null)
gpu-nodes-2:1001:1001 [2] NCCL INFO NET/GIN_IB_GDAKI : GPU Direct RDMA Enabled for HCA 5 'mlx5_13'
gpu-nodes-2:1001:1001 [2] NCCL INFO ncclTopoPopulateNics : Filled mlx5_13 in topo with pciPath=/sys/devices/pci0000:90/0000:90:01.1/0000:91:00.0/0000:92:01.0/0000:94:00.0 net=0 gin=1 keep=1 coll=(null)
gpu-nodes-2:1001:1001 [2] NCCL INFO NET/GIN_IB_GDAKI : GPU Direct RDMA Enabled for HCA 6 'mlx5_10'
gpu-nodes-2:1001:1001 [2] NCCL INFO ncclTopoPopulateNics : Filled mlx5_10 in topo with pciPath=/sys/devices/pci0000:c0/0000:c0:01.1/0000:c1:00.0 net=0 gin=1 keep=1 coll=(null)
gpu-nodes-2:1001:1001 [2] NCCL INFO NET/GIN_IB_GDAKI : GPU Direct RDMA Enabled for HCA 7 'mlx5_11'
gpu-nodes-2:1001:1001 [2] NCCL INFO ncclTopoPopulateNics : Filled mlx5_11 in topo with pciPath=/sys/devices/pci0000:c0/0000:c0:01.1/0000:c1:00.0 net=0 gin=1 keep=1 coll=(null)
gpu-nodes-2:1001:1001 [2] NCCL INFO NET/GIN_IB_GDAKI : GPU Direct RDMA Enabled for HCA 8 'mlx5_5'
gpu-nodes-2:1001:1001 [2] NCCL INFO ncclTopoPopulateNics : Filled mlx5_5 in topo with pciPath=/sys/devices/pci0000:d0/0000:d0:03.3/0000:d2:00.0 net=0 gin=1 keep=1 coll=(null)
gpu-nodes-2:1001:1001 [2] NCCL INFO NET/GIN_IB_GDAKI : GPU Direct RDMA Enabled for HCA 9 'mlx5_6'
gpu-nodes-2:1001:1001 [2] NCCL INFO ncclTopoPopulateNics : Filled mlx5_6 in topo with pciPath=/sys/devices/pci0000:d0/0000:d0:03.3/0000:d2:00.0 net=0 gin=1 keep=1 coll=(null)
gpu-nodes-2:1001:1001 [2] NCCL INFO NET/GIN_IB_GDAKI : GPU Direct RDMA Enabled for HCA 10 'mlx5_7'
gpu-nodes-2:1001:1001 [2] NCCL INFO ncclTopoPopulateNics : Filled mlx5_7 in topo with pciPath=/sys/devices/pci0000:d0/0000:d0:03.3/0000:d2:00.0 net=0 gin=1 keep=1 coll=(null)
gpu-nodes-2:1001:1001 [2] NCCL INFO NET/GIN_IB_GDAKI : GPU Direct RDMA Enabled for HCA 11 'mlx5_8'
gpu-nodes-2:1001:1001 [2] NCCL INFO ncclTopoPopulateNics : Filled mlx5_8 in topo with pciPath=/sys/devices/pci0000:d0/0000:d0:03.3/0000:d2:00.0 net=0 gin=1 keep=1 coll=(null)
gpu-nodes-2:1001:1001 [2] NCCL INFO NET/GIN_IB_GDAKI : GPU Direct RDMA Enabled for HCA 12 'mlx5_12'
gpu-nodes-2:1001:1001 [2] NCCL INFO ncclTopoPopulateNics : Filled mlx5_12 in topo with pciPath=/sys/devices/pci0000:e0/0000:e0:01.1/0000:e1:00.0/0000:e2:01.0/0000:e4:00.0 net=0 gin=1 keep=1 coll=(null)
gpu-nodes-2:1001:1001 [2] NCCL INFO NET/GIN_IB_GDAKI : GPU Direct RDMA Enabled for HCA 13 'mlx5_4'
gpu-nodes-2:1001:1001 [2] NCCL INFO ncclTopoPopulateNics : Filled mlx5_4 in topo with pciPath=/sys/devices/pci0000:f0/0000:f0:01.1/0000:f1:00.0/0000:f2:01.0/0000:f4:00.0 net=0 gin=1 keep=1 coll=(null)
gpu-nodes-2:1001:1001 [2] NCCL INFO NET/IB : GPU Direct RDMA Enabled for HCA 0 'mlx5_1'
gpu-nodes-2:1001:1001 [2] NCCL INFO ncclTopoPopulateNics : Filled mlx5_1 in topo with pciPath=/sys/devices/pci0000:00/0000:00:01.1/0000:01:00.0/0000:02:01.0/0000:04:00.0 net=1 gin=1 keep=1 coll=(null)
gpu-nodes-2:1001:1001 [2] NCCL INFO NET/IB : GPU Direct RDMA Enabled for HCA 1 'mlx5_3'
gpu-nodes-2:1001:1001 [2] NCCL INFO ncclTopoPopulateNics : Filled mlx5_3 in topo with pciPath=/sys/devices/pci0000:10/0000:10:01.1/0000:11:00.0/0000:12:01.0/0000:14:00.0 net=1 gin=1 keep=1 coll=(null)
gpu-nodes-2:1001:1001 [2] NCCL INFO NET/IB : GPU Direct RDMA Enabled for HCA 2 'mlx5_2'
gpu-nodes-2:1001:1001 [2] NCCL INFO ncclTopoPopulateNics : Filled mlx5_2 in topo with pciPath=/sys/devices/pci0000:60/0000:60:01.1/0000:61:00.0/0000:62:01.0/0000:64:00.0 net=1 gin=1 keep=1 coll=(null)
gpu-nodes-2:1001:1001 [2] NCCL INFO NET/IB : GPU Direct RDMA Enabled for HCA 3 'mlx5_0'
gpu-nodes-2:1001:1001 [2] NCCL INFO ncclTopoPopulateNics : Filled mlx5_0 in topo with pciPath=/sys/devices/pci0000:70/0000:70:01.1/0000:71:00.0/0000:72:01.0/0000:74:00.0 net=1 gin=1 keep=1 coll=(null)
gpu-nodes-2:1001:1001 [2] NCCL INFO NET/IB : GPU Direct RDMA Enabled for HCA 4 'mlx5_9'
gpu-nodes-2:1001:1001 [2] NCCL INFO ncclTopoPopulateNics : Filled mlx5_9 in topo with pciPath=/sys/devices/pci0000:80/0000:80:01.1/0000:81:00.0/0000:82:01.0/0000:84:00.0 net=1 gin=1 keep=1 coll=(null)
gpu-nodes-2:1001:1001 [2] NCCL INFO NET/IB : GPU Direct RDMA Enabled for HCA 5 'mlx5_13'
gpu-nodes-2:1001:1001 [2] NCCL INFO ncclTopoPopulateNics : Filled mlx5_13 in topo with pciPath=/sys/devices/pci0000:90/0000:90:01.1/0000:91:00.0/0000:92:01.0/0000:94:00.0 net=1 gin=1 keep=1 coll=(null)
gpu-nodes-2:1001:1001 [2] NCCL INFO NET/IB : GPU Direct RDMA Enabled for HCA 6 'mlx5_10'
gpu-nodes-2:1001:1001 [2] NCCL INFO ncclTopoPopulateNics : Filled mlx5_10 in topo with pciPath=/sys/devices/pci0000:c0/0000:c0:01.1/0000:c1:00.0 net=1 gin=1 keep=1 coll=(null)
gpu-nodes-2:1001:1001 [2] NCCL INFO NET/IB : GPU Direct RDMA Enabled for HCA 7 'mlx5_11'
gpu-nodes-2:1001:1001 [2] NCCL INFO ncclTopoPopulateNics : Filled mlx5_11 in topo with pciPath=/sys/devices/pci0000:c0/0000:c0:01.1/0000:c1:00.0 net=1 gin=1 keep=1 coll=(null)
gpu-nodes-2:1001:1001 [2] NCCL INFO NET/IB : GPU Direct RDMA Enabled for HCA 8 'mlx5_5'
gpu-nodes-2:1001:1001 [2] NCCL INFO ncclTopoPopulateNics : Filled mlx5_5 in topo with pciPath=/sys/devices/pci0000:d0/0000:d0:03.3/0000:d2:00.0 net=1 gin=1 keep=1 coll=(null)
gpu-nodes-2:1001:1001 [2] NCCL INFO NET/IB : GPU Direct RDMA Enabled for HCA 9 'mlx5_6'
gpu-nodes-2:1001:1001 [2] NCCL INFO ncclTopoPopulateNics : Filled mlx5_6 in topo with pciPath=/sys/devices/pci0000:d0/0000:d0:03.3/0000:d2:00.0 net=1 gin=1 keep=1 coll=(null)
gpu-nodes-2:1001:1001 [2] NCCL INFO NET/IB : GPU Direct RDMA Enabled for HCA 10 'mlx5_7'
gpu-nodes-2:1001:1001 [2] NCCL INFO ncclTopoPopulateNics : Filled mlx5_7 in topo with pciPath=/sys/devices/pci0000:d0/0000:d0:03.3/0000:d2:00.0 net=1 gin=1 keep=1 coll=(null)
gpu-nodes-2:1001:1001 [2] NCCL INFO NET/IB : GPU Direct RDMA Enabled for HCA 11 'mlx5_8'
gpu-nodes-2:1001:1001 [2] NCCL INFO ncclTopoPopulateNics : Filled mlx5_8 in topo with pciPath=/sys/devices/pci0000:d0/0000:d0:03.3/0000:d2:00.0 net=1 gin=1 keep=1 coll=(null)
gpu-nodes-2:1001:1001 [2] NCCL INFO NET/IB : GPU Direct RDMA Enabled for HCA 12 'mlx5_12'
gpu-nodes-2:1001:1001 [2] NCCL INFO ncclTopoPopulateNics : Filled mlx5_12 in topo with pciPath=/sys/devices/pci0000:e0/0000:e0:01.1/0000:e1:00.0/0000:e2:01.0/0000:e4:00.0 net=1 gin=1 keep=1 coll=(null)
gpu-nodes-2:1001:1001 [2] NCCL INFO NET/IB : GPU Direct RDMA Enabled for HCA 13 'mlx5_4'
gpu-nodes-2:1001:1001 [2] NCCL INFO ncclTopoPopulateNics : Filled mlx5_4 in topo with pciPath=/sys/devices/pci0000:f0/0000:f0:01.1/0000:f1:00.0/0000:f2:01.0/0000:f4:00.0 net=1 gin=1 keep=1 coll=(null)
gpu-nodes-2:1001:1001 [2] NCCL INFO NET/IB : GPU Direct RDMA Enabled for HCA 14 'mlx5_10+mlx5_11'
gpu-nodes-2:1001:1001 [2] NCCL INFO ncclTopoPopulateNics : Filled mlx5_10+mlx5_11 in topo with pciPath=/sys/devices/pci0000:c0/0000:c0:01.1/0000:c1:00.0 net=1 gin=(null) keep=1 coll=(null)
gpu-nodes-2:1001:1001 [2] NCCL INFO NET/IB : GPU Direct RDMA Enabled for HCA 15 'mlx5_5+mlx5_6+mlx5_7+mlx5_8'
gpu-nodes-2:1001:1001 [2] NCCL INFO ncclTopoPopulateNics : Filled mlx5_5+mlx5_6+mlx5_7+mlx5_8 in topo with pciPath=/sys/devices/pci0000:d0/0000:d0:03.3/0000:d2:00.0 net=1 gin=(null) keep=1 coll=(null)
gpu-nodes-2:1001:1001 [2] NCCL INFO GPU Direct RDMA Enabled for GPU/0-12288 (rank 8) - NET/0-0 (distance 4 <= 6, read 0, mode Default)
gpu-nodes-2:1001:1001 [2] NCCL INFO GPU Direct RDMA Enabled for GPU/0-77824 (rank 9) - NET/0-0 ( using PXN via GPU/0-12288, distance 4 <= 6, read 0, mode Default)
gpu-nodes-2:1001:1001 [2] NCCL INFO GPU Direct RDMA Enabled for GPU/0-405504 (rank 10) - NET/0-0 ( using PXN via GPU/0-12288, distance 4 <= 6, read 0, mode Default)
gpu-nodes-2:1001:1001 [2] NCCL INFO GPU Direct RDMA Enabled for GPU/0-471040 (rank 11) - NET/0-0 ( using PXN via GPU/0-12288, distance 4 <= 6, read 0, mode Default)
gpu-nodes-2:1001:1001 [2] NCCL INFO GPU Direct RDMA Enabled for GPU/0-536576 (rank 12) - NET/0-0 ( using PXN via GPU/0-12288, distance 4 <= 6, read 0, mode Default)
gpu-nodes-2:1001:1001 [2] NCCL INFO GPU Direct RDMA Enabled for GPU/0-602112 (rank 13) - NET/0-0 ( using PXN via GPU/0-12288, distance 4 <= 6, read 0, mode Default)
gpu-nodes-2:1001:1001 [2] NCCL INFO GPU Direct RDMA Enabled for GPU/0-929792 (rank 14) - NET/0-0 ( using PXN via GPU/0-12288, distance 4 <= 6, read 0, mode Default)
gpu-nodes-2:1001:1001 [2] NCCL INFO GPU Direct RDMA Enabled for GPU/0-995328 (rank 15) - NET/0-0 ( using PXN via GPU/0-12288, distance 4 <= 6, read 0, mode Default)
gpu-nodes-2:1001:1001 [2] NCCL INFO GPU Direct RDMA Enabled for GPU/0-12288 (rank 8) - NET/0-1 ( using PXN via GPU/0-77824, distance 4 <= 6, read 0, mode Default)
gpu-nodes-2:1001:1001 [2] NCCL INFO GPU Direct RDMA Enabled for GPU/0-77824 (rank 9) - NET/0-1 (distance 4 <= 6, read 0, mode Default)
gpu-nodes-2:1001:1001 [2] NCCL INFO GPU Direct RDMA Enabled for GPU/0-405504 (rank 10) - NET/0-1 ( using PXN via GPU/0-77824, distance 4 <= 6, read 0, mode Default)
gpu-nodes-2:1001:1001 [2] NCCL INFO GPU Direct RDMA Enabled for GPU/0-471040 (rank 11) - NET/0-1 ( using PXN via GPU/0-77824, distance 4 <= 6, read 0, mode Default)
gpu-nodes-2:1001:1001 [2] NCCL INFO GPU Direct RDMA Enabled for GPU/0-536576 (rank 12) - NET/0-1 ( using PXN via GPU/0-77824, distance 4 <= 6, read 0, mode Default)
gpu-nodes-2:1001:1001 [2] NCCL INFO GPU Direct RDMA Enabled for GPU/0-602112 (rank 13) - NET/0-1 ( using PXN via GPU/0-77824, distance 4 <= 6, read 0, mode Default)
gpu-nodes-2:1001:1001 [2] NCCL INFO GPU Direct RDMA Enabled for GPU/0-929792 (rank 14) - NET/0-1 ( using PXN via GPU/0-77824, distance 4 <= 6, read 0, mode Default)
gpu-nodes-2:1001:1001 [2] NCCL INFO GPU Direct RDMA Enabled for GPU/0-995328 (rank 15) - NET/0-1 ( using PXN via GPU/0-77824, distance 4 <= 6, read 0, mode Default)
gpu-nodes-2:1001:1001 [2] NCCL INFO GPU Direct RDMA Enabled for GPU/0-12288 (rank 8) - NET/0-2 ( using PXN via GPU/0-405504, distance 4 <= 6, read 0, mode Default)
gpu-nodes-2:1001:1001 [2] NCCL INFO GPU Direct RDMA Enabled for GPU/0-77824 (rank 9) - NET/0-2 ( using PXN via GPU/0-405504, distance 4 <= 6, read 0, mode Default)
gpu-nodes-2:1001:1001 [2] NCCL INFO GPU Direct RDMA Enabled for GPU/0-405504 (rank 10) - NET/0-2 (distance 4 <= 6, read 0, mode Default)
gpu-nodes-2:1001:1001 [2] NCCL INFO GPU Direct RDMA Enabled for GPU/0-471040 (rank 11) - NET/0-2 ( using PXN via GPU/0-405504, distance 4 <= 6, read 0, mode Default)
gpu-nodes-2:1001:1001 [2] NCCL INFO GPU Direct RDMA Enabled for GPU/0-536576 (rank 12) - NET/0-2 ( using PXN via GPU/0-405504, distance 4 <= 6, read 0, mode Default)
gpu-nodes-2:1001:1001 [2] NCCL INFO GPU Direct RDMA Enabled for GPU/0-602112 (rank 13) - NET/0-2 ( using PXN via GPU/0-405504, distance 4 <= 6, read 0, mode Default)
gpu-nodes-2:1001:1001 [2] NCCL INFO GPU Direct RDMA Enabled for GPU/0-929792 (rank 14) - NET/0-2 ( using PXN via GPU/0-405504, distance 4 <= 6, read 0, mode Default)
gpu-nodes-2:1001:1001 [2] NCCL INFO GPU Direct RDMA Enabled for GPU/0-995328 (rank 15) - NET/0-2 ( using PXN via GPU/0-405504, distance 4 <= 6, read 0, mode Default)
gpu-nodes-2:1001:1001 [2] NCCL INFO GPU Direct RDMA Enabled for GPU/0-12288 (rank 8) - NET/0-3 ( using PXN via GPU/0-471040, distance 4 <= 6, read 0, mode Default)
gpu-nodes-2:1001:1001 [2] NCCL INFO GPU Direct RDMA Enabled for GPU/0-77824 (rank 9) - NET/0-3 ( using PXN via GPU/0-471040, distance 4 <= 6, read 0, mode Default)
gpu-nodes-2:1001:1001 [2] NCCL INFO GPU Direct RDMA Enabled for GPU/0-405504 (rank 10) - NET/0-3 ( using PXN via GPU/0-471040, distance 4 <= 6, read 0, mode Default)
gpu-nodes-2:1001:1001 [2] NCCL INFO GPU Direct RDMA Enabled for GPU/0-471040 (rank 11) - NET/0-3 (distance 4 <= 6, read 0, mode Default)
gpu-nodes-2:1001:1001 [2] NCCL INFO GPU Direct RDMA Enabled for GPU/0-536576 (rank 12) - NET/0-3 ( using PXN via GPU/0-471040, distance 4 <= 6, read 0, mode Default)
gpu-nodes-2:1001:1001 [2] NCCL INFO GPU Direct RDMA Enabled for GPU/0-602112 (rank 13) - NET/0-3 ( using PXN via GPU/0-471040, distance 4 <= 6, read 0, mode Default)
gpu-nodes-2:1001:1001 [2] NCCL INFO GPU Direct RDMA Enabled for GPU/0-929792 (rank 14) - NET/0-3 ( using PXN via GPU/0-471040, distance 4 <= 6, read 0, mode Default)
gpu-nodes-2:1001:1001 [2] NCCL INFO GPU Direct RDMA Enabled for GPU/0-995328 (rank 15) - NET/0-3 ( using PXN via GPU/0-471040, distance 4 <= 6, read 0, mode Default)
gpu-nodes-2:1001:1001 [2] NCCL INFO GPU Direct RDMA Enabled for GPU/0-12288 (rank 8) - NET/0-4 ( using PXN via GPU/0-536576, distance 4 <= 6, read 0, mode Default)
gpu-nodes-2:1001:1001 [2] NCCL INFO GPU Direct RDMA Enabled for GPU/0-77824 (rank 9) - NET/0-4 ( using PXN via GPU/0-536576, distance 4 <= 6, read 0, mode Default)
gpu-nodes-2:1001:1001 [2] NCCL INFO GPU Direct RDMA Enabled for GPU/0-405504 (rank 10) - NET/0-4 ( using PXN via GPU/0-536576, distance 4 <= 6, read 0, mode Default)
gpu-nodes-2:1001:1001 [2] NCCL INFO GPU Direct RDMA Enabled for GPU/0-471040 (rank 11) - NET/0-4 ( using PXN via GPU/0-536576, distance 4 <= 6, read 0, mode Default)
gpu-nodes-2:1001:1001 [2] NCCL INFO GPU Direct RDMA Enabled for GPU/0-536576 (rank 12) - NET/0-4 (distance 4 <= 6, read 0, mode Default)
gpu-nodes-2:1001:1001 [2] NCCL INFO GPU Direct RDMA Enabled for GPU/0-602112 (rank 13) - NET/0-4 ( using PXN via GPU/0-536576, distance 4 <= 6, read 0, mode Default)
gpu-nodes-2:1001:1001 [2] NCCL INFO GPU Direct RDMA Enabled for GPU/0-929792 (rank 14) - NET/0-4 ( using PXN via GPU/0-536576, distance 4 <= 6, read 0, mode Default)
gpu-nodes-2:1001:1001 [2] NCCL INFO GPU Direct RDMA Enabled for GPU/0-995328 (rank 15) - NET/0-4 ( using PXN via GPU/0-536576, distance 4 <= 6, read 0, mode Default)
gpu-nodes-2:1001:1001 [2] NCCL INFO GPU Direct RDMA Enabled for GPU/0-12288 (rank 8) - NET/0-5 ( using PXN via GPU/0-602112, distance 4 <= 6, read 0, mode Default)
gpu-nodes-2:1001:1001 [2] NCCL INFO GPU Direct RDMA Enabled for GPU/0-77824 (rank 9) - NET/0-5 ( using PXN via GPU/0-602112, distance 4 <= 6, read 0, mode Default)
gpu-nodes-2:1001:1001 [2] NCCL INFO GPU Direct RDMA Enabled for GPU/0-405504 (rank 10) - NET/0-5 ( using PXN via GPU/0-602112, distance 4 <= 6, read 0, mode Default)
gpu-nodes-2:1001:1001 [2] NCCL INFO GPU Direct RDMA Enabled for GPU/0-471040 (rank 11) - NET/0-5 ( using PXN via GPU/0-602112, distance 4 <= 6, read 0, mode Default)
gpu-nodes-2:1001:1001 [2] NCCL INFO GPU Direct RDMA Enabled for GPU/0-536576 (rank 12) - NET/0-5 ( using PXN via GPU/0-602112, distance 4 <= 6, read 0, mode Default)
gpu-nodes-2:1001:1001 [2] NCCL INFO GPU Direct RDMA Enabled for GPU/0-602112 (rank 13) - NET/0-5 (distance 4 <= 6, read 0, mode Default)
gpu-nodes-2:1001:1001 [2] NCCL INFO GPU Direct RDMA Enabled for GPU/0-929792 (rank 14) - NET/0-5 ( using PXN via GPU/0-602112, distance 4 <= 6, read 0, mode Default)
gpu-nodes-2:1001:1001 [2] NCCL INFO GPU Direct RDMA Enabled for GPU/0-995328 (rank 15) - NET/0-5 ( using PXN via GPU/0-602112, distance 4 <= 6, read 0, mode Default)
gpu-nodes-2:1001:1001 [2] NCCL INFO GPU Direct RDMA Enabled for GPU/0-12288 (rank 8) - NET/0-12 ( using PXN via GPU/0-929792, distance 4 <= 6, read 0, mode Default)
gpu-nodes-2:1001:1001 [2] NCCL INFO GPU Direct RDMA Enabled for GPU/0-77824 (rank 9) - NET/0-12 ( using PXN via GPU/0-929792, distance 4 <= 6, read 0, mode Default)
gpu-nodes-2:1001:1001 [2] NCCL INFO GPU Direct RDMA Enabled for GPU/0-405504 (rank 10) - NET/0-12 ( using PXN via GPU/0-929792, distance 4 <= 6, read 0, mode Default)
gpu-nodes-2:1001:1001 [2] NCCL INFO GPU Direct RDMA Enabled for GPU/0-471040 (rank 11) - NET/0-12 ( using PXN via GPU/0-929792, distance 4 <= 6, read 0, mode Default)
gpu-nodes-2:1001:1001 [2] NCCL INFO GPU Direct RDMA Enabled for GPU/0-536576 (rank 12) - NET/0-12 ( using PXN via GPU/0-929792, distance 4 <= 6, read 0, mode Default)
gpu-nodes-2:1001:1001 [2] NCCL INFO GPU Direct RDMA Enabled for GPU/0-602112 (rank 13) - NET/0-12 ( using PXN via GPU/0-929792, distance 4 <= 6, read 0, mode Default)
gpu-nodes-2:1001:1001 [2] NCCL INFO GPU Direct RDMA Enabled for GPU/0-929792 (rank 14) - NET/0-12 (distance 4 <= 6, read 0, mode Default)
gpu-nodes-2:1001:1001 [2] NCCL INFO GPU Direct RDMA Enabled for GPU/0-995328 (rank 15) - NET/0-12 ( using PXN via GPU/0-929792, distance 4 <= 6, read 0, mode Default)
gpu-nodes-2:1001:1001 [2] NCCL INFO GPU Direct RDMA Enabled for GPU/0-12288 (rank 8) - NET/0-13 ( using PXN via GPU/0-995328, distance 4 <= 6, read 0, mode Default)
gpu-nodes-2:1001:1001 [2] NCCL INFO GPU Direct RDMA Enabled for GPU/0-77824 (rank 9) - NET/0-13 ( using PXN via GPU/0-995328, distance 4 <= 6, read 0, mode Default)
gpu-nodes-2:1001:1001 [2] NCCL INFO GPU Direct RDMA Enabled for GPU/0-405504 (rank 10) - NET/0-13 ( using PXN via GPU/0-995328, distance 4 <= 6, read 0, mode Default)
gpu-nodes-2:1001:1001 [2] NCCL INFO GPU Direct RDMA Enabled for GPU/0-471040 (rank 11) - NET/0-13 ( using PXN via GPU/0-995328, distance 4 <= 6, read 0, mode Default)
gpu-nodes-2:1001:1001 [2] NCCL INFO GPU Direct RDMA Enabled for GPU/0-536576 (rank 12) - NET/0-13 ( using PXN via GPU/0-995328, distance 4 <= 6, read 0, mode Default)
gpu-nodes-2:1001:1001 [2] NCCL INFO GPU Direct RDMA Enabled for GPU/0-602112 (rank 13) - NET/0-13 ( using PXN via GPU/0-995328, distance 4 <= 6, read 0, mode Default)
gpu-nodes-2:1001:1001 [2] NCCL INFO GPU Direct RDMA Enabled for GPU/0-929792 (rank 14) - NET/0-13 ( using PXN via GPU/0-995328, distance 4 <= 6, read 0, mode Default)
gpu-nodes-2:1001:1001 [2] NCCL INFO GPU Direct RDMA Enabled for GPU/0-995328 (rank 15) - NET/0-13 (distance 4 <= 6, read 0, mode Default)
gpu-nodes-2:1001:1001 [2] NCCL INFO GPU Direct RDMA Enabled for GPU/0-12288 (rank 8) - NET/0-0 (distance 4 <= 6, read 0, mode Default)
gpu-nodes-2:1001:1001 [2] NCCL INFO GPU Direct RDMA Enabled for GPU/0-77824 (rank 9) - NET/0-0 ( using PXN via GPU/0-12288, distance 4 <= 6, read 0, mode Default)
gpu-nodes-2:1001:1001 [2] NCCL INFO GPU Direct RDMA Enabled for GPU/0-405504 (rank 10) - NET/0-0 ( using PXN via GPU/0-12288, distance 4 <= 6, read 0, mode Default)
gpu-nodes-2:1001:1001 [2] NCCL INFO GPU Direct RDMA Enabled for GPU/0-471040 (rank 11) - NET/0-0 ( using PXN via GPU/0-12288, distance 4 <= 6, read 0, mode Default)
gpu-nodes-2:1001:1001 [2] NCCL INFO GPU Direct RDMA Enabled for GPU/0-536576 (rank 12) - NET/0-0 ( using PXN via GPU/0-12288, distance 4 <= 6, read 0, mode Default)
gpu-nodes-2:1001:1001 [2] NCCL INFO GPU Direct RDMA Enabled for GPU/0-602112 (rank 13) - NET/0-0 ( using PXN via GPU/0-12288, distance 4 <= 6, read 0, mode Default)
gpu-nodes-2:1001:1001 [2] NCCL INFO GPU Direct RDMA Enabled for GPU/0-929792 (rank 14) - NET/0-0 ( using PXN via GPU/0-12288, distance 4 <= 6, read 0, mode Default)
gpu-nodes-2:1001:1001 [2] NCCL INFO GPU Direct RDMA Enabled for GPU/0-995328 (rank 15) - NET/0-0 ( using PXN via GPU/0-12288, distance 4 <= 6, read 0, mode Default)
gpu-nodes-2:1001:1001 [2] NCCL INFO GPU Direct RDMA Enabled for GPU/0-12288 (rank 8) - NET/0-1 ( using PXN via GPU/0-77824, distance 4 <= 6, read 0, mode Default)
gpu-nodes-2:1001:1001 [2] NCCL INFO GPU Direct RDMA Enabled for GPU/0-77824 (rank 9) - NET/0-1 (distance 4 <= 6, read 0, mode Default)
gpu-nodes-2:1001:1001 [2] NCCL INFO GPU Direct RDMA Enabled for GPU/0-405504 (rank 10) - NET/0-1 ( using PXN via GPU/0-77824, distance 4 <= 6, read 0, mode Default)
gpu-nodes-2:1001:1001 [2] NCCL INFO GPU Direct RDMA Enabled for GPU/0-471040 (rank 11) - NET/0-1 ( using PXN via GPU/0-77824, distance 4 <= 6, read 0, mode Default)
gpu-nodes-2:1001:1001 [2] NCCL INFO GPU Direct RDMA Enabled for GPU/0-536576 (rank 12) - NET/0-1 ( using PXN via GPU/0-77824, distance 4 <= 6, read 0, mode Default)
gpu-nodes-2:1001:1001 [2] NCCL INFO GPU Direct RDMA Enabled for GPU/0-602112 (rank 13) - NET/0-1 ( using PXN via GPU/0-77824, distance 4 <= 6, read 0, mode Default)
gpu-nodes-2:1001:1001 [2] NCCL INFO GPU Direct RDMA Enabled for GPU/0-929792 (rank 14) - NET/0-1 ( using PXN via GPU/0-77824, distance 4 <= 6, read 0, mode Default)
gpu-nodes-2:1001:1001 [2] NCCL INFO GPU Direct RDMA Enabled for GPU/0-995328 (rank 15) - NET/0-1 ( using PXN via GPU/0-77824, distance 4 <= 6, read 0, mode Default)
gpu-nodes-2:1001:1001 [2] NCCL INFO GPU Direct RDMA Enabled for GPU/0-12288 (rank 8) - NET/0-2 ( using PXN via GPU/0-405504, distance 4 <= 6, read 0, mode Default)
gpu-nodes-2:1001:1001 [2] NCCL INFO GPU Direct RDMA Enabled for GPU/0-77824 (rank 9) - NET/0-2 ( using PXN via GPU/0-405504, distance 4 <= 6, read 0, mode Default)
gpu-nodes-2:1001:1001 [2] NCCL INFO GPU Direct RDMA Enabled for GPU/0-405504 (rank 10) - NET/0-2 (distance 4 <= 6, read 0, mode Default)
gpu-nodes-2:1001:1001 [2] NCCL INFO GPU Direct RDMA Enabled for GPU/0-471040 (rank 11) - NET/0-2 ( using PXN via GPU/0-405504, distance 4 <= 6, read 0, mode Default)
gpu-nodes-2:1001:1001 [2] NCCL INFO GPU Direct RDMA Enabled for GPU/0-536576 (rank 12) - NET/0-2 ( using PXN via GPU/0-405504, distance 4 <= 6, read 0, mode Default)
gpu-nodes-2:1001:1001 [2] NCCL INFO GPU Direct RDMA Enabled for GPU/0-602112 (rank 13) - NET/0-2 ( using PXN via GPU/0-405504, distance 4 <= 6, read 0, mode Default)
gpu-nodes-2:1001:1001 [2] NCCL INFO GPU Direct RDMA Enabled for GPU/0-929792 (rank 14) - NET/0-2 ( using PXN via GPU/0-405504, distance 4 <= 6, read 0, mode Default)
gpu-nodes-2:1001:1001 [2] NCCL INFO GPU Direct RDMA Enabled for GPU/0-995328 (rank 15) - NET/0-2 ( using PXN via GPU/0-405504, distance 4 <= 6, read 0, mode Default)
gpu-nodes-2:1001:1001 [2] NCCL INFO GPU Direct RDMA Enabled for GPU/0-12288 (rank 8) - NET/0-3 ( using PXN via GPU/0-471040, distance 4 <= 6, read 0, mode Default)
gpu-nodes-2:1001:1001 [2] NCCL INFO GPU Direct RDMA Enabled for GPU/0-77824 (rank 9) - NET/0-3 ( using PXN via GPU/0-471040, distance 4 <= 6, read 0, mode Default)
gpu-nodes-2:1001:1001 [2] NCCL INFO GPU Direct RDMA Enabled for GPU/0-405504 (rank 10) - NET/0-3 ( using PXN via GPU/0-471040, distance 4 <= 6, read 0, mode Default)
gpu-nodes-2:1001:1001 [2] NCCL INFO GPU Direct RDMA Enabled for GPU/0-471040 (rank 11) - NET/0-3 (distance 4 <= 6, read 0, mode Default)
gpu-nodes-2:1001:1001 [2] NCCL INFO GPU Direct RDMA Enabled for GPU/0-536576 (rank 12) - NET/0-3 ( using PXN via GPU/0-471040, distance 4 <= 6, read 0, mode Default)
gpu-nodes-2:1001:1001 [2] NCCL INFO GPU Direct RDMA Enabled for GPU/0-602112 (rank 13) - NET/0-3 ( using PXN via GPU/0-471040, distance 4 <= 6, read 0, mode Default)
gpu-nodes-2:1001:1001 [2] NCCL INFO GPU Direct RDMA Enabled for GPU/0-929792 (rank 14) - NET/0-3 ( using PXN via GPU/0-471040, distance 4 <= 6, read 0, mode Default)
gpu-nodes-2:1001:1001 [2] NCCL INFO GPU Direct RDMA Enabled for GPU/0-995328 (rank 15) - NET/0-3 ( using PXN via GPU/0-471040, distance 4 <= 6, read 0, mode Default)
gpu-nodes-2:1001:1001 [2] NCCL INFO GPU Direct RDMA Enabled for GPU/0-12288 (rank 8) - NET/0-4 ( using PXN via GPU/0-536576, distance 4 <= 6, read 0, mode Default)
gpu-nodes-2:1001:1001 [2] NCCL INFO GPU Direct RDMA Enabled for GPU/0-77824 (rank 9) - NET/0-4 ( using PXN via GPU/0-536576, distance 4 <= 6, read 0, mode Default)
gpu-nodes-2:1001:1001 [2] NCCL INFO GPU Direct RDMA Enabled for GPU/0-405504 (rank 10) - NET/0-4 ( using PXN via GPU/0-536576, distance 4 <= 6, read 0, mode Default)
gpu-nodes-2:1001:1001 [2] NCCL INFO GPU Direct RDMA Enabled for GPU/0-471040 (rank 11) - NET/0-4 ( using PXN via GPU/0-536576, distance 4 <= 6, read 0, mode Default)
gpu-nodes-2:1001:1001 [2] NCCL INFO GPU Direct RDMA Enabled for GPU/0-536576 (rank 12) - NET/0-4 (distance 4 <= 6, read 0, mode Default)
gpu-nodes-2:1001:1001 [2] NCCL INFO GPU Direct RDMA Enabled for GPU/0-602112 (rank 13) - NET/0-4 ( using PXN via GPU/0-536576, distance 4 <= 6, read 0, mode Default)
gpu-nodes-2:1001:1001 [2] NCCL INFO GPU Direct RDMA Enabled for GPU/0-929792 (rank 14) - NET/0-4 ( using PXN via GPU/0-536576, distance 4 <= 6, read 0, mode Default)
gpu-nodes-2:1001:1001 [2] NCCL INFO GPU Direct RDMA Enabled for GPU/0-995328 (rank 15) - NET/0-4 ( using PXN via GPU/0-536576, distance 4 <= 6, read 0, mode Default)
gpu-nodes-2:1001:1001 [2] NCCL INFO GPU Direct RDMA Enabled for GPU/0-12288 (rank 8) - NET/0-5 ( using PXN via GPU/0-602112, distance 4 <= 6, read 0, mode Default)
gpu-nodes-2:1001:1001 [2] NCCL INFO GPU Direct RDMA Enabled for GPU/0-77824 (rank 9) - NET/0-5 ( using PXN via GPU/0-602112, distance 4 <= 6, read 0, mode Default)
gpu-nodes-2:1001:1001 [2] NCCL INFO GPU Direct RDMA Enabled for GPU/0-405504 (rank 10) - NET/0-5 ( using PXN via GPU/0-602112, distance 4 <= 6, read 0, mode Default)
gpu-nodes-2:1001:1001 [2] NCCL INFO GPU Direct RDMA Enabled for GPU/0-471040 (rank 11) - NET/0-5 ( using PXN via GPU/0-602112, distance 4 <= 6, read 0, mode Default)
gpu-nodes-2:1001:1001 [2] NCCL INFO GPU Direct RDMA Enabled for GPU/0-536576 (rank 12) - NET/0-5 ( using PXN via GPU/0-602112, distance 4 <= 6, read 0, mode Default)
gpu-nodes-2:1001:1001 [2] NCCL INFO GPU Direct RDMA Enabled for GPU/0-602112 (rank 13) - NET/0-5 (distance 4 <= 6, read 0, mode Default)
gpu-nodes-2:1001:1001 [2] NCCL INFO GPU Direct RDMA Enabled for GPU/0-929792 (rank 14) - NET/0-5 ( using PXN via GPU/0-602112, distance 4 <= 6, read 0, mode Default)
gpu-nodes-2:1001:1001 [2] NCCL INFO GPU Direct RDMA Enabled for GPU/0-995328 (rank 15) - NET/0-5 ( using PXN via GPU/0-602112, distance 4 <= 6, read 0, mode Default)
gpu-nodes-2:1001:1001 [2] NCCL INFO GPU Direct RDMA Enabled for GPU/0-12288 (rank 8) - NET/0-12 ( using PXN via GPU/0-929792, distance 4 <= 6, read 0, mode Default)
gpu-nodes-2:1001:1001 [2] NCCL INFO GPU Direct RDMA Enabled for GPU/0-77824 (rank 9) - NET/0-12 ( using PXN via GPU/0-929792, distance 4 <= 6, read 0, mode Default)
gpu-nodes-2:1001:1001 [2] NCCL INFO GPU Direct RDMA Enabled for GPU/0-405504 (rank 10) - NET/0-12 ( using PXN via GPU/0-929792, distance 4 <= 6, read 0, mode Default)
gpu-nodes-2:1001:1001 [2] NCCL INFO GPU Direct RDMA Enabled for GPU/0-471040 (rank 11) - NET/0-12 ( using PXN via GPU/0-929792, distance 4 <= 6, read 0, mode Default)
gpu-nodes-2:1001:1001 [2] NCCL INFO GPU Direct RDMA Enabled for GPU/0-536576 (rank 12) - NET/0-12 ( using PXN via GPU/0-929792, distance 4 <= 6, read 0, mode Default)
gpu-nodes-2:1001:1001 [2] NCCL INFO GPU Direct RDMA Enabled for GPU/0-602112 (rank 13) - NET/0-12 ( using PXN via GPU/0-929792, distance 4 <= 6, read 0, mode Default)
gpu-nodes-2:1001:1001 [2] NCCL INFO GPU Direct RDMA Enabled for GPU/0-929792 (rank 14) - NET/0-12 (distance 4 <= 6, read 0, mode Default)
gpu-nodes-2:1001:1001 [2] NCCL INFO GPU Direct RDMA Enabled for GPU/0-995328 (rank 15) - NET/0-12 ( using PXN via GPU/0-929792, distance 4 <= 6, read 0, mode Default)
gpu-nodes-2:1001:1001 [2] NCCL INFO GPU Direct RDMA Enabled for GPU/0-12288 (rank 8) - NET/0-13 ( using PXN via GPU/0-995328, distance 4 <= 6, read 0, mode Default)
gpu-nodes-2:1001:1001 [2] NCCL INFO GPU Direct RDMA Enabled for GPU/0-77824 (rank 9) - NET/0-13 ( using PXN via GPU/0-995328, distance 4 <= 6, read 0, mode Default)
gpu-nodes-2:1001:1001 [2] NCCL INFO GPU Direct RDMA Enabled for GPU/0-405504 (rank 10) - NET/0-13 ( using PXN via GPU/0-995328, distance 4 <= 6, read 0, mode Default)
gpu-nodes-2:1001:1001 [2] NCCL INFO GPU Direct RDMA Enabled for GPU/0-471040 (rank 11) - NET/0-13 ( using PXN via GPU/0-995328, distance 4 <= 6, read 0, mode Default)
gpu-nodes-2:1001:1001 [2] NCCL INFO GPU Direct RDMA Enabled for GPU/0-536576 (rank 12) - NET/0-13 ( using PXN via GPU/0-995328, distance 4 <= 6, read 0, mode Default)
gpu-nodes-2:1001:1001 [2] NCCL INFO GPU Direct RDMA Enabled for GPU/0-602112 (rank 13) - NET/0-13 ( using PXN via GPU/0-995328, distance 4 <= 6, read 0, mode Default)
gpu-nodes-2:1001:1001 [2] NCCL INFO GPU Direct RDMA Enabled for GPU/0-929792 (rank 14) - NET/0-13 ( using PXN via GPU/0-995328, distance 4 <= 6, read 0, mode Default)
gpu-nodes-2:1001:1001 [2] NCCL INFO GPU Direct RDMA Enabled for GPU/0-995328 (rank 15) - NET/0-13 (distance 4 <= 6, read 0, mode Default)
gpu-nodes-2:1001:1001 [2] NCCL INFO === System : maxBw 48.0 totalBw 721.8 ===
gpu-nodes-2:1001:1001 [2] NCCL INFO CPU/0-0 (1/2/-1)
gpu-nodes-2:1001:1001 [2] NCCL INFO + PCI[48.0] - PCI/0-1000 (1000c03015d91d72)
gpu-nodes-2:1001:1001 [2] NCCL INFO               + PCI[48.0] - GPU/0-3000 (8)
gpu-nodes-2:1001:1001 [2] NCCL INFO                             + NVL[721.8] - NVS/0-0
gpu-nodes-2:1001:1001 [2] NCCL INFO               + PCI[48.0] - NIC/0-4000
gpu-nodes-2:1001:1001 [2] NCCL INFO                             + NET[50.0] - NET/0-0 (0/bc3dca0003e60050/1/50.000000)
gpu-nodes-2:1001:1001 [2] NCCL INFO                             + NET[50.0] - GIN/0-0
gpu-nodes-2:1001:1001 [2] NCCL INFO + PCI[48.0] - PCI/0-11000 (1000c03015d91d72)
gpu-nodes-2:1001:1001 [2] NCCL INFO               + PCI[48.0] - NIC/0-14000
gpu-nodes-2:1001:1001 [2] NCCL INFO                             + NET[50.0] - NET/0-1 (0/2c3eca0003e60050/1/50.000000)
gpu-nodes-2:1001:1001 [2] NCCL INFO                             + NET[50.0] - GIN/0-1
gpu-nodes-2:1001:1001 [2] NCCL INFO               + PCI[48.0] - GPU/0-13000 (9)
gpu-nodes-2:1001:1001 [2] NCCL INFO                             + NVL[721.8] - NVS/0-0
gpu-nodes-2:1001:1001 [2] NCCL INFO + PCI[48.0] - PCI/0-61000 (1000c03015d91d72)
gpu-nodes-2:1001:1001 [2] NCCL INFO               + PCI[48.0] - NIC/0-64000
gpu-nodes-2:1001:1001 [2] NCCL INFO                             + NET[50.0] - NET/0-2 (0/1c3eca0003e60050/1/50.000000)
gpu-nodes-2:1001:1001 [2] NCCL INFO                             + NET[50.0] - GIN/0-2
gpu-nodes-2:1001:1001 [2] NCCL INFO               + PCI[48.0] - GPU/0-63000 (10)
gpu-nodes-2:1001:1001 [2] NCCL INFO                             + NVL[721.8] - NVS/0-0
gpu-nodes-2:1001:1001 [2] NCCL INFO + PCI[48.0] - PCI/0-71000 (1000c03015d91d72)
gpu-nodes-2:1001:1001 [2] NCCL INFO               + PCI[48.0] - NIC/0-74000
gpu-nodes-2:1001:1001 [2] NCCL INFO                             + NET[50.0] - NET/0-3 (0/dc3dca0003e60050/1/50.000000)
gpu-nodes-2:1001:1001 [2] NCCL INFO                             + NET[50.0] - GIN/0-3
gpu-nodes-2:1001:1001 [2] NCCL INFO               + PCI[48.0] - GPU/0-73000 (11)
gpu-nodes-2:1001:1001 [2] NCCL INFO                             + NVL[721.8] - NVS/0-0
gpu-nodes-2:1001:1001 [2] NCCL INFO + SYS[16.0] - CPU/0-1
gpu-nodes-2:1001:1001 [2] NCCL INFO CPU/0-1 (1/2/-1)
gpu-nodes-2:1001:1001 [2] NCCL INFO + PCI[48.0] - PCI/0-81000 (1000c03015d91d72)
gpu-nodes-2:1001:1001 [2] NCCL INFO               + PCI[48.0] - NIC/0-84000
gpu-nodes-2:1001:1001 [2] NCCL INFO                             + NET[50.0] - NET/0-4 (0/1c9fca0003e60050/1/50.000000)
gpu-nodes-2:1001:1001 [2] NCCL INFO                             + NET[50.0] - GIN/0-4
gpu-nodes-2:1001:1001 [2] NCCL INFO               + PCI[48.0] - GPU/0-83000 (12)
gpu-nodes-2:1001:1001 [2] NCCL INFO                             + NVL[721.8] - NVS/0-0
gpu-nodes-2:1001:1001 [2] NCCL INFO + PCI[48.0] - PCI/0-91000 (1000c03015d91d72)
gpu-nodes-2:1001:1001 [2] NCCL INFO               + PCI[48.0] - NIC/0-94000
gpu-nodes-2:1001:1001 [2] NCCL INFO                             + NET[50.0] - NET/0-5 (0/ac9eca0003e60050/1/50.000000)
gpu-nodes-2:1001:1001 [2] NCCL INFO                             + NET[50.0] - GIN/0-5
gpu-nodes-2:1001:1001 [2] NCCL INFO               + PCI[48.0] - GPU/0-93000 (13)
gpu-nodes-2:1001:1001 [2] NCCL INFO                             + NVL[721.8] - NVS/0-0
gpu-nodes-2:1001:1001 [2] NCCL INFO + PCI[48.0] - NIC/0-c1000
gpu-nodes-2:1001:1001 [2] NCCL INFO               + NET[50.0] - NET/0-e (0/43cb90003bd70c4/1/50.000000)
gpu-nodes-2:1001:1001 [2] NCCL INFO               + NET[25.0] - NET/0-6 (0/43cb90003bd70c4/1/25.000000)
gpu-nodes-2:1001:1001 [2] NCCL INFO               + NET[25.0] - GIN/0-6
gpu-nodes-2:1001:1001 [2] NCCL INFO               + NET[25.0] - NET/0-7 (0/43cb90003bd70c4/2/25.000000)
gpu-nodes-2:1001:1001 [2] NCCL INFO               + NET[25.0] - GIN/0-7
gpu-nodes-2:1001:1001 [2] NCCL INFO + PCI[48.0] - PCI/0-e1000 (1000c03015d91d72)
gpu-nodes-2:1001:1001 [2] NCCL INFO               + PCI[48.0] - NIC/0-e4000
gpu-nodes-2:1001:1001 [2] NCCL INFO                             + NET[50.0] - NET/0-c (0/149bca0003e60050/1/50.000000)
gpu-nodes-2:1001:1001 [2] NCCL INFO                             + NET[50.0] - GIN/0-c
gpu-nodes-2:1001:1001 [2] NCCL INFO               + PCI[48.0] - GPU/0-e3000 (14)
gpu-nodes-2:1001:1001 [2] NCCL INFO                             + NVL[721.8] - NVS/0-0
gpu-nodes-2:1001:1001 [2] NCCL INFO + PCI[48.0] - PCI/0-f1000 (1000c03015d91d72)
gpu-nodes-2:1001:1001 [2] NCCL INFO               + PCI[48.0] - NIC/0-f4000
gpu-nodes-2:1001:1001 [2] NCCL INFO                             + NET[50.0] - NET/0-d (0/fc9aca0003e60050/1/50.000000)
gpu-nodes-2:1001:1001 [2] NCCL INFO                             + NET[50.0] - GIN/0-d
gpu-nodes-2:1001:1001 [2] NCCL INFO               + PCI[48.0] - GPU/0-f3000 (15)
gpu-nodes-2:1001:1001 [2] NCCL INFO                             + NVL[721.8] - NVS/0-0
gpu-nodes-2:1001:1001 [2] NCCL INFO + SYS[16.0] - CPU/0-0
gpu-nodes-2:1001:1001 [2] NCCL INFO + PCI[1.5] - NIC/0-d2000
gpu-nodes-2:1001:1001 [2] NCCL INFO              + NET[50.0] - NET/0-f (0/62541b0003098c7c/1/50.000000)
gpu-nodes-2:1001:1001 [2] NCCL INFO              + NET[12.5] - NET/0-8 (0/62541b0003098c7c/1/12.500000)
gpu-nodes-2:1001:1001 [2] NCCL INFO              + NET[12.5] - GIN/0-8
gpu-nodes-2:1001:1001 [2] NCCL INFO              + NET[12.5] - NET/0-9 (0/62541b0003098c7c/2/12.500000)
gpu-nodes-2:1001:1001 [2] NCCL INFO              + NET[12.5] - GIN/0-9
gpu-nodes-2:1001:1001 [2] NCCL INFO              + NET[12.5] - NET/0-a (0/62541b0003098c7c/3/12.500000)
gpu-nodes-2:1001:1001 [2] NCCL INFO              + NET[12.5] - GIN/0-a
gpu-nodes-2:1001:1001 [2] NCCL INFO              + NET[12.5] - NET/0-b (0/62541b0003098c7c/4/12.500000)
gpu-nodes-2:1001:1001 [2] NCCL INFO              + NET[12.5] - GIN/0-b
gpu-nodes-2:1001:1001 [2] NCCL INFO ==========================================
gpu-nodes-2:1001:1001 [2] NCCL INFO GPU/0-3000 :GPU/0-3000 (0/5000.0/LOC) GPU/0-13000 (2/721.8/NVL) GPU/0-63000 (2/721.8/NVL) GPU/0-73000 (2/721.8/NVL) GPU/0-83000 (2/721.8/NVL) GPU/0-93000 (2/721.8/NVL) GPU/0-e3000 (2/721.8/NVL) GPU/0-f3000 (2/721.8/NVL) NVS/0-0 (1/721.8/NVL) CPU/0-0 (2/48.0/PHB) CPU/0-1 (3/16.0/SYS) NET/0-0 (3/48.0/PIX) NET/0-1 (5/48.0/PXN) NET/0-2 (5/48.0/PXN) NET/0-3 (5/48.0/PXN) NET/0-4 (5/48.0/PXN) NET/0-5 (5/48.0/PXN) NET/0-6 (5/16.0/SYS) NET/0-7 (5/16.0/SYS) NET/0-e (5/16.0/SYS) NET/0-8 (5/1.5/SYS) NET/0-9 (5/1.5/SYS) NET/0-a (5/1.5/SYS) NET/0-b (5/1.5/SYS) NET/0-f (5/1.5/SYS) NET/0-c (5/48.0/PXN) NET/0-d (5/48.0/PXN) GIN/0-0 (3/48.0/PIX) GIN/0-1 (5/48.0/PHB) GIN/0-2 (5/48.0/PHB) GIN/0-3 (5/48.0/PHB) GIN/0-4 (6/16.0/SYS) GIN/0-5 (6/16.0/SYS) GIN/0-6 (5/16.0/SYS) GIN/0-7 (5/16.0/SYS) GIN/0-8 (5/1.5/SYS) GIN/0-9 (5/1.5/SYS) GIN/0-a (5/1.5/SYS) GIN/0-b (5/1.5/SYS) GIN/0-c (6/16.0/SYS) GIN/0-d (6/16.0/SYS) 
gpu-nodes-2:1001:1001 [2] NCCL INFO GPU/0-13000 :GPU/0-3000 (2/721.8/NVL) GPU/0-13000 (0/5000.0/LOC) GPU/0-63000 (2/721.8/NVL) GPU/0-73000 (2/721.8/NVL) GPU/0-83000 (2/721.8/NVL) GPU/0-93000 (2/721.8/NVL) GPU/0-e3000 (2/721.8/NVL) GPU/0-f3000 (2/721.8/NVL) NVS/0-0 (1/721.8/NVL) CPU/0-0 (2/48.0/PHB) CPU/0-1 (3/16.0/SYS) NET/0-0 (5/48.0/PXN) NET/0-1 (3/48.0/PIX) NET/0-2 (5/48.0/PXN) NET/0-3 (5/48.0/PXN) NET/0-4 (5/48.0/PXN) NET/0-5 (5/48.0/PXN) NET/0-6 (5/16.0/SYS) NET/0-7 (5/16.0/SYS) NET/0-e (5/16.0/SYS) NET/0-8 (5/1.5/SYS) NET/0-9 (5/1.5/SYS) NET/0-a (5/1.5/SYS) NET/0-b (5/1.5/SYS) NET/0-f (5/1.5/SYS) NET/0-c (5/48.0/PXN) NET/0-d (5/48.0/PXN) GIN/0-0 (5/48.0/PHB) GIN/0-1 (3/48.0/PIX) GIN/0-2 (5/48.0/PHB) GIN/0-3 (5/48.0/PHB) GIN/0-4 (6/16.0/SYS) GIN/0-5 (6/16.0/SYS) GIN/0-6 (5/16.0/SYS) GIN/0-7 (5/16.0/SYS) GIN/0-8 (5/1.5/SYS) GIN/0-9 (5/1.5/SYS) GIN/0-a (5/1.5/SYS) GIN/0-b (5/1.5/SYS) GIN/0-c (6/16.0/SYS) GIN/0-d (6/16.0/SYS) 
gpu-nodes-2:1001:1001 [2] NCCL INFO GPU/0-63000 :GPU/0-3000 (2/721.8/NVL) GPU/0-13000 (2/721.8/NVL) GPU/0-63000 (0/5000.0/LOC) GPU/0-73000 (2/721.8/NVL) GPU/0-83000 (2/721.8/NVL) GPU/0-93000 (2/721.8/NVL) GPU/0-e3000 (2/721.8/NVL) GPU/0-f3000 (2/721.8/NVL) NVS/0-0 (1/721.8/NVL) CPU/0-0 (2/48.0/PHB) CPU/0-1 (3/16.0/SYS) NET/0-0 (5/48.0/PXN) NET/0-1 (5/48.0/PXN) NET/0-2 (3/48.0/PIX) NET/0-3 (5/48.0/PXN) NET/0-4 (5/48.0/PXN) NET/0-5 (5/48.0/PXN) NET/0-6 (5/16.0/SYS) NET/0-7 (5/16.0/SYS) NET/0-e (5/16.0/SYS) NET/0-8 (5/1.5/SYS) NET/0-9 (5/1.5/SYS) NET/0-a (5/1.5/SYS) NET/0-b (5/1.5/SYS) NET/0-f (5/1.5/SYS) NET/0-c (5/48.0/PXN) NET/0-d (5/48.0/PXN) GIN/0-0 (5/48.0/PHB) GIN/0-1 (5/48.0/PHB) GIN/0-2 (3/48.0/PIX) GIN/0-3 (5/48.0/PHB) GIN/0-4 (6/16.0/SYS) GIN/0-5 (6/16.0/SYS) GIN/0-6 (5/16.0/SYS) GIN/0-7 (5/16.0/SYS) GIN/0-8 (5/1.5/SYS) GIN/0-9 (5/1.5/SYS) GIN/0-a (5/1.5/SYS) GIN/0-b (5/1.5/SYS) GIN/0-c (6/16.0/SYS) GIN/0-d (6/16.0/SYS) 
gpu-nodes-2:1001:1001 [2] NCCL INFO GPU/0-73000 :GPU/0-3000 (2/721.8/NVL) GPU/0-13000 (2/721.8/NVL) GPU/0-63000 (2/721.8/NVL) GPU/0-73000 (0/5000.0/LOC) GPU/0-83000 (2/721.8/NVL) GPU/0-93000 (2/721.8/NVL) GPU/0-e3000 (2/721.8/NVL) GPU/0-f3000 (2/721.8/NVL) NVS/0-0 (1/721.8/NVL) CPU/0-0 (2/48.0/PHB) CPU/0-1 (3/16.0/SYS) NET/0-0 (5/48.0/PXN) NET/0-1 (5/48.0/PXN) NET/0-2 (5/48.0/PXN) NET/0-3 (3/48.0/PIX) NET/0-4 (5/48.0/PXN) NET/0-5 (5/48.0/PXN) NET/0-6 (5/16.0/SYS) NET/0-7 (5/16.0/SYS) NET/0-e (5/16.0/SYS) NET/0-8 (5/1.5/SYS) NET/0-9 (5/1.5/SYS) NET/0-a (5/1.5/SYS) NET/0-b (5/1.5/SYS) NET/0-f (5/1.5/SYS) NET/0-c (5/48.0/PXN) NET/0-d (5/48.0/PXN) GIN/0-0 (5/48.0/PHB) GIN/0-1 (5/48.0/PHB) GIN/0-2 (5/48.0/PHB) GIN/0-3 (3/48.0/PIX) GIN/0-4 (6/16.0/SYS) GIN/0-5 (6/16.0/SYS) GIN/0-6 (5/16.0/SYS) GIN/0-7 (5/16.0/SYS) GIN/0-8 (5/1.5/SYS) GIN/0-9 (5/1.5/SYS) GIN/0-a (5/1.5/SYS) GIN/0-b (5/1.5/SYS) GIN/0-c (6/16.0/SYS) GIN/0-d (6/16.0/SYS) 
gpu-nodes-2:1001:1001 [2] NCCL INFO GPU/0-83000 :GPU/0-3000 (2/721.8/NVL) GPU/0-13000 (2/721.8/NVL) GPU/0-63000 (2/721.8/NVL) GPU/0-73000 (2/721.8/NVL) GPU/0-83000 (0/5000.0/LOC) GPU/0-93000 (2/721.8/NVL) GPU/0-e3000 (2/721.8/NVL) GPU/0-f3000 (2/721.8/NVL) NVS/0-0 (1/721.8/NVL) CPU/0-0 (3/16.0/SYS) CPU/0-1 (2/48.0/PHB) NET/0-0 (5/48.0/PXN) NET/0-1 (5/48.0/PXN) NET/0-2 (5/48.0/PXN) NET/0-3 (5/48.0/PXN) NET/0-4 (3/48.0/PIX) NET/0-5 (5/48.0/PXN) NET/0-6 (4/25.0/PHB) NET/0-7 (4/25.0/PHB) NET/0-e (4/48.0/PHB) NET/0-8 (4/1.5/PHB) NET/0-9 (4/1.5/PHB) NET/0-a (4/1.5/PHB) NET/0-b (4/1.5/PHB) NET/0-f (4/1.5/PHB) NET/0-c (5/48.0/PXN) NET/0-d (5/48.0/PXN) GIN/0-0 (6/16.0/SYS) GIN/0-1 (6/16.0/SYS) GIN/0-2 (6/16.0/SYS) GIN/0-3 (6/16.0/SYS) GIN/0-4 (3/48.0/PIX) GIN/0-5 (5/48.0/PHB) GIN/0-6 (4/25.0/PHB) GIN/0-7 (4/25.0/PHB) GIN/0-8 (4/1.5/PHB) GIN/0-9 (4/1.5/PHB) GIN/0-a (4/1.5/PHB) GIN/0-b (4/1.5/PHB) GIN/0-c (5/48.0/PHB) GIN/0-d (5/48.0/PHB) 
gpu-nodes-2:1001:1001 [2] NCCL INFO GPU/0-93000 :GPU/0-3000 (2/721.8/NVL) GPU/0-13000 (2/721.8/NVL) GPU/0-63000 (2/721.8/NVL) GPU/0-73000 (2/721.8/NVL) GPU/0-83000 (2/721.8/NVL) GPU/0-93000 (0/5000.0/LOC) GPU/0-e3000 (2/721.8/NVL) GPU/0-f3000 (2/721.8/NVL) NVS/0-0 (1/721.8/NVL) CPU/0-0 (3/16.0/SYS) CPU/0-1 (2/48.0/PHB) NET/0-0 (5/48.0/PXN) NET/0-1 (5/48.0/PXN) NET/0-2 (5/48.0/PXN) NET/0-3 (5/48.0/PXN) NET/0-4 (5/48.0/PXN) NET/0-5 (3/48.0/PIX) NET/0-6 (4/25.0/PHB) NET/0-7 (4/25.0/PHB) NET/0-e (4/48.0/PHB) NET/0-8 (4/1.5/PHB) NET/0-9 (4/1.5/PHB) NET/0-a (4/1.5/PHB) NET/0-b (4/1.5/PHB) NET/0-f (4/1.5/PHB) NET/0-c (5/48.0/PXN) NET/0-d (5/48.0/PXN) GIN/0-0 (6/16.0/SYS) GIN/0-1 (6/16.0/SYS) GIN/0-2 (6/16.0/SYS) GIN/0-3 (6/16.0/SYS) GIN/0-4 (5/48.0/PHB) GIN/0-5 (3/48.0/PIX) GIN/0-6 (4/25.0/PHB) GIN/0-7 (4/25.0/PHB) GIN/0-8 (4/1.5/PHB) GIN/0-9 (4/1.5/PHB) GIN/0-a (4/1.5/PHB) GIN/0-b (4/1.5/PHB) GIN/0-c (5/48.0/PHB) GIN/0-d (5/48.0/PHB) 
gpu-nodes-2:1001:1001 [2] NCCL INFO GPU/0-e3000 :GPU/0-3000 (2/721.8/NVL) GPU/0-13000 (2/721.8/NVL) GPU/0-63000 (2/721.8/NVL) GPU/0-73000 (2/721.8/NVL) GPU/0-83000 (2/721.8/NVL) GPU/0-93000 (2/721.8/NVL) GPU/0-e3000 (0/5000.0/LOC) GPU/0-f3000 (2/721.8/NVL) NVS/0-0 (1/721.8/NVL) CPU/0-0 (3/16.0/SYS) CPU/0-1 (2/48.0/PHB) NET/0-0 (5/48.0/PXN) NET/0-1 (5/48.0/PXN) NET/0-2 (5/48.0/PXN) NET/0-3 (5/48.0/PXN) NET/0-4 (5/48.0/PXN) NET/0-5 (5/48.0/PXN) NET/0-6 (4/25.0/PHB) NET/0-7 (4/25.0/PHB) NET/0-e (4/48.0/PHB) NET/0-8 (4/1.5/PHB) NET/0-9 (4/1.5/PHB) NET/0-a (4/1.5/PHB) NET/0-b (4/1.5/PHB) NET/0-f (4/1.5/PHB) NET/0-c (3/48.0/PIX) NET/0-d (5/48.0/PXN) GIN/0-0 (6/16.0/SYS) GIN/0-1 (6/16.0/SYS) GIN/0-2 (6/16.0/SYS) GIN/0-3 (6/16.0/SYS) GIN/0-4 (5/48.0/PHB) GIN/0-5 (5/48.0/PHB) GIN/0-6 (4/25.0/PHB) GIN/0-7 (4/25.0/PHB) GIN/0-8 (4/1.5/PHB) GIN/0-9 (4/1.5/PHB) GIN/0-a (4/1.5/PHB) GIN/0-b (4/1.5/PHB) GIN/0-c (3/48.0/PIX) GIN/0-d (5/48.0/PHB) 
gpu-nodes-2:1001:1001 [2] NCCL INFO GPU/0-f3000 :GPU/0-3000 (2/721.8/NVL) GPU/0-13000 (2/721.8/NVL) GPU/0-63000 (2/721.8/NVL) GPU/0-73000 (2/721.8/NVL) GPU/0-83000 (2/721.8/NVL) GPU/0-93000 (2/721.8/NVL) GPU/0-e3000 (2/721.8/NVL) GPU/0-f3000 (0/5000.0/LOC) NVS/0-0 (1/721.8/NVL) CPU/0-0 (3/16.0/SYS) CPU/0-1 (2/48.0/PHB) NET/0-0 (5/48.0/PXN) NET/0-1 (5/48.0/PXN) NET/0-2 (5/48.0/PXN) NET/0-3 (5/48.0/PXN) NET/0-4 (5/48.0/PXN) NET/0-5 (5/48.0/PXN) NET/0-6 (4/25.0/PHB) NET/0-7 (4/25.0/PHB) NET/0-e (4/48.0/PHB) NET/0-8 (4/1.5/PHB) NET/0-9 (4/1.5/PHB) NET/0-a (4/1.5/PHB) NET/0-b (4/1.5/PHB) NET/0-f (4/1.5/PHB) NET/0-c (5/48.0/PXN) NET/0-d (3/48.0/PIX) GIN/0-0 (6/16.0/SYS) GIN/0-1 (6/16.0/SYS) GIN/0-2 (6/16.0/SYS) GIN/0-3 (6/16.0/SYS) GIN/0-4 (5/48.0/PHB) GIN/0-5 (5/48.0/PHB) GIN/0-6 (4/25.0/PHB) GIN/0-7 (4/25.0/PHB) GIN/0-8 (4/1.5/PHB) GIN/0-9 (4/1.5/PHB) GIN/0-a (4/1.5/PHB) GIN/0-b (4/1.5/PHB) GIN/0-c (5/48.0/PHB) GIN/0-d (3/48.0/PIX) 
gpu-nodes-2:1001:1001 [2] NCCL INFO NET/0-0 :GPU/0-3000 (3/48.0/PIX) GPU/0-13000 (5/48.0/PHB) GPU/0-63000 (5/48.0/PHB) GPU/0-73000 (5/48.0/PHB) GPU/0-83000 (6/16.0/SYS) GPU/0-93000 (6/16.0/SYS) GPU/0-e3000 (6/16.0/SYS) GPU/0-f3000 (6/16.0/SYS) CPU/0-0 (3/48.0/PHB) CPU/0-1 (4/16.0/SYS) NET/0-0 (0/5000.0/LOC) NET/0-1 (6/48.0/PHB) NET/0-2 (6/48.0/PHB) NET/0-3 (6/48.0/PHB) NET/0-4 (7/16.0/SYS) NET/0-5 (7/16.0/SYS) NET/0-6 (6/16.0/SYS) NET/0-7 (6/16.0/SYS) NET/0-e (6/16.0/SYS) NET/0-8 (6/1.5/SYS) NET/0-9 (6/1.5/SYS) NET/0-a (6/1.5/SYS) NET/0-b (6/1.5/SYS) NET/0-f (6/1.5/SYS) NET/0-c (7/16.0/SYS) NET/0-d (7/16.0/SYS) GIN/0-0 (2/50.0/LOC) GIN/0-1 (6/48.0/PHB) GIN/0-2 (6/48.0/PHB) GIN/0-3 (6/48.0/PHB) GIN/0-4 (7/16.0/SYS) GIN/0-5 (7/16.0/SYS) GIN/0-6 (6/16.0/SYS) GIN/0-7 (6/16.0/SYS) GIN/0-8 (6/1.5/SYS) GIN/0-9 (6/1.5/SYS) GIN/0-a (6/1.5/SYS) GIN/0-b (6/1.5/SYS) GIN/0-c (7/16.0/SYS) GIN/0-d (7/16.0/SYS) 
gpu-nodes-2:1001:1001 [2] NCCL INFO NET/0-1 :GPU/0-3000 (5/48.0/PHB) GPU/0-13000 (3/48.0/PIX) GPU/0-63000 (5/48.0/PHB) GPU/0-73000 (5/48.0/PHB) GPU/0-83000 (6/16.0/SYS) GPU/0-93000 (6/16.0/SYS) GPU/0-e3000 (6/16.0/SYS) GPU/0-f3000 (6/16.0/SYS) CPU/0-0 (3/48.0/PHB) CPU/0-1 (4/16.0/SYS) NET/0-0 (6/48.0/PHB) NET/0-1 (0/5000.0/LOC) NET/0-2 (6/48.0/PHB) NET/0-3 (6/48.0/PHB) NET/0-4 (7/16.0/SYS) NET/0-5 (7/16.0/SYS) NET/0-6 (6/16.0/SYS) NET/0-7 (6/16.0/SYS) NET/0-e (6/16.0/SYS) NET/0-8 (6/1.5/SYS) NET/0-9 (6/1.5/SYS) NET/0-a (6/1.5/SYS) NET/0-b (6/1.5/SYS) NET/0-f (6/1.5/SYS) NET/0-c (7/16.0/SYS) NET/0-d (7/16.0/SYS) GIN/0-0 (6/48.0/PHB) GIN/0-1 (2/50.0/LOC) GIN/0-2 (6/48.0/PHB) GIN/0-3 (6/48.0/PHB) GIN/0-4 (7/16.0/SYS) GIN/0-5 (7/16.0/SYS) GIN/0-6 (6/16.0/SYS) GIN/0-7 (6/16.0/SYS) GIN/0-8 (6/1.5/SYS) GIN/0-9 (6/1.5/SYS) GIN/0-a (6/1.5/SYS) GIN/0-b (6/1.5/SYS) GIN/0-c (7/16.0/SYS) GIN/0-d (7/16.0/SYS) 
gpu-nodes-2:1001:1001 [2] NCCL INFO NET/0-2 :GPU/0-3000 (5/48.0/PHB) GPU/0-13000 (5/48.0/PHB) GPU/0-63000 (3/48.0/PIX) GPU/0-73000 (5/48.0/PHB) GPU/0-83000 (6/16.0/SYS) GPU/0-93000 (6/16.0/SYS) GPU/0-e3000 (6/16.0/SYS) GPU/0-f3000 (6/16.0/SYS) CPU/0-0 (3/48.0/PHB) CPU/0-1 (4/16.0/SYS) NET/0-0 (6/48.0/PHB) NET/0-1 (6/48.0/PHB) NET/0-2 (0/5000.0/LOC) NET/0-3 (6/48.0/PHB) NET/0-4 (7/16.0/SYS) NET/0-5 (7/16.0/SYS) NET/0-6 (6/16.0/SYS) NET/0-7 (6/16.0/SYS) NET/0-e (6/16.0/SYS) NET/0-8 (6/1.5/SYS) NET/0-9 (6/1.5/SYS) NET/0-a (6/1.5/SYS) NET/0-b (6/1.5/SYS) NET/0-f (6/1.5/SYS) NET/0-c (7/16.0/SYS) NET/0-d (7/16.0/SYS) GIN/0-0 (6/48.0/PHB) GIN/0-1 (6/48.0/PHB) GIN/0-2 (2/50.0/LOC) GIN/0-3 (6/48.0/PHB) GIN/0-4 (7/16.0/SYS) GIN/0-5 (7/16.0/SYS) GIN/0-6 (6/16.0/SYS) GIN/0-7 (6/16.0/SYS) GIN/0-8 (6/1.5/SYS) GIN/0-9 (6/1.5/SYS) GIN/0-a (6/1.5/SYS) GIN/0-b (6/1.5/SYS) GIN/0-c (7/16.0/SYS) GIN/0-d (7/16.0/SYS) 
gpu-nodes-2:1001:1001 [2] NCCL INFO NET/0-3 :GPU/0-3000 (5/48.0/PHB) GPU/0-13000 (5/48.0/PHB) GPU/0-63000 (5/48.0/PHB) GPU/0-73000 (3/48.0/PIX) GPU/0-83000 (6/16.0/SYS) GPU/0-93000 (6/16.0/SYS) GPU/0-e3000 (6/16.0/SYS) GPU/0-f3000 (6/16.0/SYS) CPU/0-0 (3/48.0/PHB) CPU/0-1 (4/16.0/SYS) NET/0-0 (6/48.0/PHB) NET/0-1 (6/48.0/PHB) NET/0-2 (6/48.0/PHB) NET/0-3 (0/5000.0/LOC) NET/0-4 (7/16.0/SYS) NET/0-5 (7/16.0/SYS) NET/0-6 (6/16.0/SYS) NET/0-7 (6/16.0/SYS) NET/0-e (6/16.0/SYS) NET/0-8 (6/1.5/SYS) NET/0-9 (6/1.5/SYS) NET/0-a (6/1.5/SYS) NET/0-b (6/1.5/SYS) NET/0-f (6/1.5/SYS) NET/0-c (7/16.0/SYS) NET/0-d (7/16.0/SYS) GIN/0-0 (6/48.0/PHB) GIN/0-1 (6/48.0/PHB) GIN/0-2 (6/48.0/PHB) GIN/0-3 (2/50.0/LOC) GIN/0-4 (7/16.0/SYS) GIN/0-5 (7/16.0/SYS) GIN/0-6 (6/16.0/SYS) GIN/0-7 (6/16.0/SYS) GIN/0-8 (6/1.5/SYS) GIN/0-9 (6/1.5/SYS) GIN/0-a (6/1.5/SYS) GIN/0-b (6/1.5/SYS) GIN/0-c (7/16.0/SYS) GIN/0-d (7/16.0/SYS) 
gpu-nodes-2:1001:1001 [2] NCCL INFO NET/0-4 :GPU/0-3000 (6/16.0/SYS) GPU/0-13000 (6/16.0/SYS) GPU/0-63000 (6/16.0/SYS) GPU/0-73000 (6/16.0/SYS) GPU/0-83000 (3/48.0/PIX) GPU/0-93000 (5/48.0/PHB) GPU/0-e3000 (5/48.0/PHB) GPU/0-f3000 (5/48.0/PHB) CPU/0-0 (4/16.0/SYS) CPU/0-1 (3/48.0/PHB) NET/0-0 (7/16.0/SYS) NET/0-1 (7/16.0/SYS) NET/0-2 (7/16.0/SYS) NET/0-3 (7/16.0/SYS) NET/0-4 (0/5000.0/LOC) NET/0-5 (6/48.0/PHB) NET/0-6 (5/25.0/PHB) NET/0-7 (5/25.0/PHB) NET/0-e (5/48.0/PHB) NET/0-8 (5/1.5/PHB) NET/0-9 (5/1.5/PHB) NET/0-a (5/1.5/PHB) NET/0-b (5/1.5/PHB) NET/0-f (5/1.5/PHB) NET/0-c (6/48.0/PHB) NET/0-d (6/48.0/PHB) GIN/0-0 (7/16.0/SYS) GIN/0-1 (7/16.0/SYS) GIN/0-2 (7/16.0/SYS) GIN/0-3 (7/16.0/SYS) GIN/0-4 (2/50.0/LOC) GIN/0-5 (6/48.0/PHB) GIN/0-6 (5/25.0/PHB) GIN/0-7 (5/25.0/PHB) GIN/0-8 (5/1.5/PHB) GIN/0-9 (5/1.5/PHB) GIN/0-a (5/1.5/PHB) GIN/0-b (5/1.5/PHB) GIN/0-c (6/48.0/PHB) GIN/0-d (6/48.0/PHB) 
gpu-nodes-2:1001:1001 [2] NCCL INFO NET/0-5 :GPU/0-3000 (6/16.0/SYS) GPU/0-13000 (6/16.0/SYS) GPU/0-63000 (6/16.0/SYS) GPU/0-73000 (6/16.0/SYS) GPU/0-83000 (5/48.0/PHB) GPU/0-93000 (3/48.0/PIX) GPU/0-e3000 (5/48.0/PHB) GPU/0-f3000 (5/48.0/PHB) CPU/0-0 (4/16.0/SYS) CPU/0-1 (3/48.0/PHB) NET/0-0 (7/16.0/SYS) NET/0-1 (7/16.0/SYS) NET/0-2 (7/16.0/SYS) NET/0-3 (7/16.0/SYS) NET/0-4 (6/48.0/PHB) NET/0-5 (0/5000.0/LOC) NET/0-6 (5/25.0/PHB) NET/0-7 (5/25.0/PHB) NET/0-e (5/48.0/PHB) NET/0-8 (5/1.5/PHB) NET/0-9 (5/1.5/PHB) NET/0-a (5/1.5/PHB) NET/0-b (5/1.5/PHB) NET/0-f (5/1.5/PHB) NET/0-c (6/48.0/PHB) NET/0-d (6/48.0/PHB) GIN/0-0 (7/16.0/SYS) GIN/0-1 (7/16.0/SYS) GIN/0-2 (7/16.0/SYS) GIN/0-3 (7/16.0/SYS) GIN/0-4 (6/48.0/PHB) GIN/0-5 (2/50.0/LOC) GIN/0-6 (5/25.0/PHB) GIN/0-7 (5/25.0/PHB) GIN/0-8 (5/1.5/PHB) GIN/0-9 (5/1.5/PHB) GIN/0-a (5/1.5/PHB) GIN/0-b (5/1.5/PHB) GIN/0-c (6/48.0/PHB) GIN/0-d (6/48.0/PHB) 
gpu-nodes-2:1001:1001 [2] NCCL INFO NET/0-6 :GPU/0-3000 (5/16.0/SYS) GPU/0-13000 (5/16.0/SYS) GPU/0-63000 (5/16.0/SYS) GPU/0-73000 (5/16.0/SYS) GPU/0-83000 (4/25.0/PHB) GPU/0-93000 (4/25.0/PHB) GPU/0-e3000 (4/25.0/PHB) GPU/0-f3000 (4/25.0/PHB) CPU/0-0 (3/16.0/SYS) CPU/0-1 (2/25.0/PHB) NET/0-0 (6/16.0/SYS) NET/0-1 (6/16.0/SYS) NET/0-2 (6/16.0/SYS) NET/0-3 (6/16.0/SYS) NET/0-4 (5/25.0/PHB) NET/0-5 (5/25.0/PHB) NET/0-6 (0/5000.0/LOC) NET/0-7 (2/25.0/LOC) NET/0-e (2/25.0/LOC) NET/0-8 (4/1.5/PHB) NET/0-9 (4/1.5/PHB) NET/0-a (4/1.5/PHB) NET/0-b (4/1.5/PHB) NET/0-f (4/1.5/PHB) NET/0-c (5/25.0/PHB) NET/0-d (5/25.0/PHB) GIN/0-0 (6/16.0/SYS) GIN/0-1 (6/16.0/SYS) GIN/0-2 (6/16.0/SYS) GIN/0-3 (6/16.0/SYS) GIN/0-4 (5/25.0/PHB) GIN/0-5 (5/25.0/PHB) GIN/0-6 (2/25.0/LOC) GIN/0-7 (2/25.0/LOC) GIN/0-8 (4/1.5/PHB) GIN/0-9 (4/1.5/PHB) GIN/0-a (4/1.5/PHB) GIN/0-b (4/1.5/PHB) GIN/0-c (5/25.0/PHB) GIN/0-d (5/25.0/PHB) 
gpu-nodes-2:1001:1001 [2] NCCL INFO NET/0-7 :GPU/0-3000 (5/16.0/SYS) GPU/0-13000 (5/16.0/SYS) GPU/0-63000 (5/16.0/SYS) GPU/0-73000 (5/16.0/SYS) GPU/0-83000 (4/25.0/PHB) GPU/0-93000 (4/25.0/PHB) GPU/0-e3000 (4/25.0/PHB) GPU/0-f3000 (4/25.0/PHB) CPU/0-0 (3/16.0/SYS) CPU/0-1 (2/25.0/PHB) NET/0-0 (6/16.0/SYS) NET/0-1 (6/16.0/SYS) NET/0-2 (6/16.0/SYS) NET/0-3 (6/16.0/SYS) NET/0-4 (5/25.0/PHB) NET/0-5 (5/25.0/PHB) NET/0-6 (2/25.0/LOC) NET/0-7 (0/5000.0/LOC) NET/0-e (2/25.0/LOC) NET/0-8 (4/1.5/PHB) NET/0-9 (4/1.5/PHB) NET/0-a (4/1.5/PHB) NET/0-b (4/1.5/PHB) NET/0-f (4/1.5/PHB) NET/0-c (5/25.0/PHB) NET/0-d (5/25.0/PHB) GIN/0-0 (6/16.0/SYS) GIN/0-1 (6/16.0/SYS) GIN/0-2 (6/16.0/SYS) GIN/0-3 (6/16.0/SYS) GIN/0-4 (5/25.0/PHB) GIN/0-5 (5/25.0/PHB) GIN/0-6 (2/25.0/LOC) GIN/0-7 (2/25.0/LOC) GIN/0-8 (4/1.5/PHB) GIN/0-9 (4/1.5/PHB) GIN/0-a (4/1.5/PHB) GIN/0-b (4/1.5/PHB) GIN/0-c (5/25.0/PHB) GIN/0-d (5/25.0/PHB) 
gpu-nodes-2:1001:1001 [2] NCCL INFO NET/0-e :GPU/0-3000 (5/16.0/SYS) GPU/0-13000 (5/16.0/SYS) GPU/0-63000 (5/16.0/SYS) GPU/0-73000 (5/16.0/SYS) GPU/0-83000 (4/48.0/PHB) GPU/0-93000 (4/48.0/PHB) GPU/0-e3000 (4/48.0/PHB) GPU/0-f3000 (4/48.0/PHB) CPU/0-0 (3/16.0/SYS) CPU/0-1 (2/48.0/PHB) NET/0-0 (6/16.0/SYS) NET/0-1 (6/16.0/SYS) NET/0-2 (6/16.0/SYS) NET/0-3 (6/16.0/SYS) NET/0-4 (5/48.0/PHB) NET/0-5 (5/48.0/PHB) NET/0-6 (2/25.0/LOC) NET/0-7 (2/25.0/LOC) NET/0-e (0/5000.0/LOC) NET/0-8 (4/1.5/PHB) NET/0-9 (4/1.5/PHB) NET/0-a (4/1.5/PHB) NET/0-b (4/1.5/PHB) NET/0-f (4/1.5/PHB) NET/0-c (5/48.0/PHB) NET/0-d (5/48.0/PHB) GIN/0-0 (6/16.0/SYS) GIN/0-1 (6/16.0/SYS) GIN/0-2 (6/16.0/SYS) GIN/0-3 (6/16.0/SYS) GIN/0-4 (5/48.0/PHB) GIN/0-5 (5/48.0/PHB) GIN/0-6 (2/25.0/LOC) GIN/0-7 (2/25.0/LOC) GIN/0-8 (4/1.5/PHB) GIN/0-9 (4/1.5/PHB) GIN/0-a (4/1.5/PHB) GIN/0-b (4/1.5/PHB) GIN/0-c (5/48.0/PHB) GIN/0-d (5/48.0/PHB) 
gpu-nodes-2:1001:1001 [2] NCCL INFO NET/0-8 :GPU/0-3000 (5/1.5/SYS) GPU/0-13000 (5/1.5/SYS) GPU/0-63000 (5/1.5/SYS) GPU/0-73000 (5/1.5/SYS) GPU/0-83000 (4/1.5/PHB) GPU/0-93000 (4/1.5/PHB) GPU/0-e3000 (4/1.5/PHB) GPU/0-f3000 (4/1.5/PHB) CPU/0-0 (3/1.5/SYS) CPU/0-1 (2/1.5/PHB) NET/0-0 (6/1.5/SYS) NET/0-1 (6/1.5/SYS) NET/0-2 (6/1.5/SYS) NET/0-3 (6/1.5/SYS) NET/0-4 (5/1.5/PHB) NET/0-5 (5/1.5/PHB) NET/0-6 (4/1.5/PHB) NET/0-7 (4/1.5/PHB) NET/0-e (4/1.5/PHB) NET/0-8 (0/5000.0/LOC) NET/0-9 (2/12.5/LOC) NET/0-a (2/12.5/LOC) NET/0-b (2/12.5/LOC) NET/0-f (2/12.5/LOC) NET/0-c (5/1.5/PHB) NET/0-d (5/1.5/PHB) GIN/0-0 (6/1.5/SYS) GIN/0-1 (6/1.5/SYS) GIN/0-2 (6/1.5/SYS) GIN/0-3 (6/1.5/SYS) GIN/0-4 (5/1.5/PHB) GIN/0-5 (5/1.5/PHB) GIN/0-6 (4/1.5/PHB) GIN/0-7 (4/1.5/PHB) GIN/0-8 (2/12.5/LOC) GIN/0-9 (2/12.5/LOC) GIN/0-a (2/12.5/LOC) GIN/0-b (2/12.5/LOC) GIN/0-c (5/1.5/PHB) GIN/0-d (5/1.5/PHB) 
gpu-nodes-2:1001:1001 [2] NCCL INFO NET/0-9 :GPU/0-3000 (5/1.5/SYS) GPU/0-13000 (5/1.5/SYS) GPU/0-63000 (5/1.5/SYS) GPU/0-73000 (5/1.5/SYS) GPU/0-83000 (4/1.5/PHB) GPU/0-93000 (4/1.5/PHB) GPU/0-e3000 (4/1.5/PHB) GPU/0-f3000 (4/1.5/PHB) CPU/0-0 (3/1.5/SYS) CPU/0-1 (2/1.5/PHB) NET/0-0 (6/1.5/SYS) NET/0-1 (6/1.5/SYS) NET/0-2 (6/1.5/SYS) NET/0-3 (6/1.5/SYS) NET/0-4 (5/1.5/PHB) NET/0-5 (5/1.5/PHB) NET/0-6 (4/1.5/PHB) NET/0-7 (4/1.5/PHB) NET/0-e (4/1.5/PHB) NET/0-8 (2/12.5/LOC) NET/0-9 (0/5000.0/LOC) NET/0-a (2/12.5/LOC) NET/0-b (2/12.5/LOC) NET/0-f (2/12.5/LOC) NET/0-c (5/1.5/PHB) NET/0-d (5/1.5/PHB) GIN/0-0 (6/1.5/SYS) GIN/0-1 (6/1.5/SYS) GIN/0-2 (6/1.5/SYS) GIN/0-3 (6/1.5/SYS) GIN/0-4 (5/1.5/PHB) GIN/0-5 (5/1.5/PHB) GIN/0-6 (4/1.5/PHB) GIN/0-7 (4/1.5/PHB) GIN/0-8 (2/12.5/LOC) GIN/0-9 (2/12.5/LOC) GIN/0-a (2/12.5/LOC) GIN/0-b (2/12.5/LOC) GIN/0-c (5/1.5/PHB) GIN/0-d (5/1.5/PHB) 
gpu-nodes-2:1001:1001 [2] NCCL INFO NET/0-a :GPU/0-3000 (5/1.5/SYS) GPU/0-13000 (5/1.5/SYS) GPU/0-63000 (5/1.5/SYS) GPU/0-73000 (5/1.5/SYS) GPU/0-83000 (4/1.5/PHB) GPU/0-93000 (4/1.5/PHB) GPU/0-e3000 (4/1.5/PHB) GPU/0-f3000 (4/1.5/PHB) CPU/0-0 (3/1.5/SYS) CPU/0-1 (2/1.5/PHB) NET/0-0 (6/1.5/SYS) NET/0-1 (6/1.5/SYS) NET/0-2 (6/1.5/SYS) NET/0-3 (6/1.5/SYS) NET/0-4 (5/1.5/PHB) NET/0-5 (5/1.5/PHB) NET/0-6 (4/1.5/PHB) NET/0-7 (4/1.5/PHB) NET/0-e (4/1.5/PHB) NET/0-8 (2/12.5/LOC) NET/0-9 (2/12.5/LOC) NET/0-a (0/5000.0/LOC) NET/0-b (2/12.5/LOC) NET/0-f (2/12.5/LOC) NET/0-c (5/1.5/PHB) NET/0-d (5/1.5/PHB) GIN/0-0 (6/1.5/SYS) GIN/0-1 (6/1.5/SYS) GIN/0-2 (6/1.5/SYS) GIN/0-3 (6/1.5/SYS) GIN/0-4 (5/1.5/PHB) GIN/0-5 (5/1.5/PHB) GIN/0-6 (4/1.5/PHB) GIN/0-7 (4/1.5/PHB) GIN/0-8 (2/12.5/LOC) GIN/0-9 (2/12.5/LOC) GIN/0-a (2/12.5/LOC) GIN/0-b (2/12.5/LOC) GIN/0-c (5/1.5/PHB) GIN/0-d (5/1.5/PHB) 
gpu-nodes-2:1001:1001 [2] NCCL INFO NET/0-b :GPU/0-3000 (5/1.5/SYS) GPU/0-13000 (5/1.5/SYS) GPU/0-63000 (5/1.5/SYS) GPU/0-73000 (5/1.5/SYS) GPU/0-83000 (4/1.5/PHB) GPU/0-93000 (4/1.5/PHB) GPU/0-e3000 (4/1.5/PHB) GPU/0-f3000 (4/1.5/PHB) CPU/0-0 (3/1.5/SYS) CPU/0-1 (2/1.5/PHB) NET/0-0 (6/1.5/SYS) NET/0-1 (6/1.5/SYS) NET/0-2 (6/1.5/SYS) NET/0-3 (6/1.5/SYS) NET/0-4 (5/1.5/PHB) NET/0-5 (5/1.5/PHB) NET/0-6 (4/1.5/PHB) NET/0-7 (4/1.5/PHB) NET/0-e (4/1.5/PHB) NET/0-8 (2/12.5/LOC) NET/0-9 (2/12.5/LOC) NET/0-a (2/12.5/LOC) NET/0-b (0/5000.0/LOC) NET/0-f (2/12.5/LOC) NET/0-c (5/1.5/PHB) NET/0-d (5/1.5/PHB) GIN/0-0 (6/1.5/SYS) GIN/0-1 (6/1.5/SYS) GIN/0-2 (6/1.5/SYS) GIN/0-3 (6/1.5/SYS) GIN/0-4 (5/1.5/PHB) GIN/0-5 (5/1.5/PHB) GIN/0-6 (4/1.5/PHB) GIN/0-7 (4/1.5/PHB) GIN/0-8 (2/12.5/LOC) GIN/0-9 (2/12.5/LOC) GIN/0-a (2/12.5/LOC) GIN/0-b (2/12.5/LOC) GIN/0-c (5/1.5/PHB) GIN/0-d (5/1.5/PHB) 
gpu-nodes-2:1001:1001 [2] NCCL INFO NET/0-f :GPU/0-3000 (5/1.5/SYS) GPU/0-13000 (5/1.5/SYS) GPU/0-63000 (5/1.5/SYS) GPU/0-73000 (5/1.5/SYS) GPU/0-83000 (4/1.5/PHB) GPU/0-93000 (4/1.5/PHB) GPU/0-e3000 (4/1.5/PHB) GPU/0-f3000 (4/1.5/PHB) CPU/0-0 (3/1.5/SYS) CPU/0-1 (2/1.5/PHB) NET/0-0 (6/1.5/SYS) NET/0-1 (6/1.5/SYS) NET/0-2 (6/1.5/SYS) NET/0-3 (6/1.5/SYS) NET/0-4 (5/1.5/PHB) NET/0-5 (5/1.5/PHB) NET/0-6 (4/1.5/PHB) NET/0-7 (4/1.5/PHB) NET/0-e (4/1.5/PHB) NET/0-8 (2/12.5/LOC) NET/0-9 (2/12.5/LOC) NET/0-a (2/12.5/LOC) NET/0-b (2/12.5/LOC) NET/0-f (0/5000.0/LOC) NET/0-c (5/1.5/PHB) NET/0-d (5/1.5/PHB) GIN/0-0 (6/1.5/SYS) GIN/0-1 (6/1.5/SYS) GIN/0-2 (6/1.5/SYS) GIN/0-3 (6/1.5/SYS) GIN/0-4 (5/1.5/PHB) GIN/0-5 (5/1.5/PHB) GIN/0-6 (4/1.5/PHB) GIN/0-7 (4/1.5/PHB) GIN/0-8 (2/12.5/LOC) GIN/0-9 (2/12.5/LOC) GIN/0-a (2/12.5/LOC) GIN/0-b (2/12.5/LOC) GIN/0-c (5/1.5/PHB) GIN/0-d (5/1.5/PHB) 
gpu-nodes-2:1001:1001 [2] NCCL INFO NET/0-c :GPU/0-3000 (6/16.0/SYS) GPU/0-13000 (6/16.0/SYS) GPU/0-63000 (6/16.0/SYS) GPU/0-73000 (6/16.0/SYS) GPU/0-83000 (5/48.0/PHB) GPU/0-93000 (5/48.0/PHB) GPU/0-e3000 (3/48.0/PIX) GPU/0-f3000 (5/48.0/PHB) CPU/0-0 (4/16.0/SYS) CPU/0-1 (3/48.0/PHB) NET/0-0 (7/16.0/SYS) NET/0-1 (7/16.0/SYS) NET/0-2 (7/16.0/SYS) NET/0-3 (7/16.0/SYS) NET/0-4 (6/48.0/PHB) NET/0-5 (6/48.0/PHB) NET/0-6 (5/25.0/PHB) NET/0-7 (5/25.0/PHB) NET/0-e (5/48.0/PHB) NET/0-8 (5/1.5/PHB) NET/0-9 (5/1.5/PHB) NET/0-a (5/1.5/PHB) NET/0-b (5/1.5/PHB) NET/0-f (5/1.5/PHB) NET/0-c (0/5000.0/LOC) NET/0-d (6/48.0/PHB) GIN/0-0 (7/16.0/SYS) GIN/0-1 (7/16.0/SYS) GIN/0-2 (7/16.0/SYS) GIN/0-3 (7/16.0/SYS) GIN/0-4 (6/48.0/PHB) GIN/0-5 (6/48.0/PHB) GIN/0-6 (5/25.0/PHB) GIN/0-7 (5/25.0/PHB) GIN/0-8 (5/1.5/PHB) GIN/0-9 (5/1.5/PHB) GIN/0-a (5/1.5/PHB) GIN/0-b (5/1.5/PHB) GIN/0-c (2/50.0/LOC) GIN/0-d (6/48.0/PHB) 
gpu-nodes-2:1001:1001 [2] NCCL INFO NET/0-d :GPU/0-3000 (6/16.0/SYS) GPU/0-13000 (6/16.0/SYS) GPU/0-63000 (6/16.0/SYS) GPU/0-73000 (6/16.0/SYS) GPU/0-83000 (5/48.0/PHB) GPU/0-93000 (5/48.0/PHB) GPU/0-e3000 (5/48.0/PHB) GPU/0-f3000 (3/48.0/PIX) CPU/0-0 (4/16.0/SYS) CPU/0-1 (3/48.0/PHB) NET/0-0 (7/16.0/SYS) NET/0-1 (7/16.0/SYS) NET/0-2 (7/16.0/SYS) NET/0-3 (7/16.0/SYS) NET/0-4 (6/48.0/PHB) NET/0-5 (6/48.0/PHB) NET/0-6 (5/25.0/PHB) NET/0-7 (5/25.0/PHB) NET/0-e (5/48.0/PHB) NET/0-8 (5/1.5/PHB) NET/0-9 (5/1.5/PHB) NET/0-a (5/1.5/PHB) NET/0-b (5/1.5/PHB) NET/0-f (5/1.5/PHB) NET/0-c (6/48.0/PHB) NET/0-d (0/5000.0/LOC) GIN/0-0 (7/16.0/SYS) GIN/0-1 (7/16.0/SYS) GIN/0-2 (7/16.0/SYS) GIN/0-3 (7/16.0/SYS) GIN/0-4 (6/48.0/PHB) GIN/0-5 (6/48.0/PHB) GIN/0-6 (5/25.0/PHB) GIN/0-7 (5/25.0/PHB) GIN/0-8 (5/1.5/PHB) GIN/0-9 (5/1.5/PHB) GIN/0-a (5/1.5/PHB) GIN/0-b (5/1.5/PHB) GIN/0-c (6/48.0/PHB) GIN/0-d (2/50.0/LOC) 
gpu-nodes-2:1001:1001 [2] NCCL INFO GIN/0-0 :GPU/0-3000 (3/48.0/PIX) GPU/0-13000 (5/48.0/PHB) GPU/0-63000 (5/48.0/PHB) GPU/0-73000 (5/48.0/PHB) GPU/0-83000 (6/16.0/SYS) GPU/0-93000 (6/16.0/SYS) GPU/0-e3000 (6/16.0/SYS) GPU/0-f3000 (6/16.0/SYS) CPU/0-0 (3/48.0/PHB) CPU/0-1 (4/16.0/SYS) NET/0-0 (2/50.0/LOC) NET/0-1 (6/48.0/PHB) NET/0-2 (6/48.0/PHB) NET/0-3 (6/48.0/PHB) NET/0-4 (7/16.0/SYS) NET/0-5 (7/16.0/SYS) NET/0-6 (6/16.0/SYS) NET/0-7 (6/16.0/SYS) NET/0-e (6/16.0/SYS) NET/0-8 (6/1.5/SYS) NET/0-9 (6/1.5/SYS) NET/0-a (6/1.5/SYS) NET/0-b (6/1.5/SYS) NET/0-f (6/1.5/SYS) NET/0-c (7/16.0/SYS) NET/0-d (7/16.0/SYS) GIN/0-0 (0/5000.0/LOC) GIN/0-1 (6/48.0/PHB) GIN/0-2 (6/48.0/PHB) GIN/0-3 (6/48.0/PHB) GIN/0-4 (7/16.0/SYS) GIN/0-5 (7/16.0/SYS) GIN/0-6 (6/16.0/SYS) GIN/0-7 (6/16.0/SYS) GIN/0-8 (6/1.5/SYS) GIN/0-9 (6/1.5/SYS) GIN/0-a (6/1.5/SYS) GIN/0-b (6/1.5/SYS) GIN/0-c (7/16.0/SYS) GIN/0-d (7/16.0/SYS) 
gpu-nodes-2:1001:1001 [2] NCCL INFO GIN/0-1 :GPU/0-3000 (5/48.0/PHB) GPU/0-13000 (3/48.0/PIX) GPU/0-63000 (5/48.0/PHB) GPU/0-73000 (5/48.0/PHB) GPU/0-83000 (6/16.0/SYS) GPU/0-93000 (6/16.0/SYS) GPU/0-e3000 (6/16.0/SYS) GPU/0-f3000 (6/16.0/SYS) CPU/0-0 (3/48.0/PHB) CPU/0-1 (4/16.0/SYS) NET/0-0 (6/48.0/PHB) NET/0-1 (2/50.0/LOC) NET/0-2 (6/48.0/PHB) NET/0-3 (6/48.0/PHB) NET/0-4 (7/16.0/SYS) NET/0-5 (7/16.0/SYS) NET/0-6 (6/16.0/SYS) NET/0-7 (6/16.0/SYS) NET/0-e (6/16.0/SYS) NET/0-8 (6/1.5/SYS) NET/0-9 (6/1.5/SYS) NET/0-a (6/1.5/SYS) NET/0-b (6/1.5/SYS) NET/0-f (6/1.5/SYS) NET/0-c (7/16.0/SYS) NET/0-d (7/16.0/SYS) GIN/0-0 (6/48.0/PHB) GIN/0-1 (0/5000.0/LOC) GIN/0-2 (6/48.0/PHB) GIN/0-3 (6/48.0/PHB) GIN/0-4 (7/16.0/SYS) GIN/0-5 (7/16.0/SYS) GIN/0-6 (6/16.0/SYS) GIN/0-7 (6/16.0/SYS) GIN/0-8 (6/1.5/SYS) GIN/0-9 (6/1.5/SYS) GIN/0-a (6/1.5/SYS) GIN/0-b (6/1.5/SYS) GIN/0-c (7/16.0/SYS) GIN/0-d (7/16.0/SYS) 
gpu-nodes-2:1001:1001 [2] NCCL INFO GIN/0-2 :GPU/0-3000 (5/48.0/PHB) GPU/0-13000 (5/48.0/PHB) GPU/0-63000 (3/48.0/PIX) GPU/0-73000 (5/48.0/PHB) GPU/0-83000 (6/16.0/SYS) GPU/0-93000 (6/16.0/SYS) GPU/0-e3000 (6/16.0/SYS) GPU/0-f3000 (6/16.0/SYS) CPU/0-0 (3/48.0/PHB) CPU/0-1 (4/16.0/SYS) NET/0-0 (6/48.0/PHB) NET/0-1 (6/48.0/PHB) NET/0-2 (2/50.0/LOC) NET/0-3 (6/48.0/PHB) NET/0-4 (7/16.0/SYS) NET/0-5 (7/16.0/SYS) NET/0-6 (6/16.0/SYS) NET/0-7 (6/16.0/SYS) NET/0-e (6/16.0/SYS) NET/0-8 (6/1.5/SYS) NET/0-9 (6/1.5/SYS) NET/0-a (6/1.5/SYS) NET/0-b (6/1.5/SYS) NET/0-f (6/1.5/SYS) NET/0-c (7/16.0/SYS) NET/0-d (7/16.0/SYS) GIN/0-0 (6/48.0/PHB) GIN/0-1 (6/48.0/PHB) GIN/0-2 (0/5000.0/LOC) GIN/0-3 (6/48.0/PHB) GIN/0-4 (7/16.0/SYS) GIN/0-5 (7/16.0/SYS) GIN/0-6 (6/16.0/SYS) GIN/0-7 (6/16.0/SYS) GIN/0-8 (6/1.5/SYS) GIN/0-9 (6/1.5/SYS) GIN/0-a (6/1.5/SYS) GIN/0-b (6/1.5/SYS) GIN/0-c (7/16.0/SYS) GIN/0-d (7/16.0/SYS) 
gpu-nodes-2:1001:1001 [2] NCCL INFO GIN/0-3 :GPU/0-3000 (5/48.0/PHB) GPU/0-13000 (5/48.0/PHB) GPU/0-63000 (5/48.0/PHB) GPU/0-73000 (3/48.0/PIX) GPU/0-83000 (6/16.0/SYS) GPU/0-93000 (6/16.0/SYS) GPU/0-e3000 (6/16.0/SYS) GPU/0-f3000 (6/16.0/SYS) CPU/0-0 (3/48.0/PHB) CPU/0-1 (4/16.0/SYS) NET/0-0 (6/48.0/PHB) NET/0-1 (6/48.0/PHB) NET/0-2 (6/48.0/PHB) NET/0-3 (2/50.0/LOC) NET/0-4 (7/16.0/SYS) NET/0-5 (7/16.0/SYS) NET/0-6 (6/16.0/SYS) NET/0-7 (6/16.0/SYS) NET/0-e (6/16.0/SYS) NET/0-8 (6/1.5/SYS) NET/0-9 (6/1.5/SYS) NET/0-a (6/1.5/SYS) NET/0-b (6/1.5/SYS) NET/0-f (6/1.5/SYS) NET/0-c (7/16.0/SYS) NET/0-d (7/16.0/SYS) GIN/0-0 (6/48.0/PHB) GIN/0-1 (6/48.0/PHB) GIN/0-2 (6/48.0/PHB) GIN/0-3 (0/5000.0/LOC) GIN/0-4 (7/16.0/SYS) GIN/0-5 (7/16.0/SYS) GIN/0-6 (6/16.0/SYS) GIN/0-7 (6/16.0/SYS) GIN/0-8 (6/1.5/SYS) GIN/0-9 (6/1.5/SYS) GIN/0-a (6/1.5/SYS) GIN/0-b (6/1.5/SYS) GIN/0-c (7/16.0/SYS) GIN/0-d (7/16.0/SYS) 
gpu-nodes-2:1001:1001 [2] NCCL INFO GIN/0-4 :GPU/0-3000 (6/16.0/SYS) GPU/0-13000 (6/16.0/SYS) GPU/0-63000 (6/16.0/SYS) GPU/0-73000 (6/16.0/SYS) GPU/0-83000 (3/48.0/PIX) GPU/0-93000 (5/48.0/PHB) GPU/0-e3000 (5/48.0/PHB) GPU/0-f3000 (5/48.0/PHB) CPU/0-0 (4/16.0/SYS) CPU/0-1 (3/48.0/PHB) NET/0-0 (7/16.0/SYS) NET/0-1 (7/16.0/SYS) NET/0-2 (7/16.0/SYS) NET/0-3 (7/16.0/SYS) NET/0-4 (2/50.0/LOC) NET/0-5 (6/48.0/PHB) NET/0-6 (5/25.0/PHB) NET/0-7 (5/25.0/PHB) NET/0-e (5/48.0/PHB) NET/0-8 (5/1.5/PHB) NET/0-9 (5/1.5/PHB) NET/0-a (5/1.5/PHB) NET/0-b (5/1.5/PHB) NET/0-f (5/1.5/PHB) NET/0-c (6/48.0/PHB) NET/0-d (6/48.0/PHB) GIN/0-0 (7/16.0/SYS) GIN/0-1 (7/16.0/SYS) GIN/0-2 (7/16.0/SYS) GIN/0-3 (7/16.0/SYS) GIN/0-4 (0/5000.0/LOC) GIN/0-5 (6/48.0/PHB) GIN/0-6 (5/25.0/PHB) GIN/0-7 (5/25.0/PHB) GIN/0-8 (5/1.5/PHB) GIN/0-9 (5/1.5/PHB) GIN/0-a (5/1.5/PHB) GIN/0-b (5/1.5/PHB) GIN/0-c (6/48.0/PHB) GIN/0-d (6/48.0/PHB) 
gpu-nodes-2:1001:1001 [2] NCCL INFO GIN/0-5 :GPU/0-3000 (6/16.0/SYS) GPU/0-13000 (6/16.0/SYS) GPU/0-63000 (6/16.0/SYS) GPU/0-73000 (6/16.0/SYS) GPU/0-83000 (5/48.0/PHB) GPU/0-93000 (3/48.0/PIX) GPU/0-e3000 (5/48.0/PHB) GPU/0-f3000 (5/48.0/PHB) CPU/0-0 (4/16.0/SYS) CPU/0-1 (3/48.0/PHB) NET/0-0 (7/16.0/SYS) NET/0-1 (7/16.0/SYS) NET/0-2 (7/16.0/SYS) NET/0-3 (7/16.0/SYS) NET/0-4 (6/48.0/PHB) NET/0-5 (2/50.0/LOC) NET/0-6 (5/25.0/PHB) NET/0-7 (5/25.0/PHB) NET/0-e (5/48.0/PHB) NET/0-8 (5/1.5/PHB) NET/0-9 (5/1.5/PHB) NET/0-a (5/1.5/PHB) NET/0-b (5/1.5/PHB) NET/0-f (5/1.5/PHB) NET/0-c (6/48.0/PHB) NET/0-d (6/48.0/PHB) GIN/0-0 (7/16.0/SYS) GIN/0-1 (7/16.0/SYS) GIN/0-2 (7/16.0/SYS) GIN/0-3 (7/16.0/SYS) GIN/0-4 (6/48.0/PHB) GIN/0-5 (0/5000.0/LOC) GIN/0-6 (5/25.0/PHB) GIN/0-7 (5/25.0/PHB) GIN/0-8 (5/1.5/PHB) GIN/0-9 (5/1.5/PHB) GIN/0-a (5/1.5/PHB) GIN/0-b (5/1.5/PHB) GIN/0-c (6/48.0/PHB) GIN/0-d (6/48.0/PHB) 
gpu-nodes-2:1001:1001 [2] NCCL INFO GIN/0-6 :GPU/0-3000 (5/16.0/SYS) GPU/0-13000 (5/16.0/SYS) GPU/0-63000 (5/16.0/SYS) GPU/0-73000 (5/16.0/SYS) GPU/0-83000 (4/25.0/PHB) GPU/0-93000 (4/25.0/PHB) GPU/0-e3000 (4/25.0/PHB) GPU/0-f3000 (4/25.0/PHB) CPU/0-0 (3/16.0/SYS) CPU/0-1 (2/25.0/PHB) NET/0-0 (6/16.0/SYS) NET/0-1 (6/16.0/SYS) NET/0-2 (6/16.0/SYS) NET/0-3 (6/16.0/SYS) NET/0-4 (5/25.0/PHB) NET/0-5 (5/25.0/PHB) NET/0-6 (2/25.0/LOC) NET/0-7 (2/25.0/LOC) NET/0-e (2/25.0/LOC) NET/0-8 (4/1.5/PHB) NET/0-9 (4/1.5/PHB) NET/0-a (4/1.5/PHB) NET/0-b (4/1.5/PHB) NET/0-f (4/1.5/PHB) NET/0-c (5/25.0/PHB) NET/0-d (5/25.0/PHB) GIN/0-0 (6/16.0/SYS) GIN/0-1 (6/16.0/SYS) GIN/0-2 (6/16.0/SYS) GIN/0-3 (6/16.0/SYS) GIN/0-4 (5/25.0/PHB) GIN/0-5 (5/25.0/PHB) GIN/0-6 (0/5000.0/LOC) GIN/0-7 (2/25.0/LOC) GIN/0-8 (4/1.5/PHB) GIN/0-9 (4/1.5/PHB) GIN/0-a (4/1.5/PHB) GIN/0-b (4/1.5/PHB) GIN/0-c (5/25.0/PHB) GIN/0-d (5/25.0/PHB) 
gpu-nodes-2:1001:1001 [2] NCCL INFO GIN/0-7 :GPU/0-3000 (5/16.0/SYS) GPU/0-13000 (5/16.0/SYS) GPU/0-63000 (5/16.0/SYS) GPU/0-73000 (5/16.0/SYS) GPU/0-83000 (4/25.0/PHB) GPU/0-93000 (4/25.0/PHB) GPU/0-e3000 (4/25.0/PHB) GPU/0-f3000 (4/25.0/PHB) CPU/0-0 (3/16.0/SYS) CPU/0-1 (2/25.0/PHB) NET/0-0 (6/16.0/SYS) NET/0-1 (6/16.0/SYS) NET/0-2 (6/16.0/SYS) NET/0-3 (6/16.0/SYS) NET/0-4 (5/25.0/PHB) NET/0-5 (5/25.0/PHB) NET/0-6 (2/25.0/LOC) NET/0-7 (2/25.0/LOC) NET/0-e (2/25.0/LOC) NET/0-8 (4/1.5/PHB) NET/0-9 (4/1.5/PHB) NET/0-a (4/1.5/PHB) NET/0-b (4/1.5/PHB) NET/0-f (4/1.5/PHB) NET/0-c (5/25.0/PHB) NET/0-d (5/25.0/PHB) GIN/0-0 (6/16.0/SYS) GIN/0-1 (6/16.0/SYS) GIN/0-2 (6/16.0/SYS) GIN/0-3 (6/16.0/SYS) GIN/0-4 (5/25.0/PHB) GIN/0-5 (5/25.0/PHB) GIN/0-6 (2/25.0/LOC) GIN/0-7 (0/5000.0/LOC) GIN/0-8 (4/1.5/PHB) GIN/0-9 (4/1.5/PHB) GIN/0-a (4/1.5/PHB) GIN/0-b (4/1.5/PHB) GIN/0-c (5/25.0/PHB) GIN/0-d (5/25.0/PHB) 
gpu-nodes-2:1001:1001 [2] NCCL INFO GIN/0-8 :GPU/0-3000 (5/1.5/SYS) GPU/0-13000 (5/1.5/SYS) GPU/0-63000 (5/1.5/SYS) GPU/0-73000 (5/1.5/SYS) GPU/0-83000 (4/1.5/PHB) GPU/0-93000 (4/1.5/PHB) GPU/0-e3000 (4/1.5/PHB) GPU/0-f3000 (4/1.5/PHB) CPU/0-0 (3/1.5/SYS) CPU/0-1 (2/1.5/PHB) NET/0-0 (6/1.5/SYS) NET/0-1 (6/1.5/SYS) NET/0-2 (6/1.5/SYS) NET/0-3 (6/1.5/SYS) NET/0-4 (5/1.5/PHB) NET/0-5 (5/1.5/PHB) NET/0-6 (4/1.5/PHB) NET/0-7 (4/1.5/PHB) NET/0-e (4/1.5/PHB) NET/0-8 (2/12.5/LOC) NET/0-9 (2/12.5/LOC) NET/0-a (2/12.5/LOC) NET/0-b (2/12.5/LOC) NET/0-f (2/12.5/LOC) NET/0-c (5/1.5/PHB) NET/0-d (5/1.5/PHB) GIN/0-0 (6/1.5/SYS) GIN/0-1 (6/1.5/SYS) GIN/0-2 (6/1.5/SYS) GIN/0-3 (6/1.5/SYS) GIN/0-4 (5/1.5/PHB) GIN/0-5 (5/1.5/PHB) GIN/0-6 (4/1.5/PHB) GIN/0-7 (4/1.5/PHB) GIN/0-8 (0/5000.0/LOC) GIN/0-9 (2/12.5/LOC) GIN/0-a (2/12.5/LOC) GIN/0-b (2/12.5/LOC) GIN/0-c (5/1.5/PHB) GIN/0-d (5/1.5/PHB) 
gpu-nodes-2:1001:1001 [2] NCCL INFO GIN/0-9 :GPU/0-3000 (5/1.5/SYS) GPU/0-13000 (5/1.5/SYS) GPU/0-63000 (5/1.5/SYS) GPU/0-73000 (5/1.5/SYS) GPU/0-83000 (4/1.5/PHB) GPU/0-93000 (4/1.5/PHB) GPU/0-e3000 (4/1.5/PHB) GPU/0-f3000 (4/1.5/PHB) CPU/0-0 (3/1.5/SYS) CPU/0-1 (2/1.5/PHB) NET/0-0 (6/1.5/SYS) NET/0-1 (6/1.5/SYS) NET/0-2 (6/1.5/SYS) NET/0-3 (6/1.5/SYS) NET/0-4 (5/1.5/PHB) NET/0-5 (5/1.5/PHB) NET/0-6 (4/1.5/PHB) NET/0-7 (4/1.5/PHB) NET/0-e (4/1.5/PHB) NET/0-8 (2/12.5/LOC) NET/0-9 (2/12.5/LOC) NET/0-a (2/12.5/LOC) NET/0-b (2/12.5/LOC) NET/0-f (2/12.5/LOC) NET/0-c (5/1.5/PHB) NET/0-d (5/1.5/PHB) GIN/0-0 (6/1.5/SYS) GIN/0-1 (6/1.5/SYS) GIN/0-2 (6/1.5/SYS) GIN/0-3 (6/1.5/SYS) GIN/0-4 (5/1.5/PHB) GIN/0-5 (5/1.5/PHB) GIN/0-6 (4/1.5/PHB) GIN/0-7 (4/1.5/PHB) GIN/0-8 (2/12.5/LOC) GIN/0-9 (0/5000.0/LOC) GIN/0-a (2/12.5/LOC) GIN/0-b (2/12.5/LOC) GIN/0-c (5/1.5/PHB) GIN/0-d (5/1.5/PHB) 
gpu-nodes-2:1001:1001 [2] NCCL INFO GIN/0-a :GPU/0-3000 (5/1.5/SYS) GPU/0-13000 (5/1.5/SYS) GPU/0-63000 (5/1.5/SYS) GPU/0-73000 (5/1.5/SYS) GPU/0-83000 (4/1.5/PHB) GPU/0-93000 (4/1.5/PHB) GPU/0-e3000 (4/1.5/PHB) GPU/0-f3000 (4/1.5/PHB) CPU/0-0 (3/1.5/SYS) CPU/0-1 (2/1.5/PHB) NET/0-0 (6/1.5/SYS) NET/0-1 (6/1.5/SYS) NET/0-2 (6/1.5/SYS) NET/0-3 (6/1.5/SYS) NET/0-4 (5/1.5/PHB) NET/0-5 (5/1.5/PHB) NET/0-6 (4/1.5/PHB) NET/0-7 (4/1.5/PHB) NET/0-e (4/1.5/PHB) NET/0-8 (2/12.5/LOC) NET/0-9 (2/12.5/LOC) NET/0-a (2/12.5/LOC) NET/0-b (2/12.5/LOC) NET/0-f (2/12.5/LOC) NET/0-c (5/1.5/PHB) NET/0-d (5/1.5/PHB) GIN/0-0 (6/1.5/SYS) GIN/0-1 (6/1.5/SYS) GIN/0-2 (6/1.5/SYS) GIN/0-3 (6/1.5/SYS) GIN/0-4 (5/1.5/PHB) GIN/0-5 (5/1.5/PHB) GIN/0-6 (4/1.5/PHB) GIN/0-7 (4/1.5/PHB) GIN/0-8 (2/12.5/LOC) GIN/0-9 (2/12.5/LOC) GIN/0-a (0/5000.0/LOC) GIN/0-b (2/12.5/LOC) GIN/0-c (5/1.5/PHB) GIN/0-d (5/1.5/PHB) 
gpu-nodes-2:1001:1001 [2] NCCL INFO GIN/0-b :GPU/0-3000 (5/1.5/SYS) GPU/0-13000 (5/1.5/SYS) GPU/0-63000 (5/1.5/SYS) GPU/0-73000 (5/1.5/SYS) GPU/0-83000 (4/1.5/PHB) GPU/0-93000 (4/1.5/PHB) GPU/0-e3000 (4/1.5/PHB) GPU/0-f3000 (4/1.5/PHB) CPU/0-0 (3/1.5/SYS) CPU/0-1 (2/1.5/PHB) NET/0-0 (6/1.5/SYS) NET/0-1 (6/1.5/SYS) NET/0-2 (6/1.5/SYS) NET/0-3 (6/1.5/SYS) NET/0-4 (5/1.5/PHB) NET/0-5 (5/1.5/PHB) NET/0-6 (4/1.5/PHB) NET/0-7 (4/1.5/PHB) NET/0-e (4/1.5/PHB) NET/0-8 (2/12.5/LOC) NET/0-9 (2/12.5/LOC) NET/0-a (2/12.5/LOC) NET/0-b (2/12.5/LOC) NET/0-f (2/12.5/LOC) NET/0-c (5/1.5/PHB) NET/0-d (5/1.5/PHB) GIN/0-0 (6/1.5/SYS) GIN/0-1 (6/1.5/SYS) GIN/0-2 (6/1.5/SYS) GIN/0-3 (6/1.5/SYS) GIN/0-4 (5/1.5/PHB) GIN/0-5 (5/1.5/PHB) GIN/0-6 (4/1.5/PHB) GIN/0-7 (4/1.5/PHB) GIN/0-8 (2/12.5/LOC) GIN/0-9 (2/12.5/LOC) GIN/0-a (2/12.5/LOC) GIN/0-b (0/5000.0/LOC) GIN/0-c (5/1.5/PHB) GIN/0-d (5/1.5/PHB) 
gpu-nodes-2:1001:1001 [2] NCCL INFO GIN/0-c :GPU/0-3000 (6/16.0/SYS) GPU/0-13000 (6/16.0/SYS) GPU/0-63000 (6/16.0/SYS) GPU/0-73000 (6/16.0/SYS) GPU/0-83000 (5/48.0/PHB) GPU/0-93000 (5/48.0/PHB) GPU/0-e3000 (3/48.0/PIX) GPU/0-f3000 (5/48.0/PHB) CPU/0-0 (4/16.0/SYS) CPU/0-1 (3/48.0/PHB) NET/0-0 (7/16.0/SYS) NET/0-1 (7/16.0/SYS) NET/0-2 (7/16.0/SYS) NET/0-3 (7/16.0/SYS) NET/0-4 (6/48.0/PHB) NET/0-5 (6/48.0/PHB) NET/0-6 (5/25.0/PHB) NET/0-7 (5/25.0/PHB) NET/0-e (5/48.0/PHB) NET/0-8 (5/1.5/PHB) NET/0-9 (5/1.5/PHB) NET/0-a (5/1.5/PHB) NET/0-b (5/1.5/PHB) NET/0-f (5/1.5/PHB) NET/0-c (2/50.0/LOC) NET/0-d (6/48.0/PHB) GIN/0-0 (7/16.0/SYS) GIN/0-1 (7/16.0/SYS) GIN/0-2 (7/16.0/SYS) GIN/0-3 (7/16.0/SYS) GIN/0-4 (6/48.0/PHB) GIN/0-5 (6/48.0/PHB) GIN/0-6 (5/25.0/PHB) GIN/0-7 (5/25.0/PHB) GIN/0-8 (5/1.5/PHB) GIN/0-9 (5/1.5/PHB) GIN/0-a (5/1.5/PHB) GIN/0-b (5/1.5/PHB) GIN/0-c (0/5000.0/LOC) GIN/0-d (6/48.0/PHB) 
gpu-nodes-2:1001:1001 [2] NCCL INFO GIN/0-d :GPU/0-3000 (6/16.0/SYS) GPU/0-13000 (6/16.0/SYS) GPU/0-63000 (6/16.0/SYS) GPU/0-73000 (6/16.0/SYS) GPU/0-83000 (5/48.0/PHB) GPU/0-93000 (5/48.0/PHB) GPU/0-e3000 (5/48.0/PHB) GPU/0-f3000 (3/48.0/PIX) CPU/0-0 (4/16.0/SYS) CPU/0-1 (3/48.0/PHB) NET/0-0 (7/16.0/SYS) NET/0-1 (7/16.0/SYS) NET/0-2 (7/16.0/SYS) NET/0-3 (7/16.0/SYS) NET/0-4 (6/48.0/PHB) NET/0-5 (6/48.0/PHB) NET/0-6 (5/25.0/PHB) NET/0-7 (5/25.0/PHB) NET/0-e (5/48.0/PHB) NET/0-8 (5/1.5/PHB) NET/0-9 (5/1.5/PHB) NET/0-a (5/1.5/PHB) NET/0-b (5/1.5/PHB) NET/0-f (5/1.5/PHB) NET/0-c (6/48.0/PHB) NET/0-d (2/50.0/LOC) GIN/0-0 (7/16.0/SYS) GIN/0-1 (7/16.0/SYS) GIN/0-2 (7/16.0/SYS) GIN/0-3 (7/16.0/SYS) GIN/0-4 (6/48.0/PHB) GIN/0-5 (6/48.0/PHB) GIN/0-6 (5/25.0/PHB) GIN/0-7 (5/25.0/PHB) GIN/0-8 (5/1.5/PHB) GIN/0-9 (5/1.5/PHB) GIN/0-a (5/1.5/PHB) GIN/0-b (5/1.5/PHB) GIN/0-c (6/48.0/PHB) GIN/0-d (0/5000.0/LOC) 
gpu-nodes-2:1001:1001 [2] NCCL INFO ncclTopoGetCpuAffinity: Affinity for GPU 2 is 0-63,128-191. (GPU affinity = 0-63,128-191 ; CPU affinity = 0-63,128-191).
gpu-nodes-2:1001:1001 [2] NCCL INFO Pattern 4, crossNic 0, nChannels 8, bw 48.000000/48.000000, type NVL/PXN, sameChannels 0
gpu-nodes-2:1001:1001 [2] NCCL INFO  0 : NET/0-0 GPU/0-3000 GPU/0-f3000 GPU/0-e3000 GPU/0-93000 GPU/0-83000 GPU/0-73000 GPU/0-63000 GPU/0-13000 NET/0-0
gpu-nodes-2:1001:1001 [2] NCCL INFO  1 : NET/0-1 GPU/0-13000 GPU/0-3000 GPU/0-f3000 GPU/0-e3000 GPU/0-93000 GPU/0-83000 GPU/0-73000 GPU/0-63000 NET/0-1
gpu-nodes-2:1001:1001 [2] NCCL INFO  2 : NET/0-2 GPU/0-63000 GPU/0-13000 GPU/0-3000 GPU/0-f3000 GPU/0-e3000 GPU/0-93000 GPU/0-83000 GPU/0-73000 NET/0-2
gpu-nodes-2:1001:1001 [2] NCCL INFO  3 : NET/0-3 GPU/0-73000 GPU/0-63000 GPU/0-13000 GPU/0-3000 GPU/0-f3000 GPU/0-e3000 GPU/0-93000 GPU/0-83000 NET/0-3
gpu-nodes-2:1001:1001 [2] NCCL INFO  4 : NET/0-4 GPU/0-83000 GPU/0-73000 GPU/0-63000 GPU/0-13000 GPU/0-3000 GPU/0-f3000 GPU/0-e3000 GPU/0-93000 NET/0-4
gpu-nodes-2:1001:1001 [2] NCCL INFO  5 : NET/0-5 GPU/0-93000 GPU/0-83000 GPU/0-73000 GPU/0-63000 GPU/0-13000 GPU/0-3000 GPU/0-f3000 GPU/0-e3000 NET/0-5
gpu-nodes-2:1001:1001 [2] NCCL INFO  6 : NET/0-c GPU/0-e3000 GPU/0-93000 GPU/0-83000 GPU/0-73000 GPU/0-63000 GPU/0-13000 GPU/0-3000 GPU/0-f3000 NET/0-c
gpu-nodes-2:1001:1001 [2] NCCL INFO  7 : NET/0-d GPU/0-f3000 GPU/0-e3000 GPU/0-93000 GPU/0-83000 GPU/0-73000 GPU/0-63000 GPU/0-13000 GPU/0-3000 NET/0-d
gpu-nodes-2:1001:1001 [2] NCCL INFO Pattern 3, crossNic 0, nChannels 8, bw 96.000000/48.000000, type NVL/PIX, sameChannels 0
gpu-nodes-2:1001:1001 [2] NCCL INFO  0 : NET/0-0 GPU/0-3000 GPU/0-13000 GPU/0-63000 GPU/0-73000 GPU/0-83000 GPU/0-93000 GPU/0-e3000 GPU/0-f3000 NET/0-0
gpu-nodes-2:1001:1001 [2] NCCL INFO  1 : NET/0-1 GPU/0-13000 GPU/0-63000 GPU/0-73000 GPU/0-83000 GPU/0-93000 GPU/0-e3000 GPU/0-f3000 GPU/0-3000 NET/0-1
gpu-nodes-2:1001:1001 [2] NCCL INFO  2 : NET/0-2 GPU/0-63000 GPU/0-73000 GPU/0-83000 GPU/0-93000 GPU/0-e3000 GPU/0-f3000 GPU/0-3000 GPU/0-13000 NET/0-2
gpu-nodes-2:1001:1001 [2] NCCL INFO  3 : NET/0-3 GPU/0-73000 GPU/0-83000 GPU/0-93000 GPU/0-e3000 GPU/0-f3000 GPU/0-3000 GPU/0-13000 GPU/0-63000 NET/0-3
gpu-nodes-2:1001:1001 [2] NCCL INFO  4 : NET/0-4 GPU/0-83000 GPU/0-93000 GPU/0-e3000 GPU/0-f3000 GPU/0-3000 GPU/0-13000 GPU/0-63000 GPU/0-73000 NET/0-4
gpu-nodes-2:1001:1001 [2] NCCL INFO  5 : NET/0-5 GPU/0-93000 GPU/0-e3000 GPU/0-f3000 GPU/0-3000 GPU/0-13000 GPU/0-63000 GPU/0-73000 GPU/0-83000 NET/0-5
gpu-nodes-2:1001:1001 [2] NCCL INFO  6 : NET/0-c GPU/0-e3000 GPU/0-f3000 GPU/0-3000 GPU/0-13000 GPU/0-63000 GPU/0-73000 GPU/0-83000 GPU/0-93000 NET/0-c
gpu-nodes-2:1001:1001 [2] NCCL INFO  7 : NET/0-d GPU/0-f3000 GPU/0-3000 GPU/0-13000 GPU/0-63000 GPU/0-73000 GPU/0-83000 GPU/0-93000 GPU/0-e3000 NET/0-d
gpu-nodes-2:1001:1001 [2] NCCL INFO comm 0x72239010 rank 10 nRanks 16 nNodes 2 localRanks 8 localRank 2 MNNVL 0
gpu-nodes-2:1001:1001 [2] NCCL INFO Tree 2 : 2 -> 10 -> 11/-1/-1
gpu-nodes-2:1001:1001 [2] NCCL INFO Tree 10 : -1 -> 10 -> 11/2/-1
gpu-nodes-2:1001:1001 [2] NCCL INFO Ring 00 : 11 -> 10 -> 9
gpu-nodes-2:1001:1001 [2] NCCL INFO Ring 01 : 11 -> 10 -> 1
gpu-nodes-2:1001:1001 [2] NCCL INFO Ring 02 : 3 -> 10 -> 9
gpu-nodes-2:1001:1001 [2] NCCL INFO Ring 03 : 11 -> 10 -> 9
gpu-nodes-2:1001:1001 [2] NCCL INFO Ring 04 : 11 -> 10 -> 9
gpu-nodes-2:1001:1001 [2] NCCL INFO Ring 05 : 11 -> 10 -> 9
gpu-nodes-2:1001:1001 [2] NCCL INFO Ring 06 : 11 -> 10 -> 9
gpu-nodes-2:1001:1001 [2] NCCL INFO Ring 07 : 11 -> 10 -> 9
gpu-nodes-2:1001:1001 [2] NCCL INFO Ring 08 : 11 -> 10 -> 9
gpu-nodes-2:1001:1001 [2] NCCL INFO Ring 09 : 11 -> 10 -> 1
gpu-nodes-2:1001:1001 [2] NCCL INFO Ring 10 : 3 -> 10 -> 9
gpu-nodes-2:1001:1001 [2] NCCL INFO Ring 11 : 11 -> 10 -> 9
gpu-nodes-2:1001:1001 [2] NCCL INFO Ring 12 : 11 -> 10 -> 9
gpu-nodes-2:1001:1001 [2] NCCL INFO Ring 13 : 11 -> 10 -> 9
gpu-nodes-2:1001:1001 [2] NCCL INFO Ring 14 : 11 -> 10 -> 9
gpu-nodes-2:1001:1001 [2] NCCL INFO Ring 15 : 11 -> 10 -> 9
gpu-nodes-2:1001:1001 [2] NCCL INFO Trees [0] 11/-1/-1->10->9 [1] 11/-1/-1->10->9 [2] 11/-1/-1->10->2 [3] -1/-1/-1->10->9 [4] 11/-1/-1->10->9 [5] 11/-1/-1->10->9 [6] 11/-1/-1->10->9 [7] 11/-1/-1->10->9 [8] 11/-1/-1->10->9 [9] 11/-1/-1->10->9 [10] 11/2/-1->10->-1 [11] -1/-1/-1->10->9 [12] 11/-1/-1->10->9 [13] 11/-1/-1->10->9 [14] 11/-1/-1->10->9 [15] 11/-1/-1->10->9
gpu-nodes-2:1001:1001 [2] NCCL INFO P2P Chunksize set to 131072
gpu-nodes-2:1001:1001 [2] NCCL INFO Check P2P Type isAllDirectP2p 1 directMode 0 isAllCudaP2p 1
gpu-nodes-2:1001:1850 [0] NCCL INFO [Proxy Service] Device 2 CPU core 137
gpu-nodes-2:1001:1001 [2] NCCL INFO ncclP2pSchedule: group size used is 8
gpu-nodes-2:1001:1853 [0] NCCL INFO [Proxy Service UDS] Device 2 CPU core 8
gpu-nodes-2:1001:1001 [2] NCCL INFO GPU Direct RDMA Enabled for GPU/0-405504 (rank 10) - NET/0-2 (distance 4 <= 6, read 0, mode Default)
gpu-nodes-2:1001:1850 [2] NCCL INFO New proxy recv connection 0 from local rank 2, transport 2
gpu-nodes-2:1001:1866 [0] NCCL INFO [Proxy Progress] Device 2 CPU core 60
gpu-nodes-2:1001:1001 [2] NCCL INFO Connected to proxy localRank 2 -> connection 0x7e7ce800bfb0
gpu-nodes-2:1001:1001 [2] NCCL INFO Channel 02/0 : 3[3] -> 10[2] [receive] via NET/IB/2/GDRDMA
gpu-nodes-2:1001:1001 [2] NCCL INFO GPU Direct RDMA Enabled for GPU/0-405504 (rank 10) - NET/0-2 (distance 4 <= 6, read 0, mode Default)
gpu-nodes-2:1001:1850 [2] NCCL INFO New proxy recv connection 1 from local rank 2, transport 2
gpu-nodes-2:1001:1001 [2] NCCL INFO Connected to proxy localRank 2 -> connection 0x7e7ce800c038
gpu-nodes-2:1001:1850 [2] NCCL INFO New proxy send connection 2 from local rank 3, transport 2
gpu-nodes-2:1001:1001 [2] NCCL INFO Channel 10/0 : 3[3] -> 10[2] [receive] via NET/IB/2/GDRDMA
gpu-nodes-2:1001:1001 [2] NCCL INFO GPU Direct RDMA Enabled for GPU/0-405504 (rank 10) - NET/0-1 ( using PXN via GPU/0-77824, distance 4 <= 6, read 1, mode Default)
gpu-nodes-2:1001:1850 [2] NCCL INFO New proxy send connection 3 from local rank 3, transport 2
gpu-nodes-2:1001:1001 [2] NCCL INFO Connected to proxy localRank 1 -> connection 0x7e48a0008588
gpu-nodes-2:1001:1001 [2] NCCL INFO Channel 01/0 : 10[2] -> 1[1] [send] via NET/IB/1(9)/GDRDMA
gpu-nodes-2:1001:1001 [2] NCCL INFO GPU Direct RDMA Enabled for GPU/0-405504 (rank 10) - NET/0-1 ( using PXN via GPU/0-77824, distance 4 <= 6, read 1, mode Default)
gpu-nodes-2:1001:1001 [2] NCCL INFO Connected to proxy localRank 1 -> connection 0x7e48a0008698
gpu-nodes-2:1001:1001 [2] NCCL INFO Channel 09/0 : 10[2] -> 1[1] [send] via NET/IB/1(9)/GDRDMA
gpu-nodes-2:1001:1850 [2] NCCL INFO New proxy recv connection 4 from local rank 2, transport 0
gpu-nodes-2:1001:1001 [2] NCCL INFO Connected to proxy localRank 2 -> connection 0x7e7ce800c1d0
gpu-nodes-2:1001:1850 [2] NCCL INFO New proxy recv connection 5 from local rank 2, transport 0
gpu-nodes-2:1001:1001 [2] NCCL INFO Connected to proxy localRank 2 -> connection 0x7e7ce800c258
gpu-nodes-2:1001:1850 [2] NCCL INFO New proxy recv connection 6 from local rank 2, transport 0
gpu-nodes-2:1001:1001 [2] NCCL INFO Connected to proxy localRank 2 -> connection 0x7e7ce800c2e0
gpu-nodes-2:1001:1850 [2] NCCL INFO New proxy recv connection 7 from local rank 2, transport 0
gpu-nodes-2:1001:1001 [2] NCCL INFO Connected to proxy localRank 2 -> connection 0x7e7ce800c368
gpu-nodes-2:1001:1850 [2] NCCL INFO New proxy recv connection 8 from local rank 2, transport 0
gpu-nodes-2:1001:1001 [2] NCCL INFO Connected to proxy localRank 2 -> connection 0x7e7ce800c3f0
gpu-nodes-2:1001:1850 [2] NCCL INFO New proxy recv connection 9 from local rank 2, transport 0
gpu-nodes-2:1001:1001 [2] NCCL INFO Connected to proxy localRank 2 -> connection 0x7e7ce800c478
gpu-nodes-2:1001:1850 [2] NCCL INFO New proxy recv connection 10 from local rank 2, transport 0
gpu-nodes-2:1001:1001 [2] NCCL INFO Connected to proxy localRank 2 -> connection 0x7e7ce800c500
gpu-nodes-2:1001:1850 [2] NCCL INFO New proxy recv connection 11 from local rank 2, transport 0
gpu-nodes-2:1001:1001 [2] NCCL INFO Connected to proxy localRank 2 -> connection 0x7e7ce800c588
gpu-nodes-2:1001:1850 [2] NCCL INFO New proxy recv connection 12 from local rank 2, transport 0
gpu-nodes-2:1001:1001 [2] NCCL INFO Connected to proxy localRank 2 -> connection 0x7e7ce800c610
gpu-nodes-2:1001:1850 [2] NCCL INFO New proxy recv connection 13 from local rank 2, transport 0
gpu-nodes-2:1001:1001 [2] NCCL INFO Connected to proxy localRank 2 -> connection 0x7e7ce800c698
gpu-nodes-2:1001:1850 [2] NCCL INFO New proxy recv connection 14 from local rank 2, transport 0
gpu-nodes-2:1001:1001 [2] NCCL INFO Connected to proxy localRank 2 -> connection 0x7e7ce800c720
gpu-nodes-2:1001:1850 [2] NCCL INFO New proxy recv connection 15 from local rank 2, transport 0
gpu-nodes-2:1001:1001 [2] NCCL INFO Connected to proxy localRank 2 -> connection 0x7e7ce800c7a8
gpu-nodes-2:1001:1850 [2] NCCL INFO New proxy recv connection 16 from local rank 2, transport 0
gpu-nodes-2:1001:1001 [2] NCCL INFO Connected to proxy localRank 2 -> connection 0x7e7ce800c830
gpu-nodes-2:1001:1850 [2] NCCL INFO New proxy recv connection 17 from local rank 2, transport 0
gpu-nodes-2:1001:1001 [2] NCCL INFO Connected to proxy localRank 2 -> connection 0x7e7ce800c8b8
gpu-nodes-2:1001:1001 [2] NCCL INFO Channel 00/0 : 10[2] -> 9[1] via P2P/IPC
gpu-nodes-2:1001:1850 [2] NCCL INFO New proxy send connection 18 from local rank 2, transport 0
gpu-nodes-2:1001:1001 [2] NCCL INFO Connected to proxy localRank 2 -> connection 0x7e7ce800c940
gpu-nodes-2:1001:1001 [2] NCCL INFO Channel 02/0 : 10[2] -> 9[1] via P2P/IPC
gpu-nodes-2:1001:1850 [2] NCCL INFO New proxy send connection 19 from local rank 2, transport 0
gpu-nodes-2:1001:1001 [2] NCCL INFO Connected to proxy localRank 2 -> connection 0x7e7ce800c9c8
gpu-nodes-2:1001:1001 [2] NCCL INFO Channel 03/0 : 10[2] -> 9[1] via P2P/IPC
gpu-nodes-2:1001:1850 [2] NCCL INFO New proxy send connection 20 from local rank 2, transport 0
gpu-nodes-2:1001:1001 [2] NCCL INFO Connected to proxy localRank 2 -> connection 0x7e7ce800ca50
gpu-nodes-2:1001:1001 [2] NCCL INFO Channel 04/0 : 10[2] -> 9[1] via P2P/IPC
gpu-nodes-2:1001:1850 [2] NCCL INFO New proxy send connection 21 from local rank 2, transport 0
gpu-nodes-2:1001:1001 [2] NCCL INFO Connected to proxy localRank 2 -> connection 0x7e7ce800cad8
gpu-nodes-2:1001:1001 [2] NCCL INFO Channel 05/0 : 10[2] -> 9[1] via P2P/IPC
gpu-nodes-2:1001:1850 [2] NCCL INFO New proxy send connection 22 from local rank 2, transport 0
gpu-nodes-2:1001:1001 [2] NCCL INFO Connected to proxy localRank 2 -> connection 0x7e7ce800cb60
gpu-nodes-2:1001:1001 [2] NCCL INFO Channel 06/0 : 10[2] -> 9[1] via P2P/IPC
gpu-nodes-2:1001:1850 [2] NCCL INFO New proxy send connection 23 from local rank 2, transport 0
gpu-nodes-2:1001:1001 [2] NCCL INFO Connected to proxy localRank 2 -> connection 0x7e7ce800cbe8
gpu-nodes-2:1001:1001 [2] NCCL INFO Channel 07/0 : 10[2] -> 9[1] via P2P/IPC
gpu-nodes-2:1001:1850 [2] NCCL INFO New proxy send connection 24 from local rank 2, transport 0
gpu-nodes-2:1001:1001 [2] NCCL INFO Connected to proxy localRank 2 -> connection 0x7e7ce800cc70
gpu-nodes-2:1001:1001 [2] NCCL INFO Channel 08/0 : 10[2] -> 9[1] via P2P/IPC
gpu-nodes-2:1001:1850 [2] NCCL INFO New proxy send connection 25 from local rank 2, transport 0
gpu-nodes-2:1001:1001 [2] NCCL INFO Connected to proxy localRank 2 -> connection 0x7e7ce800ccf8
gpu-nodes-2:1001:1001 [2] NCCL INFO Channel 10/0 : 10[2] -> 9[1] via P2P/IPC
gpu-nodes-2:1001:1850 [2] NCCL INFO New proxy send connection 26 from local rank 2, transport 0
gpu-nodes-2:1001:1001 [2] NCCL INFO Connected to proxy localRank 2 -> connection 0x7e7ce800cd80
gpu-nodes-2:1001:1001 [2] NCCL INFO Channel 11/0 : 10[2] -> 9[1] via P2P/IPC
gpu-nodes-2:1001:1850 [2] NCCL INFO New proxy send connection 27 from local rank 2, transport 0
gpu-nodes-2:1001:1001 [2] NCCL INFO Connected to proxy localRank 2 -> connection 0x7e7ce800ce08
gpu-nodes-2:1001:1001 [2] NCCL INFO Channel 12/0 : 10[2] -> 9[1] via P2P/IPC
gpu-nodes-2:1001:1850 [2] NCCL INFO New proxy send connection 28 from local rank 2, transport 0
gpu-nodes-2:1001:1001 [2] NCCL INFO Connected to proxy localRank 2 -> connection 0x7e7ce800ce90
gpu-nodes-2:1001:1001 [2] NCCL INFO Channel 13/0 : 10[2] -> 9[1] via P2P/IPC
gpu-nodes-2:1001:1850 [2] NCCL INFO New proxy send connection 29 from local rank 2, transport 0
gpu-nodes-2:1001:1001 [2] NCCL INFO Connected to proxy localRank 2 -> connection 0x7e7ce800cf18
gpu-nodes-2:1001:1001 [2] NCCL INFO Channel 14/0 : 10[2] -> 9[1] via P2P/IPC
gpu-nodes-2:1001:1850 [2] NCCL INFO New proxy send connection 30 from local rank 2, transport 0
gpu-nodes-2:1001:1001 [2] NCCL INFO Connected to proxy localRank 2 -> connection 0x7e7ce800cfa0
gpu-nodes-2:1001:1001 [2] NCCL INFO Channel 15/0 : 10[2] -> 9[1] via P2P/IPC
gpu-nodes-2:1001:1850 [2] NCCL INFO New proxy send connection 31 from local rank 2, transport 0
gpu-nodes-2:1001:1001 [2] NCCL INFO Connected to proxy localRank 2 -> connection 0x7e7ce800d028
gpu-nodes-2:1001:1850 [2] NCCL INFO NET/IB: ncclIbResiliencyInit: Resiliency is disabled on the send communicator (comm=0x7e7ce8025000)
gpu-nodes-2:1001:1850 [2] NCCL INFO NET/IB: ncclIbResiliencyInit: Resiliency is disabled on the send communicator (comm=0x7e7ce8060000)
gpu-nodes-2:1001:1850 [2] NCCL INFO NET/IB: ncclIbResiliencyInit: Resiliency is disabled on the recv communicator (comm=0x7e7ce809b000)
gpu-nodes-2:1001:1850 [2] NCCL INFO NET/IB: ncclIbRecvCommInit: Receive work requests will be posted on-demand
gpu-nodes-2:1001:1850 [2] NCCL INFO NET/IB: ncclIbResiliencyInit: Resiliency is disabled on the recv communicator (comm=0x7e7ce80da000)
gpu-nodes-2:1001:1850 [2] NCCL INFO NET/IB: ncclIbRecvCommInit: Receive work requests will be posted on-demand
gpu-nodes-2:1001:1850 [2] NCCL INFO NET/IB: ncclIbReceiverQpsCreateToRts: QP created: port=1 dev=2 devName=mlx5_2 ndevs=14 nmdevs=16 qp_num=456 pkey=0 pd=0x7e7f98024cb0
gpu-nodes-2:1001:1850 [2] NCCL INFO NET/IB: ncclIbReceiverQpsCreateToRts: QP created: port=1 dev=2 devName=mlx5_2 ndevs=14 nmdevs=16 qp_num=457 pkey=0 pd=0x7e7f98024cb0
gpu-nodes-2:1001:1850 [2] NCCL INFO NET/IB: ncclIbReceiverQpsCreateToRts: QP created: port=1 dev=2 devName=mlx5_2 ndevs=14 nmdevs=16 qp_num=458 pkey=0 pd=0x7e7f98024cb0
gpu-nodes-2:1001:1850 [2] NCCL INFO NET/IB: ncclIbReceiverQpsCreateToRts: QP created: port=1 dev=2 devName=mlx5_2 ndevs=14 nmdevs=16 qp_num=459 pkey=0 pd=0x7e7f98024cb0
gpu-nodes-2:1001:1850 [2] NCCL INFO NET/IB: ncclIbSenderQpsCreate: QP created: port=1 dev=2 devName=mlx5_2 ndevs=14 nmdevs=16 qp_num=460 pkey=0 pd=0x7e7f98024cb0
gpu-nodes-2:1001:1850 [2] NCCL INFO NET/IB: ncclIbConnect: NCCL Dev 2 IbDev 2 Port 1 qp_num 460 mtu 5 LID 72 subnet-prefix 33022  FLID 0 ctsFifoRkey=0x166220 ctsFifoLkey=0x166220
gpu-nodes-2:1001:1850 [2] NCCL INFO NET/IB: ncclIbConnect: IbDev 2 Port 1 qp_num 460 query_ece={supported=1, vendor_id=0x15b3, options=0x30000200, comp_mask=0x0}
gpu-nodes-2:1001:1850 [2] NCCL INFO NET/IB: ncclIbSenderQpsCreate: QP created: port=1 dev=2 devName=mlx5_2 ndevs=14 nmdevs=16 qp_num=461 pkey=0 pd=0x7e7f98024cb0
gpu-nodes-2:1001:1850 [2] NCCL INFO NET/IB: ncclIbConnect: NCCL Dev 2 IbDev 2 Port 1 qp_num 461 mtu 5 LID 72 subnet-prefix 33022  FLID 0 ctsFifoRkey=0x16a868 ctsFifoLkey=0x16a868
gpu-nodes-2:1001:1850 [2] NCCL INFO NET/IB: ncclIbConnect: IbDev 2 Port 1 qp_num 461 query_ece={supported=1, vendor_id=0x15b3, options=0x30000200, comp_mask=0x0}
gpu-nodes-2:1001:1850 [2] NCCL INFO NET/IB: ncclIbSenderQpsToRts: Set ECE: IbDev 2 Port 1 qp_num 460 set_ece={supported=1, vendor_id=0x15b3, options=0x30000200, comp_mask=0x0}
gpu-nodes-2:1001:1850 [2] NCCL INFO NET/IB: ncclIbSenderQpsToRts: Set ECE: IbDev 2 Port 1 qp_num 461 set_ece={supported=1, vendor_id=0x15b3, options=0x30000200, comp_mask=0x0}
gpu-nodes-2:1001:1001 [2] NCCL INFO Connected all rings, use ring PXN 1 GDR 1
gpu-nodes-2:1001:1850 [2] NCCL INFO New proxy recv connection 32 from local rank 2, transport 0
gpu-nodes-2:1001:1001 [2] NCCL INFO Connected to proxy localRank 2 -> connection 0x7e7ce800d0b0
gpu-nodes-2:1001:1850 [2] NCCL INFO New proxy recv connection 33 from local rank 2, transport 0
gpu-nodes-2:1001:1001 [2] NCCL INFO Connected to proxy localRank 2 -> connection 0x7e7ce800d138
gpu-nodes-2:1001:1850 [2] NCCL INFO New proxy recv connection 34 from local rank 2, transport 0
gpu-nodes-2:1001:1001 [2] NCCL INFO Connected to proxy localRank 2 -> connection 0x7e7ce800d1c0
gpu-nodes-2:1001:1850 [2] NCCL INFO New proxy recv connection 35 from local rank 2, transport 0
gpu-nodes-2:1001:1001 [2] NCCL INFO Connected to proxy localRank 2 -> connection 0x7e7ce800d248
gpu-nodes-2:1001:1850 [2] NCCL INFO New proxy recv connection 36 from local rank 2, transport 0
gpu-nodes-2:1001:1001 [2] NCCL INFO Connected to proxy localRank 2 -> connection 0x7e7ce800d2d0
gpu-nodes-2:1001:1850 [2] NCCL INFO New proxy recv connection 37 from local rank 2, transport 0
gpu-nodes-2:1001:1001 [2] NCCL INFO Connected to proxy localRank 2 -> connection 0x7e7ce800d358
gpu-nodes-2:1001:1850 [2] NCCL INFO New proxy recv connection 38 from local rank 2, transport 0
gpu-nodes-2:1001:1001 [2] NCCL INFO Connected to proxy localRank 2 -> connection 0x7e7ce800d3e0
gpu-nodes-2:1001:1850 [2] NCCL INFO New proxy recv connection 39 from local rank 2, transport 0
gpu-nodes-2:1001:1001 [2] NCCL INFO Connected to proxy localRank 2 -> connection 0x7e7ce800d468
gpu-nodes-2:1001:1850 [2] NCCL INFO New proxy recv connection 40 from local rank 2, transport 0
gpu-nodes-2:1001:1001 [2] NCCL INFO Connected to proxy localRank 2 -> connection 0x7e7ce800d4f0
gpu-nodes-2:1001:1850 [2] NCCL INFO New proxy recv connection 41 from local rank 2, transport 0
gpu-nodes-2:1001:1001 [2] NCCL INFO Connected to proxy localRank 2 -> connection 0x7e7ce800d578
gpu-nodes-2:1001:1850 [2] NCCL INFO New proxy recv connection 42 from local rank 2, transport 0
gpu-nodes-2:1001:1001 [2] NCCL INFO Connected to proxy localRank 2 -> connection 0x7e7ce800d600
gpu-nodes-2:1001:1850 [2] NCCL INFO New proxy recv connection 43 from local rank 2, transport 0
gpu-nodes-2:1001:1001 [2] NCCL INFO Connected to proxy localRank 2 -> connection 0x7e7ce800d688
gpu-nodes-2:1001:1850 [2] NCCL INFO New proxy recv connection 44 from local rank 2, transport 0
gpu-nodes-2:1001:1001 [2] NCCL INFO Connected to proxy localRank 2 -> connection 0x7e7ce800d710
gpu-nodes-2:1001:1850 [2] NCCL INFO New proxy recv connection 45 from local rank 2, transport 0
gpu-nodes-2:1001:1001 [2] NCCL INFO Connected to proxy localRank 2 -> connection 0x7e7ce800d798
gpu-nodes-2:1001:1001 [2] NCCL INFO Channel 00/0 : 10[2] -> 11[3] via P2P/IPC
gpu-nodes-2:1001:1850 [2] NCCL INFO New proxy send connection 46 from local rank 2, transport 0
gpu-nodes-2:1001:1001 [2] NCCL INFO Connected to proxy localRank 2 -> connection 0x7e7ce800d820
gpu-nodes-2:1001:1001 [2] NCCL INFO Channel 01/0 : 10[2] -> 11[3] via P2P/IPC
gpu-nodes-2:1001:1850 [2] NCCL INFO New proxy send connection 47 from local rank 2, transport 0
gpu-nodes-2:1001:1001 [2] NCCL INFO Connected to proxy localRank 2 -> connection 0x7e7ce800d8a8
gpu-nodes-2:1001:1001 [2] NCCL INFO Channel 02/0 : 10[2] -> 11[3] via P2P/IPC
gpu-nodes-2:1001:1850 [2] NCCL INFO New proxy send connection 48 from local rank 2, transport 0
gpu-nodes-2:1001:1001 [2] NCCL INFO Connected to proxy localRank 2 -> connection 0x7e7ce800d930
gpu-nodes-2:1001:1001 [2] NCCL INFO Channel 04/0 : 10[2] -> 11[3] via P2P/IPC
gpu-nodes-2:1001:1850 [2] NCCL INFO New proxy send connection 49 from local rank 2, transport 0
gpu-nodes-2:1001:1001 [2] NCCL INFO Connected to proxy localRank 2 -> connection 0x7e7ce800d9b8
gpu-nodes-2:1001:1001 [2] NCCL INFO Channel 05/0 : 10[2] -> 11[3] via P2P/IPC
gpu-nodes-2:1001:1850 [2] NCCL INFO New proxy send connection 50 from local rank 2, transport 0
gpu-nodes-2:1001:1001 [2] NCCL INFO Connected to proxy localRank 2 -> connection 0x7e7ce800da40
gpu-nodes-2:1001:1001 [2] NCCL INFO Channel 06/0 : 10[2] -> 11[3] via P2P/IPC
gpu-nodes-2:1001:1850 [2] NCCL INFO New proxy send connection 51 from local rank 2, transport 0
gpu-nodes-2:1001:1001 [2] NCCL INFO Connected to proxy localRank 2 -> connection 0x7e7ce800dac8
gpu-nodes-2:1001:1001 [2] NCCL INFO Channel 07/0 : 10[2] -> 11[3] via P2P/IPC
gpu-nodes-2:1001:1850 [2] NCCL INFO New proxy send connection 52 from local rank 2, transport 0
gpu-nodes-2:1001:1001 [2] NCCL INFO Connected to proxy localRank 2 -> connection 0x7e7ce800db50
gpu-nodes-2:1001:1001 [2] NCCL INFO Channel 08/0 : 10[2] -> 11[3] via P2P/IPC
gpu-nodes-2:1001:1850 [2] NCCL INFO New proxy send connection 53 from local rank 2, transport 0
gpu-nodes-2:1001:1001 [2] NCCL INFO Connected to proxy localRank 2 -> connection 0x7e7ce800dbd8
gpu-nodes-2:1001:1001 [2] NCCL INFO Channel 09/0 : 10[2] -> 11[3] via P2P/IPC
gpu-nodes-2:1001:1850 [2] NCCL INFO New proxy send connection 54 from local rank 2, transport 0
gpu-nodes-2:1001:1001 [2] NCCL INFO Connected to proxy localRank 2 -> connection 0x7e7ce800dc60
gpu-nodes-2:1001:1001 [2] NCCL INFO Channel 10/0 : 10[2] -> 11[3] via P2P/IPC
gpu-nodes-2:1001:1850 [2] NCCL INFO New proxy send connection 55 from local rank 2, transport 0
gpu-nodes-2:1001:1001 [2] NCCL INFO Connected to proxy localRank 2 -> connection 0x7e7ce800dce8
gpu-nodes-2:1001:1001 [2] NCCL INFO Channel 12/0 : 10[2] -> 11[3] via P2P/IPC
gpu-nodes-2:1001:1850 [2] NCCL INFO New proxy send connection 56 from local rank 2, transport 0
gpu-nodes-2:1001:1001 [2] NCCL INFO Connected to proxy localRank 2 -> connection 0x7e7ce800dd70
gpu-nodes-2:1001:1001 [2] NCCL INFO Channel 13/0 : 10[2] -> 11[3] via P2P/IPC
gpu-nodes-2:1001:1850 [2] NCCL INFO New proxy send connection 57 from local rank 2, transport 0
gpu-nodes-2:1001:1001 [2] NCCL INFO Connected to proxy localRank 2 -> connection 0x7e7ce800ddf8
gpu-nodes-2:1001:1001 [2] NCCL INFO Channel 14/0 : 10[2] -> 11[3] via P2P/IPC
gpu-nodes-2:1001:1850 [2] NCCL INFO New proxy send connection 58 from local rank 2, transport 0
gpu-nodes-2:1001:1001 [2] NCCL INFO Connected to proxy localRank 2 -> connection 0x7e7ce800de80
gpu-nodes-2:1001:1001 [2] NCCL INFO Channel 15/0 : 10[2] -> 11[3] via P2P/IPC
gpu-nodes-2:1001:1850 [2] NCCL INFO New proxy send connection 59 from local rank 2, transport 0
gpu-nodes-2:1001:1001 [2] NCCL INFO Connected to proxy localRank 2 -> connection 0x7e7ce800df08
gpu-nodes-2:1001:1001 [2] NCCL INFO GPU Direct RDMA Enabled for GPU/0-405504 (rank 10) - NET/0-2 (distance 4 <= 6, read 0, mode Default)
gpu-nodes-2:1001:1850 [2] NCCL INFO New proxy recv connection 60 from local rank 2, transport 2
gpu-nodes-2:1001:1001 [2] NCCL INFO Connected to proxy localRank 2 -> connection 0x7e7ce800df90
gpu-nodes-2:1001:1001 [2] NCCL INFO Channel 02/0 : 2[2] -> 10[2] [receive] via NET/IB/2/GDRDMA
gpu-nodes-2:1001:1001 [2] NCCL INFO GPU Direct RDMA Enabled for GPU/0-405504 (rank 10) - NET/0-2 (distance 4 <= 6, read 0, mode Default)
gpu-nodes-2:1001:1850 [2] NCCL INFO New proxy recv connection 61 from local rank 2, transport 2
gpu-nodes-2:1001:1001 [2] NCCL INFO Connected to proxy localRank 2 -> connection 0x7e7ce800e018
gpu-nodes-2:1001:1001 [2] NCCL INFO Channel 10/0 : 2[2] -> 10[2] [receive] via NET/IB/2/GDRDMA
gpu-nodes-2:1001:1001 [2] NCCL INFO GPU Direct RDMA Enabled for GPU/0-405504 (rank 10) - NET/0-2 (distance 4 <= 6, read 1, mode Default)
gpu-nodes-2:1001:1850 [2] NCCL INFO New proxy send connection 62 from local rank 2, transport 2
gpu-nodes-2:1001:1001 [2] NCCL INFO Connected to proxy localRank 2 -> connection 0x7e7ce800e0a0
gpu-nodes-2:1001:1001 [2] NCCL INFO Channel 02/0 : 10[2] -> 2[2] [send] via NET/IB/2/GDRDMA
gpu-nodes-2:1001:1001 [2] NCCL INFO GPU Direct RDMA Enabled for GPU/0-405504 (rank 10) - NET/0-2 (distance 4 <= 6, read 1, mode Default)
gpu-nodes-2:1001:1850 [2] NCCL INFO New proxy send connection 63 from local rank 2, transport 2
gpu-nodes-2:1001:1001 [2] NCCL INFO Connected to proxy localRank 2 -> connection 0x7e7ce800e128
gpu-nodes-2:1001:1001 [2] NCCL INFO Channel 10/0 : 10[2] -> 2[2] [send] via NET/IB/2/GDRDMA
gpu-nodes-2:1001:1850 [2] NCCL INFO New proxy recv connection 64 from local rank 2, transport 0
gpu-nodes-2:1001:1001 [2] NCCL INFO Connected to proxy localRank 2 -> connection 0x7e7ce800e1b0
gpu-nodes-2:1001:1850 [2] NCCL INFO New proxy recv connection 65 from local rank 2, transport 0
gpu-nodes-2:1001:1001 [2] NCCL INFO Connected to proxy localRank 2 -> connection 0x7e7ce800e238
gpu-nodes-2:1001:1001 [2] NCCL INFO Channel 01/0 : 10[2] -> 9[1] via P2P/IPC
gpu-nodes-2:1001:1850 [2] NCCL INFO New proxy send connection 66 from local rank 2, transport 0
gpu-nodes-2:1001:1001 [2] NCCL INFO Connected to proxy localRank 2 -> connection 0x7e7ce800e2c0
gpu-nodes-2:1001:1001 [2] NCCL INFO Channel 09/0 : 10[2] -> 9[1] via P2P/IPC
gpu-nodes-2:1001:1850 [2] NCCL INFO New proxy send connection 67 from local rank 2, transport 0
gpu-nodes-2:1001:1001 [2] NCCL INFO Connected to proxy localRank 2 -> connection 0x7e7ce800e348
gpu-nodes-2:1001:1850 [2] NCCL INFO NET/IB: ncclIbResiliencyInit: Resiliency is disabled on the send communicator (comm=0x7e7ce822e000)
gpu-nodes-2:1001:1850 [2] NCCL INFO NET/IB: ncclIbResiliencyInit: Resiliency is disabled on the recv communicator (comm=0x7e7ce8269000)
gpu-nodes-2:1001:1850 [2] NCCL INFO NET/IB: ncclIbRecvCommInit: Receive work requests will be posted on-demand
gpu-nodes-2:1001:1850 [2] NCCL INFO NET/IB: ncclIbResiliencyInit: Resiliency is disabled on the send communicator (comm=0x7e7ce82a8000)
gpu-nodes-2:1001:1850 [2] NCCL INFO NET/IB: ncclIbResiliencyInit: Resiliency is disabled on the recv communicator (comm=0x7e7ce82e3000)
gpu-nodes-2:1001:1850 [2] NCCL INFO NET/IB: ncclIbRecvCommInit: Receive work requests will be posted on-demand
gpu-nodes-2:1001:1850 [2] NCCL INFO NET/IB: ncclIbSenderQpsCreate: QP created: port=1 dev=2 devName=mlx5_2 ndevs=14 nmdevs=16 qp_num=462 pkey=0 pd=0x7e7f98024cb0
gpu-nodes-2:1001:1850 [2] NCCL INFO NET/IB: ncclIbConnect: NCCL Dev 2 IbDev 2 Port 1 qp_num 462 mtu 5 LID 72 subnet-prefix 33022  FLID 0 ctsFifoRkey=0x17d290 ctsFifoLkey=0x17d290
gpu-nodes-2:1001:1850 [2] NCCL INFO NET/IB: ncclIbConnect: IbDev 2 Port 1 qp_num 462 query_ece={supported=1, vendor_id=0x15b3, options=0x30000200, comp_mask=0x0}
gpu-nodes-2:1001:1850 [2] NCCL INFO NET/IB: ncclIbReceiverQpsCreateToRts: QP created: port=1 dev=2 devName=mlx5_2 ndevs=14 nmdevs=16 qp_num=463 pkey=0 pd=0x7e7f98024cb0
gpu-nodes-2:1001:1850 [2] NCCL INFO NET/IB: ncclIbReceiverQpsCreateToRts: QP created: port=1 dev=2 devName=mlx5_2 ndevs=14 nmdevs=16 qp_num=464 pkey=0 pd=0x7e7f98024cb0
gpu-nodes-2:1001:1850 [2] NCCL INFO NET/IB: ncclIbSenderQpsToRts: Set ECE: IbDev 2 Port 1 qp_num 462 set_ece={supported=1, vendor_id=0x15b3, options=0x30000200, comp_mask=0x0}
gpu-nodes-2:1001:1850 [2] NCCL INFO NET/IB: ncclIbSenderQpsCreate: QP created: port=1 dev=2 devName=mlx5_2 ndevs=14 nmdevs=16 qp_num=465 pkey=0 pd=0x7e7f98024cb0
gpu-nodes-2:1001:1850 [2] NCCL INFO NET/IB: ncclIbConnect: NCCL Dev 2 IbDev 2 Port 1 qp_num 465 mtu 5 LID 72 subnet-prefix 33022  FLID 0 ctsFifoRkey=0x168544 ctsFifoLkey=0x168544
gpu-nodes-2:1001:1850 [2] NCCL INFO NET/IB: ncclIbConnect: IbDev 2 Port 1 qp_num 465 query_ece={supported=1, vendor_id=0x15b3, options=0x30000200, comp_mask=0x0}
gpu-nodes-2:1001:1850 [2] NCCL INFO NET/IB: ncclIbReceiverQpsCreateToRts: QP created: port=1 dev=2 devName=mlx5_2 ndevs=14 nmdevs=16 qp_num=466 pkey=0 pd=0x7e7f98024cb0
gpu-nodes-2:1001:1850 [2] NCCL INFO NET/IB: ncclIbReceiverQpsCreateToRts: QP created: port=1 dev=2 devName=mlx5_2 ndevs=14 nmdevs=16 qp_num=467 pkey=0 pd=0x7e7f98024cb0
gpu-nodes-2:1001:1850 [2] NCCL INFO NET/IB: ncclIbSenderQpsToRts: Set ECE: IbDev 2 Port 1 qp_num 465 set_ece={supported=1, vendor_id=0x15b3, options=0x30000200, comp_mask=0x0}
gpu-nodes-2:1001:1850 [2] NCCL INFO New proxy send connection 68 from local rank 4, transport 2
gpu-nodes-2:1001:1850 [2] NCCL INFO New proxy send connection 69 from local rank 5, transport 2
gpu-nodes-2:1001:1001 [2] NCCL INFO Connected all trees
gpu-nodes-2:1001:1850 [2] NCCL INFO New proxy send connection 70 from local rank 2, transport 2
gpu-nodes-2:1001:1001 [2] NCCL INFO Connected to proxy localRank 2 -> connection 0x7e7ce800e4e0
gpu-nodes-2:1001:1001 [2] NCCL INFO GPU Direct RDMA Enabled for GPU/0-405504 (rank 10) - NET/0-0 ( using PXN via GPU/0-12288, distance 4 <= 6, read 1, mode Default)
gpu-nodes-2:1001:1001 [2] NCCL INFO GPU Direct RDMA Enabled for GPU/0-405504 (rank 10) - NET/0-1 ( using PXN via GPU/0-77824, distance 4 <= 6, read 1, mode Default)
gpu-nodes-2:1001:1001 [2] NCCL INFO GPU Direct RDMA Enabled for GPU/0-405504 (rank 10) - NET/0-3 ( using PXN via GPU/0-471040, distance 4 <= 6, read 1, mode Default)
gpu-nodes-2:1001:1001 [2] NCCL INFO GPU Direct RDMA Enabled for GPU/0-405504 (rank 10) - NET/0-4 ( using PXN via GPU/0-536576, distance 4 <= 6, read 1, mode Default)
gpu-nodes-2:1001:1001 [2] NCCL INFO GPU Direct RDMA Enabled for GPU/0-405504 (rank 10) - NET/0-5 ( using PXN via GPU/0-602112, distance 4 <= 6, read 1, mode Default)
gpu-nodes-2:1001:1001 [2] NCCL INFO GPU Direct RDMA Enabled for GPU/0-405504 (rank 10) - NET/0-12 ( using PXN via GPU/0-929792, distance 4 <= 6, read 1, mode Default)
gpu-nodes-2:1001:1001 [2] NCCL INFO GPU Direct RDMA Enabled for GPU/0-405504 (rank 10) - NET/0-13 ( using PXN via GPU/0-995328, distance 4 <= 6, read 1, mode Default)
gpu-nodes-2:1001:1001 [2] NCCL INFO GPU Direct RDMA Enabled for GPU/0-405504 (rank 10) - NET/0-0 ( using PXN via GPU/0-12288, distance 4 <= 6, read 1, mode Default)
gpu-nodes-2:1001:1001 [2] NCCL INFO GPU Direct RDMA Enabled for GPU/0-405504 (rank 10) - NET/0-1 ( using PXN via GPU/0-77824, distance 4 <= 6, read 1, mode Default)
gpu-nodes-2:1001:1001 [2] NCCL INFO GPU Direct RDMA Enabled for GPU/0-405504 (rank 10) - NET/0-3 ( using PXN via GPU/0-471040, distance 4 <= 6, read 1, mode Default)
gpu-nodes-2:1001:1001 [2] NCCL INFO GPU Direct RDMA Enabled for GPU/0-405504 (rank 10) - NET/0-4 ( using PXN via GPU/0-536576, distance 4 <= 6, read 1, mode Default)
gpu-nodes-2:1001:1001 [2] NCCL INFO GPU Direct RDMA Enabled for GPU/0-405504 (rank 10) - NET/0-5 ( using PXN via GPU/0-602112, distance 4 <= 6, read 1, mode Default)
gpu-nodes-2:1001:1001 [2] NCCL INFO GPU Direct RDMA Enabled for GPU/0-405504 (rank 10) - NET/0-12 ( using PXN via GPU/0-929792, distance 4 <= 6, read 1, mode Default)
gpu-nodes-2:1001:1001 [2] NCCL INFO GPU Direct RDMA Enabled for GPU/0-405504 (rank 10) - NET/0-13 ( using PXN via GPU/0-995328, distance 4 <= 6, read 1, mode Default)
gpu-nodes-2:1001:1001 [2] NCCL INFO Connected to proxy localRank 0 -> connection 0x7f8f2400aab8
gpu-nodes-2:1001:1850 [2] NCCL INFO New proxy send connection 71 from local rank 0, transport 2
gpu-nodes-2:1001:1850 [2] NCCL INFO New proxy send connection 72 from local rank 3, transport 2
gpu-nodes-2:1001:1001 [2] NCCL INFO Connected to proxy localRank 1 -> connection 0x7e48a000abc8
gpu-nodes-2:1001:1850 [2] NCCL INFO New proxy send connection 73 from local rank 1, transport 2
gpu-nodes-2:1001:1001 [2] NCCL INFO Connected to proxy localRank 3 -> connection 0x75bf5c00e520
gpu-nodes-2:1001:1850 [2] NCCL INFO New proxy send connection 74 from local rank 6, transport 2
gpu-nodes-2:1001:1001 [2] NCCL INFO Connected to proxy localRank 4 -> connection 0x78bdc8009aa0
gpu-nodes-2:1001:1850 [2] NCCL INFO New proxy send connection 75 from local rank 7, transport 2
gpu-nodes-2:1001:1001 [2] NCCL INFO Connected to proxy localRank 5 -> connection 0x7797e400b010
gpu-nodes-2:1001:1001 [2] NCCL INFO Connected to proxy localRank 6 -> connection 0x745f0400aab8
gpu-nodes-2:1001:1001 [2] NCCL INFO Connected to proxy localRank 7 -> connection 0x7e5fdc00eac8
gpu-nodes-2:1001:1001 [2] NCCL INFO threadThresholds 8/8/64 | 128/8/64 | 512 | 512
gpu-nodes-2:1001:1001 [2] NCCL INFO 16 coll channels, 16 collnet channels, 0 nvls channels, 16 p2p channels, 4 p2p channels per peer
gpu-nodes-2:1001:1001 [2] NCCL INFO Symmetric memory is not supported. cuMemEnable 0, globalGinSupport 0, globalNicFused 1 cuMemGdrSupport 1
gpu-nodes-2:1001:1001 [2] NCCL INFO ncclCommInitRankConfig comm 0x72239010 rank 10 nranks 16 cudaDev 2 nvmlDev 2 busId 63000 commId 0x21f4f9e919db73b2 - Init COMPLETE
gpu-nodes-2:1001:1001 [2] NCCL INFO Init timings - ncclCommInitRankConfig: rank 10 nranks 16 total 1.39 (kernels 0.00, alloc 0.00, bootstrap 0.00, allgathers 0.16, topo 0.80, graphs 0.08, connections 0.33, rest 0.00)
gpu-nodes-2:1001:1001 [2] NCCL INFO Initialized NET plugin IB
gpu-nodes-2:1001:1001 [2] NCCL INFO Assigned NET plugin IB to comm
gpu-nodes-2:1001:1001 [2] NCCL INFO Assigned GIN plugin GIN_IB_GDAKI to comm
gpu-nodes-2:1001:1001 [2] NCCL INFO Assigned RMA plugin GIN_IB_PROXY to comm
gpu-nodes-2:1001:1001 [2] NCCL INFO Using network IB
gpu-nodes-2:1001:1001 [2] NCCL INFO DMA-BUF is available on GPU device 2
gpu-nodes-2:1001:1001 [2] NCCL INFO [Rank 11] ncclCommInitRankConfig comm 0x8cd669d0 rank 11 nranks 17 cudaDev 2 nvmlDev 2 busId 63000 commId 0x6d95e1c4f5e1bae6 - Init START
gpu-nodes-2:1001:1001 [2] NCCL INFO MNNVL busId 0x63000 fabric UUID 0.0 cliqueId 0x0 state 3 healthMask 0x80
gpu-nodes-2:1001:1001 [2] NCCL INFO Could not find real path of /sys/class/pci_bus/fffffff/../../fffffff:ff:f
gpu-nodes-2:1001:1001 [2] NCCL INFO TOPO/NET : Importing network plugins to topology
gpu-nodes-2:1001:1001 [2] NCCL INFO NET/GIN_IB_GDAKI : GPU Direct RDMA Enabled for HCA 0 'mlx5_1'
gpu-nodes-2:1001:1001 [2] NCCL INFO ncclTopoPopulateNics : Filled mlx5_1 in topo with pciPath=/sys/devices/pci0000:00/0000:00:01.1/0000:01:00.0/0000:02:01.0/0000:04:00.0 net=0 gin=1 keep=1 coll=(null)
gpu-nodes-2:1001:1001 [2] NCCL INFO NET/GIN_IB_GDAKI : GPU Direct RDMA Enabled for HCA 1 'mlx5_3'
gpu-nodes-2:1001:1001 [2] NCCL INFO ncclTopoPopulateNics : Filled mlx5_3 in topo with pciPath=/sys/devices/pci0000:10/0000:10:01.1/0000:11:00.0/0000:12:01.0/0000:14:00.0 net=0 gin=1 keep=1 coll=(null)
gpu-nodes-2:1001:1001 [2] NCCL INFO NET/GIN_IB_GDAKI : GPU Direct RDMA Enabled for HCA 2 'mlx5_2'
gpu-nodes-2:1001:1001 [2] NCCL INFO ncclTopoPopulateNics : Filled mlx5_2 in topo with pciPath=/sys/devices/pci0000:60/0000:60:01.1/0000:61:00.0/0000:62:01.0/0000:64:00.0 net=0 gin=1 keep=1 coll=(null)
gpu-nodes-2:1001:1001 [2] NCCL INFO NET/GIN_IB_GDAKI : GPU Direct RDMA Enabled for HCA 3 'mlx5_0'
gpu-nodes-2:1001:1001 [2] NCCL INFO ncclTopoPopulateNics : Filled mlx5_0 in topo with pciPath=/sys/devices/pci0000:70/0000:70:01.1/0000:71:00.0/0000:72:01.0/0000:74:00.0 net=0 gin=1 keep=1 coll=(null)
gpu-nodes-2:1001:1001 [2] NCCL INFO NET/GIN_IB_GDAKI : GPU Direct RDMA Enabled for HCA 4 'mlx5_9'
gpu-nodes-2:1001:1001 [2] NCCL INFO ncclTopoPopulateNics : Filled mlx5_9 in topo with pciPath=/sys/devices/pci0000:80/0000:80:01.1/0000:81:00.0/0000:82:01.0/0000:84:00.0 net=0 gin=1 keep=1 coll=(null)
gpu-nodes-2:1001:1001 [2] NCCL INFO NET/GIN_IB_GDAKI : GPU Direct RDMA Enabled for HCA 5 'mlx5_13'
gpu-nodes-2:1001:1001 [2] NCCL INFO ncclTopoPopulateNics : Filled mlx5_13 in topo with pciPath=/sys/devices/pci0000:90/0000:90:01.1/0000:91:00.0/0000:92:01.0/0000:94:00.0 net=0 gin=1 keep=1 coll=(null)
gpu-nodes-2:1001:1001 [2] NCCL INFO NET/GIN_IB_GDAKI : GPU Direct RDMA Enabled for HCA 6 'mlx5_10'
gpu-nodes-2:1001:1001 [2] NCCL INFO ncclTopoPopulateNics : Filled mlx5_10 in topo with pciPath=/sys/devices/pci0000:c0/0000:c0:01.1/0000:c1:00.0 net=0 gin=1 keep=1 coll=(null)
gpu-nodes-2:1001:1001 [2] NCCL INFO NET/GIN_IB_GDAKI : GPU Direct RDMA Enabled for HCA 7 'mlx5_11'
gpu-nodes-2:1001:1001 [2] NCCL INFO ncclTopoPopulateNics : Filled mlx5_11 in topo with pciPath=/sys/devices/pci0000:c0/0000:c0:01.1/0000:c1:00.0 net=0 gin=1 keep=1 coll=(null)
gpu-nodes-2:1001:1001 [2] NCCL INFO NET/GIN_IB_GDAKI : GPU Direct RDMA Enabled for HCA 8 'mlx5_5'
gpu-nodes-2:1001:1001 [2] NCCL INFO ncclTopoPopulateNics : Filled mlx5_5 in topo with pciPath=/sys/devices/pci0000:d0/0000:d0:03.3/0000:d2:00.0 net=0 gin=1 keep=1 coll=(null)
gpu-nodes-2:1001:1001 [2] NCCL INFO NET/GIN_IB_GDAKI : GPU Direct RDMA Enabled for HCA 9 'mlx5_6'
gpu-nodes-2:1001:1001 [2] NCCL INFO ncclTopoPopulateNics : Filled mlx5_6 in topo with pciPath=/sys/devices/pci0000:d0/0000:d0:03.3/0000:d2:00.0 net=0 gin=1 keep=1 coll=(null)
gpu-nodes-2:1001:1001 [2] NCCL INFO NET/GIN_IB_GDAKI : GPU Direct RDMA Enabled for HCA 10 'mlx5_7'
gpu-nodes-2:1001:1001 [2] NCCL INFO ncclTopoPopulateNics : Filled mlx5_7 in topo with pciPath=/sys/devices/pci0000:d0/0000:d0:03.3/0000:d2:00.0 net=0 gin=1 keep=1 coll=(null)
gpu-nodes-2:1001:1001 [2] NCCL INFO NET/GIN_IB_GDAKI : GPU Direct RDMA Enabled for HCA 11 'mlx5_8'
gpu-nodes-2:1001:1001 [2] NCCL INFO ncclTopoPopulateNics : Filled mlx5_8 in topo with pciPath=/sys/devices/pci0000:d0/0000:d0:03.3/0000:d2:00.0 net=0 gin=1 keep=1 coll=(null)
gpu-nodes-2:1001:1001 [2] NCCL INFO NET/GIN_IB_GDAKI : GPU Direct RDMA Enabled for HCA 12 'mlx5_12'
gpu-nodes-2:1001:1001 [2] NCCL INFO ncclTopoPopulateNics : Filled mlx5_12 in topo with pciPath=/sys/devices/pci0000:e0/0000:e0:01.1/0000:e1:00.0/0000:e2:01.0/0000:e4:00.0 net=0 gin=1 keep=1 coll=(null)
gpu-nodes-2:1001:1001 [2] NCCL INFO NET/GIN_IB_GDAKI : GPU Direct RDMA Enabled for HCA 13 'mlx5_4'
gpu-nodes-2:1001:1001 [2] NCCL INFO ncclTopoPopulateNics : Filled mlx5_4 in topo with pciPath=/sys/devices/pci0000:f0/0000:f0:01.1/0000:f1:00.0/0000:f2:01.0/0000:f4:00.0 net=0 gin=1 keep=1 coll=(null)
gpu-nodes-2:1001:1001 [2] NCCL INFO NET/IB : GPU Direct RDMA Enabled for HCA 0 'mlx5_1'
gpu-nodes-2:1001:1001 [2] NCCL INFO ncclTopoPopulateNics : Filled mlx5_1 in topo with pciPath=/sys/devices/pci0000:00/0000:00:01.1/0000:01:00.0/0000:02:01.0/0000:04:00.0 net=1 gin=1 keep=1 coll=(null)
gpu-nodes-2:1001:1001 [2] NCCL INFO NET/IB : GPU Direct RDMA Enabled for HCA 1 'mlx5_3'
gpu-nodes-2:1001:1001 [2] NCCL INFO ncclTopoPopulateNics : Filled mlx5_3 in topo with pciPath=/sys/devices/pci0000:10/0000:10:01.1/0000:11:00.0/0000:12:01.0/0000:14:00.0 net=1 gin=1 keep=1 coll=(null)
gpu-nodes-2:1001:1001 [2] NCCL INFO NET/IB : GPU Direct RDMA Enabled for HCA 2 'mlx5_2'
gpu-nodes-2:1001:1001 [2] NCCL INFO ncclTopoPopulateNics : Filled mlx5_2 in topo with pciPath=/sys/devices/pci0000:60/0000:60:01.1/0000:61:00.0/0000:62:01.0/0000:64:00.0 net=1 gin=1 keep=1 coll=(null)
gpu-nodes-2:1001:1001 [2] NCCL INFO NET/IB : GPU Direct RDMA Enabled for HCA 3 'mlx5_0'
gpu-nodes-2:1001:1001 [2] NCCL INFO ncclTopoPopulateNics : Filled mlx5_0 in topo with pciPath=/sys/devices/pci0000:70/0000:70:01.1/0000:71:00.0/0000:72:01.0/0000:74:00.0 net=1 gin=1 keep=1 coll=(null)
gpu-nodes-2:1001:1001 [2] NCCL INFO NET/IB : GPU Direct RDMA Enabled for HCA 4 'mlx5_9'
gpu-nodes-2:1001:1001 [2] NCCL INFO ncclTopoPopulateNics : Filled mlx5_9 in topo with pciPath=/sys/devices/pci0000:80/0000:80:01.1/0000:81:00.0/0000:82:01.0/0000:84:00.0 net=1 gin=1 keep=1 coll=(null)
gpu-nodes-2:1001:1001 [2] NCCL INFO NET/IB : GPU Direct RDMA Enabled for HCA 5 'mlx5_13'
gpu-nodes-2:1001:1001 [2] NCCL INFO ncclTopoPopulateNics : Filled mlx5_13 in topo with pciPath=/sys/devices/pci0000:90/0000:90:01.1/0000:91:00.0/0000:92:01.0/0000:94:00.0 net=1 gin=1 keep=1 coll=(null)
gpu-nodes-2:1001:1001 [2] NCCL INFO NET/IB : GPU Direct RDMA Enabled for HCA 6 'mlx5_10'
gpu-nodes-2:1001:1001 [2] NCCL INFO ncclTopoPopulateNics : Filled mlx5_10 in topo with pciPath=/sys/devices/pci0000:c0/0000:c0:01.1/0000:c1:00.0 net=1 gin=1 keep=1 coll=(null)
gpu-nodes-2:1001:1001 [2] NCCL INFO NET/IB : GPU Direct RDMA Enabled for HCA 7 'mlx5_11'
gpu-nodes-2:1001:1001 [2] NCCL INFO ncclTopoPopulateNics : Filled mlx5_11 in topo with pciPath=/sys/devices/pci0000:c0/0000:c0:01.1/0000:c1:00.0 net=1 gin=1 keep=1 coll=(null)
gpu-nodes-2:1001:1001 [2] NCCL INFO NET/IB : GPU Direct RDMA Enabled for HCA 8 'mlx5_5'
gpu-nodes-2:1001:1001 [2] NCCL INFO ncclTopoPopulateNics : Filled mlx5_5 in topo with pciPath=/sys/devices/pci0000:d0/0000:d0:03.3/0000:d2:00.0 net=1 gin=1 keep=1 coll=(null)
gpu-nodes-2:1001:1001 [2] NCCL INFO NET/IB : GPU Direct RDMA Enabled for HCA 9 'mlx5_6'
gpu-nodes-2:1001:1001 [2] NCCL INFO ncclTopoPopulateNics : Filled mlx5_6 in topo with pciPath=/sys/devices/pci0000:d0/0000:d0:03.3/0000:d2:00.0 net=1 gin=1 keep=1 coll=(null)
gpu-nodes-2:1001:1001 [2] NCCL INFO NET/IB : GPU Direct RDMA Enabled for HCA 10 'mlx5_7'
gpu-nodes-2:1001:1001 [2] NCCL INFO ncclTopoPopulateNics : Filled mlx5_7 in topo with pciPath=/sys/devices/pci0000:d0/0000:d0:03.3/0000:d2:00.0 net=1 gin=1 keep=1 coll=(null)
gpu-nodes-2:1001:1001 [2] NCCL INFO NET/IB : GPU Direct RDMA Enabled for HCA 11 'mlx5_8'
gpu-nodes-2:1001:1001 [2] NCCL INFO ncclTopoPopulateNics : Filled mlx5_8 in topo with pciPath=/sys/devices/pci0000:d0/0000:d0:03.3/0000:d2:00.0 net=1 gin=1 keep=1 coll=(null)
gpu-nodes-2:1001:1001 [2] NCCL INFO NET/IB : GPU Direct RDMA Enabled for HCA 12 'mlx5_12'
gpu-nodes-2:1001:1001 [2] NCCL INFO ncclTopoPopulateNics : Filled mlx5_12 in topo with pciPath=/sys/devices/pci0000:e0/0000:e0:01.1/0000:e1:00.0/0000:e2:01.0/0000:e4:00.0 net=1 gin=1 keep=1 coll=(null)
gpu-nodes-2:1001:1001 [2] NCCL INFO NET/IB : GPU Direct RDMA Enabled for HCA 13 'mlx5_4'
gpu-nodes-2:1001:1001 [2] NCCL INFO ncclTopoPopulateNics : Filled mlx5_4 in topo with pciPath=/sys/devices/pci0000:f0/0000:f0:01.1/0000:f1:00.0/0000:f2:01.0/0000:f4:00.0 net=1 gin=1 keep=1 coll=(null)
gpu-nodes-2:1001:1001 [2] NCCL INFO NET/IB : GPU Direct RDMA Enabled for HCA 14 'mlx5_10+mlx5_11'
gpu-nodes-2:1001:1001 [2] NCCL INFO ncclTopoPopulateNics : Filled mlx5_10+mlx5_11 in topo with pciPath=/sys/devices/pci0000:c0/0000:c0:01.1/0000:c1:00.0 net=1 gin=(null) keep=1 coll=(null)
gpu-nodes-2:1001:1001 [2] NCCL INFO NET/IB : GPU Direct RDMA Enabled for HCA 15 'mlx5_5+mlx5_6+mlx5_7+mlx5_8'
gpu-nodes-2:1001:1001 [2] NCCL INFO ncclTopoPopulateNics : Filled mlx5_5+mlx5_6+mlx5_7+mlx5_8 in topo with pciPath=/sys/devices/pci0000:d0/0000:d0:03.3/0000:d2:00.0 net=1 gin=(null) keep=1 coll=(null)
gpu-nodes-2:1001:1001 [2] NCCL INFO GPU Direct RDMA Enabled for GPU/0-12288 (rank 9) - NET/0-0 (distance 4 <= 6, read 0, mode Default)
gpu-nodes-2:1001:1001 [2] NCCL INFO GPU Direct RDMA Enabled for GPU/0-77824 (rank 10) - NET/0-0 ( using PXN via GPU/0-12288, distance 4 <= 6, read 0, mode Default)
gpu-nodes-2:1001:1001 [2] NCCL INFO GPU Direct RDMA Enabled for GPU/0-405504 (rank 11) - NET/0-0 ( using PXN via GPU/0-12288, distance 4 <= 6, read 0, mode Default)
gpu-nodes-2:1001:1001 [2] NCCL INFO GPU Direct RDMA Enabled for GPU/0-471040 (rank 12) - NET/0-0 ( using PXN via GPU/0-12288, distance 4 <= 6, read 0, mode Default)
gpu-nodes-2:1001:1001 [2] NCCL INFO GPU Direct RDMA Enabled for GPU/0-536576 (rank 13) - NET/0-0 ( using PXN via GPU/0-12288, distance 4 <= 6, read 0, mode Default)
gpu-nodes-2:1001:1001 [2] NCCL INFO GPU Direct RDMA Enabled for GPU/0-602112 (rank 14) - NET/0-0 ( using PXN via GPU/0-12288, distance 4 <= 6, read 0, mode Default)
gpu-nodes-2:1001:1001 [2] NCCL INFO GPU Direct RDMA Enabled for GPU/0-929792 (rank 15) - NET/0-0 ( using PXN via GPU/0-12288, distance 4 <= 6, read 0, mode Default)
gpu-nodes-2:1001:1001 [2] NCCL INFO GPU Direct RDMA Enabled for GPU/0-995328 (rank 16) - NET/0-0 ( using PXN via GPU/0-12288, distance 4 <= 6, read 0, mode Default)
gpu-nodes-2:1001:1001 [2] NCCL INFO GPU Direct RDMA Enabled for GPU/0-12288 (rank 9) - NET/0-1 ( using PXN via GPU/0-77824, distance 4 <= 6, read 0, mode Default)
gpu-nodes-2:1001:1001 [2] NCCL INFO GPU Direct RDMA Enabled for GPU/0-77824 (rank 10) - NET/0-1 (distance 4 <= 6, read 0, mode Default)
gpu-nodes-2:1001:1001 [2] NCCL INFO GPU Direct RDMA Enabled for GPU/0-405504 (rank 11) - NET/0-1 ( using PXN via GPU/0-77824, distance 4 <= 6, read 0, mode Default)
gpu-nodes-2:1001:1001 [2] NCCL INFO GPU Direct RDMA Enabled for GPU/0-471040 (rank 12) - NET/0-1 ( using PXN via GPU/0-77824, distance 4 <= 6, read 0, mode Default)
gpu-nodes-2:1001:1001 [2] NCCL INFO GPU Direct RDMA Enabled for GPU/0-536576 (rank 13) - NET/0-1 ( using PXN via GPU/0-77824, distance 4 <= 6, read 0, mode Default)
gpu-nodes-2:1001:1001 [2] NCCL INFO GPU Direct RDMA Enabled for GPU/0-602112 (rank 14) - NET/0-1 ( using PXN via GPU/0-77824, distance 4 <= 6, read 0, mode Default)
gpu-nodes-2:1001:1001 [2] NCCL INFO GPU Direct RDMA Enabled for GPU/0-929792 (rank 15) - NET/0-1 ( using PXN via GPU/0-77824, distance 4 <= 6, read 0, mode Default)
gpu-nodes-2:1001:1001 [2] NCCL INFO GPU Direct RDMA Enabled for GPU/0-995328 (rank 16) - NET/0-1 ( using PXN via GPU/0-77824, distance 4 <= 6, read 0, mode Default)
gpu-nodes-2:1001:1001 [2] NCCL INFO GPU Direct RDMA Enabled for GPU/0-12288 (rank 9) - NET/0-2 ( using PXN via GPU/0-405504, distance 4 <= 6, read 0, mode Default)
gpu-nodes-2:1001:1001 [2] NCCL INFO GPU Direct RDMA Enabled for GPU/0-77824 (rank 10) - NET/0-2 ( using PXN via GPU/0-405504, distance 4 <= 6, read 0, mode Default)
gpu-nodes-2:1001:1001 [2] NCCL INFO GPU Direct RDMA Enabled for GPU/0-405504 (rank 11) - NET/0-2 (distance 4 <= 6, read 0, mode Default)
gpu-nodes-2:1001:1001 [2] NCCL INFO GPU Direct RDMA Enabled for GPU/0-471040 (rank 12) - NET/0-2 ( using PXN via GPU/0-405504, distance 4 <= 6, read 0, mode Default)
gpu-nodes-2:1001:1001 [2] NCCL INFO GPU Direct RDMA Enabled for GPU/0-536576 (rank 13) - NET/0-2 ( using PXN via GPU/0-405504, distance 4 <= 6, read 0, mode Default)
gpu-nodes-2:1001:1001 [2] NCCL INFO GPU Direct RDMA Enabled for GPU/0-602112 (rank 14) - NET/0-2 ( using PXN via GPU/0-405504, distance 4 <= 6, read 0, mode Default)
gpu-nodes-2:1001:1001 [2] NCCL INFO GPU Direct RDMA Enabled for GPU/0-929792 (rank 15) - NET/0-2 ( using PXN via GPU/0-405504, distance 4 <= 6, read 0, mode Default)
gpu-nodes-2:1001:1001 [2] NCCL INFO GPU Direct RDMA Enabled for GPU/0-995328 (rank 16) - NET/0-2 ( using PXN via GPU/0-405504, distance 4 <= 6, read 0, mode Default)
gpu-nodes-2:1001:1001 [2] NCCL INFO GPU Direct RDMA Enabled for GPU/0-12288 (rank 9) - NET/0-3 ( using PXN via GPU/0-471040, distance 4 <= 6, read 0, mode Default)
gpu-nodes-2:1001:1001 [2] NCCL INFO GPU Direct RDMA Enabled for GPU/0-77824 (rank 10) - NET/0-3 ( using PXN via GPU/0-471040, distance 4 <= 6, read 0, mode Default)
gpu-nodes-2:1001:1001 [2] NCCL INFO GPU Direct RDMA Enabled for GPU/0-405504 (rank 11) - NET/0-3 ( using PXN via GPU/0-471040, distance 4 <= 6, read 0, mode Default)
gpu-nodes-2:1001:1001 [2] NCCL INFO GPU Direct RDMA Enabled for GPU/0-471040 (rank 12) - NET/0-3 (distance 4 <= 6, read 0, mode Default)
gpu-nodes-2:1001:1001 [2] NCCL INFO GPU Direct RDMA Enabled for GPU/0-536576 (rank 13) - NET/0-3 ( using PXN via GPU/0-471040, distance 4 <= 6, read 0, mode Default)
gpu-nodes-2:1001:1001 [2] NCCL INFO GPU Direct RDMA Enabled for GPU/0-602112 (rank 14) - NET/0-3 ( using PXN via GPU/0-471040, distance 4 <= 6, read 0, mode Default)
gpu-nodes-2:1001:1001 [2] NCCL INFO GPU Direct RDMA Enabled for GPU/0-929792 (rank 15) - NET/0-3 ( using PXN via GPU/0-471040, distance 4 <= 6, read 0, mode Default)
gpu-nodes-2:1001:1001 [2] NCCL INFO GPU Direct RDMA Enabled for GPU/0-995328 (rank 16) - NET/0-3 ( using PXN via GPU/0-471040, distance 4 <= 6, read 0, mode Default)
gpu-nodes-2:1001:1001 [2] NCCL INFO GPU Direct RDMA Enabled for GPU/0-12288 (rank 9) - NET/0-4 ( using PXN via GPU/0-536576, distance 4 <= 6, read 0, mode Default)
gpu-nodes-2:1001:1001 [2] NCCL INFO GPU Direct RDMA Enabled for GPU/0-77824 (rank 10) - NET/0-4 ( using PXN via GPU/0-536576, distance 4 <= 6, read 0, mode Default)
gpu-nodes-2:1001:1001 [2] NCCL INFO GPU Direct RDMA Enabled for GPU/0-405504 (rank 11) - NET/0-4 ( using PXN via GPU/0-536576, distance 4 <= 6, read 0, mode Default)
gpu-nodes-2:1001:1001 [2] NCCL INFO GPU Direct RDMA Enabled for GPU/0-471040 (rank 12) - NET/0-4 ( using PXN via GPU/0-536576, distance 4 <= 6, read 0, mode Default)
gpu-nodes-2:1001:1001 [2] NCCL INFO GPU Direct RDMA Enabled for GPU/0-536576 (rank 13) - NET/0-4 (distance 4 <= 6, read 0, mode Default)
gpu-nodes-2:1001:1001 [2] NCCL INFO GPU Direct RDMA Enabled for GPU/0-602112 (rank 14) - NET/0-4 ( using PXN via GPU/0-536576, distance 4 <= 6, read 0, mode Default)
gpu-nodes-2:1001:1001 [2] NCCL INFO GPU Direct RDMA Enabled for GPU/0-929792 (rank 15) - NET/0-4 ( using PXN via GPU/0-536576, distance 4 <= 6, read 0, mode Default)
gpu-nodes-2:1001:1001 [2] NCCL INFO GPU Direct RDMA Enabled for GPU/0-995328 (rank 16) - NET/0-4 ( using PXN via GPU/0-536576, distance 4 <= 6, read 0, mode Default)
gpu-nodes-2:1001:1001 [2] NCCL INFO GPU Direct RDMA Enabled for GPU/0-12288 (rank 9) - NET/0-5 ( using PXN via GPU/0-602112, distance 4 <= 6, read 0, mode Default)
gpu-nodes-2:1001:1001 [2] NCCL INFO GPU Direct RDMA Enabled for GPU/0-77824 (rank 10) - NET/0-5 ( using PXN via GPU/0-602112, distance 4 <= 6, read 0, mode Default)
gpu-nodes-2:1001:1001 [2] NCCL INFO GPU Direct RDMA Enabled for GPU/0-405504 (rank 11) - NET/0-5 ( using PXN via GPU/0-602112, distance 4 <= 6, read 0, mode Default)
gpu-nodes-2:1001:1001 [2] NCCL INFO GPU Direct RDMA Enabled for GPU/0-471040 (rank 12) - NET/0-5 ( using PXN via GPU/0-602112, distance 4 <= 6, read 0, mode Default)
gpu-nodes-2:1001:1001 [2] NCCL INFO GPU Direct RDMA Enabled for GPU/0-536576 (rank 13) - NET/0-5 ( using PXN via GPU/0-602112, distance 4 <= 6, read 0, mode Default)
gpu-nodes-2:1001:1001 [2] NCCL INFO GPU Direct RDMA Enabled for GPU/0-602112 (rank 14) - NET/0-5 (distance 4 <= 6, read 0, mode Default)
gpu-nodes-2:1001:1001 [2] NCCL INFO GPU Direct RDMA Enabled for GPU/0-929792 (rank 15) - NET/0-5 ( using PXN via GPU/0-602112, distance 4 <= 6, read 0, mode Default)
gpu-nodes-2:1001:1001 [2] NCCL INFO GPU Direct RDMA Enabled for GPU/0-995328 (rank 16) - NET/0-5 ( using PXN via GPU/0-602112, distance 4 <= 6, read 0, mode Default)
gpu-nodes-2:1001:1001 [2] NCCL INFO GPU Direct RDMA Enabled for GPU/0-12288 (rank 9) - NET/0-12 ( using PXN via GPU/0-929792, distance 4 <= 6, read 0, mode Default)
gpu-nodes-2:1001:1001 [2] NCCL INFO GPU Direct RDMA Enabled for GPU/0-77824 (rank 10) - NET/0-12 ( using PXN via GPU/0-929792, distance 4 <= 6, read 0, mode Default)
gpu-nodes-2:1001:1001 [2] NCCL INFO GPU Direct RDMA Enabled for GPU/0-405504 (rank 11) - NET/0-12 ( using PXN via GPU/0-929792, distance 4 <= 6, read 0, mode Default)
gpu-nodes-2:1001:1001 [2] NCCL INFO GPU Direct RDMA Enabled for GPU/0-471040 (rank 12) - NET/0-12 ( using PXN via GPU/0-929792, distance 4 <= 6, read 0, mode Default)
gpu-nodes-2:1001:1001 [2] NCCL INFO GPU Direct RDMA Enabled for GPU/0-536576 (rank 13) - NET/0-12 ( using PXN via GPU/0-929792, distance 4 <= 6, read 0, mode Default)
gpu-nodes-2:1001:1001 [2] NCCL INFO GPU Direct RDMA Enabled for GPU/0-602112 (rank 14) - NET/0-12 ( using PXN via GPU/0-929792, distance 4 <= 6, read 0, mode Default)
gpu-nodes-2:1001:1001 [2] NCCL INFO GPU Direct RDMA Enabled for GPU/0-929792 (rank 15) - NET/0-12 (distance 4 <= 6, read 0, mode Default)
gpu-nodes-2:1001:1001 [2] NCCL INFO GPU Direct RDMA Enabled for GPU/0-995328 (rank 16) - NET/0-12 ( using PXN via GPU/0-929792, distance 4 <= 6, read 0, mode Default)
gpu-nodes-2:1001:1001 [2] NCCL INFO GPU Direct RDMA Enabled for GPU/0-12288 (rank 9) - NET/0-13 ( using PXN via GPU/0-995328, distance 4 <= 6, read 0, mode Default)
gpu-nodes-2:1001:1001 [2] NCCL INFO GPU Direct RDMA Enabled for GPU/0-77824 (rank 10) - NET/0-13 ( using PXN via GPU/0-995328, distance 4 <= 6, read 0, mode Default)
gpu-nodes-2:1001:1001 [2] NCCL INFO GPU Direct RDMA Enabled for GPU/0-405504 (rank 11) - NET/0-13 ( using PXN via GPU/0-995328, distance 4 <= 6, read 0, mode Default)
gpu-nodes-2:1001:1001 [2] NCCL INFO GPU Direct RDMA Enabled for GPU/0-471040 (rank 12) - NET/0-13 ( using PXN via GPU/0-995328, distance 4 <= 6, read 0, mode Default)
gpu-nodes-2:1001:1001 [2] NCCL INFO GPU Direct RDMA Enabled for GPU/0-536576 (rank 13) - NET/0-13 ( using PXN via GPU/0-995328, distance 4 <= 6, read 0, mode Default)
gpu-nodes-2:1001:1001 [2] NCCL INFO GPU Direct RDMA Enabled for GPU/0-602112 (rank 14) - NET/0-13 ( using PXN via GPU/0-995328, distance 4 <= 6, read 0, mode Default)
gpu-nodes-2:1001:1001 [2] NCCL INFO GPU Direct RDMA Enabled for GPU/0-929792 (rank 15) - NET/0-13 ( using PXN via GPU/0-995328, distance 4 <= 6, read 0, mode Default)
gpu-nodes-2:1001:1001 [2] NCCL INFO GPU Direct RDMA Enabled for GPU/0-995328 (rank 16) - NET/0-13 (distance 4 <= 6, read 0, mode Default)
gpu-nodes-2:1001:1001 [2] NCCL INFO GPU Direct RDMA Enabled for GPU/0-12288 (rank 9) - NET/0-0 (distance 4 <= 6, read 0, mode Default)
gpu-nodes-2:1001:1001 [2] NCCL INFO GPU Direct RDMA Enabled for GPU/0-77824 (rank 10) - NET/0-0 ( using PXN via GPU/0-12288, distance 4 <= 6, read 0, mode Default)
gpu-nodes-2:1001:1001 [2] NCCL INFO GPU Direct RDMA Enabled for GPU/0-405504 (rank 11) - NET/0-0 ( using PXN via GPU/0-12288, distance 4 <= 6, read 0, mode Default)
gpu-nodes-2:1001:1001 [2] NCCL INFO GPU Direct RDMA Enabled for GPU/0-471040 (rank 12) - NET/0-0 ( using PXN via GPU/0-12288, distance 4 <= 6, read 0, mode Default)
gpu-nodes-2:1001:1001 [2] NCCL INFO GPU Direct RDMA Enabled for GPU/0-536576 (rank 13) - NET/0-0 ( using PXN via GPU/0-12288, distance 4 <= 6, read 0, mode Default)
gpu-nodes-2:1001:1001 [2] NCCL INFO GPU Direct RDMA Enabled for GPU/0-602112 (rank 14) - NET/0-0 ( using PXN via GPU/0-12288, distance 4 <= 6, read 0, mode Default)
gpu-nodes-2:1001:1001 [2] NCCL INFO GPU Direct RDMA Enabled for GPU/0-929792 (rank 15) - NET/0-0 ( using PXN via GPU/0-12288, distance 4 <= 6, read 0, mode Default)
gpu-nodes-2:1001:1001 [2] NCCL INFO GPU Direct RDMA Enabled for GPU/0-995328 (rank 16) - NET/0-0 ( using PXN via GPU/0-12288, distance 4 <= 6, read 0, mode Default)
gpu-nodes-2:1001:1001 [2] NCCL INFO GPU Direct RDMA Enabled for GPU/0-12288 (rank 9) - NET/0-1 ( using PXN via GPU/0-77824, distance 4 <= 6, read 0, mode Default)
gpu-nodes-2:1001:1001 [2] NCCL INFO GPU Direct RDMA Enabled for GPU/0-77824 (rank 10) - NET/0-1 (distance 4 <= 6, read 0, mode Default)
gpu-nodes-2:1001:1001 [2] NCCL INFO GPU Direct RDMA Enabled for GPU/0-405504 (rank 11) - NET/0-1 ( using PXN via GPU/0-77824, distance 4 <= 6, read 0, mode Default)
gpu-nodes-2:1001:1001 [2] NCCL INFO GPU Direct RDMA Enabled for GPU/0-471040 (rank 12) - NET/0-1 ( using PXN via GPU/0-77824, distance 4 <= 6, read 0, mode Default)
gpu-nodes-2:1001:1001 [2] NCCL INFO GPU Direct RDMA Enabled for GPU/0-536576 (rank 13) - NET/0-1 ( using PXN via GPU/0-77824, distance 4 <= 6, read 0, mode Default)
gpu-nodes-2:1001:1001 [2] NCCL INFO GPU Direct RDMA Enabled for GPU/0-602112 (rank 14) - NET/0-1 ( using PXN via GPU/0-77824, distance 4 <= 6, read 0, mode Default)
gpu-nodes-2:1001:1001 [2] NCCL INFO GPU Direct RDMA Enabled for GPU/0-929792 (rank 15) - NET/0-1 ( using PXN via GPU/0-77824, distance 4 <= 6, read 0, mode Default)
gpu-nodes-2:1001:1001 [2] NCCL INFO GPU Direct RDMA Enabled for GPU/0-995328 (rank 16) - NET/0-1 ( using PXN via GPU/0-77824, distance 4 <= 6, read 0, mode Default)
gpu-nodes-2:1001:1001 [2] NCCL INFO GPU Direct RDMA Enabled for GPU/0-12288 (rank 9) - NET/0-2 ( using PXN via GPU/0-405504, distance 4 <= 6, read 0, mode Default)
gpu-nodes-2:1001:1001 [2] NCCL INFO GPU Direct RDMA Enabled for GPU/0-77824 (rank 10) - NET/0-2 ( using PXN via GPU/0-405504, distance 4 <= 6, read 0, mode Default)
gpu-nodes-2:1001:1001 [2] NCCL INFO GPU Direct RDMA Enabled for GPU/0-405504 (rank 11) - NET/0-2 (distance 4 <= 6, read 0, mode Default)
gpu-nodes-2:1001:1001 [2] NCCL INFO GPU Direct RDMA Enabled for GPU/0-471040 (rank 12) - NET/0-2 ( using PXN via GPU/0-405504, distance 4 <= 6, read 0, mode Default)
gpu-nodes-2:1001:1001 [2] NCCL INFO GPU Direct RDMA Enabled for GPU/0-536576 (rank 13) - NET/0-2 ( using PXN via GPU/0-405504, distance 4 <= 6, read 0, mode Default)
gpu-nodes-2:1001:1001 [2] NCCL INFO GPU Direct RDMA Enabled for GPU/0-602112 (rank 14) - NET/0-2 ( using PXN via GPU/0-405504, distance 4 <= 6, read 0, mode Default)
gpu-nodes-2:1001:1001 [2] NCCL INFO GPU Direct RDMA Enabled for GPU/0-929792 (rank 15) - NET/0-2 ( using PXN via GPU/0-405504, distance 4 <= 6, read 0, mode Default)
gpu-nodes-2:1001:1001 [2] NCCL INFO GPU Direct RDMA Enabled for GPU/0-995328 (rank 16) - NET/0-2 ( using PXN via GPU/0-405504, distance 4 <= 6, read 0, mode Default)
gpu-nodes-2:1001:1001 [2] NCCL INFO GPU Direct RDMA Enabled for GPU/0-12288 (rank 9) - NET/0-3 ( using PXN via GPU/0-471040, distance 4 <= 6, read 0, mode Default)
gpu-nodes-2:1001:1001 [2] NCCL INFO GPU Direct RDMA Enabled for GPU/0-77824 (rank 10) - NET/0-3 ( using PXN via GPU/0-471040, distance 4 <= 6, read 0, mode Default)
gpu-nodes-2:1001:1001 [2] NCCL INFO GPU Direct RDMA Enabled for GPU/0-405504 (rank 11) - NET/0-3 ( using PXN via GPU/0-471040, distance 4 <= 6, read 0, mode Default)
gpu-nodes-2:1001:1001 [2] NCCL INFO GPU Direct RDMA Enabled for GPU/0-471040 (rank 12) - NET/0-3 (distance 4 <= 6, read 0, mode Default)
gpu-nodes-2:1001:1001 [2] NCCL INFO GPU Direct RDMA Enabled for GPU/0-536576 (rank 13) - NET/0-3 ( using PXN via GPU/0-471040, distance 4 <= 6, read 0, mode Default)
gpu-nodes-2:1001:1001 [2] NCCL INFO GPU Direct RDMA Enabled for GPU/0-602112 (rank 14) - NET/0-3 ( using PXN via GPU/0-471040, distance 4 <= 6, read 0, mode Default)
gpu-nodes-2:1001:1001 [2] NCCL INFO GPU Direct RDMA Enabled for GPU/0-929792 (rank 15) - NET/0-3 ( using PXN via GPU/0-471040, distance 4 <= 6, read 0, mode Default)
gpu-nodes-2:1001:1001 [2] NCCL INFO GPU Direct RDMA Enabled for GPU/0-995328 (rank 16) - NET/0-3 ( using PXN via GPU/0-471040, distance 4 <= 6, read 0, mode Default)
gpu-nodes-2:1001:1001 [2] NCCL INFO GPU Direct RDMA Enabled for GPU/0-12288 (rank 9) - NET/0-4 ( using PXN via GPU/0-536576, distance 4 <= 6, read 0, mode Default)
gpu-nodes-2:1001:1001 [2] NCCL INFO GPU Direct RDMA Enabled for GPU/0-77824 (rank 10) - NET/0-4 ( using PXN via GPU/0-536576, distance 4 <= 6, read 0, mode Default)
gpu-nodes-2:1001:1001 [2] NCCL INFO GPU Direct RDMA Enabled for GPU/0-405504 (rank 11) - NET/0-4 ( using PXN via GPU/0-536576, distance 4 <= 6, read 0, mode Default)
gpu-nodes-2:1001:1001 [2] NCCL INFO GPU Direct RDMA Enabled for GPU/0-471040 (rank 12) - NET/0-4 ( using PXN via GPU/0-536576, distance 4 <= 6, read 0, mode Default)
gpu-nodes-2:1001:1001 [2] NCCL INFO GPU Direct RDMA Enabled for GPU/0-536576 (rank 13) - NET/0-4 (distance 4 <= 6, read 0, mode Default)
gpu-nodes-2:1001:1001 [2] NCCL INFO GPU Direct RDMA Enabled for GPU/0-602112 (rank 14) - NET/0-4 ( using PXN via GPU/0-536576, distance 4 <= 6, read 0, mode Default)
gpu-nodes-2:1001:1001 [2] NCCL INFO GPU Direct RDMA Enabled for GPU/0-929792 (rank 15) - NET/0-4 ( using PXN via GPU/0-536576, distance 4 <= 6, read 0, mode Default)
gpu-nodes-2:1001:1001 [2] NCCL INFO GPU Direct RDMA Enabled for GPU/0-995328 (rank 16) - NET/0-4 ( using PXN via GPU/0-536576, distance 4 <= 6, read 0, mode Default)
gpu-nodes-2:1001:1001 [2] NCCL INFO GPU Direct RDMA Enabled for GPU/0-12288 (rank 9) - NET/0-5 ( using PXN via GPU/0-602112, distance 4 <= 6, read 0, mode Default)
gpu-nodes-2:1001:1001 [2] NCCL INFO GPU Direct RDMA Enabled for GPU/0-77824 (rank 10) - NET/0-5 ( using PXN via GPU/0-602112, distance 4 <= 6, read 0, mode Default)
gpu-nodes-2:1001:1001 [2] NCCL INFO GPU Direct RDMA Enabled for GPU/0-405504 (rank 11) - NET/0-5 ( using PXN via GPU/0-602112, distance 4 <= 6, read 0, mode Default)
gpu-nodes-2:1001:1001 [2] NCCL INFO GPU Direct RDMA Enabled for GPU/0-471040 (rank 12) - NET/0-5 ( using PXN via GPU/0-602112, distance 4 <= 6, read 0, mode Default)
gpu-nodes-2:1001:1001 [2] NCCL INFO GPU Direct RDMA Enabled for GPU/0-536576 (rank 13) - NET/0-5 ( using PXN via GPU/0-602112, distance 4 <= 6, read 0, mode Default)
gpu-nodes-2:1001:1001 [2] NCCL INFO GPU Direct RDMA Enabled for GPU/0-602112 (rank 14) - NET/0-5 (distance 4 <= 6, read 0, mode Default)
gpu-nodes-2:1001:1001 [2] NCCL INFO GPU Direct RDMA Enabled for GPU/0-929792 (rank 15) - NET/0-5 ( using PXN via GPU/0-602112, distance 4 <= 6, read 0, mode Default)
gpu-nodes-2:1001:1001 [2] NCCL INFO GPU Direct RDMA Enabled for GPU/0-995328 (rank 16) - NET/0-5 ( using PXN via GPU/0-602112, distance 4 <= 6, read 0, mode Default)
gpu-nodes-2:1001:1001 [2] NCCL INFO GPU Direct RDMA Enabled for GPU/0-12288 (rank 9) - NET/0-12 ( using PXN via GPU/0-929792, distance 4 <= 6, read 0, mode Default)
gpu-nodes-2:1001:1001 [2] NCCL INFO GPU Direct RDMA Enabled for GPU/0-77824 (rank 10) - NET/0-12 ( using PXN via GPU/0-929792, distance 4 <= 6, read 0, mode Default)
gpu-nodes-2:1001:1001 [2] NCCL INFO GPU Direct RDMA Enabled for GPU/0-405504 (rank 11) - NET/0-12 ( using PXN via GPU/0-929792, distance 4 <= 6, read 0, mode Default)
gpu-nodes-2:1001:1001 [2] NCCL INFO GPU Direct RDMA Enabled for GPU/0-471040 (rank 12) - NET/0-12 ( using PXN via GPU/0-929792, distance 4 <= 6, read 0, mode Default)
gpu-nodes-2:1001:1001 [2] NCCL INFO GPU Direct RDMA Enabled for GPU/0-536576 (rank 13) - NET/0-12 ( using PXN via GPU/0-929792, distance 4 <= 6, read 0, mode Default)
gpu-nodes-2:1001:1001 [2] NCCL INFO GPU Direct RDMA Enabled for GPU/0-602112 (rank 14) - NET/0-12 ( using PXN via GPU/0-929792, distance 4 <= 6, read 0, mode Default)
gpu-nodes-2:1001:1001 [2] NCCL INFO GPU Direct RDMA Enabled for GPU/0-929792 (rank 15) - NET/0-12 (distance 4 <= 6, read 0, mode Default)
gpu-nodes-2:1001:1001 [2] NCCL INFO GPU Direct RDMA Enabled for GPU/0-995328 (rank 16) - NET/0-12 ( using PXN via GPU/0-929792, distance 4 <= 6, read 0, mode Default)
gpu-nodes-2:1001:1001 [2] NCCL INFO GPU Direct RDMA Enabled for GPU/0-12288 (rank 9) - NET/0-13 ( using PXN via GPU/0-995328, distance 4 <= 6, read 0, mode Default)
gpu-nodes-2:1001:1001 [2] NCCL INFO GPU Direct RDMA Enabled for GPU/0-77824 (rank 10) - NET/0-13 ( using PXN via GPU/0-995328, distance 4 <= 6, read 0, mode Default)
gpu-nodes-2:1001:1001 [2] NCCL INFO GPU Direct RDMA Enabled for GPU/0-405504 (rank 11) - NET/0-13 ( using PXN via GPU/0-995328, distance 4 <= 6, read 0, mode Default)
gpu-nodes-2:1001:1001 [2] NCCL INFO GPU Direct RDMA Enabled for GPU/0-471040 (rank 12) - NET/0-13 ( using PXN via GPU/0-995328, distance 4 <= 6, read 0, mode Default)
gpu-nodes-2:1001:1001 [2] NCCL INFO GPU Direct RDMA Enabled for GPU/0-536576 (rank 13) - NET/0-13 ( using PXN via GPU/0-995328, distance 4 <= 6, read 0, mode Default)
gpu-nodes-2:1001:1001 [2] NCCL INFO GPU Direct RDMA Enabled for GPU/0-602112 (rank 14) - NET/0-13 ( using PXN via GPU/0-995328, distance 4 <= 6, read 0, mode Default)
gpu-nodes-2:1001:1001 [2] NCCL INFO GPU Direct RDMA Enabled for GPU/0-929792 (rank 15) - NET/0-13 ( using PXN via GPU/0-995328, distance 4 <= 6, read 0, mode Default)
gpu-nodes-2:1001:1001 [2] NCCL INFO GPU Direct RDMA Enabled for GPU/0-995328 (rank 16) - NET/0-13 (distance 4 <= 6, read 0, mode Default)
gpu-nodes-2:1001:1001 [2] NCCL INFO === System : maxBw 48.0 totalBw 721.8 ===
gpu-nodes-2:1001:1001 [2] NCCL INFO CPU/0-0 (1/2/-1)
gpu-nodes-2:1001:1001 [2] NCCL INFO + PCI[48.0] - PCI/0-1000 (1000c03015d91d72)
gpu-nodes-2:1001:1001 [2] NCCL INFO               + PCI[48.0] - GPU/0-3000 (9)
gpu-nodes-2:1001:1001 [2] NCCL INFO                             + NVL[721.8] - NVS/0-0
gpu-nodes-2:1001:1001 [2] NCCL INFO               + PCI[48.0] - NIC/0-4000
gpu-nodes-2:1001:1001 [2] NCCL INFO                             + NET[50.0] - NET/0-0 (0/bc3dca0003e60050/1/50.000000)
gpu-nodes-2:1001:1001 [2] NCCL INFO                             + NET[50.0] - GIN/0-0
gpu-nodes-2:1001:1001 [2] NCCL INFO + PCI[48.0] - PCI/0-11000 (1000c03015d91d72)
gpu-nodes-2:1001:1001 [2] NCCL INFO               + PCI[48.0] - NIC/0-14000
gpu-nodes-2:1001:1001 [2] NCCL INFO                             + NET[50.0] - NET/0-1 (0/2c3eca0003e60050/1/50.000000)
gpu-nodes-2:1001:1001 [2] NCCL INFO                             + NET[50.0] - GIN/0-1
gpu-nodes-2:1001:1001 [2] NCCL INFO               + PCI[48.0] - GPU/0-13000 (10)
gpu-nodes-2:1001:1001 [2] NCCL INFO                             + NVL[721.8] - NVS/0-0
gpu-nodes-2:1001:1001 [2] NCCL INFO + PCI[48.0] - PCI/0-61000 (1000c03015d91d72)
gpu-nodes-2:1001:1001 [2] NCCL INFO               + PCI[48.0] - NIC/0-64000
gpu-nodes-2:1001:1001 [2] NCCL INFO                             + NET[50.0] - NET/0-2 (0/1c3eca0003e60050/1/50.000000)
gpu-nodes-2:1001:1001 [2] NCCL INFO                             + NET[50.0] - GIN/0-2
gpu-nodes-2:1001:1001 [2] NCCL INFO               + PCI[48.0] - GPU/0-63000 (11)
gpu-nodes-2:1001:1001 [2] NCCL INFO                             + NVL[721.8] - NVS/0-0
gpu-nodes-2:1001:1001 [2] NCCL INFO + PCI[48.0] - PCI/0-71000 (1000c03015d91d72)
gpu-nodes-2:1001:1001 [2] NCCL INFO               + PCI[48.0] - NIC/0-74000
gpu-nodes-2:1001:1001 [2] NCCL INFO                             + NET[50.0] - NET/0-3 (0/dc3dca0003e60050/1/50.000000)
gpu-nodes-2:1001:1001 [2] NCCL INFO                             + NET[50.0] - GIN/0-3
gpu-nodes-2:1001:1001 [2] NCCL INFO               + PCI[48.0] - GPU/0-73000 (12)
gpu-nodes-2:1001:1001 [2] NCCL INFO                             + NVL[721.8] - NVS/0-0
gpu-nodes-2:1001:1001 [2] NCCL INFO + SYS[16.0] - CPU/0-1
gpu-nodes-2:1001:1001 [2] NCCL INFO CPU/0-1 (1/2/-1)
gpu-nodes-2:1001:1001 [2] NCCL INFO + PCI[48.0] - PCI/0-81000 (1000c03015d91d72)
gpu-nodes-2:1001:1001 [2] NCCL INFO               + PCI[48.0] - NIC/0-84000
gpu-nodes-2:1001:1001 [2] NCCL INFO                             + NET[50.0] - NET/0-4 (0/1c9fca0003e60050/1/50.000000)
gpu-nodes-2:1001:1001 [2] NCCL INFO                             + NET[50.0] - GIN/0-4
gpu-nodes-2:1001:1001 [2] NCCL INFO               + PCI[48.0] - GPU/0-83000 (13)
gpu-nodes-2:1001:1001 [2] NCCL INFO                             + NVL[721.8] - NVS/0-0
gpu-nodes-2:1001:1001 [2] NCCL INFO + PCI[48.0] - PCI/0-91000 (1000c03015d91d72)
gpu-nodes-2:1001:1001 [2] NCCL INFO               + PCI[48.0] - NIC/0-94000
gpu-nodes-2:1001:1001 [2] NCCL INFO                             + NET[50.0] - NET/0-5 (0/ac9eca0003e60050/1/50.000000)
gpu-nodes-2:1001:1001 [2] NCCL INFO                             + NET[50.0] - GIN/0-5
gpu-nodes-2:1001:1001 [2] NCCL INFO               + PCI[48.0] - GPU/0-93000 (14)
gpu-nodes-2:1001:1001 [2] NCCL INFO                             + NVL[721.8] - NVS/0-0
gpu-nodes-2:1001:1001 [2] NCCL INFO + PCI[48.0] - NIC/0-c1000
gpu-nodes-2:1001:1001 [2] NCCL INFO               + NET[50.0] - NET/0-e (0/43cb90003bd70c4/1/50.000000)
gpu-nodes-2:1001:1001 [2] NCCL INFO               + NET[25.0] - NET/0-6 (0/43cb90003bd70c4/1/25.000000)
gpu-nodes-2:1001:1001 [2] NCCL INFO               + NET[25.0] - GIN/0-6
gpu-nodes-2:1001:1001 [2] NCCL INFO               + NET[25.0] - NET/0-7 (0/43cb90003bd70c4/2/25.000000)
gpu-nodes-2:1001:1001 [2] NCCL INFO               + NET[25.0] - GIN/0-7
gpu-nodes-2:1001:1001 [2] NCCL INFO + PCI[48.0] - PCI/0-e1000 (1000c03015d91d72)
gpu-nodes-2:1001:1001 [2] NCCL INFO               + PCI[48.0] - NIC/0-e4000
gpu-nodes-2:1001:1001 [2] NCCL INFO                             + NET[50.0] - NET/0-c (0/149bca0003e60050/1/50.000000)
gpu-nodes-2:1001:1001 [2] NCCL INFO                             + NET[50.0] - GIN/0-c
gpu-nodes-2:1001:1001 [2] NCCL INFO               + PCI[48.0] - GPU/0-e3000 (15)
gpu-nodes-2:1001:1001 [2] NCCL INFO                             + NVL[721.8] - NVS/0-0
gpu-nodes-2:1001:1001 [2] NCCL INFO + PCI[48.0] - PCI/0-f1000 (1000c03015d91d72)
gpu-nodes-2:1001:1001 [2] NCCL INFO               + PCI[48.0] - NIC/0-f4000
gpu-nodes-2:1001:1001 [2] NCCL INFO                             + NET[50.0] - NET/0-d (0/fc9aca0003e60050/1/50.000000)
gpu-nodes-2:1001:1001 [2] NCCL INFO                             + NET[50.0] - GIN/0-d
gpu-nodes-2:1001:1001 [2] NCCL INFO               + PCI[48.0] - GPU/0-f3000 (16)
gpu-nodes-2:1001:1001 [2] NCCL INFO                             + NVL[721.8] - NVS/0-0
gpu-nodes-2:1001:1001 [2] NCCL INFO + SYS[16.0] - CPU/0-0
gpu-nodes-2:1001:1001 [2] NCCL INFO + PCI[1.5] - NIC/0-d2000
gpu-nodes-2:1001:1001 [2] NCCL INFO              + NET[50.0] - NET/0-f (0/62541b0003098c7c/1/50.000000)
gpu-nodes-2:1001:1001 [2] NCCL INFO              + NET[12.5] - NET/0-8 (0/62541b0003098c7c/1/12.500000)
gpu-nodes-2:1001:1001 [2] NCCL INFO              + NET[12.5] - GIN/0-8
gpu-nodes-2:1001:1001 [2] NCCL INFO              + NET[12.5] - NET/0-9 (0/62541b0003098c7c/2/12.500000)
gpu-nodes-2:1001:1001 [2] NCCL INFO              + NET[12.5] - GIN/0-9
gpu-nodes-2:1001:1001 [2] NCCL INFO              + NET[12.5] - NET/0-a (0/62541b0003098c7c/3/12.500000)
gpu-nodes-2:1001:1001 [2] NCCL INFO              + NET[12.5] - GIN/0-a
gpu-nodes-2:1001:1001 [2] NCCL INFO              + NET[12.5] - NET/0-b (0/62541b0003098c7c/4/12.500000)
gpu-nodes-2:1001:1001 [2] NCCL INFO              + NET[12.5] - GIN/0-b
gpu-nodes-2:1001:1001 [2] NCCL INFO ==========================================
gpu-nodes-2:1001:1001 [2] NCCL INFO GPU/0-3000 :GPU/0-3000 (0/5000.0/LOC) GPU/0-13000 (2/721.8/NVL) GPU/0-63000 (2/721.8/NVL) GPU/0-73000 (2/721.8/NVL) GPU/0-83000 (2/721.8/NVL) GPU/0-93000 (2/721.8/NVL) GPU/0-e3000 (2/721.8/NVL) GPU/0-f3000 (2/721.8/NVL) NVS/0-0 (1/721.8/NVL) CPU/0-0 (2/48.0/PHB) CPU/0-1 (3/16.0/SYS) NET/0-0 (3/48.0/PIX) NET/0-1 (5/48.0/PXN) NET/0-2 (5/48.0/PXN) NET/0-3 (5/48.0/PXN) NET/0-4 (5/48.0/PXN) NET/0-5 (5/48.0/PXN) NET/0-6 (5/16.0/SYS) NET/0-7 (5/16.0/SYS) NET/0-e (5/16.0/SYS) NET/0-8 (5/1.5/SYS) NET/0-9 (5/1.5/SYS) NET/0-a (5/1.5/SYS) NET/0-b (5/1.5/SYS) NET/0-f (5/1.5/SYS) NET/0-c (5/48.0/PXN) NET/0-d (5/48.0/PXN) GIN/0-0 (3/48.0/PIX) GIN/0-1 (5/48.0/PHB) GIN/0-2 (5/48.0/PHB) GIN/0-3 (5/48.0/PHB) GIN/0-4 (6/16.0/SYS) GIN/0-5 (6/16.0/SYS) GIN/0-6 (5/16.0/SYS) GIN/0-7 (5/16.0/SYS) GIN/0-8 (5/1.5/SYS) GIN/0-9 (5/1.5/SYS) GIN/0-a (5/1.5/SYS) GIN/0-b (5/1.5/SYS) GIN/0-c (6/16.0/SYS) GIN/0-d (6/16.0/SYS) 
gpu-nodes-2:1001:1001 [2] NCCL INFO GPU/0-13000 :GPU/0-3000 (2/721.8/NVL) GPU/0-13000 (0/5000.0/LOC) GPU/0-63000 (2/721.8/NVL) GPU/0-73000 (2/721.8/NVL) GPU/0-83000 (2/721.8/NVL) GPU/0-93000 (2/721.8/NVL) GPU/0-e3000 (2/721.8/NVL) GPU/0-f3000 (2/721.8/NVL) NVS/0-0 (1/721.8/NVL) CPU/0-0 (2/48.0/PHB) CPU/0-1 (3/16.0/SYS) NET/0-0 (5/48.0/PXN) NET/0-1 (3/48.0/PIX) NET/0-2 (5/48.0/PXN) NET/0-3 (5/48.0/PXN) NET/0-4 (5/48.0/PXN) NET/0-5 (5/48.0/PXN) NET/0-6 (5/16.0/SYS) NET/0-7 (5/16.0/SYS) NET/0-e (5/16.0/SYS) NET/0-8 (5/1.5/SYS) NET/0-9 (5/1.5/SYS) NET/0-a (5/1.5/SYS) NET/0-b (5/1.5/SYS) NET/0-f (5/1.5/SYS) NET/0-c (5/48.0/PXN) NET/0-d (5/48.0/PXN) GIN/0-0 (5/48.0/PHB) GIN/0-1 (3/48.0/PIX) GIN/0-2 (5/48.0/PHB) GIN/0-3 (5/48.0/PHB) GIN/0-4 (6/16.0/SYS) GIN/0-5 (6/16.0/SYS) GIN/0-6 (5/16.0/SYS) GIN/0-7 (5/16.0/SYS) GIN/0-8 (5/1.5/SYS) GIN/0-9 (5/1.5/SYS) GIN/0-a (5/1.5/SYS) GIN/0-b (5/1.5/SYS) GIN/0-c (6/16.0/SYS) GIN/0-d (6/16.0/SYS) 
gpu-nodes-2:1001:1001 [2] NCCL INFO GPU/0-63000 :GPU/0-3000 (2/721.8/NVL) GPU/0-13000 (2/721.8/NVL) GPU/0-63000 (0/5000.0/LOC) GPU/0-73000 (2/721.8/NVL) GPU/0-83000 (2/721.8/NVL) GPU/0-93000 (2/721.8/NVL) GPU/0-e3000 (2/721.8/NVL) GPU/0-f3000 (2/721.8/NVL) NVS/0-0 (1/721.8/NVL) CPU/0-0 (2/48.0/PHB) CPU/0-1 (3/16.0/SYS) NET/0-0 (5/48.0/PXN) NET/0-1 (5/48.0/PXN) NET/0-2 (3/48.0/PIX) NET/0-3 (5/48.0/PXN) NET/0-4 (5/48.0/PXN) NET/0-5 (5/48.0/PXN) NET/0-6 (5/16.0/SYS) NET/0-7 (5/16.0/SYS) NET/0-e (5/16.0/SYS) NET/0-8 (5/1.5/SYS) NET/0-9 (5/1.5/SYS) NET/0-a (5/1.5/SYS) NET/0-b (5/1.5/SYS) NET/0-f (5/1.5/SYS) NET/0-c (5/48.0/PXN) NET/0-d (5/48.0/PXN) GIN/0-0 (5/48.0/PHB) GIN/0-1 (5/48.0/PHB) GIN/0-2 (3/48.0/PIX) GIN/0-3 (5/48.0/PHB) GIN/0-4 (6/16.0/SYS) GIN/0-5 (6/16.0/SYS) GIN/0-6 (5/16.0/SYS) GIN/0-7 (5/16.0/SYS) GIN/0-8 (5/1.5/SYS) GIN/0-9 (5/1.5/SYS) GIN/0-a (5/1.5/SYS) GIN/0-b (5/1.5/SYS) GIN/0-c (6/16.0/SYS) GIN/0-d (6/16.0/SYS) 
gpu-nodes-2:1001:1001 [2] NCCL INFO GPU/0-73000 :GPU/0-3000 (2/721.8/NVL) GPU/0-13000 (2/721.8/NVL) GPU/0-63000 (2/721.8/NVL) GPU/0-73000 (0/5000.0/LOC) GPU/0-83000 (2/721.8/NVL) GPU/0-93000 (2/721.8/NVL) GPU/0-e3000 (2/721.8/NVL) GPU/0-f3000 (2/721.8/NVL) NVS/0-0 (1/721.8/NVL) CPU/0-0 (2/48.0/PHB) CPU/0-1 (3/16.0/SYS) NET/0-0 (5/48.0/PXN) NET/0-1 (5/48.0/PXN) NET/0-2 (5/48.0/PXN) NET/0-3 (3/48.0/PIX) NET/0-4 (5/48.0/PXN) NET/0-5 (5/48.0/PXN) NET/0-6 (5/16.0/SYS) NET/0-7 (5/16.0/SYS) NET/0-e (5/16.0/SYS) NET/0-8 (5/1.5/SYS) NET/0-9 (5/1.5/SYS) NET/0-a (5/1.5/SYS) NET/0-b (5/1.5/SYS) NET/0-f (5/1.5/SYS) NET/0-c (5/48.0/PXN) NET/0-d (5/48.0/PXN) GIN/0-0 (5/48.0/PHB) GIN/0-1 (5/48.0/PHB) GIN/0-2 (5/48.0/PHB) GIN/0-3 (3/48.0/PIX) GIN/0-4 (6/16.0/SYS) GIN/0-5 (6/16.0/SYS) GIN/0-6 (5/16.0/SYS) GIN/0-7 (5/16.0/SYS) GIN/0-8 (5/1.5/SYS) GIN/0-9 (5/1.5/SYS) GIN/0-a (5/1.5/SYS) GIN/0-b (5/1.5/SYS) GIN/0-c (6/16.0/SYS) GIN/0-d (6/16.0/SYS) 
gpu-nodes-2:1001:1001 [2] NCCL INFO GPU/0-83000 :GPU/0-3000 (2/721.8/NVL) GPU/0-13000 (2/721.8/NVL) GPU/0-63000 (2/721.8/NVL) GPU/0-73000 (2/721.8/NVL) GPU/0-83000 (0/5000.0/LOC) GPU/0-93000 (2/721.8/NVL) GPU/0-e3000 (2/721.8/NVL) GPU/0-f3000 (2/721.8/NVL) NVS/0-0 (1/721.8/NVL) CPU/0-0 (3/16.0/SYS) CPU/0-1 (2/48.0/PHB) NET/0-0 (5/48.0/PXN) NET/0-1 (5/48.0/PXN) NET/0-2 (5/48.0/PXN) NET/0-3 (5/48.0/PXN) NET/0-4 (3/48.0/PIX) NET/0-5 (5/48.0/PXN) NET/0-6 (4/25.0/PHB) NET/0-7 (4/25.0/PHB) NET/0-e (4/48.0/PHB) NET/0-8 (4/1.5/PHB) NET/0-9 (4/1.5/PHB) NET/0-a (4/1.5/PHB) NET/0-b (4/1.5/PHB) NET/0-f (4/1.5/PHB) NET/0-c (5/48.0/PXN) NET/0-d (5/48.0/PXN) GIN/0-0 (6/16.0/SYS) GIN/0-1 (6/16.0/SYS) GIN/0-2 (6/16.0/SYS) GIN/0-3 (6/16.0/SYS) GIN/0-4 (3/48.0/PIX) GIN/0-5 (5/48.0/PHB) GIN/0-6 (4/25.0/PHB) GIN/0-7 (4/25.0/PHB) GIN/0-8 (4/1.5/PHB) GIN/0-9 (4/1.5/PHB) GIN/0-a (4/1.5/PHB) GIN/0-b (4/1.5/PHB) GIN/0-c (5/48.0/PHB) GIN/0-d (5/48.0/PHB) 
gpu-nodes-2:1001:1001 [2] NCCL INFO GPU/0-93000 :GPU/0-3000 (2/721.8/NVL) GPU/0-13000 (2/721.8/NVL) GPU/0-63000 (2/721.8/NVL) GPU/0-73000 (2/721.8/NVL) GPU/0-83000 (2/721.8/NVL) GPU/0-93000 (0/5000.0/LOC) GPU/0-e3000 (2/721.8/NVL) GPU/0-f3000 (2/721.8/NVL) NVS/0-0 (1/721.8/NVL) CPU/0-0 (3/16.0/SYS) CPU/0-1 (2/48.0/PHB) NET/0-0 (5/48.0/PXN) NET/0-1 (5/48.0/PXN) NET/0-2 (5/48.0/PXN) NET/0-3 (5/48.0/PXN) NET/0-4 (5/48.0/PXN) NET/0-5 (3/48.0/PIX) NET/0-6 (4/25.0/PHB) NET/0-7 (4/25.0/PHB) NET/0-e (4/48.0/PHB) NET/0-8 (4/1.5/PHB) NET/0-9 (4/1.5/PHB) NET/0-a (4/1.5/PHB) NET/0-b (4/1.5/PHB) NET/0-f (4/1.5/PHB) NET/0-c (5/48.0/PXN) NET/0-d (5/48.0/PXN) GIN/0-0 (6/16.0/SYS) GIN/0-1 (6/16.0/SYS) GIN/0-2 (6/16.0/SYS) GIN/0-3 (6/16.0/SYS) GIN/0-4 (5/48.0/PHB) GIN/0-5 (3/48.0/PIX) GIN/0-6 (4/25.0/PHB) GIN/0-7 (4/25.0/PHB) GIN/0-8 (4/1.5/PHB) GIN/0-9 (4/1.5/PHB) GIN/0-a (4/1.5/PHB) GIN/0-b (4/1.5/PHB) GIN/0-c (5/48.0/PHB) GIN/0-d (5/48.0/PHB) 
gpu-nodes-2:1001:1001 [2] NCCL INFO GPU/0-e3000 :GPU/0-3000 (2/721.8/NVL) GPU/0-13000 (2/721.8/NVL) GPU/0-63000 (2/721.8/NVL) GPU/0-73000 (2/721.8/NVL) GPU/0-83000 (2/721.8/NVL) GPU/0-93000 (2/721.8/NVL) GPU/0-e3000 (0/5000.0/LOC) GPU/0-f3000 (2/721.8/NVL) NVS/0-0 (1/721.8/NVL) CPU/0-0 (3/16.0/SYS) CPU/0-1 (2/48.0/PHB) NET/0-0 (5/48.0/PXN) NET/0-1 (5/48.0/PXN) NET/0-2 (5/48.0/PXN) NET/0-3 (5/48.0/PXN) NET/0-4 (5/48.0/PXN) NET/0-5 (5/48.0/PXN) NET/0-6 (4/25.0/PHB) NET/0-7 (4/25.0/PHB) NET/0-e (4/48.0/PHB) NET/0-8 (4/1.5/PHB) NET/0-9 (4/1.5/PHB) NET/0-a (4/1.5/PHB) NET/0-b (4/1.5/PHB) NET/0-f (4/1.5/PHB) NET/0-c (3/48.0/PIX) NET/0-d (5/48.0/PXN) GIN/0-0 (6/16.0/SYS) GIN/0-1 (6/16.0/SYS) GIN/0-2 (6/16.0/SYS) GIN/0-3 (6/16.0/SYS) GIN/0-4 (5/48.0/PHB) GIN/0-5 (5/48.0/PHB) GIN/0-6 (4/25.0/PHB) GIN/0-7 (4/25.0/PHB) GIN/0-8 (4/1.5/PHB) GIN/0-9 (4/1.5/PHB) GIN/0-a (4/1.5/PHB) GIN/0-b (4/1.5/PHB) GIN/0-c (3/48.0/PIX) GIN/0-d (5/48.0/PHB) 
gpu-nodes-2:1001:1001 [2] NCCL INFO GPU/0-f3000 :GPU/0-3000 (2/721.8/NVL) GPU/0-13000 (2/721.8/NVL) GPU/0-63000 (2/721.8/NVL) GPU/0-73000 (2/721.8/NVL) GPU/0-83000 (2/721.8/NVL) GPU/0-93000 (2/721.8/NVL) GPU/0-e3000 (2/721.8/NVL) GPU/0-f3000 (0/5000.0/LOC) NVS/0-0 (1/721.8/NVL) CPU/0-0 (3/16.0/SYS) CPU/0-1 (2/48.0/PHB) NET/0-0 (5/48.0/PXN) NET/0-1 (5/48.0/PXN) NET/0-2 (5/48.0/PXN) NET/0-3 (5/48.0/PXN) NET/0-4 (5/48.0/PXN) NET/0-5 (5/48.0/PXN) NET/0-6 (4/25.0/PHB) NET/0-7 (4/25.0/PHB) NET/0-e (4/48.0/PHB) NET/0-8 (4/1.5/PHB) NET/0-9 (4/1.5/PHB) NET/0-a (4/1.5/PHB) NET/0-b (4/1.5/PHB) NET/0-f (4/1.5/PHB) NET/0-c (5/48.0/PXN) NET/0-d (3/48.0/PIX) GIN/0-0 (6/16.0/SYS) GIN/0-1 (6/16.0/SYS) GIN/0-2 (6/16.0/SYS) GIN/0-3 (6/16.0/SYS) GIN/0-4 (5/48.0/PHB) GIN/0-5 (5/48.0/PHB) GIN/0-6 (4/25.0/PHB) GIN/0-7 (4/25.0/PHB) GIN/0-8 (4/1.5/PHB) GIN/0-9 (4/1.5/PHB) GIN/0-a (4/1.5/PHB) GIN/0-b (4/1.5/PHB) GIN/0-c (5/48.0/PHB) GIN/0-d (3/48.0/PIX) 
gpu-nodes-2:1001:1001 [2] NCCL INFO NET/0-0 :GPU/0-3000 (3/48.0/PIX) GPU/0-13000 (5/48.0/PHB) GPU/0-63000 (5/48.0/PHB) GPU/0-73000 (5/48.0/PHB) GPU/0-83000 (6/16.0/SYS) GPU/0-93000 (6/16.0/SYS) GPU/0-e3000 (6/16.0/SYS) GPU/0-f3000 (6/16.0/SYS) CPU/0-0 (3/48.0/PHB) CPU/0-1 (4/16.0/SYS) NET/0-0 (0/5000.0/LOC) NET/0-1 (6/48.0/PHB) NET/0-2 (6/48.0/PHB) NET/0-3 (6/48.0/PHB) NET/0-4 (7/16.0/SYS) NET/0-5 (7/16.0/SYS) NET/0-6 (6/16.0/SYS) NET/0-7 (6/16.0/SYS) NET/0-e (6/16.0/SYS) NET/0-8 (6/1.5/SYS) NET/0-9 (6/1.5/SYS) NET/0-a (6/1.5/SYS) NET/0-b (6/1.5/SYS) NET/0-f (6/1.5/SYS) NET/0-c (7/16.0/SYS) NET/0-d (7/16.0/SYS) GIN/0-0 (2/50.0/LOC) GIN/0-1 (6/48.0/PHB) GIN/0-2 (6/48.0/PHB) GIN/0-3 (6/48.0/PHB) GIN/0-4 (7/16.0/SYS) GIN/0-5 (7/16.0/SYS) GIN/0-6 (6/16.0/SYS) GIN/0-7 (6/16.0/SYS) GIN/0-8 (6/1.5/SYS) GIN/0-9 (6/1.5/SYS) GIN/0-a (6/1.5/SYS) GIN/0-b (6/1.5/SYS) GIN/0-c (7/16.0/SYS) GIN/0-d (7/16.0/SYS) 
gpu-nodes-2:1001:1001 [2] NCCL INFO NET/0-1 :GPU/0-3000 (5/48.0/PHB) GPU/0-13000 (3/48.0/PIX) GPU/0-63000 (5/48.0/PHB) GPU/0-73000 (5/48.0/PHB) GPU/0-83000 (6/16.0/SYS) GPU/0-93000 (6/16.0/SYS) GPU/0-e3000 (6/16.0/SYS) GPU/0-f3000 (6/16.0/SYS) CPU/0-0 (3/48.0/PHB) CPU/0-1 (4/16.0/SYS) NET/0-0 (6/48.0/PHB) NET/0-1 (0/5000.0/LOC) NET/0-2 (6/48.0/PHB) NET/0-3 (6/48.0/PHB) NET/0-4 (7/16.0/SYS) NET/0-5 (7/16.0/SYS) NET/0-6 (6/16.0/SYS) NET/0-7 (6/16.0/SYS) NET/0-e (6/16.0/SYS) NET/0-8 (6/1.5/SYS) NET/0-9 (6/1.5/SYS) NET/0-a (6/1.5/SYS) NET/0-b (6/1.5/SYS) NET/0-f (6/1.5/SYS) NET/0-c (7/16.0/SYS) NET/0-d (7/16.0/SYS) GIN/0-0 (6/48.0/PHB) GIN/0-1 (2/50.0/LOC) GIN/0-2 (6/48.0/PHB) GIN/0-3 (6/48.0/PHB) GIN/0-4 (7/16.0/SYS) GIN/0-5 (7/16.0/SYS) GIN/0-6 (6/16.0/SYS) GIN/0-7 (6/16.0/SYS) GIN/0-8 (6/1.5/SYS) GIN/0-9 (6/1.5/SYS) GIN/0-a (6/1.5/SYS) GIN/0-b (6/1.5/SYS) GIN/0-c (7/16.0/SYS) GIN/0-d (7/16.0/SYS) 
gpu-nodes-2:1001:1001 [2] NCCL INFO NET/0-2 :GPU/0-3000 (5/48.0/PHB) GPU/0-13000 (5/48.0/PHB) GPU/0-63000 (3/48.0/PIX) GPU/0-73000 (5/48.0/PHB) GPU/0-83000 (6/16.0/SYS) GPU/0-93000 (6/16.0/SYS) GPU/0-e3000 (6/16.0/SYS) GPU/0-f3000 (6/16.0/SYS) CPU/0-0 (3/48.0/PHB) CPU/0-1 (4/16.0/SYS) NET/0-0 (6/48.0/PHB) NET/0-1 (6/48.0/PHB) NET/0-2 (0/5000.0/LOC) NET/0-3 (6/48.0/PHB) NET/0-4 (7/16.0/SYS) NET/0-5 (7/16.0/SYS) NET/0-6 (6/16.0/SYS) NET/0-7 (6/16.0/SYS) NET/0-e (6/16.0/SYS) NET/0-8 (6/1.5/SYS) NET/0-9 (6/1.5/SYS) NET/0-a (6/1.5/SYS) NET/0-b (6/1.5/SYS) NET/0-f (6/1.5/SYS) NET/0-c (7/16.0/SYS) NET/0-d (7/16.0/SYS) GIN/0-0 (6/48.0/PHB) GIN/0-1 (6/48.0/PHB) GIN/0-2 (2/50.0/LOC) GIN/0-3 (6/48.0/PHB) GIN/0-4 (7/16.0/SYS) GIN/0-5 (7/16.0/SYS) GIN/0-6 (6/16.0/SYS) GIN/0-7 (6/16.0/SYS) GIN/0-8 (6/1.5/SYS) GIN/0-9 (6/1.5/SYS) GIN/0-a (6/1.5/SYS) GIN/0-b (6/1.5/SYS) GIN/0-c (7/16.0/SYS) GIN/0-d (7/16.0/SYS) 
gpu-nodes-2:1001:1001 [2] NCCL INFO NET/0-3 :GPU/0-3000 (5/48.0/PHB) GPU/0-13000 (5/48.0/PHB) GPU/0-63000 (5/48.0/PHB) GPU/0-73000 (3/48.0/PIX) GPU/0-83000 (6/16.0/SYS) GPU/0-93000 (6/16.0/SYS) GPU/0-e3000 (6/16.0/SYS) GPU/0-f3000 (6/16.0/SYS) CPU/0-0 (3/48.0/PHB) CPU/0-1 (4/16.0/SYS) NET/0-0 (6/48.0/PHB) NET/0-1 (6/48.0/PHB) NET/0-2 (6/48.0/PHB) NET/0-3 (0/5000.0/LOC) NET/0-4 (7/16.0/SYS) NET/0-5 (7/16.0/SYS) NET/0-6 (6/16.0/SYS) NET/0-7 (6/16.0/SYS) NET/0-e (6/16.0/SYS) NET/0-8 (6/1.5/SYS) NET/0-9 (6/1.5/SYS) NET/0-a (6/1.5/SYS) NET/0-b (6/1.5/SYS) NET/0-f (6/1.5/SYS) NET/0-c (7/16.0/SYS) NET/0-d (7/16.0/SYS) GIN/0-0 (6/48.0/PHB) GIN/0-1 (6/48.0/PHB) GIN/0-2 (6/48.0/PHB) GIN/0-3 (2/50.0/LOC) GIN/0-4 (7/16.0/SYS) GIN/0-5 (7/16.0/SYS) GIN/0-6 (6/16.0/SYS) GIN/0-7 (6/16.0/SYS) GIN/0-8 (6/1.5/SYS) GIN/0-9 (6/1.5/SYS) GIN/0-a (6/1.5/SYS) GIN/0-b (6/1.5/SYS) GIN/0-c (7/16.0/SYS) GIN/0-d (7/16.0/SYS) 
gpu-nodes-2:1001:1001 [2] NCCL INFO NET/0-4 :GPU/0-3000 (6/16.0/SYS) GPU/0-13000 (6/16.0/SYS) GPU/0-63000 (6/16.0/SYS) GPU/0-73000 (6/16.0/SYS) GPU/0-83000 (3/48.0/PIX) GPU/0-93000 (5/48.0/PHB) GPU/0-e3000 (5/48.0/PHB) GPU/0-f3000 (5/48.0/PHB) CPU/0-0 (4/16.0/SYS) CPU/0-1 (3/48.0/PHB) NET/0-0 (7/16.0/SYS) NET/0-1 (7/16.0/SYS) NET/0-2 (7/16.0/SYS) NET/0-3 (7/16.0/SYS) NET/0-4 (0/5000.0/LOC) NET/0-5 (6/48.0/PHB) NET/0-6 (5/25.0/PHB) NET/0-7 (5/25.0/PHB) NET/0-e (5/48.0/PHB) NET/0-8 (5/1.5/PHB) NET/0-9 (5/1.5/PHB) NET/0-a (5/1.5/PHB) NET/0-b (5/1.5/PHB) NET/0-f (5/1.5/PHB) NET/0-c (6/48.0/PHB) NET/0-d (6/48.0/PHB) GIN/0-0 (7/16.0/SYS) GIN/0-1 (7/16.0/SYS) GIN/0-2 (7/16.0/SYS) GIN/0-3 (7/16.0/SYS) GIN/0-4 (2/50.0/LOC) GIN/0-5 (6/48.0/PHB) GIN/0-6 (5/25.0/PHB) GIN/0-7 (5/25.0/PHB) GIN/0-8 (5/1.5/PHB) GIN/0-9 (5/1.5/PHB) GIN/0-a (5/1.5/PHB) GIN/0-b (5/1.5/PHB) GIN/0-c (6/48.0/PHB) GIN/0-d (6/48.0/PHB) 
gpu-nodes-2:1001:1001 [2] NCCL INFO NET/0-5 :GPU/0-3000 (6/16.0/SYS) GPU/0-13000 (6/16.0/SYS) GPU/0-63000 (6/16.0/SYS) GPU/0-73000 (6/16.0/SYS) GPU/0-83000 (5/48.0/PHB) GPU/0-93000 (3/48.0/PIX) GPU/0-e3000 (5/48.0/PHB) GPU/0-f3000 (5/48.0/PHB) CPU/0-0 (4/16.0/SYS) CPU/0-1 (3/48.0/PHB) NET/0-0 (7/16.0/SYS) NET/0-1 (7/16.0/SYS) NET/0-2 (7/16.0/SYS) NET/0-3 (7/16.0/SYS) NET/0-4 (6/48.0/PHB) NET/0-5 (0/5000.0/LOC) NET/0-6 (5/25.0/PHB) NET/0-7 (5/25.0/PHB) NET/0-e (5/48.0/PHB) NET/0-8 (5/1.5/PHB) NET/0-9 (5/1.5/PHB) NET/0-a (5/1.5/PHB) NET/0-b (5/1.5/PHB) NET/0-f (5/1.5/PHB) NET/0-c (6/48.0/PHB) NET/0-d (6/48.0/PHB) GIN/0-0 (7/16.0/SYS) GIN/0-1 (7/16.0/SYS) GIN/0-2 (7/16.0/SYS) GIN/0-3 (7/16.0/SYS) GIN/0-4 (6/48.0/PHB) GIN/0-5 (2/50.0/LOC) GIN/0-6 (5/25.0/PHB) GIN/0-7 (5/25.0/PHB) GIN/0-8 (5/1.5/PHB) GIN/0-9 (5/1.5/PHB) GIN/0-a (5/1.5/PHB) GIN/0-b (5/1.5/PHB) GIN/0-c (6/48.0/PHB) GIN/0-d (6/48.0/PHB) 
gpu-nodes-2:1001:1001 [2] NCCL INFO NET/0-6 :GPU/0-3000 (5/16.0/SYS) GPU/0-13000 (5/16.0/SYS) GPU/0-63000 (5/16.0/SYS) GPU/0-73000 (5/16.0/SYS) GPU/0-83000 (4/25.0/PHB) GPU/0-93000 (4/25.0/PHB) GPU/0-e3000 (4/25.0/PHB) GPU/0-f3000 (4/25.0/PHB) CPU/0-0 (3/16.0/SYS) CPU/0-1 (2/25.0/PHB) NET/0-0 (6/16.0/SYS) NET/0-1 (6/16.0/SYS) NET/0-2 (6/16.0/SYS) NET/0-3 (6/16.0/SYS) NET/0-4 (5/25.0/PHB) NET/0-5 (5/25.0/PHB) NET/0-6 (0/5000.0/LOC) NET/0-7 (2/25.0/LOC) NET/0-e (2/25.0/LOC) NET/0-8 (4/1.5/PHB) NET/0-9 (4/1.5/PHB) NET/0-a (4/1.5/PHB) NET/0-b (4/1.5/PHB) NET/0-f (4/1.5/PHB) NET/0-c (5/25.0/PHB) NET/0-d (5/25.0/PHB) GIN/0-0 (6/16.0/SYS) GIN/0-1 (6/16.0/SYS) GIN/0-2 (6/16.0/SYS) GIN/0-3 (6/16.0/SYS) GIN/0-4 (5/25.0/PHB) GIN/0-5 (5/25.0/PHB) GIN/0-6 (2/25.0/LOC) GIN/0-7 (2/25.0/LOC) GIN/0-8 (4/1.5/PHB) GIN/0-9 (4/1.5/PHB) GIN/0-a (4/1.5/PHB) GIN/0-b (4/1.5/PHB) GIN/0-c (5/25.0/PHB) GIN/0-d (5/25.0/PHB) 
gpu-nodes-2:1001:1001 [2] NCCL INFO NET/0-7 :GPU/0-3000 (5/16.0/SYS) GPU/0-13000 (5/16.0/SYS) GPU/0-63000 (5/16.0/SYS) GPU/0-73000 (5/16.0/SYS) GPU/0-83000 (4/25.0/PHB) GPU/0-93000 (4/25.0/PHB) GPU/0-e3000 (4/25.0/PHB) GPU/0-f3000 (4/25.0/PHB) CPU/0-0 (3/16.0/SYS) CPU/0-1 (2/25.0/PHB) NET/0-0 (6/16.0/SYS) NET/0-1 (6/16.0/SYS) NET/0-2 (6/16.0/SYS) NET/0-3 (6/16.0/SYS) NET/0-4 (5/25.0/PHB) NET/0-5 (5/25.0/PHB) NET/0-6 (2/25.0/LOC) NET/0-7 (0/5000.0/LOC) NET/0-e (2/25.0/LOC) NET/0-8 (4/1.5/PHB) NET/0-9 (4/1.5/PHB) NET/0-a (4/1.5/PHB) NET/0-b (4/1.5/PHB) NET/0-f (4/1.5/PHB) NET/0-c (5/25.0/PHB) NET/0-d (5/25.0/PHB) GIN/0-0 (6/16.0/SYS) GIN/0-1 (6/16.0/SYS) GIN/0-2 (6/16.0/SYS) GIN/0-3 (6/16.0/SYS) GIN/0-4 (5/25.0/PHB) GIN/0-5 (5/25.0/PHB) GIN/0-6 (2/25.0/LOC) GIN/0-7 (2/25.0/LOC) GIN/0-8 (4/1.5/PHB) GIN/0-9 (4/1.5/PHB) GIN/0-a (4/1.5/PHB) GIN/0-b (4/1.5/PHB) GIN/0-c (5/25.0/PHB) GIN/0-d (5/25.0/PHB) 
gpu-nodes-2:1001:1001 [2] NCCL INFO NET/0-e :GPU/0-3000 (5/16.0/SYS) GPU/0-13000 (5/16.0/SYS) GPU/0-63000 (5/16.0/SYS) GPU/0-73000 (5/16.0/SYS) GPU/0-83000 (4/48.0/PHB) GPU/0-93000 (4/48.0/PHB) GPU/0-e3000 (4/48.0/PHB) GPU/0-f3000 (4/48.0/PHB) CPU/0-0 (3/16.0/SYS) CPU/0-1 (2/48.0/PHB) NET/0-0 (6/16.0/SYS) NET/0-1 (6/16.0/SYS) NET/0-2 (6/16.0/SYS) NET/0-3 (6/16.0/SYS) NET/0-4 (5/48.0/PHB) NET/0-5 (5/48.0/PHB) NET/0-6 (2/25.0/LOC) NET/0-7 (2/25.0/LOC) NET/0-e (0/5000.0/LOC) NET/0-8 (4/1.5/PHB) NET/0-9 (4/1.5/PHB) NET/0-a (4/1.5/PHB) NET/0-b (4/1.5/PHB) NET/0-f (4/1.5/PHB) NET/0-c (5/48.0/PHB) NET/0-d (5/48.0/PHB) GIN/0-0 (6/16.0/SYS) GIN/0-1 (6/16.0/SYS) GIN/0-2 (6/16.0/SYS) GIN/0-3 (6/16.0/SYS) GIN/0-4 (5/48.0/PHB) GIN/0-5 (5/48.0/PHB) GIN/0-6 (2/25.0/LOC) GIN/0-7 (2/25.0/LOC) GIN/0-8 (4/1.5/PHB) GIN/0-9 (4/1.5/PHB) GIN/0-a (4/1.5/PHB) GIN/0-b (4/1.5/PHB) GIN/0-c (5/48.0/PHB) GIN/0-d (5/48.0/PHB) 
gpu-nodes-2:1001:1001 [2] NCCL INFO NET/0-8 :GPU/0-3000 (5/1.5/SYS) GPU/0-13000 (5/1.5/SYS) GPU/0-63000 (5/1.5/SYS) GPU/0-73000 (5/1.5/SYS) GPU/0-83000 (4/1.5/PHB) GPU/0-93000 (4/1.5/PHB) GPU/0-e3000 (4/1.5/PHB) GPU/0-f3000 (4/1.5/PHB) CPU/0-0 (3/1.5/SYS) CPU/0-1 (2/1.5/PHB) NET/0-0 (6/1.5/SYS) NET/0-1 (6/1.5/SYS) NET/0-2 (6/1.5/SYS) NET/0-3 (6/1.5/SYS) NET/0-4 (5/1.5/PHB) NET/0-5 (5/1.5/PHB) NET/0-6 (4/1.5/PHB) NET/0-7 (4/1.5/PHB) NET/0-e (4/1.5/PHB) NET/0-8 (0/5000.0/LOC) NET/0-9 (2/12.5/LOC) NET/0-a (2/12.5/LOC) NET/0-b (2/12.5/LOC) NET/0-f (2/12.5/LOC) NET/0-c (5/1.5/PHB) NET/0-d (5/1.5/PHB) GIN/0-0 (6/1.5/SYS) GIN/0-1 (6/1.5/SYS) GIN/0-2 (6/1.5/SYS) GIN/0-3 (6/1.5/SYS) GIN/0-4 (5/1.5/PHB) GIN/0-5 (5/1.5/PHB) GIN/0-6 (4/1.5/PHB) GIN/0-7 (4/1.5/PHB) GIN/0-8 (2/12.5/LOC) GIN/0-9 (2/12.5/LOC) GIN/0-a (2/12.5/LOC) GIN/0-b (2/12.5/LOC) GIN/0-c (5/1.5/PHB) GIN/0-d (5/1.5/PHB) 
gpu-nodes-2:1001:1001 [2] NCCL INFO NET/0-9 :GPU/0-3000 (5/1.5/SYS) GPU/0-13000 (5/1.5/SYS) GPU/0-63000 (5/1.5/SYS) GPU/0-73000 (5/1.5/SYS) GPU/0-83000 (4/1.5/PHB) GPU/0-93000 (4/1.5/PHB) GPU/0-e3000 (4/1.5/PHB) GPU/0-f3000 (4/1.5/PHB) CPU/0-0 (3/1.5/SYS) CPU/0-1 (2/1.5/PHB) NET/0-0 (6/1.5/SYS) NET/0-1 (6/1.5/SYS) NET/0-2 (6/1.5/SYS) NET/0-3 (6/1.5/SYS) NET/0-4 (5/1.5/PHB) NET/0-5 (5/1.5/PHB) NET/0-6 (4/1.5/PHB) NET/0-7 (4/1.5/PHB) NET/0-e (4/1.5/PHB) NET/0-8 (2/12.5/LOC) NET/0-9 (0/5000.0/LOC) NET/0-a (2/12.5/LOC) NET/0-b (2/12.5/LOC) NET/0-f (2/12.5/LOC) NET/0-c (5/1.5/PHB) NET/0-d (5/1.5/PHB) GIN/0-0 (6/1.5/SYS) GIN/0-1 (6/1.5/SYS) GIN/0-2 (6/1.5/SYS) GIN/0-3 (6/1.5/SYS) GIN/0-4 (5/1.5/PHB) GIN/0-5 (5/1.5/PHB) GIN/0-6 (4/1.5/PHB) GIN/0-7 (4/1.5/PHB) GIN/0-8 (2/12.5/LOC) GIN/0-9 (2/12.5/LOC) GIN/0-a (2/12.5/LOC) GIN/0-b (2/12.5/LOC) GIN/0-c (5/1.5/PHB) GIN/0-d (5/1.5/PHB) 
gpu-nodes-2:1001:1001 [2] NCCL INFO NET/0-a :GPU/0-3000 (5/1.5/SYS) GPU/0-13000 (5/1.5/SYS) GPU/0-63000 (5/1.5/SYS) GPU/0-73000 (5/1.5/SYS) GPU/0-83000 (4/1.5/PHB) GPU/0-93000 (4/1.5/PHB) GPU/0-e3000 (4/1.5/PHB) GPU/0-f3000 (4/1.5/PHB) CPU/0-0 (3/1.5/SYS) CPU/0-1 (2/1.5/PHB) NET/0-0 (6/1.5/SYS) NET/0-1 (6/1.5/SYS) NET/0-2 (6/1.5/SYS) NET/0-3 (6/1.5/SYS) NET/0-4 (5/1.5/PHB) NET/0-5 (5/1.5/PHB) NET/0-6 (4/1.5/PHB) NET/0-7 (4/1.5/PHB) NET/0-e (4/1.5/PHB) NET/0-8 (2/12.5/LOC) NET/0-9 (2/12.5/LOC) NET/0-a (0/5000.0/LOC) NET/0-b (2/12.5/LOC) NET/0-f (2/12.5/LOC) NET/0-c (5/1.5/PHB) NET/0-d (5/1.5/PHB) GIN/0-0 (6/1.5/SYS) GIN/0-1 (6/1.5/SYS) GIN/0-2 (6/1.5/SYS) GIN/0-3 (6/1.5/SYS) GIN/0-4 (5/1.5/PHB) GIN/0-5 (5/1.5/PHB) GIN/0-6 (4/1.5/PHB) GIN/0-7 (4/1.5/PHB) GIN/0-8 (2/12.5/LOC) GIN/0-9 (2/12.5/LOC) GIN/0-a (2/12.5/LOC) GIN/0-b (2/12.5/LOC) GIN/0-c (5/1.5/PHB) GIN/0-d (5/1.5/PHB) 
gpu-nodes-2:1001:1001 [2] NCCL INFO NET/0-b :GPU/0-3000 (5/1.5/SYS) GPU/0-13000 (5/1.5/SYS) GPU/0-63000 (5/1.5/SYS) GPU/0-73000 (5/1.5/SYS) GPU/0-83000 (4/1.5/PHB) GPU/0-93000 (4/1.5/PHB) GPU/0-e3000 (4/1.5/PHB) GPU/0-f3000 (4/1.5/PHB) CPU/0-0 (3/1.5/SYS) CPU/0-1 (2/1.5/PHB) NET/0-0 (6/1.5/SYS) NET/0-1 (6/1.5/SYS) NET/0-2 (6/1.5/SYS) NET/0-3 (6/1.5/SYS) NET/0-4 (5/1.5/PHB) NET/0-5 (5/1.5/PHB) NET/0-6 (4/1.5/PHB) NET/0-7 (4/1.5/PHB) NET/0-e (4/1.5/PHB) NET/0-8 (2/12.5/LOC) NET/0-9 (2/12.5/LOC) NET/0-a (2/12.5/LOC) NET/0-b (0/5000.0/LOC) NET/0-f (2/12.5/LOC) NET/0-c (5/1.5/PHB) NET/0-d (5/1.5/PHB) GIN/0-0 (6/1.5/SYS) GIN/0-1 (6/1.5/SYS) GIN/0-2 (6/1.5/SYS) GIN/0-3 (6/1.5/SYS) GIN/0-4 (5/1.5/PHB) GIN/0-5 (5/1.5/PHB) GIN/0-6 (4/1.5/PHB) GIN/0-7 (4/1.5/PHB) GIN/0-8 (2/12.5/LOC) GIN/0-9 (2/12.5/LOC) GIN/0-a (2/12.5/LOC) GIN/0-b (2/12.5/LOC) GIN/0-c (5/1.5/PHB) GIN/0-d (5/1.5/PHB) 
gpu-nodes-2:1001:1001 [2] NCCL INFO NET/0-f :GPU/0-3000 (5/1.5/SYS) GPU/0-13000 (5/1.5/SYS) GPU/0-63000 (5/1.5/SYS) GPU/0-73000 (5/1.5/SYS) GPU/0-83000 (4/1.5/PHB) GPU/0-93000 (4/1.5/PHB) GPU/0-e3000 (4/1.5/PHB) GPU/0-f3000 (4/1.5/PHB) CPU/0-0 (3/1.5/SYS) CPU/0-1 (2/1.5/PHB) NET/0-0 (6/1.5/SYS) NET/0-1 (6/1.5/SYS) NET/0-2 (6/1.5/SYS) NET/0-3 (6/1.5/SYS) NET/0-4 (5/1.5/PHB) NET/0-5 (5/1.5/PHB) NET/0-6 (4/1.5/PHB) NET/0-7 (4/1.5/PHB) NET/0-e (4/1.5/PHB) NET/0-8 (2/12.5/LOC) NET/0-9 (2/12.5/LOC) NET/0-a (2/12.5/LOC) NET/0-b (2/12.5/LOC) NET/0-f (0/5000.0/LOC) NET/0-c (5/1.5/PHB) NET/0-d (5/1.5/PHB) GIN/0-0 (6/1.5/SYS) GIN/0-1 (6/1.5/SYS) GIN/0-2 (6/1.5/SYS) GIN/0-3 (6/1.5/SYS) GIN/0-4 (5/1.5/PHB) GIN/0-5 (5/1.5/PHB) GIN/0-6 (4/1.5/PHB) GIN/0-7 (4/1.5/PHB) GIN/0-8 (2/12.5/LOC) GIN/0-9 (2/12.5/LOC) GIN/0-a (2/12.5/LOC) GIN/0-b (2/12.5/LOC) GIN/0-c (5/1.5/PHB) GIN/0-d (5/1.5/PHB) 
gpu-nodes-2:1001:1001 [2] NCCL INFO NET/0-c :GPU/0-3000 (6/16.0/SYS) GPU/0-13000 (6/16.0/SYS) GPU/0-63000 (6/16.0/SYS) GPU/0-73000 (6/16.0/SYS) GPU/0-83000 (5/48.0/PHB) GPU/0-93000 (5/48.0/PHB) GPU/0-e3000 (3/48.0/PIX) GPU/0-f3000 (5/48.0/PHB) CPU/0-0 (4/16.0/SYS) CPU/0-1 (3/48.0/PHB) NET/0-0 (7/16.0/SYS) NET/0-1 (7/16.0/SYS) NET/0-2 (7/16.0/SYS) NET/0-3 (7/16.0/SYS) NET/0-4 (6/48.0/PHB) NET/0-5 (6/48.0/PHB) NET/0-6 (5/25.0/PHB) NET/0-7 (5/25.0/PHB) NET/0-e (5/48.0/PHB) NET/0-8 (5/1.5/PHB) NET/0-9 (5/1.5/PHB) NET/0-a (5/1.5/PHB) NET/0-b (5/1.5/PHB) NET/0-f (5/1.5/PHB) NET/0-c (0/5000.0/LOC) NET/0-d (6/48.0/PHB) GIN/0-0 (7/16.0/SYS) GIN/0-1 (7/16.0/SYS) GIN/0-2 (7/16.0/SYS) GIN/0-3 (7/16.0/SYS) GIN/0-4 (6/48.0/PHB) GIN/0-5 (6/48.0/PHB) GIN/0-6 (5/25.0/PHB) GIN/0-7 (5/25.0/PHB) GIN/0-8 (5/1.5/PHB) GIN/0-9 (5/1.5/PHB) GIN/0-a (5/1.5/PHB) GIN/0-b (5/1.5/PHB) GIN/0-c (2/50.0/LOC) GIN/0-d (6/48.0/PHB) 
gpu-nodes-2:1001:1001 [2] NCCL INFO NET/0-d :GPU/0-3000 (6/16.0/SYS) GPU/0-13000 (6/16.0/SYS) GPU/0-63000 (6/16.0/SYS) GPU/0-73000 (6/16.0/SYS) GPU/0-83000 (5/48.0/PHB) GPU/0-93000 (5/48.0/PHB) GPU/0-e3000 (5/48.0/PHB) GPU/0-f3000 (3/48.0/PIX) CPU/0-0 (4/16.0/SYS) CPU/0-1 (3/48.0/PHB) NET/0-0 (7/16.0/SYS) NET/0-1 (7/16.0/SYS) NET/0-2 (7/16.0/SYS) NET/0-3 (7/16.0/SYS) NET/0-4 (6/48.0/PHB) NET/0-5 (6/48.0/PHB) NET/0-6 (5/25.0/PHB) NET/0-7 (5/25.0/PHB) NET/0-e (5/48.0/PHB) NET/0-8 (5/1.5/PHB) NET/0-9 (5/1.5/PHB) NET/0-a (5/1.5/PHB) NET/0-b (5/1.5/PHB) NET/0-f (5/1.5/PHB) NET/0-c (6/48.0/PHB) NET/0-d (0/5000.0/LOC) GIN/0-0 (7/16.0/SYS) GIN/0-1 (7/16.0/SYS) GIN/0-2 (7/16.0/SYS) GIN/0-3 (7/16.0/SYS) GIN/0-4 (6/48.0/PHB) GIN/0-5 (6/48.0/PHB) GIN/0-6 (5/25.0/PHB) GIN/0-7 (5/25.0/PHB) GIN/0-8 (5/1.5/PHB) GIN/0-9 (5/1.5/PHB) GIN/0-a (5/1.5/PHB) GIN/0-b (5/1.5/PHB) GIN/0-c (6/48.0/PHB) GIN/0-d (2/50.0/LOC) 
gpu-nodes-2:1001:1001 [2] NCCL INFO GIN/0-0 :GPU/0-3000 (3/48.0/PIX) GPU/0-13000 (5/48.0/PHB) GPU/0-63000 (5/48.0/PHB) GPU/0-73000 (5/48.0/PHB) GPU/0-83000 (6/16.0/SYS) GPU/0-93000 (6/16.0/SYS) GPU/0-e3000 (6/16.0/SYS) GPU/0-f3000 (6/16.0/SYS) CPU/0-0 (3/48.0/PHB) CPU/0-1 (4/16.0/SYS) NET/0-0 (2/50.0/LOC) NET/0-1 (6/48.0/PHB) NET/0-2 (6/48.0/PHB) NET/0-3 (6/48.0/PHB) NET/0-4 (7/16.0/SYS) NET/0-5 (7/16.0/SYS) NET/0-6 (6/16.0/SYS) NET/0-7 (6/16.0/SYS) NET/0-e (6/16.0/SYS) NET/0-8 (6/1.5/SYS) NET/0-9 (6/1.5/SYS) NET/0-a (6/1.5/SYS) NET/0-b (6/1.5/SYS) NET/0-f (6/1.5/SYS) NET/0-c (7/16.0/SYS) NET/0-d (7/16.0/SYS) GIN/0-0 (0/5000.0/LOC) GIN/0-1 (6/48.0/PHB) GIN/0-2 (6/48.0/PHB) GIN/0-3 (6/48.0/PHB) GIN/0-4 (7/16.0/SYS) GIN/0-5 (7/16.0/SYS) GIN/0-6 (6/16.0/SYS) GIN/0-7 (6/16.0/SYS) GIN/0-8 (6/1.5/SYS) GIN/0-9 (6/1.5/SYS) GIN/0-a (6/1.5/SYS) GIN/0-b (6/1.5/SYS) GIN/0-c (7/16.0/SYS) GIN/0-d (7/16.0/SYS) 
gpu-nodes-2:1001:1001 [2] NCCL INFO GIN/0-1 :GPU/0-3000 (5/48.0/PHB) GPU/0-13000 (3/48.0/PIX) GPU/0-63000 (5/48.0/PHB) GPU/0-73000 (5/48.0/PHB) GPU/0-83000 (6/16.0/SYS) GPU/0-93000 (6/16.0/SYS) GPU/0-e3000 (6/16.0/SYS) GPU/0-f3000 (6/16.0/SYS) CPU/0-0 (3/48.0/PHB) CPU/0-1 (4/16.0/SYS) NET/0-0 (6/48.0/PHB) NET/0-1 (2/50.0/LOC) NET/0-2 (6/48.0/PHB) NET/0-3 (6/48.0/PHB) NET/0-4 (7/16.0/SYS) NET/0-5 (7/16.0/SYS) NET/0-6 (6/16.0/SYS) NET/0-7 (6/16.0/SYS) NET/0-e (6/16.0/SYS) NET/0-8 (6/1.5/SYS) NET/0-9 (6/1.5/SYS) NET/0-a (6/1.5/SYS) NET/0-b (6/1.5/SYS) NET/0-f (6/1.5/SYS) NET/0-c (7/16.0/SYS) NET/0-d (7/16.0/SYS) GIN/0-0 (6/48.0/PHB) GIN/0-1 (0/5000.0/LOC) GIN/0-2 (6/48.0/PHB) GIN/0-3 (6/48.0/PHB) GIN/0-4 (7/16.0/SYS) GIN/0-5 (7/16.0/SYS) GIN/0-6 (6/16.0/SYS) GIN/0-7 (6/16.0/SYS) GIN/0-8 (6/1.5/SYS) GIN/0-9 (6/1.5/SYS) GIN/0-a (6/1.5/SYS) GIN/0-b (6/1.5/SYS) GIN/0-c (7/16.0/SYS) GIN/0-d (7/16.0/SYS) 
gpu-nodes-2:1001:1001 [2] NCCL INFO GIN/0-2 :GPU/0-3000 (5/48.0/PHB) GPU/0-13000 (5/48.0/PHB) GPU/0-63000 (3/48.0/PIX) GPU/0-73000 (5/48.0/PHB) GPU/0-83000 (6/16.0/SYS) GPU/0-93000 (6/16.0/SYS) GPU/0-e3000 (6/16.0/SYS) GPU/0-f3000 (6/16.0/SYS) CPU/0-0 (3/48.0/PHB) CPU/0-1 (4/16.0/SYS) NET/0-0 (6/48.0/PHB) NET/0-1 (6/48.0/PHB) NET/0-2 (2/50.0/LOC) NET/0-3 (6/48.0/PHB) NET/0-4 (7/16.0/SYS) NET/0-5 (7/16.0/SYS) NET/0-6 (6/16.0/SYS) NET/0-7 (6/16.0/SYS) NET/0-e (6/16.0/SYS) NET/0-8 (6/1.5/SYS) NET/0-9 (6/1.5/SYS) NET/0-a (6/1.5/SYS) NET/0-b (6/1.5/SYS) NET/0-f (6/1.5/SYS) NET/0-c (7/16.0/SYS) NET/0-d (7/16.0/SYS) GIN/0-0 (6/48.0/PHB) GIN/0-1 (6/48.0/PHB) GIN/0-2 (0/5000.0/LOC) GIN/0-3 (6/48.0/PHB) GIN/0-4 (7/16.0/SYS) GIN/0-5 (7/16.0/SYS) GIN/0-6 (6/16.0/SYS) GIN/0-7 (6/16.0/SYS) GIN/0-8 (6/1.5/SYS) GIN/0-9 (6/1.5/SYS) GIN/0-a (6/1.5/SYS) GIN/0-b (6/1.5/SYS) GIN/0-c (7/16.0/SYS) GIN/0-d (7/16.0/SYS) 
gpu-nodes-2:1001:1001 [2] NCCL INFO GIN/0-3 :GPU/0-3000 (5/48.0/PHB) GPU/0-13000 (5/48.0/PHB) GPU/0-63000 (5/48.0/PHB) GPU/0-73000 (3/48.0/PIX) GPU/0-83000 (6/16.0/SYS) GPU/0-93000 (6/16.0/SYS) GPU/0-e3000 (6/16.0/SYS) GPU/0-f3000 (6/16.0/SYS) CPU/0-0 (3/48.0/PHB) CPU/0-1 (4/16.0/SYS) NET/0-0 (6/48.0/PHB) NET/0-1 (6/48.0/PHB) NET/0-2 (6/48.0/PHB) NET/0-3 (2/50.0/LOC) NET/0-4 (7/16.0/SYS) NET/0-5 (7/16.0/SYS) NET/0-6 (6/16.0/SYS) NET/0-7 (6/16.0/SYS) NET/0-e (6/16.0/SYS) NET/0-8 (6/1.5/SYS) NET/0-9 (6/1.5/SYS) NET/0-a (6/1.5/SYS) NET/0-b (6/1.5/SYS) NET/0-f (6/1.5/SYS) NET/0-c (7/16.0/SYS) NET/0-d (7/16.0/SYS) GIN/0-0 (6/48.0/PHB) GIN/0-1 (6/48.0/PHB) GIN/0-2 (6/48.0/PHB) GIN/0-3 (0/5000.0/LOC) GIN/0-4 (7/16.0/SYS) GIN/0-5 (7/16.0/SYS) GIN/0-6 (6/16.0/SYS) GIN/0-7 (6/16.0/SYS) GIN/0-8 (6/1.5/SYS) GIN/0-9 (6/1.5/SYS) GIN/0-a (6/1.5/SYS) GIN/0-b (6/1.5/SYS) GIN/0-c (7/16.0/SYS) GIN/0-d (7/16.0/SYS) 
gpu-nodes-2:1001:1001 [2] NCCL INFO GIN/0-4 :GPU/0-3000 (6/16.0/SYS) GPU/0-13000 (6/16.0/SYS) GPU/0-63000 (6/16.0/SYS) GPU/0-73000 (6/16.0/SYS) GPU/0-83000 (3/48.0/PIX) GPU/0-93000 (5/48.0/PHB) GPU/0-e3000 (5/48.0/PHB) GPU/0-f3000 (5/48.0/PHB) CPU/0-0 (4/16.0/SYS) CPU/0-1 (3/48.0/PHB) NET/0-0 (7/16.0/SYS) NET/0-1 (7/16.0/SYS) NET/0-2 (7/16.0/SYS) NET/0-3 (7/16.0/SYS) NET/0-4 (2/50.0/LOC) NET/0-5 (6/48.0/PHB) NET/0-6 (5/25.0/PHB) NET/0-7 (5/25.0/PHB) NET/0-e (5/48.0/PHB) NET/0-8 (5/1.5/PHB) NET/0-9 (5/1.5/PHB) NET/0-a (5/1.5/PHB) NET/0-b (5/1.5/PHB) NET/0-f (5/1.5/PHB) NET/0-c (6/48.0/PHB) NET/0-d (6/48.0/PHB) GIN/0-0 (7/16.0/SYS) GIN/0-1 (7/16.0/SYS) GIN/0-2 (7/16.0/SYS) GIN/0-3 (7/16.0/SYS) GIN/0-4 (0/5000.0/LOC) GIN/0-5 (6/48.0/PHB) GIN/0-6 (5/25.0/PHB) GIN/0-7 (5/25.0/PHB) GIN/0-8 (5/1.5/PHB) GIN/0-9 (5/1.5/PHB) GIN/0-a (5/1.5/PHB) GIN/0-b (5/1.5/PHB) GIN/0-c (6/48.0/PHB) GIN/0-d (6/48.0/PHB) 
gpu-nodes-2:1001:1001 [2] NCCL INFO GIN/0-5 :GPU/0-3000 (6/16.0/SYS) GPU/0-13000 (6/16.0/SYS) GPU/0-63000 (6/16.0/SYS) GPU/0-73000 (6/16.0/SYS) GPU/0-83000 (5/48.0/PHB) GPU/0-93000 (3/48.0/PIX) GPU/0-e3000 (5/48.0/PHB) GPU/0-f3000 (5/48.0/PHB) CPU/0-0 (4/16.0/SYS) CPU/0-1 (3/48.0/PHB) NET/0-0 (7/16.0/SYS) NET/0-1 (7/16.0/SYS) NET/0-2 (7/16.0/SYS) NET/0-3 (7/16.0/SYS) NET/0-4 (6/48.0/PHB) NET/0-5 (2/50.0/LOC) NET/0-6 (5/25.0/PHB) NET/0-7 (5/25.0/PHB) NET/0-e (5/48.0/PHB) NET/0-8 (5/1.5/PHB) NET/0-9 (5/1.5/PHB) NET/0-a (5/1.5/PHB) NET/0-b (5/1.5/PHB) NET/0-f (5/1.5/PHB) NET/0-c (6/48.0/PHB) NET/0-d (6/48.0/PHB) GIN/0-0 (7/16.0/SYS) GIN/0-1 (7/16.0/SYS) GIN/0-2 (7/16.0/SYS) GIN/0-3 (7/16.0/SYS) GIN/0-4 (6/48.0/PHB) GIN/0-5 (0/5000.0/LOC) GIN/0-6 (5/25.0/PHB) GIN/0-7 (5/25.0/PHB) GIN/0-8 (5/1.5/PHB) GIN/0-9 (5/1.5/PHB) GIN/0-a (5/1.5/PHB) GIN/0-b (5/1.5/PHB) GIN/0-c (6/48.0/PHB) GIN/0-d (6/48.0/PHB) 
gpu-nodes-2:1001:1001 [2] NCCL INFO GIN/0-6 :GPU/0-3000 (5/16.0/SYS) GPU/0-13000 (5/16.0/SYS) GPU/0-63000 (5/16.0/SYS) GPU/0-73000 (5/16.0/SYS) GPU/0-83000 (4/25.0/PHB) GPU/0-93000 (4/25.0/PHB) GPU/0-e3000 (4/25.0/PHB) GPU/0-f3000 (4/25.0/PHB) CPU/0-0 (3/16.0/SYS) CPU/0-1 (2/25.0/PHB) NET/0-0 (6/16.0/SYS) NET/0-1 (6/16.0/SYS) NET/0-2 (6/16.0/SYS) NET/0-3 (6/16.0/SYS) NET/0-4 (5/25.0/PHB) NET/0-5 (5/25.0/PHB) NET/0-6 (2/25.0/LOC) NET/0-7 (2/25.0/LOC) NET/0-e (2/25.0/LOC) NET/0-8 (4/1.5/PHB) NET/0-9 (4/1.5/PHB) NET/0-a (4/1.5/PHB) NET/0-b (4/1.5/PHB) NET/0-f (4/1.5/PHB) NET/0-c (5/25.0/PHB) NET/0-d (5/25.0/PHB) GIN/0-0 (6/16.0/SYS) GIN/0-1 (6/16.0/SYS) GIN/0-2 (6/16.0/SYS) GIN/0-3 (6/16.0/SYS) GIN/0-4 (5/25.0/PHB) GIN/0-5 (5/25.0/PHB) GIN/0-6 (0/5000.0/LOC) GIN/0-7 (2/25.0/LOC) GIN/0-8 (4/1.5/PHB) GIN/0-9 (4/1.5/PHB) GIN/0-a (4/1.5/PHB) GIN/0-b (4/1.5/PHB) GIN/0-c (5/25.0/PHB) GIN/0-d (5/25.0/PHB) 
gpu-nodes-2:1001:1001 [2] NCCL INFO GIN/0-7 :GPU/0-3000 (5/16.0/SYS) GPU/0-13000 (5/16.0/SYS) GPU/0-63000 (5/16.0/SYS) GPU/0-73000 (5/16.0/SYS) GPU/0-83000 (4/25.0/PHB) GPU/0-93000 (4/25.0/PHB) GPU/0-e3000 (4/25.0/PHB) GPU/0-f3000 (4/25.0/PHB) CPU/0-0 (3/16.0/SYS) CPU/0-1 (2/25.0/PHB) NET/0-0 (6/16.0/SYS) NET/0-1 (6/16.0/SYS) NET/0-2 (6/16.0/SYS) NET/0-3 (6/16.0/SYS) NET/0-4 (5/25.0/PHB) NET/0-5 (5/25.0/PHB) NET/0-6 (2/25.0/LOC) NET/0-7 (2/25.0/LOC) NET/0-e (2/25.0/LOC) NET/0-8 (4/1.5/PHB) NET/0-9 (4/1.5/PHB) NET/0-a (4/1.5/PHB) NET/0-b (4/1.5/PHB) NET/0-f (4/1.5/PHB) NET/0-c (5/25.0/PHB) NET/0-d (5/25.0/PHB) GIN/0-0 (6/16.0/SYS) GIN/0-1 (6/16.0/SYS) GIN/0-2 (6/16.0/SYS) GIN/0-3 (6/16.0/SYS) GIN/0-4 (5/25.0/PHB) GIN/0-5 (5/25.0/PHB) GIN/0-6 (2/25.0/LOC) GIN/0-7 (0/5000.0/LOC) GIN/0-8 (4/1.5/PHB) GIN/0-9 (4/1.5/PHB) GIN/0-a (4/1.5/PHB) GIN/0-b (4/1.5/PHB) GIN/0-c (5/25.0/PHB) GIN/0-d (5/25.0/PHB) 
gpu-nodes-2:1001:1001 [2] NCCL INFO GIN/0-8 :GPU/0-3000 (5/1.5/SYS) GPU/0-13000 (5/1.5/SYS) GPU/0-63000 (5/1.5/SYS) GPU/0-73000 (5/1.5/SYS) GPU/0-83000 (4/1.5/PHB) GPU/0-93000 (4/1.5/PHB) GPU/0-e3000 (4/1.5/PHB) GPU/0-f3000 (4/1.5/PHB) CPU/0-0 (3/1.5/SYS) CPU/0-1 (2/1.5/PHB) NET/0-0 (6/1.5/SYS) NET/0-1 (6/1.5/SYS) NET/0-2 (6/1.5/SYS) NET/0-3 (6/1.5/SYS) NET/0-4 (5/1.5/PHB) NET/0-5 (5/1.5/PHB) NET/0-6 (4/1.5/PHB) NET/0-7 (4/1.5/PHB) NET/0-e (4/1.5/PHB) NET/0-8 (2/12.5/LOC) NET/0-9 (2/12.5/LOC) NET/0-a (2/12.5/LOC) NET/0-b (2/12.5/LOC) NET/0-f (2/12.5/LOC) NET/0-c (5/1.5/PHB) NET/0-d (5/1.5/PHB) GIN/0-0 (6/1.5/SYS) GIN/0-1 (6/1.5/SYS) GIN/0-2 (6/1.5/SYS) GIN/0-3 (6/1.5/SYS) GIN/0-4 (5/1.5/PHB) GIN/0-5 (5/1.5/PHB) GIN/0-6 (4/1.5/PHB) GIN/0-7 (4/1.5/PHB) GIN/0-8 (0/5000.0/LOC) GIN/0-9 (2/12.5/LOC) GIN/0-a (2/12.5/LOC) GIN/0-b (2/12.5/LOC) GIN/0-c (5/1.5/PHB) GIN/0-d (5/1.5/PHB) 
gpu-nodes-2:1001:1001 [2] NCCL INFO GIN/0-9 :GPU/0-3000 (5/1.5/SYS) GPU/0-13000 (5/1.5/SYS) GPU/0-63000 (5/1.5/SYS) GPU/0-73000 (5/1.5/SYS) GPU/0-83000 (4/1.5/PHB) GPU/0-93000 (4/1.5/PHB) GPU/0-e3000 (4/1.5/PHB) GPU/0-f3000 (4/1.5/PHB) CPU/0-0 (3/1.5/SYS) CPU/0-1 (2/1.5/PHB) NET/0-0 (6/1.5/SYS) NET/0-1 (6/1.5/SYS) NET/0-2 (6/1.5/SYS) NET/0-3 (6/1.5/SYS) NET/0-4 (5/1.5/PHB) NET/0-5 (5/1.5/PHB) NET/0-6 (4/1.5/PHB) NET/0-7 (4/1.5/PHB) NET/0-e (4/1.5/PHB) NET/0-8 (2/12.5/LOC) NET/0-9 (2/12.5/LOC) NET/0-a (2/12.5/LOC) NET/0-b (2/12.5/LOC) NET/0-f (2/12.5/LOC) NET/0-c (5/1.5/PHB) NET/0-d (5/1.5/PHB) GIN/0-0 (6/1.5/SYS) GIN/0-1 (6/1.5/SYS) GIN/0-2 (6/1.5/SYS) GIN/0-3 (6/1.5/SYS) GIN/0-4 (5/1.5/PHB) GIN/0-5 (5/1.5/PHB) GIN/0-6 (4/1.5/PHB) GIN/0-7 (4/1.5/PHB) GIN/0-8 (2/12.5/LOC) GIN/0-9 (0/5000.0/LOC) GIN/0-a (2/12.5/LOC) GIN/0-b (2/12.5/LOC) GIN/0-c (5/1.5/PHB) GIN/0-d (5/1.5/PHB) 
gpu-nodes-2:1001:1001 [2] NCCL INFO GIN/0-a :GPU/0-3000 (5/1.5/SYS) GPU/0-13000 (5/1.5/SYS) GPU/0-63000 (5/1.5/SYS) GPU/0-73000 (5/1.5/SYS) GPU/0-83000 (4/1.5/PHB) GPU/0-93000 (4/1.5/PHB) GPU/0-e3000 (4/1.5/PHB) GPU/0-f3000 (4/1.5/PHB) CPU/0-0 (3/1.5/SYS) CPU/0-1 (2/1.5/PHB) NET/0-0 (6/1.5/SYS) NET/0-1 (6/1.5/SYS) NET/0-2 (6/1.5/SYS) NET/0-3 (6/1.5/SYS) NET/0-4 (5/1.5/PHB) NET/0-5 (5/1.5/PHB) NET/0-6 (4/1.5/PHB) NET/0-7 (4/1.5/PHB) NET/0-e (4/1.5/PHB) NET/0-8 (2/12.5/LOC) NET/0-9 (2/12.5/LOC) NET/0-a (2/12.5/LOC) NET/0-b (2/12.5/LOC) NET/0-f (2/12.5/LOC) NET/0-c (5/1.5/PHB) NET/0-d (5/1.5/PHB) GIN/0-0 (6/1.5/SYS) GIN/0-1 (6/1.5/SYS) GIN/0-2 (6/1.5/SYS) GIN/0-3 (6/1.5/SYS) GIN/0-4 (5/1.5/PHB) GIN/0-5 (5/1.5/PHB) GIN/0-6 (4/1.5/PHB) GIN/0-7 (4/1.5/PHB) GIN/0-8 (2/12.5/LOC) GIN/0-9 (2/12.5/LOC) GIN/0-a (0/5000.0/LOC) GIN/0-b (2/12.5/LOC) GIN/0-c (5/1.5/PHB) GIN/0-d (5/1.5/PHB) 
gpu-nodes-2:1001:1001 [2] NCCL INFO GIN/0-b :GPU/0-3000 (5/1.5/SYS) GPU/0-13000 (5/1.5/SYS) GPU/0-63000 (5/1.5/SYS) GPU/0-73000 (5/1.5/SYS) GPU/0-83000 (4/1.5/PHB) GPU/0-93000 (4/1.5/PHB) GPU/0-e3000 (4/1.5/PHB) GPU/0-f3000 (4/1.5/PHB) CPU/0-0 (3/1.5/SYS) CPU/0-1 (2/1.5/PHB) NET/0-0 (6/1.5/SYS) NET/0-1 (6/1.5/SYS) NET/0-2 (6/1.5/SYS) NET/0-3 (6/1.5/SYS) NET/0-4 (5/1.5/PHB) NET/0-5 (5/1.5/PHB) NET/0-6 (4/1.5/PHB) NET/0-7 (4/1.5/PHB) NET/0-e (4/1.5/PHB) NET/0-8 (2/12.5/LOC) NET/0-9 (2/12.5/LOC) NET/0-a (2/12.5/LOC) NET/0-b (2/12.5/LOC) NET/0-f (2/12.5/LOC) NET/0-c (5/1.5/PHB) NET/0-d (5/1.5/PHB) GIN/0-0 (6/1.5/SYS) GIN/0-1 (6/1.5/SYS) GIN/0-2 (6/1.5/SYS) GIN/0-3 (6/1.5/SYS) GIN/0-4 (5/1.5/PHB) GIN/0-5 (5/1.5/PHB) GIN/0-6 (4/1.5/PHB) GIN/0-7 (4/1.5/PHB) GIN/0-8 (2/12.5/LOC) GIN/0-9 (2/12.5/LOC) GIN/0-a (2/12.5/LOC) GIN/0-b (0/5000.0/LOC) GIN/0-c (5/1.5/PHB) GIN/0-d (5/1.5/PHB) 
gpu-nodes-2:1001:1001 [2] NCCL INFO GIN/0-c :GPU/0-3000 (6/16.0/SYS) GPU/0-13000 (6/16.0/SYS) GPU/0-63000 (6/16.0/SYS) GPU/0-73000 (6/16.0/SYS) GPU/0-83000 (5/48.0/PHB) GPU/0-93000 (5/48.0/PHB) GPU/0-e3000 (3/48.0/PIX) GPU/0-f3000 (5/48.0/PHB) CPU/0-0 (4/16.0/SYS) CPU/0-1 (3/48.0/PHB) NET/0-0 (7/16.0/SYS) NET/0-1 (7/16.0/SYS) NET/0-2 (7/16.0/SYS) NET/0-3 (7/16.0/SYS) NET/0-4 (6/48.0/PHB) NET/0-5 (6/48.0/PHB) NET/0-6 (5/25.0/PHB) NET/0-7 (5/25.0/PHB) NET/0-e (5/48.0/PHB) NET/0-8 (5/1.5/PHB) NET/0-9 (5/1.5/PHB) NET/0-a (5/1.5/PHB) NET/0-b (5/1.5/PHB) NET/0-f (5/1.5/PHB) NET/0-c (2/50.0/LOC) NET/0-d (6/48.0/PHB) GIN/0-0 (7/16.0/SYS) GIN/0-1 (7/16.0/SYS) GIN/0-2 (7/16.0/SYS) GIN/0-3 (7/16.0/SYS) GIN/0-4 (6/48.0/PHB) GIN/0-5 (6/48.0/PHB) GIN/0-6 (5/25.0/PHB) GIN/0-7 (5/25.0/PHB) GIN/0-8 (5/1.5/PHB) GIN/0-9 (5/1.5/PHB) GIN/0-a (5/1.5/PHB) GIN/0-b (5/1.5/PHB) GIN/0-c (0/5000.0/LOC) GIN/0-d (6/48.0/PHB) 
gpu-nodes-2:1001:1001 [2] NCCL INFO GIN/0-d :GPU/0-3000 (6/16.0/SYS) GPU/0-13000 (6/16.0/SYS) GPU/0-63000 (6/16.0/SYS) GPU/0-73000 (6/16.0/SYS) GPU/0-83000 (5/48.0/PHB) GPU/0-93000 (5/48.0/PHB) GPU/0-e3000 (5/48.0/PHB) GPU/0-f3000 (3/48.0/PIX) CPU/0-0 (4/16.0/SYS) CPU/0-1 (3/48.0/PHB) NET/0-0 (7/16.0/SYS) NET/0-1 (7/16.0/SYS) NET/0-2 (7/16.0/SYS) NET/0-3 (7/16.0/SYS) NET/0-4 (6/48.0/PHB) NET/0-5 (6/48.0/PHB) NET/0-6 (5/25.0/PHB) NET/0-7 (5/25.0/PHB) NET/0-e (5/48.0/PHB) NET/0-8 (5/1.5/PHB) NET/0-9 (5/1.5/PHB) NET/0-a (5/1.5/PHB) NET/0-b (5/1.5/PHB) NET/0-f (5/1.5/PHB) NET/0-c (6/48.0/PHB) NET/0-d (2/50.0/LOC) GIN/0-0 (7/16.0/SYS) GIN/0-1 (7/16.0/SYS) GIN/0-2 (7/16.0/SYS) GIN/0-3 (7/16.0/SYS) GIN/0-4 (6/48.0/PHB) GIN/0-5 (6/48.0/PHB) GIN/0-6 (5/25.0/PHB) GIN/0-7 (5/25.0/PHB) GIN/0-8 (5/1.5/PHB) GIN/0-9 (5/1.5/PHB) GIN/0-a (5/1.5/PHB) GIN/0-b (5/1.5/PHB) GIN/0-c (6/48.0/PHB) GIN/0-d (0/5000.0/LOC) 
gpu-nodes-2:1001:1001 [2] NCCL INFO ncclTopoGetCpuAffinity: Affinity for GPU 2 is 0-63,128-191. (GPU affinity = 0-63,128-191 ; CPU affinity = 0-63,128-191).
gpu-nodes-2:1001:1001 [2] NCCL INFO Pattern 4, crossNic 0, nChannels 8, bw 48.000000/48.000000, type NVL/PXN, sameChannels 0
gpu-nodes-2:1001:1001 [2] NCCL INFO  0 : NET/0-0 GPU/0-3000 GPU/0-f3000 GPU/0-e3000 GPU/0-93000 GPU/0-83000 GPU/0-73000 GPU/0-63000 GPU/0-13000 NET/0-0
gpu-nodes-2:1001:1001 [2] NCCL INFO  1 : NET/0-1 GPU/0-13000 GPU/0-3000 GPU/0-f3000 GPU/0-e3000 GPU/0-93000 GPU/0-83000 GPU/0-73000 GPU/0-63000 NET/0-1
gpu-nodes-2:1001:1001 [2] NCCL INFO  2 : NET/0-2 GPU/0-63000 GPU/0-13000 GPU/0-3000 GPU/0-f3000 GPU/0-e3000 GPU/0-93000 GPU/0-83000 GPU/0-73000 NET/0-2
gpu-nodes-2:1001:1001 [2] NCCL INFO  3 : NET/0-3 GPU/0-73000 GPU/0-63000 GPU/0-13000 GPU/0-3000 GPU/0-f3000 GPU/0-e3000 GPU/0-93000 GPU/0-83000 NET/0-3
gpu-nodes-2:1001:1001 [2] NCCL INFO  4 : NET/0-4 GPU/0-83000 GPU/0-73000 GPU/0-63000 GPU/0-13000 GPU/0-3000 GPU/0-f3000 GPU/0-e3000 GPU/0-93000 NET/0-4
gpu-nodes-2:1001:1001 [2] NCCL INFO  5 : NET/0-5 GPU/0-93000 GPU/0-83000 GPU/0-73000 GPU/0-63000 GPU/0-13000 GPU/0-3000 GPU/0-f3000 GPU/0-e3000 NET/0-5
gpu-nodes-2:1001:1001 [2] NCCL INFO  6 : NET/0-c GPU/0-e3000 GPU/0-93000 GPU/0-83000 GPU/0-73000 GPU/0-63000 GPU/0-13000 GPU/0-3000 GPU/0-f3000 NET/0-c
gpu-nodes-2:1001:1001 [2] NCCL INFO  7 : NET/0-d GPU/0-f3000 GPU/0-e3000 GPU/0-93000 GPU/0-83000 GPU/0-73000 GPU/0-63000 GPU/0-13000 GPU/0-3000 NET/0-d
gpu-nodes-2:1001:1001 [2] NCCL INFO Pattern 3, crossNic 0, nChannels 8, bw 96.000000/48.000000, type NVL/PIX, sameChannels 0
gpu-nodes-2:1001:1001 [2] NCCL INFO  0 : NET/0-0 GPU/0-3000 GPU/0-13000 GPU/0-63000 GPU/0-73000 GPU/0-83000 GPU/0-93000 GPU/0-e3000 GPU/0-f3000 NET/0-0
gpu-nodes-2:1001:1001 [2] NCCL INFO  1 : NET/0-1 GPU/0-13000 GPU/0-63000 GPU/0-73000 GPU/0-83000 GPU/0-93000 GPU/0-e3000 GPU/0-f3000 GPU/0-3000 NET/0-1
gpu-nodes-2:1001:1001 [2] NCCL INFO  2 : NET/0-2 GPU/0-63000 GPU/0-73000 GPU/0-83000 GPU/0-93000 GPU/0-e3000 GPU/0-f3000 GPU/0-3000 GPU/0-13000 NET/0-2
gpu-nodes-2:1001:1001 [2] NCCL INFO  3 : NET/0-3 GPU/0-73000 GPU/0-83000 GPU/0-93000 GPU/0-e3000 GPU/0-f3000 GPU/0-3000 GPU/0-13000 GPU/0-63000 NET/0-3
gpu-nodes-2:1001:1001 [2] NCCL INFO  4 : NET/0-4 GPU/0-83000 GPU/0-93000 GPU/0-e3000 GPU/0-f3000 GPU/0-3000 GPU/0-13000 GPU/0-63000 GPU/0-73000 NET/0-4
gpu-nodes-2:1001:1001 [2] NCCL INFO  5 : NET/0-5 GPU/0-93000 GPU/0-e3000 GPU/0-f3000 GPU/0-3000 GPU/0-13000 GPU/0-63000 GPU/0-73000 GPU/0-83000 NET/0-5
gpu-nodes-2:1001:1001 [2] NCCL INFO  6 : NET/0-c GPU/0-e3000 GPU/0-f3000 GPU/0-3000 GPU/0-13000 GPU/0-63000 GPU/0-73000 GPU/0-83000 GPU/0-93000 NET/0-c
gpu-nodes-2:1001:1001 [2] NCCL INFO  7 : NET/0-d GPU/0-f3000 GPU/0-3000 GPU/0-13000 GPU/0-63000 GPU/0-73000 GPU/0-83000 GPU/0-93000 GPU/0-e3000 NET/0-d
gpu-nodes-2:1001:1001 [2] NCCL INFO comm 0x8cd669d0 rank 11 nRanks 17 nNodes 3 localRanks 8 localRank 2 MNNVL 0
gpu-nodes-2:1001:1001 [2] NCCL INFO Ring 00 : 12 -> 11 -> 10
gpu-nodes-2:1001:1001 [2] NCCL INFO Ring 01 : 12 -> 11 -> 0
gpu-nodes-2:1001:1001 [2] NCCL INFO Ring 02 : 12 -> 11 -> 10
gpu-nodes-2:1001:1001 [2] NCCL INFO Ring 03 : 12 -> 11 -> 0
gpu-nodes-2:1001:1001 [2] NCCL INFO Trees [0] 12/-1/-1->11->10 [1] 12/-1/-1->11->10 [2] 12/-1/-1->11->10 [3] 12/-1/-1->11->10
gpu-nodes-2:1001:1001 [2] NCCL INFO P2P Chunksize set to 131072
gpu-nodes-2:1001:1001 [2] NCCL INFO Check P2P Type isAllDirectP2p 1 directMode 0 isAllCudaP2p 1
gpu-nodes-2:1001:1001 [2] NCCL INFO ncclP2pSchedule: group size used is 1
gpu-nodes-2:1001:2099 [0] NCCL INFO [Proxy Service] Device 2 CPU core 44
gpu-nodes-2:1001:2103 [0] NCCL INFO [Proxy Service UDS] Device 2 CPU core 144
gpu-nodes-2:1001:1001 [2] NCCL INFO GPU Direct RDMA Enabled for GPU/0-405504 (rank 11) - NET/0-1 ( using PXN via GPU/0-77824, distance 4 <= 6, read 1, mode Default)
gpu-nodes-2:1001:1001 [2] NCCL INFO Connected to proxy localRank 1 -> connection 0x7e22e4004ff8
gpu-nodes-2:1001:1001 [2] NCCL INFO Channel 01/0 : 11[2] -> 0[0] [send] via NET/IB/1(10)/GDRDMA
gpu-nodes-2:1001:1001 [2] NCCL INFO GPU Direct RDMA Enabled for GPU/0-405504 (rank 11) - NET/0-1 ( using PXN via GPU/0-77824, distance 4 <= 6, read 1, mode Default)
gpu-nodes-2:1001:1001 [2] NCCL INFO Connected to proxy localRank 1 -> connection 0x7e22e4005108
gpu-nodes-2:1001:1001 [2] NCCL INFO Channel 03/0 : 11[2] -> 0[0] [send] via NET/IB/1(10)/GDRDMA
gpu-nodes-2:1001:2099 [2] NCCL INFO New proxy recv connection 0 from local rank 2, transport 0
gpu-nodes-2:1001:1001 [2] NCCL INFO Connected to proxy localRank 2 -> connection 0x7e5740004f70
gpu-nodes-2:1001:2099 [2] NCCL INFO New proxy recv connection 1 from local rank 2, transport 0
gpu-nodes-2:1001:1001 [2] NCCL INFO Connected to proxy localRank 2 -> connection 0x7e5740004ff8
gpu-nodes-2:1001:2099 [2] NCCL INFO New proxy recv connection 2 from local rank 2, transport 0
gpu-nodes-2:1001:1001 [2] NCCL INFO Connected to proxy localRank 2 -> connection 0x7e5740005080
gpu-nodes-2:1001:2099 [2] NCCL INFO New proxy recv connection 3 from local rank 2, transport 0
gpu-nodes-2:1001:1001 [2] NCCL INFO Connected to proxy localRank 2 -> connection 0x7e5740005108
gpu-nodes-2:1001:1001 [2] NCCL INFO Channel 00/0 : 11[2] -> 10[1] via P2P/IPC
gpu-nodes-2:1001:2099 [2] NCCL INFO New proxy send connection 4 from local rank 2, transport 0
gpu-nodes-2:1001:1001 [2] NCCL INFO Connected to proxy localRank 2 -> connection 0x7e5740005190
gpu-nodes-2:1001:1001 [2] NCCL INFO Channel 02/0 : 11[2] -> 10[1] via P2P/IPC
gpu-nodes-2:1001:2099 [2] NCCL INFO New proxy send connection 5 from local rank 2, transport 0
gpu-nodes-2:1001:1001 [2] NCCL INFO Connected to proxy localRank 2 -> connection 0x7e5740005218
gpu-nodes-2:1001:1001 [2] NCCL INFO Connected all rings, use ring PXN 1 GDR 1
gpu-nodes-2:1001:2099 [2] NCCL INFO New proxy recv connection 6 from local rank 2, transport 0
gpu-nodes-2:1001:1001 [2] NCCL INFO Connected to proxy localRank 2 -> connection 0x7e57400052a0
gpu-nodes-2:1001:2099 [2] NCCL INFO New proxy recv connection 7 from local rank 2, transport 0
gpu-nodes-2:1001:1001 [2] NCCL INFO Connected to proxy localRank 2 -> connection 0x7e5740005328
gpu-nodes-2:1001:2099 [2] NCCL INFO New proxy recv connection 8 from local rank 2, transport 0
gpu-nodes-2:1001:1001 [2] NCCL INFO Connected to proxy localRank 2 -> connection 0x7e57400053b0
gpu-nodes-2:1001:2099 [2] NCCL INFO New proxy recv connection 9 from local rank 2, transport 0
gpu-nodes-2:1001:1001 [2] NCCL INFO Connected to proxy localRank 2 -> connection 0x7e5740005438
gpu-nodes-2:1001:1001 [2] NCCL INFO Channel 00/0 : 11[2] -> 12[3] via P2P/IPC
gpu-nodes-2:1001:2099 [2] NCCL INFO New proxy send connection 10 from local rank 2, transport 0
gpu-nodes-2:1001:1001 [2] NCCL INFO Connected to proxy localRank 2 -> connection 0x7e57400054c0
gpu-nodes-2:1001:1001 [2] NCCL INFO Channel 01/0 : 11[2] -> 12[3] via P2P/IPC
gpu-nodes-2:1001:2099 [2] NCCL INFO New proxy send connection 11 from local rank 2, transport 0
gpu-nodes-2:1001:1001 [2] NCCL INFO Connected to proxy localRank 2 -> connection 0x7e5740005548
gpu-nodes-2:1001:1001 [2] NCCL INFO Channel 02/0 : 11[2] -> 12[3] via P2P/IPC
gpu-nodes-2:1001:2099 [2] NCCL INFO New proxy send connection 12 from local rank 2, transport 0
gpu-nodes-2:1001:1001 [2] NCCL INFO Connected to proxy localRank 2 -> connection 0x7e57400055d0
gpu-nodes-2:1001:1001 [2] NCCL INFO Channel 03/0 : 11[2] -> 12[3] via P2P/IPC
gpu-nodes-2:1001:2099 [2] NCCL INFO New proxy send connection 13 from local rank 2, transport 0
gpu-nodes-2:1001:1001 [2] NCCL INFO Connected to proxy localRank 2 -> connection 0x7e5740005658
gpu-nodes-2:1001:1001 [2] NCCL INFO Channel 01/0 : 11[2] -> 10[1] via P2P/IPC
gpu-nodes-2:1001:2099 [2] NCCL INFO New proxy send connection 14 from local rank 2, transport 0
gpu-nodes-2:1001:1001 [2] NCCL INFO Connected to proxy localRank 2 -> connection 0x7e57400056e0
gpu-nodes-2:1001:1001 [2] NCCL INFO Channel 03/0 : 11[2] -> 10[1] via P2P/IPC
gpu-nodes-2:1001:2099 [2] NCCL INFO New proxy send connection 15 from local rank 2, transport 0
gpu-nodes-2:1001:1001 [2] NCCL INFO Connected to proxy localRank 2 -> connection 0x7e5740005768
gpu-nodes-2:1001:2099 [2] NCCL INFO New proxy send connection 16 from local rank 5, transport 2
gpu-nodes-2:1001:2099 [2] NCCL INFO New proxy send connection 17 from local rank 4, transport 2
gpu-nodes-2:1001:2117 [0] NCCL INFO [Proxy Progress] Device 2 CPU core 136
gpu-nodes-2:1001:2099 [2] NCCL INFO New proxy send connection 18 from local rank 6, transport 2
gpu-nodes-2:1001:2099 [2] NCCL INFO New proxy send connection 19 from local rank 3, transport 2
gpu-nodes-2:1001:1001 [2] NCCL INFO Connected all trees
gpu-nodes-2:1001:2099 [2] NCCL INFO New proxy send connection 20 from local rank 2, transport 2
gpu-nodes-2:1001:1001 [2] NCCL INFO Connected to proxy localRank 2 -> connection 0x7e5740005a10
gpu-nodes-2:1001:1001 [2] NCCL INFO GPU Direct RDMA Enabled for GPU/0-405504 (rank 11) - NET/0-0 ( using PXN via GPU/0-12288, distance 4 <= 6, read 1, mode Default)
gpu-nodes-2:1001:1001 [2] NCCL INFO GPU Direct RDMA Enabled for GPU/0-405504 (rank 11) - NET/0-0 ( using PXN via GPU/0-12288, distance 4 <= 6, read 1, mode Default)
gpu-nodes-2:1001:1001 [2] NCCL INFO GPU Direct RDMA Enabled for GPU/0-405504 (rank 11) - NET/0-1 ( using PXN via GPU/0-77824, distance 4 <= 6, read 1, mode Default)
gpu-nodes-2:1001:1001 [2] NCCL INFO GPU Direct RDMA Enabled for GPU/0-405504 (rank 11) - NET/0-3 ( using PXN via GPU/0-471040, distance 4 <= 6, read 1, mode Default)
gpu-nodes-2:1001:1001 [2] NCCL INFO GPU Direct RDMA Enabled for GPU/0-405504 (rank 11) - NET/0-4 ( using PXN via GPU/0-536576, distance 4 <= 6, read 1, mode Default)
gpu-nodes-2:1001:1001 [2] NCCL INFO GPU Direct RDMA Enabled for GPU/0-405504 (rank 11) - NET/0-5 ( using PXN via GPU/0-602112, distance 4 <= 6, read 1, mode Default)
gpu-nodes-2:1001:1001 [2] NCCL INFO GPU Direct RDMA Enabled for GPU/0-405504 (rank 11) - NET/0-12 ( using PXN via GPU/0-929792, distance 4 <= 6, read 1, mode Default)
gpu-nodes-2:1001:1001 [2] NCCL INFO GPU Direct RDMA Enabled for GPU/0-405504 (rank 11) - NET/0-13 ( using PXN via GPU/0-995328, distance 4 <= 6, read 1, mode Default)
gpu-nodes-2:1001:1001 [2] NCCL INFO GPU Direct RDMA Enabled for GPU/0-405504 (rank 11) - NET/0-0 ( using PXN via GPU/0-12288, distance 4 <= 6, read 1, mode Default)
gpu-nodes-2:1001:1001 [2] NCCL INFO GPU Direct RDMA Enabled for GPU/0-405504 (rank 11) - NET/0-1 ( using PXN via GPU/0-77824, distance 4 <= 6, read 1, mode Default)
gpu-nodes-2:1001:1001 [2] NCCL INFO GPU Direct RDMA Enabled for GPU/0-405504 (rank 11) - NET/0-3 ( using PXN via GPU/0-471040, distance 4 <= 6, read 1, mode Default)
gpu-nodes-2:1001:1001 [2] NCCL INFO GPU Direct RDMA Enabled for GPU/0-405504 (rank 11) - NET/0-4 ( using PXN via GPU/0-536576, distance 4 <= 6, read 1, mode Default)
gpu-nodes-2:1001:1001 [2] NCCL INFO GPU Direct RDMA Enabled for GPU/0-405504 (rank 11) - NET/0-5 ( using PXN via GPU/0-602112, distance 4 <= 6, read 1, mode Default)
gpu-nodes-2:1001:1001 [2] NCCL INFO GPU Direct RDMA Enabled for GPU/0-405504 (rank 11) - NET/0-12 ( using PXN via GPU/0-929792, distance 4 <= 6, read 1, mode Default)
gpu-nodes-2:1001:1001 [2] NCCL INFO GPU Direct RDMA Enabled for GPU/0-405504 (rank 11) - NET/0-13 ( using PXN via GPU/0-995328, distance 4 <= 6, read 1, mode Default)
gpu-nodes-2:1001:1001 [2] NCCL INFO Connected to proxy localRank 0 -> connection 0x7f6988005ed8
gpu-nodes-2:1001:2099 [2] NCCL INFO New proxy send connection 21 from local rank 0, transport 2
gpu-nodes-2:1001:1001 [2] NCCL INFO Connected to proxy localRank 1 -> connection 0x7e22e4005fe8
gpu-nodes-2:1001:2099 [2] NCCL INFO New proxy send connection 22 from local rank 1, transport 2
gpu-nodes-2:1001:2099 [2] NCCL INFO New proxy send connection 23 from local rank 7, transport 2
gpu-nodes-2:1001:1001 [2] NCCL INFO Connected to proxy localRank 3 -> connection 0x759994005a98
gpu-nodes-2:1001:1001 [2] NCCL INFO Connected to proxy localRank 4 -> connection 0x789840005a98
gpu-nodes-2:1001:1001 [2] NCCL INFO Connected to proxy localRank 5 -> connection 0x777238005a98
gpu-nodes-2:1001:1001 [2] NCCL INFO Connected to proxy localRank 6 -> connection 0x743950005a98
gpu-nodes-2:1001:1001 [2] NCCL INFO Connected to proxy localRank 7 -> connection 0x7e3a60005a10
gpu-nodes-2:1001:1001 [2] NCCL INFO threadThresholds 8/8/64 | 136/8/64 | 512 | 512
gpu-nodes-2:1001:1001 [2] NCCL INFO 4 coll channels, 4 collnet channels, 0 nvls channels, 4 p2p channels, 1 p2p channels per peer
gpu-nodes-2:1001:1001 [2] NCCL INFO Symmetric memory is not supported. cuMemEnable 0, globalGinSupport 0, globalNicFused 1 cuMemGdrSupport 1
gpu-nodes-2:1001:1001 [2] NCCL INFO ncclCommInitRankConfig comm 0x8cd669d0 rank 11 nranks 17 cudaDev 2 nvmlDev 2 busId 63000 commId 0x6d95e1c4f5e1bae6 - Init COMPLETE
gpu-nodes-2:1001:1001 [2] NCCL INFO Init timings - ncclCommInitRankConfig: rank 11 nranks 17 total 1.23 (kernels 0.00, alloc 0.00, bootstrap 0.00, allgathers 0.02, topo 0.99, graphs 0.08, connections 0.13, rest 0.00)
