[2026-09-04 01:18:37,576 I 2383 2383] core_worker_process.cc:868: Constructing CoreWorkerProcess. pid: 2383
[2026-09-04 01:18:37,578 I 2383 2383] event.cc:499: Ray Event initialized for CORE_WORKER
[2026-09-04 01:18:37,578 I 2383 2383] event.cc:499: Ray Event initialized for EXPORT_TASK
[2026-09-04 01:18:37,578 I 2383 2383] event.cc:332: Set ray event level to warning
[2026-09-04 01:18:37,579 I 2383 2383] grpc_server.cc:144: worker server started, listening on port 20019.
[2026-09-04 01:18:37,580 I 2383 2383] core_worker_process.cc:299: Initializing worker at address: 10.244.13.18:20019 worker_id=9cca86e129fb805441065e3db94070ba89be71e3bbbac9fc5809bb21 node_id=16895d83886096dd6efd4314e81d855c0a03b1dfc4df9de5690237d0
[2026-09-04 01:18:37,580 I 2383 2383] task_event_buffer.cc:535: Reporting task events to GCS every 1000ms.
[2026-09-04 01:18:37,581 I 2383 2383] core_worker.cc:568: Adjusted worker niceness to 15
[2026-09-04 01:18:37,581 I 2383 2622] core_worker.cc:498: Event stats:


Global stats: 11 total (9 active)
Queueing time: mean = 0.00ms, max = 0.01ms, min = 0.01ms, total = 0.01ms
Execution time:  mean = 0.00ms, total = 0.01ms
Event stats:
	PeriodicalRunner.RunFnPeriodically - 8 total (6 active, 1 running), Execution time: mean = 0.00ms, total = 0.01ms, Queueing time: mean = 0.00ms, max = 0.01ms, min = 0.01ms, total = 0.01ms
	CoreWorker.ExitIfParentRayletDies - 1 total (1 active), Execution time: mean = 0.00ms, total = 0.00ms, Queueing time: mean = 0.00ms, max = -0.00ms, min = 9223372036854.78ms, total = 0.00ms
	ray::rpc::WorkerInfoGcsService.grpc_client.AddWorkerInfo - 1 total (1 active), Execution time: mean = 0.00ms, total = 0.00ms, Queueing time: mean = 0.00ms, max = -0.00ms, min = 9223372036854.78ms, total = 0.00ms
	Publisher.CheckDeadSubscribers - 1 total (1 active), Execution time: mean = 0.00ms, total = 0.00ms, Queueing time: mean = 0.00ms, max = -0.00ms, min = 9223372036854.78ms, total = 0.00ms

-----------------
Task execution event stats:

Global stats: 0 total (0 active)
Queueing time: mean = -nanms, max = -0.00ms, min = 9223372036854.78ms, total = 0.00ms
Execution time:  mean = -nanms, total = 0.00ms
Event stats:

-----------------
Task Event stats:

IO Service Stats:

Global stats: 2 total (1 active)
Queueing time: mean = 0.00ms, max = 0.01ms, min = 0.01ms, total = 0.01ms
Execution time:  mean = 0.01ms, total = 0.03ms
Event stats:
	PeriodicalRunner.RunFnPeriodically - 1 total (0 active), Execution time: mean = 0.03ms, total = 0.03ms, Queueing time: mean = 0.01ms, max = 0.01ms, min = 0.01ms, total = 0.01ms
	CoreWorker.deadline_timer.flush_task_events - 1 total (1 active), Execution time: mean = 0.00ms, total = 0.00ms, Queueing time: mean = 0.00ms, max = -0.00ms, min = 9223372036854.78ms, total = 0.00ms
Other Stats:
	gcs_grpc_in_progress:0
	event_aggregator_grpc_in_progress:0
	current number of task status events in buffer: 0
	current number of profile events in buffer: 0
	current number of dropped task attempts tracked: 0
	total task events sent: 0 MiB
	total number of task attempts sent: 0
	total number of task attempts dropped reported: 0
	total number of sent failure: 0
	num status task events dropped: 0
	num profile task events dropped: 0
	num ray task events reported to aggregator: 0
	num ray task events failed to report to aggregator: 0
	num of task attempts dropped reported to aggregator: 0
	num of failed requests to aggregator: 0

[2026-09-04 01:18:37,582 I 2383 2383] actor_task_submitter.cc:75: Set actor max pending calls to -1 actor_id=65e8af9525f968692e08ee4901000000
[2026-09-04 01:18:37,582 I 2383 2383] core_worker.cc:3112: Creating actor actor_id=65e8af9525f968692e08ee4901000000
[2026-09-04 01:18:58,012 I 2383 2383] task_receiver.cc:117: Actor creation task finished, task_id: ffffffffffffffff65e8af9525f968692e08ee4901000000, actor_id: 65e8af9525f968692e08ee4901000000, actor_repr_name: 
[2026-09-04 01:19:37,581 I 2383 2622] core_worker.cc:498: Event stats:


Global stats: 823 total (9 active)
Queueing time: mean = 0.02ms, max = 0.47ms, min = -0.00ms, total = 14.01ms
Execution time:  mean = 24.83ms, total = 20436.82ms
Event stats:
	CoreWorker.RecoverObjects - 600 total (1 active), Execution time: mean = 0.00ms, total = 2.11ms, Queueing time: mean = 0.02ms, max = 0.05ms, min = 0.00ms, total = 9.87ms
	CoreWorker.ReportWorkerBacklog - 60 total (1 active), Execution time: mean = 0.00ms, total = 0.23ms, Queueing time: mean = 0.02ms, max = 0.47ms, min = 0.00ms, total = 1.16ms
	CoreWorker.ExitIfParentRayletDies - 60 total (1 active), Execution time: mean = 0.01ms, total = 0.55ms, Queueing time: mean = 0.02ms, max = 0.05ms, min = -0.00ms, total = 0.97ms
	CoreWorker.InternalHeartbeat - 60 total (1 active), Execution time: mean = 0.00ms, total = 0.20ms, Queueing time: mean = 0.02ms, max = 0.47ms, min = 0.00ms, total = 1.19ms
	CoreWorker.RecordMetrics - 12 total (1 active), Execution time: mean = 0.09ms, total = 1.09ms, Queueing time: mean = 0.01ms, max = 0.04ms, min = 0.00ms, total = 0.10ms
	PeriodicalRunner.RunFnPeriodically - 8 total (0 active), Execution time: mean = 0.02ms, total = 0.12ms, Queueing time: mean = 0.06ms, max = 0.11ms, min = 0.01ms, total = 0.51ms
	CoreWorker.TryDelPendingObjectRefStreams - 6 total (1 active), Execution time: mean = 0.00ms, total = 0.02ms, Queueing time: mean = 0.02ms, max = 0.03ms, min = 0.01ms, total = 0.10ms
	CoreWorkerService.grpc_server.GetCoreWorkerStats - 4 total (0 active), Execution time: mean = 0.28ms, total = 1.10ms, Queueing time: mean = 0.00ms, max = -0.00ms, min = 9223372036854.78ms, total = 0.00ms
	CoreWorkerService.grpc_server.GetCoreWorkerStats.HandleRequestImpl - 4 total (0 active), Execution time: mean = 0.08ms, total = 0.32ms, Queueing time: mean = 0.02ms, max = 0.03ms, min = 0.01ms, total = 0.08ms
	CoreWorkerService.grpc_server.PushTask - 2 total (1 active), Execution time: mean = 10215.24ms, total = 20430.48ms, Queueing time: mean = 0.00ms, max = -0.00ms, min = 9223372036854.78ms, total = 0.00ms
	CoreWorkerService.grpc_server.PushTask.HandleRequestImpl - 2 total (0 active), Execution time: mean = 0.09ms, total = 0.17ms, Queueing time: mean = 0.01ms, max = 0.01ms, min = 0.01ms, total = 0.02ms
	Publisher.CheckDeadSubscribers - 1 total (1 active), Execution time: mean = 0.00ms, total = 0.00ms, Queueing time: mean = 0.00ms, max = -0.00ms, min = 9223372036854.78ms, total = 0.00ms
	ray::rpc::WorkerInfoGcsService.grpc_client.AddWorkerInfo.OnReplyReceived - 1 total (0 active), Execution time: mean = 0.03ms, total = 0.03ms, Queueing time: mean = 0.01ms, max = 0.01ms, min = 0.01ms, total = 0.01ms
	Publisher.PublishFailure.WORKER_OBJECT_LOCATIONS_CHANNEL - 1 total (0 active), Execution time: mean = 0.01ms, total = 0.01ms, Queueing time: mean = 0.00ms, max = 0.00ms, min = 0.00ms, total = 0.00ms
	CoreWorker.PrintEventStats - 1 total (1 active, 1 running), Execution time: mean = 0.00ms, total = 0.00ms, Queueing time: mean = 0.00ms, max = -0.00ms, min = 9223372036854.78ms, total = 0.00ms
	ray::rpc::WorkerInfoGcsService.grpc_client.AddWorkerInfo - 1 total (0 active), Execution time: mean = 0.39ms, total = 0.39ms, Queueing time: mean = 0.00ms, max = -0.00ms, min = 9223372036854.78ms, total = 0.00ms

-----------------
Task execution event stats:

Global stats: 5 total (2 active)
Queueing time: mean = 4084.12ms, max = 20420.61ms, min = 0.00ms, total = 20420.61ms
Execution time:  mean = 4086.03ms, total = 20430.16ms
Event stats:
	CoreWorker.CheckSignal - 2 total (1 active), Execution time: mean = 0.00ms, total = 0.01ms, Queueing time: mean = 10210.30ms, max = 20420.61ms, min = 20420.61ms, total = 20420.61ms
	PeriodicalRunner.RunFnPeriodically - 1 total (0 active), Execution time: mean = 0.01ms, total = 0.01ms, Queueing time: mean = 0.00ms, max = 0.00ms, min = 0.00ms, total = 0.00ms
	CoreWorker.HandlePushTask - 1 total (0 active), Execution time: mean = 20430.14ms, total = 20430.14ms, Queueing time: mean = 0.00ms, max = 0.00ms, min = 0.00ms, total = 0.00ms
	CoreWorker.HandlePushTaskActor - 1 total (1 active, 1 running), Execution time: mean = 0.00ms, total = 0.00ms, Queueing time: mean = 0.00ms, max = -0.00ms, min = 9223372036854.78ms, total = 0.00ms

-----------------
Task Event stats:

IO Service Stats:

Global stats: 65 total (1 active)
Queueing time: mean = 0.02ms, max = 0.05ms, min = 0.01ms, total = 1.48ms
Execution time:  mean = 0.05ms, total = 3.31ms
Event stats:
	CoreWorker.deadline_timer.flush_task_events - 60 total (1 active), Execution time: mean = 0.03ms, total = 1.61ms, Queueing time: mean = 0.02ms, max = 0.05ms, min = 0.01ms, total = 1.43ms
	ray::rpc::TaskInfoGcsService.grpc_client.AddTaskEventData.OnReplyReceived - 2 total (0 active), Execution time: mean = 0.05ms, total = 0.09ms, Queueing time: mean = 0.02ms, max = 0.02ms, min = 0.02ms, total = 0.04ms
	ray::rpc::TaskInfoGcsService.grpc_client.AddTaskEventData - 2 total (0 active), Execution time: mean = 0.79ms, total = 1.58ms, Queueing time: mean = 0.00ms, max = -0.00ms, min = 9223372036854.78ms, total = 0.00ms
	PeriodicalRunner.RunFnPeriodically - 1 total (0 active), Execution time: mean = 0.03ms, total = 0.03ms, Queueing time: mean = 0.01ms, max = 0.01ms, min = 0.01ms, total = 0.01ms
Other Stats:
	gcs_grpc_in_progress:0
	event_aggregator_grpc_in_progress:0
	current number of task status events in buffer: 0
	current number of profile events in buffer: 0
	current number of dropped task attempts tracked: 0
	total task events sent: 0.000576973 MiB
	total number of task attempts sent: 3
	total number of task attempts dropped reported: 0
	total number of sent failure: 0
	num status task events dropped: 0
	num profile task events dropped: 0
	num ray task events reported to aggregator: 0
	num ray task events failed to report to aggregator: 0
	num of task attempts dropped reported to aggregator: 0
	num of failed requests to aggregator: 0

[2026-09-04 01:20:37,581 I 2383 2622] core_worker.cc:498: Event stats:


Global stats: 1630 total (8 active)
Queueing time: mean = 0.02ms, max = 0.47ms, min = -0.01ms, total = 29.85ms
Execution time:  mean = 38.48ms, total = 62722.18ms
Event stats:
	CoreWorker.RecoverObjects - 1200 total (1 active), Execution time: mean = 0.00ms, total = 3.45ms, Queueing time: mean = 0.02ms, max = 0.24ms, min = -0.01ms, total = 21.40ms
	CoreWorker.ReportWorkerBacklog - 120 total (1 active), Execution time: mean = 0.00ms, total = 0.42ms, Queueing time: mean = 0.02ms, max = 0.47ms, min = 0.00ms, total = 2.45ms
	CoreWorker.ExitIfParentRayletDies - 120 total (1 active), Execution time: mean = 0.01ms, total = 0.92ms, Queueing time: mean = 0.02ms, max = 0.05ms, min = -0.00ms, total = 2.10ms
	CoreWorker.InternalHeartbeat - 120 total (1 active), Execution time: mean = 0.00ms, total = 0.35ms, Queueing time: mean = 0.02ms, max = 0.47ms, min = 0.00ms, total = 2.53ms
	CoreWorker.RecordMetrics - 24 total (1 active), Execution time: mean = 0.07ms, total = 1.63ms, Queueing time: mean = 0.01ms, max = 0.04ms, min = 0.00ms, total = 0.30ms
	CoreWorker.TryDelPendingObjectRefStreams - 12 total (1 active), Execution time: mean = 0.00ms, total = 0.03ms, Queueing time: mean = 0.03ms, max = 0.12ms, min = 0.01ms, total = 0.32ms
	PeriodicalRunner.RunFnPeriodically - 8 total (0 active), Execution time: mean = 0.02ms, total = 0.12ms, Queueing time: mean = 0.06ms, max = 0.11ms, min = 0.01ms, total = 0.51ms
	CoreWorkerService.grpc_server.GetCoreWorkerStats - 8 total (0 active), Execution time: mean = 0.26ms, total = 2.11ms, Queueing time: mean = 0.00ms, max = -0.00ms, min = 9223372036854.78ms, total = 0.00ms
	CoreWorkerService.grpc_server.GetCoreWorkerStats.HandleRequestImpl - 8 total (0 active), Execution time: mean = 0.07ms, total = 0.55ms, Queueing time: mean = 0.02ms, max = 0.04ms, min = 0.01ms, total = 0.20ms
	CoreWorker.PrintEventStats - 2 total (1 active, 1 running), Execution time: mean = 0.12ms, total = 0.23ms, Queueing time: mean = 0.01ms, max = 0.02ms, min = 0.02ms, total = 0.02ms
	CoreWorkerService.grpc_server.PushTask - 2 total (0 active), Execution time: mean = 31355.88ms, total = 62711.76ms, Queueing time: mean = 0.00ms, max = -0.00ms, min = 9223372036854.78ms, total = 0.00ms
	CoreWorkerService.grpc_server.PushTask.HandleRequestImpl - 2 total (0 active), Execution time: mean = 0.09ms, total = 0.17ms, Queueing time: mean = 0.01ms, max = 0.01ms, min = 0.01ms, total = 0.02ms
	Publisher.CheckDeadSubscribers - 1 total (1 active), Execution time: mean = 0.00ms, total = 0.00ms, Queueing time: mean = 0.00ms, max = -0.00ms, min = 9223372036854.78ms, total = 0.00ms
	ray::rpc::WorkerInfoGcsService.grpc_client.AddWorkerInfo.OnReplyReceived - 1 total (0 active), Execution time: mean = 0.03ms, total = 0.03ms, Queueing time: mean = 0.01ms, max = 0.01ms, min = 0.01ms, total = 0.01ms
	Publisher.PublishFailure.WORKER_OBJECT_LOCATIONS_CHANNEL - 1 total (0 active), Execution time: mean = 0.01ms, total = 0.01ms, Queueing time: mean = 0.00ms, max = 0.00ms, min = 0.00ms, total = 0.00ms
	ray::rpc::WorkerInfoGcsService.grpc_client.AddWorkerInfo - 1 total (0 active), Execution time: mean = 0.39ms, total = 0.39ms, Queueing time: mean = 0.00ms, max = -0.00ms, min = 9223372036854.78ms, total = 0.00ms

-----------------
Task execution event stats:

Global stats: 5723 total (1 active)
Queueing time: mean = 10.97ms, max = 42273.32ms, min = 0.00ms, total = 62800.26ms
Execution time:  mean = 10.96ms, total = 62724.49ms
Event stats:
	CoreWorker.CheckSignal - 5720 total (1 active), Execution time: mean = 0.00ms, total = 13.31ms, Queueing time: mean = 10.98ms, max = 42273.32ms, min = 0.00ms, total = 62800.24ms
	PeriodicalRunner.RunFnPeriodically - 1 total (0 active), Execution time: mean = 0.01ms, total = 0.01ms, Queueing time: mean = 0.00ms, max = 0.00ms, min = 0.00ms, total = 0.00ms
	CoreWorker.HandlePushTask - 1 total (0 active), Execution time: mean = 20430.14ms, total = 20430.14ms, Queueing time: mean = 0.00ms, max = 0.00ms, min = 0.00ms, total = 0.00ms
	CoreWorker.HandlePushTaskActor - 1 total (0 active), Execution time: mean = 42281.02ms, total = 42281.02ms, Queueing time: mean = 0.01ms, max = 0.01ms, min = 0.01ms, total = 0.01ms

-----------------
Task Event stats:

IO Service Stats:

Global stats: 127 total (1 active)
Queueing time: mean = 0.02ms, max = 0.05ms, min = 0.00ms, total = 2.80ms
Execution time:  mean = 0.04ms, total = 4.66ms
Event stats:
	CoreWorker.deadline_timer.flush_task_events - 120 total (1 active), Execution time: mean = 0.02ms, total = 2.41ms, Queueing time: mean = 0.02ms, max = 0.05ms, min = 0.00ms, total = 2.73ms
	ray::rpc::TaskInfoGcsService.grpc_client.AddTaskEventData.OnReplyReceived - 3 total (0 active), Execution time: mean = 0.04ms, total = 0.13ms, Queueing time: mean = 0.02ms, max = 0.02ms, min = 0.02ms, total = 0.06ms
	ray::rpc::TaskInfoGcsService.grpc_client.AddTaskEventData - 3 total (0 active), Execution time: mean = 0.70ms, total = 2.09ms, Queueing time: mean = 0.00ms, max = -0.00ms, min = 9223372036854.78ms, total = 0.00ms
	PeriodicalRunner.RunFnPeriodically - 1 total (0 active), Execution time: mean = 0.03ms, total = 0.03ms, Queueing time: mean = 0.01ms, max = 0.01ms, min = 0.01ms, total = 0.01ms
Other Stats:
	gcs_grpc_in_progress:0
	event_aggregator_grpc_in_progress:0
	current number of task status events in buffer: 0
	current number of profile events in buffer: 0
	current number of dropped task attempts tracked: 0
	total task events sent: 0.000876427 MiB
	total number of task attempts sent: 4
	total number of task attempts dropped reported: 0
	total number of sent failure: 0
	num status task events dropped: 0
	num profile task events dropped: 0
	num ray task events reported to aggregator: 0
	num ray task events failed to report to aggregator: 0
	num of task attempts dropped reported to aggregator: 0
	num of failed requests to aggregator: 0

[2026-09-04 01:21:37,582 I 2383 2622] core_worker.cc:498: Event stats:


Global stats: 2439 total (9 active)
Queueing time: mean = 0.02ms, max = 0.47ms, min = -0.01ms, total = 47.02ms
Execution time:  mean = 25.72ms, total = 62726.66ms
Event stats:
	CoreWorker.RecoverObjects - 1800 total (1 active), Execution time: mean = 0.00ms, total = 4.89ms, Queueing time: mean = 0.02ms, max = 0.24ms, min = -0.01ms, total = 33.51ms
	CoreWorker.ReportWorkerBacklog - 180 total (1 active), Execution time: mean = 0.00ms, total = 0.64ms, Queueing time: mean = 0.02ms, max = 0.47ms, min = 0.00ms, total = 3.90ms
	CoreWorker.ExitIfParentRayletDies - 180 total (1 active), Execution time: mean = 0.01ms, total = 1.35ms, Queueing time: mean = 0.02ms, max = 0.05ms, min = -0.00ms, total = 3.33ms
	CoreWorker.InternalHeartbeat - 180 total (1 active), Execution time: mean = 0.00ms, total = 0.51ms, Queueing time: mean = 0.02ms, max = 0.47ms, min = 0.00ms, total = 4.03ms
	CoreWorker.RecordMetrics - 36 total (1 active), Execution time: mean = 0.06ms, total = 2.21ms, Queueing time: mean = 0.02ms, max = 0.04ms, min = 0.00ms, total = 0.55ms
	CoreWorker.TryDelPendingObjectRefStreams - 18 total (1 active), Execution time: mean = 0.00ms, total = 0.05ms, Queueing time: mean = 0.05ms, max = 0.37ms, min = 0.01ms, total = 0.81ms
	CoreWorkerService.grpc_server.GetCoreWorkerStats - 12 total (0 active), Execution time: mean = 0.25ms, total = 3.00ms, Queueing time: mean = 0.00ms, max = -0.00ms, min = 9223372036854.78ms, total = 0.00ms
	CoreWorkerService.grpc_server.GetCoreWorkerStats.HandleRequestImpl - 12 total (0 active), Execution time: mean = 0.06ms, total = 0.75ms, Queueing time: mean = 0.02ms, max = 0.04ms, min = 0.01ms, total = 0.28ms
	PeriodicalRunner.RunFnPeriodically - 8 total (0 active), Execution time: mean = 0.02ms, total = 0.12ms, Queueing time: mean = 0.06ms, max = 0.11ms, min = 0.01ms, total = 0.51ms
	CoreWorker.PrintEventStats - 3 total (1 active, 1 running), Execution time: mean = 0.23ms, total = 0.68ms, Queueing time: mean = 0.02ms, max = 0.03ms, min = 0.02ms, total = 0.05ms
	CoreWorkerService.grpc_server.PushTask - 3 total (1 active), Execution time: mean = 20903.92ms, total = 62711.76ms, Queueing time: mean = 0.00ms, max = -0.00ms, min = 9223372036854.78ms, total = 0.00ms
	CoreWorkerService.grpc_server.PushTask.HandleRequestImpl - 3 total (0 active), Execution time: mean = 0.09ms, total = 0.26ms, Queueing time: mean = 0.01ms, max = 0.02ms, min = 0.01ms, total = 0.04ms
	Publisher.CheckDeadSubscribers - 1 total (1 active), Execution time: mean = 0.00ms, total = 0.00ms, Queueing time: mean = 0.00ms, max = -0.00ms, min = 9223372036854.78ms, total = 0.00ms
	ray::rpc::WorkerInfoGcsService.grpc_client.AddWorkerInfo.OnReplyReceived - 1 total (0 active), Execution time: mean = 0.03ms, total = 0.03ms, Queueing time: mean = 0.01ms, max = 0.01ms, min = 0.01ms, total = 0.01ms
	Publisher.PublishFailure.WORKER_OBJECT_LOCATIONS_CHANNEL - 1 total (0 active), Execution time: mean = 0.01ms, total = 0.01ms, Queueing time: mean = 0.00ms, max = 0.00ms, min = 0.00ms, total = 0.00ms
	ray::rpc::WorkerInfoGcsService.grpc_client.AddWorkerInfo - 1 total (0 active), Execution time: mean = 0.39ms, total = 0.39ms, Queueing time: mean = 0.00ms, max = -0.00ms, min = 9223372036854.78ms, total = 0.00ms

-----------------
Task execution event stats:

Global stats: 9232 total (2 active)
Queueing time: mean = 6.81ms, max = 42273.32ms, min = -0.01ms, total = 62870.60ms
Execution time:  mean = 6.80ms, total = 62733.24ms
Event stats:
	CoreWorker.CheckSignal - 9228 total (1 active), Execution time: mean = 0.00ms, total = 22.06ms, Queueing time: mean = 6.81ms, max = 42273.32ms, min = -0.01ms, total = 62870.58ms
	CoreWorker.HandlePushTaskActor - 2 total (1 active, 1 running), Execution time: mean = 21140.51ms, total = 42281.02ms, Queueing time: mean = 0.01ms, max = 0.01ms, min = 0.01ms, total = 0.01ms
	PeriodicalRunner.RunFnPeriodically - 1 total (0 active), Execution time: mean = 0.01ms, total = 0.01ms, Queueing time: mean = 0.00ms, max = 0.00ms, min = 0.00ms, total = 0.00ms
	CoreWorker.HandlePushTask - 1 total (0 active), Execution time: mean = 20430.14ms, total = 20430.14ms, Queueing time: mean = 0.00ms, max = 0.00ms, min = 0.00ms, total = 0.00ms

-----------------
Task Event stats:

IO Service Stats:

Global stats: 189 total (1 active)
Queueing time: mean = 0.02ms, max = 0.05ms, min = 0.00ms, total = 4.13ms
Execution time:  mean = 0.03ms, total = 5.97ms
Event stats:
	CoreWorker.deadline_timer.flush_task_events - 180 total (1 active), Execution time: mean = 0.02ms, total = 3.17ms, Queueing time: mean = 0.02ms, max = 0.05ms, min = 0.00ms, total = 4.04ms
	ray::rpc::TaskInfoGcsService.grpc_client.AddTaskEventData.OnReplyReceived - 4 total (0 active), Execution time: mean = 0.04ms, total = 0.16ms, Queueing time: mean = 0.02ms, max = 0.02ms, min = 0.02ms, total = 0.08ms
	ray::rpc::TaskInfoGcsService.grpc_client.AddTaskEventData - 4 total (0 active), Execution time: mean = 0.65ms, total = 2.61ms, Queueing time: mean = 0.00ms, max = -0.00ms, min = 9223372036854.78ms, total = 0.00ms
	PeriodicalRunner.RunFnPeriodically - 1 total (0 active), Execution time: mean = 0.03ms, total = 0.03ms, Queueing time: mean = 0.01ms, max = 0.01ms, min = 0.01ms, total = 0.01ms
Other Stats:
	gcs_grpc_in_progress:0
	event_aggregator_grpc_in_progress:0
	current number of task status events in buffer: 0
	current number of profile events in buffer: 0
	current number of dropped task attempts tracked: 0
	total task events sent: 0.00104427 MiB
	total number of task attempts sent: 5
	total number of task attempts dropped reported: 0
	total number of sent failure: 0
	num status task events dropped: 0
	num profile task events dropped: 0
	num ray task events reported to aggregator: 0
	num ray task events failed to report to aggregator: 0
	num of task attempts dropped reported to aggregator: 0
	num of failed requests to aggregator: 0

[2026-09-04 01:22:37,582 I 2383 2622] core_worker.cc:498: Event stats:


Global stats: 3246 total (9 active)
Queueing time: mean = 0.02ms, max = 0.47ms, min = -0.01ms, total = 59.56ms
Execution time:  mean = 19.33ms, total = 62730.85ms
Event stats:
	CoreWorker.RecoverObjects - 2400 total (1 active), Execution time: mean = 0.00ms, total = 6.38ms, Queueing time: mean = 0.02ms, max = 0.24ms, min = -0.01ms, total = 42.59ms
	CoreWorker.ReportWorkerBacklog - 240 total (1 active), Execution time: mean = 0.00ms, total = 0.87ms, Queueing time: mean = 0.02ms, max = 0.47ms, min = 0.00ms, total = 4.99ms
	CoreWorker.ExitIfParentRayletDies - 240 total (1 active), Execution time: mean = 0.01ms, total = 1.80ms, Queueing time: mean = 0.02ms, max = 0.05ms, min = -0.00ms, total = 4.23ms
	CoreWorker.InternalHeartbeat - 240 total (1 active), Execution time: mean = 0.00ms, total = 0.72ms, Queueing time: mean = 0.02ms, max = 0.47ms, min = 0.00ms, total = 5.14ms
	CoreWorker.RecordMetrics - 48 total (1 active), Execution time: mean = 0.06ms, total = 2.79ms, Queueing time: mean = 0.01ms, max = 0.04ms, min = 0.00ms, total = 0.71ms
	CoreWorker.TryDelPendingObjectRefStreams - 24 total (1 active), Execution time: mean = 0.00ms, total = 0.07ms, Queueing time: mean = 0.04ms, max = 0.37ms, min = 0.01ms, total = 0.92ms
	CoreWorkerService.grpc_server.GetCoreWorkerStats - 16 total (0 active), Execution time: mean = 0.24ms, total = 3.87ms, Queueing time: mean = 0.00ms, max = -0.00ms, min = 9223372036854.78ms, total = 0.00ms
	CoreWorkerService.grpc_server.GetCoreWorkerStats.HandleRequestImpl - 16 total (0 active), Execution time: mean = 0.06ms, total = 0.92ms, Queueing time: mean = 0.02ms, max = 0.04ms, min = 0.01ms, total = 0.35ms
	PeriodicalRunner.RunFnPeriodically - 8 total (0 active), Execution time: mean = 0.02ms, total = 0.12ms, Queueing time: mean = 0.06ms, max = 0.11ms, min = 0.01ms, total = 0.51ms
	CoreWorker.PrintEventStats - 4 total (1 active, 1 running), Execution time: mean = 0.21ms, total = 0.86ms, Queueing time: mean = 0.02ms, max = 0.03ms, min = 0.01ms, total = 0.06ms
	CoreWorkerService.grpc_server.PushTask - 3 total (1 active), Execution time: mean = 20903.92ms, total = 62711.76ms, Queueing time: mean = 0.00ms, max = -0.00ms, min = 9223372036854.78ms, total = 0.00ms
	CoreWorkerService.grpc_server.PushTask.HandleRequestImpl - 3 total (0 active), Execution time: mean = 0.09ms, total = 0.26ms, Queueing time: mean = 0.01ms, max = 0.02ms, min = 0.01ms, total = 0.04ms
	Publisher.CheckDeadSubscribers - 1 total (1 active), Execution time: mean = 0.00ms, total = 0.00ms, Queueing time: mean = 0.00ms, max = -0.00ms, min = 9223372036854.78ms, total = 0.00ms
	ray::rpc::WorkerInfoGcsService.grpc_client.AddWorkerInfo.OnReplyReceived - 1 total (0 active), Execution time: mean = 0.03ms, total = 0.03ms, Queueing time: mean = 0.01ms, max = 0.01ms, min = 0.01ms, total = 0.01ms
	Publisher.PublishFailure.WORKER_OBJECT_LOCATIONS_CHANNEL - 1 total (0 active), Execution time: mean = 0.01ms, total = 0.01ms, Queueing time: mean = 0.00ms, max = 0.00ms, min = 0.00ms, total = 0.00ms
	ray::rpc::WorkerInfoGcsService.grpc_client.AddWorkerInfo - 1 total (0 active), Execution time: mean = 0.39ms, total = 0.39ms, Queueing time: mean = 0.00ms, max = -0.00ms, min = 9223372036854.78ms, total = 0.00ms

-----------------
Task execution event stats:

Global stats: 9232 total (2 active)
Queueing time: mean = 6.81ms, max = 42273.32ms, min = -0.01ms, total = 62870.60ms
Execution time:  mean = 6.80ms, total = 62733.24ms
Event stats:
	CoreWorker.CheckSignal - 9228 total (1 active), Execution time: mean = 0.00ms, total = 22.06ms, Queueing time: mean = 6.81ms, max = 42273.32ms, min = -0.01ms, total = 62870.58ms
	CoreWorker.HandlePushTaskActor - 2 total (1 active, 1 running), Execution time: mean = 21140.51ms, total = 42281.02ms, Queueing time: mean = 0.01ms, max = 0.01ms, min = 0.01ms, total = 0.01ms
	PeriodicalRunner.RunFnPeriodically - 1 total (0 active), Execution time: mean = 0.01ms, total = 0.01ms, Queueing time: mean = 0.00ms, max = 0.00ms, min = 0.00ms, total = 0.00ms
	CoreWorker.HandlePushTask - 1 total (0 active), Execution time: mean = 20430.14ms, total = 20430.14ms, Queueing time: mean = 0.00ms, max = 0.00ms, min = 0.00ms, total = 0.00ms

-----------------
Task Event stats:

IO Service Stats:

Global stats: 249 total (1 active)
Queueing time: mean = 0.02ms, max = 0.05ms, min = 0.00ms, total = 5.37ms
Execution time:  mean = 0.03ms, total = 6.69ms
Event stats:
	CoreWorker.deadline_timer.flush_task_events - 240 total (1 active), Execution time: mean = 0.02ms, total = 3.88ms, Queueing time: mean = 0.02ms, max = 0.05ms, min = 0.00ms, total = 5.28ms
	ray::rpc::TaskInfoGcsService.grpc_client.AddTaskEventData.OnReplyReceived - 4 total (0 active), Execution time: mean = 0.04ms, total = 0.16ms, Queueing time: mean = 0.02ms, max = 0.02ms, min = 0.02ms, total = 0.08ms
	ray::rpc::TaskInfoGcsService.grpc_client.AddTaskEventData - 4 total (0 active), Execution time: mean = 0.65ms, total = 2.61ms, Queueing time: mean = 0.00ms, max = -0.00ms, min = 9223372036854.78ms, total = 0.00ms
	PeriodicalRunner.RunFnPeriodically - 1 total (0 active), Execution time: mean = 0.03ms, total = 0.03ms, Queueing time: mean = 0.01ms, max = 0.01ms, min = 0.01ms, total = 0.01ms
Other Stats:
	gcs_grpc_in_progress:0
	event_aggregator_grpc_in_progress:0
	current number of task status events in buffer: 0
	current number of profile events in buffer: 0
	current number of dropped task attempts tracked: 0
	total task events sent: 0.00104427 MiB
	total number of task attempts sent: 5
	total number of task attempts dropped reported: 0
	total number of sent failure: 0
	num status task events dropped: 0
	num profile task events dropped: 0
	num ray task events reported to aggregator: 0
	num ray task events failed to report to aggregator: 0
	num of task attempts dropped reported to aggregator: 0
	num of failed requests to aggregator: 0

[2026-09-04 01:23:37,582 I 2383 2622] core_worker.cc:498: Event stats:


Global stats: 4054 total (9 active)
Queueing time: mean = 0.02ms, max = 0.47ms, min = -0.01ms, total = 72.84ms
Execution time:  mean = 15.47ms, total = 62735.28ms
Event stats:
	CoreWorker.RecoverObjects - 3000 total (1 active), Execution time: mean = 0.00ms, total = 8.01ms, Queueing time: mean = 0.02ms, max = 0.24ms, min = -0.01ms, total = 52.07ms
	CoreWorker.ReportWorkerBacklog - 300 total (1 active), Execution time: mean = 0.00ms, total = 1.07ms, Queueing time: mean = 0.02ms, max = 0.47ms, min = 0.00ms, total = 6.15ms
	CoreWorker.ExitIfParentRayletDies - 300 total (1 active), Execution time: mean = 0.01ms, total = 2.22ms, Queueing time: mean = 0.02ms, max = 0.05ms, min = -0.00ms, total = 5.17ms
	CoreWorker.InternalHeartbeat - 300 total (1 active), Execution time: mean = 0.00ms, total = 0.92ms, Queueing time: mean = 0.02ms, max = 0.47ms, min = 0.00ms, total = 6.31ms
	CoreWorker.RecordMetrics - 60 total (1 active), Execution time: mean = 0.06ms, total = 3.32ms, Queueing time: mean = 0.01ms, max = 0.04ms, min = 0.00ms, total = 0.90ms
	CoreWorker.TryDelPendingObjectRefStreams - 30 total (1 active), Execution time: mean = 0.00ms, total = 0.09ms, Queueing time: mean = 0.04ms, max = 0.37ms, min = 0.01ms, total = 1.12ms
	CoreWorkerService.grpc_server.GetCoreWorkerStats - 20 total (0 active), Execution time: mean = 0.25ms, total = 4.92ms, Queueing time: mean = 0.00ms, max = -0.00ms, min = 9223372036854.78ms, total = 0.00ms
	CoreWorkerService.grpc_server.GetCoreWorkerStats.HandleRequestImpl - 20 total (0 active), Execution time: mean = 0.06ms, total = 1.14ms, Queueing time: mean = 0.02ms, max = 0.05ms, min = 0.01ms, total = 0.47ms
	PeriodicalRunner.RunFnPeriodically - 8 total (0 active), Execution time: mean = 0.02ms, total = 0.12ms, Queueing time: mean = 0.06ms, max = 0.11ms, min = 0.01ms, total = 0.51ms
	CoreWorker.PrintEventStats - 5 total (1 active, 1 running), Execution time: mean = 0.21ms, total = 1.03ms, Queueing time: mean = 0.02ms, max = 0.03ms, min = 0.01ms, total = 0.08ms
	CoreWorkerService.grpc_server.PushTask - 3 total (1 active), Execution time: mean = 20903.92ms, total = 62711.76ms, Queueing time: mean = 0.00ms, max = -0.00ms, min = 9223372036854.78ms, total = 0.00ms
	CoreWorkerService.grpc_server.PushTask.HandleRequestImpl - 3 total (0 active), Execution time: mean = 0.09ms, total = 0.26ms, Queueing time: mean = 0.01ms, max = 0.02ms, min = 0.01ms, total = 0.04ms
	Publisher.CheckDeadSubscribers - 2 total (1 active), Execution time: mean = 0.00ms, total = 0.00ms, Queueing time: mean = 0.01ms, max = 0.02ms, min = 0.02ms, total = 0.02ms
	ray::rpc::WorkerInfoGcsService.grpc_client.AddWorkerInfo.OnReplyReceived - 1 total (0 active), Execution time: mean = 0.03ms, total = 0.03ms, Queueing time: mean = 0.01ms, max = 0.01ms, min = 0.01ms, total = 0.01ms
	Publisher.PublishFailure.WORKER_OBJECT_LOCATIONS_CHANNEL - 1 total (0 active), Execution time: mean = 0.01ms, total = 0.01ms, Queueing time: mean = 0.00ms, max = 0.00ms, min = 0.00ms, total = 0.00ms
	ray::rpc::WorkerInfoGcsService.grpc_client.AddWorkerInfo - 1 total (0 active), Execution time: mean = 0.39ms, total = 0.39ms, Queueing time: mean = 0.00ms, max = -0.00ms, min = 9223372036854.78ms, total = 0.00ms

-----------------
Task execution event stats:

Global stats: 9232 total (2 active)
Queueing time: mean = 6.81ms, max = 42273.32ms, min = -0.01ms, total = 62870.60ms
Execution time:  mean = 6.80ms, total = 62733.24ms
Event stats:
	CoreWorker.CheckSignal - 9228 total (1 active), Execution time: mean = 0.00ms, total = 22.06ms, Queueing time: mean = 6.81ms, max = 42273.32ms, min = -0.01ms, total = 62870.58ms
	CoreWorker.HandlePushTaskActor - 2 total (1 active, 1 running), Execution time: mean = 21140.51ms, total = 42281.02ms, Queueing time: mean = 0.01ms, max = 0.01ms, min = 0.01ms, total = 0.01ms
	PeriodicalRunner.RunFnPeriodically - 1 total (0 active), Execution time: mean = 0.01ms, total = 0.01ms, Queueing time: mean = 0.00ms, max = 0.00ms, min = 0.00ms, total = 0.00ms
	CoreWorker.HandlePushTask - 1 total (0 active), Execution time: mean = 20430.14ms, total = 20430.14ms, Queueing time: mean = 0.00ms, max = 0.00ms, min = 0.00ms, total = 0.00ms

-----------------
Task Event stats:

IO Service Stats:

Global stats: 309 total (1 active)
Queueing time: mean = 0.02ms, max = 0.05ms, min = 0.00ms, total = 6.53ms
Execution time:  mean = 0.02ms, total = 7.35ms
Event stats:
	CoreWorker.deadline_timer.flush_task_events - 300 total (1 active), Execution time: mean = 0.02ms, total = 4.55ms, Queueing time: mean = 0.02ms, max = 0.05ms, min = 0.00ms, total = 6.44ms
	ray::rpc::TaskInfoGcsService.grpc_client.AddTaskEventData.OnReplyReceived - 4 total (0 active), Execution time: mean = 0.04ms, total = 0.16ms, Queueing time: mean = 0.02ms, max = 0.02ms, min = 0.02ms, total = 0.08ms
	ray::rpc::TaskInfoGcsService.grpc_client.AddTaskEventData - 4 total (0 active), Execution time: mean = 0.65ms, total = 2.61ms, Queueing time: mean = 0.00ms, max = -0.00ms, min = 9223372036854.78ms, total = 0.00ms
	PeriodicalRunner.RunFnPeriodically - 1 total (0 active), Execution time: mean = 0.03ms, total = 0.03ms, Queueing time: mean = 0.01ms, max = 0.01ms, min = 0.01ms, total = 0.01ms
Other Stats:
	gcs_grpc_in_progress:0
	event_aggregator_grpc_in_progress:0
	current number of task status events in buffer: 0
	current number of profile events in buffer: 0
	current number of dropped task attempts tracked: 0
	total task events sent: 0.00104427 MiB
	total number of task attempts sent: 5
	total number of task attempts dropped reported: 0
	total number of sent failure: 0
	num status task events dropped: 0
	num profile task events dropped: 0
	num ray task events reported to aggregator: 0
	num ray task events failed to report to aggregator: 0
	num of task attempts dropped reported to aggregator: 0
	num of failed requests to aggregator: 0

[2026-09-04 01:23:42,040 I 2383 2622] accessor.cc:453: Received address and liveness notification for node, IsAlive = 1 node_id=16895d83886096dd6efd4314e81d855c0a03b1dfc4df9de5690237d0
[2026-09-04 01:23:42,041 I 2383 2622] normal_task_submitter.cc:855: Number of alive nodes:1
[2026-09-04 01:23:42,041 I 2383 2622] accessor.cc:453: Received address and liveness notification for node, IsAlive = 1 node_id=7ec92c2f54084c82224aaf290ba4b064a6946ba02865d6eabbdaa50f
[2026-09-04 01:23:42,041 I 2383 2622] accessor.cc:453: Received address and liveness notification for node, IsAlive = 1 node_id=1d5b39728787b176641b29b66b42b9e0bebe64610b9786e368654866
[2026-09-04 01:23:42,041 I 2383 2622] accessor.cc:453: Received address and liveness notification for node, IsAlive = 1 node_id=727499ceb1fef166a47c1d27877509f0b701ef9a9d6f30491f3af07f
[2026-09-04 01:24:37,582 I 2383 2622] core_worker.cc:498: Event stats:


Global stats: 4892 total (10 active)
Queueing time: mean = 0.02ms, max = 0.47ms, min = -0.01ms, total = 85.60ms
Execution time:  mean = 46.62ms, total = 228054.76ms
Event stats:
	CoreWorker.RecoverObjects - 3600 total (1 active), Execution time: mean = 0.00ms, total = 9.28ms, Queueing time: mean = 0.02ms, max = 0.24ms, min = -0.01ms, total = 60.77ms
	CoreWorker.InternalHeartbeat - 360 total (1 active), Execution time: mean = 0.00ms, total = 1.08ms, Queueing time: mean = 0.02ms, max = 0.47ms, min = 0.00ms, total = 7.35ms
	CoreWorker.ReportWorkerBacklog - 360 total (1 active), Execution time: mean = 0.00ms, total = 1.26ms, Queueing time: mean = 0.02ms, max = 0.47ms, min = 0.00ms, total = 7.16ms
	CoreWorker.ExitIfParentRayletDies - 360 total (1 active), Execution time: mean = 0.01ms, total = 2.61ms, Queueing time: mean = 0.02ms, max = 0.05ms, min = -0.00ms, total = 6.01ms
	CoreWorker.RecordMetrics - 72 total (1 active), Execution time: mean = 0.06ms, total = 3.96ms, Queueing time: mean = 0.01ms, max = 0.04ms, min = 0.00ms, total = 1.06ms
	CoreWorker.TryDelPendingObjectRefStreams - 36 total (1 active), Execution time: mean = 0.00ms, total = 0.10ms, Queueing time: mean = 0.04ms, max = 0.37ms, min = 0.01ms, total = 1.43ms
	CoreWorkerService.grpc_server.GetCoreWorkerStats.HandleRequestImpl - 24 total (0 active), Execution time: mean = 0.06ms, total = 1.35ms, Queueing time: mean = 0.02ms, max = 0.05ms, min = 0.01ms, total = 0.55ms
	CoreWorkerService.grpc_server.GetCoreWorkerStats - 24 total (0 active), Execution time: mean = 0.25ms, total = 5.96ms, Queueing time: mean = 0.00ms, max = -0.00ms, min = 9223372036854.78ms, total = 0.00ms
	Publisher.PublishFailure.WORKER_OBJECT_LOCATIONS_CHANNEL - 17 total (0 active), Execution time: mean = 0.00ms, total = 0.03ms, Queueing time: mean = 0.03ms, max = 0.04ms, min = 0.00ms, total = 0.51ms
	PeriodicalRunner.RunFnPeriodically - 8 total (0 active), Execution time: mean = 0.02ms, total = 0.12ms, Queueing time: mean = 0.06ms, max = 0.11ms, min = 0.01ms, total = 0.51ms
	CoreWorker.PrintEventStats - 6 total (1 active, 1 running), Execution time: mean = 0.23ms, total = 1.37ms, Queueing time: mean = 0.01ms, max = 0.03ms, min = 0.00ms, total = 0.08ms
	CoreWorkerService.grpc_server.PushTask - 4 total (0 active), Execution time: mean = 57005.35ms, total = 228021.41ms, Queueing time: mean = 0.00ms, max = -0.00ms, min = 9223372036854.78ms, total = 0.00ms
	CoreWorkerService.grpc_server.PushTask.HandleRequestImpl - 4 total (0 active), Execution time: mean = 0.08ms, total = 0.33ms, Queueing time: mean = 0.01ms, max = 0.02ms, min = 0.01ms, total = 0.06ms
	Publisher.CheckDeadSubscribers - 2 total (1 active), Execution time: mean = 0.00ms, total = 0.00ms, Queueing time: mean = 0.01ms, max = 0.02ms, min = 0.02ms, total = 0.02ms
	ray::rpc::ControlPlanePubSubGcsService.grpc_client.GcsSubscriberPoll - 1 total (1 active), Execution time: mean = 0.00ms, total = 0.00ms, Queueing time: mean = 0.00ms, max = -0.00ms, min = 9223372036854.78ms, total = 0.00ms
	Publisher.Publish.WORKER_OBJECT_LOCATIONS_CHANNEL - 1 total (0 active), Execution time: mean = 0.01ms, total = 0.01ms, Queueing time: mean = 0.02ms, max = 0.02ms, min = 0.02ms, total = 0.02ms
	ray::rpc::NodeInfoGcsService.grpc_client.GetAllNodeAddressAndLiveness.OnReplyReceived - 1 total (0 active), Execution time: mean = 0.15ms, total = 0.15ms, Queueing time: mean = 0.01ms, max = 0.01ms, min = 0.01ms, total = 0.01ms
	ray::rpc::ControlPlanePubSubGcsService.grpc_client.GcsSubscriberCommandBatch - 1 total (0 active), Execution time: mean = 1.32ms, total = 1.32ms, Queueing time: mean = 0.00ms, max = -0.00ms, min = 9223372036854.78ms, total = 0.00ms
	CoreWorkerService.grpc_server.UpdateObjectLocationBatch.HandleRequestImpl - 1 total (0 active), Execution time: mean = 0.03ms, total = 0.03ms, Queueing time: mean = 0.01ms, max = 0.01ms, min = 0.01ms, total = 0.01ms
	ray::rpc::NodeInfoGcsService.grpc_client.GetAllNodeAddressAndLiveness - 1 total (0 active), Execution time: mean = 0.35ms, total = 0.35ms, Queueing time: mean = 0.00ms, max = -0.00ms, min = 9223372036854.78ms, total = 0.00ms
	ray::rpc::WorkerInfoGcsService.grpc_client.AddWorkerInfo - 1 total (0 active), Execution time: mean = 0.39ms, total = 0.39ms, Queueing time: mean = 0.00ms, max = -0.00ms, min = 9223372036854.78ms, total = 0.00ms
	CoreWorkerService.grpc_client.PubsubCommandBatch - 1 total (0 active), Execution time: mean = 1.93ms, total = 1.93ms, Queueing time: mean = 0.00ms, max = -0.00ms, min = 9223372036854.78ms, total = 0.00ms
	CoreWorkerService.grpc_client.PubsubCommandBatch.OnReplyReceived - 1 total (0 active), Execution time: mean = 0.04ms, total = 0.04ms, Queueing time: mean = 0.01ms, max = 0.01ms, min = 0.01ms, total = 0.01ms
	NodeManagerService.grpc_client.PinObjectIDs.OnReplyReceived - 1 total (0 active), Execution time: mean = 0.09ms, total = 0.09ms, Queueing time: mean = 0.02ms, max = 0.02ms, min = 0.02ms, total = 0.02ms
	CoreWorkerService.grpc_server.UpdateObjectLocationBatch - 1 total (0 active), Execution time: mean = 0.11ms, total = 0.11ms, Queueing time: mean = 0.00ms, max = -0.00ms, min = 9223372036854.78ms, total = 0.00ms
	ray::rpc::ControlPlanePubSubGcsService.grpc_client.GcsSubscriberCommandBatch.OnReplyReceived - 1 total (0 active), Execution time: mean = 0.14ms, total = 0.14ms, Queueing time: mean = 0.01ms, max = 0.01ms, min = 0.01ms, total = 0.01ms
	CoreWorkerService.grpc_client.PubsubLongPolling - 1 total (1 active), Execution time: mean = 0.00ms, total = 0.00ms, Queueing time: mean = 0.00ms, max = -0.00ms, min = 9223372036854.78ms, total = 0.00ms
	ray::rpc::WorkerInfoGcsService.grpc_client.AddWorkerInfo.OnReplyReceived - 1 total (0 active), Execution time: mean = 0.03ms, total = 0.03ms, Queueing time: mean = 0.01ms, max = 0.01ms, min = 0.01ms, total = 0.01ms
	NodeManagerService.grpc_client.PinObjectIDs - 1 total (0 active), Execution time: mean = 1.31ms, total = 1.31ms, Queueing time: mean = 0.00ms, max = -0.00ms, min = 9223372036854.78ms, total = 0.00ms

-----------------
Task execution event stats:

Global stats: 13181 total (1 active)
Queueing time: mean = 17.31ms, max = 149293.88ms, min = -0.01ms, total = 228224.32ms
Execution time:  mean = 17.30ms, total = 228049.43ms
Event stats:
	CoreWorker.CheckSignal - 13176 total (1 active), Execution time: mean = 0.00ms, total = 29.36ms, Queueing time: mean = 17.32ms, max = 149293.88ms, min = -0.01ms, total = 228224.28ms
	CoreWorker.HandlePushTaskActor - 3 total (0 active), Execution time: mean = 69196.64ms, total = 207589.91ms, Queueing time: mean = 0.01ms, max = 0.01ms, min = 0.01ms, total = 0.03ms
	PeriodicalRunner.RunFnPeriodically - 1 total (0 active), Execution time: mean = 0.01ms, total = 0.01ms, Queueing time: mean = 0.00ms, max = 0.00ms, min = 0.00ms, total = 0.00ms
	CoreWorker.HandlePushTask - 1 total (0 active), Execution time: mean = 20430.14ms, total = 20430.14ms, Queueing time: mean = 0.00ms, max = 0.00ms, min = 0.00ms, total = 0.00ms

-----------------
Task Event stats:

IO Service Stats:

Global stats: 373 total (1 active)
Queueing time: mean = 0.02ms, max = 0.05ms, min = 0.00ms, total = 7.55ms
Execution time:  mean = 0.03ms, total = 9.50ms
Event stats:
	CoreWorker.deadline_timer.flush_task_events - 360 total (1 active), Execution time: mean = 0.02ms, total = 5.46ms, Queueing time: mean = 0.02ms, max = 0.05ms, min = 0.00ms, total = 7.43ms
	ray::rpc::TaskInfoGcsService.grpc_client.AddTaskEventData.OnReplyReceived - 6 total (0 active), Execution time: mean = 0.04ms, total = 0.23ms, Queueing time: mean = 0.02ms, max = 0.02ms, min = 0.02ms, total = 0.12ms
	ray::rpc::TaskInfoGcsService.grpc_client.AddTaskEventData - 6 total (0 active), Execution time: mean = 0.63ms, total = 3.79ms, Queueing time: mean = 0.00ms, max = -0.00ms, min = 9223372036854.78ms, total = 0.00ms
	PeriodicalRunner.RunFnPeriodically - 1 total (0 active), Execution time: mean = 0.03ms, total = 0.03ms, Queueing time: mean = 0.01ms, max = 0.01ms, min = 0.01ms, total = 0.01ms
Other Stats:
	gcs_grpc_in_progress:0
	event_aggregator_grpc_in_progress:0
	current number of task status events in buffer: 0
	current number of profile events in buffer: 0
	current number of dropped task attempts tracked: 0
	total task events sent: 0.00181484 MiB
	total number of task attempts sent: 8
	total number of task attempts dropped reported: 0
	total number of sent failure: 0
	num status task events dropped: 0
	num profile task events dropped: 0
	num ray task events reported to aggregator: 0
	num ray task events failed to report to aggregator: 0
	num of task attempts dropped reported to aggregator: 0
	num of failed requests to aggregator: 0

[2026-09-04 01:25:37,583 I 2383 2622] core_worker.cc:498: Event stats:


Global stats: 5699 total (10 active)
Queueing time: mean = 0.02ms, max = 0.47ms, min = -0.01ms, total = 98.12ms
Execution time:  mean = 40.02ms, total = 228058.69ms
Event stats:
	CoreWorker.RecoverObjects - 4200 total (1 active), Execution time: mean = 0.00ms, total = 10.46ms, Queueing time: mean = 0.02ms, max = 0.24ms, min = -0.01ms, total = 69.73ms
	CoreWorker.InternalHeartbeat - 420 total (1 active), Execution time: mean = 0.00ms, total = 1.25ms, Queueing time: mean = 0.02ms, max = 0.47ms, min = 0.00ms, total = 8.41ms
	CoreWorker.ReportWorkerBacklog - 420 total (1 active), Execution time: mean = 0.00ms, total = 1.44ms, Queueing time: mean = 0.02ms, max = 0.47ms, min = 0.00ms, total = 8.21ms
	CoreWorker.ExitIfParentRayletDies - 420 total (1 active), Execution time: mean = 0.01ms, total = 2.98ms, Queueing time: mean = 0.02ms, max = 0.05ms, min = -0.00ms, total = 6.88ms
	CoreWorker.RecordMetrics - 84 total (1 active), Execution time: mean = 0.05ms, total = 4.51ms, Queueing time: mean = 0.01ms, max = 0.04ms, min = 0.00ms, total = 1.22ms
	CoreWorker.TryDelPendingObjectRefStreams - 42 total (1 active), Execution time: mean = 0.00ms, total = 0.12ms, Queueing time: mean = 0.04ms, max = 0.37ms, min = 0.01ms, total = 1.74ms
	CoreWorkerService.grpc_server.GetCoreWorkerStats.HandleRequestImpl - 28 total (0 active), Execution time: mean = 0.06ms, total = 1.56ms, Queueing time: mean = 0.02ms, max = 0.05ms, min = 0.01ms, total = 0.65ms
	CoreWorkerService.grpc_server.GetCoreWorkerStats - 28 total (0 active), Execution time: mean = 0.25ms, total = 6.93ms, Queueing time: mean = 0.00ms, max = -0.00ms, min = 9223372036854.78ms, total = 0.00ms
	Publisher.PublishFailure.WORKER_OBJECT_LOCATIONS_CHANNEL - 17 total (0 active), Execution time: mean = 0.00ms, total = 0.03ms, Queueing time: mean = 0.03ms, max = 0.04ms, min = 0.00ms, total = 0.51ms
	PeriodicalRunner.RunFnPeriodically - 8 total (0 active), Execution time: mean = 0.02ms, total = 0.12ms, Queueing time: mean = 0.06ms, max = 0.11ms, min = 0.01ms, total = 0.51ms
	CoreWorker.PrintEventStats - 7 total (1 active, 1 running), Execution time: mean = 0.24ms, total = 1.68ms, Queueing time: mean = 0.01ms, max = 0.03ms, min = 0.00ms, total = 0.10ms
	CoreWorkerService.grpc_server.PushTask - 4 total (0 active), Execution time: mean = 57005.35ms, total = 228021.41ms, Queueing time: mean = 0.00ms, max = -0.00ms, min = 9223372036854.78ms, total = 0.00ms
	CoreWorkerService.grpc_server.PushTask.HandleRequestImpl - 4 total (0 active), Execution time: mean = 0.08ms, total = 0.33ms, Queueing time: mean = 0.01ms, max = 0.02ms, min = 0.01ms, total = 0.06ms
	Publisher.CheckDeadSubscribers - 2 total (1 active), Execution time: mean = 0.00ms, total = 0.00ms, Queueing time: mean = 0.01ms, max = 0.02ms, min = 0.02ms, total = 0.02ms
	ray::rpc::ControlPlanePubSubGcsService.grpc_client.GcsSubscriberPoll - 1 total (1 active), Execution time: mean = 0.00ms, total = 0.00ms, Queueing time: mean = 0.00ms, max = -0.00ms, min = 9223372036854.78ms, total = 0.00ms
	Publisher.Publish.WORKER_OBJECT_LOCATIONS_CHANNEL - 1 total (0 active), Execution time: mean = 0.01ms, total = 0.01ms, Queueing time: mean = 0.02ms, max = 0.02ms, min = 0.02ms, total = 0.02ms
	ray::rpc::NodeInfoGcsService.grpc_client.GetAllNodeAddressAndLiveness.OnReplyReceived - 1 total (0 active), Execution time: mean = 0.15ms, total = 0.15ms, Queueing time: mean = 0.01ms, max = 0.01ms, min = 0.01ms, total = 0.01ms
	ray::rpc::ControlPlanePubSubGcsService.grpc_client.GcsSubscriberCommandBatch - 1 total (0 active), Execution time: mean = 1.32ms, total = 1.32ms, Queueing time: mean = 0.00ms, max = -0.00ms, min = 9223372036854.78ms, total = 0.00ms
	CoreWorkerService.grpc_server.UpdateObjectLocationBatch.HandleRequestImpl - 1 total (0 active), Execution time: mean = 0.03ms, total = 0.03ms, Queueing time: mean = 0.01ms, max = 0.01ms, min = 0.01ms, total = 0.01ms
	ray::rpc::NodeInfoGcsService.grpc_client.GetAllNodeAddressAndLiveness - 1 total (0 active), Execution time: mean = 0.35ms, total = 0.35ms, Queueing time: mean = 0.00ms, max = -0.00ms, min = 9223372036854.78ms, total = 0.00ms
	ray::rpc::WorkerInfoGcsService.grpc_client.AddWorkerInfo - 1 total (0 active), Execution time: mean = 0.39ms, total = 0.39ms, Queueing time: mean = 0.00ms, max = -0.00ms, min = 9223372036854.78ms, total = 0.00ms
	CoreWorkerService.grpc_client.PubsubCommandBatch - 1 total (0 active), Execution time: mean = 1.93ms, total = 1.93ms, Queueing time: mean = 0.00ms, max = -0.00ms, min = 9223372036854.78ms, total = 0.00ms
	CoreWorkerService.grpc_client.PubsubCommandBatch.OnReplyReceived - 1 total (0 active), Execution time: mean = 0.04ms, total = 0.04ms, Queueing time: mean = 0.01ms, max = 0.01ms, min = 0.01ms, total = 0.01ms
	NodeManagerService.grpc_client.PinObjectIDs.OnReplyReceived - 1 total (0 active), Execution time: mean = 0.09ms, total = 0.09ms, Queueing time: mean = 0.02ms, max = 0.02ms, min = 0.02ms, total = 0.02ms
	CoreWorkerService.grpc_server.UpdateObjectLocationBatch - 1 total (0 active), Execution time: mean = 0.11ms, total = 0.11ms, Queueing time: mean = 0.00ms, max = -0.00ms, min = 9223372036854.78ms, total = 0.00ms
	ray::rpc::ControlPlanePubSubGcsService.grpc_client.GcsSubscriberCommandBatch.OnReplyReceived - 1 total (0 active), Execution time: mean = 0.14ms, total = 0.14ms, Queueing time: mean = 0.01ms, max = 0.01ms, min = 0.01ms, total = 0.01ms
	CoreWorkerService.grpc_client.PubsubLongPolling - 1 total (1 active), Execution time: mean = 0.00ms, total = 0.00ms, Queueing time: mean = 0.00ms, max = -0.00ms, min = 9223372036854.78ms, total = 0.00ms
	ray::rpc::WorkerInfoGcsService.grpc_client.AddWorkerInfo.OnReplyReceived - 1 total (0 active), Execution time: mean = 0.03ms, total = 0.03ms, Queueing time: mean = 0.01ms, max = 0.01ms, min = 0.01ms, total = 0.01ms
	NodeManagerService.grpc_client.PinObjectIDs - 1 total (0 active), Execution time: mean = 1.31ms, total = 1.31ms, Queueing time: mean = 0.00ms, max = -0.00ms, min = 9223372036854.78ms, total = 0.00ms

-----------------
Task execution event stats:

Global stats: 19171 total (1 active)
Queueing time: mean = 11.91ms, max = 149293.88ms, min = -0.01ms, total = 228318.09ms
Execution time:  mean = 11.90ms, total = 228063.99ms
Event stats:
	CoreWorker.CheckSignal - 19166 total (1 active), Execution time: mean = 0.00ms, total = 43.92ms, Queueing time: mean = 11.91ms, max = 149293.88ms, min = -0.01ms, total = 228318.05ms
	CoreWorker.HandlePushTaskActor - 3 total (0 active), Execution time: mean = 69196.64ms, total = 207589.91ms, Queueing time: mean = 0.01ms, max = 0.01ms, min = 0.01ms, total = 0.03ms
	PeriodicalRunner.RunFnPeriodically - 1 total (0 active), Execution time: mean = 0.01ms, total = 0.01ms, Queueing time: mean = 0.00ms, max = 0.00ms, min = 0.00ms, total = 0.00ms
	CoreWorker.HandlePushTask - 1 total (0 active), Execution time: mean = 20430.14ms, total = 20430.14ms, Queueing time: mean = 0.00ms, max = 0.00ms, min = 0.00ms, total = 0.00ms

-----------------
Task Event stats:

IO Service Stats:

Global stats: 433 total (1 active)
Queueing time: mean = 0.02ms, max = 0.05ms, min = 0.00ms, total = 8.60ms
Execution time:  mean = 0.02ms, total = 10.04ms
Event stats:
	CoreWorker.deadline_timer.flush_task_events - 420 total (1 active), Execution time: mean = 0.01ms, total = 6.00ms, Queueing time: mean = 0.02ms, max = 0.05ms, min = 0.00ms, total = 8.47ms
	ray::rpc::TaskInfoGcsService.grpc_client.AddTaskEventData.OnReplyReceived - 6 total (0 active), Execution time: mean = 0.04ms, total = 0.23ms, Queueing time: mean = 0.02ms, max = 0.02ms, min = 0.02ms, total = 0.12ms
	ray::rpc::TaskInfoGcsService.grpc_client.AddTaskEventData - 6 total (0 active), Execution time: mean = 0.63ms, total = 3.79ms, Queueing time: mean = 0.00ms, max = -0.00ms, min = 9223372036854.78ms, total = 0.00ms
	PeriodicalRunner.RunFnPeriodically - 1 total (0 active), Execution time: mean = 0.03ms, total = 0.03ms, Queueing time: mean = 0.01ms, max = 0.01ms, min = 0.01ms, total = 0.01ms
Other Stats:
	gcs_grpc_in_progress:0
	event_aggregator_grpc_in_progress:0
	current number of task status events in buffer: 0
	current number of profile events in buffer: 0
	current number of dropped task attempts tracked: 0
	total task events sent: 0.00181484 MiB
	total number of task attempts sent: 8
	total number of task attempts dropped reported: 0
	total number of sent failure: 0
	num status task events dropped: 0
	num profile task events dropped: 0
	num ray task events reported to aggregator: 0
	num ray task events failed to report to aggregator: 0
	num of task attempts dropped reported to aggregator: 0
	num of failed requests to aggregator: 0

[2026-09-04 01:26:37,583 I 2383 2622] core_worker.cc:498: Event stats:


Global stats: 6508 total (11 active)
Queueing time: mean = 0.02ms, max = 0.47ms, min = -0.01ms, total = 111.32ms
Execution time:  mean = 35.04ms, total = 228063.17ms
Event stats:
	CoreWorker.RecoverObjects - 4800 total (1 active), Execution time: mean = 0.00ms, total = 11.81ms, Queueing time: mean = 0.02ms, max = 0.24ms, min = -0.01ms, total = 79.20ms
	CoreWorker.InternalHeartbeat - 480 total (1 active), Execution time: mean = 0.00ms, total = 1.42ms, Queueing time: mean = 0.02ms, max = 0.47ms, min = 0.00ms, total = 9.51ms
	CoreWorker.ReportWorkerBacklog - 480 total (1 active), Execution time: mean = 0.00ms, total = 1.64ms, Queueing time: mean = 0.02ms, max = 0.47ms, min = 0.00ms, total = 9.27ms
	CoreWorker.ExitIfParentRayletDies - 480 total (1 active), Execution time: mean = 0.01ms, total = 3.42ms, Queueing time: mean = 0.02ms, max = 0.05ms, min = -0.00ms, total = 7.72ms
	CoreWorker.RecordMetrics - 96 total (1 active), Execution time: mean = 0.05ms, total = 5.10ms, Queueing time: mean = 0.01ms, max = 0.04ms, min = 0.00ms, total = 1.37ms
	CoreWorker.TryDelPendingObjectRefStreams - 48 total (1 active), Execution time: mean = 0.00ms, total = 0.13ms, Queueing time: mean = 0.05ms, max = 0.37ms, min = 0.01ms, total = 2.17ms
	CoreWorkerService.grpc_server.GetCoreWorkerStats.HandleRequestImpl - 32 total (0 active), Execution time: mean = 0.05ms, total = 1.75ms, Queueing time: mean = 0.02ms, max = 0.05ms, min = 0.01ms, total = 0.75ms
	CoreWorkerService.grpc_server.GetCoreWorkerStats - 32 total (0 active), Execution time: mean = 0.25ms, total = 7.94ms, Queueing time: mean = 0.00ms, max = -0.00ms, min = 9223372036854.78ms, total = 0.00ms
	Publisher.PublishFailure.WORKER_OBJECT_LOCATIONS_CHANNEL - 17 total (0 active), Execution time: mean = 0.00ms, total = 0.03ms, Queueing time: mean = 0.03ms, max = 0.04ms, min = 0.00ms, total = 0.51ms
	CoreWorker.PrintEventStats - 8 total (1 active, 1 running), Execution time: mean = 0.26ms, total = 2.10ms, Queueing time: mean = 0.02ms, max = 0.03ms, min = 0.00ms, total = 0.12ms
	PeriodicalRunner.RunFnPeriodically - 8 total (0 active), Execution time: mean = 0.02ms, total = 0.12ms, Queueing time: mean = 0.06ms, max = 0.11ms, min = 0.01ms, total = 0.51ms
	CoreWorkerService.grpc_server.PushTask - 5 total (1 active), Execution time: mean = 45604.28ms, total = 228021.41ms, Queueing time: mean = 0.00ms, max = -0.00ms, min = 9223372036854.78ms, total = 0.00ms
	CoreWorkerService.grpc_server.PushTask.HandleRequestImpl - 5 total (0 active), Execution time: mean = 0.08ms, total = 0.42ms, Queueing time: mean = 0.02ms, max = 0.03ms, min = 0.01ms, total = 0.08ms
	Publisher.CheckDeadSubscribers - 2 total (1 active), Execution time: mean = 0.00ms, total = 0.00ms, Queueing time: mean = 0.01ms, max = 0.02ms, min = 0.02ms, total = 0.02ms
	ray::rpc::ControlPlanePubSubGcsService.grpc_client.GcsSubscriberPoll - 1 total (1 active), Execution time: mean = 0.00ms, total = 0.00ms, Queueing time: mean = 0.00ms, max = -0.00ms, min = 9223372036854.78ms, total = 0.00ms
	Publisher.Publish.WORKER_OBJECT_LOCATIONS_CHANNEL - 1 total (0 active), Execution time: mean = 0.01ms, total = 0.01ms, Queueing time: mean = 0.02ms, max = 0.02ms, min = 0.02ms, total = 0.02ms
	ray::rpc::NodeInfoGcsService.grpc_client.GetAllNodeAddressAndLiveness.OnReplyReceived - 1 total (0 active), Execution time: mean = 0.15ms, total = 0.15ms, Queueing time: mean = 0.01ms, max = 0.01ms, min = 0.01ms, total = 0.01ms
	ray::rpc::ControlPlanePubSubGcsService.grpc_client.GcsSubscriberCommandBatch - 1 total (0 active), Execution time: mean = 1.32ms, total = 1.32ms, Queueing time: mean = 0.00ms, max = -0.00ms, min = 9223372036854.78ms, total = 0.00ms
	CoreWorkerService.grpc_server.UpdateObjectLocationBatch.HandleRequestImpl - 1 total (0 active), Execution time: mean = 0.03ms, total = 0.03ms, Queueing time: mean = 0.01ms, max = 0.01ms, min = 0.01ms, total = 0.01ms
	ray::rpc::NodeInfoGcsService.grpc_client.GetAllNodeAddressAndLiveness - 1 total (0 active), Execution time: mean = 0.35ms, total = 0.35ms, Queueing time: mean = 0.00ms, max = -0.00ms, min = 9223372036854.78ms, total = 0.00ms
	ray::rpc::WorkerInfoGcsService.grpc_client.AddWorkerInfo - 1 total (0 active), Execution time: mean = 0.39ms, total = 0.39ms, Queueing time: mean = 0.00ms, max = -0.00ms, min = 9223372036854.78ms, total = 0.00ms
	CoreWorkerService.grpc_client.PubsubCommandBatch - 1 total (0 active), Execution time: mean = 1.93ms, total = 1.93ms, Queueing time: mean = 0.00ms, max = -0.00ms, min = 9223372036854.78ms, total = 0.00ms
	CoreWorkerService.grpc_client.PubsubCommandBatch.OnReplyReceived - 1 total (0 active), Execution time: mean = 0.04ms, total = 0.04ms, Queueing time: mean = 0.01ms, max = 0.01ms, min = 0.01ms, total = 0.01ms
	NodeManagerService.grpc_client.PinObjectIDs.OnReplyReceived - 1 total (0 active), Execution time: mean = 0.09ms, total = 0.09ms, Queueing time: mean = 0.02ms, max = 0.02ms, min = 0.02ms, total = 0.02ms
	CoreWorkerService.grpc_server.UpdateObjectLocationBatch - 1 total (0 active), Execution time: mean = 0.11ms, total = 0.11ms, Queueing time: mean = 0.00ms, max = -0.00ms, min = 9223372036854.78ms, total = 0.00ms
	ray::rpc::ControlPlanePubSubGcsService.grpc_client.GcsSubscriberCommandBatch.OnReplyReceived - 1 total (0 active), Execution time: mean = 0.14ms, total = 0.14ms, Queueing time: mean = 0.01ms, max = 0.01ms, min = 0.01ms, total = 0.01ms
	CoreWorkerService.grpc_client.PubsubLongPolling - 1 total (1 active), Execution time: mean = 0.00ms, total = 0.00ms, Queueing time: mean = 0.00ms, max = -0.00ms, min = 9223372036854.78ms, total = 0.00ms
	ray::rpc::WorkerInfoGcsService.grpc_client.AddWorkerInfo.OnReplyReceived - 1 total (0 active), Execution time: mean = 0.03ms, total = 0.03ms, Queueing time: mean = 0.01ms, max = 0.01ms, min = 0.01ms, total = 0.01ms
	NodeManagerService.grpc_client.PinObjectIDs - 1 total (0 active), Execution time: mean = 1.31ms, total = 1.31ms, Queueing time: mean = 0.00ms, max = -0.00ms, min = 9223372036854.78ms, total = 0.00ms

-----------------
Task execution event stats:

Global stats: 23082 total (2 active)
Queueing time: mean = 9.89ms, max = 149293.88ms, min = -0.01ms, total = 228369.50ms
Execution time:  mean = 9.88ms, total = 228071.25ms
Event stats:
	CoreWorker.CheckSignal - 23076 total (1 active), Execution time: mean = 0.00ms, total = 51.18ms, Queueing time: mean = 9.90ms, max = 149293.88ms, min = -0.01ms, total = 228369.47ms
	CoreWorker.HandlePushTaskActor - 4 total (1 active, 1 running), Execution time: mean = 51897.48ms, total = 207589.91ms, Queueing time: mean = 0.01ms, max = 0.01ms, min = 0.01ms, total = 0.03ms
	PeriodicalRunner.RunFnPeriodically - 1 total (0 active), Execution time: mean = 0.01ms, total = 0.01ms, Queueing time: mean = 0.00ms, max = 0.00ms, min = 0.00ms, total = 0.00ms
	CoreWorker.HandlePushTask - 1 total (0 active), Execution time: mean = 20430.14ms, total = 20430.14ms, Queueing time: mean = 0.00ms, max = 0.00ms, min = 0.00ms, total = 0.00ms

-----------------
Task Event stats:

IO Service Stats:

Global stats: 495 total (1 active)
Queueing time: mean = 0.02ms, max = 0.05ms, min = 0.00ms, total = 9.59ms
Execution time:  mean = 0.02ms, total = 11.43ms
Event stats:
	CoreWorker.deadline_timer.flush_task_events - 480 total (1 active), Execution time: mean = 0.01ms, total = 6.74ms, Queueing time: mean = 0.02ms, max = 0.05ms, min = 0.00ms, total = 9.44ms
	ray::rpc::TaskInfoGcsService.grpc_client.AddTaskEventData.OnReplyReceived - 7 total (0 active), Execution time: mean = 0.04ms, total = 0.26ms, Queueing time: mean = 0.02ms, max = 0.02ms, min = 0.02ms, total = 0.14ms
	ray::rpc::TaskInfoGcsService.grpc_client.AddTaskEventData - 7 total (0 active), Execution time: mean = 0.63ms, total = 4.39ms, Queueing time: mean = 0.00ms, max = -0.00ms, min = 9223372036854.78ms, total = 0.00ms
	PeriodicalRunner.RunFnPeriodically - 1 total (0 active), Execution time: mean = 0.03ms, total = 0.03ms, Queueing time: mean = 0.01ms, max = 0.01ms, min = 0.01ms, total = 0.01ms
Other Stats:
	gcs_grpc_in_progress:0
	event_aggregator_grpc_in_progress:0
	current number of task status events in buffer: 0
	current number of profile events in buffer: 0
	current number of dropped task attempts tracked: 0
	total task events sent: 0.00198269 MiB
	total number of task attempts sent: 9
	total number of task attempts dropped reported: 0
	total number of sent failure: 0
	num status task events dropped: 0
	num profile task events dropped: 0
	num ray task events reported to aggregator: 0
	num ray task events failed to report to aggregator: 0
	num of task attempts dropped reported to aggregator: 0
	num of failed requests to aggregator: 0

[2026-09-04 01:27:37,584 I 2383 2622] core_worker.cc:498: Event stats:


Global stats: 7350 total (11 active)
Queueing time: mean = 0.02ms, max = 0.47ms, min = -0.01ms, total = 122.92ms
Execution time:  mean = 69.46ms, total = 510560.84ms
Event stats:
	CoreWorker.RecoverObjects - 5400 total (1 active), Execution time: mean = 0.00ms, total = 12.79ms, Queueing time: mean = 0.02ms, max = 0.24ms, min = -0.01ms, total = 87.21ms
	CoreWorker.InternalHeartbeat - 540 total (1 active), Execution time: mean = 0.00ms, total = 1.62ms, Queueing time: mean = 0.02ms, max = 0.47ms, min = 0.00ms, total = 10.42ms
	CoreWorker.ReportWorkerBacklog - 540 total (1 active), Execution time: mean = 0.00ms, total = 1.83ms, Queueing time: mean = 0.02ms, max = 0.47ms, min = 0.00ms, total = 10.19ms
	CoreWorker.ExitIfParentRayletDies - 540 total (1 active), Execution time: mean = 0.01ms, total = 3.82ms, Queueing time: mean = 0.02ms, max = 0.07ms, min = -0.00ms, total = 8.43ms
	CoreWorker.RecordMetrics - 108 total (1 active), Execution time: mean = 0.05ms, total = 5.78ms, Queueing time: mean = 0.01ms, max = 0.04ms, min = 0.00ms, total = 1.50ms
	CoreWorker.TryDelPendingObjectRefStreams - 54 total (1 active), Execution time: mean = 0.00ms, total = 0.17ms, Queueing time: mean = 0.04ms, max = 0.37ms, min = -0.01ms, total = 2.37ms
	CoreWorkerService.grpc_server.GetCoreWorkerStats.HandleRequestImpl - 36 total (0 active), Execution time: mean = 0.05ms, total = 1.96ms, Queueing time: mean = 0.02ms, max = 0.05ms, min = 0.01ms, total = 0.84ms
	CoreWorkerService.grpc_server.GetCoreWorkerStats - 36 total (0 active), Execution time: mean = 0.25ms, total = 8.92ms, Queueing time: mean = 0.00ms, max = -0.00ms, min = 9223372036854.78ms, total = 0.00ms
	Publisher.PublishFailure.WORKER_OBJECT_LOCATIONS_CHANNEL - 34 total (0 active), Execution time: mean = 0.00ms, total = 0.05ms, Queueing time: mean = 0.02ms, max = 0.04ms, min = 0.00ms, total = 0.82ms
	CoreWorker.PrintEventStats - 9 total (1 active, 1 running), Execution time: mean = 0.26ms, total = 2.33ms, Queueing time: mean = 0.01ms, max = 0.03ms, min = 0.00ms, total = 0.13ms
	PeriodicalRunner.RunFnPeriodically - 8 total (0 active), Execution time: mean = 0.02ms, total = 0.12ms, Queueing time: mean = 0.06ms, max = 0.11ms, min = 0.01ms, total = 0.51ms
	CoreWorkerService.grpc_server.PushTask - 6 total (1 active), Execution time: mean = 48652.28ms, total = 291913.68ms, Queueing time: mean = 0.00ms, max = -0.00ms, min = 9223372036854.78ms, total = 0.00ms
	CoreWorkerService.grpc_server.PushTask.HandleRequestImpl - 6 total (0 active), Execution time: mean = 0.08ms, total = 0.46ms, Queueing time: mean = 0.01ms, max = 0.03ms, min = 0.01ms, total = 0.09ms
	CoreWorkerService.grpc_client.PubsubCommandBatch.OnReplyReceived - 3 total (0 active), Execution time: mean = 0.03ms, total = 0.08ms, Queueing time: mean = 0.01ms, max = 0.01ms, min = 0.01ms, total = 0.02ms
	CoreWorkerService.grpc_server.UpdateObjectLocationBatch.HandleRequestImpl - 3 total (0 active), Execution time: mean = 0.02ms, total = 0.07ms, Queueing time: mean = 0.01ms, max = 0.02ms, min = 0.01ms, total = 0.03ms
	CoreWorkerService.grpc_client.PubsubCommandBatch - 3 total (0 active), Execution time: mean = 0.93ms, total = 2.78ms, Queueing time: mean = 0.00ms, max = -0.00ms, min = 9223372036854.78ms, total = 0.00ms
	CoreWorkerService.grpc_server.UpdateObjectLocationBatch - 3 total (0 active), Execution time: mean = 0.14ms, total = 0.43ms, Queueing time: mean = 0.00ms, max = -0.00ms, min = 9223372036854.78ms, total = 0.00ms
	Publisher.CheckDeadSubscribers - 2 total (1 active), Execution time: mean = 0.00ms, total = 0.00ms, Queueing time: mean = 0.01ms, max = 0.02ms, min = 0.02ms, total = 0.02ms
	Publisher.Publish.WORKER_OBJECT_LOCATIONS_CHANNEL - 2 total (0 active), Execution time: mean = 0.01ms, total = 0.02ms, Queueing time: mean = 0.02ms, max = 0.02ms, min = 0.02ms, total = 0.04ms
	CoreWorkerService.grpc_client.PubsubLongPolling - 2 total (1 active), Execution time: mean = 109299.24ms, total = 218598.48ms, Queueing time: mean = 0.00ms, max = -0.00ms, min = 9223372036854.78ms, total = 0.00ms
	NodeManagerService.grpc_client.PinObjectIDs.OnReplyReceived - 2 total (0 active), Execution time: mean = 0.07ms, total = 0.14ms, Queueing time: mean = 0.02ms, max = 0.02ms, min = 0.02ms, total = 0.04ms
	NodeManagerService.grpc_client.PinObjectIDs - 2 total (0 active), Execution time: mean = 1.14ms, total = 2.29ms, Queueing time: mean = 0.00ms, max = -0.00ms, min = 9223372036854.78ms, total = 0.00ms
	ray::rpc::ControlPlanePubSubGcsService.grpc_client.GcsSubscriberCommandBatch.OnReplyReceived - 1 total (0 active), Execution time: mean = 0.14ms, total = 0.14ms, Queueing time: mean = 0.01ms, max = 0.01ms, min = 0.01ms, total = 0.01ms
	CoreWorkerService.grpc_client.PubsubLongPolling.OnReplyReceived - 1 total (0 active), Execution time: mean = 0.22ms, total = 0.22ms, Queueing time: mean = 0.01ms, max = 0.01ms, min = 0.01ms, total = 0.01ms
	ray::rpc::WorkerInfoGcsService.grpc_client.AddWorkerInfo - 1 total (0 active), Execution time: mean = 0.39ms, total = 0.39ms, Queueing time: mean = 0.00ms, max = -0.00ms, min = 9223372036854.78ms, total = 0.00ms
	ray::rpc::ControlPlanePubSubGcsService.grpc_client.GcsSubscriberPoll - 1 total (1 active), Execution time: mean = 0.00ms, total = 0.00ms, Queueing time: mean = 0.00ms, max = -0.00ms, min = 9223372036854.78ms, total = 0.00ms
	Subscriber.HandlePublishedMessage_WORKER_REF_REMOVED_CHANNEL - 1 total (0 active), Execution time: mean = 0.13ms, total = 0.13ms, Queueing time: mean = 0.21ms, max = 0.21ms, min = 0.21ms, total = 0.21ms
	NodeManagerService.grpc_client.FreeLocalObjects - 1 total (0 active), Execution time: mean = 0.29ms, total = 0.29ms, Queueing time: mean = 0.00ms, max = -0.00ms, min = 9223372036854.78ms, total = 0.00ms
	ray::rpc::NodeInfoGcsService.grpc_client.GetAllNodeAddressAndLiveness - 1 total (0 active), Execution time: mean = 0.35ms, total = 0.35ms, Queueing time: mean = 0.00ms, max = -0.00ms, min = 9223372036854.78ms, total = 0.00ms
	NodeManagerService.grpc_client.FreeLocalObjects.OnReplyReceived - 1 total (0 active), Execution time: mean = 0.01ms, total = 0.01ms, Queueing time: mean = 0.02ms, max = 0.02ms, min = 0.02ms, total = 0.02ms
	ray::rpc::ControlPlanePubSubGcsService.grpc_client.GcsSubscriberCommandBatch - 1 total (0 active), Execution time: mean = 1.32ms, total = 1.32ms, Queueing time: mean = 0.00ms, max = -0.00ms, min = 9223372036854.78ms, total = 0.00ms
	ray::rpc::NodeInfoGcsService.grpc_client.GetAllNodeAddressAndLiveness.OnReplyReceived - 1 total (0 active), Execution time: mean = 0.15ms, total = 0.15ms, Queueing time: mean = 0.01ms, max = 0.01ms, min = 0.01ms, total = 0.01ms
	ray::rpc::WorkerInfoGcsService.grpc_client.AddWorkerInfo.OnReplyReceived - 1 total (0 active), Execution time: mean = 0.03ms, total = 0.03ms, Queueing time: mean = 0.01ms, max = 0.01ms, min = 0.01ms, total = 0.01ms

-----------------
Task execution event stats:

Global stats: 23084 total (2 active)
Queueing time: mean = 12.66ms, max = 149293.88ms, min = -0.01ms, total = 292258.45ms
Execution time:  mean = 12.65ms, total = 291963.25ms
Event stats:
	CoreWorker.CheckSignal - 23077 total (1 active), Execution time: mean = 0.00ms, total = 51.18ms, Queueing time: mean = 12.66ms, max = 149293.88ms, min = -0.01ms, total = 292258.39ms
	CoreWorker.HandlePushTaskActor - 5 total (1 active, 1 running), Execution time: mean = 54296.38ms, total = 271481.91ms, Queueing time: mean = 0.01ms, max = 0.02ms, min = 0.01ms, total = 0.05ms
	PeriodicalRunner.RunFnPeriodically - 1 total (0 active), Execution time: mean = 0.01ms, total = 0.01ms, Queueing time: mean = 0.00ms, max = 0.00ms, min = 0.00ms, total = 0.00ms
	CoreWorker.HandlePushTask - 1 total (0 active), Execution time: mean = 20430.14ms, total = 20430.14ms, Queueing time: mean = 0.00ms, max = 0.00ms, min = 0.00ms, total = 0.00ms

-----------------
Task Event stats:

IO Service Stats:

Global stats: 557 total (1 active)
Queueing time: mean = 0.02ms, max = 0.08ms, min = 0.00ms, total = 10.68ms
Execution time:  mean = 0.02ms, total = 13.06ms
Event stats:
	CoreWorker.deadline_timer.flush_task_events - 540 total (1 active), Execution time: mean = 0.01ms, total = 7.62ms, Queueing time: mean = 0.02ms, max = 0.08ms, min = 0.00ms, total = 10.51ms
	ray::rpc::TaskInfoGcsService.grpc_client.AddTaskEventData.OnReplyReceived - 8 total (0 active), Execution time: mean = 0.04ms, total = 0.29ms, Queueing time: mean = 0.02ms, max = 0.02ms, min = 0.02ms, total = 0.16ms
	ray::rpc::TaskInfoGcsService.grpc_client.AddTaskEventData - 8 total (0 active), Execution time: mean = 0.64ms, total = 5.11ms, Queueing time: mean = 0.00ms, max = -0.00ms, min = 9223372036854.78ms, total = 0.00ms
	PeriodicalRunner.RunFnPeriodically - 1 total (0 active), Execution time: mean = 0.03ms, total = 0.03ms, Queueing time: mean = 0.01ms, max = 0.01ms, min = 0.01ms, total = 0.01ms
Other Stats:
	gcs_grpc_in_progress:0
	event_aggregator_grpc_in_progress:0
	current number of task status events in buffer: 0
	current number of profile events in buffer: 0
	current number of dropped task attempts tracked: 0
	total task events sent: 0.0024519 MiB
	total number of task attempts sent: 11
	total number of task attempts dropped reported: 0
	total number of sent failure: 0
	num status task events dropped: 0
	num profile task events dropped: 0
	num ray task events reported to aggregator: 0
	num ray task events failed to report to aggregator: 0
	num of task attempts dropped reported to aggregator: 0
	num of failed requests to aggregator: 0

[2026-09-04 01:28:37,584 I 2383 2622] core_worker.cc:498: Event stats:


Global stats: 8157 total (10 active)
Queueing time: mean = 0.02ms, max = 0.47ms, min = -0.01ms, total = 133.81ms
Execution time:  mean = 64.93ms, total = 529627.06ms
Event stats:
	CoreWorker.RecoverObjects - 5999 total (1 active), Execution time: mean = 0.00ms, total = 13.61ms, Queueing time: mean = 0.02ms, max = 0.24ms, min = -0.01ms, total = 95.36ms
	CoreWorker.InternalHeartbeat - 600 total (1 active), Execution time: mean = 0.00ms, total = 1.82ms, Queueing time: mean = 0.02ms, max = 0.47ms, min = 0.00ms, total = 11.22ms
	CoreWorker.ReportWorkerBacklog - 600 total (1 active), Execution time: mean = 0.00ms, total = 2.03ms, Queueing time: mean = 0.02ms, max = 0.47ms, min = 0.00ms, total = 10.97ms
	CoreWorker.ExitIfParentRayletDies - 600 total (1 active), Execution time: mean = 0.01ms, total = 4.23ms, Queueing time: mean = 0.02ms, max = 0.07ms, min = -0.00ms, total = 9.00ms
	CoreWorker.RecordMetrics - 120 total (1 active), Execution time: mean = 0.05ms, total = 6.34ms, Queueing time: mean = 0.01ms, max = 0.04ms, min = 0.00ms, total = 1.65ms
	CoreWorker.TryDelPendingObjectRefStreams - 60 total (1 active), Execution time: mean = 0.00ms, total = 0.18ms, Queueing time: mean = 0.05ms, max = 0.37ms, min = -0.01ms, total = 2.71ms
	CoreWorkerService.grpc_server.GetCoreWorkerStats.HandleRequestImpl - 40 total (0 active), Execution time: mean = 0.05ms, total = 2.14ms, Queueing time: mean = 0.02ms, max = 0.05ms, min = 0.01ms, total = 0.91ms
	CoreWorkerService.grpc_server.GetCoreWorkerStats - 40 total (0 active), Execution time: mean = 0.24ms, total = 9.80ms, Queueing time: mean = 0.00ms, max = -0.00ms, min = 9223372036854.78ms, total = 0.00ms
	Publisher.PublishFailure.WORKER_OBJECT_LOCATIONS_CHANNEL - 34 total (0 active), Execution time: mean = 0.00ms, total = 0.05ms, Queueing time: mean = 0.02ms, max = 0.04ms, min = 0.00ms, total = 0.82ms
	CoreWorker.PrintEventStats - 10 total (1 active, 1 running), Execution time: mean = 0.27ms, total = 2.69ms, Queueing time: mean = 0.01ms, max = 0.03ms, min = 0.00ms, total = 0.15ms
	PeriodicalRunner.RunFnPeriodically - 8 total (0 active), Execution time: mean = 0.02ms, total = 0.12ms, Queueing time: mean = 0.06ms, max = 0.11ms, min = 0.01ms, total = 0.51ms
	CoreWorkerService.grpc_server.PushTask - 6 total (0 active), Execution time: mean = 51829.38ms, total = 310976.28ms, Queueing time: mean = 0.00ms, max = -0.00ms, min = 9223372036854.78ms, total = 0.00ms
	CoreWorkerService.grpc_server.PushTask.HandleRequestImpl - 6 total (0 active), Execution time: mean = 0.08ms, total = 0.46ms, Queueing time: mean = 0.01ms, max = 0.03ms, min = 0.01ms, total = 0.09ms
	Publisher.CheckDeadSubscribers - 3 total (1 active), Execution time: mean = 0.00ms, total = 0.00ms, Queueing time: mean = 0.01ms, max = 0.02ms, min = 0.01ms, total = 0.02ms
	CoreWorkerService.grpc_client.PubsubCommandBatch.OnReplyReceived - 3 total (0 active), Execution time: mean = 0.03ms, total = 0.08ms, Queueing time: mean = 0.01ms, max = 0.01ms, min = 0.01ms, total = 0.02ms
	CoreWorkerService.grpc_server.UpdateObjectLocationBatch.HandleRequestImpl - 3 total (0 active), Execution time: mean = 0.02ms, total = 0.07ms, Queueing time: mean = 0.01ms, max = 0.02ms, min = 0.01ms, total = 0.03ms
	CoreWorkerService.grpc_client.PubsubCommandBatch - 3 total (0 active), Execution time: mean = 0.93ms, total = 2.78ms, Queueing time: mean = 0.00ms, max = -0.00ms, min = 9223372036854.78ms, total = 0.00ms
	CoreWorkerService.grpc_server.UpdateObjectLocationBatch - 3 total (0 active), Execution time: mean = 0.14ms, total = 0.43ms, Queueing time: mean = 0.00ms, max = -0.00ms, min = 9223372036854.78ms, total = 0.00ms
	Publisher.Publish.WORKER_OBJECT_LOCATIONS_CHANNEL - 2 total (0 active), Execution time: mean = 0.01ms, total = 0.02ms, Queueing time: mean = 0.02ms, max = 0.02ms, min = 0.02ms, total = 0.04ms
	CoreWorkerService.grpc_client.PubsubLongPolling - 2 total (1 active), Execution time: mean = 109299.24ms, total = 218598.48ms, Queueing time: mean = 0.00ms, max = -0.00ms, min = 9223372036854.78ms, total = 0.00ms
	NodeManagerService.grpc_client.PinObjectIDs.OnReplyReceived - 2 total (0 active), Execution time: mean = 0.07ms, total = 0.14ms, Queueing time: mean = 0.02ms, max = 0.02ms, min = 0.02ms, total = 0.04ms
	NodeManagerService.grpc_client.PinObjectIDs - 2 total (0 active), Execution time: mean = 1.14ms, total = 2.29ms, Queueing time: mean = 0.00ms, max = -0.00ms, min = 9223372036854.78ms, total = 0.00ms
	ray::rpc::ControlPlanePubSubGcsService.grpc_client.GcsSubscriberCommandBatch.OnReplyReceived - 1 total (0 active), Execution time: mean = 0.14ms, total = 0.14ms, Queueing time: mean = 0.01ms, max = 0.01ms, min = 0.01ms, total = 0.01ms
	CoreWorkerService.grpc_client.PubsubLongPolling.OnReplyReceived - 1 total (0 active), Execution time: mean = 0.22ms, total = 0.22ms, Queueing time: mean = 0.01ms, max = 0.01ms, min = 0.01ms, total = 0.01ms
	ray::rpc::WorkerInfoGcsService.grpc_client.AddWorkerInfo - 1 total (0 active), Execution time: mean = 0.39ms, total = 0.39ms, Queueing time: mean = 0.00ms, max = -0.00ms, min = 9223372036854.78ms, total = 0.00ms
	ray::rpc::ControlPlanePubSubGcsService.grpc_client.GcsSubscriberPoll - 1 total (1 active), Execution time: mean = 0.00ms, total = 0.00ms, Queueing time: mean = 0.00ms, max = -0.00ms, min = 9223372036854.78ms, total = 0.00ms
	Subscriber.HandlePublishedMessage_WORKER_REF_REMOVED_CHANNEL - 1 total (0 active), Execution time: mean = 0.13ms, total = 0.13ms, Queueing time: mean = 0.21ms, max = 0.21ms, min = 0.21ms, total = 0.21ms
	NodeManagerService.grpc_client.FreeLocalObjects - 1 total (0 active), Execution time: mean = 0.29ms, total = 0.29ms, Queueing time: mean = 0.00ms, max = -0.00ms, min = 9223372036854.78ms, total = 0.00ms
	ray::rpc::NodeInfoGcsService.grpc_client.GetAllNodeAddressAndLiveness - 1 total (0 active), Execution time: mean = 0.35ms, total = 0.35ms, Queueing time: mean = 0.00ms, max = -0.00ms, min = 9223372036854.78ms, total = 0.00ms
	NodeManagerService.grpc_client.FreeLocalObjects.OnReplyReceived - 1 total (0 active), Execution time: mean = 0.01ms, total = 0.01ms, Queueing time: mean = 0.02ms, max = 0.02ms, min = 0.02ms, total = 0.02ms
	ray::rpc::ControlPlanePubSubGcsService.grpc_client.GcsSubscriberCommandBatch - 1 total (0 active), Execution time: mean = 1.32ms, total = 1.32ms, Queueing time: mean = 0.00ms, max = -0.00ms, min = 9223372036854.78ms, total = 0.00ms
	ray::rpc::NodeInfoGcsService.grpc_client.GetAllNodeAddressAndLiveness.OnReplyReceived - 1 total (0 active), Execution time: mean = 0.15ms, total = 0.15ms, Queueing time: mean = 0.01ms, max = 0.01ms, min = 0.01ms, total = 0.01ms
	ray::rpc::WorkerInfoGcsService.grpc_client.AddWorkerInfo.OnReplyReceived - 1 total (0 active), Execution time: mean = 0.03ms, total = 0.03ms, Queueing time: mean = 0.01ms, max = 0.01ms, min = 0.01ms, total = 0.01ms

-----------------
Task execution event stats:

Global stats: 28864 total (1 active)
Queueing time: mean = 10.79ms, max = 149293.88ms, min = -0.04ms, total = 311389.69ms
Execution time:  mean = 10.78ms, total = 311036.81ms
Event stats:
	CoreWorker.CheckSignal - 28857 total (1 active), Execution time: mean = 0.00ms, total = 62.45ms, Queueing time: mean = 10.79ms, max = 149293.88ms, min = -0.04ms, total = 311389.62ms
	CoreWorker.HandlePushTaskActor - 5 total (0 active), Execution time: mean = 58108.84ms, total = 290544.21ms, Queueing time: mean = 0.01ms, max = 0.02ms, min = 0.01ms, total = 0.06ms
	PeriodicalRunner.RunFnPeriodically - 1 total (0 active), Execution time: mean = 0.01ms, total = 0.01ms, Queueing time: mean = 0.00ms, max = 0.00ms, min = 0.00ms, total = 0.00ms
	CoreWorker.HandlePushTask - 1 total (0 active), Execution time: mean = 20430.14ms, total = 20430.14ms, Queueing time: mean = 0.00ms, max = 0.00ms, min = 0.00ms, total = 0.00ms

-----------------
Task Event stats:

IO Service Stats:

Global stats: 619 total (1 active)
Queueing time: mean = 0.02ms, max = 0.08ms, min = 0.00ms, total = 11.67ms
Execution time:  mean = 0.02ms, total = 14.53ms
Event stats:
	CoreWorker.deadline_timer.flush_task_events - 600 total (1 active), Execution time: mean = 0.01ms, total = 8.39ms, Queueing time: mean = 0.02ms, max = 0.08ms, min = 0.00ms, total = 11.48ms
	ray::rpc::TaskInfoGcsService.grpc_client.AddTaskEventData.OnReplyReceived - 9 total (0 active), Execution time: mean = 0.04ms, total = 0.33ms, Queueing time: mean = 0.02ms, max = 0.02ms, min = 0.02ms, total = 0.18ms
	ray::rpc::TaskInfoGcsService.grpc_client.AddTaskEventData - 9 total (0 active), Execution time: mean = 0.64ms, total = 5.79ms, Queueing time: mean = 0.00ms, max = -0.00ms, min = 9223372036854.78ms, total = 0.00ms
	PeriodicalRunner.RunFnPeriodically - 1 total (0 active), Execution time: mean = 0.03ms, total = 0.03ms, Queueing time: mean = 0.01ms, max = 0.01ms, min = 0.01ms, total = 0.01ms
Other Stats:
	gcs_grpc_in_progress:0
	event_aggregator_grpc_in_progress:0
	current number of task status events in buffer: 0
	current number of profile events in buffer: 0
	current number of dropped task attempts tracked: 0
	total task events sent: 0.00275326 MiB
	total number of task attempts sent: 12
	total number of task attempts dropped reported: 0
	total number of sent failure: 0
	num status task events dropped: 0
	num profile task events dropped: 0
	num ray task events reported to aggregator: 0
	num ray task events failed to report to aggregator: 0
	num of task attempts dropped reported to aggregator: 0
	num of failed requests to aggregator: 0

[2026-09-04 01:29:37,584 I 2383 2622] core_worker.cc:498: Event stats:


Global stats: 8964 total (10 active)
Queueing time: mean = 0.02ms, max = 0.47ms, min = -0.01ms, total = 145.53ms
Execution time:  mean = 59.08ms, total = 529630.80ms
Event stats:
	CoreWorker.RecoverObjects - 6599 total (1 active), Execution time: mean = 0.00ms, total = 14.53ms, Queueing time: mean = 0.02ms, max = 0.24ms, min = -0.01ms, total = 104.17ms
	CoreWorker.InternalHeartbeat - 660 total (1 active), Execution time: mean = 0.00ms, total = 2.05ms, Queueing time: mean = 0.02ms, max = 0.47ms, min = 0.00ms, total = 12.08ms
	CoreWorker.ReportWorkerBacklog - 660 total (1 active), Execution time: mean = 0.00ms, total = 2.27ms, Queueing time: mean = 0.02ms, max = 0.47ms, min = 0.00ms, total = 11.83ms
	CoreWorker.ExitIfParentRayletDies - 660 total (1 active), Execution time: mean = 0.01ms, total = 4.64ms, Queueing time: mean = 0.01ms, max = 0.07ms, min = -0.00ms, total = 9.68ms
	CoreWorker.RecordMetrics - 132 total (1 active), Execution time: mean = 0.05ms, total = 6.86ms, Queueing time: mean = 0.01ms, max = 0.04ms, min = 0.00ms, total = 1.81ms
	CoreWorker.TryDelPendingObjectRefStreams - 66 total (1 active), Execution time: mean = 0.00ms, total = 0.19ms, Queueing time: mean = 0.05ms, max = 0.37ms, min = -0.01ms, total = 2.99ms
	CoreWorkerService.grpc_server.GetCoreWorkerStats.HandleRequestImpl - 44 total (0 active), Execution time: mean = 0.05ms, total = 2.33ms, Queueing time: mean = 0.02ms, max = 0.05ms, min = 0.01ms, total = 0.98ms
	CoreWorkerService.grpc_server.GetCoreWorkerStats - 44 total (0 active), Execution time: mean = 0.24ms, total = 10.78ms, Queueing time: mean = 0.00ms, max = -0.00ms, min = 9223372036854.78ms, total = 0.00ms
	Publisher.PublishFailure.WORKER_OBJECT_LOCATIONS_CHANNEL - 34 total (0 active), Execution time: mean = 0.00ms, total = 0.05ms, Queueing time: mean = 0.02ms, max = 0.04ms, min = 0.00ms, total = 0.82ms
	CoreWorker.PrintEventStats - 11 total (1 active, 1 running), Execution time: mean = 0.27ms, total = 2.93ms, Queueing time: mean = 0.01ms, max = 0.03ms, min = 0.00ms, total = 0.15ms
	PeriodicalRunner.RunFnPeriodically - 8 total (0 active), Execution time: mean = 0.02ms, total = 0.12ms, Queueing time: mean = 0.06ms, max = 0.11ms, min = 0.01ms, total = 0.51ms
	CoreWorkerService.grpc_server.PushTask - 6 total (0 active), Execution time: mean = 51829.38ms, total = 310976.28ms, Queueing time: mean = 0.00ms, max = -0.00ms, min = 9223372036854.78ms, total = 0.00ms
	CoreWorkerService.grpc_server.PushTask.HandleRequestImpl - 6 total (0 active), Execution time: mean = 0.08ms, total = 0.46ms, Queueing time: mean = 0.01ms, max = 0.03ms, min = 0.01ms, total = 0.09ms
	Publisher.CheckDeadSubscribers - 3 total (1 active), Execution time: mean = 0.00ms, total = 0.00ms, Queueing time: mean = 0.01ms, max = 0.02ms, min = 0.01ms, total = 0.02ms
	CoreWorkerService.grpc_client.PubsubCommandBatch.OnReplyReceived - 3 total (0 active), Execution time: mean = 0.03ms, total = 0.08ms, Queueing time: mean = 0.01ms, max = 0.01ms, min = 0.01ms, total = 0.02ms
	CoreWorkerService.grpc_server.UpdateObjectLocationBatch.HandleRequestImpl - 3 total (0 active), Execution time: mean = 0.02ms, total = 0.07ms, Queueing time: mean = 0.01ms, max = 0.02ms, min = 0.01ms, total = 0.03ms
	CoreWorkerService.grpc_client.PubsubCommandBatch - 3 total (0 active), Execution time: mean = 0.93ms, total = 2.78ms, Queueing time: mean = 0.00ms, max = -0.00ms, min = 9223372036854.78ms, total = 0.00ms
	CoreWorkerService.grpc_server.UpdateObjectLocationBatch - 3 total (0 active), Execution time: mean = 0.14ms, total = 0.43ms, Queueing time: mean = 0.00ms, max = -0.00ms, min = 9223372036854.78ms, total = 0.00ms
	Publisher.Publish.WORKER_OBJECT_LOCATIONS_CHANNEL - 2 total (0 active), Execution time: mean = 0.01ms, total = 0.02ms, Queueing time: mean = 0.02ms, max = 0.02ms, min = 0.02ms, total = 0.04ms
	CoreWorkerService.grpc_client.PubsubLongPolling - 2 total (1 active), Execution time: mean = 109299.24ms, total = 218598.48ms, Queueing time: mean = 0.00ms, max = -0.00ms, min = 9223372036854.78ms, total = 0.00ms
	NodeManagerService.grpc_client.PinObjectIDs.OnReplyReceived - 2 total (0 active), Execution time: mean = 0.07ms, total = 0.14ms, Queueing time: mean = 0.02ms, max = 0.02ms, min = 0.02ms, total = 0.04ms
	NodeManagerService.grpc_client.PinObjectIDs - 2 total (0 active), Execution time: mean = 1.14ms, total = 2.29ms, Queueing time: mean = 0.00ms, max = -0.00ms, min = 9223372036854.78ms, total = 0.00ms
	ray::rpc::ControlPlanePubSubGcsService.grpc_client.GcsSubscriberCommandBatch.OnReplyReceived - 1 total (0 active), Execution time: mean = 0.14ms, total = 0.14ms, Queueing time: mean = 0.01ms, max = 0.01ms, min = 0.01ms, total = 0.01ms
	CoreWorkerService.grpc_client.PubsubLongPolling.OnReplyReceived - 1 total (0 active), Execution time: mean = 0.22ms, total = 0.22ms, Queueing time: mean = 0.01ms, max = 0.01ms, min = 0.01ms, total = 0.01ms
	ray::rpc::WorkerInfoGcsService.grpc_client.AddWorkerInfo - 1 total (0 active), Execution time: mean = 0.39ms, total = 0.39ms, Queueing time: mean = 0.00ms, max = -0.00ms, min = 9223372036854.78ms, total = 0.00ms
	ray::rpc::ControlPlanePubSubGcsService.grpc_client.GcsSubscriberPoll - 1 total (1 active), Execution time: mean = 0.00ms, total = 0.00ms, Queueing time: mean = 0.00ms, max = -0.00ms, min = 9223372036854.78ms, total = 0.00ms
	Subscriber.HandlePublishedMessage_WORKER_REF_REMOVED_CHANNEL - 1 total (0 active), Execution time: mean = 0.13ms, total = 0.13ms, Queueing time: mean = 0.21ms, max = 0.21ms, min = 0.21ms, total = 0.21ms
	NodeManagerService.grpc_client.FreeLocalObjects - 1 total (0 active), Execution time: mean = 0.29ms, total = 0.29ms, Queueing time: mean = 0.00ms, max = -0.00ms, min = 9223372036854.78ms, total = 0.00ms
	ray::rpc::NodeInfoGcsService.grpc_client.GetAllNodeAddressAndLiveness - 1 total (0 active), Execution time: mean = 0.35ms, total = 0.35ms, Queueing time: mean = 0.00ms, max = -0.00ms, min = 9223372036854.78ms, total = 0.00ms
	NodeManagerService.grpc_client.FreeLocalObjects.OnReplyReceived - 1 total (0 active), Execution time: mean = 0.01ms, total = 0.01ms, Queueing time: mean = 0.02ms, max = 0.02ms, min = 0.02ms, total = 0.02ms
	ray::rpc::ControlPlanePubSubGcsService.grpc_client.GcsSubscriberCommandBatch - 1 total (0 active), Execution time: mean = 1.32ms, total = 1.32ms, Queueing time: mean = 0.00ms, max = -0.00ms, min = 9223372036854.78ms, total = 0.00ms
	ray::rpc::NodeInfoGcsService.grpc_client.GetAllNodeAddressAndLiveness.OnReplyReceived - 1 total (0 active), Execution time: mean = 0.15ms, total = 0.15ms, Queueing time: mean = 0.01ms, max = 0.01ms, min = 0.01ms, total = 0.01ms
	ray::rpc::WorkerInfoGcsService.grpc_client.AddWorkerInfo.OnReplyReceived - 1 total (0 active), Execution time: mean = 0.03ms, total = 0.03ms, Queueing time: mean = 0.01ms, max = 0.01ms, min = 0.01ms, total = 0.01ms

-----------------
Task execution event stats:

Global stats: 34855 total (1 active)
Queueing time: mean = 8.94ms, max = 149293.88ms, min = -0.04ms, total = 311474.60ms
Execution time:  mean = 8.92ms, total = 311047.90ms
Event stats:
	CoreWorker.CheckSignal - 34848 total (1 active), Execution time: mean = 0.00ms, total = 73.54ms, Queueing time: mean = 8.94ms, max = 149293.88ms, min = -0.04ms, total = 311474.53ms
	CoreWorker.HandlePushTaskActor - 5 total (0 active), Execution time: mean = 58108.84ms, total = 290544.21ms, Queueing time: mean = 0.01ms, max = 0.02ms, min = 0.01ms, total = 0.06ms
	PeriodicalRunner.RunFnPeriodically - 1 total (0 active), Execution time: mean = 0.01ms, total = 0.01ms, Queueing time: mean = 0.00ms, max = 0.00ms, min = 0.00ms, total = 0.00ms
	CoreWorker.HandlePushTask - 1 total (0 active), Execution time: mean = 20430.14ms, total = 20430.14ms, Queueing time: mean = 0.00ms, max = 0.00ms, min = 0.00ms, total = 0.00ms

-----------------
Task Event stats:

IO Service Stats:

Global stats: 679 total (1 active)
Queueing time: mean = 0.02ms, max = 0.08ms, min = 0.00ms, total = 12.79ms
Execution time:  mean = 0.02ms, total = 15.14ms
Event stats:
	CoreWorker.deadline_timer.flush_task_events - 660 total (1 active), Execution time: mean = 0.01ms, total = 9.00ms, Queueing time: mean = 0.02ms, max = 0.08ms, min = 0.00ms, total = 12.60ms
	ray::rpc::TaskInfoGcsService.grpc_client.AddTaskEventData.OnReplyReceived - 9 total (0 active), Execution time: mean = 0.04ms, total = 0.33ms, Queueing time: mean = 0.02ms, max = 0.02ms, min = 0.02ms, total = 0.18ms
	ray::rpc::TaskInfoGcsService.grpc_client.AddTaskEventData - 9 total (0 active), Execution time: mean = 0.64ms, total = 5.79ms, Queueing time: mean = 0.00ms, max = -0.00ms, min = 9223372036854.78ms, total = 0.00ms
	PeriodicalRunner.RunFnPeriodically - 1 total (0 active), Execution time: mean = 0.03ms, total = 0.03ms, Queueing time: mean = 0.01ms, max = 0.01ms, min = 0.01ms, total = 0.01ms
Other Stats:
	gcs_grpc_in_progress:0
	event_aggregator_grpc_in_progress:0
	current number of task status events in buffer: 0
	current number of profile events in buffer: 0
	current number of dropped task attempts tracked: 0
	total task events sent: 0.00275326 MiB
	total number of task attempts sent: 12
	total number of task attempts dropped reported: 0
	total number of sent failure: 0
	num status task events dropped: 0
	num profile task events dropped: 0
	num ray task events reported to aggregator: 0
	num ray task events failed to report to aggregator: 0
	num of task attempts dropped reported to aggregator: 0
	num of failed requests to aggregator: 0

[2026-09-04 01:30:37,584 I 2383 2622] core_worker.cc:498: Event stats:


Global stats: 9775 total (11 active)
Queueing time: mean = 0.02ms, max = 0.47ms, min = -0.01ms, total = 155.56ms
Execution time:  mean = 54.68ms, total = 534458.78ms
Event stats:
	CoreWorker.RecoverObjects - 7199 total (1 active), Execution time: mean = 0.00ms, total = 15.46ms, Queueing time: mean = 0.02ms, max = 0.24ms, min = -0.01ms, total = 111.57ms
	CoreWorker.InternalHeartbeat - 720 total (1 active), Execution time: mean = 0.00ms, total = 2.27ms, Queueing time: mean = 0.02ms, max = 0.47ms, min = 0.00ms, total = 12.83ms
	CoreWorker.ReportWorkerBacklog - 720 total (1 active), Execution time: mean = 0.00ms, total = 2.50ms, Queueing time: mean = 0.02ms, max = 0.47ms, min = 0.00ms, total = 12.56ms
	CoreWorker.ExitIfParentRayletDies - 720 total (1 active), Execution time: mean = 0.01ms, total = 5.06ms, Queueing time: mean = 0.01ms, max = 0.07ms, min = -0.00ms, total = 10.22ms
	CoreWorker.RecordMetrics - 144 total (1 active), Execution time: mean = 0.05ms, total = 7.47ms, Queueing time: mean = 0.01ms, max = 0.04ms, min = 0.00ms, total = 1.98ms
	CoreWorker.TryDelPendingObjectRefStreams - 72 total (1 active), Execution time: mean = 0.00ms, total = 0.21ms, Queueing time: mean = 0.05ms, max = 0.37ms, min = -0.01ms, total = 3.27ms
	CoreWorkerService.grpc_server.GetCoreWorkerStats.HandleRequestImpl - 48 total (0 active), Execution time: mean = 0.05ms, total = 2.55ms, Queueing time: mean = 0.02ms, max = 0.05ms, min = 0.01ms, total = 1.06ms
	CoreWorkerService.grpc_server.GetCoreWorkerStats - 48 total (0 active), Execution time: mean = 0.25ms, total = 11.76ms, Queueing time: mean = 0.00ms, max = -0.00ms, min = 9223372036854.78ms, total = 0.00ms
	Publisher.PublishFailure.WORKER_OBJECT_LOCATIONS_CHANNEL - 34 total (0 active), Execution time: mean = 0.00ms, total = 0.05ms, Queueing time: mean = 0.02ms, max = 0.04ms, min = 0.00ms, total = 0.82ms
	CoreWorker.PrintEventStats - 12 total (1 active, 1 running), Execution time: mean = 0.27ms, total = 3.26ms, Queueing time: mean = 0.01ms, max = 0.03ms, min = 0.00ms, total = 0.16ms
	CoreWorkerService.grpc_server.PushTask - 8 total (1 active), Execution time: mean = 39475.02ms, total = 315800.15ms, Queueing time: mean = 0.00ms, max = -0.00ms, min = 9223372036854.78ms, total = 0.00ms
	PeriodicalRunner.RunFnPeriodically - 8 total (0 active), Execution time: mean = 0.02ms, total = 0.12ms, Queueing time: mean = 0.06ms, max = 0.11ms, min = 0.01ms, total = 0.51ms
	CoreWorkerService.grpc_server.PushTask.HandleRequestImpl - 8 total (0 active), Execution time: mean = 0.08ms, total = 0.62ms, Queueing time: mean = 0.02ms, max = 0.04ms, min = 0.01ms, total = 0.15ms
	Publisher.CheckDeadSubscribers - 3 total (1 active), Execution time: mean = 0.00ms, total = 0.00ms, Queueing time: mean = 0.01ms, max = 0.02ms, min = 0.01ms, total = 0.02ms
	CoreWorkerService.grpc_client.PubsubCommandBatch.OnReplyReceived - 3 total (0 active), Execution time: mean = 0.03ms, total = 0.08ms, Queueing time: mean = 0.01ms, max = 0.01ms, min = 0.01ms, total = 0.02ms
	CoreWorkerService.grpc_server.UpdateObjectLocationBatch.HandleRequestImpl - 3 total (0 active), Execution time: mean = 0.02ms, total = 0.07ms, Queueing time: mean = 0.01ms, max = 0.02ms, min = 0.01ms, total = 0.03ms
	CoreWorkerService.grpc_client.PubsubCommandBatch - 3 total (0 active), Execution time: mean = 0.93ms, total = 2.78ms, Queueing time: mean = 0.00ms, max = -0.00ms, min = 9223372036854.78ms, total = 0.00ms
	CoreWorkerService.grpc_server.UpdateObjectLocationBatch - 3 total (0 active), Execution time: mean = 0.14ms, total = 0.43ms, Queueing time: mean = 0.00ms, max = -0.00ms, min = 9223372036854.78ms, total = 0.00ms
	Publisher.Publish.WORKER_OBJECT_LOCATIONS_CHANNEL - 2 total (0 active), Execution time: mean = 0.01ms, total = 0.02ms, Queueing time: mean = 0.02ms, max = 0.02ms, min = 0.02ms, total = 0.04ms
	CoreWorkerService.grpc_client.PubsubLongPolling - 2 total (1 active), Execution time: mean = 109299.24ms, total = 218598.48ms, Queueing time: mean = 0.00ms, max = -0.00ms, min = 9223372036854.78ms, total = 0.00ms
	NodeManagerService.grpc_client.PinObjectIDs.OnReplyReceived - 2 total (0 active), Execution time: mean = 0.07ms, total = 0.14ms, Queueing time: mean = 0.02ms, max = 0.02ms, min = 0.02ms, total = 0.04ms
	NodeManagerService.grpc_client.PinObjectIDs - 2 total (0 active), Execution time: mean = 1.14ms, total = 2.29ms, Queueing time: mean = 0.00ms, max = -0.00ms, min = 9223372036854.78ms, total = 0.00ms
	ray::rpc::ControlPlanePubSubGcsService.grpc_client.GcsSubscriberCommandBatch.OnReplyReceived - 1 total (0 active), Execution time: mean = 0.14ms, total = 0.14ms, Queueing time: mean = 0.01ms, max = 0.01ms, min = 0.01ms, total = 0.01ms
	CoreWorkerService.grpc_client.PubsubLongPolling.OnReplyReceived - 1 total (0 active), Execution time: mean = 0.22ms, total = 0.22ms, Queueing time: mean = 0.01ms, max = 0.01ms, min = 0.01ms, total = 0.01ms
	ray::rpc::WorkerInfoGcsService.grpc_client.AddWorkerInfo - 1 total (0 active), Execution time: mean = 0.39ms, total = 0.39ms, Queueing time: mean = 0.00ms, max = -0.00ms, min = 9223372036854.78ms, total = 0.00ms
	ray::rpc::ControlPlanePubSubGcsService.grpc_client.GcsSubscriberPoll - 1 total (1 active), Execution time: mean = 0.00ms, total = 0.00ms, Queueing time: mean = 0.00ms, max = -0.00ms, min = 9223372036854.78ms, total = 0.00ms
	Subscriber.HandlePublishedMessage_WORKER_REF_REMOVED_CHANNEL - 1 total (0 active), Execution time: mean = 0.13ms, total = 0.13ms, Queueing time: mean = 0.21ms, max = 0.21ms, min = 0.21ms, total = 0.21ms
	NodeManagerService.grpc_client.FreeLocalObjects - 1 total (0 active), Execution time: mean = 0.29ms, total = 0.29ms, Queueing time: mean = 0.00ms, max = -0.00ms, min = 9223372036854.78ms, total = 0.00ms
	ray::rpc::NodeInfoGcsService.grpc_client.GetAllNodeAddressAndLiveness - 1 total (0 active), Execution time: mean = 0.35ms, total = 0.35ms, Queueing time: mean = 0.00ms, max = -0.00ms, min = 9223372036854.78ms, total = 0.00ms
	NodeManagerService.grpc_client.FreeLocalObjects.OnReplyReceived - 1 total (0 active), Execution time: mean = 0.01ms, total = 0.01ms, Queueing time: mean = 0.02ms, max = 0.02ms, min = 0.02ms, total = 0.02ms
	ray::rpc::ControlPlanePubSubGcsService.grpc_client.GcsSubscriberCommandBatch - 1 total (0 active), Execution time: mean = 1.32ms, total = 1.32ms, Queueing time: mean = 0.00ms, max = -0.00ms, min = 9223372036854.78ms, total = 0.00ms
	ray::rpc::NodeInfoGcsService.grpc_client.GetAllNodeAddressAndLiveness.OnReplyReceived - 1 total (0 active), Execution time: mean = 0.15ms, total = 0.15ms, Queueing time: mean = 0.01ms, max = 0.01ms, min = 0.01ms, total = 0.01ms
	ray::rpc::WorkerInfoGcsService.grpc_client.AddWorkerInfo.OnReplyReceived - 1 total (0 active), Execution time: mean = 0.03ms, total = 0.03ms, Queueing time: mean = 0.01ms, max = 0.01ms, min = 0.01ms, total = 0.01ms

-----------------
Task execution event stats:

Global stats: 37856 total (2 active)
Queueing time: mean = 8.36ms, max = 149293.88ms, min = -0.04ms, total = 316327.79ms
Execution time:  mean = 8.34ms, total = 315876.91ms
Event stats:
	CoreWorker.CheckSignal - 37847 total (1 active), Execution time: mean = 0.00ms, total = 78.97ms, Queueing time: mean = 8.36ms, max = 149293.88ms, min = -0.04ms, total = 316327.68ms
	CoreWorker.HandlePushTaskActor - 7 total (1 active, 1 running), Execution time: mean = 42195.40ms, total = 295367.78ms, Queueing time: mean = 0.01ms, max = 0.03ms, min = 0.01ms, total = 0.10ms
	PeriodicalRunner.RunFnPeriodically - 1 total (0 active), Execution time: mean = 0.01ms, total = 0.01ms, Queueing time: mean = 0.00ms, max = 0.00ms, min = 0.00ms, total = 0.00ms
	CoreWorker.HandlePushTask - 1 total (0 active), Execution time: mean = 20430.14ms, total = 20430.14ms, Queueing time: mean = 0.00ms, max = 0.00ms, min = 0.00ms, total = 0.00ms

-----------------
Task Event stats:

IO Service Stats:

Global stats: 743 total (1 active)
Queueing time: mean = 0.02ms, max = 0.08ms, min = 0.00ms, total = 13.82ms
Execution time:  mean = 0.02ms, total = 17.73ms
Event stats:
	CoreWorker.deadline_timer.flush_task_events - 720 total (1 active), Execution time: mean = 0.01ms, total = 10.14ms, Queueing time: mean = 0.02ms, max = 0.08ms, min = 0.00ms, total = 13.61ms
	ray::rpc::TaskInfoGcsService.grpc_client.AddTaskEventData.OnReplyReceived - 11 total (0 active), Execution time: mean = 0.04ms, total = 0.40ms, Queueing time: mean = 0.02ms, max = 0.02ms, min = 0.01ms, total = 0.21ms
	ray::rpc::TaskInfoGcsService.grpc_client.AddTaskEventData - 11 total (0 active), Execution time: mean = 0.65ms, total = 7.16ms, Queueing time: mean = 0.00ms, max = -0.00ms, min = 9223372036854.78ms, total = 0.00ms
	PeriodicalRunner.RunFnPeriodically - 1 total (0 active), Execution time: mean = 0.03ms, total = 0.03ms, Queueing time: mean = 0.01ms, max = 0.01ms, min = 0.01ms, total = 0.01ms
Other Stats:
	gcs_grpc_in_progress:0
	event_aggregator_grpc_in_progress:0
	current number of task status events in buffer: 0
	current number of profile events in buffer: 0
	current number of dropped task attempts tracked: 0
	total task events sent: 0.00339413 MiB
	total number of task attempts sent: 15
	total number of task attempts dropped reported: 0
	total number of sent failure: 0
	num status task events dropped: 0
	num profile task events dropped: 0
	num ray task events reported to aggregator: 0
	num ray task events failed to report to aggregator: 0
	num of task attempts dropped reported to aggregator: 0
	num of failed requests to aggregator: 0

[2026-09-04 01:31:37,585 I 2383 2622] core_worker.cc:498: Event stats:


Global stats: 10586 total (10 active)
Queueing time: mean = 0.02ms, max = 0.47ms, min = -0.01ms, total = 167.37ms
Execution time:  mean = 97.43ms, total = 1031384.12ms
Event stats:
	CoreWorker.RecoverObjects - 7799 total (1 active), Execution time: mean = 0.00ms, total = 16.64ms, Queueing time: mean = 0.02ms, max = 0.24ms, min = -0.01ms, total = 120.21ms
	CoreWorker.InternalHeartbeat - 780 total (1 active), Execution time: mean = 0.00ms, total = 2.52ms, Queueing time: mean = 0.02ms, max = 0.47ms, min = 0.00ms, total = 13.73ms
	CoreWorker.ReportWorkerBacklog - 780 total (1 active), Execution time: mean = 0.00ms, total = 2.72ms, Queueing time: mean = 0.02ms, max = 0.47ms, min = 0.00ms, total = 13.48ms
	CoreWorker.ExitIfParentRayletDies - 780 total (1 active), Execution time: mean = 0.01ms, total = 5.47ms, Queueing time: mean = 0.01ms, max = 0.07ms, min = -0.00ms, total = 10.96ms
	CoreWorker.RecordMetrics - 156 total (1 active), Execution time: mean = 0.05ms, total = 8.16ms, Queueing time: mean = 0.01ms, max = 0.04ms, min = 0.00ms, total = 2.19ms
	CoreWorker.TryDelPendingObjectRefStreams - 78 total (1 active), Execution time: mean = 0.00ms, total = 0.22ms, Queueing time: mean = 0.05ms, max = 0.37ms, min = -0.01ms, total = 3.54ms
	CoreWorkerService.grpc_server.GetCoreWorkerStats.HandleRequestImpl - 52 total (0 active), Execution time: mean = 0.05ms, total = 2.79ms, Queueing time: mean = 0.02ms, max = 0.05ms, min = 0.01ms, total = 1.16ms
	CoreWorkerService.grpc_server.GetCoreWorkerStats - 52 total (0 active), Execution time: mean = 0.25ms, total = 12.79ms, Queueing time: mean = 0.00ms, max = -0.00ms, min = 9223372036854.78ms, total = 0.00ms
	Publisher.PublishFailure.WORKER_OBJECT_LOCATIONS_CHANNEL - 34 total (0 active), Execution time: mean = 0.00ms, total = 0.05ms, Queueing time: mean = 0.02ms, max = 0.04ms, min = 0.00ms, total = 0.82ms
	CoreWorker.PrintEventStats - 13 total (1 active, 1 running), Execution time: mean = 0.27ms, total = 3.51ms, Queueing time: mean = 0.01ms, max = 0.03ms, min = 0.00ms, total = 0.16ms
	CoreWorkerService.grpc_server.PushTask - 9 total (0 active), Execution time: mean = 41549.26ms, total = 373943.31ms, Queueing time: mean = 0.00ms, max = -0.00ms, min = 9223372036854.78ms, total = 0.00ms
	CoreWorkerService.grpc_server.PushTask.HandleRequestImpl - 9 total (0 active), Execution time: mean = 0.07ms, total = 0.67ms, Queueing time: mean = 0.02ms, max = 0.04ms, min = 0.01ms, total = 0.16ms
	PeriodicalRunner.RunFnPeriodically - 8 total (0 active), Execution time: mean = 0.02ms, total = 0.12ms, Queueing time: mean = 0.06ms, max = 0.11ms, min = 0.01ms, total = 0.51ms
	Publisher.CheckDeadSubscribers - 3 total (1 active), Execution time: mean = 0.00ms, total = 0.00ms, Queueing time: mean = 0.01ms, max = 0.02ms, min = 0.01ms, total = 0.02ms
	CoreWorkerService.grpc_client.PubsubCommandBatch.OnReplyReceived - 3 total (0 active), Execution time: mean = 0.03ms, total = 0.08ms, Queueing time: mean = 0.01ms, max = 0.01ms, min = 0.01ms, total = 0.02ms
	CoreWorkerService.grpc_server.UpdateObjectLocationBatch.HandleRequestImpl - 3 total (0 active), Execution time: mean = 0.02ms, total = 0.07ms, Queueing time: mean = 0.01ms, max = 0.02ms, min = 0.01ms, total = 0.03ms
	CoreWorkerService.grpc_client.PubsubCommandBatch - 3 total (0 active), Execution time: mean = 0.93ms, total = 2.78ms, Queueing time: mean = 0.00ms, max = -0.00ms, min = 9223372036854.78ms, total = 0.00ms
	CoreWorkerService.grpc_server.UpdateObjectLocationBatch - 3 total (0 active), Execution time: mean = 0.14ms, total = 0.43ms, Queueing time: mean = 0.00ms, max = -0.00ms, min = 9223372036854.78ms, total = 0.00ms
	Publisher.Publish.WORKER_OBJECT_LOCATIONS_CHANNEL - 2 total (0 active), Execution time: mean = 0.01ms, total = 0.02ms, Queueing time: mean = 0.02ms, max = 0.02ms, min = 0.02ms, total = 0.04ms
	ray::rpc::ControlPlanePubSubGcsService.grpc_client.GcsSubscriberPoll - 2 total (1 active), Execution time: mean = 219388.84ms, total = 438777.69ms, Queueing time: mean = 0.00ms, max = -0.00ms, min = 9223372036854.78ms, total = 0.00ms
	CoreWorkerService.grpc_client.PubsubLongPolling - 2 total (1 active), Execution time: mean = 109299.24ms, total = 218598.48ms, Queueing time: mean = 0.00ms, max = -0.00ms, min = 9223372036854.78ms, total = 0.00ms
	NodeManagerService.grpc_client.PinObjectIDs.OnReplyReceived - 2 total (0 active), Execution time: mean = 0.07ms, total = 0.14ms, Queueing time: mean = 0.02ms, max = 0.02ms, min = 0.02ms, total = 0.04ms
	NodeManagerService.grpc_client.PinObjectIDs - 2 total (0 active), Execution time: mean = 1.14ms, total = 2.29ms, Queueing time: mean = 0.00ms, max = -0.00ms, min = 9223372036854.78ms, total = 0.00ms
	ray::rpc::ControlPlanePubSubGcsService.grpc_client.GcsSubscriberCommandBatch.OnReplyReceived - 1 total (0 active), Execution time: mean = 0.14ms, total = 0.14ms, Queueing time: mean = 0.01ms, max = 0.01ms, min = 0.01ms, total = 0.01ms
	CoreWorkerService.grpc_client.PubsubLongPolling.OnReplyReceived - 1 total (0 active), Execution time: mean = 0.22ms, total = 0.22ms, Queueing time: mean = 0.01ms, max = 0.01ms, min = 0.01ms, total = 0.01ms
	ray::rpc::ControlPlanePubSubGcsService.grpc_client.GcsSubscriberPoll.OnReplyReceived - 1 total (0 active), Execution time: mean = 0.16ms, total = 0.16ms, Queueing time: mean = 0.02ms, max = 0.02ms, min = 0.02ms, total = 0.02ms
	NodeManagerService.grpc_client.FreeLocalObjects - 1 total (0 active), Execution time: mean = 0.29ms, total = 0.29ms, Queueing time: mean = 0.00ms, max = -0.00ms, min = 9223372036854.78ms, total = 0.00ms
	ray::rpc::WorkerInfoGcsService.grpc_client.AddWorkerInfo - 1 total (0 active), Execution time: mean = 0.39ms, total = 0.39ms, Queueing time: mean = 0.00ms, max = -0.00ms, min = 9223372036854.78ms, total = 0.00ms
	Subscriber.HandlePublishedMessage_WORKER_REF_REMOVED_CHANNEL - 1 total (0 active), Execution time: mean = 0.13ms, total = 0.13ms, Queueing time: mean = 0.21ms, max = 0.21ms, min = 0.21ms, total = 0.21ms
	ray::rpc::NodeInfoGcsService.grpc_client.GetAllNodeAddressAndLiveness - 1 total (0 active), Execution time: mean = 0.35ms, total = 0.35ms, Queueing time: mean = 0.00ms, max = -0.00ms, min = 9223372036854.78ms, total = 0.00ms
	ray::rpc::ControlPlanePubSubGcsService.grpc_client.GcsSubscriberCommandBatch - 1 total (0 active), Execution time: mean = 1.32ms, total = 1.32ms, Queueing time: mean = 0.00ms, max = -0.00ms, min = 9223372036854.78ms, total = 0.00ms
	ray::rpc::NodeInfoGcsService.grpc_client.GetAllNodeAddressAndLiveness.OnReplyReceived - 1 total (0 active), Execution time: mean = 0.15ms, total = 0.15ms, Queueing time: mean = 0.01ms, max = 0.01ms, min = 0.01ms, total = 0.01ms
	NodeManagerService.grpc_client.FreeLocalObjects.OnReplyReceived - 1 total (0 active), Execution time: mean = 0.01ms, total = 0.01ms, Queueing time: mean = 0.02ms, max = 0.02ms, min = 0.02ms, total = 0.02ms
	ray::rpc::WorkerInfoGcsService.grpc_client.AddWorkerInfo.OnReplyReceived - 1 total (0 active), Execution time: mean = 0.03ms, total = 0.03ms, Queueing time: mean = 0.01ms, max = 0.01ms, min = 0.01ms, total = 0.01ms

-----------------
Task execution event stats:

Global stats: 40556 total (1 active)
Queueing time: mean = 9.23ms, max = 149293.88ms, min = -0.04ms, total = 374496.32ms
Execution time:  mean = 9.22ms, total = 374023.94ms
Event stats:
	CoreWorker.CheckSignal - 40546 total (1 active), Execution time: mean = 0.00ms, total = 83.43ms, Queueing time: mean = 9.24ms, max = 149293.88ms, min = -0.04ms, total = 374496.18ms
	CoreWorker.HandlePushTaskActor - 8 total (0 active), Execution time: mean = 44188.79ms, total = 353510.36ms, Queueing time: mean = 0.02ms, max = 0.03ms, min = 0.01ms, total = 0.13ms
	PeriodicalRunner.RunFnPeriodically - 1 total (0 active), Execution time: mean = 0.01ms, total = 0.01ms, Queueing time: mean = 0.00ms, max = 0.00ms, min = 0.00ms, total = 0.00ms
	CoreWorker.HandlePushTask - 1 total (0 active), Execution time: mean = 20430.14ms, total = 20430.14ms, Queueing time: mean = 0.00ms, max = 0.00ms, min = 0.00ms, total = 0.00ms

-----------------
Task Event stats:

IO Service Stats:

Global stats: 807 total (1 active)
Queueing time: mean = 0.02ms, max = 0.08ms, min = 0.00ms, total = 14.87ms
Execution time:  mean = 0.02ms, total = 20.11ms
Event stats:
	CoreWorker.deadline_timer.flush_task_events - 780 total (1 active), Execution time: mean = 0.01ms, total = 11.18ms, Queueing time: mean = 0.02ms, max = 0.08ms, min = 0.00ms, total = 14.62ms
	ray::rpc::TaskInfoGcsService.grpc_client.AddTaskEventData.OnReplyReceived - 13 total (0 active), Execution time: mean = 0.04ms, total = 0.46ms, Queueing time: mean = 0.02ms, max = 0.02ms, min = 0.01ms, total = 0.24ms
	ray::rpc::TaskInfoGcsService.grpc_client.AddTaskEventData - 13 total (0 active), Execution time: mean = 0.65ms, total = 8.44ms, Queueing time: mean = 0.00ms, max = -0.00ms, min = 9223372036854.78ms, total = 0.00ms
	PeriodicalRunner.RunFnPeriodically - 1 total (0 active), Execution time: mean = 0.03ms, total = 0.03ms, Queueing time: mean = 0.01ms, max = 0.01ms, min = 0.01ms, total = 0.01ms
Other Stats:
	gcs_grpc_in_progress:0
	event_aggregator_grpc_in_progress:0
	current number of task status events in buffer: 0
	current number of profile events in buffer: 0
	current number of dropped task attempts tracked: 0
	total task events sent: 0.00417423 MiB
	total number of task attempts sent: 18
	total number of task attempts dropped reported: 0
	total number of sent failure: 0
	num status task events dropped: 0
	num profile task events dropped: 0
	num ray task events reported to aggregator: 0
	num ray task events failed to report to aggregator: 0
	num of task attempts dropped reported to aggregator: 0
	num of failed requests to aggregator: 0

[2026-09-04 01:31:40,343 I 2383 2622] core_worker_shutdown_executor.cc:141: Executing worker exit: INTENDED_SYSTEM_EXIT - Worker exits because the actor is killed. The actor is dead because all references to the actor were removed. (timeout: -1ms)
[2026-09-04 01:31:40,343 I 2383 2383] core_worker_shutdown_executor.cc:217: Wait for currently executing tasks in the underlying thread pools to finish.
[2026-09-04 01:31:40,343 I 2383 2383] core_worker_shutdown_executor.cc:255: Not draining reference counter since this is an actor worker.
[2026-09-04 01:31:40,348 I 2383 2383] core_worker_shutdown_executor.cc:303: Try killing all child processes of this worker as it exits. Child process pids: 4439,15124,15130
[2026-09-04 01:31:40,348 I 2383 2383] core_worker_shutdown_executor.cc:312: Kill result for child pid 4439: Success, bool 0
[2026-09-04 01:31:40,348 I 2383 2383] core_worker_shutdown_executor.cc:312: Kill result for child pid 15124: Success, bool 0
[2026-09-04 01:31:40,348 I 2383 2383] core_worker_shutdown_executor.cc:312: Kill result for child pid 15130: Success, bool 0
[2026-09-04 01:31:40,350 I 2383 2383] core_worker_shutdown_executor.cc:368: Sending disconnect message to the local raylet.
[2026-09-04 01:31:40,350 I 2383 2383] raylet_ipc_client.cc:133: RayletIpcClient::Disconnect, exit_type=INTENDED_SYSTEM_EXIT, exit_detail=Worker exits because the actor is killed. The actor is dead because all references to the actor were removed., has creation_task_exception_pb_bytes=0
[2026-09-04 01:31:40,359 I 2383 2383] core_worker_shutdown_executor.cc:384: Disconnected from the local raylet.
[2026-09-04 01:31:40,360 I 2383 2383] task_event_buffer.cc:548: Shutting down TaskEventBuffer.
[2026-09-04 01:31:40,360 I 2383 2663] task_event_buffer.cc:507: Task event buffer io service stopped.
[2026-09-04 01:31:40,361 I 2383 2383] ray_event_recorder_base.cc:69: Stopping RayEventRecorder and flushing remaining events.
[2026-09-04 01:31:40,361 I 2383 2383] core_worker_shutdown_executor.cc:92: Waiting for joining a core worker io thread. If it hangs here, there might be deadlock or a high load in the core worker io service.
[2026-09-04 01:31:40,361 I 2383 2622] core_worker_process.cc:199: Core worker main io service stopped.
[2026-09-04 01:31:40,361 I 2383 2383] core_worker_shutdown_executor.cc:109: Waiting for joining the object-freed callback thread.
[2026-09-04 01:31:40,361 I 2383 2623] core_worker_process.cc:219: Object-freed callback service stopped.
[2026-09-04 01:31:40,455 I 2383 2383] core_worker_shutdown_executor.cc:118: Disconnecting a GCS client.
[2026-09-04 01:31:40,455 I 2383 2383] core_worker_shutdown_executor.cc:125: Core worker ready to be deallocated.
[2026-09-04 01:31:40,455 I 2383 2383] core_worker_process.cc:1054: Task execution loop terminated. Waiting for shutdown to complete...
[2026-09-04 01:31:40,455 I 2383 2383] core_worker_shutdown_executor.cc:43: Shutdown completed successfully
[2026-09-04 01:31:40,455 I 2383 2383] core_worker_process.cc:1056: Shutdown complete. Removing the global worker.
[2026-09-04 01:31:40,455 I 2383 2383] core_worker_shutdown_executor.cc:43: Shutdown completed successfully
[2026-09-04 01:31:40,455 I 2383 2383] core_worker.cc:584: Core worker is destructed
[2026-09-04 01:31:46,762 I 2383 2383] core_worker_process.cc:950: Destructing CoreWorkerProcessImpl. pid: 2383
[2026-09-04 01:31:46,768 I 2383 2383] stats.h:176: Stats module has shutdown.
