gpu-nodes-0:5321:5321 [1] NCCL INFO ENV/Plugin: Could not find: libnccl-env.so
gpu-nodes-0:5321:5321 [1] NCCL INFO cudaDriverVersion 13020
gpu-nodes-0:5321:5321 [1] NCCL INFO NCCL version 2.29.7+cuda13.2
gpu-nodes-0:5321:5321 [1] NCCL INFO NCCL git version stable b81d6a5a3
gpu-nodes-0:5321:5321 [1] NCCL INFO NET/Plugin: Could not find: libnccl-net.so
gpu-nodes-0:5321:5321 [1] NCCL INFO dlvsym failed on mlx5dv_get_data_direct_sysfs_path - /usr/lib/x86_64-linux-gnu/libmlx5.so.1: undefined symbol: mlx5dv_get_data_direct_sysfs_path, version MLX5_1.25 version MLX5_1.25
gpu-nodes-0:5321:5321 [1] NCCL INFO dlvsym failed on mlx5dv_reg_dmabuf_mr - /usr/lib/x86_64-linux-gnu/libmlx5.so.1: undefined symbol: mlx5dv_reg_dmabuf_mr, version MLX5_1.25 version MLX5_1.25
gpu-nodes-0:5321:5321 [1] NCCL INFO NET/IB: [0] mlx5_0:uverbs0:1/IB provider=Mlx5 speed=400000 context=0x699724e0 pciPath=/sys/devices/pci0000:70/0000:70:01.1/0000:71:00.0/0000:72:01.0/0000:74:00.0 ar=1
gpu-nodes-0:5321:5321 [1] NCCL INFO NET/IB: [1] mlx5_1:uverbs1:1/IB provider=Mlx5 speed=400000 context=0x699b3b90 pciPath=/sys/devices/pci0000:00/0000:00:01.1/0000:01:00.0/0000:02:01.0/0000:04:00.0 ar=1
gpu-nodes-0:5321:5321 [1] NCCL INFO NET/IB: [2] mlx5_2:uverbs2:1/IB provider=Mlx5 speed=400000 context=0x699f5c40 pciPath=/sys/devices/pci0000:60/0000:60:01.1/0000:61:00.0/0000:62:01.0/0000:64:00.0 ar=1
gpu-nodes-0:5321:5321 [1] NCCL INFO NET/IB: [3] mlx5_3:uverbs3:1/IB provider=Mlx5 speed=400000 context=0x69a37cf0 pciPath=/sys/devices/pci0000:10/0000:10:01.1/0000:11:00.0/0000:12:01.0/0000:14:00.0 ar=1
gpu-nodes-0:5321:5321 [1] NCCL INFO NET/IB: [4] mlx5_4:uverbs4:1/IB provider=Mlx5 speed=400000 context=0x69a79e40 pciPath=/sys/devices/pci0000:f0/0000:f0:01.1/0000:f1:00.0/0000:f2:01.0/0000:f4:00.0 ar=1
gpu-nodes-0:5321:5321 [1] NCCL INFO NET/IB: [5] mlx5_5:uverbs5:1/IB provider=Mlx5 speed=100000 context=0x69abc220 pciPath=/sys/devices/pci0000:d0/0000:d0:03.3/0000:d2:00.0 ar=1
gpu-nodes-0:5321:5321 [1] NCCL INFO NET/IB: [6] mlx5_6:uverbs6:1/IB provider=Mlx5 speed=100000 context=0x69afe600 pciPath=/sys/devices/pci0000:d0/0000:d0:03.3/0000:d2:00.0 ar=1
gpu-nodes-0:5321:5321 [1] NCCL INFO NET/IB: [7] mlx5_7:uverbs7:1/IB provider=Mlx5 speed=100000 context=0x69b409e0 pciPath=/sys/devices/pci0000:d0/0000:d0:03.3/0000:d2:00.0 ar=1
gpu-nodes-0:5321:5321 [1] NCCL INFO NET/IB: [8] mlx5_8:uverbs8:1/IB provider=Mlx5 speed=100000 context=0x69b82dc0 pciPath=/sys/devices/pci0000:d0/0000:d0:03.3/0000:d2:00.0 ar=1
gpu-nodes-0:5321:5321 [1] NCCL INFO NET/IB: [9] mlx5_9:uverbs9:1/IB provider=Mlx5 speed=400000 context=0x69bc51a0 pciPath=/sys/devices/pci0000:80/0000:80:01.1/0000:81:00.0/0000:82:01.0/0000:84:00.0 ar=1
gpu-nodes-0:5321:5321 [1] NCCL INFO NET/IB: [10] mlx5_10:uverbs10:1/RoCE provider=Mlx5 speed=200000 context=0x69c07580 pciPath=/sys/devices/pci0000:c0/0000:c0:01.1/0000:c1:00.0 ar=0
gpu-nodes-0:5321:5321 [1] NCCL INFO NET/IB: [11] mlx5_11:uverbs11:1/RoCE provider=Mlx5 speed=200000 context=0x69c49960 pciPath=/sys/devices/pci0000:c0/0000:c0:01.1/0000:c1:00.0 ar=0
gpu-nodes-0:5321:5321 [1] NCCL INFO NET/IB: [12] mlx5_12:uverbs12:1/IB provider=Mlx5 speed=400000 context=0x69c8bd40 pciPath=/sys/devices/pci0000:e0/0000:e0:01.1/0000:e1:00.0/0000:e2:01.0/0000:e4:00.0 ar=1
gpu-nodes-0:5321:5321 [1] NCCL INFO NET/IB: [13] mlx5_13:uverbs13:1/IB provider=Mlx5 speed=400000 context=0x69cce120 pciPath=/sys/devices/pci0000:90/0000:90:01.1/0000:91:00.0/0000:92:01.0/0000:94:00.0 ar=1
gpu-nodes-0:5321:5321 [1] NCCL INFO NET/IB : Made virtual device [0] name=mlx5_1 speed=400000 ndevs=1
gpu-nodes-0:5321:5321 [1] NCCL INFO NET/IB : Made virtual device [1] name=mlx5_3 speed=400000 ndevs=1
gpu-nodes-0:5321:5321 [1] NCCL INFO NET/IB : Made virtual device [2] name=mlx5_2 speed=400000 ndevs=1
gpu-nodes-0:5321:5321 [1] NCCL INFO NET/IB : Made virtual device [3] name=mlx5_0 speed=400000 ndevs=1
gpu-nodes-0:5321:5321 [1] NCCL INFO NET/IB : Made virtual device [4] name=mlx5_9 speed=400000 ndevs=1
gpu-nodes-0:5321:5321 [1] NCCL INFO NET/IB : Made virtual device [5] name=mlx5_13 speed=400000 ndevs=1
gpu-nodes-0:5321:5321 [1] NCCL INFO NET/IB : Made virtual device [6] name=mlx5_10 speed=200000 ndevs=1
gpu-nodes-0:5321:5321 [1] NCCL INFO NET/IB : Made virtual device [7] name=mlx5_11 speed=200000 ndevs=1
gpu-nodes-0:5321:5321 [1] NCCL INFO NET/IB : Made virtual device [8] name=mlx5_5 speed=100000 ndevs=1
gpu-nodes-0:5321:5321 [1] NCCL INFO NET/IB : Made virtual device [9] name=mlx5_6 speed=100000 ndevs=1
gpu-nodes-0:5321:5321 [1] NCCL INFO NET/IB : Made virtual device [10] name=mlx5_7 speed=100000 ndevs=1
gpu-nodes-0:5321:5321 [1] NCCL INFO NET/IB : Made virtual device [11] name=mlx5_8 speed=100000 ndevs=1
gpu-nodes-0:5321:5321 [1] NCCL INFO NET/IB : Made virtual device [12] name=mlx5_12 speed=400000 ndevs=1
gpu-nodes-0:5321:5321 [1] NCCL INFO NET/IB : Made virtual device [13] name=mlx5_4 speed=400000 ndevs=1
gpu-nodes-0:5321:5321 [1] NCCL INFO NET/IB : Using [0]mlx5_1:1/IB [1]mlx5_3:1/IB [2]mlx5_2:1/IB [3]mlx5_0:1/IB [4]mlx5_9:1/IB [5]mlx5_13:1/IB [6]mlx5_10:1/RoCE [7]mlx5_11:1/RoCE [8]mlx5_5:1/IB [9]mlx5_6:1/IB [10]mlx5_7:1/IB [11]mlx5_8:1/IB [12]mlx5_12:1/IB [13]mlx5_4:1/IB [RO]; OOB eth0:10.244.18.139<0>
gpu-nodes-0:5321:5321 [1] NCCL INFO Initialized NET plugin IB
gpu-nodes-0:5321:5321 [1] NCCL INFO Assigned NET plugin IB to comm
gpu-nodes-0:5321:5321 [1] NCCL INFO GIN/Plugin: Could not find: libnccl-gin.so
gpu-nodes-0:5321:5321 [1] NCCL INFO Assigned GIN plugin GIN_IB_GDAKI to comm
gpu-nodes-0:5321:5321 [1] NCCL INFO Assigned RMA plugin GIN_IB_PROXY to comm
gpu-nodes-0:5321:5321 [1] NCCL INFO Using network IB
gpu-nodes-0:5321:5321 [1] NCCL INFO DMA-BUF is available on GPU device 1
gpu-nodes-0:5321:5321 [1] NCCL INFO [Rank 9] ncclCommInitRankConfig comm 0x62b0c840 rank 9 nranks 16 cudaDev 1 nvmlDev 1 busId 13000 commId 0x7a3fc21148fd46b2 - Init START
gpu-nodes-0:5321:5321 [1] NCCL INFO RAS client listening socket at ::1<28028>
gpu-nodes-0:5321:5321 [1] NCCL INFO MNNVL busId 0x13000 fabric UUID 0.0 cliqueId 0x0 state 3 healthMask 0x80
gpu-nodes-0:5321:5321 [1] NCCL INFO Could not find real path of /sys/class/pci_bus/fffffff/../../fffffff:ff:f
gpu-nodes-0:5321:5321 [1] NCCL INFO TOPO/NET : Importing network plugins to topology
gpu-nodes-0:5321:5321 [1] NCCL INFO NET/GIN_IB_GDAKI : GPU Direct RDMA Enabled for HCA 0 'mlx5_1'
gpu-nodes-0:5321:5321 [1] NCCL INFO ncclTopoPopulateNics : Filled mlx5_1 in topo with pciPath=/sys/devices/pci0000:00/0000:00:01.1/0000:01:00.0/0000:02:01.0/0000:04:00.0 net=0 gin=1 keep=1 coll=(null)
gpu-nodes-0:5321:5321 [1] NCCL INFO NET/GIN_IB_GDAKI : GPU Direct RDMA Enabled for HCA 1 'mlx5_3'
gpu-nodes-0:5321:5321 [1] NCCL INFO ncclTopoPopulateNics : Filled mlx5_3 in topo with pciPath=/sys/devices/pci0000:10/0000:10:01.1/0000:11:00.0/0000:12:01.0/0000:14:00.0 net=0 gin=1 keep=1 coll=(null)
gpu-nodes-0:5321:5321 [1] NCCL INFO NET/GIN_IB_GDAKI : GPU Direct RDMA Enabled for HCA 2 'mlx5_2'
gpu-nodes-0:5321:5321 [1] NCCL INFO ncclTopoPopulateNics : Filled mlx5_2 in topo with pciPath=/sys/devices/pci0000:60/0000:60:01.1/0000:61:00.0/0000:62:01.0/0000:64:00.0 net=0 gin=1 keep=1 coll=(null)
gpu-nodes-0:5321:5321 [1] NCCL INFO NET/GIN_IB_GDAKI : GPU Direct RDMA Enabled for HCA 3 'mlx5_0'
gpu-nodes-0:5321:5321 [1] NCCL INFO ncclTopoPopulateNics : Filled mlx5_0 in topo with pciPath=/sys/devices/pci0000:70/0000:70:01.1/0000:71:00.0/0000:72:01.0/0000:74:00.0 net=0 gin=1 keep=1 coll=(null)
gpu-nodes-0:5321:5321 [1] NCCL INFO NET/GIN_IB_GDAKI : GPU Direct RDMA Enabled for HCA 4 'mlx5_9'
gpu-nodes-0:5321:5321 [1] NCCL INFO ncclTopoPopulateNics : Filled mlx5_9 in topo with pciPath=/sys/devices/pci0000:80/0000:80:01.1/0000:81:00.0/0000:82:01.0/0000:84:00.0 net=0 gin=1 keep=1 coll=(null)
gpu-nodes-0:5321:5321 [1] NCCL INFO NET/GIN_IB_GDAKI : GPU Direct RDMA Enabled for HCA 5 'mlx5_13'
gpu-nodes-0:5321:5321 [1] NCCL INFO ncclTopoPopulateNics : Filled mlx5_13 in topo with pciPath=/sys/devices/pci0000:90/0000:90:01.1/0000:91:00.0/0000:92:01.0/0000:94:00.0 net=0 gin=1 keep=1 coll=(null)
gpu-nodes-0:5321:5321 [1] NCCL INFO NET/GIN_IB_GDAKI : GPU Direct RDMA Enabled for HCA 6 'mlx5_10'
gpu-nodes-0:5321:5321 [1] NCCL INFO ncclTopoPopulateNics : Filled mlx5_10 in topo with pciPath=/sys/devices/pci0000:c0/0000:c0:01.1/0000:c1:00.0 net=0 gin=1 keep=1 coll=(null)
gpu-nodes-0:5321:5321 [1] NCCL INFO NET/GIN_IB_GDAKI : GPU Direct RDMA Enabled for HCA 7 'mlx5_11'
gpu-nodes-0:5321:5321 [1] NCCL INFO ncclTopoPopulateNics : Filled mlx5_11 in topo with pciPath=/sys/devices/pci0000:c0/0000:c0:01.1/0000:c1:00.0 net=0 gin=1 keep=1 coll=(null)
gpu-nodes-0:5321:5321 [1] NCCL INFO NET/GIN_IB_GDAKI : GPU Direct RDMA Enabled for HCA 8 'mlx5_5'
gpu-nodes-0:5321:5321 [1] NCCL INFO ncclTopoPopulateNics : Filled mlx5_5 in topo with pciPath=/sys/devices/pci0000:d0/0000:d0:03.3/0000:d2:00.0 net=0 gin=1 keep=1 coll=(null)
gpu-nodes-0:5321:5321 [1] NCCL INFO NET/GIN_IB_GDAKI : GPU Direct RDMA Enabled for HCA 9 'mlx5_6'
gpu-nodes-0:5321:5321 [1] NCCL INFO ncclTopoPopulateNics : Filled mlx5_6 in topo with pciPath=/sys/devices/pci0000:d0/0000:d0:03.3/0000:d2:00.0 net=0 gin=1 keep=1 coll=(null)
gpu-nodes-0:5321:5321 [1] NCCL INFO NET/GIN_IB_GDAKI : GPU Direct RDMA Enabled for HCA 10 'mlx5_7'
gpu-nodes-0:5321:5321 [1] NCCL INFO ncclTopoPopulateNics : Filled mlx5_7 in topo with pciPath=/sys/devices/pci0000:d0/0000:d0:03.3/0000:d2:00.0 net=0 gin=1 keep=1 coll=(null)
gpu-nodes-0:5321:5321 [1] NCCL INFO NET/GIN_IB_GDAKI : GPU Direct RDMA Enabled for HCA 11 'mlx5_8'
gpu-nodes-0:5321:5321 [1] NCCL INFO ncclTopoPopulateNics : Filled mlx5_8 in topo with pciPath=/sys/devices/pci0000:d0/0000:d0:03.3/0000:d2:00.0 net=0 gin=1 keep=1 coll=(null)
gpu-nodes-0:5321:5321 [1] NCCL INFO NET/GIN_IB_GDAKI : GPU Direct RDMA Enabled for HCA 12 'mlx5_12'
gpu-nodes-0:5321:5321 [1] NCCL INFO ncclTopoPopulateNics : Filled mlx5_12 in topo with pciPath=/sys/devices/pci0000:e0/0000:e0:01.1/0000:e1:00.0/0000:e2:01.0/0000:e4:00.0 net=0 gin=1 keep=1 coll=(null)
gpu-nodes-0:5321:5321 [1] NCCL INFO NET/GIN_IB_GDAKI : GPU Direct RDMA Enabled for HCA 13 'mlx5_4'
gpu-nodes-0:5321:5321 [1] NCCL INFO ncclTopoPopulateNics : Filled mlx5_4 in topo with pciPath=/sys/devices/pci0000:f0/0000:f0:01.1/0000:f1:00.0/0000:f2:01.0/0000:f4:00.0 net=0 gin=1 keep=1 coll=(null)
gpu-nodes-0:5321:5321 [1] NCCL INFO NET/IB : GPU Direct RDMA Enabled for HCA 0 'mlx5_1'
gpu-nodes-0:5321:5321 [1] NCCL INFO ncclTopoPopulateNics : Filled mlx5_1 in topo with pciPath=/sys/devices/pci0000:00/0000:00:01.1/0000:01:00.0/0000:02:01.0/0000:04:00.0 net=1 gin=1 keep=1 coll=(null)
gpu-nodes-0:5321:5321 [1] NCCL INFO NET/IB : GPU Direct RDMA Enabled for HCA 1 'mlx5_3'
gpu-nodes-0:5321:5321 [1] NCCL INFO ncclTopoPopulateNics : Filled mlx5_3 in topo with pciPath=/sys/devices/pci0000:10/0000:10:01.1/0000:11:00.0/0000:12:01.0/0000:14:00.0 net=1 gin=1 keep=1 coll=(null)
gpu-nodes-0:5321:5321 [1] NCCL INFO NET/IB : GPU Direct RDMA Enabled for HCA 2 'mlx5_2'
gpu-nodes-0:5321:5321 [1] NCCL INFO ncclTopoPopulateNics : Filled mlx5_2 in topo with pciPath=/sys/devices/pci0000:60/0000:60:01.1/0000:61:00.0/0000:62:01.0/0000:64:00.0 net=1 gin=1 keep=1 coll=(null)
gpu-nodes-0:5321:5321 [1] NCCL INFO NET/IB : GPU Direct RDMA Enabled for HCA 3 'mlx5_0'
gpu-nodes-0:5321:5321 [1] NCCL INFO ncclTopoPopulateNics : Filled mlx5_0 in topo with pciPath=/sys/devices/pci0000:70/0000:70:01.1/0000:71:00.0/0000:72:01.0/0000:74:00.0 net=1 gin=1 keep=1 coll=(null)
gpu-nodes-0:5321:5321 [1] NCCL INFO NET/IB : GPU Direct RDMA Enabled for HCA 4 'mlx5_9'
gpu-nodes-0:5321:5321 [1] NCCL INFO ncclTopoPopulateNics : Filled mlx5_9 in topo with pciPath=/sys/devices/pci0000:80/0000:80:01.1/0000:81:00.0/0000:82:01.0/0000:84:00.0 net=1 gin=1 keep=1 coll=(null)
gpu-nodes-0:5321:5321 [1] NCCL INFO NET/IB : GPU Direct RDMA Enabled for HCA 5 'mlx5_13'
gpu-nodes-0:5321:5321 [1] NCCL INFO ncclTopoPopulateNics : Filled mlx5_13 in topo with pciPath=/sys/devices/pci0000:90/0000:90:01.1/0000:91:00.0/0000:92:01.0/0000:94:00.0 net=1 gin=1 keep=1 coll=(null)
gpu-nodes-0:5321:5321 [1] NCCL INFO NET/IB : GPU Direct RDMA Enabled for HCA 6 'mlx5_10'
gpu-nodes-0:5321:5321 [1] NCCL INFO ncclTopoPopulateNics : Filled mlx5_10 in topo with pciPath=/sys/devices/pci0000:c0/0000:c0:01.1/0000:c1:00.0 net=1 gin=1 keep=1 coll=(null)
gpu-nodes-0:5321:5321 [1] NCCL INFO NET/IB : GPU Direct RDMA Enabled for HCA 7 'mlx5_11'
gpu-nodes-0:5321:5321 [1] NCCL INFO ncclTopoPopulateNics : Filled mlx5_11 in topo with pciPath=/sys/devices/pci0000:c0/0000:c0:01.1/0000:c1:00.0 net=1 gin=1 keep=1 coll=(null)
gpu-nodes-0:5321:5321 [1] NCCL INFO NET/IB : GPU Direct RDMA Enabled for HCA 8 'mlx5_5'
gpu-nodes-0:5321:5321 [1] NCCL INFO ncclTopoPopulateNics : Filled mlx5_5 in topo with pciPath=/sys/devices/pci0000:d0/0000:d0:03.3/0000:d2:00.0 net=1 gin=1 keep=1 coll=(null)
gpu-nodes-0:5321:5321 [1] NCCL INFO NET/IB : GPU Direct RDMA Enabled for HCA 9 'mlx5_6'
gpu-nodes-0:5321:5321 [1] NCCL INFO ncclTopoPopulateNics : Filled mlx5_6 in topo with pciPath=/sys/devices/pci0000:d0/0000:d0:03.3/0000:d2:00.0 net=1 gin=1 keep=1 coll=(null)
gpu-nodes-0:5321:5321 [1] NCCL INFO NET/IB : GPU Direct RDMA Enabled for HCA 10 'mlx5_7'
gpu-nodes-0:5321:5321 [1] NCCL INFO ncclTopoPopulateNics : Filled mlx5_7 in topo with pciPath=/sys/devices/pci0000:d0/0000:d0:03.3/0000:d2:00.0 net=1 gin=1 keep=1 coll=(null)
gpu-nodes-0:5321:5321 [1] NCCL INFO NET/IB : GPU Direct RDMA Enabled for HCA 11 'mlx5_8'
gpu-nodes-0:5321:5321 [1] NCCL INFO ncclTopoPopulateNics : Filled mlx5_8 in topo with pciPath=/sys/devices/pci0000:d0/0000:d0:03.3/0000:d2:00.0 net=1 gin=1 keep=1 coll=(null)
gpu-nodes-0:5321:5321 [1] NCCL INFO NET/IB : GPU Direct RDMA Enabled for HCA 12 'mlx5_12'
gpu-nodes-0:5321:5321 [1] NCCL INFO ncclTopoPopulateNics : Filled mlx5_12 in topo with pciPath=/sys/devices/pci0000:e0/0000:e0:01.1/0000:e1:00.0/0000:e2:01.0/0000:e4:00.0 net=1 gin=1 keep=1 coll=(null)
gpu-nodes-0:5321:5321 [1] NCCL INFO NET/IB : GPU Direct RDMA Enabled for HCA 13 'mlx5_4'
gpu-nodes-0:5321:5321 [1] NCCL INFO ncclTopoPopulateNics : Filled mlx5_4 in topo with pciPath=/sys/devices/pci0000:f0/0000:f0:01.1/0000:f1:00.0/0000:f2:01.0/0000:f4:00.0 net=1 gin=1 keep=1 coll=(null)
gpu-nodes-0:5321:5321 [1] NCCL INFO NET/IB : Made virtual device [14] name=mlx5_10+mlx5_11 speed=400000 ndevs=2
gpu-nodes-0:5321:5321 [1] NCCL INFO TOPO/NET : Made vNic 14
gpu-nodes-0:5321:5321 [1] NCCL INFO NET/IB : Made virtual device [15] name=mlx5_5+mlx5_6+mlx5_7+mlx5_8 speed=400000 ndevs=4
gpu-nodes-0:5321:5321 [1] NCCL INFO TOPO/NET : Made vNic 15
gpu-nodes-0:5321:5321 [1] NCCL INFO NET/IB : GPU Direct RDMA Enabled for HCA 14 'mlx5_10+mlx5_11'
gpu-nodes-0:5321:5321 [1] NCCL INFO ncclTopoPopulateNics : Filled mlx5_10+mlx5_11 in topo with pciPath=/sys/devices/pci0000:c0/0000:c0:01.1/0000:c1:00.0 net=1 gin=(null) keep=1 coll=(null)
gpu-nodes-0:5321:5321 [1] NCCL INFO NET/IB : GPU Direct RDMA Enabled for HCA 15 'mlx5_5+mlx5_6+mlx5_7+mlx5_8'
gpu-nodes-0:5321:5321 [1] NCCL INFO ncclTopoPopulateNics : Filled mlx5_5+mlx5_6+mlx5_7+mlx5_8 in topo with pciPath=/sys/devices/pci0000:d0/0000:d0:03.3/0000:d2:00.0 net=1 gin=(null) keep=1 coll=(null)
gpu-nodes-0:5321:5321 [1] NCCL INFO GPU Direct RDMA Enabled for GPU/0-12288 (rank 8) - NET/0-0 (distance 4 <= 6, read 0, mode Default)
gpu-nodes-0:5321:5321 [1] NCCL INFO GPU Direct RDMA Enabled for GPU/0-77824 (rank 9) - NET/0-0 ( using PXN via GPU/0-12288, distance 4 <= 6, read 0, mode Default)
gpu-nodes-0:5321:5321 [1] NCCL INFO GPU Direct RDMA Enabled for GPU/0-405504 (rank 10) - NET/0-0 ( using PXN via GPU/0-12288, distance 4 <= 6, read 0, mode Default)
gpu-nodes-0:5321:5321 [1] NCCL INFO GPU Direct RDMA Enabled for GPU/0-471040 (rank 11) - NET/0-0 ( using PXN via GPU/0-12288, distance 4 <= 6, read 0, mode Default)
gpu-nodes-0:5321:5321 [1] NCCL INFO GPU Direct RDMA Enabled for GPU/0-536576 (rank 12) - NET/0-0 ( using PXN via GPU/0-12288, distance 4 <= 6, read 0, mode Default)
gpu-nodes-0:5321:5321 [1] NCCL INFO GPU Direct RDMA Enabled for GPU/0-602112 (rank 13) - NET/0-0 ( using PXN via GPU/0-12288, distance 4 <= 6, read 0, mode Default)
gpu-nodes-0:5321:5321 [1] NCCL INFO GPU Direct RDMA Enabled for GPU/0-929792 (rank 14) - NET/0-0 ( using PXN via GPU/0-12288, distance 4 <= 6, read 0, mode Default)
gpu-nodes-0:5321:5321 [1] NCCL INFO GPU Direct RDMA Enabled for GPU/0-995328 (rank 15) - NET/0-0 ( using PXN via GPU/0-12288, distance 4 <= 6, read 0, mode Default)
gpu-nodes-0:5321:5321 [1] NCCL INFO GPU Direct RDMA Enabled for GPU/0-12288 (rank 8) - NET/0-1 ( using PXN via GPU/0-77824, distance 4 <= 6, read 0, mode Default)
gpu-nodes-0:5321:5321 [1] NCCL INFO GPU Direct RDMA Enabled for GPU/0-77824 (rank 9) - NET/0-1 (distance 4 <= 6, read 0, mode Default)
gpu-nodes-0:5321:5321 [1] NCCL INFO GPU Direct RDMA Enabled for GPU/0-405504 (rank 10) - NET/0-1 ( using PXN via GPU/0-77824, distance 4 <= 6, read 0, mode Default)
gpu-nodes-0:5321:5321 [1] NCCL INFO GPU Direct RDMA Enabled for GPU/0-471040 (rank 11) - NET/0-1 ( using PXN via GPU/0-77824, distance 4 <= 6, read 0, mode Default)
gpu-nodes-0:5321:5321 [1] NCCL INFO GPU Direct RDMA Enabled for GPU/0-536576 (rank 12) - NET/0-1 ( using PXN via GPU/0-77824, distance 4 <= 6, read 0, mode Default)
gpu-nodes-0:5321:5321 [1] NCCL INFO GPU Direct RDMA Enabled for GPU/0-602112 (rank 13) - NET/0-1 ( using PXN via GPU/0-77824, distance 4 <= 6, read 0, mode Default)
gpu-nodes-0:5321:5321 [1] NCCL INFO GPU Direct RDMA Enabled for GPU/0-929792 (rank 14) - NET/0-1 ( using PXN via GPU/0-77824, distance 4 <= 6, read 0, mode Default)
gpu-nodes-0:5321:5321 [1] NCCL INFO GPU Direct RDMA Enabled for GPU/0-995328 (rank 15) - NET/0-1 ( using PXN via GPU/0-77824, distance 4 <= 6, read 0, mode Default)
gpu-nodes-0:5321:5321 [1] NCCL INFO GPU Direct RDMA Enabled for GPU/0-12288 (rank 8) - NET/0-2 ( using PXN via GPU/0-405504, distance 4 <= 6, read 0, mode Default)
gpu-nodes-0:5321:5321 [1] NCCL INFO GPU Direct RDMA Enabled for GPU/0-77824 (rank 9) - NET/0-2 ( using PXN via GPU/0-405504, distance 4 <= 6, read 0, mode Default)
gpu-nodes-0:5321:5321 [1] NCCL INFO GPU Direct RDMA Enabled for GPU/0-405504 (rank 10) - NET/0-2 (distance 4 <= 6, read 0, mode Default)
gpu-nodes-0:5321:5321 [1] NCCL INFO GPU Direct RDMA Enabled for GPU/0-471040 (rank 11) - NET/0-2 ( using PXN via GPU/0-405504, distance 4 <= 6, read 0, mode Default)
gpu-nodes-0:5321:5321 [1] NCCL INFO GPU Direct RDMA Enabled for GPU/0-536576 (rank 12) - NET/0-2 ( using PXN via GPU/0-405504, distance 4 <= 6, read 0, mode Default)
gpu-nodes-0:5321:5321 [1] NCCL INFO GPU Direct RDMA Enabled for GPU/0-602112 (rank 13) - NET/0-2 ( using PXN via GPU/0-405504, distance 4 <= 6, read 0, mode Default)
gpu-nodes-0:5321:5321 [1] NCCL INFO GPU Direct RDMA Enabled for GPU/0-929792 (rank 14) - NET/0-2 ( using PXN via GPU/0-405504, distance 4 <= 6, read 0, mode Default)
gpu-nodes-0:5321:5321 [1] NCCL INFO GPU Direct RDMA Enabled for GPU/0-995328 (rank 15) - NET/0-2 ( using PXN via GPU/0-405504, distance 4 <= 6, read 0, mode Default)
gpu-nodes-0:5321:5321 [1] NCCL INFO GPU Direct RDMA Enabled for GPU/0-12288 (rank 8) - NET/0-3 ( using PXN via GPU/0-471040, distance 4 <= 6, read 0, mode Default)
gpu-nodes-0:5321:5321 [1] NCCL INFO GPU Direct RDMA Enabled for GPU/0-77824 (rank 9) - NET/0-3 ( using PXN via GPU/0-471040, distance 4 <= 6, read 0, mode Default)
gpu-nodes-0:5321:5321 [1] NCCL INFO GPU Direct RDMA Enabled for GPU/0-405504 (rank 10) - NET/0-3 ( using PXN via GPU/0-471040, distance 4 <= 6, read 0, mode Default)
gpu-nodes-0:5321:5321 [1] NCCL INFO GPU Direct RDMA Enabled for GPU/0-471040 (rank 11) - NET/0-3 (distance 4 <= 6, read 0, mode Default)
gpu-nodes-0:5321:5321 [1] NCCL INFO GPU Direct RDMA Enabled for GPU/0-536576 (rank 12) - NET/0-3 ( using PXN via GPU/0-471040, distance 4 <= 6, read 0, mode Default)
gpu-nodes-0:5321:5321 [1] NCCL INFO GPU Direct RDMA Enabled for GPU/0-602112 (rank 13) - NET/0-3 ( using PXN via GPU/0-471040, distance 4 <= 6, read 0, mode Default)
gpu-nodes-0:5321:5321 [1] NCCL INFO GPU Direct RDMA Enabled for GPU/0-929792 (rank 14) - NET/0-3 ( using PXN via GPU/0-471040, distance 4 <= 6, read 0, mode Default)
gpu-nodes-0:5321:5321 [1] NCCL INFO GPU Direct RDMA Enabled for GPU/0-995328 (rank 15) - NET/0-3 ( using PXN via GPU/0-471040, distance 4 <= 6, read 0, mode Default)
gpu-nodes-0:5321:5321 [1] NCCL INFO GPU Direct RDMA Enabled for GPU/0-12288 (rank 8) - NET/0-4 ( using PXN via GPU/0-536576, distance 4 <= 6, read 0, mode Default)
gpu-nodes-0:5321:5321 [1] NCCL INFO GPU Direct RDMA Enabled for GPU/0-77824 (rank 9) - NET/0-4 ( using PXN via GPU/0-536576, distance 4 <= 6, read 0, mode Default)
gpu-nodes-0:5321:5321 [1] NCCL INFO GPU Direct RDMA Enabled for GPU/0-405504 (rank 10) - NET/0-4 ( using PXN via GPU/0-536576, distance 4 <= 6, read 0, mode Default)
gpu-nodes-0:5321:5321 [1] NCCL INFO GPU Direct RDMA Enabled for GPU/0-471040 (rank 11) - NET/0-4 ( using PXN via GPU/0-536576, distance 4 <= 6, read 0, mode Default)
gpu-nodes-0:5321:5321 [1] NCCL INFO GPU Direct RDMA Enabled for GPU/0-536576 (rank 12) - NET/0-4 (distance 4 <= 6, read 0, mode Default)
gpu-nodes-0:5321:5321 [1] NCCL INFO GPU Direct RDMA Enabled for GPU/0-602112 (rank 13) - NET/0-4 ( using PXN via GPU/0-536576, distance 4 <= 6, read 0, mode Default)
gpu-nodes-0:5321:5321 [1] NCCL INFO GPU Direct RDMA Enabled for GPU/0-929792 (rank 14) - NET/0-4 ( using PXN via GPU/0-536576, distance 4 <= 6, read 0, mode Default)
gpu-nodes-0:5321:5321 [1] NCCL INFO GPU Direct RDMA Enabled for GPU/0-995328 (rank 15) - NET/0-4 ( using PXN via GPU/0-536576, distance 4 <= 6, read 0, mode Default)
gpu-nodes-0:5321:5321 [1] NCCL INFO GPU Direct RDMA Enabled for GPU/0-12288 (rank 8) - NET/0-5 ( using PXN via GPU/0-602112, distance 4 <= 6, read 0, mode Default)
gpu-nodes-0:5321:5321 [1] NCCL INFO GPU Direct RDMA Enabled for GPU/0-77824 (rank 9) - NET/0-5 ( using PXN via GPU/0-602112, distance 4 <= 6, read 0, mode Default)
gpu-nodes-0:5321:5321 [1] NCCL INFO GPU Direct RDMA Enabled for GPU/0-405504 (rank 10) - NET/0-5 ( using PXN via GPU/0-602112, distance 4 <= 6, read 0, mode Default)
gpu-nodes-0:5321:5321 [1] NCCL INFO GPU Direct RDMA Enabled for GPU/0-471040 (rank 11) - NET/0-5 ( using PXN via GPU/0-602112, distance 4 <= 6, read 0, mode Default)
gpu-nodes-0:5321:5321 [1] NCCL INFO GPU Direct RDMA Enabled for GPU/0-536576 (rank 12) - NET/0-5 ( using PXN via GPU/0-602112, distance 4 <= 6, read 0, mode Default)
gpu-nodes-0:5321:5321 [1] NCCL INFO GPU Direct RDMA Enabled for GPU/0-602112 (rank 13) - NET/0-5 (distance 4 <= 6, read 0, mode Default)
gpu-nodes-0:5321:5321 [1] NCCL INFO GPU Direct RDMA Enabled for GPU/0-929792 (rank 14) - NET/0-5 ( using PXN via GPU/0-602112, distance 4 <= 6, read 0, mode Default)
gpu-nodes-0:5321:5321 [1] NCCL INFO GPU Direct RDMA Enabled for GPU/0-995328 (rank 15) - NET/0-5 ( using PXN via GPU/0-602112, distance 4 <= 6, read 0, mode Default)
gpu-nodes-0:5321:5321 [1] NCCL INFO GPU Direct RDMA Enabled for GPU/0-12288 (rank 8) - NET/0-12 ( using PXN via GPU/0-929792, distance 4 <= 6, read 0, mode Default)
gpu-nodes-0:5321:5321 [1] NCCL INFO GPU Direct RDMA Enabled for GPU/0-77824 (rank 9) - NET/0-12 ( using PXN via GPU/0-929792, distance 4 <= 6, read 0, mode Default)
gpu-nodes-0:5321:5321 [1] NCCL INFO GPU Direct RDMA Enabled for GPU/0-405504 (rank 10) - NET/0-12 ( using PXN via GPU/0-929792, distance 4 <= 6, read 0, mode Default)
gpu-nodes-0:5321:5321 [1] NCCL INFO GPU Direct RDMA Enabled for GPU/0-471040 (rank 11) - NET/0-12 ( using PXN via GPU/0-929792, distance 4 <= 6, read 0, mode Default)
gpu-nodes-0:5321:5321 [1] NCCL INFO GPU Direct RDMA Enabled for GPU/0-536576 (rank 12) - NET/0-12 ( using PXN via GPU/0-929792, distance 4 <= 6, read 0, mode Default)
gpu-nodes-0:5321:5321 [1] NCCL INFO GPU Direct RDMA Enabled for GPU/0-602112 (rank 13) - NET/0-12 ( using PXN via GPU/0-929792, distance 4 <= 6, read 0, mode Default)
gpu-nodes-0:5321:5321 [1] NCCL INFO GPU Direct RDMA Enabled for GPU/0-929792 (rank 14) - NET/0-12 (distance 4 <= 6, read 0, mode Default)
gpu-nodes-0:5321:5321 [1] NCCL INFO GPU Direct RDMA Enabled for GPU/0-995328 (rank 15) - NET/0-12 ( using PXN via GPU/0-929792, distance 4 <= 6, read 0, mode Default)
gpu-nodes-0:5321:5321 [1] NCCL INFO GPU Direct RDMA Enabled for GPU/0-12288 (rank 8) - NET/0-13 ( using PXN via GPU/0-995328, distance 4 <= 6, read 0, mode Default)
gpu-nodes-0:5321:5321 [1] NCCL INFO GPU Direct RDMA Enabled for GPU/0-77824 (rank 9) - NET/0-13 ( using PXN via GPU/0-995328, distance 4 <= 6, read 0, mode Default)
gpu-nodes-0:5321:5321 [1] NCCL INFO GPU Direct RDMA Enabled for GPU/0-405504 (rank 10) - NET/0-13 ( using PXN via GPU/0-995328, distance 4 <= 6, read 0, mode Default)
gpu-nodes-0:5321:5321 [1] NCCL INFO GPU Direct RDMA Enabled for GPU/0-471040 (rank 11) - NET/0-13 ( using PXN via GPU/0-995328, distance 4 <= 6, read 0, mode Default)
gpu-nodes-0:5321:5321 [1] NCCL INFO GPU Direct RDMA Enabled for GPU/0-536576 (rank 12) - NET/0-13 ( using PXN via GPU/0-995328, distance 4 <= 6, read 0, mode Default)
gpu-nodes-0:5321:5321 [1] NCCL INFO GPU Direct RDMA Enabled for GPU/0-602112 (rank 13) - NET/0-13 ( using PXN via GPU/0-995328, distance 4 <= 6, read 0, mode Default)
gpu-nodes-0:5321:5321 [1] NCCL INFO GPU Direct RDMA Enabled for GPU/0-929792 (rank 14) - NET/0-13 ( using PXN via GPU/0-995328, distance 4 <= 6, read 0, mode Default)
gpu-nodes-0:5321:5321 [1] NCCL INFO GPU Direct RDMA Enabled for GPU/0-995328 (rank 15) - NET/0-13 (distance 4 <= 6, read 0, mode Default)
gpu-nodes-0:5321:5321 [1] NCCL INFO GPU Direct RDMA Enabled for GPU/0-12288 (rank 8) - NET/0-0 (distance 4 <= 6, read 0, mode Default)
gpu-nodes-0:5321:5321 [1] NCCL INFO GPU Direct RDMA Enabled for GPU/0-77824 (rank 9) - NET/0-0 ( using PXN via GPU/0-12288, distance 4 <= 6, read 0, mode Default)
gpu-nodes-0:5321:5321 [1] NCCL INFO GPU Direct RDMA Enabled for GPU/0-405504 (rank 10) - NET/0-0 ( using PXN via GPU/0-12288, distance 4 <= 6, read 0, mode Default)
gpu-nodes-0:5321:5321 [1] NCCL INFO GPU Direct RDMA Enabled for GPU/0-471040 (rank 11) - NET/0-0 ( using PXN via GPU/0-12288, distance 4 <= 6, read 0, mode Default)
gpu-nodes-0:5321:5321 [1] NCCL INFO GPU Direct RDMA Enabled for GPU/0-536576 (rank 12) - NET/0-0 ( using PXN via GPU/0-12288, distance 4 <= 6, read 0, mode Default)
gpu-nodes-0:5321:5321 [1] NCCL INFO GPU Direct RDMA Enabled for GPU/0-602112 (rank 13) - NET/0-0 ( using PXN via GPU/0-12288, distance 4 <= 6, read 0, mode Default)
gpu-nodes-0:5321:5321 [1] NCCL INFO GPU Direct RDMA Enabled for GPU/0-929792 (rank 14) - NET/0-0 ( using PXN via GPU/0-12288, distance 4 <= 6, read 0, mode Default)
gpu-nodes-0:5321:5321 [1] NCCL INFO GPU Direct RDMA Enabled for GPU/0-995328 (rank 15) - NET/0-0 ( using PXN via GPU/0-12288, distance 4 <= 6, read 0, mode Default)
gpu-nodes-0:5321:5321 [1] NCCL INFO GPU Direct RDMA Enabled for GPU/0-12288 (rank 8) - NET/0-1 ( using PXN via GPU/0-77824, distance 4 <= 6, read 0, mode Default)
gpu-nodes-0:5321:5321 [1] NCCL INFO GPU Direct RDMA Enabled for GPU/0-77824 (rank 9) - NET/0-1 (distance 4 <= 6, read 0, mode Default)
gpu-nodes-0:5321:5321 [1] NCCL INFO GPU Direct RDMA Enabled for GPU/0-405504 (rank 10) - NET/0-1 ( using PXN via GPU/0-77824, distance 4 <= 6, read 0, mode Default)
gpu-nodes-0:5321:5321 [1] NCCL INFO GPU Direct RDMA Enabled for GPU/0-471040 (rank 11) - NET/0-1 ( using PXN via GPU/0-77824, distance 4 <= 6, read 0, mode Default)
gpu-nodes-0:5321:5321 [1] NCCL INFO GPU Direct RDMA Enabled for GPU/0-536576 (rank 12) - NET/0-1 ( using PXN via GPU/0-77824, distance 4 <= 6, read 0, mode Default)
gpu-nodes-0:5321:5321 [1] NCCL INFO GPU Direct RDMA Enabled for GPU/0-602112 (rank 13) - NET/0-1 ( using PXN via GPU/0-77824, distance 4 <= 6, read 0, mode Default)
gpu-nodes-0:5321:5321 [1] NCCL INFO GPU Direct RDMA Enabled for GPU/0-929792 (rank 14) - NET/0-1 ( using PXN via GPU/0-77824, distance 4 <= 6, read 0, mode Default)
gpu-nodes-0:5321:5321 [1] NCCL INFO GPU Direct RDMA Enabled for GPU/0-995328 (rank 15) - NET/0-1 ( using PXN via GPU/0-77824, distance 4 <= 6, read 0, mode Default)
gpu-nodes-0:5321:5321 [1] NCCL INFO GPU Direct RDMA Enabled for GPU/0-12288 (rank 8) - NET/0-2 ( using PXN via GPU/0-405504, distance 4 <= 6, read 0, mode Default)
gpu-nodes-0:5321:5321 [1] NCCL INFO GPU Direct RDMA Enabled for GPU/0-77824 (rank 9) - NET/0-2 ( using PXN via GPU/0-405504, distance 4 <= 6, read 0, mode Default)
gpu-nodes-0:5321:5321 [1] NCCL INFO GPU Direct RDMA Enabled for GPU/0-405504 (rank 10) - NET/0-2 (distance 4 <= 6, read 0, mode Default)
gpu-nodes-0:5321:5321 [1] NCCL INFO GPU Direct RDMA Enabled for GPU/0-471040 (rank 11) - NET/0-2 ( using PXN via GPU/0-405504, distance 4 <= 6, read 0, mode Default)
gpu-nodes-0:5321:5321 [1] NCCL INFO GPU Direct RDMA Enabled for GPU/0-536576 (rank 12) - NET/0-2 ( using PXN via GPU/0-405504, distance 4 <= 6, read 0, mode Default)
gpu-nodes-0:5321:5321 [1] NCCL INFO GPU Direct RDMA Enabled for GPU/0-602112 (rank 13) - NET/0-2 ( using PXN via GPU/0-405504, distance 4 <= 6, read 0, mode Default)
gpu-nodes-0:5321:5321 [1] NCCL INFO GPU Direct RDMA Enabled for GPU/0-929792 (rank 14) - NET/0-2 ( using PXN via GPU/0-405504, distance 4 <= 6, read 0, mode Default)
gpu-nodes-0:5321:5321 [1] NCCL INFO GPU Direct RDMA Enabled for GPU/0-995328 (rank 15) - NET/0-2 ( using PXN via GPU/0-405504, distance 4 <= 6, read 0, mode Default)
gpu-nodes-0:5321:5321 [1] NCCL INFO GPU Direct RDMA Enabled for GPU/0-12288 (rank 8) - NET/0-3 ( using PXN via GPU/0-471040, distance 4 <= 6, read 0, mode Default)
gpu-nodes-0:5321:5321 [1] NCCL INFO GPU Direct RDMA Enabled for GPU/0-77824 (rank 9) - NET/0-3 ( using PXN via GPU/0-471040, distance 4 <= 6, read 0, mode Default)
gpu-nodes-0:5321:5321 [1] NCCL INFO GPU Direct RDMA Enabled for GPU/0-405504 (rank 10) - NET/0-3 ( using PXN via GPU/0-471040, distance 4 <= 6, read 0, mode Default)
gpu-nodes-0:5321:5321 [1] NCCL INFO GPU Direct RDMA Enabled for GPU/0-471040 (rank 11) - NET/0-3 (distance 4 <= 6, read 0, mode Default)
gpu-nodes-0:5321:5321 [1] NCCL INFO GPU Direct RDMA Enabled for GPU/0-536576 (rank 12) - NET/0-3 ( using PXN via GPU/0-471040, distance 4 <= 6, read 0, mode Default)
gpu-nodes-0:5321:5321 [1] NCCL INFO GPU Direct RDMA Enabled for GPU/0-602112 (rank 13) - NET/0-3 ( using PXN via GPU/0-471040, distance 4 <= 6, read 0, mode Default)
gpu-nodes-0:5321:5321 [1] NCCL INFO GPU Direct RDMA Enabled for GPU/0-929792 (rank 14) - NET/0-3 ( using PXN via GPU/0-471040, distance 4 <= 6, read 0, mode Default)
gpu-nodes-0:5321:5321 [1] NCCL INFO GPU Direct RDMA Enabled for GPU/0-995328 (rank 15) - NET/0-3 ( using PXN via GPU/0-471040, distance 4 <= 6, read 0, mode Default)
gpu-nodes-0:5321:5321 [1] NCCL INFO GPU Direct RDMA Enabled for GPU/0-12288 (rank 8) - NET/0-4 ( using PXN via GPU/0-536576, distance 4 <= 6, read 0, mode Default)
gpu-nodes-0:5321:5321 [1] NCCL INFO GPU Direct RDMA Enabled for GPU/0-77824 (rank 9) - NET/0-4 ( using PXN via GPU/0-536576, distance 4 <= 6, read 0, mode Default)
gpu-nodes-0:5321:5321 [1] NCCL INFO GPU Direct RDMA Enabled for GPU/0-405504 (rank 10) - NET/0-4 ( using PXN via GPU/0-536576, distance 4 <= 6, read 0, mode Default)
gpu-nodes-0:5321:5321 [1] NCCL INFO GPU Direct RDMA Enabled for GPU/0-471040 (rank 11) - NET/0-4 ( using PXN via GPU/0-536576, distance 4 <= 6, read 0, mode Default)
gpu-nodes-0:5321:5321 [1] NCCL INFO GPU Direct RDMA Enabled for GPU/0-536576 (rank 12) - NET/0-4 (distance 4 <= 6, read 0, mode Default)
gpu-nodes-0:5321:5321 [1] NCCL INFO GPU Direct RDMA Enabled for GPU/0-602112 (rank 13) - NET/0-4 ( using PXN via GPU/0-536576, distance 4 <= 6, read 0, mode Default)
gpu-nodes-0:5321:5321 [1] NCCL INFO GPU Direct RDMA Enabled for GPU/0-929792 (rank 14) - NET/0-4 ( using PXN via GPU/0-536576, distance 4 <= 6, read 0, mode Default)
gpu-nodes-0:5321:5321 [1] NCCL INFO GPU Direct RDMA Enabled for GPU/0-995328 (rank 15) - NET/0-4 ( using PXN via GPU/0-536576, distance 4 <= 6, read 0, mode Default)
gpu-nodes-0:5321:5321 [1] NCCL INFO GPU Direct RDMA Enabled for GPU/0-12288 (rank 8) - NET/0-5 ( using PXN via GPU/0-602112, distance 4 <= 6, read 0, mode Default)
gpu-nodes-0:5321:5321 [1] NCCL INFO GPU Direct RDMA Enabled for GPU/0-77824 (rank 9) - NET/0-5 ( using PXN via GPU/0-602112, distance 4 <= 6, read 0, mode Default)
gpu-nodes-0:5321:5321 [1] NCCL INFO GPU Direct RDMA Enabled for GPU/0-405504 (rank 10) - NET/0-5 ( using PXN via GPU/0-602112, distance 4 <= 6, read 0, mode Default)
gpu-nodes-0:5321:5321 [1] NCCL INFO GPU Direct RDMA Enabled for GPU/0-471040 (rank 11) - NET/0-5 ( using PXN via GPU/0-602112, distance 4 <= 6, read 0, mode Default)
gpu-nodes-0:5321:5321 [1] NCCL INFO GPU Direct RDMA Enabled for GPU/0-536576 (rank 12) - NET/0-5 ( using PXN via GPU/0-602112, distance 4 <= 6, read 0, mode Default)
gpu-nodes-0:5321:5321 [1] NCCL INFO GPU Direct RDMA Enabled for GPU/0-602112 (rank 13) - NET/0-5 (distance 4 <= 6, read 0, mode Default)
gpu-nodes-0:5321:5321 [1] NCCL INFO GPU Direct RDMA Enabled for GPU/0-929792 (rank 14) - NET/0-5 ( using PXN via GPU/0-602112, distance 4 <= 6, read 0, mode Default)
gpu-nodes-0:5321:5321 [1] NCCL INFO GPU Direct RDMA Enabled for GPU/0-995328 (rank 15) - NET/0-5 ( using PXN via GPU/0-602112, distance 4 <= 6, read 0, mode Default)
gpu-nodes-0:5321:5321 [1] NCCL INFO GPU Direct RDMA Enabled for GPU/0-12288 (rank 8) - NET/0-12 ( using PXN via GPU/0-929792, distance 4 <= 6, read 0, mode Default)
gpu-nodes-0:5321:5321 [1] NCCL INFO GPU Direct RDMA Enabled for GPU/0-77824 (rank 9) - NET/0-12 ( using PXN via GPU/0-929792, distance 4 <= 6, read 0, mode Default)
gpu-nodes-0:5321:5321 [1] NCCL INFO GPU Direct RDMA Enabled for GPU/0-405504 (rank 10) - NET/0-12 ( using PXN via GPU/0-929792, distance 4 <= 6, read 0, mode Default)
gpu-nodes-0:5321:5321 [1] NCCL INFO GPU Direct RDMA Enabled for GPU/0-471040 (rank 11) - NET/0-12 ( using PXN via GPU/0-929792, distance 4 <= 6, read 0, mode Default)
gpu-nodes-0:5321:5321 [1] NCCL INFO GPU Direct RDMA Enabled for GPU/0-536576 (rank 12) - NET/0-12 ( using PXN via GPU/0-929792, distance 4 <= 6, read 0, mode Default)
gpu-nodes-0:5321:5321 [1] NCCL INFO GPU Direct RDMA Enabled for GPU/0-602112 (rank 13) - NET/0-12 ( using PXN via GPU/0-929792, distance 4 <= 6, read 0, mode Default)
gpu-nodes-0:5321:5321 [1] NCCL INFO GPU Direct RDMA Enabled for GPU/0-929792 (rank 14) - NET/0-12 (distance 4 <= 6, read 0, mode Default)
gpu-nodes-0:5321:5321 [1] NCCL INFO GPU Direct RDMA Enabled for GPU/0-995328 (rank 15) - NET/0-12 ( using PXN via GPU/0-929792, distance 4 <= 6, read 0, mode Default)
gpu-nodes-0:5321:5321 [1] NCCL INFO GPU Direct RDMA Enabled for GPU/0-12288 (rank 8) - NET/0-13 ( using PXN via GPU/0-995328, distance 4 <= 6, read 0, mode Default)
gpu-nodes-0:5321:5321 [1] NCCL INFO GPU Direct RDMA Enabled for GPU/0-77824 (rank 9) - NET/0-13 ( using PXN via GPU/0-995328, distance 4 <= 6, read 0, mode Default)
gpu-nodes-0:5321:5321 [1] NCCL INFO GPU Direct RDMA Enabled for GPU/0-405504 (rank 10) - NET/0-13 ( using PXN via GPU/0-995328, distance 4 <= 6, read 0, mode Default)
gpu-nodes-0:5321:5321 [1] NCCL INFO GPU Direct RDMA Enabled for GPU/0-471040 (rank 11) - NET/0-13 ( using PXN via GPU/0-995328, distance 4 <= 6, read 0, mode Default)
gpu-nodes-0:5321:5321 [1] NCCL INFO GPU Direct RDMA Enabled for GPU/0-536576 (rank 12) - NET/0-13 ( using PXN via GPU/0-995328, distance 4 <= 6, read 0, mode Default)
gpu-nodes-0:5321:5321 [1] NCCL INFO GPU Direct RDMA Enabled for GPU/0-602112 (rank 13) - NET/0-13 ( using PXN via GPU/0-995328, distance 4 <= 6, read 0, mode Default)
gpu-nodes-0:5321:5321 [1] NCCL INFO GPU Direct RDMA Enabled for GPU/0-929792 (rank 14) - NET/0-13 ( using PXN via GPU/0-995328, distance 4 <= 6, read 0, mode Default)
gpu-nodes-0:5321:5321 [1] NCCL INFO GPU Direct RDMA Enabled for GPU/0-995328 (rank 15) - NET/0-13 (distance 4 <= 6, read 0, mode Default)
gpu-nodes-0:5321:5321 [1] NCCL INFO === System : maxBw 48.0 totalBw 721.8 ===
gpu-nodes-0:5321:5321 [1] NCCL INFO CPU/0-0 (1/2/-1)
gpu-nodes-0:5321:5321 [1] NCCL INFO + PCI[48.0] - PCI/0-1000 (1000c03015d91d72)
gpu-nodes-0:5321:5321 [1] NCCL INFO               + PCI[48.0] - GPU/0-3000 (8)
gpu-nodes-0:5321:5321 [1] NCCL INFO                             + NVL[721.8] - NVS/0-0
gpu-nodes-0:5321:5321 [1] NCCL INFO               + PCI[48.0] - NIC/0-4000
gpu-nodes-0:5321:5321 [1] NCCL INFO                             + NET[50.0] - NET/0-0 (0/b4a2ca0003e60050/1/50.000000)
gpu-nodes-0:5321:5321 [1] NCCL INFO                             + NET[50.0] - GIN/0-0
gpu-nodes-0:5321:5321 [1] NCCL INFO + PCI[48.0] - PCI/0-11000 (1000c03015d91d72)
gpu-nodes-0:5321:5321 [1] NCCL INFO               + PCI[48.0] - NIC/0-14000
gpu-nodes-0:5321:5321 [1] NCCL INFO                             + NET[50.0] - NET/0-1 (0/f49aca0003e60050/1/50.000000)
gpu-nodes-0:5321:5321 [1] NCCL INFO                             + NET[50.0] - GIN/0-1
gpu-nodes-0:5321:5321 [1] NCCL INFO               + PCI[48.0] - GPU/0-13000 (9)
gpu-nodes-0:5321:5321 [1] NCCL INFO                             + NVL[721.8] - NVS/0-0
gpu-nodes-0:5321:5321 [1] NCCL INFO + PCI[48.0] - PCI/0-61000 (1000c03015d91d72)
gpu-nodes-0:5321:5321 [1] NCCL INFO               + PCI[48.0] - NIC/0-64000
gpu-nodes-0:5321:5321 [1] NCCL INFO                             + NET[50.0] - NET/0-2 (0/343cca0003e60050/1/50.000000)
gpu-nodes-0:5321:5321 [1] NCCL INFO                             + NET[50.0] - GIN/0-2
gpu-nodes-0:5321:5321 [1] NCCL INFO               + PCI[48.0] - GPU/0-63000 (10)
gpu-nodes-0:5321:5321 [1] NCCL INFO                             + NVL[721.8] - NVS/0-0
gpu-nodes-0:5321:5321 [1] NCCL INFO + PCI[48.0] - PCI/0-71000 (1000c03015d91d72)
gpu-nodes-0:5321:5321 [1] NCCL INFO               + PCI[48.0] - NIC/0-74000
gpu-nodes-0:5321:5321 [1] NCCL INFO                             + NET[50.0] - NET/0-3 (0/49bca0003e60050/1/50.000000)
gpu-nodes-0:5321:5321 [1] NCCL INFO                             + NET[50.0] - GIN/0-3
gpu-nodes-0:5321:5321 [1] NCCL INFO               + PCI[48.0] - GPU/0-73000 (11)
gpu-nodes-0:5321:5321 [1] NCCL INFO                             + NVL[721.8] - NVS/0-0
gpu-nodes-0:5321:5321 [1] NCCL INFO + SYS[16.0] - CPU/0-1
gpu-nodes-0:5321:5321 [1] NCCL INFO CPU/0-1 (1/2/-1)
gpu-nodes-0:5321:5321 [1] NCCL INFO + PCI[48.0] - PCI/0-81000 (1000c03015d91d72)
gpu-nodes-0:5321:5321 [1] NCCL INFO               + PCI[48.0] - NIC/0-84000
gpu-nodes-0:5321:5321 [1] NCCL INFO                             + NET[50.0] - NET/0-4 (0/2ca2ca0003e60050/1/50.000000)
gpu-nodes-0:5321:5321 [1] NCCL INFO                             + NET[50.0] - GIN/0-4
gpu-nodes-0:5321:5321 [1] NCCL INFO               + PCI[48.0] - GPU/0-83000 (12)
gpu-nodes-0:5321:5321 [1] NCCL INFO                             + NVL[721.8] - NVS/0-0
gpu-nodes-0:5321:5321 [1] NCCL INFO + PCI[48.0] - PCI/0-91000 (1000c03015d91d72)
gpu-nodes-0:5321:5321 [1] NCCL INFO               + PCI[48.0] - NIC/0-94000
gpu-nodes-0:5321:5321 [1] NCCL INFO                             + NET[50.0] - NET/0-5 (0/c9bca0003e60050/1/50.000000)
gpu-nodes-0:5321:5321 [1] NCCL INFO                             + NET[50.0] - GIN/0-5
gpu-nodes-0:5321:5321 [1] NCCL INFO               + PCI[48.0] - GPU/0-93000 (13)
gpu-nodes-0:5321:5321 [1] NCCL INFO                             + NVL[721.8] - NVS/0-0
gpu-nodes-0:5321:5321 [1] NCCL INFO + PCI[48.0] - NIC/0-c1000
gpu-nodes-0:5321:5321 [1] NCCL INFO               + NET[50.0] - NET/0-e (0/a20fb90003bd70c4/1/50.000000)
gpu-nodes-0:5321:5321 [1] NCCL INFO + PCI[48.0] - PCI/0-e1000 (1000c03015d91d72)
gpu-nodes-0:5321:5321 [1] NCCL INFO               + PCI[48.0] - NIC/0-e4000
gpu-nodes-0:5321:5321 [1] NCCL INFO                             + NET[50.0] - NET/0-c (0/cca2ca0003e60050/1/50.000000)
gpu-nodes-0:5321:5321 [1] NCCL INFO                             + NET[50.0] - GIN/0-c
gpu-nodes-0:5321:5321 [1] NCCL INFO               + PCI[48.0] - GPU/0-e3000 (14)
gpu-nodes-0:5321:5321 [1] NCCL INFO                             + NVL[721.8] - NVS/0-0
gpu-nodes-0:5321:5321 [1] NCCL INFO + PCI[48.0] - PCI/0-f1000 (1000c03015d91d72)
gpu-nodes-0:5321:5321 [1] NCCL INFO               + PCI[48.0] - NIC/0-f4000
gpu-nodes-0:5321:5321 [1] NCCL INFO                             + NET[50.0] - NET/0-d (0/ec9aca0003e60050/1/50.000000)
gpu-nodes-0:5321:5321 [1] NCCL INFO                             + NET[50.0] - GIN/0-d
gpu-nodes-0:5321:5321 [1] NCCL INFO               + PCI[48.0] - GPU/0-f3000 (15)
gpu-nodes-0:5321:5321 [1] NCCL INFO                             + NVL[721.8] - NVS/0-0
gpu-nodes-0:5321:5321 [1] NCCL INFO + SYS[16.0] - CPU/0-0
gpu-nodes-0:5321:5321 [1] NCCL INFO + PCI[1.5] - NIC/0-d2000
gpu-nodes-0:5321:5321 [1] NCCL INFO              + NET[50.0] - NET/0-f (0/1e62300003098c7c/1/50.000000)
gpu-nodes-0:5321:5321 [1] NCCL INFO ==========================================
gpu-nodes-0:5321:5321 [1] NCCL INFO GPU/0-3000 :GPU/0-3000 (0/5000.0/LOC) GPU/0-13000 (2/721.8/NVL) GPU/0-63000 (2/721.8/NVL) GPU/0-73000 (2/721.8/NVL) GPU/0-83000 (2/721.8/NVL) GPU/0-93000 (2/721.8/NVL) GPU/0-e3000 (2/721.8/NVL) GPU/0-f3000 (2/721.8/NVL) NVS/0-0 (1/721.8/NVL) CPU/0-0 (2/48.0/PHB) CPU/0-1 (3/16.0/SYS) NET/0-0 (3/48.0/PIX) NET/0-1 (5/48.0/PXN) NET/0-2 (5/48.0/PXN) NET/0-3 (5/48.0/PXN) NET/0-4 (5/48.0/PXN) NET/0-5 (5/48.0/PXN) NET/0-e (5/16.0/SYS) NET/0-f (5/1.5/SYS) NET/0-c (5/48.0/PXN) NET/0-d (5/48.0/PXN) GIN/0-0 (3/48.0/PIX) GIN/0-1 (5/48.0/PHB) GIN/0-2 (5/48.0/PHB) GIN/0-3 (5/48.0/PHB) GIN/0-4 (6/16.0/SYS) GIN/0-5 (6/16.0/SYS) GIN/0-c (6/16.0/SYS) GIN/0-d (6/16.0/SYS) 
gpu-nodes-0:5321:5321 [1] NCCL INFO GPU/0-13000 :GPU/0-3000 (2/721.8/NVL) GPU/0-13000 (0/5000.0/LOC) GPU/0-63000 (2/721.8/NVL) GPU/0-73000 (2/721.8/NVL) GPU/0-83000 (2/721.8/NVL) GPU/0-93000 (2/721.8/NVL) GPU/0-e3000 (2/721.8/NVL) GPU/0-f3000 (2/721.8/NVL) NVS/0-0 (1/721.8/NVL) CPU/0-0 (2/48.0/PHB) CPU/0-1 (3/16.0/SYS) NET/0-0 (5/48.0/PXN) NET/0-1 (3/48.0/PIX) NET/0-2 (5/48.0/PXN) NET/0-3 (5/48.0/PXN) NET/0-4 (5/48.0/PXN) NET/0-5 (5/48.0/PXN) NET/0-e (5/16.0/SYS) NET/0-f (5/1.5/SYS) NET/0-c (5/48.0/PXN) NET/0-d (5/48.0/PXN) GIN/0-0 (5/48.0/PHB) GIN/0-1 (3/48.0/PIX) GIN/0-2 (5/48.0/PHB) GIN/0-3 (5/48.0/PHB) GIN/0-4 (6/16.0/SYS) GIN/0-5 (6/16.0/SYS) GIN/0-c (6/16.0/SYS) GIN/0-d (6/16.0/SYS) 
gpu-nodes-0:5321:5321 [1] NCCL INFO GPU/0-63000 :GPU/0-3000 (2/721.8/NVL) GPU/0-13000 (2/721.8/NVL) GPU/0-63000 (0/5000.0/LOC) GPU/0-73000 (2/721.8/NVL) GPU/0-83000 (2/721.8/NVL) GPU/0-93000 (2/721.8/NVL) GPU/0-e3000 (2/721.8/NVL) GPU/0-f3000 (2/721.8/NVL) NVS/0-0 (1/721.8/NVL) CPU/0-0 (2/48.0/PHB) CPU/0-1 (3/16.0/SYS) NET/0-0 (5/48.0/PXN) NET/0-1 (5/48.0/PXN) NET/0-2 (3/48.0/PIX) NET/0-3 (5/48.0/PXN) NET/0-4 (5/48.0/PXN) NET/0-5 (5/48.0/PXN) NET/0-e (5/16.0/SYS) NET/0-f (5/1.5/SYS) NET/0-c (5/48.0/PXN) NET/0-d (5/48.0/PXN) GIN/0-0 (5/48.0/PHB) GIN/0-1 (5/48.0/PHB) GIN/0-2 (3/48.0/PIX) GIN/0-3 (5/48.0/PHB) GIN/0-4 (6/16.0/SYS) GIN/0-5 (6/16.0/SYS) GIN/0-c (6/16.0/SYS) GIN/0-d (6/16.0/SYS) 
gpu-nodes-0:5321:5321 [1] NCCL INFO GPU/0-73000 :GPU/0-3000 (2/721.8/NVL) GPU/0-13000 (2/721.8/NVL) GPU/0-63000 (2/721.8/NVL) GPU/0-73000 (0/5000.0/LOC) GPU/0-83000 (2/721.8/NVL) GPU/0-93000 (2/721.8/NVL) GPU/0-e3000 (2/721.8/NVL) GPU/0-f3000 (2/721.8/NVL) NVS/0-0 (1/721.8/NVL) CPU/0-0 (2/48.0/PHB) CPU/0-1 (3/16.0/SYS) NET/0-0 (5/48.0/PXN) NET/0-1 (5/48.0/PXN) NET/0-2 (5/48.0/PXN) NET/0-3 (3/48.0/PIX) NET/0-4 (5/48.0/PXN) NET/0-5 (5/48.0/PXN) NET/0-e (5/16.0/SYS) NET/0-f (5/1.5/SYS) NET/0-c (5/48.0/PXN) NET/0-d (5/48.0/PXN) GIN/0-0 (5/48.0/PHB) GIN/0-1 (5/48.0/PHB) GIN/0-2 (5/48.0/PHB) GIN/0-3 (3/48.0/PIX) GIN/0-4 (6/16.0/SYS) GIN/0-5 (6/16.0/SYS) GIN/0-c (6/16.0/SYS) GIN/0-d (6/16.0/SYS) 
gpu-nodes-0:5321:5321 [1] NCCL INFO GPU/0-83000 :GPU/0-3000 (2/721.8/NVL) GPU/0-13000 (2/721.8/NVL) GPU/0-63000 (2/721.8/NVL) GPU/0-73000 (2/721.8/NVL) GPU/0-83000 (0/5000.0/LOC) GPU/0-93000 (2/721.8/NVL) GPU/0-e3000 (2/721.8/NVL) GPU/0-f3000 (2/721.8/NVL) NVS/0-0 (1/721.8/NVL) CPU/0-0 (3/16.0/SYS) CPU/0-1 (2/48.0/PHB) NET/0-0 (5/48.0/PXN) NET/0-1 (5/48.0/PXN) NET/0-2 (5/48.0/PXN) NET/0-3 (5/48.0/PXN) NET/0-4 (3/48.0/PIX) NET/0-5 (5/48.0/PXN) NET/0-e (4/48.0/PHB) NET/0-f (4/1.5/PHB) NET/0-c (5/48.0/PXN) NET/0-d (5/48.0/PXN) GIN/0-0 (6/16.0/SYS) GIN/0-1 (6/16.0/SYS) GIN/0-2 (6/16.0/SYS) GIN/0-3 (6/16.0/SYS) GIN/0-4 (3/48.0/PIX) GIN/0-5 (5/48.0/PHB) GIN/0-c (5/48.0/PHB) GIN/0-d (5/48.0/PHB) 
gpu-nodes-0:5321:5321 [1] NCCL INFO GPU/0-93000 :GPU/0-3000 (2/721.8/NVL) GPU/0-13000 (2/721.8/NVL) GPU/0-63000 (2/721.8/NVL) GPU/0-73000 (2/721.8/NVL) GPU/0-83000 (2/721.8/NVL) GPU/0-93000 (0/5000.0/LOC) GPU/0-e3000 (2/721.8/NVL) GPU/0-f3000 (2/721.8/NVL) NVS/0-0 (1/721.8/NVL) CPU/0-0 (3/16.0/SYS) CPU/0-1 (2/48.0/PHB) NET/0-0 (5/48.0/PXN) NET/0-1 (5/48.0/PXN) NET/0-2 (5/48.0/PXN) NET/0-3 (5/48.0/PXN) NET/0-4 (5/48.0/PXN) NET/0-5 (3/48.0/PIX) NET/0-e (4/48.0/PHB) NET/0-f (4/1.5/PHB) NET/0-c (5/48.0/PXN) NET/0-d (5/48.0/PXN) GIN/0-0 (6/16.0/SYS) GIN/0-1 (6/16.0/SYS) GIN/0-2 (6/16.0/SYS) GIN/0-3 (6/16.0/SYS) GIN/0-4 (5/48.0/PHB) GIN/0-5 (3/48.0/PIX) GIN/0-c (5/48.0/PHB) GIN/0-d (5/48.0/PHB) 
gpu-nodes-0:5321:5321 [1] NCCL INFO GPU/0-e3000 :GPU/0-3000 (2/721.8/NVL) GPU/0-13000 (2/721.8/NVL) GPU/0-63000 (2/721.8/NVL) GPU/0-73000 (2/721.8/NVL) GPU/0-83000 (2/721.8/NVL) GPU/0-93000 (2/721.8/NVL) GPU/0-e3000 (0/5000.0/LOC) GPU/0-f3000 (2/721.8/NVL) NVS/0-0 (1/721.8/NVL) CPU/0-0 (3/16.0/SYS) CPU/0-1 (2/48.0/PHB) NET/0-0 (5/48.0/PXN) NET/0-1 (5/48.0/PXN) NET/0-2 (5/48.0/PXN) NET/0-3 (5/48.0/PXN) NET/0-4 (5/48.0/PXN) NET/0-5 (5/48.0/PXN) NET/0-e (4/48.0/PHB) NET/0-f (4/1.5/PHB) NET/0-c (3/48.0/PIX) NET/0-d (5/48.0/PXN) GIN/0-0 (6/16.0/SYS) GIN/0-1 (6/16.0/SYS) GIN/0-2 (6/16.0/SYS) GIN/0-3 (6/16.0/SYS) GIN/0-4 (5/48.0/PHB) GIN/0-5 (5/48.0/PHB) GIN/0-c (3/48.0/PIX) GIN/0-d (5/48.0/PHB) 
gpu-nodes-0:5321:5321 [1] NCCL INFO GPU/0-f3000 :GPU/0-3000 (2/721.8/NVL) GPU/0-13000 (2/721.8/NVL) GPU/0-63000 (2/721.8/NVL) GPU/0-73000 (2/721.8/NVL) GPU/0-83000 (2/721.8/NVL) GPU/0-93000 (2/721.8/NVL) GPU/0-e3000 (2/721.8/NVL) GPU/0-f3000 (0/5000.0/LOC) NVS/0-0 (1/721.8/NVL) CPU/0-0 (3/16.0/SYS) CPU/0-1 (2/48.0/PHB) NET/0-0 (5/48.0/PXN) NET/0-1 (5/48.0/PXN) NET/0-2 (5/48.0/PXN) NET/0-3 (5/48.0/PXN) NET/0-4 (5/48.0/PXN) NET/0-5 (5/48.0/PXN) NET/0-e (4/48.0/PHB) NET/0-f (4/1.5/PHB) NET/0-c (5/48.0/PXN) NET/0-d (3/48.0/PIX) GIN/0-0 (6/16.0/SYS) GIN/0-1 (6/16.0/SYS) GIN/0-2 (6/16.0/SYS) GIN/0-3 (6/16.0/SYS) GIN/0-4 (5/48.0/PHB) GIN/0-5 (5/48.0/PHB) GIN/0-c (5/48.0/PHB) GIN/0-d (3/48.0/PIX) 
gpu-nodes-0:5321:5321 [1] NCCL INFO NET/0-0 :GPU/0-3000 (3/48.0/PIX) GPU/0-13000 (5/48.0/PHB) GPU/0-63000 (5/48.0/PHB) GPU/0-73000 (5/48.0/PHB) GPU/0-83000 (6/16.0/SYS) GPU/0-93000 (6/16.0/SYS) GPU/0-e3000 (6/16.0/SYS) GPU/0-f3000 (6/16.0/SYS) CPU/0-0 (3/48.0/PHB) CPU/0-1 (4/16.0/SYS) NET/0-0 (0/5000.0/LOC) NET/0-1 (6/48.0/PHB) NET/0-2 (6/48.0/PHB) NET/0-3 (6/48.0/PHB) NET/0-4 (7/16.0/SYS) NET/0-5 (7/16.0/SYS) NET/0-e (6/16.0/SYS) NET/0-f (6/1.5/SYS) NET/0-c (7/16.0/SYS) NET/0-d (7/16.0/SYS) GIN/0-0 (2/50.0/LOC) GIN/0-1 (6/48.0/PHB) GIN/0-2 (6/48.0/PHB) GIN/0-3 (6/48.0/PHB) GIN/0-4 (7/16.0/SYS) GIN/0-5 (7/16.0/SYS) GIN/0-c (7/16.0/SYS) GIN/0-d (7/16.0/SYS) 
gpu-nodes-0:5321:5321 [1] NCCL INFO NET/0-1 :GPU/0-3000 (5/48.0/PHB) GPU/0-13000 (3/48.0/PIX) GPU/0-63000 (5/48.0/PHB) GPU/0-73000 (5/48.0/PHB) GPU/0-83000 (6/16.0/SYS) GPU/0-93000 (6/16.0/SYS) GPU/0-e3000 (6/16.0/SYS) GPU/0-f3000 (6/16.0/SYS) CPU/0-0 (3/48.0/PHB) CPU/0-1 (4/16.0/SYS) NET/0-0 (6/48.0/PHB) NET/0-1 (0/5000.0/LOC) NET/0-2 (6/48.0/PHB) NET/0-3 (6/48.0/PHB) NET/0-4 (7/16.0/SYS) NET/0-5 (7/16.0/SYS) NET/0-e (6/16.0/SYS) NET/0-f (6/1.5/SYS) NET/0-c (7/16.0/SYS) NET/0-d (7/16.0/SYS) GIN/0-0 (6/48.0/PHB) GIN/0-1 (2/50.0/LOC) GIN/0-2 (6/48.0/PHB) GIN/0-3 (6/48.0/PHB) GIN/0-4 (7/16.0/SYS) GIN/0-5 (7/16.0/SYS) GIN/0-c (7/16.0/SYS) GIN/0-d (7/16.0/SYS) 
gpu-nodes-0:5321:5321 [1] NCCL INFO NET/0-2 :GPU/0-3000 (5/48.0/PHB) GPU/0-13000 (5/48.0/PHB) GPU/0-63000 (3/48.0/PIX) GPU/0-73000 (5/48.0/PHB) GPU/0-83000 (6/16.0/SYS) GPU/0-93000 (6/16.0/SYS) GPU/0-e3000 (6/16.0/SYS) GPU/0-f3000 (6/16.0/SYS) CPU/0-0 (3/48.0/PHB) CPU/0-1 (4/16.0/SYS) NET/0-0 (6/48.0/PHB) NET/0-1 (6/48.0/PHB) NET/0-2 (0/5000.0/LOC) NET/0-3 (6/48.0/PHB) NET/0-4 (7/16.0/SYS) NET/0-5 (7/16.0/SYS) NET/0-e (6/16.0/SYS) NET/0-f (6/1.5/SYS) NET/0-c (7/16.0/SYS) NET/0-d (7/16.0/SYS) GIN/0-0 (6/48.0/PHB) GIN/0-1 (6/48.0/PHB) GIN/0-2 (2/50.0/LOC) GIN/0-3 (6/48.0/PHB) GIN/0-4 (7/16.0/SYS) GIN/0-5 (7/16.0/SYS) GIN/0-c (7/16.0/SYS) GIN/0-d (7/16.0/SYS) 
gpu-nodes-0:5321:5321 [1] NCCL INFO NET/0-3 :GPU/0-3000 (5/48.0/PHB) GPU/0-13000 (5/48.0/PHB) GPU/0-63000 (5/48.0/PHB) GPU/0-73000 (3/48.0/PIX) GPU/0-83000 (6/16.0/SYS) GPU/0-93000 (6/16.0/SYS) GPU/0-e3000 (6/16.0/SYS) GPU/0-f3000 (6/16.0/SYS) CPU/0-0 (3/48.0/PHB) CPU/0-1 (4/16.0/SYS) NET/0-0 (6/48.0/PHB) NET/0-1 (6/48.0/PHB) NET/0-2 (6/48.0/PHB) NET/0-3 (0/5000.0/LOC) NET/0-4 (7/16.0/SYS) NET/0-5 (7/16.0/SYS) NET/0-e (6/16.0/SYS) NET/0-f (6/1.5/SYS) NET/0-c (7/16.0/SYS) NET/0-d (7/16.0/SYS) GIN/0-0 (6/48.0/PHB) GIN/0-1 (6/48.0/PHB) GIN/0-2 (6/48.0/PHB) GIN/0-3 (2/50.0/LOC) GIN/0-4 (7/16.0/SYS) GIN/0-5 (7/16.0/SYS) GIN/0-c (7/16.0/SYS) GIN/0-d (7/16.0/SYS) 
gpu-nodes-0:5321:5321 [1] NCCL INFO NET/0-4 :GPU/0-3000 (6/16.0/SYS) GPU/0-13000 (6/16.0/SYS) GPU/0-63000 (6/16.0/SYS) GPU/0-73000 (6/16.0/SYS) GPU/0-83000 (3/48.0/PIX) GPU/0-93000 (5/48.0/PHB) GPU/0-e3000 (5/48.0/PHB) GPU/0-f3000 (5/48.0/PHB) CPU/0-0 (4/16.0/SYS) CPU/0-1 (3/48.0/PHB) NET/0-0 (7/16.0/SYS) NET/0-1 (7/16.0/SYS) NET/0-2 (7/16.0/SYS) NET/0-3 (7/16.0/SYS) NET/0-4 (0/5000.0/LOC) NET/0-5 (6/48.0/PHB) NET/0-e (5/48.0/PHB) NET/0-f (5/1.5/PHB) NET/0-c (6/48.0/PHB) NET/0-d (6/48.0/PHB) GIN/0-0 (7/16.0/SYS) GIN/0-1 (7/16.0/SYS) GIN/0-2 (7/16.0/SYS) GIN/0-3 (7/16.0/SYS) GIN/0-4 (2/50.0/LOC) GIN/0-5 (6/48.0/PHB) GIN/0-c (6/48.0/PHB) GIN/0-d (6/48.0/PHB) 
gpu-nodes-0:5321:5321 [1] NCCL INFO NET/0-5 :GPU/0-3000 (6/16.0/SYS) GPU/0-13000 (6/16.0/SYS) GPU/0-63000 (6/16.0/SYS) GPU/0-73000 (6/16.0/SYS) GPU/0-83000 (5/48.0/PHB) GPU/0-93000 (3/48.0/PIX) GPU/0-e3000 (5/48.0/PHB) GPU/0-f3000 (5/48.0/PHB) CPU/0-0 (4/16.0/SYS) CPU/0-1 (3/48.0/PHB) NET/0-0 (7/16.0/SYS) NET/0-1 (7/16.0/SYS) NET/0-2 (7/16.0/SYS) NET/0-3 (7/16.0/SYS) NET/0-4 (6/48.0/PHB) NET/0-5 (0/5000.0/LOC) NET/0-e (5/48.0/PHB) NET/0-f (5/1.5/PHB) NET/0-c (6/48.0/PHB) NET/0-d (6/48.0/PHB) GIN/0-0 (7/16.0/SYS) GIN/0-1 (7/16.0/SYS) GIN/0-2 (7/16.0/SYS) GIN/0-3 (7/16.0/SYS) GIN/0-4 (6/48.0/PHB) GIN/0-5 (2/50.0/LOC) GIN/0-c (6/48.0/PHB) GIN/0-d (6/48.0/PHB) 
gpu-nodes-0:5321:5321 [1] NCCL INFO NET/0-e :GPU/0-3000 (5/16.0/SYS) GPU/0-13000 (5/16.0/SYS) GPU/0-63000 (5/16.0/SYS) GPU/0-73000 (5/16.0/SYS) GPU/0-83000 (4/48.0/PHB) GPU/0-93000 (4/48.0/PHB) GPU/0-e3000 (4/48.0/PHB) GPU/0-f3000 (4/48.0/PHB) CPU/0-0 (3/16.0/SYS) CPU/0-1 (2/48.0/PHB) NET/0-0 (6/16.0/SYS) NET/0-1 (6/16.0/SYS) NET/0-2 (6/16.0/SYS) NET/0-3 (6/16.0/SYS) NET/0-4 (5/48.0/PHB) NET/0-5 (5/48.0/PHB) NET/0-e (0/5000.0/LOC) NET/0-f (4/1.5/PHB) NET/0-c (5/48.0/PHB) NET/0-d (5/48.0/PHB) GIN/0-0 (6/16.0/SYS) GIN/0-1 (6/16.0/SYS) GIN/0-2 (6/16.0/SYS) GIN/0-3 (6/16.0/SYS) GIN/0-4 (5/48.0/PHB) GIN/0-5 (5/48.0/PHB) GIN/0-c (5/48.0/PHB) GIN/0-d (5/48.0/PHB) 
gpu-nodes-0:5321:5321 [1] NCCL INFO NET/0-f :GPU/0-3000 (5/1.5/SYS) GPU/0-13000 (5/1.5/SYS) GPU/0-63000 (5/1.5/SYS) GPU/0-73000 (5/1.5/SYS) GPU/0-83000 (4/1.5/PHB) GPU/0-93000 (4/1.5/PHB) GPU/0-e3000 (4/1.5/PHB) GPU/0-f3000 (4/1.5/PHB) CPU/0-0 (3/1.5/SYS) CPU/0-1 (2/1.5/PHB) NET/0-0 (6/1.5/SYS) NET/0-1 (6/1.5/SYS) NET/0-2 (6/1.5/SYS) NET/0-3 (6/1.5/SYS) NET/0-4 (5/1.5/PHB) NET/0-5 (5/1.5/PHB) NET/0-e (4/1.5/PHB) NET/0-f (0/5000.0/LOC) NET/0-c (5/1.5/PHB) NET/0-d (5/1.5/PHB) GIN/0-0 (6/1.5/SYS) GIN/0-1 (6/1.5/SYS) GIN/0-2 (6/1.5/SYS) GIN/0-3 (6/1.5/SYS) GIN/0-4 (5/1.5/PHB) GIN/0-5 (5/1.5/PHB) GIN/0-c (5/1.5/PHB) GIN/0-d (5/1.5/PHB) 
gpu-nodes-0:5321:5321 [1] NCCL INFO NET/0-c :GPU/0-3000 (6/16.0/SYS) GPU/0-13000 (6/16.0/SYS) GPU/0-63000 (6/16.0/SYS) GPU/0-73000 (6/16.0/SYS) GPU/0-83000 (5/48.0/PHB) GPU/0-93000 (5/48.0/PHB) GPU/0-e3000 (3/48.0/PIX) GPU/0-f3000 (5/48.0/PHB) CPU/0-0 (4/16.0/SYS) CPU/0-1 (3/48.0/PHB) NET/0-0 (7/16.0/SYS) NET/0-1 (7/16.0/SYS) NET/0-2 (7/16.0/SYS) NET/0-3 (7/16.0/SYS) NET/0-4 (6/48.0/PHB) NET/0-5 (6/48.0/PHB) NET/0-e (5/48.0/PHB) NET/0-f (5/1.5/PHB) NET/0-c (0/5000.0/LOC) NET/0-d (6/48.0/PHB) GIN/0-0 (7/16.0/SYS) GIN/0-1 (7/16.0/SYS) GIN/0-2 (7/16.0/SYS) GIN/0-3 (7/16.0/SYS) GIN/0-4 (6/48.0/PHB) GIN/0-5 (6/48.0/PHB) GIN/0-c (2/50.0/LOC) GIN/0-d (6/48.0/PHB) 
gpu-nodes-0:5321:5321 [1] NCCL INFO NET/0-d :GPU/0-3000 (6/16.0/SYS) GPU/0-13000 (6/16.0/SYS) GPU/0-63000 (6/16.0/SYS) GPU/0-73000 (6/16.0/SYS) GPU/0-83000 (5/48.0/PHB) GPU/0-93000 (5/48.0/PHB) GPU/0-e3000 (5/48.0/PHB) GPU/0-f3000 (3/48.0/PIX) CPU/0-0 (4/16.0/SYS) CPU/0-1 (3/48.0/PHB) NET/0-0 (7/16.0/SYS) NET/0-1 (7/16.0/SYS) NET/0-2 (7/16.0/SYS) NET/0-3 (7/16.0/SYS) NET/0-4 (6/48.0/PHB) NET/0-5 (6/48.0/PHB) NET/0-e (5/48.0/PHB) NET/0-f (5/1.5/PHB) NET/0-c (6/48.0/PHB) NET/0-d (0/5000.0/LOC) GIN/0-0 (7/16.0/SYS) GIN/0-1 (7/16.0/SYS) GIN/0-2 (7/16.0/SYS) GIN/0-3 (7/16.0/SYS) GIN/0-4 (6/48.0/PHB) GIN/0-5 (6/48.0/PHB) GIN/0-c (6/48.0/PHB) GIN/0-d (2/50.0/LOC) 
gpu-nodes-0:5321:5321 [1] NCCL INFO GIN/0-0 :GPU/0-3000 (3/48.0/PIX) GPU/0-13000 (5/48.0/PHB) GPU/0-63000 (5/48.0/PHB) GPU/0-73000 (5/48.0/PHB) GPU/0-83000 (6/16.0/SYS) GPU/0-93000 (6/16.0/SYS) GPU/0-e3000 (6/16.0/SYS) GPU/0-f3000 (6/16.0/SYS) CPU/0-0 (3/48.0/PHB) CPU/0-1 (4/16.0/SYS) NET/0-0 (2/50.0/LOC) NET/0-1 (6/48.0/PHB) NET/0-2 (6/48.0/PHB) NET/0-3 (6/48.0/PHB) NET/0-4 (7/16.0/SYS) NET/0-5 (7/16.0/SYS) NET/0-e (6/16.0/SYS) NET/0-f (6/1.5/SYS) NET/0-c (7/16.0/SYS) NET/0-d (7/16.0/SYS) GIN/0-0 (0/5000.0/LOC) GIN/0-1 (6/48.0/PHB) GIN/0-2 (6/48.0/PHB) GIN/0-3 (6/48.0/PHB) GIN/0-4 (7/16.0/SYS) GIN/0-5 (7/16.0/SYS) GIN/0-c (7/16.0/SYS) GIN/0-d (7/16.0/SYS) 
gpu-nodes-0:5321:5321 [1] NCCL INFO GIN/0-1 :GPU/0-3000 (5/48.0/PHB) GPU/0-13000 (3/48.0/PIX) GPU/0-63000 (5/48.0/PHB) GPU/0-73000 (5/48.0/PHB) GPU/0-83000 (6/16.0/SYS) GPU/0-93000 (6/16.0/SYS) GPU/0-e3000 (6/16.0/SYS) GPU/0-f3000 (6/16.0/SYS) CPU/0-0 (3/48.0/PHB) CPU/0-1 (4/16.0/SYS) NET/0-0 (6/48.0/PHB) NET/0-1 (2/50.0/LOC) NET/0-2 (6/48.0/PHB) NET/0-3 (6/48.0/PHB) NET/0-4 (7/16.0/SYS) NET/0-5 (7/16.0/SYS) NET/0-e (6/16.0/SYS) NET/0-f (6/1.5/SYS) NET/0-c (7/16.0/SYS) NET/0-d (7/16.0/SYS) GIN/0-0 (6/48.0/PHB) GIN/0-1 (0/5000.0/LOC) GIN/0-2 (6/48.0/PHB) GIN/0-3 (6/48.0/PHB) GIN/0-4 (7/16.0/SYS) GIN/0-5 (7/16.0/SYS) GIN/0-c (7/16.0/SYS) GIN/0-d (7/16.0/SYS) 
gpu-nodes-0:5321:5321 [1] NCCL INFO GIN/0-2 :GPU/0-3000 (5/48.0/PHB) GPU/0-13000 (5/48.0/PHB) GPU/0-63000 (3/48.0/PIX) GPU/0-73000 (5/48.0/PHB) GPU/0-83000 (6/16.0/SYS) GPU/0-93000 (6/16.0/SYS) GPU/0-e3000 (6/16.0/SYS) GPU/0-f3000 (6/16.0/SYS) CPU/0-0 (3/48.0/PHB) CPU/0-1 (4/16.0/SYS) NET/0-0 (6/48.0/PHB) NET/0-1 (6/48.0/PHB) NET/0-2 (2/50.0/LOC) NET/0-3 (6/48.0/PHB) NET/0-4 (7/16.0/SYS) NET/0-5 (7/16.0/SYS) NET/0-e (6/16.0/SYS) NET/0-f (6/1.5/SYS) NET/0-c (7/16.0/SYS) NET/0-d (7/16.0/SYS) GIN/0-0 (6/48.0/PHB) GIN/0-1 (6/48.0/PHB) GIN/0-2 (0/5000.0/LOC) GIN/0-3 (6/48.0/PHB) GIN/0-4 (7/16.0/SYS) GIN/0-5 (7/16.0/SYS) GIN/0-c (7/16.0/SYS) GIN/0-d (7/16.0/SYS) 
gpu-nodes-0:5321:5321 [1] NCCL INFO GIN/0-3 :GPU/0-3000 (5/48.0/PHB) GPU/0-13000 (5/48.0/PHB) GPU/0-63000 (5/48.0/PHB) GPU/0-73000 (3/48.0/PIX) GPU/0-83000 (6/16.0/SYS) GPU/0-93000 (6/16.0/SYS) GPU/0-e3000 (6/16.0/SYS) GPU/0-f3000 (6/16.0/SYS) CPU/0-0 (3/48.0/PHB) CPU/0-1 (4/16.0/SYS) NET/0-0 (6/48.0/PHB) NET/0-1 (6/48.0/PHB) NET/0-2 (6/48.0/PHB) NET/0-3 (2/50.0/LOC) NET/0-4 (7/16.0/SYS) NET/0-5 (7/16.0/SYS) NET/0-e (6/16.0/SYS) NET/0-f (6/1.5/SYS) NET/0-c (7/16.0/SYS) NET/0-d (7/16.0/SYS) GIN/0-0 (6/48.0/PHB) GIN/0-1 (6/48.0/PHB) GIN/0-2 (6/48.0/PHB) GIN/0-3 (0/5000.0/LOC) GIN/0-4 (7/16.0/SYS) GIN/0-5 (7/16.0/SYS) GIN/0-c (7/16.0/SYS) GIN/0-d (7/16.0/SYS) 
gpu-nodes-0:5321:5321 [1] NCCL INFO GIN/0-4 :GPU/0-3000 (6/16.0/SYS) GPU/0-13000 (6/16.0/SYS) GPU/0-63000 (6/16.0/SYS) GPU/0-73000 (6/16.0/SYS) GPU/0-83000 (3/48.0/PIX) GPU/0-93000 (5/48.0/PHB) GPU/0-e3000 (5/48.0/PHB) GPU/0-f3000 (5/48.0/PHB) CPU/0-0 (4/16.0/SYS) CPU/0-1 (3/48.0/PHB) NET/0-0 (7/16.0/SYS) NET/0-1 (7/16.0/SYS) NET/0-2 (7/16.0/SYS) NET/0-3 (7/16.0/SYS) NET/0-4 (2/50.0/LOC) NET/0-5 (6/48.0/PHB) NET/0-e (5/48.0/PHB) NET/0-f (5/1.5/PHB) NET/0-c (6/48.0/PHB) NET/0-d (6/48.0/PHB) GIN/0-0 (7/16.0/SYS) GIN/0-1 (7/16.0/SYS) GIN/0-2 (7/16.0/SYS) GIN/0-3 (7/16.0/SYS) GIN/0-4 (0/5000.0/LOC) GIN/0-5 (6/48.0/PHB) GIN/0-c (6/48.0/PHB) GIN/0-d (6/48.0/PHB) 
gpu-nodes-0:5321:5321 [1] NCCL INFO GIN/0-5 :GPU/0-3000 (6/16.0/SYS) GPU/0-13000 (6/16.0/SYS) GPU/0-63000 (6/16.0/SYS) GPU/0-73000 (6/16.0/SYS) GPU/0-83000 (5/48.0/PHB) GPU/0-93000 (3/48.0/PIX) GPU/0-e3000 (5/48.0/PHB) GPU/0-f3000 (5/48.0/PHB) CPU/0-0 (4/16.0/SYS) CPU/0-1 (3/48.0/PHB) NET/0-0 (7/16.0/SYS) NET/0-1 (7/16.0/SYS) NET/0-2 (7/16.0/SYS) NET/0-3 (7/16.0/SYS) NET/0-4 (6/48.0/PHB) NET/0-5 (2/50.0/LOC) NET/0-e (5/48.0/PHB) NET/0-f (5/1.5/PHB) NET/0-c (6/48.0/PHB) NET/0-d (6/48.0/PHB) GIN/0-0 (7/16.0/SYS) GIN/0-1 (7/16.0/SYS) GIN/0-2 (7/16.0/SYS) GIN/0-3 (7/16.0/SYS) GIN/0-4 (6/48.0/PHB) GIN/0-5 (0/5000.0/LOC) GIN/0-c (6/48.0/PHB) GIN/0-d (6/48.0/PHB) 
gpu-nodes-0:5321:5321 [1] NCCL INFO GIN/0-c :GPU/0-3000 (6/16.0/SYS) GPU/0-13000 (6/16.0/SYS) GPU/0-63000 (6/16.0/SYS) GPU/0-73000 (6/16.0/SYS) GPU/0-83000 (5/48.0/PHB) GPU/0-93000 (5/48.0/PHB) GPU/0-e3000 (3/48.0/PIX) GPU/0-f3000 (5/48.0/PHB) CPU/0-0 (4/16.0/SYS) CPU/0-1 (3/48.0/PHB) NET/0-0 (7/16.0/SYS) NET/0-1 (7/16.0/SYS) NET/0-2 (7/16.0/SYS) NET/0-3 (7/16.0/SYS) NET/0-4 (6/48.0/PHB) NET/0-5 (6/48.0/PHB) NET/0-e (5/48.0/PHB) NET/0-f (5/1.5/PHB) NET/0-c (2/50.0/LOC) NET/0-d (6/48.0/PHB) GIN/0-0 (7/16.0/SYS) GIN/0-1 (7/16.0/SYS) GIN/0-2 (7/16.0/SYS) GIN/0-3 (7/16.0/SYS) GIN/0-4 (6/48.0/PHB) GIN/0-5 (6/48.0/PHB) GIN/0-c (0/5000.0/LOC) GIN/0-d (6/48.0/PHB) 
gpu-nodes-0:5321:5321 [1] NCCL INFO GIN/0-d :GPU/0-3000 (6/16.0/SYS) GPU/0-13000 (6/16.0/SYS) GPU/0-63000 (6/16.0/SYS) GPU/0-73000 (6/16.0/SYS) GPU/0-83000 (5/48.0/PHB) GPU/0-93000 (5/48.0/PHB) GPU/0-e3000 (5/48.0/PHB) GPU/0-f3000 (3/48.0/PIX) CPU/0-0 (4/16.0/SYS) CPU/0-1 (3/48.0/PHB) NET/0-0 (7/16.0/SYS) NET/0-1 (7/16.0/SYS) NET/0-2 (7/16.0/SYS) NET/0-3 (7/16.0/SYS) NET/0-4 (6/48.0/PHB) NET/0-5 (6/48.0/PHB) NET/0-e (5/48.0/PHB) NET/0-f (5/1.5/PHB) NET/0-c (6/48.0/PHB) NET/0-d (2/50.0/LOC) GIN/0-0 (7/16.0/SYS) GIN/0-1 (7/16.0/SYS) GIN/0-2 (7/16.0/SYS) GIN/0-3 (7/16.0/SYS) GIN/0-4 (6/48.0/PHB) GIN/0-5 (6/48.0/PHB) GIN/0-c (6/48.0/PHB) GIN/0-d (0/5000.0/LOC) 
gpu-nodes-0:5321:5321 [1] NCCL INFO ncclTopoGetCpuAffinity: Affinity for GPU 1 is 0-63,128-191. (GPU affinity = 0-63,128-191 ; CPU affinity = 0-63,128-191).
gpu-nodes-0:5321:5321 [1] NCCL INFO NVLS multicast support is available on dev 1 (NVLS_NCHANNELS 32)
gpu-nodes-0:5321:5321 [1] NCCL INFO Pattern 4, crossNic 0, nChannels 8, bw 48.000000/48.000000, type NVL/PXN, sameChannels 0
gpu-nodes-0:5321:5321 [1] NCCL INFO  0 : NET/0-0 GPU/0-3000 GPU/0-f3000 GPU/0-e3000 GPU/0-93000 GPU/0-83000 GPU/0-73000 GPU/0-63000 GPU/0-13000 NET/0-0
gpu-nodes-0:5321:5321 [1] NCCL INFO  1 : NET/0-1 GPU/0-13000 GPU/0-3000 GPU/0-f3000 GPU/0-e3000 GPU/0-93000 GPU/0-83000 GPU/0-73000 GPU/0-63000 NET/0-1
gpu-nodes-0:5321:5321 [1] NCCL INFO  2 : NET/0-2 GPU/0-63000 GPU/0-13000 GPU/0-3000 GPU/0-f3000 GPU/0-e3000 GPU/0-93000 GPU/0-83000 GPU/0-73000 NET/0-2
gpu-nodes-0:5321:5321 [1] NCCL INFO  3 : NET/0-3 GPU/0-73000 GPU/0-63000 GPU/0-13000 GPU/0-3000 GPU/0-f3000 GPU/0-e3000 GPU/0-93000 GPU/0-83000 NET/0-3
gpu-nodes-0:5321:5321 [1] NCCL INFO  4 : NET/0-4 GPU/0-83000 GPU/0-73000 GPU/0-63000 GPU/0-13000 GPU/0-3000 GPU/0-f3000 GPU/0-e3000 GPU/0-93000 NET/0-4
gpu-nodes-0:5321:5321 [1] NCCL INFO  5 : NET/0-5 GPU/0-93000 GPU/0-83000 GPU/0-73000 GPU/0-63000 GPU/0-13000 GPU/0-3000 GPU/0-f3000 GPU/0-e3000 NET/0-5
gpu-nodes-0:5321:5321 [1] NCCL INFO  6 : NET/0-c GPU/0-e3000 GPU/0-93000 GPU/0-83000 GPU/0-73000 GPU/0-63000 GPU/0-13000 GPU/0-3000 GPU/0-f3000 NET/0-c
gpu-nodes-0:5321:5321 [1] NCCL INFO  7 : NET/0-d GPU/0-f3000 GPU/0-e3000 GPU/0-93000 GPU/0-83000 GPU/0-73000 GPU/0-63000 GPU/0-13000 GPU/0-3000 NET/0-d
gpu-nodes-0:5321:5321 [1] NCCL INFO Pattern 3, crossNic 0, nChannels 8, bw 96.000000/48.000000, type NVL/PIX, sameChannels 0
gpu-nodes-0:5321:5321 [1] NCCL INFO  0 : NET/0-0 GPU/0-3000 GPU/0-13000 GPU/0-63000 GPU/0-73000 GPU/0-83000 GPU/0-93000 GPU/0-e3000 GPU/0-f3000 NET/0-0
gpu-nodes-0:5321:5321 [1] NCCL INFO  1 : NET/0-1 GPU/0-13000 GPU/0-63000 GPU/0-73000 GPU/0-83000 GPU/0-93000 GPU/0-e3000 GPU/0-f3000 GPU/0-3000 NET/0-1
gpu-nodes-0:5321:5321 [1] NCCL INFO  2 : NET/0-2 GPU/0-63000 GPU/0-73000 GPU/0-83000 GPU/0-93000 GPU/0-e3000 GPU/0-f3000 GPU/0-3000 GPU/0-13000 NET/0-2
gpu-nodes-0:5321:5321 [1] NCCL INFO  3 : NET/0-3 GPU/0-73000 GPU/0-83000 GPU/0-93000 GPU/0-e3000 GPU/0-f3000 GPU/0-3000 GPU/0-13000 GPU/0-63000 NET/0-3
gpu-nodes-0:5321:5321 [1] NCCL INFO  4 : NET/0-4 GPU/0-83000 GPU/0-93000 GPU/0-e3000 GPU/0-f3000 GPU/0-3000 GPU/0-13000 GPU/0-63000 GPU/0-73000 NET/0-4
gpu-nodes-0:5321:5321 [1] NCCL INFO  5 : NET/0-5 GPU/0-93000 GPU/0-e3000 GPU/0-f3000 GPU/0-3000 GPU/0-13000 GPU/0-63000 GPU/0-73000 GPU/0-83000 NET/0-5
gpu-nodes-0:5321:5321 [1] NCCL INFO  6 : NET/0-c GPU/0-e3000 GPU/0-f3000 GPU/0-3000 GPU/0-13000 GPU/0-63000 GPU/0-73000 GPU/0-83000 GPU/0-93000 NET/0-c
gpu-nodes-0:5321:5321 [1] NCCL INFO  7 : NET/0-d GPU/0-f3000 GPU/0-3000 GPU/0-13000 GPU/0-63000 GPU/0-73000 GPU/0-83000 GPU/0-93000 GPU/0-e3000 NET/0-d
gpu-nodes-0:5321:5321 [1] NCCL INFO Pattern 5, crossNic 0, nChannels 8, bw 48.000000/48.000000, type NVL/PIX, sameChannels 0
gpu-nodes-0:5321:5321 [1] NCCL INFO  0 : NET/0-0 GPU/0-3000 NET/0-0
gpu-nodes-0:5321:5321 [1] NCCL INFO  1 : NET/0-1 GPU/0-13000 NET/0-1
gpu-nodes-0:5321:5321 [1] NCCL INFO  2 : NET/0-2 GPU/0-63000 NET/0-2
gpu-nodes-0:5321:5321 [1] NCCL INFO  3 : NET/0-3 GPU/0-73000 NET/0-3
gpu-nodes-0:5321:5321 [1] NCCL INFO  4 : NET/0-4 GPU/0-83000 NET/0-4
gpu-nodes-0:5321:5321 [1] NCCL INFO  5 : NET/0-5 GPU/0-93000 NET/0-5
gpu-nodes-0:5321:5321 [1] NCCL INFO  6 : NET/0-c GPU/0-e3000 NET/0-c
gpu-nodes-0:5321:5321 [1] NCCL INFO  7 : NET/0-d GPU/0-f3000 NET/0-d
gpu-nodes-0:5321:5321 [1] NCCL INFO comm 0x62b0c840 rank 9 nRanks 16 nNodes 2 localRanks 8 localRank 1 MNNVL 0
gpu-nodes-0:5321:5321 [1] NCCL INFO Tree 1 : 1 -> 9 -> 10/-1/-1
gpu-nodes-0:5321:5321 [1] NCCL INFO Tree 9 : -1 -> 9 -> 10/1/-1
gpu-nodes-0:5321:5321 [1] NCCL INFO NVLS Trees : 18/-1/-1->9->1 18/1/-1->9->-1
gpu-nodes-0:5321:5321 [1] NCCL INFO Ring 00 : 10 -> 9 -> 0
gpu-nodes-0:5321:5321 [1] NCCL INFO Ring 01 : 2 -> 9 -> 8
gpu-nodes-0:5321:5321 [1] NCCL INFO Ring 02 : 10 -> 9 -> 8
gpu-nodes-0:5321:5321 [1] NCCL INFO Ring 03 : 10 -> 9 -> 8
gpu-nodes-0:5321:5321 [1] NCCL INFO Ring 04 : 10 -> 9 -> 8
gpu-nodes-0:5321:5321 [1] NCCL INFO Ring 05 : 10 -> 9 -> 8
gpu-nodes-0:5321:5321 [1] NCCL INFO Ring 06 : 10 -> 9 -> 8
gpu-nodes-0:5321:5321 [1] NCCL INFO Ring 07 : 10 -> 9 -> 8
gpu-nodes-0:5321:5321 [1] NCCL INFO Ring 08 : 10 -> 9 -> 0
gpu-nodes-0:5321:5321 [1] NCCL INFO Ring 09 : 2 -> 9 -> 8
gpu-nodes-0:5321:5321 [1] NCCL INFO Ring 10 : 10 -> 9 -> 8
gpu-nodes-0:5321:5321 [1] NCCL INFO Ring 11 : 10 -> 9 -> 8
gpu-nodes-0:5321:5321 [1] NCCL INFO Ring 12 : 10 -> 9 -> 8
gpu-nodes-0:5321:5321 [1] NCCL INFO Ring 13 : 10 -> 9 -> 8
gpu-nodes-0:5321:5321 [1] NCCL INFO Ring 14 : 10 -> 9 -> 8
gpu-nodes-0:5321:5321 [1] NCCL INFO Ring 15 : 10 -> 9 -> 8
gpu-nodes-0:5321:5321 [1] NCCL INFO Trees [0] 10/-1/-1->9->8 [1] 10/-1/-1->9->1 [2] -1/-1/-1->9->8 [3] 10/-1/-1->9->8 [4] 10/-1/-1->9->8 [5] 10/-1/-1->9->8 [6] 10/-1/-1->9->8 [7] 10/-1/-1->9->8 [8] 10/-1/-1->9->8 [9] 10/1/-1->9->-1 [10] -1/-1/-1->9->8 [11] 10/-1/-1->9->8 [12] 10/-1/-1->9->8 [13] 10/-1/-1->9->8 [14] 10/-1/-1->9->8 [15] 10/-1/-1->9->8
gpu-nodes-0:5321:5321 [1] NCCL INFO P2P Chunksize set to 131072
gpu-nodes-0:5321:5321 [1] NCCL INFO PROFILER/Plugin: Could not find: libnccl-profiler.so
gpu-nodes-0:5321:5321 [1] NCCL INFO Check P2P Type isAllDirectP2p 1 directMode 0 isAllCudaP2p 1
gpu-nodes-0:5321:5321 [1] NCCL INFO ncclP2pSchedule: group size used is 8
gpu-nodes-0:5321:7184 [0] NCCL INFO [Proxy Service] Device 1 CPU core 185
gpu-nodes-0:5321:7188 [0] NCCL INFO [Proxy Service UDS] Device 1 CPU core 20
gpu-nodes-0:5321:5321 [1] NCCL INFO GPU Direct RDMA Enabled for GPU/0-77824 (rank 9) - NET/0-1 (distance 4 <= 6, read 0, mode Default)
gpu-nodes-0:5321:7184 [1] NCCL INFO New proxy recv connection 0 from local rank 1, transport 2
gpu-nodes-0:5321:7193 [0] NCCL INFO [Proxy Progress] Device 1 CPU core 170
gpu-nodes-0:5321:5321 [1] NCCL INFO Connected to proxy localRank 1 -> connection 0x7f1464004fa0
gpu-nodes-0:5321:5321 [1] NCCL INFO Channel 01/0 : 2[2] -> 9[1] [receive] via NET/IB/1/GDRDMA
gpu-nodes-0:5321:5321 [1] NCCL INFO GPU Direct RDMA Enabled for GPU/0-77824 (rank 9) - NET/0-1 (distance 4 <= 6, read 0, mode Default)
gpu-nodes-0:5321:7184 [1] NCCL INFO New proxy recv connection 1 from local rank 1, transport 2
gpu-nodes-0:5321:5321 [1] NCCL INFO Connected to proxy localRank 1 -> connection 0x7f1464005028
gpu-nodes-0:5321:5321 [1] NCCL INFO Channel 09/0 : 2[2] -> 9[1] [receive] via NET/IB/1/GDRDMA
gpu-nodes-0:5321:5321 [1] NCCL INFO GPU Direct RDMA Enabled for GPU/0-77824 (rank 9) - NET/0-0 ( using PXN via GPU/0-12288, distance 4 <= 6, read 1, mode Default)
gpu-nodes-0:5321:7184 [1] NCCL INFO New proxy send connection 2 from local rank 2, transport 2
gpu-nodes-0:5321:7184 [1] NCCL INFO New proxy send connection 3 from local rank 2, transport 2
gpu-nodes-0:5321:5321 [1] NCCL INFO Connected to proxy localRank 0 -> connection 0x7902ec004ff8
gpu-nodes-0:5321:5321 [1] NCCL INFO Channel 00/0 : 9[1] -> 0[0] [send] via NET/IB/0(8)/GDRDMA
gpu-nodes-0:5321:5321 [1] NCCL INFO GPU Direct RDMA Enabled for GPU/0-77824 (rank 9) - NET/0-0 ( using PXN via GPU/0-12288, distance 4 <= 6, read 1, mode Default)
gpu-nodes-0:5321:5321 [1] NCCL INFO Connected to proxy localRank 0 -> connection 0x7902ec005190
gpu-nodes-0:5321:5321 [1] NCCL INFO Channel 08/0 : 9[1] -> 0[0] [send] via NET/IB/0(8)/GDRDMA
gpu-nodes-0:5321:7184 [1] NCCL INFO New proxy recv connection 4 from local rank 1, transport 0
gpu-nodes-0:5321:5321 [1] NCCL INFO Connected to proxy localRank 1 -> connection 0x7f14640051c0
gpu-nodes-0:5321:7184 [1] NCCL INFO New proxy recv connection 5 from local rank 1, transport 0
gpu-nodes-0:5321:5321 [1] NCCL INFO Connected to proxy localRank 1 -> connection 0x7f1464005248
gpu-nodes-0:5321:7184 [1] NCCL INFO New proxy recv connection 6 from local rank 1, transport 0
gpu-nodes-0:5321:5321 [1] NCCL INFO Connected to proxy localRank 1 -> connection 0x7f14640052d0
gpu-nodes-0:5321:7184 [1] NCCL INFO New proxy recv connection 7 from local rank 1, transport 0
gpu-nodes-0:5321:5321 [1] NCCL INFO Connected to proxy localRank 1 -> connection 0x7f1464005358
gpu-nodes-0:5321:7184 [1] NCCL INFO New proxy recv connection 8 from local rank 1, transport 0
gpu-nodes-0:5321:5321 [1] NCCL INFO Connected to proxy localRank 1 -> connection 0x7f14640053e0
gpu-nodes-0:5321:7184 [1] NCCL INFO New proxy recv connection 9 from local rank 1, transport 0
gpu-nodes-0:5321:5321 [1] NCCL INFO Connected to proxy localRank 1 -> connection 0x7f1464005468
gpu-nodes-0:5321:7184 [1] NCCL INFO New proxy recv connection 10 from local rank 1, transport 0
gpu-nodes-0:5321:5321 [1] NCCL INFO Connected to proxy localRank 1 -> connection 0x7f14640054f0
gpu-nodes-0:5321:7184 [1] NCCL INFO New proxy recv connection 11 from local rank 1, transport 0
gpu-nodes-0:5321:5321 [1] NCCL INFO Connected to proxy localRank 1 -> connection 0x7f1464005578
gpu-nodes-0:5321:7184 [1] NCCL INFO New proxy recv connection 12 from local rank 1, transport 0
gpu-nodes-0:5321:5321 [1] NCCL INFO Connected to proxy localRank 1 -> connection 0x7f1464005600
gpu-nodes-0:5321:7184 [1] NCCL INFO New proxy recv connection 13 from local rank 1, transport 0
gpu-nodes-0:5321:5321 [1] NCCL INFO Connected to proxy localRank 1 -> connection 0x7f1464005688
gpu-nodes-0:5321:7184 [1] NCCL INFO New proxy recv connection 14 from local rank 1, transport 0
gpu-nodes-0:5321:5321 [1] NCCL INFO Connected to proxy localRank 1 -> connection 0x7f1464005710
gpu-nodes-0:5321:7184 [1] NCCL INFO New proxy recv connection 15 from local rank 1, transport 0
gpu-nodes-0:5321:5321 [1] NCCL INFO Connected to proxy localRank 1 -> connection 0x7f1464005798
gpu-nodes-0:5321:7184 [1] NCCL INFO New proxy recv connection 16 from local rank 1, transport 0
gpu-nodes-0:5321:5321 [1] NCCL INFO Connected to proxy localRank 1 -> connection 0x7f1464005820
gpu-nodes-0:5321:7184 [1] NCCL INFO New proxy recv connection 17 from local rank 1, transport 0
gpu-nodes-0:5321:5321 [1] NCCL INFO Connected to proxy localRank 1 -> connection 0x7f14640058a8
gpu-nodes-0:5321:5321 [1] NCCL INFO Channel 01/0 : 9[1] -> 8[0] via P2P/IPC
gpu-nodes-0:5321:7184 [1] NCCL INFO New proxy send connection 18 from local rank 1, transport 0
gpu-nodes-0:5321:5321 [1] NCCL INFO Connected to proxy localRank 1 -> connection 0x7f1464005930
gpu-nodes-0:5321:5321 [1] NCCL INFO Channel 02/0 : 9[1] -> 8[0] via P2P/IPC
gpu-nodes-0:5321:7184 [1] NCCL INFO New proxy send connection 19 from local rank 1, transport 0
gpu-nodes-0:5321:5321 [1] NCCL INFO Connected to proxy localRank 1 -> connection 0x7f14640059b8
gpu-nodes-0:5321:5321 [1] NCCL INFO Channel 03/0 : 9[1] -> 8[0] via P2P/IPC
gpu-nodes-0:5321:7184 [1] NCCL INFO New proxy send connection 20 from local rank 1, transport 0
gpu-nodes-0:5321:5321 [1] NCCL INFO Connected to proxy localRank 1 -> connection 0x7f1464005a40
gpu-nodes-0:5321:5321 [1] NCCL INFO Channel 04/0 : 9[1] -> 8[0] via P2P/IPC
gpu-nodes-0:5321:7184 [1] NCCL INFO New proxy send connection 21 from local rank 1, transport 0
gpu-nodes-0:5321:5321 [1] NCCL INFO Connected to proxy localRank 1 -> connection 0x7f1464005ac8
gpu-nodes-0:5321:5321 [1] NCCL INFO Channel 05/0 : 9[1] -> 8[0] via P2P/IPC
gpu-nodes-0:5321:7184 [1] NCCL INFO New proxy send connection 22 from local rank 1, transport 0
gpu-nodes-0:5321:5321 [1] NCCL INFO Connected to proxy localRank 1 -> connection 0x7f1464005b50
gpu-nodes-0:5321:5321 [1] NCCL INFO Channel 06/0 : 9[1] -> 8[0] via P2P/IPC
gpu-nodes-0:5321:7184 [1] NCCL INFO New proxy send connection 23 from local rank 1, transport 0
gpu-nodes-0:5321:5321 [1] NCCL INFO Connected to proxy localRank 1 -> connection 0x7f1464005bd8
gpu-nodes-0:5321:5321 [1] NCCL INFO Channel 07/0 : 9[1] -> 8[0] via P2P/IPC
gpu-nodes-0:5321:7184 [1] NCCL INFO New proxy send connection 24 from local rank 1, transport 0
gpu-nodes-0:5321:5321 [1] NCCL INFO Connected to proxy localRank 1 -> connection 0x7f1464005c60
gpu-nodes-0:5321:5321 [1] NCCL INFO Channel 09/0 : 9[1] -> 8[0] via P2P/IPC
gpu-nodes-0:5321:7184 [1] NCCL INFO New proxy send connection 25 from local rank 1, transport 0
gpu-nodes-0:5321:5321 [1] NCCL INFO Connected to proxy localRank 1 -> connection 0x7f1464005ce8
gpu-nodes-0:5321:5321 [1] NCCL INFO Channel 10/0 : 9[1] -> 8[0] via P2P/IPC
gpu-nodes-0:5321:7184 [1] NCCL INFO New proxy send connection 26 from local rank 1, transport 0
gpu-nodes-0:5321:5321 [1] NCCL INFO Connected to proxy localRank 1 -> connection 0x7f1464005d70
gpu-nodes-0:5321:5321 [1] NCCL INFO Channel 11/0 : 9[1] -> 8[0] via P2P/IPC
gpu-nodes-0:5321:7184 [1] NCCL INFO New proxy send connection 27 from local rank 1, transport 0
gpu-nodes-0:5321:5321 [1] NCCL INFO Connected to proxy localRank 1 -> connection 0x7f1464005df8
gpu-nodes-0:5321:5321 [1] NCCL INFO Channel 12/0 : 9[1] -> 8[0] via P2P/IPC
gpu-nodes-0:5321:7184 [1] NCCL INFO New proxy send connection 28 from local rank 1, transport 0
gpu-nodes-0:5321:5321 [1] NCCL INFO Connected to proxy localRank 1 -> connection 0x7f1464005e80
gpu-nodes-0:5321:5321 [1] NCCL INFO Channel 13/0 : 9[1] -> 8[0] via P2P/IPC
gpu-nodes-0:5321:7184 [1] NCCL INFO New proxy send connection 29 from local rank 1, transport 0
gpu-nodes-0:5321:5321 [1] NCCL INFO Connected to proxy localRank 1 -> connection 0x7f1464005f08
gpu-nodes-0:5321:5321 [1] NCCL INFO Channel 14/0 : 9[1] -> 8[0] via P2P/IPC
gpu-nodes-0:5321:7184 [1] NCCL INFO New proxy send connection 30 from local rank 1, transport 0
gpu-nodes-0:5321:5321 [1] NCCL INFO Connected to proxy localRank 1 -> connection 0x7f1464005f90
gpu-nodes-0:5321:5321 [1] NCCL INFO Channel 15/0 : 9[1] -> 8[0] via P2P/IPC
gpu-nodes-0:5321:7184 [1] NCCL INFO New proxy send connection 31 from local rank 1, transport 0
gpu-nodes-0:5321:5321 [1] NCCL INFO Connected to proxy localRank 1 -> connection 0x7f1464006018
gpu-nodes-0:5321:7184 [1] NCCL INFO NET/IB: ncclIbResiliencyInit: Resiliency is disabled on the recv communicator (comm=0x7f1464022000)
gpu-nodes-0:5321:7184 [1] NCCL INFO NET/IB: ncclIbRecvCommInit: Receive work requests will be posted on-demand
gpu-nodes-0:5321:7184 [1] NCCL INFO NET/IB: ncclIbResiliencyInit: Resiliency is disabled on the recv communicator (comm=0x7f1464061000)
gpu-nodes-0:5321:7184 [1] NCCL INFO NET/IB: ncclIbRecvCommInit: Receive work requests will be posted on-demand
gpu-nodes-0:5321:7184 [1] NCCL INFO NET/IB: ncclIbResiliencyInit: Resiliency is disabled on the send communicator (comm=0x7f14640a0000)
gpu-nodes-0:5321:7184 [1] NCCL INFO NET/IB: ncclIbResiliencyInit: Resiliency is disabled on the send communicator (comm=0x7f14640db000)
gpu-nodes-0:5321:7184 [1] NCCL INFO NET/IB: ncclIbSenderQpsCreate: QP created: port=1 dev=1 devName=mlx5_3 ndevs=14 nmdevs=16 qp_num=3059 pkey=0 pd=0x7f146405ec90
gpu-nodes-0:5321:7184 [1] NCCL INFO NET/IB: ncclIbConnect: NCCL Dev 1 IbDev 1 Port 1 qp_num 3059 mtu 5 LID 537 subnet-prefix 33022  FLID 0 ctsFifoRkey=0x155817 ctsFifoLkey=0x155817
gpu-nodes-0:5321:7184 [1] NCCL INFO NET/IB: ncclIbConnect: IbDev 1 Port 1 qp_num 3059 query_ece={supported=1, vendor_id=0x15b3, options=0x30000200, comp_mask=0x0}
gpu-nodes-0:5321:7184 [1] NCCL INFO NET/IB: ncclIbReceiverQpsCreateToRts: QP created: port=1 dev=1 devName=mlx5_3 ndevs=14 nmdevs=16 qp_num=3060 pkey=0 pd=0x7f146405ec90
gpu-nodes-0:5321:7184 [1] NCCL INFO NET/IB: ncclIbReceiverQpsCreateToRts: QP created: port=1 dev=1 devName=mlx5_3 ndevs=14 nmdevs=16 qp_num=3061 pkey=0 pd=0x7f146405ec90
gpu-nodes-0:5321:7184 [1] NCCL INFO NET/IB: ncclIbSenderQpsToRts: Set ECE: IbDev 1 Port 1 qp_num 3059 set_ece={supported=1, vendor_id=0x15b3, options=0x30000200, comp_mask=0x0}
gpu-nodes-0:5321:7184 [1] NCCL INFO NET/IB: ncclIbSenderQpsCreate: QP created: port=1 dev=1 devName=mlx5_3 ndevs=14 nmdevs=16 qp_num=3062 pkey=0 pd=0x7f146405ec90
gpu-nodes-0:5321:7184 [1] NCCL INFO NET/IB: ncclIbConnect: NCCL Dev 1 IbDev 1 Port 1 qp_num 3062 mtu 5 LID 537 subnet-prefix 33022  FLID 0 ctsFifoRkey=0x14f6b5 ctsFifoLkey=0x14f6b5
gpu-nodes-0:5321:7184 [1] NCCL INFO NET/IB: ncclIbConnect: IbDev 1 Port 1 qp_num 3062 query_ece={supported=1, vendor_id=0x15b3, options=0x30000200, comp_mask=0x0}
gpu-nodes-0:5321:7184 [1] NCCL INFO NET/IB: ncclIbReceiverQpsCreateToRts: QP created: port=1 dev=1 devName=mlx5_3 ndevs=14 nmdevs=16 qp_num=3063 pkey=0 pd=0x7f146405ec90
gpu-nodes-0:5321:7184 [1] NCCL INFO NET/IB: ncclIbReceiverQpsCreateToRts: QP created: port=1 dev=1 devName=mlx5_3 ndevs=14 nmdevs=16 qp_num=3064 pkey=0 pd=0x7f146405ec90
gpu-nodes-0:5321:7184 [1] NCCL INFO NET/IB: ncclIbSenderQpsToRts: Set ECE: IbDev 1 Port 1 qp_num 3062 set_ece={supported=1, vendor_id=0x15b3, options=0x30000200, comp_mask=0x0}
gpu-nodes-0:5321:5321 [1] NCCL INFO Connected all rings, use ring PXN 1 GDR 1
gpu-nodes-0:5321:7184 [1] NCCL INFO New proxy recv connection 32 from local rank 1, transport 0
gpu-nodes-0:5321:5321 [1] NCCL INFO Connected to proxy localRank 1 -> connection 0x7f14640060a0
gpu-nodes-0:5321:7184 [1] NCCL INFO New proxy recv connection 33 from local rank 1, transport 0
gpu-nodes-0:5321:5321 [1] NCCL INFO Connected to proxy localRank 1 -> connection 0x7f1464006128
gpu-nodes-0:5321:7184 [1] NCCL INFO New proxy recv connection 34 from local rank 1, transport 0
gpu-nodes-0:5321:5321 [1] NCCL INFO Connected to proxy localRank 1 -> connection 0x7f14640061b0
gpu-nodes-0:5321:7184 [1] NCCL INFO New proxy recv connection 35 from local rank 1, transport 0
gpu-nodes-0:5321:5321 [1] NCCL INFO Connected to proxy localRank 1 -> connection 0x7f1464006238
gpu-nodes-0:5321:7184 [1] NCCL INFO New proxy recv connection 36 from local rank 1, transport 0
gpu-nodes-0:5321:5321 [1] NCCL INFO Connected to proxy localRank 1 -> connection 0x7f14640062c0
gpu-nodes-0:5321:7184 [1] NCCL INFO New proxy recv connection 37 from local rank 1, transport 0
gpu-nodes-0:5321:5321 [1] NCCL INFO Connected to proxy localRank 1 -> connection 0x7f1464006348
gpu-nodes-0:5321:7184 [1] NCCL INFO New proxy recv connection 38 from local rank 1, transport 0
gpu-nodes-0:5321:5321 [1] NCCL INFO Connected to proxy localRank 1 -> connection 0x7f14640063d0
gpu-nodes-0:5321:7184 [1] NCCL INFO New proxy recv connection 39 from local rank 1, transport 0
gpu-nodes-0:5321:5321 [1] NCCL INFO Connected to proxy localRank 1 -> connection 0x7f1464006458
gpu-nodes-0:5321:7184 [1] NCCL INFO New proxy recv connection 40 from local rank 1, transport 0
gpu-nodes-0:5321:5321 [1] NCCL INFO Connected to proxy localRank 1 -> connection 0x7f14640064e0
gpu-nodes-0:5321:7184 [1] NCCL INFO New proxy recv connection 41 from local rank 1, transport 0
gpu-nodes-0:5321:5321 [1] NCCL INFO Connected to proxy localRank 1 -> connection 0x7f1464006568
gpu-nodes-0:5321:7184 [1] NCCL INFO New proxy recv connection 42 from local rank 1, transport 0
gpu-nodes-0:5321:5321 [1] NCCL INFO Connected to proxy localRank 1 -> connection 0x7f14640065f0
gpu-nodes-0:5321:7184 [1] NCCL INFO New proxy recv connection 43 from local rank 1, transport 0
gpu-nodes-0:5321:5321 [1] NCCL INFO Connected to proxy localRank 1 -> connection 0x7f1464006678
gpu-nodes-0:5321:7184 [1] NCCL INFO New proxy recv connection 44 from local rank 1, transport 0
gpu-nodes-0:5321:5321 [1] NCCL INFO Connected to proxy localRank 1 -> connection 0x7f1464006700
gpu-nodes-0:5321:7184 [1] NCCL INFO New proxy recv connection 45 from local rank 1, transport 0
gpu-nodes-0:5321:5321 [1] NCCL INFO Connected to proxy localRank 1 -> connection 0x7f1464006788
gpu-nodes-0:5321:5321 [1] NCCL INFO Channel 00/0 : 9[1] -> 10[2] via P2P/IPC
gpu-nodes-0:5321:7184 [1] NCCL INFO New proxy send connection 46 from local rank 1, transport 0
gpu-nodes-0:5321:5321 [1] NCCL INFO Connected to proxy localRank 1 -> connection 0x7f1464006810
gpu-nodes-0:5321:5321 [1] NCCL INFO Channel 01/0 : 9[1] -> 10[2] via P2P/IPC
gpu-nodes-0:5321:7184 [1] NCCL INFO New proxy send connection 47 from local rank 1, transport 0
gpu-nodes-0:5321:5321 [1] NCCL INFO Connected to proxy localRank 1 -> connection 0x7f1464006898
gpu-nodes-0:5321:5321 [1] NCCL INFO Channel 03/0 : 9[1] -> 10[2] via P2P/IPC
gpu-nodes-0:5321:7184 [1] NCCL INFO New proxy send connection 48 from local rank 1, transport 0
gpu-nodes-0:5321:5321 [1] NCCL INFO Connected to proxy localRank 1 -> connection 0x7f1464006920
gpu-nodes-0:5321:5321 [1] NCCL INFO Channel 04/0 : 9[1] -> 10[2] via P2P/IPC
gpu-nodes-0:5321:7184 [1] NCCL INFO New proxy send connection 49 from local rank 1, transport 0
gpu-nodes-0:5321:5321 [1] NCCL INFO Connected to proxy localRank 1 -> connection 0x7f14640069a8
gpu-nodes-0:5321:5321 [1] NCCL INFO Channel 05/0 : 9[1] -> 10[2] via P2P/IPC
gpu-nodes-0:5321:7184 [1] NCCL INFO New proxy send connection 50 from local rank 1, transport 0
gpu-nodes-0:5321:5321 [1] NCCL INFO Connected to proxy localRank 1 -> connection 0x7f1464006a30
gpu-nodes-0:5321:5321 [1] NCCL INFO Channel 06/0 : 9[1] -> 10[2] via P2P/IPC
gpu-nodes-0:5321:7184 [1] NCCL INFO New proxy send connection 51 from local rank 1, transport 0
gpu-nodes-0:5321:5321 [1] NCCL INFO Connected to proxy localRank 1 -> connection 0x7f1464006ab8
gpu-nodes-0:5321:5321 [1] NCCL INFO Channel 07/0 : 9[1] -> 10[2] via P2P/IPC
gpu-nodes-0:5321:7184 [1] NCCL INFO New proxy send connection 52 from local rank 1, transport 0
gpu-nodes-0:5321:5321 [1] NCCL INFO Connected to proxy localRank 1 -> connection 0x7f1464006b40
gpu-nodes-0:5321:5321 [1] NCCL INFO Channel 08/0 : 9[1] -> 10[2] via P2P/IPC
gpu-nodes-0:5321:7184 [1] NCCL INFO New proxy send connection 53 from local rank 1, transport 0
gpu-nodes-0:5321:5321 [1] NCCL INFO Connected to proxy localRank 1 -> connection 0x7f1464006bc8
gpu-nodes-0:5321:5321 [1] NCCL INFO Channel 09/0 : 9[1] -> 10[2] via P2P/IPC
gpu-nodes-0:5321:7184 [1] NCCL INFO New proxy send connection 54 from local rank 1, transport 0
gpu-nodes-0:5321:5321 [1] NCCL INFO Connected to proxy localRank 1 -> connection 0x7f1464006c50
gpu-nodes-0:5321:5321 [1] NCCL INFO Channel 11/0 : 9[1] -> 10[2] via P2P/IPC
gpu-nodes-0:5321:7184 [1] NCCL INFO New proxy send connection 55 from local rank 1, transport 0
gpu-nodes-0:5321:5321 [1] NCCL INFO Connected to proxy localRank 1 -> connection 0x7f1464006cd8
gpu-nodes-0:5321:5321 [1] NCCL INFO Channel 12/0 : 9[1] -> 10[2] via P2P/IPC
gpu-nodes-0:5321:7184 [1] NCCL INFO New proxy send connection 56 from local rank 1, transport 0
gpu-nodes-0:5321:5321 [1] NCCL INFO Connected to proxy localRank 1 -> connection 0x7f1464006d60
gpu-nodes-0:5321:5321 [1] NCCL INFO Channel 13/0 : 9[1] -> 10[2] via P2P/IPC
gpu-nodes-0:5321:7184 [1] NCCL INFO New proxy send connection 57 from local rank 1, transport 0
gpu-nodes-0:5321:5321 [1] NCCL INFO Connected to proxy localRank 1 -> connection 0x7f1464006de8
gpu-nodes-0:5321:5321 [1] NCCL INFO Channel 14/0 : 9[1] -> 10[2] via P2P/IPC
gpu-nodes-0:5321:7184 [1] NCCL INFO New proxy send connection 58 from local rank 1, transport 0
gpu-nodes-0:5321:5321 [1] NCCL INFO Connected to proxy localRank 1 -> connection 0x7f1464006e70
gpu-nodes-0:5321:5321 [1] NCCL INFO Channel 15/0 : 9[1] -> 10[2] via P2P/IPC
gpu-nodes-0:5321:7184 [1] NCCL INFO New proxy send connection 59 from local rank 1, transport 0
gpu-nodes-0:5321:5321 [1] NCCL INFO Connected to proxy localRank 1 -> connection 0x7f1464006ef8
gpu-nodes-0:5321:5321 [1] NCCL INFO GPU Direct RDMA Enabled for GPU/0-77824 (rank 9) - NET/0-1 (distance 4 <= 6, read 0, mode Default)
gpu-nodes-0:5321:7184 [1] NCCL INFO New proxy recv connection 60 from local rank 1, transport 2
gpu-nodes-0:5321:5321 [1] NCCL INFO Connected to proxy localRank 1 -> connection 0x7f1464006f80
gpu-nodes-0:5321:5321 [1] NCCL INFO Channel 01/0 : 1[1] -> 9[1] [receive] via NET/IB/1/GDRDMA
gpu-nodes-0:5321:5321 [1] NCCL INFO GPU Direct RDMA Enabled for GPU/0-77824 (rank 9) - NET/0-1 (distance 4 <= 6, read 0, mode Default)
gpu-nodes-0:5321:7184 [1] NCCL INFO New proxy recv connection 61 from local rank 1, transport 2
gpu-nodes-0:5321:5321 [1] NCCL INFO Connected to proxy localRank 1 -> connection 0x7f1464007008
gpu-nodes-0:5321:5321 [1] NCCL INFO Channel 09/0 : 1[1] -> 9[1] [receive] via NET/IB/1/GDRDMA
gpu-nodes-0:5321:5321 [1] NCCL INFO GPU Direct RDMA Enabled for GPU/0-77824 (rank 9) - NET/0-1 (distance 4 <= 6, read 1, mode Default)
gpu-nodes-0:5321:7184 [1] NCCL INFO New proxy send connection 62 from local rank 1, transport 2
gpu-nodes-0:5321:5321 [1] NCCL INFO Connected to proxy localRank 1 -> connection 0x7f1464007090
gpu-nodes-0:5321:5321 [1] NCCL INFO Channel 01/0 : 9[1] -> 1[1] [send] via NET/IB/1/GDRDMA
gpu-nodes-0:5321:5321 [1] NCCL INFO GPU Direct RDMA Enabled for GPU/0-77824 (rank 9) - NET/0-1 (distance 4 <= 6, read 1, mode Default)
gpu-nodes-0:5321:7184 [1] NCCL INFO New proxy send connection 63 from local rank 1, transport 2
gpu-nodes-0:5321:5321 [1] NCCL INFO Connected to proxy localRank 1 -> connection 0x7f1464007118
gpu-nodes-0:5321:5321 [1] NCCL INFO Channel 09/0 : 9[1] -> 1[1] [send] via NET/IB/1/GDRDMA
gpu-nodes-0:5321:7184 [1] NCCL INFO New proxy recv connection 64 from local rank 1, transport 0
gpu-nodes-0:5321:5321 [1] NCCL INFO Connected to proxy localRank 1 -> connection 0x7f14640071a0
gpu-nodes-0:5321:7184 [1] NCCL INFO New proxy recv connection 65 from local rank 1, transport 0
gpu-nodes-0:5321:5321 [1] NCCL INFO Connected to proxy localRank 1 -> connection 0x7f1464007228
gpu-nodes-0:5321:5321 [1] NCCL INFO Channel 00/0 : 9[1] -> 8[0] via P2P/IPC
gpu-nodes-0:5321:7184 [1] NCCL INFO New proxy send connection 66 from local rank 1, transport 0
gpu-nodes-0:5321:5321 [1] NCCL INFO Connected to proxy localRank 1 -> connection 0x7f14640072b0
gpu-nodes-0:5321:5321 [1] NCCL INFO Channel 08/0 : 9[1] -> 8[0] via P2P/IPC
gpu-nodes-0:5321:7184 [1] NCCL INFO New proxy send connection 67 from local rank 1, transport 0
gpu-nodes-0:5321:5321 [1] NCCL INFO Connected to proxy localRank 1 -> connection 0x7f1464007338
gpu-nodes-0:5321:7184 [1] NCCL INFO NET/IB: ncclIbResiliencyInit: Resiliency is disabled on the send communicator (comm=0x7f1464233000)
gpu-nodes-0:5321:7184 [1] NCCL INFO NET/IB: ncclIbResiliencyInit: Resiliency is disabled on the recv communicator (comm=0x7f146426e000)
gpu-nodes-0:5321:7184 [1] NCCL INFO NET/IB: ncclIbRecvCommInit: Receive work requests will be posted on-demand
gpu-nodes-0:5321:7184 [1] NCCL INFO NET/IB: ncclIbResiliencyInit: Resiliency is disabled on the send communicator (comm=0x7f14642ad000)
gpu-nodes-0:5321:7184 [1] NCCL INFO NET/IB: ncclIbResiliencyInit: Resiliency is disabled on the recv communicator (comm=0x7f14642e8000)
gpu-nodes-0:5321:7184 [1] NCCL INFO NET/IB: ncclIbRecvCommInit: Receive work requests will be posted on-demand
gpu-nodes-0:5321:7184 [1] NCCL INFO NET/IB: ncclIbSenderQpsCreate: QP created: port=1 dev=1 devName=mlx5_3 ndevs=14 nmdevs=16 qp_num=3065 pkey=0 pd=0x7f146405ec90
gpu-nodes-0:5321:7184 [1] NCCL INFO NET/IB: ncclIbConnect: NCCL Dev 1 IbDev 1 Port 1 qp_num 3065 mtu 5 LID 537 subnet-prefix 33022  FLID 0 ctsFifoRkey=0x1725e4 ctsFifoLkey=0x1725e4
gpu-nodes-0:5321:7184 [1] NCCL INFO NET/IB: ncclIbConnect: IbDev 1 Port 1 qp_num 3065 query_ece={supported=1, vendor_id=0x15b3, options=0x30000200, comp_mask=0x0}
gpu-nodes-0:5321:7184 [1] NCCL INFO NET/IB: ncclIbReceiverQpsCreateToRts: QP created: port=1 dev=1 devName=mlx5_3 ndevs=14 nmdevs=16 qp_num=3066 pkey=0 pd=0x7f146405ec90
gpu-nodes-0:5321:7184 [1] NCCL INFO NET/IB: ncclIbReceiverQpsCreateToRts: QP created: port=1 dev=1 devName=mlx5_3 ndevs=14 nmdevs=16 qp_num=3067 pkey=0 pd=0x7f146405ec90
gpu-nodes-0:5321:7184 [1] NCCL INFO NET/IB: ncclIbSenderQpsToRts: Set ECE: IbDev 1 Port 1 qp_num 3065 set_ece={supported=1, vendor_id=0x15b3, options=0x30000200, comp_mask=0x0}
gpu-nodes-0:5321:7184 [1] NCCL INFO NET/IB: ncclIbSenderQpsCreate: QP created: port=1 dev=1 devName=mlx5_3 ndevs=14 nmdevs=16 qp_num=3068 pkey=0 pd=0x7f146405ec90
gpu-nodes-0:5321:7184 [1] NCCL INFO NET/IB: ncclIbConnect: NCCL Dev 1 IbDev 1 Port 1 qp_num 3068 mtu 5 LID 537 subnet-prefix 33022  FLID 0 ctsFifoRkey=0x16df9c ctsFifoLkey=0x16df9c
gpu-nodes-0:5321:7184 [1] NCCL INFO NET/IB: ncclIbConnect: IbDev 1 Port 1 qp_num 3068 query_ece={supported=1, vendor_id=0x15b3, options=0x30000200, comp_mask=0x0}
gpu-nodes-0:5321:7184 [1] NCCL INFO NET/IB: ncclIbReceiverQpsCreateToRts: QP created: port=1 dev=1 devName=mlx5_3 ndevs=14 nmdevs=16 qp_num=3069 pkey=0 pd=0x7f146405ec90
gpu-nodes-0:5321:7184 [1] NCCL INFO NET/IB: ncclIbReceiverQpsCreateToRts: QP created: port=1 dev=1 devName=mlx5_3 ndevs=14 nmdevs=16 qp_num=3070 pkey=0 pd=0x7f146405ec90
gpu-nodes-0:5321:7184 [1] NCCL INFO NET/IB: ncclIbSenderQpsToRts: Set ECE: IbDev 1 Port 1 qp_num 3068 set_ece={supported=1, vendor_id=0x15b3, options=0x30000200, comp_mask=0x0}
gpu-nodes-0:5321:5321 [1] NCCL INFO Connected all trees
gpu-nodes-0:5321:5321 [1] NCCL INFO Connected to proxy localRank 0 -> connection 0x7902ec007390
gpu-nodes-0:5321:5321 [1] NCCL INFO NVLS comm 0x62b0c840 headRank 1 nHeads 8 nvlsRanks 8 buffSize 1048576 nvlsPerRankSize 67108864 nvlsTotalSize 536870912
gpu-nodes-0:5321:5321 [1] NCCL INFO GPU Direct RDMA Enabled for GPU/0-77824 (rank 9) - NET/0-1 (distance 4 <= 6, read 0, mode Default)
gpu-nodes-0:5321:7184 [1] NCCL INFO New proxy recv connection 68 from local rank 1, transport 2
gpu-nodes-0:5321:5321 [1] NCCL INFO Connected to proxy localRank 1 -> connection 0x7f14640073c0
gpu-nodes-0:5321:5321 [1] NCCL INFO Channel 00/0 : 1[1] -> 9[1] [receive] via NET/IB/1/GDRDMA
gpu-nodes-0:5321:5321 [1] NCCL INFO GPU Direct RDMA Enabled for GPU/0-77824 (rank 9) - NET/0-1 (distance 4 <= 6, read 0, mode Default)
gpu-nodes-0:5321:7184 [1] NCCL INFO New proxy recv connection 69 from local rank 1, transport 2
gpu-nodes-0:5321:5321 [1] NCCL INFO Connected to proxy localRank 1 -> connection 0x7f1464007448
gpu-nodes-0:5321:5321 [1] NCCL INFO Channel 02/0 : 1[1] -> 9[1] [receive] via NET/IB/1/GDRDMA
gpu-nodes-0:5321:5321 [1] NCCL INFO GPU Direct RDMA Enabled for GPU/0-77824 (rank 9) - NET/0-1 (distance 4 <= 6, read 0, mode Default)
gpu-nodes-0:5321:7184 [1] NCCL INFO New proxy recv connection 70 from local rank 1, transport 2
gpu-nodes-0:5321:5321 [1] NCCL INFO Connected to proxy localRank 1 -> connection 0x7f14640074d0
gpu-nodes-0:5321:5321 [1] NCCL INFO Channel 03/0 : 1[1] -> 9[1] [receive] via NET/IB/1/GDRDMA
gpu-nodes-0:5321:5321 [1] NCCL INFO GPU Direct RDMA Enabled for GPU/0-77824 (rank 9) - NET/0-1 (distance 4 <= 6, read 0, mode Default)
gpu-nodes-0:5321:7184 [1] NCCL INFO New proxy recv connection 71 from local rank 1, transport 2
gpu-nodes-0:5321:5321 [1] NCCL INFO Connected to proxy localRank 1 -> connection 0x7f1464007558
gpu-nodes-0:5321:5321 [1] NCCL INFO Channel 04/0 : 1[1] -> 9[1] [receive] via NET/IB/1/GDRDMA
gpu-nodes-0:5321:5321 [1] NCCL INFO GPU Direct RDMA Enabled for GPU/0-77824 (rank 9) - NET/0-1 (distance 4 <= 6, read 0, mode Default)
gpu-nodes-0:5321:7184 [1] NCCL INFO New proxy recv connection 72 from local rank 1, transport 2
gpu-nodes-0:5321:5321 [1] NCCL INFO Connected to proxy localRank 1 -> connection 0x7f14640075e0
gpu-nodes-0:5321:5321 [1] NCCL INFO Channel 05/0 : 1[1] -> 9[1] [receive] via NET/IB/1/GDRDMA
gpu-nodes-0:5321:5321 [1] NCCL INFO GPU Direct RDMA Enabled for GPU/0-77824 (rank 9) - NET/0-1 (distance 4 <= 6, read 0, mode Default)
gpu-nodes-0:5321:7184 [1] NCCL INFO New proxy recv connection 73 from local rank 1, transport 2
gpu-nodes-0:5321:5321 [1] NCCL INFO Connected to proxy localRank 1 -> connection 0x7f1464007668
gpu-nodes-0:5321:5321 [1] NCCL INFO Channel 06/0 : 1[1] -> 9[1] [receive] via NET/IB/1/GDRDMA
gpu-nodes-0:5321:5321 [1] NCCL INFO GPU Direct RDMA Enabled for GPU/0-77824 (rank 9) - NET/0-1 (distance 4 <= 6, read 0, mode Default)
gpu-nodes-0:5321:7184 [1] NCCL INFO New proxy recv connection 74 from local rank 1, transport 2
gpu-nodes-0:5321:5321 [1] NCCL INFO Connected to proxy localRank 1 -> connection 0x7f14640076f0
gpu-nodes-0:5321:5321 [1] NCCL INFO Channel 07/0 : 1[1] -> 9[1] [receive] via NET/IB/1/GDRDMA
gpu-nodes-0:5321:5321 [1] NCCL INFO GPU Direct RDMA Enabled for GPU/0-77824 (rank 9) - NET/0-1 (distance 4 <= 6, read 0, mode Default)
gpu-nodes-0:5321:7184 [1] NCCL INFO New proxy recv connection 75 from local rank 1, transport 2
gpu-nodes-0:5321:5321 [1] NCCL INFO Connected to proxy localRank 1 -> connection 0x7f1464007778
gpu-nodes-0:5321:5321 [1] NCCL INFO Channel 08/0 : 1[1] -> 9[1] [receive] via NET/IB/1/GDRDMA
gpu-nodes-0:5321:5321 [1] NCCL INFO GPU Direct RDMA Enabled for GPU/0-77824 (rank 9) - NET/0-1 (distance 4 <= 6, read 0, mode Default)
gpu-nodes-0:5321:7184 [1] NCCL INFO New proxy recv connection 76 from local rank 1, transport 2
gpu-nodes-0:5321:5321 [1] NCCL INFO Connected to proxy localRank 1 -> connection 0x7f1464007800
gpu-nodes-0:5321:5321 [1] NCCL INFO Channel 10/0 : 1[1] -> 9[1] [receive] via NET/IB/1/GDRDMA
gpu-nodes-0:5321:5321 [1] NCCL INFO GPU Direct RDMA Enabled for GPU/0-77824 (rank 9) - NET/0-1 (distance 4 <= 6, read 0, mode Default)
gpu-nodes-0:5321:7184 [1] NCCL INFO New proxy recv connection 77 from local rank 1, transport 2
gpu-nodes-0:5321:5321 [1] NCCL INFO Connected to proxy localRank 1 -> connection 0x7f1464007888
gpu-nodes-0:5321:5321 [1] NCCL INFO Channel 11/0 : 1[1] -> 9[1] [receive] via NET/IB/1/GDRDMA
gpu-nodes-0:5321:5321 [1] NCCL INFO GPU Direct RDMA Enabled for GPU/0-77824 (rank 9) - NET/0-1 (distance 4 <= 6, read 0, mode Default)
gpu-nodes-0:5321:7184 [1] NCCL INFO New proxy recv connection 78 from local rank 1, transport 2
gpu-nodes-0:5321:5321 [1] NCCL INFO Connected to proxy localRank 1 -> connection 0x7f1464007910
gpu-nodes-0:5321:5321 [1] NCCL INFO Channel 12/0 : 1[1] -> 9[1] [receive] via NET/IB/1/GDRDMA
gpu-nodes-0:5321:5321 [1] NCCL INFO GPU Direct RDMA Enabled for GPU/0-77824 (rank 9) - NET/0-1 (distance 4 <= 6, read 0, mode Default)
gpu-nodes-0:5321:7184 [1] NCCL INFO New proxy recv connection 79 from local rank 1, transport 2
gpu-nodes-0:5321:5321 [1] NCCL INFO Connected to proxy localRank 1 -> connection 0x7f1464007998
gpu-nodes-0:5321:5321 [1] NCCL INFO Channel 13/0 : 1[1] -> 9[1] [receive] via NET/IB/1/GDRDMA
gpu-nodes-0:5321:5321 [1] NCCL INFO GPU Direct RDMA Enabled for GPU/0-77824 (rank 9) - NET/0-1 (distance 4 <= 6, read 0, mode Default)
gpu-nodes-0:5321:7184 [1] NCCL INFO New proxy recv connection 80 from local rank 1, transport 2
gpu-nodes-0:5321:5321 [1] NCCL INFO Connected to proxy localRank 1 -> connection 0x7f1464007a20
gpu-nodes-0:5321:5321 [1] NCCL INFO Channel 14/0 : 1[1] -> 9[1] [receive] via NET/IB/1/GDRDMA
gpu-nodes-0:5321:5321 [1] NCCL INFO GPU Direct RDMA Enabled for GPU/0-77824 (rank 9) - NET/0-1 (distance 4 <= 6, read 0, mode Default)
gpu-nodes-0:5321:7184 [1] NCCL INFO New proxy recv connection 81 from local rank 1, transport 2
gpu-nodes-0:5321:5321 [1] NCCL INFO Connected to proxy localRank 1 -> connection 0x7f1464007aa8
gpu-nodes-0:5321:5321 [1] NCCL INFO Channel 15/0 : 1[1] -> 9[1] [receive] via NET/IB/1/GDRDMA
gpu-nodes-0:5321:5321 [1] NCCL INFO GPU Direct RDMA Enabled for GPU/0-77824 (rank 9) - NET/0-1 (distance 4 <= 6, read 0, mode Default)
gpu-nodes-0:5321:7184 [1] NCCL INFO New proxy recv connection 82 from local rank 1, transport 2
gpu-nodes-0:5321:5321 [1] NCCL INFO Connected to proxy localRank 1 -> connection 0x7f1464007b30
gpu-nodes-0:5321:5321 [1] NCCL INFO Channel 16/0 : 1[1] -> 9[1] [receive] via NET/IB/1/GDRDMA
gpu-nodes-0:5321:5321 [1] NCCL INFO GPU Direct RDMA Enabled for GPU/0-77824 (rank 9) - NET/0-1 (distance 4 <= 6, read 0, mode Default)
gpu-nodes-0:5321:7184 [1] NCCL INFO New proxy recv connection 83 from local rank 1, transport 2
gpu-nodes-0:5321:5321 [1] NCCL INFO Connected to proxy localRank 1 -> connection 0x7f1464007bb8
gpu-nodes-0:5321:5321 [1] NCCL INFO Channel 17/0 : 1[1] -> 9[1] [receive] via NET/IB/1/GDRDMA
gpu-nodes-0:5321:5321 [1] NCCL INFO GPU Direct RDMA Enabled for GPU/0-77824 (rank 9) - NET/0-1 (distance 4 <= 6, read 0, mode Default)
gpu-nodes-0:5321:7184 [1] NCCL INFO New proxy recv connection 84 from local rank 1, transport 2
gpu-nodes-0:5321:5321 [1] NCCL INFO Connected to proxy localRank 1 -> connection 0x7f1464007c40
gpu-nodes-0:5321:5321 [1] NCCL INFO Channel 18/0 : 1[1] -> 9[1] [receive] via NET/IB/1/GDRDMA
gpu-nodes-0:5321:5321 [1] NCCL INFO GPU Direct RDMA Enabled for GPU/0-77824 (rank 9) - NET/0-1 (distance 4 <= 6, read 0, mode Default)
gpu-nodes-0:5321:7184 [1] NCCL INFO New proxy recv connection 85 from local rank 1, transport 2
gpu-nodes-0:5321:5321 [1] NCCL INFO Connected to proxy localRank 1 -> connection 0x7f1464007cc8
gpu-nodes-0:5321:5321 [1] NCCL INFO Channel 19/0 : 1[1] -> 9[1] [receive] via NET/IB/1/GDRDMA
gpu-nodes-0:5321:5321 [1] NCCL INFO GPU Direct RDMA Enabled for GPU/0-77824 (rank 9) - NET/0-1 (distance 4 <= 6, read 0, mode Default)
gpu-nodes-0:5321:7184 [1] NCCL INFO New proxy recv connection 86 from local rank 1, transport 2
gpu-nodes-0:5321:5321 [1] NCCL INFO Connected to proxy localRank 1 -> connection 0x7f1464007d50
gpu-nodes-0:5321:5321 [1] NCCL INFO Channel 20/0 : 1[1] -> 9[1] [receive] via NET/IB/1/GDRDMA
gpu-nodes-0:5321:5321 [1] NCCL INFO GPU Direct RDMA Enabled for GPU/0-77824 (rank 9) - NET/0-1 (distance 4 <= 6, read 0, mode Default)
gpu-nodes-0:5321:7184 [1] NCCL INFO New proxy recv connection 87 from local rank 1, transport 2
gpu-nodes-0:5321:5321 [1] NCCL INFO Connected to proxy localRank 1 -> connection 0x7f1464007dd8
gpu-nodes-0:5321:5321 [1] NCCL INFO Channel 21/0 : 1[1] -> 9[1] [receive] via NET/IB/1/GDRDMA
gpu-nodes-0:5321:5321 [1] NCCL INFO GPU Direct RDMA Enabled for GPU/0-77824 (rank 9) - NET/0-1 (distance 4 <= 6, read 0, mode Default)
gpu-nodes-0:5321:7184 [1] NCCL INFO New proxy recv connection 88 from local rank 1, transport 2
gpu-nodes-0:5321:5321 [1] NCCL INFO Connected to proxy localRank 1 -> connection 0x7f1464007e60
gpu-nodes-0:5321:5321 [1] NCCL INFO Channel 22/0 : 1[1] -> 9[1] [receive] via NET/IB/1/GDRDMA
gpu-nodes-0:5321:5321 [1] NCCL INFO GPU Direct RDMA Enabled for GPU/0-77824 (rank 9) - NET/0-1 (distance 4 <= 6, read 0, mode Default)
gpu-nodes-0:5321:7184 [1] NCCL INFO New proxy recv connection 89 from local rank 1, transport 2
gpu-nodes-0:5321:5321 [1] NCCL INFO Connected to proxy localRank 1 -> connection 0x7f1464007ee8
gpu-nodes-0:5321:5321 [1] NCCL INFO Channel 23/0 : 1[1] -> 9[1] [receive] via NET/IB/1/GDRDMA
gpu-nodes-0:5321:5321 [1] NCCL INFO GPU Direct RDMA Enabled for GPU/0-77824 (rank 9) - NET/0-1 (distance 4 <= 6, read 0, mode Default)
gpu-nodes-0:5321:7184 [1] NCCL INFO New proxy recv connection 90 from local rank 1, transport 2
gpu-nodes-0:5321:5321 [1] NCCL INFO Connected to proxy localRank 1 -> connection 0x7f1464007f70
gpu-nodes-0:5321:5321 [1] NCCL INFO Channel 24/0 : 1[1] -> 9[1] [receive] via NET/IB/1/GDRDMA
gpu-nodes-0:5321:5321 [1] NCCL INFO GPU Direct RDMA Enabled for GPU/0-77824 (rank 9) - NET/0-1 (distance 4 <= 6, read 0, mode Default)
gpu-nodes-0:5321:7184 [1] NCCL INFO New proxy recv connection 91 from local rank 1, transport 2
gpu-nodes-0:5321:5321 [1] NCCL INFO Connected to proxy localRank 1 -> connection 0x7f1464007ff8
gpu-nodes-0:5321:5321 [1] NCCL INFO Channel 25/0 : 1[1] -> 9[1] [receive] via NET/IB/1/GDRDMA
gpu-nodes-0:5321:5321 [1] NCCL INFO GPU Direct RDMA Enabled for GPU/0-77824 (rank 9) - NET/0-1 (distance 4 <= 6, read 0, mode Default)
gpu-nodes-0:5321:7184 [1] NCCL INFO New proxy recv connection 92 from local rank 1, transport 2
gpu-nodes-0:5321:5321 [1] NCCL INFO Connected to proxy localRank 1 -> connection 0x7f1464008080
gpu-nodes-0:5321:5321 [1] NCCL INFO Channel 26/0 : 1[1] -> 9[1] [receive] via NET/IB/1/GDRDMA
gpu-nodes-0:5321:5321 [1] NCCL INFO GPU Direct RDMA Enabled for GPU/0-77824 (rank 9) - NET/0-1 (distance 4 <= 6, read 0, mode Default)
gpu-nodes-0:5321:7184 [1] NCCL INFO New proxy recv connection 93 from local rank 1, transport 2
gpu-nodes-0:5321:5321 [1] NCCL INFO Connected to proxy localRank 1 -> connection 0x7f1464008108
gpu-nodes-0:5321:5321 [1] NCCL INFO Channel 27/0 : 1[1] -> 9[1] [receive] via NET/IB/1/GDRDMA
gpu-nodes-0:5321:5321 [1] NCCL INFO GPU Direct RDMA Enabled for GPU/0-77824 (rank 9) - NET/0-1 (distance 4 <= 6, read 0, mode Default)
gpu-nodes-0:5321:7184 [1] NCCL INFO New proxy recv connection 94 from local rank 1, transport 2
gpu-nodes-0:5321:5321 [1] NCCL INFO Connected to proxy localRank 1 -> connection 0x7f1464008190
gpu-nodes-0:5321:5321 [1] NCCL INFO Channel 28/0 : 1[1] -> 9[1] [receive] via NET/IB/1/GDRDMA
gpu-nodes-0:5321:5321 [1] NCCL INFO GPU Direct RDMA Enabled for GPU/0-77824 (rank 9) - NET/0-1 (distance 4 <= 6, read 0, mode Default)
gpu-nodes-0:5321:7184 [1] NCCL INFO New proxy recv connection 95 from local rank 1, transport 2
gpu-nodes-0:5321:5321 [1] NCCL INFO Connected to proxy localRank 1 -> connection 0x7f1464008218
gpu-nodes-0:5321:5321 [1] NCCL INFO Channel 29/0 : 1[1] -> 9[1] [receive] via NET/IB/1/GDRDMA
gpu-nodes-0:5321:5321 [1] NCCL INFO GPU Direct RDMA Enabled for GPU/0-77824 (rank 9) - NET/0-1 (distance 4 <= 6, read 0, mode Default)
gpu-nodes-0:5321:7184 [1] NCCL INFO New proxy recv connection 96 from local rank 1, transport 2
gpu-nodes-0:5321:5321 [1] NCCL INFO Connected to proxy localRank 1 -> connection 0x7f14640082a0
gpu-nodes-0:5321:5321 [1] NCCL INFO Channel 30/0 : 1[1] -> 9[1] [receive] via NET/IB/1/GDRDMA
gpu-nodes-0:5321:5321 [1] NCCL INFO GPU Direct RDMA Enabled for GPU/0-77824 (rank 9) - NET/0-1 (distance 4 <= 6, read 0, mode Default)
gpu-nodes-0:5321:7184 [1] NCCL INFO New proxy recv connection 97 from local rank 1, transport 2
gpu-nodes-0:5321:5321 [1] NCCL INFO Connected to proxy localRank 1 -> connection 0x7f1464008328
gpu-nodes-0:5321:5321 [1] NCCL INFO Channel 31/0 : 1[1] -> 9[1] [receive] via NET/IB/1/GDRDMA
gpu-nodes-0:5321:5321 [1] NCCL INFO GPU Direct RDMA Enabled for GPU/0-77824 (rank 9) - NET/0-1 (distance 4 <= 6, read 1, mode Default)
gpu-nodes-0:5321:7184 [1] NCCL INFO New proxy send connection 98 from local rank 1, transport 2
gpu-nodes-0:5321:5321 [1] NCCL INFO Connected to proxy localRank 1 -> connection 0x7f14640083b0
gpu-nodes-0:5321:5321 [1] NCCL INFO Channel 00/0 : 9[1] -> 1[1] [send] via NET/IB/1/GDRDMA
gpu-nodes-0:5321:5321 [1] NCCL INFO GPU Direct RDMA Enabled for GPU/0-77824 (rank 9) - NET/0-1 (distance 4 <= 6, read 1, mode Default)
gpu-nodes-0:5321:7184 [1] NCCL INFO New proxy send connection 99 from local rank 1, transport 2
gpu-nodes-0:5321:5321 [1] NCCL INFO Connected to proxy localRank 1 -> connection 0x7f1464008438
gpu-nodes-0:5321:5321 [1] NCCL INFO Channel 02/0 : 9[1] -> 1[1] [send] via NET/IB/1/GDRDMA
gpu-nodes-0:5321:5321 [1] NCCL INFO GPU Direct RDMA Enabled for GPU/0-77824 (rank 9) - NET/0-1 (distance 4 <= 6, read 1, mode Default)
gpu-nodes-0:5321:7184 [1] NCCL INFO New proxy send connection 100 from local rank 1, transport 2
gpu-nodes-0:5321:5321 [1] NCCL INFO Connected to proxy localRank 1 -> connection 0x7f14640084c0
gpu-nodes-0:5321:5321 [1] NCCL INFO Channel 03/0 : 9[1] -> 1[1] [send] via NET/IB/1/GDRDMA
gpu-nodes-0:5321:5321 [1] NCCL INFO GPU Direct RDMA Enabled for GPU/0-77824 (rank 9) - NET/0-1 (distance 4 <= 6, read 1, mode Default)
gpu-nodes-0:5321:7184 [1] NCCL INFO New proxy send connection 101 from local rank 1, transport 2
gpu-nodes-0:5321:5321 [1] NCCL INFO Connected to proxy localRank 1 -> connection 0x7f1464008548
gpu-nodes-0:5321:5321 [1] NCCL INFO Channel 04/0 : 9[1] -> 1[1] [send] via NET/IB/1/GDRDMA
gpu-nodes-0:5321:5321 [1] NCCL INFO GPU Direct RDMA Enabled for GPU/0-77824 (rank 9) - NET/0-1 (distance 4 <= 6, read 1, mode Default)
gpu-nodes-0:5321:7184 [1] NCCL INFO New proxy send connection 102 from local rank 1, transport 2
gpu-nodes-0:5321:5321 [1] NCCL INFO Connected to proxy localRank 1 -> connection 0x7f14640085d0
gpu-nodes-0:5321:5321 [1] NCCL INFO Channel 05/0 : 9[1] -> 1[1] [send] via NET/IB/1/GDRDMA
gpu-nodes-0:5321:5321 [1] NCCL INFO GPU Direct RDMA Enabled for GPU/0-77824 (rank 9) - NET/0-1 (distance 4 <= 6, read 1, mode Default)
gpu-nodes-0:5321:7184 [1] NCCL INFO New proxy send connection 103 from local rank 1, transport 2
gpu-nodes-0:5321:5321 [1] NCCL INFO Connected to proxy localRank 1 -> connection 0x7f1464008658
gpu-nodes-0:5321:5321 [1] NCCL INFO Channel 06/0 : 9[1] -> 1[1] [send] via NET/IB/1/GDRDMA
gpu-nodes-0:5321:5321 [1] NCCL INFO GPU Direct RDMA Enabled for GPU/0-77824 (rank 9) - NET/0-1 (distance 4 <= 6, read 1, mode Default)
gpu-nodes-0:5321:7184 [1] NCCL INFO New proxy send connection 104 from local rank 1, transport 2
gpu-nodes-0:5321:5321 [1] NCCL INFO Connected to proxy localRank 1 -> connection 0x7f14640086e0
gpu-nodes-0:5321:5321 [1] NCCL INFO Channel 07/0 : 9[1] -> 1[1] [send] via NET/IB/1/GDRDMA
gpu-nodes-0:5321:5321 [1] NCCL INFO GPU Direct RDMA Enabled for GPU/0-77824 (rank 9) - NET/0-1 (distance 4 <= 6, read 1, mode Default)
gpu-nodes-0:5321:7184 [1] NCCL INFO New proxy send connection 105 from local rank 1, transport 2
gpu-nodes-0:5321:5321 [1] NCCL INFO Connected to proxy localRank 1 -> connection 0x7f1464008768
gpu-nodes-0:5321:5321 [1] NCCL INFO Channel 08/0 : 9[1] -> 1[1] [send] via NET/IB/1/GDRDMA
gpu-nodes-0:5321:5321 [1] NCCL INFO GPU Direct RDMA Enabled for GPU/0-77824 (rank 9) - NET/0-1 (distance 4 <= 6, read 1, mode Default)
gpu-nodes-0:5321:7184 [1] NCCL INFO New proxy send connection 106 from local rank 1, transport 2
gpu-nodes-0:5321:5321 [1] NCCL INFO Connected to proxy localRank 1 -> connection 0x7f14640087f0
gpu-nodes-0:5321:5321 [1] NCCL INFO Channel 10/0 : 9[1] -> 1[1] [send] via NET/IB/1/GDRDMA
gpu-nodes-0:5321:5321 [1] NCCL INFO GPU Direct RDMA Enabled for GPU/0-77824 (rank 9) - NET/0-1 (distance 4 <= 6, read 1, mode Default)
gpu-nodes-0:5321:7184 [1] NCCL INFO New proxy send connection 107 from local rank 1, transport 2
gpu-nodes-0:5321:5321 [1] NCCL INFO Connected to proxy localRank 1 -> connection 0x7f1464008878
gpu-nodes-0:5321:5321 [1] NCCL INFO Channel 11/0 : 9[1] -> 1[1] [send] via NET/IB/1/GDRDMA
gpu-nodes-0:5321:5321 [1] NCCL INFO GPU Direct RDMA Enabled for GPU/0-77824 (rank 9) - NET/0-1 (distance 4 <= 6, read 1, mode Default)
gpu-nodes-0:5321:7184 [1] NCCL INFO New proxy send connection 108 from local rank 1, transport 2
gpu-nodes-0:5321:5321 [1] NCCL INFO Connected to proxy localRank 1 -> connection 0x7f1464008900
gpu-nodes-0:5321:5321 [1] NCCL INFO Channel 12/0 : 9[1] -> 1[1] [send] via NET/IB/1/GDRDMA
gpu-nodes-0:5321:5321 [1] NCCL INFO GPU Direct RDMA Enabled for GPU/0-77824 (rank 9) - NET/0-1 (distance 4 <= 6, read 1, mode Default)
gpu-nodes-0:5321:7184 [1] NCCL INFO New proxy send connection 109 from local rank 1, transport 2
gpu-nodes-0:5321:5321 [1] NCCL INFO Connected to proxy localRank 1 -> connection 0x7f1464008988
gpu-nodes-0:5321:5321 [1] NCCL INFO Channel 13/0 : 9[1] -> 1[1] [send] via NET/IB/1/GDRDMA
gpu-nodes-0:5321:5321 [1] NCCL INFO GPU Direct RDMA Enabled for GPU/0-77824 (rank 9) - NET/0-1 (distance 4 <= 6, read 1, mode Default)
gpu-nodes-0:5321:7184 [1] NCCL INFO New proxy send connection 110 from local rank 1, transport 2
gpu-nodes-0:5321:5321 [1] NCCL INFO Connected to proxy localRank 1 -> connection 0x7f1464008a10
gpu-nodes-0:5321:5321 [1] NCCL INFO Channel 14/0 : 9[1] -> 1[1] [send] via NET/IB/1/GDRDMA
gpu-nodes-0:5321:5321 [1] NCCL INFO GPU Direct RDMA Enabled for GPU/0-77824 (rank 9) - NET/0-1 (distance 4 <= 6, read 1, mode Default)
gpu-nodes-0:5321:7184 [1] NCCL INFO New proxy send connection 111 from local rank 1, transport 2
gpu-nodes-0:5321:5321 [1] NCCL INFO Connected to proxy localRank 1 -> connection 0x7f1464008a98
gpu-nodes-0:5321:5321 [1] NCCL INFO Channel 15/0 : 9[1] -> 1[1] [send] via NET/IB/1/GDRDMA
gpu-nodes-0:5321:5321 [1] NCCL INFO GPU Direct RDMA Enabled for GPU/0-77824 (rank 9) - NET/0-1 (distance 4 <= 6, read 1, mode Default)
gpu-nodes-0:5321:7184 [1] NCCL INFO New proxy send connection 112 from local rank 1, transport 2
gpu-nodes-0:5321:5321 [1] NCCL INFO Connected to proxy localRank 1 -> connection 0x7f1464008b20
gpu-nodes-0:5321:5321 [1] NCCL INFO Channel 16/0 : 9[1] -> 1[1] [send] via NET/IB/1/GDRDMA
gpu-nodes-0:5321:5321 [1] NCCL INFO GPU Direct RDMA Enabled for GPU/0-77824 (rank 9) - NET/0-1 (distance 4 <= 6, read 1, mode Default)
gpu-nodes-0:5321:7184 [1] NCCL INFO New proxy send connection 113 from local rank 1, transport 2
gpu-nodes-0:5321:5321 [1] NCCL INFO Connected to proxy localRank 1 -> connection 0x7f1464008ba8
gpu-nodes-0:5321:5321 [1] NCCL INFO Channel 17/0 : 9[1] -> 1[1] [send] via NET/IB/1/GDRDMA
gpu-nodes-0:5321:5321 [1] NCCL INFO GPU Direct RDMA Enabled for GPU/0-77824 (rank 9) - NET/0-1 (distance 4 <= 6, read 1, mode Default)
gpu-nodes-0:5321:7184 [1] NCCL INFO New proxy send connection 114 from local rank 1, transport 2
gpu-nodes-0:5321:5321 [1] NCCL INFO Connected to proxy localRank 1 -> connection 0x7f1464008c30
gpu-nodes-0:5321:5321 [1] NCCL INFO Channel 18/0 : 9[1] -> 1[1] [send] via NET/IB/1/GDRDMA
gpu-nodes-0:5321:5321 [1] NCCL INFO GPU Direct RDMA Enabled for GPU/0-77824 (rank 9) - NET/0-1 (distance 4 <= 6, read 1, mode Default)
gpu-nodes-0:5321:7184 [1] NCCL INFO New proxy send connection 115 from local rank 1, transport 2
gpu-nodes-0:5321:5321 [1] NCCL INFO Connected to proxy localRank 1 -> connection 0x7f1464008cb8
gpu-nodes-0:5321:5321 [1] NCCL INFO Channel 19/0 : 9[1] -> 1[1] [send] via NET/IB/1/GDRDMA
gpu-nodes-0:5321:5321 [1] NCCL INFO GPU Direct RDMA Enabled for GPU/0-77824 (rank 9) - NET/0-1 (distance 4 <= 6, read 1, mode Default)
gpu-nodes-0:5321:7184 [1] NCCL INFO New proxy send connection 116 from local rank 1, transport 2
gpu-nodes-0:5321:5321 [1] NCCL INFO Connected to proxy localRank 1 -> connection 0x7f1464008d40
gpu-nodes-0:5321:5321 [1] NCCL INFO Channel 20/0 : 9[1] -> 1[1] [send] via NET/IB/1/GDRDMA
gpu-nodes-0:5321:5321 [1] NCCL INFO GPU Direct RDMA Enabled for GPU/0-77824 (rank 9) - NET/0-1 (distance 4 <= 6, read 1, mode Default)
gpu-nodes-0:5321:7184 [1] NCCL INFO New proxy send connection 117 from local rank 1, transport 2
gpu-nodes-0:5321:5321 [1] NCCL INFO Connected to proxy localRank 1 -> connection 0x7f1464008dc8
gpu-nodes-0:5321:5321 [1] NCCL INFO Channel 21/0 : 9[1] -> 1[1] [send] via NET/IB/1/GDRDMA
gpu-nodes-0:5321:5321 [1] NCCL INFO GPU Direct RDMA Enabled for GPU/0-77824 (rank 9) - NET/0-1 (distance 4 <= 6, read 1, mode Default)
gpu-nodes-0:5321:7184 [1] NCCL INFO New proxy send connection 118 from local rank 1, transport 2
gpu-nodes-0:5321:5321 [1] NCCL INFO Connected to proxy localRank 1 -> connection 0x7f1464008e50
gpu-nodes-0:5321:5321 [1] NCCL INFO Channel 22/0 : 9[1] -> 1[1] [send] via NET/IB/1/GDRDMA
gpu-nodes-0:5321:5321 [1] NCCL INFO GPU Direct RDMA Enabled for GPU/0-77824 (rank 9) - NET/0-1 (distance 4 <= 6, read 1, mode Default)
gpu-nodes-0:5321:7184 [1] NCCL INFO New proxy send connection 119 from local rank 1, transport 2
gpu-nodes-0:5321:5321 [1] NCCL INFO Connected to proxy localRank 1 -> connection 0x7f1464008ed8
gpu-nodes-0:5321:5321 [1] NCCL INFO Channel 23/0 : 9[1] -> 1[1] [send] via NET/IB/1/GDRDMA
gpu-nodes-0:5321:5321 [1] NCCL INFO GPU Direct RDMA Enabled for GPU/0-77824 (rank 9) - NET/0-1 (distance 4 <= 6, read 1, mode Default)
gpu-nodes-0:5321:7184 [1] NCCL INFO New proxy send connection 120 from local rank 1, transport 2
gpu-nodes-0:5321:5321 [1] NCCL INFO Connected to proxy localRank 1 -> connection 0x7f1464008f60
gpu-nodes-0:5321:5321 [1] NCCL INFO Channel 24/0 : 9[1] -> 1[1] [send] via NET/IB/1/GDRDMA
gpu-nodes-0:5321:5321 [1] NCCL INFO GPU Direct RDMA Enabled for GPU/0-77824 (rank 9) - NET/0-1 (distance 4 <= 6, read 1, mode Default)
gpu-nodes-0:5321:7184 [1] NCCL INFO New proxy send connection 121 from local rank 1, transport 2
gpu-nodes-0:5321:5321 [1] NCCL INFO Connected to proxy localRank 1 -> connection 0x7f1464008fe8
gpu-nodes-0:5321:5321 [1] NCCL INFO Channel 25/0 : 9[1] -> 1[1] [send] via NET/IB/1/GDRDMA
gpu-nodes-0:5321:5321 [1] NCCL INFO GPU Direct RDMA Enabled for GPU/0-77824 (rank 9) - NET/0-1 (distance 4 <= 6, read 1, mode Default)
gpu-nodes-0:5321:7184 [1] NCCL INFO New proxy send connection 122 from local rank 1, transport 2
gpu-nodes-0:5321:5321 [1] NCCL INFO Connected to proxy localRank 1 -> connection 0x7f1464009070
gpu-nodes-0:5321:5321 [1] NCCL INFO Channel 26/0 : 9[1] -> 1[1] [send] via NET/IB/1/GDRDMA
gpu-nodes-0:5321:5321 [1] NCCL INFO GPU Direct RDMA Enabled for GPU/0-77824 (rank 9) - NET/0-1 (distance 4 <= 6, read 1, mode Default)
gpu-nodes-0:5321:7184 [1] NCCL INFO New proxy send connection 123 from local rank 1, transport 2
gpu-nodes-0:5321:5321 [1] NCCL INFO Connected to proxy localRank 1 -> connection 0x7f14640090f8
gpu-nodes-0:5321:5321 [1] NCCL INFO Channel 27/0 : 9[1] -> 1[1] [send] via NET/IB/1/GDRDMA
gpu-nodes-0:5321:5321 [1] NCCL INFO GPU Direct RDMA Enabled for GPU/0-77824 (rank 9) - NET/0-1 (distance 4 <= 6, read 1, mode Default)
gpu-nodes-0:5321:7184 [1] NCCL INFO New proxy send connection 124 from local rank 1, transport 2
gpu-nodes-0:5321:5321 [1] NCCL INFO Connected to proxy localRank 1 -> connection 0x7f1464009180
gpu-nodes-0:5321:5321 [1] NCCL INFO Channel 28/0 : 9[1] -> 1[1] [send] via NET/IB/1/GDRDMA
gpu-nodes-0:5321:5321 [1] NCCL INFO GPU Direct RDMA Enabled for GPU/0-77824 (rank 9) - NET/0-1 (distance 4 <= 6, read 1, mode Default)
gpu-nodes-0:5321:7184 [1] NCCL INFO New proxy send connection 125 from local rank 1, transport 2
gpu-nodes-0:5321:5321 [1] NCCL INFO Connected to proxy localRank 1 -> connection 0x7f1464009208
gpu-nodes-0:5321:5321 [1] NCCL INFO Channel 29/0 : 9[1] -> 1[1] [send] via NET/IB/1/GDRDMA
gpu-nodes-0:5321:5321 [1] NCCL INFO GPU Direct RDMA Enabled for GPU/0-77824 (rank 9) - NET/0-1 (distance 4 <= 6, read 1, mode Default)
gpu-nodes-0:5321:7184 [1] NCCL INFO New proxy send connection 126 from local rank 1, transport 2
gpu-nodes-0:5321:5321 [1] NCCL INFO Connected to proxy localRank 1 -> connection 0x7f1464009290
gpu-nodes-0:5321:5321 [1] NCCL INFO Channel 30/0 : 9[1] -> 1[1] [send] via NET/IB/1/GDRDMA
gpu-nodes-0:5321:5321 [1] NCCL INFO GPU Direct RDMA Enabled for GPU/0-77824 (rank 9) - NET/0-1 (distance 4 <= 6, read 1, mode Default)
gpu-nodes-0:5321:7184 [1] NCCL INFO New proxy send connection 127 from local rank 1, transport 2
gpu-nodes-0:5321:5321 [1] NCCL INFO Connected to proxy localRank 1 -> connection 0x7f1464009318
gpu-nodes-0:5321:5321 [1] NCCL INFO Channel 31/0 : 9[1] -> 1[1] [send] via NET/IB/1/GDRDMA
gpu-nodes-0:5321:7184 [1] NCCL INFO NET/IB: ncclIbResiliencyInit: Resiliency is disabled on the send communicator (comm=0x7f1464437000)
gpu-nodes-0:5321:7184 [1] NCCL INFO NET/IB: ncclIbResiliencyInit: Resiliency is disabled on the recv communicator (comm=0x7f1464472000)
gpu-nodes-0:5321:7184 [1] NCCL INFO NET/IB: ncclIbRecvCommInit: Receive work requests will be posted on-demand
gpu-nodes-0:5321:7184 [1] NCCL INFO NET/IB: ncclIbResiliencyInit: Resiliency is disabled on the send communicator (comm=0x7f14644b1000)
gpu-nodes-0:5321:7184 [1] NCCL INFO NET/IB: ncclIbSenderQpsCreate: QP created: port=1 dev=1 devName=mlx5_3 ndevs=14 nmdevs=16 qp_num=3071 pkey=0 pd=0x7f146405ec90
gpu-nodes-0:5321:7184 [1] NCCL INFO NET/IB: ncclIbConnect: NCCL Dev 1 IbDev 1 Port 1 qp_num 3071 mtu 5 LID 537 subnet-prefix 33022  FLID 0 ctsFifoRkey=0x169857 ctsFifoLkey=0x169857
gpu-nodes-0:5321:7184 [1] NCCL INFO NET/IB: ncclIbConnect: IbDev 1 Port 1 qp_num 3071 query_ece={supported=1, vendor_id=0x15b3, options=0x30000200, comp_mask=0x0}
gpu-nodes-0:5321:7184 [1] NCCL INFO NET/IB: ncclIbSenderQpsCreate: QP created: port=1 dev=1 devName=mlx5_3 ndevs=14 nmdevs=16 qp_num=3072 pkey=0 pd=0x7f146405ec90
gpu-nodes-0:5321:7184 [1] NCCL INFO NET/IB: ncclIbConnect: NCCL Dev 1 IbDev 1 Port 1 qp_num 3072 mtu 5 LID 537 subnet-prefix 33022  FLID 0 ctsFifoRkey=0x168c4b ctsFifoLkey=0x168c4b
gpu-nodes-0:5321:7184 [1] NCCL INFO NET/IB: ncclIbConnect: IbDev 1 Port 1 qp_num 3072 query_ece={supported=1, vendor_id=0x15b3, options=0x30000200, comp_mask=0x0}
gpu-nodes-0:5321:7184 [1] NCCL INFO NET/IB: ncclIbResiliencyInit: Resiliency is disabled on the recv communicator (comm=0x7f1464550000)
gpu-nodes-0:5321:7184 [1] NCCL INFO NET/IB: ncclIbRecvCommInit: Receive work requests will be posted on-demand
gpu-nodes-0:5321:7184 [1] NCCL INFO NET/IB: ncclIbResiliencyInit: Resiliency is disabled on the send communicator (comm=0x7f146458f000)
gpu-nodes-0:5321:7184 [1] NCCL INFO NET/IB: ncclIbResiliencyInit: Resiliency is disabled on the recv communicator (comm=0x7f14645ca000)
gpu-nodes-0:5321:7184 [1] NCCL INFO NET/IB: ncclIbRecvCommInit: Receive work requests will be posted on-demand
gpu-nodes-0:5321:7184 [1] NCCL INFO NET/IB: ncclIbResiliencyInit: Resiliency is disabled on the send communicator (comm=0x7f1464609000)
gpu-nodes-0:5321:7184 [1] NCCL INFO NET/IB: ncclIbReceiverQpsCreateToRts: QP created: port=1 dev=1 devName=mlx5_3 ndevs=14 nmdevs=16 qp_num=3073 pkey=0 pd=0x7f146405ec90
gpu-nodes-0:5321:7184 [1] NCCL INFO NET/IB: ncclIbReceiverQpsCreateToRts: QP created: port=1 dev=1 devName=mlx5_3 ndevs=14 nmdevs=16 qp_num=3074 pkey=0 pd=0x7f146405ec90
gpu-nodes-0:5321:7184 [1] NCCL INFO NET/IB: ncclIbResiliencyInit: Resiliency is disabled on the recv communicator (comm=0x7f1464696000)
gpu-nodes-0:5321:7184 [1] NCCL INFO NET/IB: ncclIbRecvCommInit: Receive work requests will be posted on-demand
gpu-nodes-0:5321:7184 [1] NCCL INFO NET/IB: ncclIbSenderQpsToRts: Set ECE: IbDev 1 Port 1 qp_num 3071 set_ece={supported=1, vendor_id=0x15b3, options=0x30000200, comp_mask=0x0}
gpu-nodes-0:5321:7184 [1] NCCL INFO NET/IB: ncclIbReceiverQpsCreateToRts: QP created: port=1 dev=1 devName=mlx5_3 ndevs=14 nmdevs=16 qp_num=3075 pkey=0 pd=0x7f146405ec90
gpu-nodes-0:5321:7184 [1] NCCL INFO NET/IB: ncclIbReceiverQpsCreateToRts: QP created: port=1 dev=1 devName=mlx5_3 ndevs=14 nmdevs=16 qp_num=3076 pkey=0 pd=0x7f146405ec90
gpu-nodes-0:5321:7184 [1] NCCL INFO NET/IB: ncclIbSenderQpsCreate: QP created: port=1 dev=1 devName=mlx5_3 ndevs=14 nmdevs=16 qp_num=3077 pkey=0 pd=0x7f146405ec90
gpu-nodes-0:5321:7184 [1] NCCL INFO NET/IB: ncclIbConnect: NCCL Dev 1 IbDev 1 Port 1 qp_num 3077 mtu 5 LID 537 subnet-prefix 33022  FLID 0 ctsFifoRkey=0x174908 ctsFifoLkey=0x174908
gpu-nodes-0:5321:7184 [1] NCCL INFO NET/IB: ncclIbConnect: IbDev 1 Port 1 qp_num 3077 query_ece={supported=1, vendor_id=0x15b3, options=0x30000200, comp_mask=0x0}
gpu-nodes-0:5321:7184 [1] NCCL INFO NET/IB: ncclIbReceiverQpsCreateToRts: QP created: port=1 dev=1 devName=mlx5_3 ndevs=14 nmdevs=16 qp_num=3078 pkey=0 pd=0x7f146405ec90
gpu-nodes-0:5321:7184 [1] NCCL INFO NET/IB: ncclIbReceiverQpsCreateToRts: QP created: port=1 dev=1 devName=mlx5_3 ndevs=14 nmdevs=16 qp_num=3079 pkey=0 pd=0x7f146405ec90
gpu-nodes-0:5321:7184 [1] NCCL INFO NET/IB: ncclIbSenderQpsCreate: QP created: port=1 dev=1 devName=mlx5_3 ndevs=14 nmdevs=16 qp_num=3080 pkey=0 pd=0x7f146405ec90
gpu-nodes-0:5321:7184 [1] NCCL INFO NET/IB: ncclIbConnect: NCCL Dev 1 IbDev 1 Port 1 qp_num 3080 mtu 5 LID 537 subnet-prefix 33022  FLID 0 ctsFifoRkey=0x1519d9 ctsFifoLkey=0x1519d9
gpu-nodes-0:5321:7184 [1] NCCL INFO NET/IB: ncclIbConnect: IbDev 1 Port 1 qp_num 3080 query_ece={supported=1, vendor_id=0x15b3, options=0x30000200, comp_mask=0x0}
gpu-nodes-0:5321:7184 [1] NCCL INFO NET/IB: ncclIbReceiverQpsCreateToRts: QP created: port=1 dev=1 devName=mlx5_3 ndevs=14 nmdevs=16 qp_num=3081 pkey=0 pd=0x7f146405ec90
gpu-nodes-0:5321:7184 [1] NCCL INFO NET/IB: ncclIbReceiverQpsCreateToRts: QP created: port=1 dev=1 devName=mlx5_3 ndevs=14 nmdevs=16 qp_num=3082 pkey=0 pd=0x7f146405ec90
gpu-nodes-0:5321:7184 [1] NCCL INFO NET/IB: ncclIbResiliencyInit: Resiliency is disabled on the send communicator (comm=0x7f1464827000)
gpu-nodes-0:5321:7184 [1] NCCL INFO NET/IB: ncclIbSenderQpsToRts: Set ECE: IbDev 1 Port 1 qp_num 3072 set_ece={supported=1, vendor_id=0x15b3, options=0x30000200, comp_mask=0x0}
gpu-nodes-0:5321:7184 [1] NCCL INFO NET/IB: ncclIbSenderQpsToRts: Set ECE: IbDev 1 Port 1 qp_num 3077 set_ece={supported=1, vendor_id=0x15b3, options=0x30000200, comp_mask=0x0}
gpu-nodes-0:5321:7184 [1] NCCL INFO NET/IB: ncclIbSenderQpsToRts: Set ECE: IbDev 1 Port 1 qp_num 3080 set_ece={supported=1, vendor_id=0x15b3, options=0x30000200, comp_mask=0x0}
gpu-nodes-0:5321:7184 [1] NCCL INFO NET/IB: ncclIbSenderQpsCreate: QP created: port=1 dev=1 devName=mlx5_3 ndevs=14 nmdevs=16 qp_num=3083 pkey=0 pd=0x7f146405ec90
gpu-nodes-0:5321:7184 [1] NCCL INFO NET/IB: ncclIbConnect: NCCL Dev 1 IbDev 1 Port 1 qp_num 3083 mtu 5 LID 537 subnet-prefix 33022  FLID 0 ctsFifoRkey=0x14c683 ctsFifoLkey=0x14c683
gpu-nodes-0:5321:7184 [1] NCCL INFO NET/IB: ncclIbConnect: IbDev 1 Port 1 qp_num 3083 query_ece={supported=1, vendor_id=0x15b3, options=0x30000200, comp_mask=0x0}
gpu-nodes-0:5321:7184 [1] NCCL INFO NET/IB: ncclIbResiliencyInit: Resiliency is disabled on the recv communicator (comm=0x7f1464890000)
gpu-nodes-0:5321:7184 [1] NCCL INFO NET/IB: ncclIbRecvCommInit: Receive work requests will be posted on-demand
gpu-nodes-0:5321:7184 [1] NCCL INFO NET/IB: ncclIbResiliencyInit: Resiliency is disabled on the send communicator (comm=0x7f14648cd000)
gpu-nodes-0:5321:7184 [1] NCCL INFO NET/IB: ncclIbResiliencyInit: Resiliency is disabled on the recv communicator (comm=0x7f1464906000)
gpu-nodes-0:5321:7184 [1] NCCL INFO NET/IB: ncclIbRecvCommInit: Receive work requests will be posted on-demand
gpu-nodes-0:5321:7184 [1] NCCL INFO NET/IB: ncclIbResiliencyInit: Resiliency is disabled on the send communicator (comm=0x7f1464943000)
gpu-nodes-0:5321:7184 [1] NCCL INFO NET/IB: ncclIbResiliencyInit: Resiliency is disabled on the recv communicator (comm=0x7f146497c000)
gpu-nodes-0:5321:7184 [1] NCCL INFO NET/IB: ncclIbRecvCommInit: Receive work requests will be posted on-demand
gpu-nodes-0:5321:7184 [1] NCCL INFO NET/IB: ncclIbResiliencyInit: Resiliency is disabled on the send communicator (comm=0x7f14649b9000)
gpu-nodes-0:5321:7184 [1] NCCL INFO NET/IB: ncclIbResiliencyInit: Resiliency is disabled on the recv communicator (comm=0x7f14649f4000)
gpu-nodes-0:5321:7184 [1] NCCL INFO NET/IB: ncclIbRecvCommInit: Receive work requests will be posted on-demand
gpu-nodes-0:5321:7184 [1] NCCL INFO NET/IB: ncclIbResiliencyInit: Resiliency is disabled on the send communicator (comm=0x7f1464a33000)
gpu-nodes-0:5321:7184 [1] NCCL INFO NET/IB: ncclIbResiliencyInit: Resiliency is disabled on the recv communicator (comm=0x7f1464a6e000)
gpu-nodes-0:5321:7184 [1] NCCL INFO NET/IB: ncclIbRecvCommInit: Receive work requests will be posted on-demand
gpu-nodes-0:5321:7184 [1] NCCL INFO NET/IB: ncclIbResiliencyInit: Resiliency is disabled on the send communicator (comm=0x7f1464aad000)
gpu-nodes-0:5321:7184 [1] NCCL INFO NET/IB: ncclIbResiliencyInit: Resiliency is disabled on the recv communicator (comm=0x7f1464ae8000)
gpu-nodes-0:5321:7184 [1] NCCL INFO NET/IB: ncclIbRecvCommInit: Receive work requests will be posted on-demand
gpu-nodes-0:5321:7184 [1] NCCL INFO NET/IB: ncclIbResiliencyInit: Resiliency is disabled on the send communicator (comm=0x7f1464b27000)
gpu-nodes-0:5321:7184 [1] NCCL INFO NET/IB: ncclIbResiliencyInit: Resiliency is disabled on the recv communicator (comm=0x7f1464b62000)
gpu-nodes-0:5321:7184 [1] NCCL INFO NET/IB: ncclIbRecvCommInit: Receive work requests will be posted on-demand
gpu-nodes-0:5321:7184 [1] NCCL INFO NET/IB: ncclIbResiliencyInit: Resiliency is disabled on the send communicator (comm=0x7f1464ba1000)
gpu-nodes-0:5321:7184 [1] NCCL INFO NET/IB: ncclIbResiliencyInit: Resiliency is disabled on the recv communicator (comm=0x7f1464bdc000)
gpu-nodes-0:5321:7184 [1] NCCL INFO NET/IB: ncclIbRecvCommInit: Receive work requests will be posted on-demand
gpu-nodes-0:5321:7184 [1] NCCL INFO NET/IB: ncclIbSenderQpsToRts: Set ECE: IbDev 1 Port 1 qp_num 3083 set_ece={supported=1, vendor_id=0x15b3, options=0x30000200, comp_mask=0x0}
gpu-nodes-0:5321:7184 [1] NCCL INFO NET/IB: ncclIbSenderQpsCreate: QP created: port=1 dev=1 devName=mlx5_3 ndevs=14 nmdevs=16 qp_num=3084 pkey=0 pd=0x7f146405ec90
gpu-nodes-0:5321:7184 [1] NCCL INFO NET/IB: ncclIbConnect: NCCL Dev 1 IbDev 1 Port 1 qp_num 3084 mtu 5 LID 537 subnet-prefix 33022  FLID 0 ctsFifoRkey=0x138443 ctsFifoLkey=0x138443
gpu-nodes-0:5321:7184 [1] NCCL INFO NET/IB: ncclIbConnect: IbDev 1 Port 1 qp_num 3084 query_ece={supported=1, vendor_id=0x15b3, options=0x30000200, comp_mask=0x0}
gpu-nodes-0:5321:7184 [1] NCCL INFO NET/IB: ncclIbReceiverQpsCreateToRts: QP created: port=1 dev=1 devName=mlx5_3 ndevs=14 nmdevs=16 qp_num=3085 pkey=0 pd=0x7f146405ec90
gpu-nodes-0:5321:7184 [1] NCCL INFO NET/IB: ncclIbReceiverQpsCreateToRts: QP created: port=1 dev=1 devName=mlx5_3 ndevs=14 nmdevs=16 qp_num=3086 pkey=0 pd=0x7f146405ec90
gpu-nodes-0:5321:7184 [1] NCCL INFO NET/IB: ncclIbSenderQpsCreate: QP created: port=1 dev=1 devName=mlx5_3 ndevs=14 nmdevs=16 qp_num=3087 pkey=0 pd=0x7f146405ec90
gpu-nodes-0:5321:7184 [1] NCCL INFO NET/IB: ncclIbConnect: NCCL Dev 1 IbDev 1 Port 1 qp_num 3087 mtu 5 LID 537 subnet-prefix 33022  FLID 0 ctsFifoRkey=0x13b473 ctsFifoLkey=0x13b473
gpu-nodes-0:5321:7184 [1] NCCL INFO NET/IB: ncclIbConnect: IbDev 1 Port 1 qp_num 3087 query_ece={supported=1, vendor_id=0x15b3, options=0x30000200, comp_mask=0x0}
gpu-nodes-0:5321:7184 [1] NCCL INFO NET/IB: ncclIbReceiverQpsCreateToRts: QP created: port=1 dev=1 devName=mlx5_3 ndevs=14 nmdevs=16 qp_num=3088 pkey=0 pd=0x7f146405ec90
gpu-nodes-0:5321:7184 [1] NCCL INFO NET/IB: ncclIbReceiverQpsCreateToRts: QP created: port=1 dev=1 devName=mlx5_3 ndevs=14 nmdevs=16 qp_num=3089 pkey=0 pd=0x7f146405ec90
gpu-nodes-0:5321:7184 [1] NCCL INFO NET/IB: ncclIbSenderQpsCreate: QP created: port=1 dev=1 devName=mlx5_3 ndevs=14 nmdevs=16 qp_num=3090 pkey=0 pd=0x7f146405ec90
gpu-nodes-0:5321:7184 [1] NCCL INFO NET/IB: ncclIbConnect: NCCL Dev 1 IbDev 1 Port 1 qp_num 3090 mtu 5 LID 537 subnet-prefix 33022  FLID 0 ctsFifoRkey=0x136d2d ctsFifoLkey=0x136d2d
gpu-nodes-0:5321:7184 [1] NCCL INFO NET/IB: ncclIbConnect: IbDev 1 Port 1 qp_num 3090 query_ece={supported=1, vendor_id=0x15b3, options=0x30000200, comp_mask=0x0}
gpu-nodes-0:5321:7184 [1] NCCL INFO NET/IB: ncclIbReceiverQpsCreateToRts: QP created: port=1 dev=1 devName=mlx5_3 ndevs=14 nmdevs=16 qp_num=3091 pkey=0 pd=0x7f146405ec90
gpu-nodes-0:5321:7184 [1] NCCL INFO NET/IB: ncclIbReceiverQpsCreateToRts: QP created: port=1 dev=1 devName=mlx5_3 ndevs=14 nmdevs=16 qp_num=3092 pkey=0 pd=0x7f146405ec90
gpu-nodes-0:5321:7184 [1] NCCL INFO NET/IB: ncclIbResiliencyInit: Resiliency is disabled on the send communicator (comm=0x7f1464da0000)
gpu-nodes-0:5321:7184 [1] NCCL INFO NET/IB: ncclIbReceiverQpsCreateToRts: QP created: port=1 dev=1 devName=mlx5_3 ndevs=14 nmdevs=16 qp_num=3093 pkey=0 pd=0x7f146405ec90
gpu-nodes-0:5321:7184 [1] NCCL INFO NET/IB: ncclIbReceiverQpsCreateToRts: QP created: port=1 dev=1 devName=mlx5_3 ndevs=14 nmdevs=16 qp_num=3094 pkey=0 pd=0x7f146405ec90
gpu-nodes-0:5321:7184 [1] NCCL INFO NET/IB: ncclIbSenderQpsToRts: Set ECE: IbDev 1 Port 1 qp_num 3084 set_ece={supported=1, vendor_id=0x15b3, options=0x30000200, comp_mask=0x0}
gpu-nodes-0:5321:7184 [1] NCCL INFO NET/IB: ncclIbSenderQpsToRts: Set ECE: IbDev 1 Port 1 qp_num 3087 set_ece={supported=1, vendor_id=0x15b3, options=0x30000200, comp_mask=0x0}
gpu-nodes-0:5321:7184 [1] NCCL INFO NET/IB: ncclIbSenderQpsToRts: Set ECE: IbDev 1 Port 1 qp_num 3090 set_ece={supported=1, vendor_id=0x15b3, options=0x30000200, comp_mask=0x0}
gpu-nodes-0:5321:7184 [1] NCCL INFO NET/IB: ncclIbSenderQpsCreate: QP created: port=1 dev=1 devName=mlx5_3 ndevs=14 nmdevs=16 qp_num=3095 pkey=0 pd=0x7f146405ec90
gpu-nodes-0:5321:7184 [1] NCCL INFO NET/IB: ncclIbConnect: NCCL Dev 1 IbDev 1 Port 1 qp_num 3095 mtu 5 LID 537 subnet-prefix 33022  FLID 0 ctsFifoRkey=0x15ad6c ctsFifoLkey=0x15ad6c
gpu-nodes-0:5321:7184 [1] NCCL INFO NET/IB: ncclIbConnect: IbDev 1 Port 1 qp_num 3095 query_ece={supported=1, vendor_id=0x15b3, options=0x30000200, comp_mask=0x0}
gpu-nodes-0:5321:7184 [1] NCCL INFO NET/IB: ncclIbResiliencyInit: Resiliency is disabled on the recv communicator (comm=0x7f1464e59000)
gpu-nodes-0:5321:7184 [1] NCCL INFO NET/IB: ncclIbRecvCommInit: Receive work requests will be posted on-demand
gpu-nodes-0:5321:7184 [1] NCCL INFO NET/IB: ncclIbReceiverQpsCreateToRts: QP created: port=1 dev=1 devName=mlx5_3 ndevs=14 nmdevs=16 qp_num=3096 pkey=0 pd=0x7f146405ec90
gpu-nodes-0:5321:7184 [1] NCCL INFO NET/IB: ncclIbReceiverQpsCreateToRts: QP created: port=1 dev=1 devName=mlx5_3 ndevs=14 nmdevs=16 qp_num=3097 pkey=0 pd=0x7f146405ec90
gpu-nodes-0:5321:7184 [1] NCCL INFO NET/IB: ncclIbSenderQpsCreate: QP created: port=1 dev=1 devName=mlx5_3 ndevs=14 nmdevs=16 qp_num=3098 pkey=0 pd=0x7f146405ec90
gpu-nodes-0:5321:7184 [1] NCCL INFO NET/IB: ncclIbConnect: NCCL Dev 1 IbDev 1 Port 1 qp_num 3098 mtu 5 LID 537 subnet-prefix 33022  FLID 0 ctsFifoRkey=0x13eeac ctsFifoLkey=0x13eeac
gpu-nodes-0:5321:7184 [1] NCCL INFO NET/IB: ncclIbConnect: IbDev 1 Port 1 qp_num 3098 query_ece={supported=1, vendor_id=0x15b3, options=0x30000200, comp_mask=0x0}
gpu-nodes-0:5321:7184 [1] NCCL INFO NET/IB: ncclIbSenderQpsCreate: QP created: port=1 dev=1 devName=mlx5_3 ndevs=14 nmdevs=16 qp_num=3099 pkey=0 pd=0x7f146405ec90
gpu-nodes-0:5321:7184 [1] NCCL INFO NET/IB: ncclIbConnect: NCCL Dev 1 IbDev 1 Port 1 qp_num 3099 mtu 5 LID 537 subnet-prefix 33022  FLID 0 ctsFifoRkey=0x1405c4 ctsFifoLkey=0x1405c4
gpu-nodes-0:5321:7184 [1] NCCL INFO NET/IB: ncclIbConnect: IbDev 1 Port 1 qp_num 3099 query_ece={supported=1, vendor_id=0x15b3, options=0x30000200, comp_mask=0x0}
gpu-nodes-0:5321:7184 [1] NCCL INFO NET/IB: ncclIbResiliencyInit: Resiliency is disabled on the send communicator (comm=0x7f1464f45000)
gpu-nodes-0:5321:7184 [1] NCCL INFO NET/IB: ncclIbSenderQpsToRts: Set ECE: IbDev 1 Port 1 qp_num 3095 set_ece={supported=1, vendor_id=0x15b3, options=0x30000200, comp_mask=0x0}
gpu-nodes-0:5321:7184 [1] NCCL INFO NET/IB: ncclIbSenderQpsToRts: Set ECE: IbDev 1 Port 1 qp_num 3098 set_ece={supported=1, vendor_id=0x15b3, options=0x30000200, comp_mask=0x0}
gpu-nodes-0:5321:7184 [1] NCCL INFO NET/IB: ncclIbReceiverQpsCreateToRts: QP created: port=1 dev=1 devName=mlx5_3 ndevs=14 nmdevs=16 qp_num=3100 pkey=0 pd=0x7f146405ec90
gpu-nodes-0:5321:7184 [1] NCCL INFO NET/IB: ncclIbReceiverQpsCreateToRts: QP created: port=1 dev=1 devName=mlx5_3 ndevs=14 nmdevs=16 qp_num=3101 pkey=0 pd=0x7f146405ec90
gpu-nodes-0:5321:7184 [1] NCCL INFO NET/IB: ncclIbSenderQpsToRts: Set ECE: IbDev 1 Port 1 qp_num 3099 set_ece={supported=1, vendor_id=0x15b3, options=0x30000200, comp_mask=0x0}
gpu-nodes-0:5321:7184 [1] NCCL INFO NET/IB: ncclIbReceiverQpsCreateToRts: QP created: port=1 dev=1 devName=mlx5_3 ndevs=14 nmdevs=16 qp_num=3102 pkey=0 pd=0x7f146405ec90
gpu-nodes-0:5321:7184 [1] NCCL INFO NET/IB: ncclIbReceiverQpsCreateToRts: QP created: port=1 dev=1 devName=mlx5_3 ndevs=14 nmdevs=16 qp_num=3103 pkey=0 pd=0x7f146405ec90
gpu-nodes-0:5321:7184 [1] NCCL INFO NET/IB: ncclIbSenderQpsCreate: QP created: port=1 dev=1 devName=mlx5_3 ndevs=14 nmdevs=16 qp_num=3104 pkey=0 pd=0x7f146405ec90
gpu-nodes-0:5321:7184 [1] NCCL INFO NET/IB: ncclIbConnect: NCCL Dev 1 IbDev 1 Port 1 qp_num 3104 mtu 5 LID 537 subnet-prefix 33022  FLID 0 ctsFifoRkey=0x13e1a0 ctsFifoLkey=0x13e1a0
gpu-nodes-0:5321:7184 [1] NCCL INFO NET/IB: ncclIbConnect: IbDev 1 Port 1 qp_num 3104 query_ece={supported=1, vendor_id=0x15b3, options=0x30000200, comp_mask=0x0}
gpu-nodes-0:5321:7184 [1] NCCL INFO NET/IB: ncclIbSenderQpsCreate: QP created: port=1 dev=1 devName=mlx5_3 ndevs=14 nmdevs=16 qp_num=3105 pkey=0 pd=0x7f146405ec90
gpu-nodes-0:5321:7184 [1] NCCL INFO NET/IB: ncclIbConnect: NCCL Dev 1 IbDev 1 Port 1 qp_num 3105 mtu 5 LID 537 subnet-prefix 33022  FLID 0 ctsFifoRkey=0x13d595 ctsFifoLkey=0x13d595
gpu-nodes-0:5321:7184 [1] NCCL INFO NET/IB: ncclIbConnect: IbDev 1 Port 1 qp_num 3105 query_ece={supported=1, vendor_id=0x15b3, options=0x30000200, comp_mask=0x0}
gpu-nodes-0:5321:7184 [1] NCCL INFO NET/IB: ncclIbSenderQpsCreate: QP created: port=1 dev=1 devName=mlx5_3 ndevs=14 nmdevs=16 qp_num=3106 pkey=0 pd=0x7f146405ec90
gpu-nodes-0:5321:7184 [1] NCCL INFO NET/IB: ncclIbConnect: NCCL Dev 1 IbDev 1 Port 1 qp_num 3106 mtu 5 LID 537 subnet-prefix 33022  FLID 0 ctsFifoRkey=0x1731f0 ctsFifoLkey=0x1731f0
gpu-nodes-0:5321:7184 [1] NCCL INFO NET/IB: ncclIbConnect: IbDev 1 Port 1 qp_num 3106 query_ece={supported=1, vendor_id=0x15b3, options=0x30000200, comp_mask=0x0}
gpu-nodes-0:5321:7184 [1] NCCL INFO NET/IB: ncclIbResiliencyInit: Resiliency is disabled on the recv communicator (comm=0x7f14650ae000)
gpu-nodes-0:5321:7184 [1] NCCL INFO NET/IB: ncclIbRecvCommInit: Receive work requests will be posted on-demand
gpu-nodes-0:5321:7184 [1] NCCL INFO NET/IB: ncclIbSenderQpsToRts: Set ECE: IbDev 1 Port 1 qp_num 3104 set_ece={supported=1, vendor_id=0x15b3, options=0x30000200, comp_mask=0x0}
gpu-nodes-0:5321:7184 [1] NCCL INFO NET/IB: ncclIbReceiverQpsCreateToRts: QP created: port=1 dev=1 devName=mlx5_3 ndevs=14 nmdevs=16 qp_num=3107 pkey=0 pd=0x7f146405ec90
gpu-nodes-0:5321:7184 [1] NCCL INFO NET/IB: ncclIbReceiverQpsCreateToRts: QP created: port=1 dev=1 devName=mlx5_3 ndevs=14 nmdevs=16 qp_num=3108 pkey=0 pd=0x7f146405ec90
gpu-nodes-0:5321:7184 [1] NCCL INFO NET/IB: ncclIbSenderQpsToRts: Set ECE: IbDev 1 Port 1 qp_num 3105 set_ece={supported=1, vendor_id=0x15b3, options=0x30000200, comp_mask=0x0}
gpu-nodes-0:5321:7184 [1] NCCL INFO NET/IB: ncclIbReceiverQpsCreateToRts: QP created: port=1 dev=1 devName=mlx5_3 ndevs=14 nmdevs=16 qp_num=3109 pkey=0 pd=0x7f146405ec90
gpu-nodes-0:5321:7184 [1] NCCL INFO NET/IB: ncclIbReceiverQpsCreateToRts: QP created: port=1 dev=1 devName=mlx5_3 ndevs=14 nmdevs=16 qp_num=3110 pkey=0 pd=0x7f146405ec90
gpu-nodes-0:5321:7184 [1] NCCL INFO NET/IB: ncclIbSenderQpsToRts: Set ECE: IbDev 1 Port 1 qp_num 3106 set_ece={supported=1, vendor_id=0x15b3, options=0x30000200, comp_mask=0x0}
gpu-nodes-0:5321:7184 [1] NCCL INFO NET/IB: ncclIbReceiverQpsCreateToRts: QP created: port=1 dev=1 devName=mlx5_3 ndevs=14 nmdevs=16 qp_num=3111 pkey=0 pd=0x7f146405ec90
gpu-nodes-0:5321:7184 [1] NCCL INFO NET/IB: ncclIbReceiverQpsCreateToRts: QP created: port=1 dev=1 devName=mlx5_3 ndevs=14 nmdevs=16 qp_num=3112 pkey=0 pd=0x7f146405ec90
gpu-nodes-0:5321:7184 [1] NCCL INFO NET/IB: ncclIbResiliencyInit: Resiliency is disabled on the send communicator (comm=0x7f14651d3000)
gpu-nodes-0:5321:7184 [1] NCCL INFO NET/IB: ncclIbSenderQpsCreate: QP created: port=1 dev=1 devName=mlx5_3 ndevs=14 nmdevs=16 qp_num=3113 pkey=0 pd=0x7f146405ec90
gpu-nodes-0:5321:7184 [1] NCCL INFO NET/IB: ncclIbConnect: NCCL Dev 1 IbDev 1 Port 1 qp_num 3113 mtu 5 LID 537 subnet-prefix 33022  FLID 0 ctsFifoRkey=0x1429e8 ctsFifoLkey=0x1429e8
gpu-nodes-0:5321:7184 [1] NCCL INFO NET/IB: ncclIbConnect: IbDev 1 Port 1 qp_num 3113 query_ece={supported=1, vendor_id=0x15b3, options=0x30000200, comp_mask=0x0}
gpu-nodes-0:5321:7184 [1] NCCL INFO NET/IB: ncclIbResiliencyInit: Resiliency is disabled on the recv communicator (comm=0x7f146523c000)
gpu-nodes-0:5321:7184 [1] NCCL INFO NET/IB: ncclIbRecvCommInit: Receive work requests will be posted on-demand
gpu-nodes-0:5321:7184 [1] NCCL INFO NET/IB: ncclIbResiliencyInit: Resiliency is disabled on the send communicator (comm=0x7f1465279000)
gpu-nodes-0:5321:7184 [1] NCCL INFO NET/IB: ncclIbResiliencyInit: Resiliency is disabled on the recv communicator (comm=0x7f14652b4000)
gpu-nodes-0:5321:7184 [1] NCCL INFO NET/IB: ncclIbRecvCommInit: Receive work requests will be posted on-demand
gpu-nodes-0:5321:7184 [1] NCCL INFO NET/IB: ncclIbResiliencyInit: Resiliency is disabled on the send communicator (comm=0x7f14652f3000)
gpu-nodes-0:5321:7184 [1] NCCL INFO NET/IB: ncclIbResiliencyInit: Resiliency is disabled on the recv communicator (comm=0x7f146532e000)
gpu-nodes-0:5321:7184 [1] NCCL INFO NET/IB: ncclIbRecvCommInit: Receive work requests will be posted on-demand
gpu-nodes-0:5321:7184 [1] NCCL INFO NET/IB: ncclIbResiliencyInit: Resiliency is disabled on the send communicator (comm=0x7f146536d000)
gpu-nodes-0:5321:7184 [1] NCCL INFO NET/IB: ncclIbResiliencyInit: Resiliency is disabled on the recv communicator (comm=0x7f14653a8000)
gpu-nodes-0:5321:7184 [1] NCCL INFO NET/IB: ncclIbRecvCommInit: Receive work requests will be posted on-demand
gpu-nodes-0:5321:7184 [1] NCCL INFO NET/IB: ncclIbResiliencyInit: Resiliency is disabled on the send communicator (comm=0x7f14653e7000)
gpu-nodes-0:5321:7184 [1] NCCL INFO NET/IB: ncclIbResiliencyInit: Resiliency is disabled on the recv communicator (comm=0x7f1465422000)
gpu-nodes-0:5321:7184 [1] NCCL INFO NET/IB: ncclIbRecvCommInit: Receive work requests will be posted on-demand
gpu-nodes-0:5321:7184 [1] NCCL INFO NET/IB: ncclIbResiliencyInit: Resiliency is disabled on the send communicator (comm=0x7f1465461000)
gpu-nodes-0:5321:7184 [1] NCCL INFO NET/IB: ncclIbResiliencyInit: Resiliency is disabled on the recv communicator (comm=0x7f146549c000)
gpu-nodes-0:5321:7184 [1] NCCL INFO NET/IB: ncclIbRecvCommInit: Receive work requests will be posted on-demand
gpu-nodes-0:5321:7184 [1] NCCL INFO NET/IB: ncclIbResiliencyInit: Resiliency is disabled on the send communicator (comm=0x7f14654db000)
gpu-nodes-0:5321:7184 [1] NCCL INFO NET/IB: ncclIbResiliencyInit: Resiliency is disabled on the recv communicator (comm=0x7f1465516000)
gpu-nodes-0:5321:7184 [1] NCCL INFO NET/IB: ncclIbRecvCommInit: Receive work requests will be posted on-demand
gpu-nodes-0:5321:7184 [1] NCCL INFO NET/IB: ncclIbResiliencyInit: Resiliency is disabled on the send communicator (comm=0x7f1465555000)
gpu-nodes-0:5321:7184 [1] NCCL INFO NET/IB: ncclIbSenderQpsToRts: Set ECE: IbDev 1 Port 1 qp_num 3113 set_ece={supported=1, vendor_id=0x15b3, options=0x30000200, comp_mask=0x0}
gpu-nodes-0:5321:7184 [1] NCCL INFO NET/IB: ncclIbSenderQpsCreate: QP created: port=1 dev=1 devName=mlx5_3 ndevs=14 nmdevs=16 qp_num=3114 pkey=0 pd=0x7f146405ec90
gpu-nodes-0:5321:7184 [1] NCCL INFO NET/IB: ncclIbConnect: NCCL Dev 1 IbDev 1 Port 1 qp_num 3114 mtu 5 LID 537 subnet-prefix 33022  FLID 0 ctsFifoRkey=0x16b06f ctsFifoLkey=0x16b06f
gpu-nodes-0:5321:7184 [1] NCCL INFO NET/IB: ncclIbConnect: IbDev 1 Port 1 qp_num 3114 query_ece={supported=1, vendor_id=0x15b3, options=0x30000200, comp_mask=0x0}
gpu-nodes-0:5321:7184 [1] NCCL INFO NET/IB: ncclIbReceiverQpsCreateToRts: QP created: port=1 dev=1 devName=mlx5_3 ndevs=14 nmdevs=16 qp_num=3115 pkey=0 pd=0x7f146405ec90
gpu-nodes-0:5321:7184 [1] NCCL INFO NET/IB: ncclIbReceiverQpsCreateToRts: QP created: port=1 dev=1 devName=mlx5_3 ndevs=14 nmdevs=16 qp_num=3116 pkey=0 pd=0x7f146405ec90
gpu-nodes-0:5321:7184 [1] NCCL INFO NET/IB: ncclIbSenderQpsCreate: QP created: port=1 dev=1 devName=mlx5_3 ndevs=14 nmdevs=16 qp_num=3117 pkey=0 pd=0x7f146405ec90
gpu-nodes-0:5321:7184 [1] NCCL INFO NET/IB: ncclIbConnect: NCCL Dev 1 IbDev 1 Port 1 qp_num 3117 mtu 5 LID 537 subnet-prefix 33022  FLID 0 ctsFifoRkey=0x16a463 ctsFifoLkey=0x16a463
gpu-nodes-0:5321:7184 [1] NCCL INFO NET/IB: ncclIbConnect: IbDev 1 Port 1 qp_num 3117 query_ece={supported=1, vendor_id=0x15b3, options=0x30000200, comp_mask=0x0}
gpu-nodes-0:5321:7184 [1] NCCL INFO NET/IB: ncclIbReceiverQpsCreateToRts: QP created: port=1 dev=1 devName=mlx5_3 ndevs=14 nmdevs=16 qp_num=3118 pkey=0 pd=0x7f146405ec90
gpu-nodes-0:5321:7184 [1] NCCL INFO NET/IB: ncclIbReceiverQpsCreateToRts: QP created: port=1 dev=1 devName=mlx5_3 ndevs=14 nmdevs=16 qp_num=3119 pkey=0 pd=0x7f146405ec90
gpu-nodes-0:5321:7184 [1] NCCL INFO NET/IB: ncclIbSenderQpsCreate: QP created: port=1 dev=1 devName=mlx5_3 ndevs=14 nmdevs=16 qp_num=3120 pkey=0 pd=0x7f146405ec90
gpu-nodes-0:5321:7184 [1] NCCL INFO NET/IB: ncclIbConnect: NCCL Dev 1 IbDev 1 Port 1 qp_num 3120 mtu 5 LID 537 subnet-prefix 33022  FLID 0 ctsFifoRkey=0x1702c1 ctsFifoLkey=0x1702c1
gpu-nodes-0:5321:7184 [1] NCCL INFO NET/IB: ncclIbConnect: IbDev 1 Port 1 qp_num 3120 query_ece={supported=1, vendor_id=0x15b3, options=0x30000200, comp_mask=0x0}
gpu-nodes-0:5321:7184 [1] NCCL INFO NET/IB: ncclIbReceiverQpsCreateToRts: QP created: port=1 dev=1 devName=mlx5_3 ndevs=14 nmdevs=16 qp_num=3121 pkey=0 pd=0x7f146405ec90
gpu-nodes-0:5321:7184 [1] NCCL INFO NET/IB: ncclIbReceiverQpsCreateToRts: QP created: port=1 dev=1 devName=mlx5_3 ndevs=14 nmdevs=16 qp_num=3122 pkey=0 pd=0x7f146405ec90
gpu-nodes-0:5321:7184 [1] NCCL INFO NET/IB: ncclIbSenderQpsCreate: QP created: port=1 dev=1 devName=mlx5_3 ndevs=14 nmdevs=16 qp_num=3123 pkey=0 pd=0x7f146405ec90
gpu-nodes-0:5321:7184 [1] NCCL INFO NET/IB: ncclIbConnect: NCCL Dev 1 IbDev 1 Port 1 qp_num 3123 mtu 5 LID 537 subnet-prefix 33022  FLID 0 ctsFifoRkey=0x16d191 ctsFifoLkey=0x16d191
gpu-nodes-0:5321:7184 [1] NCCL INFO NET/IB: ncclIbConnect: IbDev 1 Port 1 qp_num 3123 query_ece={supported=1, vendor_id=0x15b3, options=0x30000200, comp_mask=0x0}
gpu-nodes-0:5321:7184 [1] NCCL INFO NET/IB: ncclIbReceiverQpsCreateToRts: QP created: port=1 dev=1 devName=mlx5_3 ndevs=14 nmdevs=16 qp_num=3124 pkey=0 pd=0x7f146405ec90
gpu-nodes-0:5321:7184 [1] NCCL INFO NET/IB: ncclIbReceiverQpsCreateToRts: QP created: port=1 dev=1 devName=mlx5_3 ndevs=14 nmdevs=16 qp_num=3125 pkey=0 pd=0x7f146405ec90
gpu-nodes-0:5321:7184 [1] NCCL INFO NET/IB: ncclIbSenderQpsCreate: QP created: port=1 dev=1 devName=mlx5_3 ndevs=14 nmdevs=16 qp_num=3126 pkey=0 pd=0x7f146405ec90
gpu-nodes-0:5321:7184 [1] NCCL INFO NET/IB: ncclIbConnect: NCCL Dev 1 IbDev 1 Port 1 qp_num 3126 mtu 5 LID 537 subnet-prefix 33022  FLID 0 ctsFifoRkey=0x16bc7b ctsFifoLkey=0x16bc7b
gpu-nodes-0:5321:7184 [1] NCCL INFO NET/IB: ncclIbConnect: IbDev 1 Port 1 qp_num 3126 query_ece={supported=1, vendor_id=0x15b3, options=0x30000200, comp_mask=0x0}
gpu-nodes-0:5321:7184 [1] NCCL INFO NET/IB: ncclIbReceiverQpsCreateToRts: QP created: port=1 dev=1 devName=mlx5_3 ndevs=14 nmdevs=16 qp_num=3127 pkey=0 pd=0x7f146405ec90
gpu-nodes-0:5321:7184 [1] NCCL INFO NET/IB: ncclIbReceiverQpsCreateToRts: QP created: port=1 dev=1 devName=mlx5_3 ndevs=14 nmdevs=16 qp_num=3128 pkey=0 pd=0x7f146405ec90
gpu-nodes-0:5321:7184 [1] NCCL INFO NET/IB: ncclIbSenderQpsCreate: QP created: port=1 dev=1 devName=mlx5_3 ndevs=14 nmdevs=16 qp_num=3129 pkey=0 pd=0x7f146405ec90
gpu-nodes-0:5321:7184 [1] NCCL INFO NET/IB: ncclIbConnect: NCCL Dev 1 IbDev 1 Port 1 qp_num 3129 mtu 5 LID 537 subnet-prefix 33022  FLID 0 ctsFifoRkey=0x1719d8 ctsFifoLkey=0x1719d8
gpu-nodes-0:5321:7184 [1] NCCL INFO NET/IB: ncclIbConnect: IbDev 1 Port 1 qp_num 3129 query_ece={supported=1, vendor_id=0x15b3, options=0x30000200, comp_mask=0x0}
gpu-nodes-0:5321:7184 [1] NCCL INFO NET/IB: ncclIbReceiverQpsCreateToRts: QP created: port=1 dev=1 devName=mlx5_3 ndevs=14 nmdevs=16 qp_num=3130 pkey=0 pd=0x7f146405ec90
gpu-nodes-0:5321:7184 [1] NCCL INFO NET/IB: ncclIbReceiverQpsCreateToRts: QP created: port=1 dev=1 devName=mlx5_3 ndevs=14 nmdevs=16 qp_num=3131 pkey=0 pd=0x7f146405ec90
gpu-nodes-0:5321:7184 [1] NCCL INFO NET/IB: ncclIbSenderQpsCreate: QP created: port=1 dev=1 devName=mlx5_3 ndevs=14 nmdevs=16 qp_num=3132 pkey=0 pd=0x7f146405ec90
gpu-nodes-0:5321:7184 [1] NCCL INFO NET/IB: ncclIbConnect: NCCL Dev 1 IbDev 1 Port 1 qp_num 3132 mtu 5 LID 537 subnet-prefix 33022  FLID 0 ctsFifoRkey=0x141ddc ctsFifoLkey=0x141ddc
gpu-nodes-0:5321:7184 [1] NCCL INFO NET/IB: ncclIbConnect: IbDev 1 Port 1 qp_num 3132 query_ece={supported=1, vendor_id=0x15b3, options=0x30000200, comp_mask=0x0}
gpu-nodes-0:5321:7184 [1] NCCL INFO NET/IB: ncclIbResiliencyInit: Resiliency is disabled on the recv communicator (comm=0x7f14658cc000)
gpu-nodes-0:5321:7184 [1] NCCL INFO NET/IB: ncclIbRecvCommInit: Receive work requests will be posted on-demand
gpu-nodes-0:5321:7184 [1] NCCL INFO NET/IB: ncclIbReceiverQpsCreateToRts: QP created: port=1 dev=1 devName=mlx5_3 ndevs=14 nmdevs=16 qp_num=3133 pkey=0 pd=0x7f146405ec90
gpu-nodes-0:5321:7184 [1] NCCL INFO NET/IB: ncclIbReceiverQpsCreateToRts: QP created: port=1 dev=1 devName=mlx5_3 ndevs=14 nmdevs=16 qp_num=3134 pkey=0 pd=0x7f146405ec90
gpu-nodes-0:5321:7184 [1] NCCL INFO NET/IB: ncclIbSenderQpsToRts: Set ECE: IbDev 1 Port 1 qp_num 3114 set_ece={supported=1, vendor_id=0x15b3, options=0x30000200, comp_mask=0x0}
gpu-nodes-0:5321:7184 [1] NCCL INFO NET/IB: ncclIbSenderQpsToRts: Set ECE: IbDev 1 Port 1 qp_num 3117 set_ece={supported=1, vendor_id=0x15b3, options=0x30000200, comp_mask=0x0}
gpu-nodes-0:5321:7184 [1] NCCL INFO NET/IB: ncclIbSenderQpsToRts: Set ECE: IbDev 1 Port 1 qp_num 3120 set_ece={supported=1, vendor_id=0x15b3, options=0x30000200, comp_mask=0x0}
gpu-nodes-0:5321:7184 [1] NCCL INFO NET/IB: ncclIbSenderQpsToRts: Set ECE: IbDev 1 Port 1 qp_num 3123 set_ece={supported=1, vendor_id=0x15b3, options=0x30000200, comp_mask=0x0}
gpu-nodes-0:5321:7184 [1] NCCL INFO NET/IB: ncclIbSenderQpsToRts: Set ECE: IbDev 1 Port 1 qp_num 3126 set_ece={supported=1, vendor_id=0x15b3, options=0x30000200, comp_mask=0x0}
gpu-nodes-0:5321:7184 [1] NCCL INFO NET/IB: ncclIbSenderQpsToRts: Set ECE: IbDev 1 Port 1 qp_num 3129 set_ece={supported=1, vendor_id=0x15b3, options=0x30000200, comp_mask=0x0}
gpu-nodes-0:5321:7184 [1] NCCL INFO NET/IB: ncclIbSenderQpsToRts: Set ECE: IbDev 1 Port 1 qp_num 3132 set_ece={supported=1, vendor_id=0x15b3, options=0x30000200, comp_mask=0x0}
gpu-nodes-0:5321:7184 [1] NCCL INFO NET/IB: ncclIbReceiverQpsCreateToRts: QP created: port=1 dev=1 devName=mlx5_3 ndevs=14 nmdevs=16 qp_num=3135 pkey=0 pd=0x7f146405ec90
gpu-nodes-0:5321:7184 [1] NCCL INFO NET/IB: ncclIbReceiverQpsCreateToRts: QP created: port=1 dev=1 devName=mlx5_3 ndevs=14 nmdevs=16 qp_num=3136 pkey=0 pd=0x7f146405ec90
gpu-nodes-0:5321:7184 [1] NCCL INFO NET/IB: ncclIbResiliencyInit: Resiliency is disabled on the send communicator (comm=0x7f14659a3000)
gpu-nodes-0:5321:7184 [1] NCCL INFO NET/IB: ncclIbSenderQpsCreate: QP created: port=1 dev=1 devName=mlx5_3 ndevs=14 nmdevs=16 qp_num=3137 pkey=0 pd=0x7f146405ec90
gpu-nodes-0:5321:7184 [1] NCCL INFO NET/IB: ncclIbConnect: NCCL Dev 1 IbDev 1 Port 1 qp_num 3137 mtu 5 LID 537 subnet-prefix 33022  FLID 0 ctsFifoRkey=0x154c0a ctsFifoLkey=0x154c0a
gpu-nodes-0:5321:7184 [1] NCCL INFO NET/IB: ncclIbConnect: IbDev 1 Port 1 qp_num 3137 query_ece={supported=1, vendor_id=0x15b3, options=0x30000200, comp_mask=0x0}
gpu-nodes-0:5321:7184 [1] NCCL INFO NET/IB: ncclIbResiliencyInit: Resiliency is disabled on the recv communicator (comm=0x7f1465a0a000)
gpu-nodes-0:5321:7184 [1] NCCL INFO NET/IB: ncclIbRecvCommInit: Receive work requests will be posted on-demand
gpu-nodes-0:5321:7184 [1] NCCL INFO NET/IB: ncclIbResiliencyInit: Resiliency is disabled on the send communicator (comm=0x7f1465a47000)
gpu-nodes-0:5321:7184 [1] NCCL INFO NET/IB: ncclIbResiliencyInit: Resiliency is disabled on the recv communicator (comm=0x7f1465a80000)
gpu-nodes-0:5321:7184 [1] NCCL INFO NET/IB: ncclIbRecvCommInit: Receive work requests will be posted on-demand
gpu-nodes-0:5321:7184 [1] NCCL INFO NET/IB: ncclIbResiliencyInit: Resiliency is disabled on the send communicator (comm=0x7f1465abd000)
gpu-nodes-0:5321:7184 [1] NCCL INFO NET/IB: ncclIbResiliencyInit: Resiliency is disabled on the recv communicator (comm=0x7f1465af6000)
gpu-nodes-0:5321:7184 [1] NCCL INFO NET/IB: ncclIbRecvCommInit: Receive work requests will be posted on-demand
gpu-nodes-0:5321:7184 [1] NCCL INFO NET/IB: ncclIbResiliencyInit: Resiliency is disabled on the send communicator (comm=0x7f1465b33000)
gpu-nodes-0:5321:7184 [1] NCCL INFO NET/IB: ncclIbResiliencyInit: Resiliency is disabled on the recv communicator (comm=0x7f1465b6c000)
gpu-nodes-0:5321:7184 [1] NCCL INFO NET/IB: ncclIbRecvCommInit: Receive work requests will be posted on-demand
gpu-nodes-0:5321:7184 [1] NCCL INFO NET/IB: ncclIbResiliencyInit: Resiliency is disabled on the send communicator (comm=0x7f1465bab000)
gpu-nodes-0:5321:7184 [1] NCCL INFO NET/IB: ncclIbResiliencyInit: Resiliency is disabled on the recv communicator (comm=0x7f1465be6000)
gpu-nodes-0:5321:7184 [1] NCCL INFO NET/IB: ncclIbRecvCommInit: Receive work requests will be posted on-demand
gpu-nodes-0:5321:7184 [1] NCCL INFO NET/IB: ncclIbResiliencyInit: Resiliency is disabled on the send communicator (comm=0x7f1465c25000)
gpu-nodes-0:5321:7184 [1] NCCL INFO NET/IB: ncclIbResiliencyInit: Resiliency is disabled on the recv communicator (comm=0x7f1465c60000)
gpu-nodes-0:5321:7184 [1] NCCL INFO NET/IB: ncclIbRecvCommInit: Receive work requests will be posted on-demand
gpu-nodes-0:5321:7184 [1] NCCL INFO NET/IB: ncclIbResiliencyInit: Resiliency is disabled on the send communicator (comm=0x7f1465c9f000)
gpu-nodes-0:5321:7184 [1] NCCL INFO NET/IB: ncclIbResiliencyInit: Resiliency is disabled on the recv communicator (comm=0x7f1465cda000)
gpu-nodes-0:5321:7184 [1] NCCL INFO NET/IB: ncclIbRecvCommInit: Receive work requests will be posted on-demand
gpu-nodes-0:5321:7184 [1] NCCL INFO NET/IB: ncclIbSenderQpsToRts: Set ECE: IbDev 1 Port 1 qp_num 3137 set_ece={supported=1, vendor_id=0x15b3, options=0x30000200, comp_mask=0x0}
gpu-nodes-0:5321:7184 [1] NCCL INFO NET/IB: ncclIbSenderQpsCreate: QP created: port=1 dev=1 devName=mlx5_3 ndevs=14 nmdevs=16 qp_num=3138 pkey=0 pd=0x7f146405ec90
gpu-nodes-0:5321:7184 [1] NCCL INFO NET/IB: ncclIbConnect: NCCL Dev 1 IbDev 1 Port 1 qp_num 3138 mtu 5 LID 537 subnet-prefix 33022  FLID 0 ctsFifoRkey=0x144d0c ctsFifoLkey=0x144d0c
gpu-nodes-0:5321:7184 [1] NCCL INFO NET/IB: ncclIbConnect: IbDev 1 Port 1 qp_num 3138 query_ece={supported=1, vendor_id=0x15b3, options=0x30000200, comp_mask=0x0}
gpu-nodes-0:5321:7184 [1] NCCL INFO NET/IB: ncclIbReceiverQpsCreateToRts: QP created: port=1 dev=1 devName=mlx5_3 ndevs=14 nmdevs=16 qp_num=3139 pkey=0 pd=0x7f146405ec90
gpu-nodes-0:5321:7184 [1] NCCL INFO NET/IB: ncclIbReceiverQpsCreateToRts: QP created: port=1 dev=1 devName=mlx5_3 ndevs=14 nmdevs=16 qp_num=3140 pkey=0 pd=0x7f146405ec90
gpu-nodes-0:5321:7184 [1] NCCL INFO NET/IB: ncclIbSenderQpsCreate: QP created: port=1 dev=1 devName=mlx5_3 ndevs=14 nmdevs=16 qp_num=3141 pkey=0 pd=0x7f146405ec90
gpu-nodes-0:5321:7184 [1] NCCL INFO NET/IB: ncclIbConnect: NCCL Dev 1 IbDev 1 Port 1 qp_num 3141 mtu 5 LID 537 subnet-prefix 33022  FLID 0 ctsFifoRkey=0x14d291 ctsFifoLkey=0x14d291
gpu-nodes-0:5321:7184 [1] NCCL INFO NET/IB: ncclIbConnect: IbDev 1 Port 1 qp_num 3141 query_ece={supported=1, vendor_id=0x15b3, options=0x30000200, comp_mask=0x0}
gpu-nodes-0:5321:7184 [1] NCCL INFO NET/IB: ncclIbReceiverQpsCreateToRts: QP created: port=1 dev=1 devName=mlx5_3 ndevs=14 nmdevs=16 qp_num=3142 pkey=0 pd=0x7f146405ec90
gpu-nodes-0:5321:7184 [1] NCCL INFO NET/IB: ncclIbReceiverQpsCreateToRts: QP created: port=1 dev=1 devName=mlx5_3 ndevs=14 nmdevs=16 qp_num=3143 pkey=0 pd=0x7f146405ec90
gpu-nodes-0:5321:7184 [1] NCCL INFO NET/IB: ncclIbSenderQpsCreate: QP created: port=1 dev=1 devName=mlx5_3 ndevs=14 nmdevs=16 qp_num=3144 pkey=0 pd=0x7f146405ec90
gpu-nodes-0:5321:7184 [1] NCCL INFO NET/IB: ncclIbConnect: NCCL Dev 1 IbDev 1 Port 1 qp_num 3144 mtu 5 LID 537 subnet-prefix 33022  FLID 0 ctsFifoRkey=0x16f2b2 ctsFifoLkey=0x16f2b2
gpu-nodes-0:5321:7184 [1] NCCL INFO NET/IB: ncclIbConnect: IbDev 1 Port 1 qp_num 3144 query_ece={supported=1, vendor_id=0x15b3, options=0x30000200, comp_mask=0x0}
gpu-nodes-0:5321:7184 [1] NCCL INFO NET/IB: ncclIbReceiverQpsCreateToRts: QP created: port=1 dev=1 devName=mlx5_3 ndevs=14 nmdevs=16 qp_num=3145 pkey=0 pd=0x7f146405ec90
gpu-nodes-0:5321:7184 [1] NCCL INFO NET/IB: ncclIbReceiverQpsCreateToRts: QP created: port=1 dev=1 devName=mlx5_3 ndevs=14 nmdevs=16 qp_num=3146 pkey=0 pd=0x7f146405ec90
gpu-nodes-0:5321:7184 [1] NCCL INFO NET/IB: ncclIbSenderQpsCreate: QP created: port=1 dev=1 devName=mlx5_3 ndevs=14 nmdevs=16 qp_num=3147 pkey=0 pd=0x7f146405ec90
gpu-nodes-0:5321:7184 [1] NCCL INFO NET/IB: ncclIbConnect: NCCL Dev 1 IbDev 1 Port 1 qp_num 3147 mtu 5 LID 537 subnet-prefix 33022  FLID 0 ctsFifoRkey=0x14a160 ctsFifoLkey=0x14a160
gpu-nodes-0:5321:7184 [1] NCCL INFO NET/IB: ncclIbConnect: IbDev 1 Port 1 qp_num 3147 query_ece={supported=1, vendor_id=0x15b3, options=0x30000200, comp_mask=0x0}
gpu-nodes-0:5321:7184 [1] NCCL INFO NET/IB: ncclIbReceiverQpsCreateToRts: QP created: port=1 dev=1 devName=mlx5_3 ndevs=14 nmdevs=16 qp_num=3148 pkey=0 pd=0x7f146405ec90
gpu-nodes-0:5321:7184 [1] NCCL INFO NET/IB: ncclIbReceiverQpsCreateToRts: QP created: port=1 dev=1 devName=mlx5_3 ndevs=14 nmdevs=16 qp_num=3149 pkey=0 pd=0x7f146405ec90
gpu-nodes-0:5321:7184 [1] NCCL INFO NET/IB: ncclIbSenderQpsCreate: QP created: port=1 dev=1 devName=mlx5_3 ndevs=14 nmdevs=16 qp_num=3150 pkey=0 pd=0x7f146405ec90
gpu-nodes-0:5321:7184 [1] NCCL INFO NET/IB: ncclIbConnect: NCCL Dev 1 IbDev 1 Port 1 qp_num 3150 mtu 5 LID 537 subnet-prefix 33022  FLID 0 ctsFifoRkey=0x178e4e ctsFifoLkey=0x178e4e
gpu-nodes-0:5321:7184 [1] NCCL INFO NET/IB: ncclIbConnect: IbDev 1 Port 1 qp_num 3150 query_ece={supported=1, vendor_id=0x15b3, options=0x30000200, comp_mask=0x0}
gpu-nodes-0:5321:7184 [1] NCCL INFO NET/IB: ncclIbReceiverQpsCreateToRts: QP created: port=1 dev=1 devName=mlx5_3 ndevs=14 nmdevs=16 qp_num=3151 pkey=0 pd=0x7f146405ec90
gpu-nodes-0:5321:7184 [1] NCCL INFO NET/IB: ncclIbReceiverQpsCreateToRts: QP created: port=1 dev=1 devName=mlx5_3 ndevs=14 nmdevs=16 qp_num=3152 pkey=0 pd=0x7f146405ec90
gpu-nodes-0:5321:7184 [1] NCCL INFO NET/IB: ncclIbSenderQpsCreate: QP created: port=1 dev=1 devName=mlx5_3 ndevs=14 nmdevs=16 qp_num=3153 pkey=0 pd=0x7f146405ec90
gpu-nodes-0:5321:7184 [1] NCCL INFO NET/IB: ncclIbConnect: NCCL Dev 1 IbDev 1 Port 1 qp_num 3153 mtu 5 LID 537 subnet-prefix 33022  FLID 0 ctsFifoRkey=0x17d898 ctsFifoLkey=0x17d898
gpu-nodes-0:5321:7184 [1] NCCL INFO NET/IB: ncclIbConnect: IbDev 1 Port 1 qp_num 3153 query_ece={supported=1, vendor_id=0x15b3, options=0x30000200, comp_mask=0x0}
gpu-nodes-0:5321:7184 [1] NCCL INFO NET/IB: ncclIbReceiverQpsCreateToRts: QP created: port=1 dev=1 devName=mlx5_3 ndevs=14 nmdevs=16 qp_num=3154 pkey=0 pd=0x7f146405ec90
gpu-nodes-0:5321:7184 [1] NCCL INFO NET/IB: ncclIbReceiverQpsCreateToRts: QP created: port=1 dev=1 devName=mlx5_3 ndevs=14 nmdevs=16 qp_num=3155 pkey=0 pd=0x7f146405ec90
gpu-nodes-0:5321:7184 [1] NCCL INFO NET/IB: ncclIbResiliencyInit: Resiliency is disabled on the send communicator (comm=0x7f1466022000)
gpu-nodes-0:5321:7184 [1] NCCL INFO NET/IB: ncclIbReceiverQpsCreateToRts: QP created: port=1 dev=1 devName=mlx5_3 ndevs=14 nmdevs=16 qp_num=3156 pkey=0 pd=0x7f146405ec90
gpu-nodes-0:5321:7184 [1] NCCL INFO NET/IB: ncclIbReceiverQpsCreateToRts: QP created: port=1 dev=1 devName=mlx5_3 ndevs=14 nmdevs=16 qp_num=3157 pkey=0 pd=0x7f146405ec90
gpu-nodes-0:5321:7184 [1] NCCL INFO NET/IB: ncclIbSenderQpsToRts: Set ECE: IbDev 1 Port 1 qp_num 3138 set_ece={supported=1, vendor_id=0x15b3, options=0x30000200, comp_mask=0x0}
gpu-nodes-0:5321:7184 [1] NCCL INFO NET/IB: ncclIbSenderQpsToRts: Set ECE: IbDev 1 Port 1 qp_num 3141 set_ece={supported=1, vendor_id=0x15b3, options=0x30000200, comp_mask=0x0}
gpu-nodes-0:5321:7184 [1] NCCL INFO NET/IB: ncclIbSenderQpsToRts: Set ECE: IbDev 1 Port 1 qp_num 3144 set_ece={supported=1, vendor_id=0x15b3, options=0x30000200, comp_mask=0x0}
gpu-nodes-0:5321:7184 [1] NCCL INFO NET/IB: ncclIbSenderQpsToRts: Set ECE: IbDev 1 Port 1 qp_num 3147 set_ece={supported=1, vendor_id=0x15b3, options=0x30000200, comp_mask=0x0}
gpu-nodes-0:5321:7184 [1] NCCL INFO NET/IB: ncclIbSenderQpsToRts: Set ECE: IbDev 1 Port 1 qp_num 3150 set_ece={supported=1, vendor_id=0x15b3, options=0x30000200, comp_mask=0x0}
gpu-nodes-0:5321:7184 [1] NCCL INFO NET/IB: ncclIbSenderQpsToRts: Set ECE: IbDev 1 Port 1 qp_num 3153 set_ece={supported=1, vendor_id=0x15b3, options=0x30000200, comp_mask=0x0}
gpu-nodes-0:5321:7184 [1] NCCL INFO NET/IB: ncclIbSenderQpsCreate: QP created: port=1 dev=1 devName=mlx5_3 ndevs=14 nmdevs=16 qp_num=3158 pkey=0 pd=0x7f146405ec90
gpu-nodes-0:5321:7184 [1] NCCL INFO NET/IB: ncclIbConnect: NCCL Dev 1 IbDev 1 Port 1 qp_num 3158 mtu 5 LID 537 subnet-prefix 33022  FLID 0 ctsFifoRkey=0x179959 ctsFifoLkey=0x179959
gpu-nodes-0:5321:7184 [1] NCCL INFO NET/IB: ncclIbConnect: IbDev 1 Port 1 qp_num 3158 query_ece={supported=1, vendor_id=0x15b3, options=0x30000200, comp_mask=0x0}
gpu-nodes-0:5321:7184 [1] NCCL INFO NET/IB: ncclIbResiliencyInit: Resiliency is disabled on the recv communicator (comm=0x7f14660db000)
gpu-nodes-0:5321:7184 [1] NCCL INFO NET/IB: ncclIbRecvCommInit: Receive work requests will be posted on-demand
gpu-nodes-0:5321:7184 [1] NCCL INFO NET/IB: ncclIbSenderQpsToRts: Set ECE: IbDev 1 Port 1 qp_num 3158 set_ece={supported=1, vendor_id=0x15b3, options=0x30000200, comp_mask=0x0}
gpu-nodes-0:5321:7184 [1] NCCL INFO NET/IB: ncclIbReceiverQpsCreateToRts: QP created: port=1 dev=1 devName=mlx5_3 ndevs=14 nmdevs=16 qp_num=3159 pkey=0 pd=0x7f146405ec90
gpu-nodes-0:5321:7184 [1] NCCL INFO NET/IB: ncclIbReceiverQpsCreateToRts: QP created: port=1 dev=1 devName=mlx5_3 ndevs=14 nmdevs=16 qp_num=3160 pkey=0 pd=0x7f146405ec90
gpu-nodes-0:5321:7184 [1] NCCL INFO New proxy send connection 128 from local rank 0, transport 2
gpu-nodes-0:5321:5321 [1] NCCL INFO Connected NVLS tree
gpu-nodes-0:5321:7184 [1] NCCL INFO New proxy send connection 129 from local rank 1, transport 2
gpu-nodes-0:5321:5321 [1] NCCL INFO Connected to proxy localRank 1 -> connection 0x7f146615f098
gpu-nodes-0:5321:5321 [1] NCCL INFO GPU Direct RDMA Enabled for GPU/0-77824 (rank 9) - NET/0-0 ( using PXN via GPU/0-12288, distance 4 <= 6, read 1, mode Default)
gpu-nodes-0:5321:5321 [1] NCCL INFO GPU Direct RDMA Enabled for GPU/0-77824 (rank 9) - NET/0-2 ( using PXN via GPU/0-405504, distance 4 <= 6, read 1, mode Default)
gpu-nodes-0:5321:5321 [1] NCCL INFO GPU Direct RDMA Enabled for GPU/0-77824 (rank 9) - NET/0-3 ( using PXN via GPU/0-471040, distance 4 <= 6, read 1, mode Default)
gpu-nodes-0:5321:5321 [1] NCCL INFO GPU Direct RDMA Enabled for GPU/0-77824 (rank 9) - NET/0-4 ( using PXN via GPU/0-536576, distance 4 <= 6, read 1, mode Default)
gpu-nodes-0:5321:5321 [1] NCCL INFO GPU Direct RDMA Enabled for GPU/0-77824 (rank 9) - NET/0-5 ( using PXN via GPU/0-602112, distance 4 <= 6, read 1, mode Default)
gpu-nodes-0:5321:5321 [1] NCCL INFO GPU Direct RDMA Enabled for GPU/0-77824 (rank 9) - NET/0-12 ( using PXN via GPU/0-929792, distance 4 <= 6, read 1, mode Default)
gpu-nodes-0:5321:5321 [1] NCCL INFO GPU Direct RDMA Enabled for GPU/0-77824 (rank 9) - NET/0-13 ( using PXN via GPU/0-995328, distance 4 <= 6, read 1, mode Default)
gpu-nodes-0:5321:5321 [1] NCCL INFO GPU Direct RDMA Enabled for GPU/0-77824 (rank 9) - NET/0-0 ( using PXN via GPU/0-12288, distance 4 <= 6, read 1, mode Default)
gpu-nodes-0:5321:5321 [1] NCCL INFO GPU Direct RDMA Enabled for GPU/0-77824 (rank 9) - NET/0-2 ( using PXN via GPU/0-405504, distance 4 <= 6, read 1, mode Default)
gpu-nodes-0:5321:5321 [1] NCCL INFO GPU Direct RDMA Enabled for GPU/0-77824 (rank 9) - NET/0-3 ( using PXN via GPU/0-471040, distance 4 <= 6, read 1, mode Default)
gpu-nodes-0:5321:5321 [1] NCCL INFO GPU Direct RDMA Enabled for GPU/0-77824 (rank 9) - NET/0-4 ( using PXN via GPU/0-536576, distance 4 <= 6, read 1, mode Default)
gpu-nodes-0:5321:5321 [1] NCCL INFO GPU Direct RDMA Enabled for GPU/0-77824 (rank 9) - NET/0-5 ( using PXN via GPU/0-602112, distance 4 <= 6, read 1, mode Default)
gpu-nodes-0:5321:5321 [1] NCCL INFO GPU Direct RDMA Enabled for GPU/0-77824 (rank 9) - NET/0-12 ( using PXN via GPU/0-929792, distance 4 <= 6, read 1, mode Default)
gpu-nodes-0:5321:5321 [1] NCCL INFO GPU Direct RDMA Enabled for GPU/0-77824 (rank 9) - NET/0-13 ( using PXN via GPU/0-995328, distance 4 <= 6, read 1, mode Default)
gpu-nodes-0:5321:5321 [1] NCCL INFO Connected to proxy localRank 0 -> connection 0x7902ec436138
gpu-nodes-0:5321:5321 [1] NCCL INFO Connected to proxy localRank 2 -> connection 0x717c12162120
gpu-nodes-0:5321:7184 [1] NCCL INFO New proxy send connection 130 from local rank 2, transport 2
gpu-nodes-0:5321:7184 [1] NCCL INFO New proxy send connection 131 from local rank 5, transport 2
gpu-nodes-0:5321:7184 [1] NCCL INFO New proxy send connection 132 from local rank 6, transport 2
gpu-nodes-0:5321:5321 [1] NCCL INFO Connected to proxy localRank 3 -> connection 0x70a0f2156098
gpu-nodes-0:5321:7184 [1] NCCL INFO New proxy send connection 133 from local rank 4, transport 2
gpu-nodes-0:5321:5321 [1] NCCL INFO Connected to proxy localRank 4 -> connection 0x77bad2154120
gpu-nodes-0:5321:5321 [1] NCCL INFO Connected to proxy localRank 5 -> connection 0x7dd43e154120
gpu-nodes-0:5321:7184 [1] NCCL INFO New proxy send connection 134 from local rank 3, transport 2
gpu-nodes-0:5321:5321 [1] NCCL INFO Connected to proxy localRank 6 -> connection 0x7b8f4e15c120
gpu-nodes-0:5321:7184 [1] NCCL INFO New proxy send connection 135 from local rank 7, transport 2
gpu-nodes-0:5321:5321 [1] NCCL INFO Connected to proxy localRank 7 -> connection 0x7b1fda15b120
gpu-nodes-0:5321:5321 [1] NCCL INFO TUNER/Plugin: Could not find: libnccl-tuner.so
gpu-nodes-0:5321:5321 [1] NCCL INFO threadThresholds 8/8/64 | 128/8/64 | 512 | 512
gpu-nodes-0:5321:5321 [1] NCCL INFO 16 coll channels, 16 collnet channels, 32 nvls channels, 16 p2p channels, 4 p2p channels per peer
gpu-nodes-0:5321:5321 [1] NCCL INFO Symmetric memory is not supported. cuMemEnable 0, globalGinSupport 0, globalNicFused 1 cuMemGdrSupport 1
gpu-nodes-0:5321:5321 [1] NCCL INFO ncclCommInitRankConfig comm 0x62b0c840 rank 9 nranks 16 cudaDev 1 nvmlDev 1 busId 13000 commId 0x7a3fc21148fd46b2 - Init COMPLETE
gpu-nodes-0:5321:5321 [1] NCCL INFO Init timings - ncclCommInitRankConfig: rank 9 nranks 16 total 2.90 (kernels 0.24, alloc 0.72, bootstrap 0.03, allgathers 0.17, topo 0.76, graphs 0.07, connections 0.91, rest 0.00)
gpu-nodes-0:5321:5321 [1] NCCL INFO Initialized NET plugin IB
gpu-nodes-0:5321:5321 [1] NCCL INFO Assigned NET plugin IB to comm
gpu-nodes-0:5321:5321 [1] NCCL INFO Assigned GIN plugin GIN_IB_GDAKI to comm
gpu-nodes-0:5321:5321 [1] NCCL INFO Assigned RMA plugin GIN_IB_PROXY to comm
gpu-nodes-0:5321:5321 [1] NCCL INFO Using network IB
gpu-nodes-0:5321:5321 [1] NCCL INFO DMA-BUF is available on GPU device 1
gpu-nodes-0:5321:5321 [1] NCCL INFO [Rank 1] ncclCommInitRankConfig comm 0x96b1de50 rank 1 nranks 8 cudaDev 1 nvmlDev 1 busId 13000 commId 0x6bd0a0838b37110b - Init START
gpu-nodes-0:5321:5321 [1] NCCL INFO MNNVL busId 0x13000 fabric UUID 0.0 cliqueId 0x0 state 3 healthMask 0x80
gpu-nodes-0:5321:5321 [1] NCCL INFO Could not find real path of /sys/class/pci_bus/fffffff/../../fffffff:ff:f
gpu-nodes-0:5321:5321 [1] NCCL INFO TOPO/NET : Importing network plugins to topology
gpu-nodes-0:5321:5321 [1] NCCL INFO NET/GIN_IB_GDAKI : GPU Direct RDMA Enabled for HCA 0 'mlx5_1'
gpu-nodes-0:5321:5321 [1] NCCL INFO ncclTopoPopulateNics : Filled mlx5_1 in topo with pciPath=/sys/devices/pci0000:00/0000:00:01.1/0000:01:00.0/0000:02:01.0/0000:04:00.0 net=0 gin=1 keep=1 coll=(null)
gpu-nodes-0:5321:5321 [1] NCCL INFO NET/GIN_IB_GDAKI : GPU Direct RDMA Enabled for HCA 1 'mlx5_3'
gpu-nodes-0:5321:5321 [1] NCCL INFO ncclTopoPopulateNics : Filled mlx5_3 in topo with pciPath=/sys/devices/pci0000:10/0000:10:01.1/0000:11:00.0/0000:12:01.0/0000:14:00.0 net=0 gin=1 keep=1 coll=(null)
gpu-nodes-0:5321:5321 [1] NCCL INFO NET/GIN_IB_GDAKI : GPU Direct RDMA Enabled for HCA 2 'mlx5_2'
gpu-nodes-0:5321:5321 [1] NCCL INFO ncclTopoPopulateNics : Filled mlx5_2 in topo with pciPath=/sys/devices/pci0000:60/0000:60:01.1/0000:61:00.0/0000:62:01.0/0000:64:00.0 net=0 gin=1 keep=1 coll=(null)
gpu-nodes-0:5321:5321 [1] NCCL INFO NET/GIN_IB_GDAKI : GPU Direct RDMA Enabled for HCA 3 'mlx5_0'
gpu-nodes-0:5321:5321 [1] NCCL INFO ncclTopoPopulateNics : Filled mlx5_0 in topo with pciPath=/sys/devices/pci0000:70/0000:70:01.1/0000:71:00.0/0000:72:01.0/0000:74:00.0 net=0 gin=1 keep=1 coll=(null)
gpu-nodes-0:5321:5321 [1] NCCL INFO NET/GIN_IB_GDAKI : GPU Direct RDMA Enabled for HCA 4 'mlx5_9'
gpu-nodes-0:5321:5321 [1] NCCL INFO ncclTopoPopulateNics : Filled mlx5_9 in topo with pciPath=/sys/devices/pci0000:80/0000:80:01.1/0000:81:00.0/0000:82:01.0/0000:84:00.0 net=0 gin=1 keep=1 coll=(null)
gpu-nodes-0:5321:5321 [1] NCCL INFO NET/GIN_IB_GDAKI : GPU Direct RDMA Enabled for HCA 5 'mlx5_13'
gpu-nodes-0:5321:5321 [1] NCCL INFO ncclTopoPopulateNics : Filled mlx5_13 in topo with pciPath=/sys/devices/pci0000:90/0000:90:01.1/0000:91:00.0/0000:92:01.0/0000:94:00.0 net=0 gin=1 keep=1 coll=(null)
gpu-nodes-0:5321:5321 [1] NCCL INFO NET/GIN_IB_GDAKI : GPU Direct RDMA Enabled for HCA 6 'mlx5_10'
gpu-nodes-0:5321:5321 [1] NCCL INFO ncclTopoPopulateNics : Filled mlx5_10 in topo with pciPath=/sys/devices/pci0000:c0/0000:c0:01.1/0000:c1:00.0 net=0 gin=1 keep=1 coll=(null)
gpu-nodes-0:5321:5321 [1] NCCL INFO NET/GIN_IB_GDAKI : GPU Direct RDMA Enabled for HCA 7 'mlx5_11'
gpu-nodes-0:5321:5321 [1] NCCL INFO ncclTopoPopulateNics : Filled mlx5_11 in topo with pciPath=/sys/devices/pci0000:c0/0000:c0:01.1/0000:c1:00.0 net=0 gin=1 keep=1 coll=(null)
gpu-nodes-0:5321:5321 [1] NCCL INFO NET/GIN_IB_GDAKI : GPU Direct RDMA Enabled for HCA 8 'mlx5_5'
gpu-nodes-0:5321:5321 [1] NCCL INFO ncclTopoPopulateNics : Filled mlx5_5 in topo with pciPath=/sys/devices/pci0000:d0/0000:d0:03.3/0000:d2:00.0 net=0 gin=1 keep=1 coll=(null)
gpu-nodes-0:5321:5321 [1] NCCL INFO NET/GIN_IB_GDAKI : GPU Direct RDMA Enabled for HCA 9 'mlx5_6'
gpu-nodes-0:5321:5321 [1] NCCL INFO ncclTopoPopulateNics : Filled mlx5_6 in topo with pciPath=/sys/devices/pci0000:d0/0000:d0:03.3/0000:d2:00.0 net=0 gin=1 keep=1 coll=(null)
gpu-nodes-0:5321:5321 [1] NCCL INFO NET/GIN_IB_GDAKI : GPU Direct RDMA Enabled for HCA 10 'mlx5_7'
gpu-nodes-0:5321:5321 [1] NCCL INFO ncclTopoPopulateNics : Filled mlx5_7 in topo with pciPath=/sys/devices/pci0000:d0/0000:d0:03.3/0000:d2:00.0 net=0 gin=1 keep=1 coll=(null)
gpu-nodes-0:5321:5321 [1] NCCL INFO NET/GIN_IB_GDAKI : GPU Direct RDMA Enabled for HCA 11 'mlx5_8'
gpu-nodes-0:5321:5321 [1] NCCL INFO ncclTopoPopulateNics : Filled mlx5_8 in topo with pciPath=/sys/devices/pci0000:d0/0000:d0:03.3/0000:d2:00.0 net=0 gin=1 keep=1 coll=(null)
gpu-nodes-0:5321:5321 [1] NCCL INFO NET/GIN_IB_GDAKI : GPU Direct RDMA Enabled for HCA 12 'mlx5_12'
gpu-nodes-0:5321:5321 [1] NCCL INFO ncclTopoPopulateNics : Filled mlx5_12 in topo with pciPath=/sys/devices/pci0000:e0/0000:e0:01.1/0000:e1:00.0/0000:e2:01.0/0000:e4:00.0 net=0 gin=1 keep=1 coll=(null)
gpu-nodes-0:5321:5321 [1] NCCL INFO NET/GIN_IB_GDAKI : GPU Direct RDMA Enabled for HCA 13 'mlx5_4'
gpu-nodes-0:5321:5321 [1] NCCL INFO ncclTopoPopulateNics : Filled mlx5_4 in topo with pciPath=/sys/devices/pci0000:f0/0000:f0:01.1/0000:f1:00.0/0000:f2:01.0/0000:f4:00.0 net=0 gin=1 keep=1 coll=(null)
gpu-nodes-0:5321:5321 [1] NCCL INFO NET/IB : GPU Direct RDMA Enabled for HCA 0 'mlx5_1'
gpu-nodes-0:5321:5321 [1] NCCL INFO ncclTopoPopulateNics : Filled mlx5_1 in topo with pciPath=/sys/devices/pci0000:00/0000:00:01.1/0000:01:00.0/0000:02:01.0/0000:04:00.0 net=1 gin=1 keep=1 coll=(null)
gpu-nodes-0:5321:5321 [1] NCCL INFO NET/IB : GPU Direct RDMA Enabled for HCA 1 'mlx5_3'
gpu-nodes-0:5321:5321 [1] NCCL INFO ncclTopoPopulateNics : Filled mlx5_3 in topo with pciPath=/sys/devices/pci0000:10/0000:10:01.1/0000:11:00.0/0000:12:01.0/0000:14:00.0 net=1 gin=1 keep=1 coll=(null)
gpu-nodes-0:5321:5321 [1] NCCL INFO NET/IB : GPU Direct RDMA Enabled for HCA 2 'mlx5_2'
gpu-nodes-0:5321:5321 [1] NCCL INFO ncclTopoPopulateNics : Filled mlx5_2 in topo with pciPath=/sys/devices/pci0000:60/0000:60:01.1/0000:61:00.0/0000:62:01.0/0000:64:00.0 net=1 gin=1 keep=1 coll=(null)
gpu-nodes-0:5321:5321 [1] NCCL INFO NET/IB : GPU Direct RDMA Enabled for HCA 3 'mlx5_0'
gpu-nodes-0:5321:5321 [1] NCCL INFO ncclTopoPopulateNics : Filled mlx5_0 in topo with pciPath=/sys/devices/pci0000:70/0000:70:01.1/0000:71:00.0/0000:72:01.0/0000:74:00.0 net=1 gin=1 keep=1 coll=(null)
gpu-nodes-0:5321:5321 [1] NCCL INFO NET/IB : GPU Direct RDMA Enabled for HCA 4 'mlx5_9'
gpu-nodes-0:5321:5321 [1] NCCL INFO ncclTopoPopulateNics : Filled mlx5_9 in topo with pciPath=/sys/devices/pci0000:80/0000:80:01.1/0000:81:00.0/0000:82:01.0/0000:84:00.0 net=1 gin=1 keep=1 coll=(null)
gpu-nodes-0:5321:5321 [1] NCCL INFO NET/IB : GPU Direct RDMA Enabled for HCA 5 'mlx5_13'
gpu-nodes-0:5321:5321 [1] NCCL INFO ncclTopoPopulateNics : Filled mlx5_13 in topo with pciPath=/sys/devices/pci0000:90/0000:90:01.1/0000:91:00.0/0000:92:01.0/0000:94:00.0 net=1 gin=1 keep=1 coll=(null)
gpu-nodes-0:5321:5321 [1] NCCL INFO NET/IB : GPU Direct RDMA Enabled for HCA 6 'mlx5_10'
gpu-nodes-0:5321:5321 [1] NCCL INFO ncclTopoPopulateNics : Filled mlx5_10 in topo with pciPath=/sys/devices/pci0000:c0/0000:c0:01.1/0000:c1:00.0 net=1 gin=1 keep=1 coll=(null)
gpu-nodes-0:5321:5321 [1] NCCL INFO NET/IB : GPU Direct RDMA Enabled for HCA 7 'mlx5_11'
gpu-nodes-0:5321:5321 [1] NCCL INFO ncclTopoPopulateNics : Filled mlx5_11 in topo with pciPath=/sys/devices/pci0000:c0/0000:c0:01.1/0000:c1:00.0 net=1 gin=1 keep=1 coll=(null)
gpu-nodes-0:5321:5321 [1] NCCL INFO NET/IB : GPU Direct RDMA Enabled for HCA 8 'mlx5_5'
gpu-nodes-0:5321:5321 [1] NCCL INFO ncclTopoPopulateNics : Filled mlx5_5 in topo with pciPath=/sys/devices/pci0000:d0/0000:d0:03.3/0000:d2:00.0 net=1 gin=1 keep=1 coll=(null)
gpu-nodes-0:5321:5321 [1] NCCL INFO NET/IB : GPU Direct RDMA Enabled for HCA 9 'mlx5_6'
gpu-nodes-0:5321:5321 [1] NCCL INFO ncclTopoPopulateNics : Filled mlx5_6 in topo with pciPath=/sys/devices/pci0000:d0/0000:d0:03.3/0000:d2:00.0 net=1 gin=1 keep=1 coll=(null)
gpu-nodes-0:5321:5321 [1] NCCL INFO NET/IB : GPU Direct RDMA Enabled for HCA 10 'mlx5_7'
gpu-nodes-0:5321:5321 [1] NCCL INFO ncclTopoPopulateNics : Filled mlx5_7 in topo with pciPath=/sys/devices/pci0000:d0/0000:d0:03.3/0000:d2:00.0 net=1 gin=1 keep=1 coll=(null)
gpu-nodes-0:5321:5321 [1] NCCL INFO NET/IB : GPU Direct RDMA Enabled for HCA 11 'mlx5_8'
gpu-nodes-0:5321:5321 [1] NCCL INFO ncclTopoPopulateNics : Filled mlx5_8 in topo with pciPath=/sys/devices/pci0000:d0/0000:d0:03.3/0000:d2:00.0 net=1 gin=1 keep=1 coll=(null)
gpu-nodes-0:5321:5321 [1] NCCL INFO NET/IB : GPU Direct RDMA Enabled for HCA 12 'mlx5_12'
gpu-nodes-0:5321:5321 [1] NCCL INFO ncclTopoPopulateNics : Filled mlx5_12 in topo with pciPath=/sys/devices/pci0000:e0/0000:e0:01.1/0000:e1:00.0/0000:e2:01.0/0000:e4:00.0 net=1 gin=1 keep=1 coll=(null)
gpu-nodes-0:5321:5321 [1] NCCL INFO NET/IB : GPU Direct RDMA Enabled for HCA 13 'mlx5_4'
gpu-nodes-0:5321:5321 [1] NCCL INFO ncclTopoPopulateNics : Filled mlx5_4 in topo with pciPath=/sys/devices/pci0000:f0/0000:f0:01.1/0000:f1:00.0/0000:f2:01.0/0000:f4:00.0 net=1 gin=1 keep=1 coll=(null)
gpu-nodes-0:5321:5321 [1] NCCL INFO NET/IB : GPU Direct RDMA Enabled for HCA 14 'mlx5_10+mlx5_11'
gpu-nodes-0:5321:5321 [1] NCCL INFO ncclTopoPopulateNics : Filled mlx5_10+mlx5_11 in topo with pciPath=/sys/devices/pci0000:c0/0000:c0:01.1/0000:c1:00.0 net=1 gin=(null) keep=1 coll=(null)
gpu-nodes-0:5321:5321 [1] NCCL INFO NET/IB : GPU Direct RDMA Enabled for HCA 15 'mlx5_5+mlx5_6+mlx5_7+mlx5_8'
gpu-nodes-0:5321:5321 [1] NCCL INFO ncclTopoPopulateNics : Filled mlx5_5+mlx5_6+mlx5_7+mlx5_8 in topo with pciPath=/sys/devices/pci0000:d0/0000:d0:03.3/0000:d2:00.0 net=1 gin=(null) keep=1 coll=(null)
gpu-nodes-0:5321:5321 [1] NCCL INFO GPU Direct RDMA Enabled for GPU/0-12288 (rank 0) - NET/0-0 (distance 4 <= 6, read 0, mode Default)
gpu-nodes-0:5321:5321 [1] NCCL INFO GPU Direct RDMA Enabled for GPU/0-77824 (rank 1) - NET/0-0 ( using PXN via GPU/0-12288, distance 4 <= 6, read 0, mode Default)
gpu-nodes-0:5321:5321 [1] NCCL INFO GPU Direct RDMA Enabled for GPU/0-405504 (rank 2) - NET/0-0 ( using PXN via GPU/0-12288, distance 4 <= 6, read 0, mode Default)
gpu-nodes-0:5321:5321 [1] NCCL INFO GPU Direct RDMA Enabled for GPU/0-471040 (rank 3) - NET/0-0 ( using PXN via GPU/0-12288, distance 4 <= 6, read 0, mode Default)
gpu-nodes-0:5321:5321 [1] NCCL INFO GPU Direct RDMA Enabled for GPU/0-536576 (rank 4) - NET/0-0 ( using PXN via GPU/0-12288, distance 4 <= 6, read 0, mode Default)
gpu-nodes-0:5321:5321 [1] NCCL INFO GPU Direct RDMA Enabled for GPU/0-602112 (rank 5) - NET/0-0 ( using PXN via GPU/0-12288, distance 4 <= 6, read 0, mode Default)
gpu-nodes-0:5321:5321 [1] NCCL INFO GPU Direct RDMA Enabled for GPU/0-929792 (rank 6) - NET/0-0 ( using PXN via GPU/0-12288, distance 4 <= 6, read 0, mode Default)
gpu-nodes-0:5321:5321 [1] NCCL INFO GPU Direct RDMA Enabled for GPU/0-995328 (rank 7) - NET/0-0 ( using PXN via GPU/0-12288, distance 4 <= 6, read 0, mode Default)
gpu-nodes-0:5321:5321 [1] NCCL INFO GPU Direct RDMA Enabled for GPU/0-12288 (rank 0) - NET/0-1 ( using PXN via GPU/0-77824, distance 4 <= 6, read 0, mode Default)
gpu-nodes-0:5321:5321 [1] NCCL INFO GPU Direct RDMA Enabled for GPU/0-77824 (rank 1) - NET/0-1 (distance 4 <= 6, read 0, mode Default)
gpu-nodes-0:5321:5321 [1] NCCL INFO GPU Direct RDMA Enabled for GPU/0-405504 (rank 2) - NET/0-1 ( using PXN via GPU/0-77824, distance 4 <= 6, read 0, mode Default)
gpu-nodes-0:5321:5321 [1] NCCL INFO GPU Direct RDMA Enabled for GPU/0-471040 (rank 3) - NET/0-1 ( using PXN via GPU/0-77824, distance 4 <= 6, read 0, mode Default)
gpu-nodes-0:5321:5321 [1] NCCL INFO GPU Direct RDMA Enabled for GPU/0-536576 (rank 4) - NET/0-1 ( using PXN via GPU/0-77824, distance 4 <= 6, read 0, mode Default)
gpu-nodes-0:5321:5321 [1] NCCL INFO GPU Direct RDMA Enabled for GPU/0-602112 (rank 5) - NET/0-1 ( using PXN via GPU/0-77824, distance 4 <= 6, read 0, mode Default)
gpu-nodes-0:5321:5321 [1] NCCL INFO GPU Direct RDMA Enabled for GPU/0-929792 (rank 6) - NET/0-1 ( using PXN via GPU/0-77824, distance 4 <= 6, read 0, mode Default)
gpu-nodes-0:5321:5321 [1] NCCL INFO GPU Direct RDMA Enabled for GPU/0-995328 (rank 7) - NET/0-1 ( using PXN via GPU/0-77824, distance 4 <= 6, read 0, mode Default)
gpu-nodes-0:5321:5321 [1] NCCL INFO GPU Direct RDMA Enabled for GPU/0-12288 (rank 0) - NET/0-2 ( using PXN via GPU/0-405504, distance 4 <= 6, read 0, mode Default)
gpu-nodes-0:5321:5321 [1] NCCL INFO GPU Direct RDMA Enabled for GPU/0-77824 (rank 1) - NET/0-2 ( using PXN via GPU/0-405504, distance 4 <= 6, read 0, mode Default)
gpu-nodes-0:5321:5321 [1] NCCL INFO GPU Direct RDMA Enabled for GPU/0-405504 (rank 2) - NET/0-2 (distance 4 <= 6, read 0, mode Default)
gpu-nodes-0:5321:5321 [1] NCCL INFO GPU Direct RDMA Enabled for GPU/0-471040 (rank 3) - NET/0-2 ( using PXN via GPU/0-405504, distance 4 <= 6, read 0, mode Default)
gpu-nodes-0:5321:5321 [1] NCCL INFO GPU Direct RDMA Enabled for GPU/0-536576 (rank 4) - NET/0-2 ( using PXN via GPU/0-405504, distance 4 <= 6, read 0, mode Default)
gpu-nodes-0:5321:5321 [1] NCCL INFO GPU Direct RDMA Enabled for GPU/0-602112 (rank 5) - NET/0-2 ( using PXN via GPU/0-405504, distance 4 <= 6, read 0, mode Default)
gpu-nodes-0:5321:5321 [1] NCCL INFO GPU Direct RDMA Enabled for GPU/0-929792 (rank 6) - NET/0-2 ( using PXN via GPU/0-405504, distance 4 <= 6, read 0, mode Default)
gpu-nodes-0:5321:5321 [1] NCCL INFO GPU Direct RDMA Enabled for GPU/0-995328 (rank 7) - NET/0-2 ( using PXN via GPU/0-405504, distance 4 <= 6, read 0, mode Default)
gpu-nodes-0:5321:5321 [1] NCCL INFO GPU Direct RDMA Enabled for GPU/0-12288 (rank 0) - NET/0-3 ( using PXN via GPU/0-471040, distance 4 <= 6, read 0, mode Default)
gpu-nodes-0:5321:5321 [1] NCCL INFO GPU Direct RDMA Enabled for GPU/0-77824 (rank 1) - NET/0-3 ( using PXN via GPU/0-471040, distance 4 <= 6, read 0, mode Default)
gpu-nodes-0:5321:5321 [1] NCCL INFO GPU Direct RDMA Enabled for GPU/0-405504 (rank 2) - NET/0-3 ( using PXN via GPU/0-471040, distance 4 <= 6, read 0, mode Default)
gpu-nodes-0:5321:5321 [1] NCCL INFO GPU Direct RDMA Enabled for GPU/0-471040 (rank 3) - NET/0-3 (distance 4 <= 6, read 0, mode Default)
gpu-nodes-0:5321:5321 [1] NCCL INFO GPU Direct RDMA Enabled for GPU/0-536576 (rank 4) - NET/0-3 ( using PXN via GPU/0-471040, distance 4 <= 6, read 0, mode Default)
gpu-nodes-0:5321:5321 [1] NCCL INFO GPU Direct RDMA Enabled for GPU/0-602112 (rank 5) - NET/0-3 ( using PXN via GPU/0-471040, distance 4 <= 6, read 0, mode Default)
gpu-nodes-0:5321:5321 [1] NCCL INFO GPU Direct RDMA Enabled for GPU/0-929792 (rank 6) - NET/0-3 ( using PXN via GPU/0-471040, distance 4 <= 6, read 0, mode Default)
gpu-nodes-0:5321:5321 [1] NCCL INFO GPU Direct RDMA Enabled for GPU/0-995328 (rank 7) - NET/0-3 ( using PXN via GPU/0-471040, distance 4 <= 6, read 0, mode Default)
gpu-nodes-0:5321:5321 [1] NCCL INFO GPU Direct RDMA Enabled for GPU/0-12288 (rank 0) - NET/0-4 ( using PXN via GPU/0-536576, distance 4 <= 6, read 0, mode Default)
gpu-nodes-0:5321:5321 [1] NCCL INFO GPU Direct RDMA Enabled for GPU/0-77824 (rank 1) - NET/0-4 ( using PXN via GPU/0-536576, distance 4 <= 6, read 0, mode Default)
gpu-nodes-0:5321:5321 [1] NCCL INFO GPU Direct RDMA Enabled for GPU/0-405504 (rank 2) - NET/0-4 ( using PXN via GPU/0-536576, distance 4 <= 6, read 0, mode Default)
gpu-nodes-0:5321:5321 [1] NCCL INFO GPU Direct RDMA Enabled for GPU/0-471040 (rank 3) - NET/0-4 ( using PXN via GPU/0-536576, distance 4 <= 6, read 0, mode Default)
gpu-nodes-0:5321:5321 [1] NCCL INFO GPU Direct RDMA Enabled for GPU/0-536576 (rank 4) - NET/0-4 (distance 4 <= 6, read 0, mode Default)
gpu-nodes-0:5321:5321 [1] NCCL INFO GPU Direct RDMA Enabled for GPU/0-602112 (rank 5) - NET/0-4 ( using PXN via GPU/0-536576, distance 4 <= 6, read 0, mode Default)
gpu-nodes-0:5321:5321 [1] NCCL INFO GPU Direct RDMA Enabled for GPU/0-929792 (rank 6) - NET/0-4 ( using PXN via GPU/0-536576, distance 4 <= 6, read 0, mode Default)
gpu-nodes-0:5321:5321 [1] NCCL INFO GPU Direct RDMA Enabled for GPU/0-995328 (rank 7) - NET/0-4 ( using PXN via GPU/0-536576, distance 4 <= 6, read 0, mode Default)
gpu-nodes-0:5321:5321 [1] NCCL INFO GPU Direct RDMA Enabled for GPU/0-12288 (rank 0) - NET/0-5 ( using PXN via GPU/0-602112, distance 4 <= 6, read 0, mode Default)
gpu-nodes-0:5321:5321 [1] NCCL INFO GPU Direct RDMA Enabled for GPU/0-77824 (rank 1) - NET/0-5 ( using PXN via GPU/0-602112, distance 4 <= 6, read 0, mode Default)
gpu-nodes-0:5321:5321 [1] NCCL INFO GPU Direct RDMA Enabled for GPU/0-405504 (rank 2) - NET/0-5 ( using PXN via GPU/0-602112, distance 4 <= 6, read 0, mode Default)
gpu-nodes-0:5321:5321 [1] NCCL INFO GPU Direct RDMA Enabled for GPU/0-471040 (rank 3) - NET/0-5 ( using PXN via GPU/0-602112, distance 4 <= 6, read 0, mode Default)
gpu-nodes-0:5321:5321 [1] NCCL INFO GPU Direct RDMA Enabled for GPU/0-536576 (rank 4) - NET/0-5 ( using PXN via GPU/0-602112, distance 4 <= 6, read 0, mode Default)
gpu-nodes-0:5321:5321 [1] NCCL INFO GPU Direct RDMA Enabled for GPU/0-602112 (rank 5) - NET/0-5 (distance 4 <= 6, read 0, mode Default)
gpu-nodes-0:5321:5321 [1] NCCL INFO GPU Direct RDMA Enabled for GPU/0-929792 (rank 6) - NET/0-5 ( using PXN via GPU/0-602112, distance 4 <= 6, read 0, mode Default)
gpu-nodes-0:5321:5321 [1] NCCL INFO GPU Direct RDMA Enabled for GPU/0-995328 (rank 7) - NET/0-5 ( using PXN via GPU/0-602112, distance 4 <= 6, read 0, mode Default)
gpu-nodes-0:5321:5321 [1] NCCL INFO GPU Direct RDMA Enabled for GPU/0-12288 (rank 0) - NET/0-12 ( using PXN via GPU/0-929792, distance 4 <= 6, read 0, mode Default)
gpu-nodes-0:5321:5321 [1] NCCL INFO GPU Direct RDMA Enabled for GPU/0-77824 (rank 1) - NET/0-12 ( using PXN via GPU/0-929792, distance 4 <= 6, read 0, mode Default)
gpu-nodes-0:5321:5321 [1] NCCL INFO GPU Direct RDMA Enabled for GPU/0-405504 (rank 2) - NET/0-12 ( using PXN via GPU/0-929792, distance 4 <= 6, read 0, mode Default)
gpu-nodes-0:5321:5321 [1] NCCL INFO GPU Direct RDMA Enabled for GPU/0-471040 (rank 3) - NET/0-12 ( using PXN via GPU/0-929792, distance 4 <= 6, read 0, mode Default)
gpu-nodes-0:5321:5321 [1] NCCL INFO GPU Direct RDMA Enabled for GPU/0-536576 (rank 4) - NET/0-12 ( using PXN via GPU/0-929792, distance 4 <= 6, read 0, mode Default)
gpu-nodes-0:5321:5321 [1] NCCL INFO GPU Direct RDMA Enabled for GPU/0-602112 (rank 5) - NET/0-12 ( using PXN via GPU/0-929792, distance 4 <= 6, read 0, mode Default)
gpu-nodes-0:5321:5321 [1] NCCL INFO GPU Direct RDMA Enabled for GPU/0-929792 (rank 6) - NET/0-12 (distance 4 <= 6, read 0, mode Default)
gpu-nodes-0:5321:5321 [1] NCCL INFO GPU Direct RDMA Enabled for GPU/0-995328 (rank 7) - NET/0-12 ( using PXN via GPU/0-929792, distance 4 <= 6, read 0, mode Default)
gpu-nodes-0:5321:5321 [1] NCCL INFO GPU Direct RDMA Enabled for GPU/0-12288 (rank 0) - NET/0-13 ( using PXN via GPU/0-995328, distance 4 <= 6, read 0, mode Default)
gpu-nodes-0:5321:5321 [1] NCCL INFO GPU Direct RDMA Enabled for GPU/0-77824 (rank 1) - NET/0-13 ( using PXN via GPU/0-995328, distance 4 <= 6, read 0, mode Default)
gpu-nodes-0:5321:5321 [1] NCCL INFO GPU Direct RDMA Enabled for GPU/0-405504 (rank 2) - NET/0-13 ( using PXN via GPU/0-995328, distance 4 <= 6, read 0, mode Default)
gpu-nodes-0:5321:5321 [1] NCCL INFO GPU Direct RDMA Enabled for GPU/0-471040 (rank 3) - NET/0-13 ( using PXN via GPU/0-995328, distance 4 <= 6, read 0, mode Default)
gpu-nodes-0:5321:5321 [1] NCCL INFO GPU Direct RDMA Enabled for GPU/0-536576 (rank 4) - NET/0-13 ( using PXN via GPU/0-995328, distance 4 <= 6, read 0, mode Default)
gpu-nodes-0:5321:5321 [1] NCCL INFO GPU Direct RDMA Enabled for GPU/0-602112 (rank 5) - NET/0-13 ( using PXN via GPU/0-995328, distance 4 <= 6, read 0, mode Default)
gpu-nodes-0:5321:5321 [1] NCCL INFO GPU Direct RDMA Enabled for GPU/0-929792 (rank 6) - NET/0-13 ( using PXN via GPU/0-995328, distance 4 <= 6, read 0, mode Default)
gpu-nodes-0:5321:5321 [1] NCCL INFO GPU Direct RDMA Enabled for GPU/0-995328 (rank 7) - NET/0-13 (distance 4 <= 6, read 0, mode Default)
gpu-nodes-0:5321:5321 [1] NCCL INFO GPU Direct RDMA Enabled for GPU/0-12288 (rank 0) - NET/0-0 (distance 4 <= 6, read 0, mode Default)
gpu-nodes-0:5321:5321 [1] NCCL INFO GPU Direct RDMA Enabled for GPU/0-77824 (rank 1) - NET/0-0 ( using PXN via GPU/0-12288, distance 4 <= 6, read 0, mode Default)
gpu-nodes-0:5321:5321 [1] NCCL INFO GPU Direct RDMA Enabled for GPU/0-405504 (rank 2) - NET/0-0 ( using PXN via GPU/0-12288, distance 4 <= 6, read 0, mode Default)
gpu-nodes-0:5321:5321 [1] NCCL INFO GPU Direct RDMA Enabled for GPU/0-471040 (rank 3) - NET/0-0 ( using PXN via GPU/0-12288, distance 4 <= 6, read 0, mode Default)
gpu-nodes-0:5321:5321 [1] NCCL INFO GPU Direct RDMA Enabled for GPU/0-536576 (rank 4) - NET/0-0 ( using PXN via GPU/0-12288, distance 4 <= 6, read 0, mode Default)
gpu-nodes-0:5321:5321 [1] NCCL INFO GPU Direct RDMA Enabled for GPU/0-602112 (rank 5) - NET/0-0 ( using PXN via GPU/0-12288, distance 4 <= 6, read 0, mode Default)
gpu-nodes-0:5321:5321 [1] NCCL INFO GPU Direct RDMA Enabled for GPU/0-929792 (rank 6) - NET/0-0 ( using PXN via GPU/0-12288, distance 4 <= 6, read 0, mode Default)
gpu-nodes-0:5321:5321 [1] NCCL INFO GPU Direct RDMA Enabled for GPU/0-995328 (rank 7) - NET/0-0 ( using PXN via GPU/0-12288, distance 4 <= 6, read 0, mode Default)
gpu-nodes-0:5321:5321 [1] NCCL INFO GPU Direct RDMA Enabled for GPU/0-12288 (rank 0) - NET/0-1 ( using PXN via GPU/0-77824, distance 4 <= 6, read 0, mode Default)
gpu-nodes-0:5321:5321 [1] NCCL INFO GPU Direct RDMA Enabled for GPU/0-77824 (rank 1) - NET/0-1 (distance 4 <= 6, read 0, mode Default)
gpu-nodes-0:5321:5321 [1] NCCL INFO GPU Direct RDMA Enabled for GPU/0-405504 (rank 2) - NET/0-1 ( using PXN via GPU/0-77824, distance 4 <= 6, read 0, mode Default)
gpu-nodes-0:5321:5321 [1] NCCL INFO GPU Direct RDMA Enabled for GPU/0-471040 (rank 3) - NET/0-1 ( using PXN via GPU/0-77824, distance 4 <= 6, read 0, mode Default)
gpu-nodes-0:5321:5321 [1] NCCL INFO GPU Direct RDMA Enabled for GPU/0-536576 (rank 4) - NET/0-1 ( using PXN via GPU/0-77824, distance 4 <= 6, read 0, mode Default)
gpu-nodes-0:5321:5321 [1] NCCL INFO GPU Direct RDMA Enabled for GPU/0-602112 (rank 5) - NET/0-1 ( using PXN via GPU/0-77824, distance 4 <= 6, read 0, mode Default)
gpu-nodes-0:5321:5321 [1] NCCL INFO GPU Direct RDMA Enabled for GPU/0-929792 (rank 6) - NET/0-1 ( using PXN via GPU/0-77824, distance 4 <= 6, read 0, mode Default)
gpu-nodes-0:5321:5321 [1] NCCL INFO GPU Direct RDMA Enabled for GPU/0-995328 (rank 7) - NET/0-1 ( using PXN via GPU/0-77824, distance 4 <= 6, read 0, mode Default)
gpu-nodes-0:5321:5321 [1] NCCL INFO GPU Direct RDMA Enabled for GPU/0-12288 (rank 0) - NET/0-2 ( using PXN via GPU/0-405504, distance 4 <= 6, read 0, mode Default)
gpu-nodes-0:5321:5321 [1] NCCL INFO GPU Direct RDMA Enabled for GPU/0-77824 (rank 1) - NET/0-2 ( using PXN via GPU/0-405504, distance 4 <= 6, read 0, mode Default)
gpu-nodes-0:5321:5321 [1] NCCL INFO GPU Direct RDMA Enabled for GPU/0-405504 (rank 2) - NET/0-2 (distance 4 <= 6, read 0, mode Default)
gpu-nodes-0:5321:5321 [1] NCCL INFO GPU Direct RDMA Enabled for GPU/0-471040 (rank 3) - NET/0-2 ( using PXN via GPU/0-405504, distance 4 <= 6, read 0, mode Default)
gpu-nodes-0:5321:5321 [1] NCCL INFO GPU Direct RDMA Enabled for GPU/0-536576 (rank 4) - NET/0-2 ( using PXN via GPU/0-405504, distance 4 <= 6, read 0, mode Default)
gpu-nodes-0:5321:5321 [1] NCCL INFO GPU Direct RDMA Enabled for GPU/0-602112 (rank 5) - NET/0-2 ( using PXN via GPU/0-405504, distance 4 <= 6, read 0, mode Default)
gpu-nodes-0:5321:5321 [1] NCCL INFO GPU Direct RDMA Enabled for GPU/0-929792 (rank 6) - NET/0-2 ( using PXN via GPU/0-405504, distance 4 <= 6, read 0, mode Default)
gpu-nodes-0:5321:5321 [1] NCCL INFO GPU Direct RDMA Enabled for GPU/0-995328 (rank 7) - NET/0-2 ( using PXN via GPU/0-405504, distance 4 <= 6, read 0, mode Default)
gpu-nodes-0:5321:5321 [1] NCCL INFO GPU Direct RDMA Enabled for GPU/0-12288 (rank 0) - NET/0-3 ( using PXN via GPU/0-471040, distance 4 <= 6, read 0, mode Default)
gpu-nodes-0:5321:5321 [1] NCCL INFO GPU Direct RDMA Enabled for GPU/0-77824 (rank 1) - NET/0-3 ( using PXN via GPU/0-471040, distance 4 <= 6, read 0, mode Default)
gpu-nodes-0:5321:5321 [1] NCCL INFO GPU Direct RDMA Enabled for GPU/0-405504 (rank 2) - NET/0-3 ( using PXN via GPU/0-471040, distance 4 <= 6, read 0, mode Default)
gpu-nodes-0:5321:5321 [1] NCCL INFO GPU Direct RDMA Enabled for GPU/0-471040 (rank 3) - NET/0-3 (distance 4 <= 6, read 0, mode Default)
gpu-nodes-0:5321:5321 [1] NCCL INFO GPU Direct RDMA Enabled for GPU/0-536576 (rank 4) - NET/0-3 ( using PXN via GPU/0-471040, distance 4 <= 6, read 0, mode Default)
gpu-nodes-0:5321:5321 [1] NCCL INFO GPU Direct RDMA Enabled for GPU/0-602112 (rank 5) - NET/0-3 ( using PXN via GPU/0-471040, distance 4 <= 6, read 0, mode Default)
gpu-nodes-0:5321:5321 [1] NCCL INFO GPU Direct RDMA Enabled for GPU/0-929792 (rank 6) - NET/0-3 ( using PXN via GPU/0-471040, distance 4 <= 6, read 0, mode Default)
gpu-nodes-0:5321:5321 [1] NCCL INFO GPU Direct RDMA Enabled for GPU/0-995328 (rank 7) - NET/0-3 ( using PXN via GPU/0-471040, distance 4 <= 6, read 0, mode Default)
gpu-nodes-0:5321:5321 [1] NCCL INFO GPU Direct RDMA Enabled for GPU/0-12288 (rank 0) - NET/0-4 ( using PXN via GPU/0-536576, distance 4 <= 6, read 0, mode Default)
gpu-nodes-0:5321:5321 [1] NCCL INFO GPU Direct RDMA Enabled for GPU/0-77824 (rank 1) - NET/0-4 ( using PXN via GPU/0-536576, distance 4 <= 6, read 0, mode Default)
gpu-nodes-0:5321:5321 [1] NCCL INFO GPU Direct RDMA Enabled for GPU/0-405504 (rank 2) - NET/0-4 ( using PXN via GPU/0-536576, distance 4 <= 6, read 0, mode Default)
gpu-nodes-0:5321:5321 [1] NCCL INFO GPU Direct RDMA Enabled for GPU/0-471040 (rank 3) - NET/0-4 ( using PXN via GPU/0-536576, distance 4 <= 6, read 0, mode Default)
gpu-nodes-0:5321:5321 [1] NCCL INFO GPU Direct RDMA Enabled for GPU/0-536576 (rank 4) - NET/0-4 (distance 4 <= 6, read 0, mode Default)
gpu-nodes-0:5321:5321 [1] NCCL INFO GPU Direct RDMA Enabled for GPU/0-602112 (rank 5) - NET/0-4 ( using PXN via GPU/0-536576, distance 4 <= 6, read 0, mode Default)
gpu-nodes-0:5321:5321 [1] NCCL INFO GPU Direct RDMA Enabled for GPU/0-929792 (rank 6) - NET/0-4 ( using PXN via GPU/0-536576, distance 4 <= 6, read 0, mode Default)
gpu-nodes-0:5321:5321 [1] NCCL INFO GPU Direct RDMA Enabled for GPU/0-995328 (rank 7) - NET/0-4 ( using PXN via GPU/0-536576, distance 4 <= 6, read 0, mode Default)
gpu-nodes-0:5321:5321 [1] NCCL INFO GPU Direct RDMA Enabled for GPU/0-12288 (rank 0) - NET/0-5 ( using PXN via GPU/0-602112, distance 4 <= 6, read 0, mode Default)
gpu-nodes-0:5321:5321 [1] NCCL INFO GPU Direct RDMA Enabled for GPU/0-77824 (rank 1) - NET/0-5 ( using PXN via GPU/0-602112, distance 4 <= 6, read 0, mode Default)
gpu-nodes-0:5321:5321 [1] NCCL INFO GPU Direct RDMA Enabled for GPU/0-405504 (rank 2) - NET/0-5 ( using PXN via GPU/0-602112, distance 4 <= 6, read 0, mode Default)
gpu-nodes-0:5321:5321 [1] NCCL INFO GPU Direct RDMA Enabled for GPU/0-471040 (rank 3) - NET/0-5 ( using PXN via GPU/0-602112, distance 4 <= 6, read 0, mode Default)
gpu-nodes-0:5321:5321 [1] NCCL INFO GPU Direct RDMA Enabled for GPU/0-536576 (rank 4) - NET/0-5 ( using PXN via GPU/0-602112, distance 4 <= 6, read 0, mode Default)
gpu-nodes-0:5321:5321 [1] NCCL INFO GPU Direct RDMA Enabled for GPU/0-602112 (rank 5) - NET/0-5 (distance 4 <= 6, read 0, mode Default)
gpu-nodes-0:5321:5321 [1] NCCL INFO GPU Direct RDMA Enabled for GPU/0-929792 (rank 6) - NET/0-5 ( using PXN via GPU/0-602112, distance 4 <= 6, read 0, mode Default)
gpu-nodes-0:5321:5321 [1] NCCL INFO GPU Direct RDMA Enabled for GPU/0-995328 (rank 7) - NET/0-5 ( using PXN via GPU/0-602112, distance 4 <= 6, read 0, mode Default)
gpu-nodes-0:5321:5321 [1] NCCL INFO GPU Direct RDMA Enabled for GPU/0-12288 (rank 0) - NET/0-12 ( using PXN via GPU/0-929792, distance 4 <= 6, read 0, mode Default)
gpu-nodes-0:5321:5321 [1] NCCL INFO GPU Direct RDMA Enabled for GPU/0-77824 (rank 1) - NET/0-12 ( using PXN via GPU/0-929792, distance 4 <= 6, read 0, mode Default)
gpu-nodes-0:5321:5321 [1] NCCL INFO GPU Direct RDMA Enabled for GPU/0-405504 (rank 2) - NET/0-12 ( using PXN via GPU/0-929792, distance 4 <= 6, read 0, mode Default)
gpu-nodes-0:5321:5321 [1] NCCL INFO GPU Direct RDMA Enabled for GPU/0-471040 (rank 3) - NET/0-12 ( using PXN via GPU/0-929792, distance 4 <= 6, read 0, mode Default)
gpu-nodes-0:5321:5321 [1] NCCL INFO GPU Direct RDMA Enabled for GPU/0-536576 (rank 4) - NET/0-12 ( using PXN via GPU/0-929792, distance 4 <= 6, read 0, mode Default)
gpu-nodes-0:5321:5321 [1] NCCL INFO GPU Direct RDMA Enabled for GPU/0-602112 (rank 5) - NET/0-12 ( using PXN via GPU/0-929792, distance 4 <= 6, read 0, mode Default)
gpu-nodes-0:5321:5321 [1] NCCL INFO GPU Direct RDMA Enabled for GPU/0-929792 (rank 6) - NET/0-12 (distance 4 <= 6, read 0, mode Default)
gpu-nodes-0:5321:5321 [1] NCCL INFO GPU Direct RDMA Enabled for GPU/0-995328 (rank 7) - NET/0-12 ( using PXN via GPU/0-929792, distance 4 <= 6, read 0, mode Default)
gpu-nodes-0:5321:5321 [1] NCCL INFO GPU Direct RDMA Enabled for GPU/0-12288 (rank 0) - NET/0-13 ( using PXN via GPU/0-995328, distance 4 <= 6, read 0, mode Default)
gpu-nodes-0:5321:5321 [1] NCCL INFO GPU Direct RDMA Enabled for GPU/0-77824 (rank 1) - NET/0-13 ( using PXN via GPU/0-995328, distance 4 <= 6, read 0, mode Default)
gpu-nodes-0:5321:5321 [1] NCCL INFO GPU Direct RDMA Enabled for GPU/0-405504 (rank 2) - NET/0-13 ( using PXN via GPU/0-995328, distance 4 <= 6, read 0, mode Default)
gpu-nodes-0:5321:5321 [1] NCCL INFO GPU Direct RDMA Enabled for GPU/0-471040 (rank 3) - NET/0-13 ( using PXN via GPU/0-995328, distance 4 <= 6, read 0, mode Default)
gpu-nodes-0:5321:5321 [1] NCCL INFO GPU Direct RDMA Enabled for GPU/0-536576 (rank 4) - NET/0-13 ( using PXN via GPU/0-995328, distance 4 <= 6, read 0, mode Default)
gpu-nodes-0:5321:5321 [1] NCCL INFO GPU Direct RDMA Enabled for GPU/0-602112 (rank 5) - NET/0-13 ( using PXN via GPU/0-995328, distance 4 <= 6, read 0, mode Default)
gpu-nodes-0:5321:5321 [1] NCCL INFO GPU Direct RDMA Enabled for GPU/0-929792 (rank 6) - NET/0-13 ( using PXN via GPU/0-995328, distance 4 <= 6, read 0, mode Default)
gpu-nodes-0:5321:5321 [1] NCCL INFO GPU Direct RDMA Enabled for GPU/0-995328 (rank 7) - NET/0-13 (distance 4 <= 6, read 0, mode Default)
gpu-nodes-0:5321:5321 [1] NCCL INFO === System : maxBw 721.8 totalBw 721.8 ===
gpu-nodes-0:5321:5321 [1] NCCL INFO CPU/0-0 (1/2/-1)
gpu-nodes-0:5321:5321 [1] NCCL INFO + PCI[48.0] - PCI/0-1000 (1000c03015d91d72)
gpu-nodes-0:5321:5321 [1] NCCL INFO               + PCI[48.0] - GPU/0-3000 (0)
gpu-nodes-0:5321:5321 [1] NCCL INFO                             + NVL[721.8] - NVS/0-0
gpu-nodes-0:5321:5321 [1] NCCL INFO               + PCI[48.0] - NIC/0-4000
gpu-nodes-0:5321:5321 [1] NCCL INFO                             + NET[50.0] - NET/0-0 (0/b4a2ca0003e60050/1/50.000000)
gpu-nodes-0:5321:5321 [1] NCCL INFO                             + NET[50.0] - GIN/0-0
gpu-nodes-0:5321:5321 [1] NCCL INFO + PCI[48.0] - PCI/0-11000 (1000c03015d91d72)
gpu-nodes-0:5321:5321 [1] NCCL INFO               + PCI[48.0] - NIC/0-14000
gpu-nodes-0:5321:5321 [1] NCCL INFO                             + NET[50.0] - NET/0-1 (0/f49aca0003e60050/1/50.000000)
gpu-nodes-0:5321:5321 [1] NCCL INFO                             + NET[50.0] - GIN/0-1
gpu-nodes-0:5321:5321 [1] NCCL INFO               + PCI[48.0] - GPU/0-13000 (1)
gpu-nodes-0:5321:5321 [1] NCCL INFO                             + NVL[721.8] - NVS/0-0
gpu-nodes-0:5321:5321 [1] NCCL INFO + PCI[48.0] - PCI/0-61000 (1000c03015d91d72)
gpu-nodes-0:5321:5321 [1] NCCL INFO               + PCI[48.0] - NIC/0-64000
gpu-nodes-0:5321:5321 [1] NCCL INFO                             + NET[50.0] - NET/0-2 (0/343cca0003e60050/1/50.000000)
gpu-nodes-0:5321:5321 [1] NCCL INFO                             + NET[50.0] - GIN/0-2
gpu-nodes-0:5321:5321 [1] NCCL INFO               + PCI[48.0] - GPU/0-63000 (2)
gpu-nodes-0:5321:5321 [1] NCCL INFO                             + NVL[721.8] - NVS/0-0
gpu-nodes-0:5321:5321 [1] NCCL INFO + PCI[48.0] - PCI/0-71000 (1000c03015d91d72)
gpu-nodes-0:5321:5321 [1] NCCL INFO               + PCI[48.0] - NIC/0-74000
gpu-nodes-0:5321:5321 [1] NCCL INFO                             + NET[50.0] - NET/0-3 (0/49bca0003e60050/1/50.000000)
gpu-nodes-0:5321:5321 [1] NCCL INFO                             + NET[50.0] - GIN/0-3
gpu-nodes-0:5321:5321 [1] NCCL INFO               + PCI[48.0] - GPU/0-73000 (3)
gpu-nodes-0:5321:5321 [1] NCCL INFO                             + NVL[721.8] - NVS/0-0
gpu-nodes-0:5321:5321 [1] NCCL INFO + SYS[16.0] - CPU/0-1
gpu-nodes-0:5321:5321 [1] NCCL INFO CPU/0-1 (1/2/-1)
gpu-nodes-0:5321:5321 [1] NCCL INFO + PCI[48.0] - PCI/0-81000 (1000c03015d91d72)
gpu-nodes-0:5321:5321 [1] NCCL INFO               + PCI[48.0] - NIC/0-84000
gpu-nodes-0:5321:5321 [1] NCCL INFO                             + NET[50.0] - NET/0-4 (0/2ca2ca0003e60050/1/50.000000)
gpu-nodes-0:5321:5321 [1] NCCL INFO                             + NET[50.0] - GIN/0-4
gpu-nodes-0:5321:5321 [1] NCCL INFO               + PCI[48.0] - GPU/0-83000 (4)
gpu-nodes-0:5321:5321 [1] NCCL INFO                             + NVL[721.8] - NVS/0-0
gpu-nodes-0:5321:5321 [1] NCCL INFO + PCI[48.0] - PCI/0-91000 (1000c03015d91d72)
gpu-nodes-0:5321:5321 [1] NCCL INFO               + PCI[48.0] - NIC/0-94000
gpu-nodes-0:5321:5321 [1] NCCL INFO                             + NET[50.0] - NET/0-5 (0/c9bca0003e60050/1/50.000000)
gpu-nodes-0:5321:5321 [1] NCCL INFO                             + NET[50.0] - GIN/0-5
gpu-nodes-0:5321:5321 [1] NCCL INFO               + PCI[48.0] - GPU/0-93000 (5)
gpu-nodes-0:5321:5321 [1] NCCL INFO                             + NVL[721.8] - NVS/0-0
gpu-nodes-0:5321:5321 [1] NCCL INFO + PCI[48.0] - NIC/0-c1000
gpu-nodes-0:5321:5321 [1] NCCL INFO               + NET[50.0] - NET/0-e (0/a20fb90003bd70c4/1/50.000000)
gpu-nodes-0:5321:5321 [1] NCCL INFO               + NET[25.0] - NET/0-6 (0/a20fb90003bd70c4/1/25.000000)
gpu-nodes-0:5321:5321 [1] NCCL INFO               + NET[25.0] - GIN/0-6
gpu-nodes-0:5321:5321 [1] NCCL INFO               + NET[25.0] - NET/0-7 (0/a20fb90003bd70c4/2/25.000000)
gpu-nodes-0:5321:5321 [1] NCCL INFO               + NET[25.0] - GIN/0-7
gpu-nodes-0:5321:5321 [1] NCCL INFO + PCI[48.0] - PCI/0-e1000 (1000c03015d91d72)
gpu-nodes-0:5321:5321 [1] NCCL INFO               + PCI[48.0] - NIC/0-e4000
gpu-nodes-0:5321:5321 [1] NCCL INFO                             + NET[50.0] - NET/0-c (0/cca2ca0003e60050/1/50.000000)
gpu-nodes-0:5321:5321 [1] NCCL INFO                             + NET[50.0] - GIN/0-c
gpu-nodes-0:5321:5321 [1] NCCL INFO               + PCI[48.0] - GPU/0-e3000 (6)
gpu-nodes-0:5321:5321 [1] NCCL INFO                             + NVL[721.8] - NVS/0-0
gpu-nodes-0:5321:5321 [1] NCCL INFO + PCI[48.0] - PCI/0-f1000 (1000c03015d91d72)
gpu-nodes-0:5321:5321 [1] NCCL INFO               + PCI[48.0] - NIC/0-f4000
gpu-nodes-0:5321:5321 [1] NCCL INFO                             + NET[50.0] - NET/0-d (0/ec9aca0003e60050/1/50.000000)
gpu-nodes-0:5321:5321 [1] NCCL INFO                             + NET[50.0] - GIN/0-d
gpu-nodes-0:5321:5321 [1] NCCL INFO               + PCI[48.0] - GPU/0-f3000 (7)
gpu-nodes-0:5321:5321 [1] NCCL INFO                             + NVL[721.8] - NVS/0-0
gpu-nodes-0:5321:5321 [1] NCCL INFO + SYS[16.0] - CPU/0-0
gpu-nodes-0:5321:5321 [1] NCCL INFO + PCI[1.5] - NIC/0-d2000
gpu-nodes-0:5321:5321 [1] NCCL INFO              + NET[50.0] - NET/0-f (0/1e62300003098c7c/1/50.000000)
gpu-nodes-0:5321:5321 [1] NCCL INFO              + NET[12.5] - NET/0-8 (0/1e62300003098c7c/1/12.500000)
gpu-nodes-0:5321:5321 [1] NCCL INFO              + NET[12.5] - GIN/0-8
gpu-nodes-0:5321:5321 [1] NCCL INFO              + NET[12.5] - NET/0-9 (0/1e62300003098c7c/2/12.500000)
gpu-nodes-0:5321:5321 [1] NCCL INFO              + NET[12.5] - GIN/0-9
gpu-nodes-0:5321:5321 [1] NCCL INFO              + NET[12.5] - NET/0-a (0/1e62300003098c7c/3/12.500000)
gpu-nodes-0:5321:5321 [1] NCCL INFO              + NET[12.5] - GIN/0-a
gpu-nodes-0:5321:5321 [1] NCCL INFO              + NET[12.5] - NET/0-b (0/1e62300003098c7c/4/12.500000)
gpu-nodes-0:5321:5321 [1] NCCL INFO              + NET[12.5] - GIN/0-b
gpu-nodes-0:5321:5321 [1] NCCL INFO ==========================================
gpu-nodes-0:5321:5321 [1] NCCL INFO GPU/0-3000 :GPU/0-3000 (0/5000.0/LOC) GPU/0-13000 (2/721.8/NVL) GPU/0-63000 (2/721.8/NVL) GPU/0-73000 (2/721.8/NVL) GPU/0-83000 (2/721.8/NVL) GPU/0-93000 (2/721.8/NVL) GPU/0-e3000 (2/721.8/NVL) GPU/0-f3000 (2/721.8/NVL) NVS/0-0 (1/721.8/NVL) CPU/0-0 (2/48.0/PHB) CPU/0-1 (3/16.0/SYS) NET/0-0 (3/48.0/PIX) NET/0-1 (5/48.0/PXN) NET/0-2 (5/48.0/PXN) NET/0-3 (5/48.0/PXN) NET/0-4 (5/48.0/PXN) NET/0-5 (5/48.0/PXN) NET/0-6 (5/16.0/SYS) NET/0-7 (5/16.0/SYS) NET/0-e (5/16.0/SYS) NET/0-8 (5/1.5/SYS) NET/0-9 (5/1.5/SYS) NET/0-a (5/1.5/SYS) NET/0-b (5/1.5/SYS) NET/0-f (5/1.5/SYS) NET/0-c (5/48.0/PXN) NET/0-d (5/48.0/PXN) GIN/0-0 (3/48.0/PIX) GIN/0-1 (5/48.0/PHB) GIN/0-2 (5/48.0/PHB) GIN/0-3 (5/48.0/PHB) GIN/0-4 (6/16.0/SYS) GIN/0-5 (6/16.0/SYS) GIN/0-6 (5/16.0/SYS) GIN/0-7 (5/16.0/SYS) GIN/0-8 (5/1.5/SYS) GIN/0-9 (5/1.5/SYS) GIN/0-a (5/1.5/SYS) GIN/0-b (5/1.5/SYS) GIN/0-c (6/16.0/SYS) GIN/0-d (6/16.0/SYS) 
gpu-nodes-0:5321:5321 [1] NCCL INFO GPU/0-13000 :GPU/0-3000 (2/721.8/NVL) GPU/0-13000 (0/5000.0/LOC) GPU/0-63000 (2/721.8/NVL) GPU/0-73000 (2/721.8/NVL) GPU/0-83000 (2/721.8/NVL) GPU/0-93000 (2/721.8/NVL) GPU/0-e3000 (2/721.8/NVL) GPU/0-f3000 (2/721.8/NVL) NVS/0-0 (1/721.8/NVL) CPU/0-0 (2/48.0/PHB) CPU/0-1 (3/16.0/SYS) NET/0-0 (5/48.0/PXN) NET/0-1 (3/48.0/PIX) NET/0-2 (5/48.0/PXN) NET/0-3 (5/48.0/PXN) NET/0-4 (5/48.0/PXN) NET/0-5 (5/48.0/PXN) NET/0-6 (5/16.0/SYS) NET/0-7 (5/16.0/SYS) NET/0-e (5/16.0/SYS) NET/0-8 (5/1.5/SYS) NET/0-9 (5/1.5/SYS) NET/0-a (5/1.5/SYS) NET/0-b (5/1.5/SYS) NET/0-f (5/1.5/SYS) NET/0-c (5/48.0/PXN) NET/0-d (5/48.0/PXN) GIN/0-0 (5/48.0/PHB) GIN/0-1 (3/48.0/PIX) GIN/0-2 (5/48.0/PHB) GIN/0-3 (5/48.0/PHB) GIN/0-4 (6/16.0/SYS) GIN/0-5 (6/16.0/SYS) GIN/0-6 (5/16.0/SYS) GIN/0-7 (5/16.0/SYS) GIN/0-8 (5/1.5/SYS) GIN/0-9 (5/1.5/SYS) GIN/0-a (5/1.5/SYS) GIN/0-b (5/1.5/SYS) GIN/0-c (6/16.0/SYS) GIN/0-d (6/16.0/SYS) 
gpu-nodes-0:5321:5321 [1] NCCL INFO GPU/0-63000 :GPU/0-3000 (2/721.8/NVL) GPU/0-13000 (2/721.8/NVL) GPU/0-63000 (0/5000.0/LOC) GPU/0-73000 (2/721.8/NVL) GPU/0-83000 (2/721.8/NVL) GPU/0-93000 (2/721.8/NVL) GPU/0-e3000 (2/721.8/NVL) GPU/0-f3000 (2/721.8/NVL) NVS/0-0 (1/721.8/NVL) CPU/0-0 (2/48.0/PHB) CPU/0-1 (3/16.0/SYS) NET/0-0 (5/48.0/PXN) NET/0-1 (5/48.0/PXN) NET/0-2 (3/48.0/PIX) NET/0-3 (5/48.0/PXN) NET/0-4 (5/48.0/PXN) NET/0-5 (5/48.0/PXN) NET/0-6 (5/16.0/SYS) NET/0-7 (5/16.0/SYS) NET/0-e (5/16.0/SYS) NET/0-8 (5/1.5/SYS) NET/0-9 (5/1.5/SYS) NET/0-a (5/1.5/SYS) NET/0-b (5/1.5/SYS) NET/0-f (5/1.5/SYS) NET/0-c (5/48.0/PXN) NET/0-d (5/48.0/PXN) GIN/0-0 (5/48.0/PHB) GIN/0-1 (5/48.0/PHB) GIN/0-2 (3/48.0/PIX) GIN/0-3 (5/48.0/PHB) GIN/0-4 (6/16.0/SYS) GIN/0-5 (6/16.0/SYS) GIN/0-6 (5/16.0/SYS) GIN/0-7 (5/16.0/SYS) GIN/0-8 (5/1.5/SYS) GIN/0-9 (5/1.5/SYS) GIN/0-a (5/1.5/SYS) GIN/0-b (5/1.5/SYS) GIN/0-c (6/16.0/SYS) GIN/0-d (6/16.0/SYS) 
gpu-nodes-0:5321:5321 [1] NCCL INFO GPU/0-73000 :GPU/0-3000 (2/721.8/NVL) GPU/0-13000 (2/721.8/NVL) GPU/0-63000 (2/721.8/NVL) GPU/0-73000 (0/5000.0/LOC) GPU/0-83000 (2/721.8/NVL) GPU/0-93000 (2/721.8/NVL) GPU/0-e3000 (2/721.8/NVL) GPU/0-f3000 (2/721.8/NVL) NVS/0-0 (1/721.8/NVL) CPU/0-0 (2/48.0/PHB) CPU/0-1 (3/16.0/SYS) NET/0-0 (5/48.0/PXN) NET/0-1 (5/48.0/PXN) NET/0-2 (5/48.0/PXN) NET/0-3 (3/48.0/PIX) NET/0-4 (5/48.0/PXN) NET/0-5 (5/48.0/PXN) NET/0-6 (5/16.0/SYS) NET/0-7 (5/16.0/SYS) NET/0-e (5/16.0/SYS) NET/0-8 (5/1.5/SYS) NET/0-9 (5/1.5/SYS) NET/0-a (5/1.5/SYS) NET/0-b (5/1.5/SYS) NET/0-f (5/1.5/SYS) NET/0-c (5/48.0/PXN) NET/0-d (5/48.0/PXN) GIN/0-0 (5/48.0/PHB) GIN/0-1 (5/48.0/PHB) GIN/0-2 (5/48.0/PHB) GIN/0-3 (3/48.0/PIX) GIN/0-4 (6/16.0/SYS) GIN/0-5 (6/16.0/SYS) GIN/0-6 (5/16.0/SYS) GIN/0-7 (5/16.0/SYS) GIN/0-8 (5/1.5/SYS) GIN/0-9 (5/1.5/SYS) GIN/0-a (5/1.5/SYS) GIN/0-b (5/1.5/SYS) GIN/0-c (6/16.0/SYS) GIN/0-d (6/16.0/SYS) 
gpu-nodes-0:5321:5321 [1] NCCL INFO GPU/0-83000 :GPU/0-3000 (2/721.8/NVL) GPU/0-13000 (2/721.8/NVL) GPU/0-63000 (2/721.8/NVL) GPU/0-73000 (2/721.8/NVL) GPU/0-83000 (0/5000.0/LOC) GPU/0-93000 (2/721.8/NVL) GPU/0-e3000 (2/721.8/NVL) GPU/0-f3000 (2/721.8/NVL) NVS/0-0 (1/721.8/NVL) CPU/0-0 (3/16.0/SYS) CPU/0-1 (2/48.0/PHB) NET/0-0 (5/48.0/PXN) NET/0-1 (5/48.0/PXN) NET/0-2 (5/48.0/PXN) NET/0-3 (5/48.0/PXN) NET/0-4 (3/48.0/PIX) NET/0-5 (5/48.0/PXN) NET/0-6 (4/25.0/PHB) NET/0-7 (4/25.0/PHB) NET/0-e (4/48.0/PHB) NET/0-8 (4/1.5/PHB) NET/0-9 (4/1.5/PHB) NET/0-a (4/1.5/PHB) NET/0-b (4/1.5/PHB) NET/0-f (4/1.5/PHB) NET/0-c (5/48.0/PXN) NET/0-d (5/48.0/PXN) GIN/0-0 (6/16.0/SYS) GIN/0-1 (6/16.0/SYS) GIN/0-2 (6/16.0/SYS) GIN/0-3 (6/16.0/SYS) GIN/0-4 (3/48.0/PIX) GIN/0-5 (5/48.0/PHB) GIN/0-6 (4/25.0/PHB) GIN/0-7 (4/25.0/PHB) GIN/0-8 (4/1.5/PHB) GIN/0-9 (4/1.5/PHB) GIN/0-a (4/1.5/PHB) GIN/0-b (4/1.5/PHB) GIN/0-c (5/48.0/PHB) GIN/0-d (5/48.0/PHB) 
gpu-nodes-0:5321:5321 [1] NCCL INFO GPU/0-93000 :GPU/0-3000 (2/721.8/NVL) GPU/0-13000 (2/721.8/NVL) GPU/0-63000 (2/721.8/NVL) GPU/0-73000 (2/721.8/NVL) GPU/0-83000 (2/721.8/NVL) GPU/0-93000 (0/5000.0/LOC) GPU/0-e3000 (2/721.8/NVL) GPU/0-f3000 (2/721.8/NVL) NVS/0-0 (1/721.8/NVL) CPU/0-0 (3/16.0/SYS) CPU/0-1 (2/48.0/PHB) NET/0-0 (5/48.0/PXN) NET/0-1 (5/48.0/PXN) NET/0-2 (5/48.0/PXN) NET/0-3 (5/48.0/PXN) NET/0-4 (5/48.0/PXN) NET/0-5 (3/48.0/PIX) NET/0-6 (4/25.0/PHB) NET/0-7 (4/25.0/PHB) NET/0-e (4/48.0/PHB) NET/0-8 (4/1.5/PHB) NET/0-9 (4/1.5/PHB) NET/0-a (4/1.5/PHB) NET/0-b (4/1.5/PHB) NET/0-f (4/1.5/PHB) NET/0-c (5/48.0/PXN) NET/0-d (5/48.0/PXN) GIN/0-0 (6/16.0/SYS) GIN/0-1 (6/16.0/SYS) GIN/0-2 (6/16.0/SYS) GIN/0-3 (6/16.0/SYS) GIN/0-4 (5/48.0/PHB) GIN/0-5 (3/48.0/PIX) GIN/0-6 (4/25.0/PHB) GIN/0-7 (4/25.0/PHB) GIN/0-8 (4/1.5/PHB) GIN/0-9 (4/1.5/PHB) GIN/0-a (4/1.5/PHB) GIN/0-b (4/1.5/PHB) GIN/0-c (5/48.0/PHB) GIN/0-d (5/48.0/PHB) 
gpu-nodes-0:5321:5321 [1] NCCL INFO GPU/0-e3000 :GPU/0-3000 (2/721.8/NVL) GPU/0-13000 (2/721.8/NVL) GPU/0-63000 (2/721.8/NVL) GPU/0-73000 (2/721.8/NVL) GPU/0-83000 (2/721.8/NVL) GPU/0-93000 (2/721.8/NVL) GPU/0-e3000 (0/5000.0/LOC) GPU/0-f3000 (2/721.8/NVL) NVS/0-0 (1/721.8/NVL) CPU/0-0 (3/16.0/SYS) CPU/0-1 (2/48.0/PHB) NET/0-0 (5/48.0/PXN) NET/0-1 (5/48.0/PXN) NET/0-2 (5/48.0/PXN) NET/0-3 (5/48.0/PXN) NET/0-4 (5/48.0/PXN) NET/0-5 (5/48.0/PXN) NET/0-6 (4/25.0/PHB) NET/0-7 (4/25.0/PHB) NET/0-e (4/48.0/PHB) NET/0-8 (4/1.5/PHB) NET/0-9 (4/1.5/PHB) NET/0-a (4/1.5/PHB) NET/0-b (4/1.5/PHB) NET/0-f (4/1.5/PHB) NET/0-c (3/48.0/PIX) NET/0-d (5/48.0/PXN) GIN/0-0 (6/16.0/SYS) GIN/0-1 (6/16.0/SYS) GIN/0-2 (6/16.0/SYS) GIN/0-3 (6/16.0/SYS) GIN/0-4 (5/48.0/PHB) GIN/0-5 (5/48.0/PHB) GIN/0-6 (4/25.0/PHB) GIN/0-7 (4/25.0/PHB) GIN/0-8 (4/1.5/PHB) GIN/0-9 (4/1.5/PHB) GIN/0-a (4/1.5/PHB) GIN/0-b (4/1.5/PHB) GIN/0-c (3/48.0/PIX) GIN/0-d (5/48.0/PHB) 
gpu-nodes-0:5321:5321 [1] NCCL INFO GPU/0-f3000 :GPU/0-3000 (2/721.8/NVL) GPU/0-13000 (2/721.8/NVL) GPU/0-63000 (2/721.8/NVL) GPU/0-73000 (2/721.8/NVL) GPU/0-83000 (2/721.8/NVL) GPU/0-93000 (2/721.8/NVL) GPU/0-e3000 (2/721.8/NVL) GPU/0-f3000 (0/5000.0/LOC) NVS/0-0 (1/721.8/NVL) CPU/0-0 (3/16.0/SYS) CPU/0-1 (2/48.0/PHB) NET/0-0 (5/48.0/PXN) NET/0-1 (5/48.0/PXN) NET/0-2 (5/48.0/PXN) NET/0-3 (5/48.0/PXN) NET/0-4 (5/48.0/PXN) NET/0-5 (5/48.0/PXN) NET/0-6 (4/25.0/PHB) NET/0-7 (4/25.0/PHB) NET/0-e (4/48.0/PHB) NET/0-8 (4/1.5/PHB) NET/0-9 (4/1.5/PHB) NET/0-a (4/1.5/PHB) NET/0-b (4/1.5/PHB) NET/0-f (4/1.5/PHB) NET/0-c (5/48.0/PXN) NET/0-d (3/48.0/PIX) GIN/0-0 (6/16.0/SYS) GIN/0-1 (6/16.0/SYS) GIN/0-2 (6/16.0/SYS) GIN/0-3 (6/16.0/SYS) GIN/0-4 (5/48.0/PHB) GIN/0-5 (5/48.0/PHB) GIN/0-6 (4/25.0/PHB) GIN/0-7 (4/25.0/PHB) GIN/0-8 (4/1.5/PHB) GIN/0-9 (4/1.5/PHB) GIN/0-a (4/1.5/PHB) GIN/0-b (4/1.5/PHB) GIN/0-c (5/48.0/PHB) GIN/0-d (3/48.0/PIX) 
gpu-nodes-0:5321:5321 [1] NCCL INFO NET/0-0 :GPU/0-3000 (3/48.0/PIX) GPU/0-13000 (5/48.0/PHB) GPU/0-63000 (5/48.0/PHB) GPU/0-73000 (5/48.0/PHB) GPU/0-83000 (6/16.0/SYS) GPU/0-93000 (6/16.0/SYS) GPU/0-e3000 (6/16.0/SYS) GPU/0-f3000 (6/16.0/SYS) CPU/0-0 (3/48.0/PHB) CPU/0-1 (4/16.0/SYS) NET/0-0 (0/5000.0/LOC) NET/0-1 (6/48.0/PHB) NET/0-2 (6/48.0/PHB) NET/0-3 (6/48.0/PHB) NET/0-4 (7/16.0/SYS) NET/0-5 (7/16.0/SYS) NET/0-6 (6/16.0/SYS) NET/0-7 (6/16.0/SYS) NET/0-e (6/16.0/SYS) NET/0-8 (6/1.5/SYS) NET/0-9 (6/1.5/SYS) NET/0-a (6/1.5/SYS) NET/0-b (6/1.5/SYS) NET/0-f (6/1.5/SYS) NET/0-c (7/16.0/SYS) NET/0-d (7/16.0/SYS) GIN/0-0 (2/50.0/LOC) GIN/0-1 (6/48.0/PHB) GIN/0-2 (6/48.0/PHB) GIN/0-3 (6/48.0/PHB) GIN/0-4 (7/16.0/SYS) GIN/0-5 (7/16.0/SYS) GIN/0-6 (6/16.0/SYS) GIN/0-7 (6/16.0/SYS) GIN/0-8 (6/1.5/SYS) GIN/0-9 (6/1.5/SYS) GIN/0-a (6/1.5/SYS) GIN/0-b (6/1.5/SYS) GIN/0-c (7/16.0/SYS) GIN/0-d (7/16.0/SYS) 
gpu-nodes-0:5321:5321 [1] NCCL INFO NET/0-1 :GPU/0-3000 (5/48.0/PHB) GPU/0-13000 (3/48.0/PIX) GPU/0-63000 (5/48.0/PHB) GPU/0-73000 (5/48.0/PHB) GPU/0-83000 (6/16.0/SYS) GPU/0-93000 (6/16.0/SYS) GPU/0-e3000 (6/16.0/SYS) GPU/0-f3000 (6/16.0/SYS) CPU/0-0 (3/48.0/PHB) CPU/0-1 (4/16.0/SYS) NET/0-0 (6/48.0/PHB) NET/0-1 (0/5000.0/LOC) NET/0-2 (6/48.0/PHB) NET/0-3 (6/48.0/PHB) NET/0-4 (7/16.0/SYS) NET/0-5 (7/16.0/SYS) NET/0-6 (6/16.0/SYS) NET/0-7 (6/16.0/SYS) NET/0-e (6/16.0/SYS) NET/0-8 (6/1.5/SYS) NET/0-9 (6/1.5/SYS) NET/0-a (6/1.5/SYS) NET/0-b (6/1.5/SYS) NET/0-f (6/1.5/SYS) NET/0-c (7/16.0/SYS) NET/0-d (7/16.0/SYS) GIN/0-0 (6/48.0/PHB) GIN/0-1 (2/50.0/LOC) GIN/0-2 (6/48.0/PHB) GIN/0-3 (6/48.0/PHB) GIN/0-4 (7/16.0/SYS) GIN/0-5 (7/16.0/SYS) GIN/0-6 (6/16.0/SYS) GIN/0-7 (6/16.0/SYS) GIN/0-8 (6/1.5/SYS) GIN/0-9 (6/1.5/SYS) GIN/0-a (6/1.5/SYS) GIN/0-b (6/1.5/SYS) GIN/0-c (7/16.0/SYS) GIN/0-d (7/16.0/SYS) 
gpu-nodes-0:5321:5321 [1] NCCL INFO NET/0-2 :GPU/0-3000 (5/48.0/PHB) GPU/0-13000 (5/48.0/PHB) GPU/0-63000 (3/48.0/PIX) GPU/0-73000 (5/48.0/PHB) GPU/0-83000 (6/16.0/SYS) GPU/0-93000 (6/16.0/SYS) GPU/0-e3000 (6/16.0/SYS) GPU/0-f3000 (6/16.0/SYS) CPU/0-0 (3/48.0/PHB) CPU/0-1 (4/16.0/SYS) NET/0-0 (6/48.0/PHB) NET/0-1 (6/48.0/PHB) NET/0-2 (0/5000.0/LOC) NET/0-3 (6/48.0/PHB) NET/0-4 (7/16.0/SYS) NET/0-5 (7/16.0/SYS) NET/0-6 (6/16.0/SYS) NET/0-7 (6/16.0/SYS) NET/0-e (6/16.0/SYS) NET/0-8 (6/1.5/SYS) NET/0-9 (6/1.5/SYS) NET/0-a (6/1.5/SYS) NET/0-b (6/1.5/SYS) NET/0-f (6/1.5/SYS) NET/0-c (7/16.0/SYS) NET/0-d (7/16.0/SYS) GIN/0-0 (6/48.0/PHB) GIN/0-1 (6/48.0/PHB) GIN/0-2 (2/50.0/LOC) GIN/0-3 (6/48.0/PHB) GIN/0-4 (7/16.0/SYS) GIN/0-5 (7/16.0/SYS) GIN/0-6 (6/16.0/SYS) GIN/0-7 (6/16.0/SYS) GIN/0-8 (6/1.5/SYS) GIN/0-9 (6/1.5/SYS) GIN/0-a (6/1.5/SYS) GIN/0-b (6/1.5/SYS) GIN/0-c (7/16.0/SYS) GIN/0-d (7/16.0/SYS) 
gpu-nodes-0:5321:5321 [1] NCCL INFO NET/0-3 :GPU/0-3000 (5/48.0/PHB) GPU/0-13000 (5/48.0/PHB) GPU/0-63000 (5/48.0/PHB) GPU/0-73000 (3/48.0/PIX) GPU/0-83000 (6/16.0/SYS) GPU/0-93000 (6/16.0/SYS) GPU/0-e3000 (6/16.0/SYS) GPU/0-f3000 (6/16.0/SYS) CPU/0-0 (3/48.0/PHB) CPU/0-1 (4/16.0/SYS) NET/0-0 (6/48.0/PHB) NET/0-1 (6/48.0/PHB) NET/0-2 (6/48.0/PHB) NET/0-3 (0/5000.0/LOC) NET/0-4 (7/16.0/SYS) NET/0-5 (7/16.0/SYS) NET/0-6 (6/16.0/SYS) NET/0-7 (6/16.0/SYS) NET/0-e (6/16.0/SYS) NET/0-8 (6/1.5/SYS) NET/0-9 (6/1.5/SYS) NET/0-a (6/1.5/SYS) NET/0-b (6/1.5/SYS) NET/0-f (6/1.5/SYS) NET/0-c (7/16.0/SYS) NET/0-d (7/16.0/SYS) GIN/0-0 (6/48.0/PHB) GIN/0-1 (6/48.0/PHB) GIN/0-2 (6/48.0/PHB) GIN/0-3 (2/50.0/LOC) GIN/0-4 (7/16.0/SYS) GIN/0-5 (7/16.0/SYS) GIN/0-6 (6/16.0/SYS) GIN/0-7 (6/16.0/SYS) GIN/0-8 (6/1.5/SYS) GIN/0-9 (6/1.5/SYS) GIN/0-a (6/1.5/SYS) GIN/0-b (6/1.5/SYS) GIN/0-c (7/16.0/SYS) GIN/0-d (7/16.0/SYS) 
gpu-nodes-0:5321:5321 [1] NCCL INFO NET/0-4 :GPU/0-3000 (6/16.0/SYS) GPU/0-13000 (6/16.0/SYS) GPU/0-63000 (6/16.0/SYS) GPU/0-73000 (6/16.0/SYS) GPU/0-83000 (3/48.0/PIX) GPU/0-93000 (5/48.0/PHB) GPU/0-e3000 (5/48.0/PHB) GPU/0-f3000 (5/48.0/PHB) CPU/0-0 (4/16.0/SYS) CPU/0-1 (3/48.0/PHB) NET/0-0 (7/16.0/SYS) NET/0-1 (7/16.0/SYS) NET/0-2 (7/16.0/SYS) NET/0-3 (7/16.0/SYS) NET/0-4 (0/5000.0/LOC) NET/0-5 (6/48.0/PHB) NET/0-6 (5/25.0/PHB) NET/0-7 (5/25.0/PHB) NET/0-e (5/48.0/PHB) NET/0-8 (5/1.5/PHB) NET/0-9 (5/1.5/PHB) NET/0-a (5/1.5/PHB) NET/0-b (5/1.5/PHB) NET/0-f (5/1.5/PHB) NET/0-c (6/48.0/PHB) NET/0-d (6/48.0/PHB) GIN/0-0 (7/16.0/SYS) GIN/0-1 (7/16.0/SYS) GIN/0-2 (7/16.0/SYS) GIN/0-3 (7/16.0/SYS) GIN/0-4 (2/50.0/LOC) GIN/0-5 (6/48.0/PHB) GIN/0-6 (5/25.0/PHB) GIN/0-7 (5/25.0/PHB) GIN/0-8 (5/1.5/PHB) GIN/0-9 (5/1.5/PHB) GIN/0-a (5/1.5/PHB) GIN/0-b (5/1.5/PHB) GIN/0-c (6/48.0/PHB) GIN/0-d (6/48.0/PHB) 
gpu-nodes-0:5321:5321 [1] NCCL INFO NET/0-5 :GPU/0-3000 (6/16.0/SYS) GPU/0-13000 (6/16.0/SYS) GPU/0-63000 (6/16.0/SYS) GPU/0-73000 (6/16.0/SYS) GPU/0-83000 (5/48.0/PHB) GPU/0-93000 (3/48.0/PIX) GPU/0-e3000 (5/48.0/PHB) GPU/0-f3000 (5/48.0/PHB) CPU/0-0 (4/16.0/SYS) CPU/0-1 (3/48.0/PHB) NET/0-0 (7/16.0/SYS) NET/0-1 (7/16.0/SYS) NET/0-2 (7/16.0/SYS) NET/0-3 (7/16.0/SYS) NET/0-4 (6/48.0/PHB) NET/0-5 (0/5000.0/LOC) NET/0-6 (5/25.0/PHB) NET/0-7 (5/25.0/PHB) NET/0-e (5/48.0/PHB) NET/0-8 (5/1.5/PHB) NET/0-9 (5/1.5/PHB) NET/0-a (5/1.5/PHB) NET/0-b (5/1.5/PHB) NET/0-f (5/1.5/PHB) NET/0-c (6/48.0/PHB) NET/0-d (6/48.0/PHB) GIN/0-0 (7/16.0/SYS) GIN/0-1 (7/16.0/SYS) GIN/0-2 (7/16.0/SYS) GIN/0-3 (7/16.0/SYS) GIN/0-4 (6/48.0/PHB) GIN/0-5 (2/50.0/LOC) GIN/0-6 (5/25.0/PHB) GIN/0-7 (5/25.0/PHB) GIN/0-8 (5/1.5/PHB) GIN/0-9 (5/1.5/PHB) GIN/0-a (5/1.5/PHB) GIN/0-b (5/1.5/PHB) GIN/0-c (6/48.0/PHB) GIN/0-d (6/48.0/PHB) 
gpu-nodes-0:5321:5321 [1] NCCL INFO NET/0-6 :GPU/0-3000 (5/16.0/SYS) GPU/0-13000 (5/16.0/SYS) GPU/0-63000 (5/16.0/SYS) GPU/0-73000 (5/16.0/SYS) GPU/0-83000 (4/25.0/PHB) GPU/0-93000 (4/25.0/PHB) GPU/0-e3000 (4/25.0/PHB) GPU/0-f3000 (4/25.0/PHB) CPU/0-0 (3/16.0/SYS) CPU/0-1 (2/25.0/PHB) NET/0-0 (6/16.0/SYS) NET/0-1 (6/16.0/SYS) NET/0-2 (6/16.0/SYS) NET/0-3 (6/16.0/SYS) NET/0-4 (5/25.0/PHB) NET/0-5 (5/25.0/PHB) NET/0-6 (0/5000.0/LOC) NET/0-7 (2/25.0/LOC) NET/0-e (2/25.0/LOC) NET/0-8 (4/1.5/PHB) NET/0-9 (4/1.5/PHB) NET/0-a (4/1.5/PHB) NET/0-b (4/1.5/PHB) NET/0-f (4/1.5/PHB) NET/0-c (5/25.0/PHB) NET/0-d (5/25.0/PHB) GIN/0-0 (6/16.0/SYS) GIN/0-1 (6/16.0/SYS) GIN/0-2 (6/16.0/SYS) GIN/0-3 (6/16.0/SYS) GIN/0-4 (5/25.0/PHB) GIN/0-5 (5/25.0/PHB) GIN/0-6 (2/25.0/LOC) GIN/0-7 (2/25.0/LOC) GIN/0-8 (4/1.5/PHB) GIN/0-9 (4/1.5/PHB) GIN/0-a (4/1.5/PHB) GIN/0-b (4/1.5/PHB) GIN/0-c (5/25.0/PHB) GIN/0-d (5/25.0/PHB) 
gpu-nodes-0:5321:5321 [1] NCCL INFO NET/0-7 :GPU/0-3000 (5/16.0/SYS) GPU/0-13000 (5/16.0/SYS) GPU/0-63000 (5/16.0/SYS) GPU/0-73000 (5/16.0/SYS) GPU/0-83000 (4/25.0/PHB) GPU/0-93000 (4/25.0/PHB) GPU/0-e3000 (4/25.0/PHB) GPU/0-f3000 (4/25.0/PHB) CPU/0-0 (3/16.0/SYS) CPU/0-1 (2/25.0/PHB) NET/0-0 (6/16.0/SYS) NET/0-1 (6/16.0/SYS) NET/0-2 (6/16.0/SYS) NET/0-3 (6/16.0/SYS) NET/0-4 (5/25.0/PHB) NET/0-5 (5/25.0/PHB) NET/0-6 (2/25.0/LOC) NET/0-7 (0/5000.0/LOC) NET/0-e (2/25.0/LOC) NET/0-8 (4/1.5/PHB) NET/0-9 (4/1.5/PHB) NET/0-a (4/1.5/PHB) NET/0-b (4/1.5/PHB) NET/0-f (4/1.5/PHB) NET/0-c (5/25.0/PHB) NET/0-d (5/25.0/PHB) GIN/0-0 (6/16.0/SYS) GIN/0-1 (6/16.0/SYS) GIN/0-2 (6/16.0/SYS) GIN/0-3 (6/16.0/SYS) GIN/0-4 (5/25.0/PHB) GIN/0-5 (5/25.0/PHB) GIN/0-6 (2/25.0/LOC) GIN/0-7 (2/25.0/LOC) GIN/0-8 (4/1.5/PHB) GIN/0-9 (4/1.5/PHB) GIN/0-a (4/1.5/PHB) GIN/0-b (4/1.5/PHB) GIN/0-c (5/25.0/PHB) GIN/0-d (5/25.0/PHB) 
gpu-nodes-0:5321:5321 [1] NCCL INFO NET/0-e :GPU/0-3000 (5/16.0/SYS) GPU/0-13000 (5/16.0/SYS) GPU/0-63000 (5/16.0/SYS) GPU/0-73000 (5/16.0/SYS) GPU/0-83000 (4/48.0/PHB) GPU/0-93000 (4/48.0/PHB) GPU/0-e3000 (4/48.0/PHB) GPU/0-f3000 (4/48.0/PHB) CPU/0-0 (3/16.0/SYS) CPU/0-1 (2/48.0/PHB) NET/0-0 (6/16.0/SYS) NET/0-1 (6/16.0/SYS) NET/0-2 (6/16.0/SYS) NET/0-3 (6/16.0/SYS) NET/0-4 (5/48.0/PHB) NET/0-5 (5/48.0/PHB) NET/0-6 (2/25.0/LOC) NET/0-7 (2/25.0/LOC) NET/0-e (0/5000.0/LOC) NET/0-8 (4/1.5/PHB) NET/0-9 (4/1.5/PHB) NET/0-a (4/1.5/PHB) NET/0-b (4/1.5/PHB) NET/0-f (4/1.5/PHB) NET/0-c (5/48.0/PHB) NET/0-d (5/48.0/PHB) GIN/0-0 (6/16.0/SYS) GIN/0-1 (6/16.0/SYS) GIN/0-2 (6/16.0/SYS) GIN/0-3 (6/16.0/SYS) GIN/0-4 (5/48.0/PHB) GIN/0-5 (5/48.0/PHB) GIN/0-6 (2/25.0/LOC) GIN/0-7 (2/25.0/LOC) GIN/0-8 (4/1.5/PHB) GIN/0-9 (4/1.5/PHB) GIN/0-a (4/1.5/PHB) GIN/0-b (4/1.5/PHB) GIN/0-c (5/48.0/PHB) GIN/0-d (5/48.0/PHB) 
gpu-nodes-0:5321:5321 [1] NCCL INFO NET/0-8 :GPU/0-3000 (5/1.5/SYS) GPU/0-13000 (5/1.5/SYS) GPU/0-63000 (5/1.5/SYS) GPU/0-73000 (5/1.5/SYS) GPU/0-83000 (4/1.5/PHB) GPU/0-93000 (4/1.5/PHB) GPU/0-e3000 (4/1.5/PHB) GPU/0-f3000 (4/1.5/PHB) CPU/0-0 (3/1.5/SYS) CPU/0-1 (2/1.5/PHB) NET/0-0 (6/1.5/SYS) NET/0-1 (6/1.5/SYS) NET/0-2 (6/1.5/SYS) NET/0-3 (6/1.5/SYS) NET/0-4 (5/1.5/PHB) NET/0-5 (5/1.5/PHB) NET/0-6 (4/1.5/PHB) NET/0-7 (4/1.5/PHB) NET/0-e (4/1.5/PHB) NET/0-8 (0/5000.0/LOC) NET/0-9 (2/12.5/LOC) NET/0-a (2/12.5/LOC) NET/0-b (2/12.5/LOC) NET/0-f (2/12.5/LOC) NET/0-c (5/1.5/PHB) NET/0-d (5/1.5/PHB) GIN/0-0 (6/1.5/SYS) GIN/0-1 (6/1.5/SYS) GIN/0-2 (6/1.5/SYS) GIN/0-3 (6/1.5/SYS) GIN/0-4 (5/1.5/PHB) GIN/0-5 (5/1.5/PHB) GIN/0-6 (4/1.5/PHB) GIN/0-7 (4/1.5/PHB) GIN/0-8 (2/12.5/LOC) GIN/0-9 (2/12.5/LOC) GIN/0-a (2/12.5/LOC) GIN/0-b (2/12.5/LOC) GIN/0-c (5/1.5/PHB) GIN/0-d (5/1.5/PHB) 
gpu-nodes-0:5321:5321 [1] NCCL INFO NET/0-9 :GPU/0-3000 (5/1.5/SYS) GPU/0-13000 (5/1.5/SYS) GPU/0-63000 (5/1.5/SYS) GPU/0-73000 (5/1.5/SYS) GPU/0-83000 (4/1.5/PHB) GPU/0-93000 (4/1.5/PHB) GPU/0-e3000 (4/1.5/PHB) GPU/0-f3000 (4/1.5/PHB) CPU/0-0 (3/1.5/SYS) CPU/0-1 (2/1.5/PHB) NET/0-0 (6/1.5/SYS) NET/0-1 (6/1.5/SYS) NET/0-2 (6/1.5/SYS) NET/0-3 (6/1.5/SYS) NET/0-4 (5/1.5/PHB) NET/0-5 (5/1.5/PHB) NET/0-6 (4/1.5/PHB) NET/0-7 (4/1.5/PHB) NET/0-e (4/1.5/PHB) NET/0-8 (2/12.5/LOC) NET/0-9 (0/5000.0/LOC) NET/0-a (2/12.5/LOC) NET/0-b (2/12.5/LOC) NET/0-f (2/12.5/LOC) NET/0-c (5/1.5/PHB) NET/0-d (5/1.5/PHB) GIN/0-0 (6/1.5/SYS) GIN/0-1 (6/1.5/SYS) GIN/0-2 (6/1.5/SYS) GIN/0-3 (6/1.5/SYS) GIN/0-4 (5/1.5/PHB) GIN/0-5 (5/1.5/PHB) GIN/0-6 (4/1.5/PHB) GIN/0-7 (4/1.5/PHB) GIN/0-8 (2/12.5/LOC) GIN/0-9 (2/12.5/LOC) GIN/0-a (2/12.5/LOC) GIN/0-b (2/12.5/LOC) GIN/0-c (5/1.5/PHB) GIN/0-d (5/1.5/PHB) 
gpu-nodes-0:5321:5321 [1] NCCL INFO NET/0-a :GPU/0-3000 (5/1.5/SYS) GPU/0-13000 (5/1.5/SYS) GPU/0-63000 (5/1.5/SYS) GPU/0-73000 (5/1.5/SYS) GPU/0-83000 (4/1.5/PHB) GPU/0-93000 (4/1.5/PHB) GPU/0-e3000 (4/1.5/PHB) GPU/0-f3000 (4/1.5/PHB) CPU/0-0 (3/1.5/SYS) CPU/0-1 (2/1.5/PHB) NET/0-0 (6/1.5/SYS) NET/0-1 (6/1.5/SYS) NET/0-2 (6/1.5/SYS) NET/0-3 (6/1.5/SYS) NET/0-4 (5/1.5/PHB) NET/0-5 (5/1.5/PHB) NET/0-6 (4/1.5/PHB) NET/0-7 (4/1.5/PHB) NET/0-e (4/1.5/PHB) NET/0-8 (2/12.5/LOC) NET/0-9 (2/12.5/LOC) NET/0-a (0/5000.0/LOC) NET/0-b (2/12.5/LOC) NET/0-f (2/12.5/LOC) NET/0-c (5/1.5/PHB) NET/0-d (5/1.5/PHB) GIN/0-0 (6/1.5/SYS) GIN/0-1 (6/1.5/SYS) GIN/0-2 (6/1.5/SYS) GIN/0-3 (6/1.5/SYS) GIN/0-4 (5/1.5/PHB) GIN/0-5 (5/1.5/PHB) GIN/0-6 (4/1.5/PHB) GIN/0-7 (4/1.5/PHB) GIN/0-8 (2/12.5/LOC) GIN/0-9 (2/12.5/LOC) GIN/0-a (2/12.5/LOC) GIN/0-b (2/12.5/LOC) GIN/0-c (5/1.5/PHB) GIN/0-d (5/1.5/PHB) 
gpu-nodes-0:5321:5321 [1] NCCL INFO NET/0-b :GPU/0-3000 (5/1.5/SYS) GPU/0-13000 (5/1.5/SYS) GPU/0-63000 (5/1.5/SYS) GPU/0-73000 (5/1.5/SYS) GPU/0-83000 (4/1.5/PHB) GPU/0-93000 (4/1.5/PHB) GPU/0-e3000 (4/1.5/PHB) GPU/0-f3000 (4/1.5/PHB) CPU/0-0 (3/1.5/SYS) CPU/0-1 (2/1.5/PHB) NET/0-0 (6/1.5/SYS) NET/0-1 (6/1.5/SYS) NET/0-2 (6/1.5/SYS) NET/0-3 (6/1.5/SYS) NET/0-4 (5/1.5/PHB) NET/0-5 (5/1.5/PHB) NET/0-6 (4/1.5/PHB) NET/0-7 (4/1.5/PHB) NET/0-e (4/1.5/PHB) NET/0-8 (2/12.5/LOC) NET/0-9 (2/12.5/LOC) NET/0-a (2/12.5/LOC) NET/0-b (0/5000.0/LOC) NET/0-f (2/12.5/LOC) NET/0-c (5/1.5/PHB) NET/0-d (5/1.5/PHB) GIN/0-0 (6/1.5/SYS) GIN/0-1 (6/1.5/SYS) GIN/0-2 (6/1.5/SYS) GIN/0-3 (6/1.5/SYS) GIN/0-4 (5/1.5/PHB) GIN/0-5 (5/1.5/PHB) GIN/0-6 (4/1.5/PHB) GIN/0-7 (4/1.5/PHB) GIN/0-8 (2/12.5/LOC) GIN/0-9 (2/12.5/LOC) GIN/0-a (2/12.5/LOC) GIN/0-b (2/12.5/LOC) GIN/0-c (5/1.5/PHB) GIN/0-d (5/1.5/PHB) 
gpu-nodes-0:5321:5321 [1] NCCL INFO NET/0-f :GPU/0-3000 (5/1.5/SYS) GPU/0-13000 (5/1.5/SYS) GPU/0-63000 (5/1.5/SYS) GPU/0-73000 (5/1.5/SYS) GPU/0-83000 (4/1.5/PHB) GPU/0-93000 (4/1.5/PHB) GPU/0-e3000 (4/1.5/PHB) GPU/0-f3000 (4/1.5/PHB) CPU/0-0 (3/1.5/SYS) CPU/0-1 (2/1.5/PHB) NET/0-0 (6/1.5/SYS) NET/0-1 (6/1.5/SYS) NET/0-2 (6/1.5/SYS) NET/0-3 (6/1.5/SYS) NET/0-4 (5/1.5/PHB) NET/0-5 (5/1.5/PHB) NET/0-6 (4/1.5/PHB) NET/0-7 (4/1.5/PHB) NET/0-e (4/1.5/PHB) NET/0-8 (2/12.5/LOC) NET/0-9 (2/12.5/LOC) NET/0-a (2/12.5/LOC) NET/0-b (2/12.5/LOC) NET/0-f (0/5000.0/LOC) NET/0-c (5/1.5/PHB) NET/0-d (5/1.5/PHB) GIN/0-0 (6/1.5/SYS) GIN/0-1 (6/1.5/SYS) GIN/0-2 (6/1.5/SYS) GIN/0-3 (6/1.5/SYS) GIN/0-4 (5/1.5/PHB) GIN/0-5 (5/1.5/PHB) GIN/0-6 (4/1.5/PHB) GIN/0-7 (4/1.5/PHB) GIN/0-8 (2/12.5/LOC) GIN/0-9 (2/12.5/LOC) GIN/0-a (2/12.5/LOC) GIN/0-b (2/12.5/LOC) GIN/0-c (5/1.5/PHB) GIN/0-d (5/1.5/PHB) 
gpu-nodes-0:5321:5321 [1] NCCL INFO NET/0-c :GPU/0-3000 (6/16.0/SYS) GPU/0-13000 (6/16.0/SYS) GPU/0-63000 (6/16.0/SYS) GPU/0-73000 (6/16.0/SYS) GPU/0-83000 (5/48.0/PHB) GPU/0-93000 (5/48.0/PHB) GPU/0-e3000 (3/48.0/PIX) GPU/0-f3000 (5/48.0/PHB) CPU/0-0 (4/16.0/SYS) CPU/0-1 (3/48.0/PHB) NET/0-0 (7/16.0/SYS) NET/0-1 (7/16.0/SYS) NET/0-2 (7/16.0/SYS) NET/0-3 (7/16.0/SYS) NET/0-4 (6/48.0/PHB) NET/0-5 (6/48.0/PHB) NET/0-6 (5/25.0/PHB) NET/0-7 (5/25.0/PHB) NET/0-e (5/48.0/PHB) NET/0-8 (5/1.5/PHB) NET/0-9 (5/1.5/PHB) NET/0-a (5/1.5/PHB) NET/0-b (5/1.5/PHB) NET/0-f (5/1.5/PHB) NET/0-c (0/5000.0/LOC) NET/0-d (6/48.0/PHB) GIN/0-0 (7/16.0/SYS) GIN/0-1 (7/16.0/SYS) GIN/0-2 (7/16.0/SYS) GIN/0-3 (7/16.0/SYS) GIN/0-4 (6/48.0/PHB) GIN/0-5 (6/48.0/PHB) GIN/0-6 (5/25.0/PHB) GIN/0-7 (5/25.0/PHB) GIN/0-8 (5/1.5/PHB) GIN/0-9 (5/1.5/PHB) GIN/0-a (5/1.5/PHB) GIN/0-b (5/1.5/PHB) GIN/0-c (2/50.0/LOC) GIN/0-d (6/48.0/PHB) 
gpu-nodes-0:5321:5321 [1] NCCL INFO NET/0-d :GPU/0-3000 (6/16.0/SYS) GPU/0-13000 (6/16.0/SYS) GPU/0-63000 (6/16.0/SYS) GPU/0-73000 (6/16.0/SYS) GPU/0-83000 (5/48.0/PHB) GPU/0-93000 (5/48.0/PHB) GPU/0-e3000 (5/48.0/PHB) GPU/0-f3000 (3/48.0/PIX) CPU/0-0 (4/16.0/SYS) CPU/0-1 (3/48.0/PHB) NET/0-0 (7/16.0/SYS) NET/0-1 (7/16.0/SYS) NET/0-2 (7/16.0/SYS) NET/0-3 (7/16.0/SYS) NET/0-4 (6/48.0/PHB) NET/0-5 (6/48.0/PHB) NET/0-6 (5/25.0/PHB) NET/0-7 (5/25.0/PHB) NET/0-e (5/48.0/PHB) NET/0-8 (5/1.5/PHB) NET/0-9 (5/1.5/PHB) NET/0-a (5/1.5/PHB) NET/0-b (5/1.5/PHB) NET/0-f (5/1.5/PHB) NET/0-c (6/48.0/PHB) NET/0-d (0/5000.0/LOC) GIN/0-0 (7/16.0/SYS) GIN/0-1 (7/16.0/SYS) GIN/0-2 (7/16.0/SYS) GIN/0-3 (7/16.0/SYS) GIN/0-4 (6/48.0/PHB) GIN/0-5 (6/48.0/PHB) GIN/0-6 (5/25.0/PHB) GIN/0-7 (5/25.0/PHB) GIN/0-8 (5/1.5/PHB) GIN/0-9 (5/1.5/PHB) GIN/0-a (5/1.5/PHB) GIN/0-b (5/1.5/PHB) GIN/0-c (6/48.0/PHB) GIN/0-d (2/50.0/LOC) 
gpu-nodes-0:5321:5321 [1] NCCL INFO GIN/0-0 :GPU/0-3000 (3/48.0/PIX) GPU/0-13000 (5/48.0/PHB) GPU/0-63000 (5/48.0/PHB) GPU/0-73000 (5/48.0/PHB) GPU/0-83000 (6/16.0/SYS) GPU/0-93000 (6/16.0/SYS) GPU/0-e3000 (6/16.0/SYS) GPU/0-f3000 (6/16.0/SYS) CPU/0-0 (3/48.0/PHB) CPU/0-1 (4/16.0/SYS) NET/0-0 (2/50.0/LOC) NET/0-1 (6/48.0/PHB) NET/0-2 (6/48.0/PHB) NET/0-3 (6/48.0/PHB) NET/0-4 (7/16.0/SYS) NET/0-5 (7/16.0/SYS) NET/0-6 (6/16.0/SYS) NET/0-7 (6/16.0/SYS) NET/0-e (6/16.0/SYS) NET/0-8 (6/1.5/SYS) NET/0-9 (6/1.5/SYS) NET/0-a (6/1.5/SYS) NET/0-b (6/1.5/SYS) NET/0-f (6/1.5/SYS) NET/0-c (7/16.0/SYS) NET/0-d (7/16.0/SYS) GIN/0-0 (0/5000.0/LOC) GIN/0-1 (6/48.0/PHB) GIN/0-2 (6/48.0/PHB) GIN/0-3 (6/48.0/PHB) GIN/0-4 (7/16.0/SYS) GIN/0-5 (7/16.0/SYS) GIN/0-6 (6/16.0/SYS) GIN/0-7 (6/16.0/SYS) GIN/0-8 (6/1.5/SYS) GIN/0-9 (6/1.5/SYS) GIN/0-a (6/1.5/SYS) GIN/0-b (6/1.5/SYS) GIN/0-c (7/16.0/SYS) GIN/0-d (7/16.0/SYS) 
gpu-nodes-0:5321:5321 [1] NCCL INFO GIN/0-1 :GPU/0-3000 (5/48.0/PHB) GPU/0-13000 (3/48.0/PIX) GPU/0-63000 (5/48.0/PHB) GPU/0-73000 (5/48.0/PHB) GPU/0-83000 (6/16.0/SYS) GPU/0-93000 (6/16.0/SYS) GPU/0-e3000 (6/16.0/SYS) GPU/0-f3000 (6/16.0/SYS) CPU/0-0 (3/48.0/PHB) CPU/0-1 (4/16.0/SYS) NET/0-0 (6/48.0/PHB) NET/0-1 (2/50.0/LOC) NET/0-2 (6/48.0/PHB) NET/0-3 (6/48.0/PHB) NET/0-4 (7/16.0/SYS) NET/0-5 (7/16.0/SYS) NET/0-6 (6/16.0/SYS) NET/0-7 (6/16.0/SYS) NET/0-e (6/16.0/SYS) NET/0-8 (6/1.5/SYS) NET/0-9 (6/1.5/SYS) NET/0-a (6/1.5/SYS) NET/0-b (6/1.5/SYS) NET/0-f (6/1.5/SYS) NET/0-c (7/16.0/SYS) NET/0-d (7/16.0/SYS) GIN/0-0 (6/48.0/PHB) GIN/0-1 (0/5000.0/LOC) GIN/0-2 (6/48.0/PHB) GIN/0-3 (6/48.0/PHB) GIN/0-4 (7/16.0/SYS) GIN/0-5 (7/16.0/SYS) GIN/0-6 (6/16.0/SYS) GIN/0-7 (6/16.0/SYS) GIN/0-8 (6/1.5/SYS) GIN/0-9 (6/1.5/SYS) GIN/0-a (6/1.5/SYS) GIN/0-b (6/1.5/SYS) GIN/0-c (7/16.0/SYS) GIN/0-d (7/16.0/SYS) 
gpu-nodes-0:5321:5321 [1] NCCL INFO GIN/0-2 :GPU/0-3000 (5/48.0/PHB) GPU/0-13000 (5/48.0/PHB) GPU/0-63000 (3/48.0/PIX) GPU/0-73000 (5/48.0/PHB) GPU/0-83000 (6/16.0/SYS) GPU/0-93000 (6/16.0/SYS) GPU/0-e3000 (6/16.0/SYS) GPU/0-f3000 (6/16.0/SYS) CPU/0-0 (3/48.0/PHB) CPU/0-1 (4/16.0/SYS) NET/0-0 (6/48.0/PHB) NET/0-1 (6/48.0/PHB) NET/0-2 (2/50.0/LOC) NET/0-3 (6/48.0/PHB) NET/0-4 (7/16.0/SYS) NET/0-5 (7/16.0/SYS) NET/0-6 (6/16.0/SYS) NET/0-7 (6/16.0/SYS) NET/0-e (6/16.0/SYS) NET/0-8 (6/1.5/SYS) NET/0-9 (6/1.5/SYS) NET/0-a (6/1.5/SYS) NET/0-b (6/1.5/SYS) NET/0-f (6/1.5/SYS) NET/0-c (7/16.0/SYS) NET/0-d (7/16.0/SYS) GIN/0-0 (6/48.0/PHB) GIN/0-1 (6/48.0/PHB) GIN/0-2 (0/5000.0/LOC) GIN/0-3 (6/48.0/PHB) GIN/0-4 (7/16.0/SYS) GIN/0-5 (7/16.0/SYS) GIN/0-6 (6/16.0/SYS) GIN/0-7 (6/16.0/SYS) GIN/0-8 (6/1.5/SYS) GIN/0-9 (6/1.5/SYS) GIN/0-a (6/1.5/SYS) GIN/0-b (6/1.5/SYS) GIN/0-c (7/16.0/SYS) GIN/0-d (7/16.0/SYS) 
gpu-nodes-0:5321:5321 [1] NCCL INFO GIN/0-3 :GPU/0-3000 (5/48.0/PHB) GPU/0-13000 (5/48.0/PHB) GPU/0-63000 (5/48.0/PHB) GPU/0-73000 (3/48.0/PIX) GPU/0-83000 (6/16.0/SYS) GPU/0-93000 (6/16.0/SYS) GPU/0-e3000 (6/16.0/SYS) GPU/0-f3000 (6/16.0/SYS) CPU/0-0 (3/48.0/PHB) CPU/0-1 (4/16.0/SYS) NET/0-0 (6/48.0/PHB) NET/0-1 (6/48.0/PHB) NET/0-2 (6/48.0/PHB) NET/0-3 (2/50.0/LOC) NET/0-4 (7/16.0/SYS) NET/0-5 (7/16.0/SYS) NET/0-6 (6/16.0/SYS) NET/0-7 (6/16.0/SYS) NET/0-e (6/16.0/SYS) NET/0-8 (6/1.5/SYS) NET/0-9 (6/1.5/SYS) NET/0-a (6/1.5/SYS) NET/0-b (6/1.5/SYS) NET/0-f (6/1.5/SYS) NET/0-c (7/16.0/SYS) NET/0-d (7/16.0/SYS) GIN/0-0 (6/48.0/PHB) GIN/0-1 (6/48.0/PHB) GIN/0-2 (6/48.0/PHB) GIN/0-3 (0/5000.0/LOC) GIN/0-4 (7/16.0/SYS) GIN/0-5 (7/16.0/SYS) GIN/0-6 (6/16.0/SYS) GIN/0-7 (6/16.0/SYS) GIN/0-8 (6/1.5/SYS) GIN/0-9 (6/1.5/SYS) GIN/0-a (6/1.5/SYS) GIN/0-b (6/1.5/SYS) GIN/0-c (7/16.0/SYS) GIN/0-d (7/16.0/SYS) 
gpu-nodes-0:5321:5321 [1] NCCL INFO GIN/0-4 :GPU/0-3000 (6/16.0/SYS) GPU/0-13000 (6/16.0/SYS) GPU/0-63000 (6/16.0/SYS) GPU/0-73000 (6/16.0/SYS) GPU/0-83000 (3/48.0/PIX) GPU/0-93000 (5/48.0/PHB) GPU/0-e3000 (5/48.0/PHB) GPU/0-f3000 (5/48.0/PHB) CPU/0-0 (4/16.0/SYS) CPU/0-1 (3/48.0/PHB) NET/0-0 (7/16.0/SYS) NET/0-1 (7/16.0/SYS) NET/0-2 (7/16.0/SYS) NET/0-3 (7/16.0/SYS) NET/0-4 (2/50.0/LOC) NET/0-5 (6/48.0/PHB) NET/0-6 (5/25.0/PHB) NET/0-7 (5/25.0/PHB) NET/0-e (5/48.0/PHB) NET/0-8 (5/1.5/PHB) NET/0-9 (5/1.5/PHB) NET/0-a (5/1.5/PHB) NET/0-b (5/1.5/PHB) NET/0-f (5/1.5/PHB) NET/0-c (6/48.0/PHB) NET/0-d (6/48.0/PHB) GIN/0-0 (7/16.0/SYS) GIN/0-1 (7/16.0/SYS) GIN/0-2 (7/16.0/SYS) GIN/0-3 (7/16.0/SYS) GIN/0-4 (0/5000.0/LOC) GIN/0-5 (6/48.0/PHB) GIN/0-6 (5/25.0/PHB) GIN/0-7 (5/25.0/PHB) GIN/0-8 (5/1.5/PHB) GIN/0-9 (5/1.5/PHB) GIN/0-a (5/1.5/PHB) GIN/0-b (5/1.5/PHB) GIN/0-c (6/48.0/PHB) GIN/0-d (6/48.0/PHB) 
gpu-nodes-0:5321:5321 [1] NCCL INFO GIN/0-5 :GPU/0-3000 (6/16.0/SYS) GPU/0-13000 (6/16.0/SYS) GPU/0-63000 (6/16.0/SYS) GPU/0-73000 (6/16.0/SYS) GPU/0-83000 (5/48.0/PHB) GPU/0-93000 (3/48.0/PIX) GPU/0-e3000 (5/48.0/PHB) GPU/0-f3000 (5/48.0/PHB) CPU/0-0 (4/16.0/SYS) CPU/0-1 (3/48.0/PHB) NET/0-0 (7/16.0/SYS) NET/0-1 (7/16.0/SYS) NET/0-2 (7/16.0/SYS) NET/0-3 (7/16.0/SYS) NET/0-4 (6/48.0/PHB) NET/0-5 (2/50.0/LOC) NET/0-6 (5/25.0/PHB) NET/0-7 (5/25.0/PHB) NET/0-e (5/48.0/PHB) NET/0-8 (5/1.5/PHB) NET/0-9 (5/1.5/PHB) NET/0-a (5/1.5/PHB) NET/0-b (5/1.5/PHB) NET/0-f (5/1.5/PHB) NET/0-c (6/48.0/PHB) NET/0-d (6/48.0/PHB) GIN/0-0 (7/16.0/SYS) GIN/0-1 (7/16.0/SYS) GIN/0-2 (7/16.0/SYS) GIN/0-3 (7/16.0/SYS) GIN/0-4 (6/48.0/PHB) GIN/0-5 (0/5000.0/LOC) GIN/0-6 (5/25.0/PHB) GIN/0-7 (5/25.0/PHB) GIN/0-8 (5/1.5/PHB) GIN/0-9 (5/1.5/PHB) GIN/0-a (5/1.5/PHB) GIN/0-b (5/1.5/PHB) GIN/0-c (6/48.0/PHB) GIN/0-d (6/48.0/PHB) 
gpu-nodes-0:5321:5321 [1] NCCL INFO GIN/0-6 :GPU/0-3000 (5/16.0/SYS) GPU/0-13000 (5/16.0/SYS) GPU/0-63000 (5/16.0/SYS) GPU/0-73000 (5/16.0/SYS) GPU/0-83000 (4/25.0/PHB) GPU/0-93000 (4/25.0/PHB) GPU/0-e3000 (4/25.0/PHB) GPU/0-f3000 (4/25.0/PHB) CPU/0-0 (3/16.0/SYS) CPU/0-1 (2/25.0/PHB) NET/0-0 (6/16.0/SYS) NET/0-1 (6/16.0/SYS) NET/0-2 (6/16.0/SYS) NET/0-3 (6/16.0/SYS) NET/0-4 (5/25.0/PHB) NET/0-5 (5/25.0/PHB) NET/0-6 (2/25.0/LOC) NET/0-7 (2/25.0/LOC) NET/0-e (2/25.0/LOC) NET/0-8 (4/1.5/PHB) NET/0-9 (4/1.5/PHB) NET/0-a (4/1.5/PHB) NET/0-b (4/1.5/PHB) NET/0-f (4/1.5/PHB) NET/0-c (5/25.0/PHB) NET/0-d (5/25.0/PHB) GIN/0-0 (6/16.0/SYS) GIN/0-1 (6/16.0/SYS) GIN/0-2 (6/16.0/SYS) GIN/0-3 (6/16.0/SYS) GIN/0-4 (5/25.0/PHB) GIN/0-5 (5/25.0/PHB) GIN/0-6 (0/5000.0/LOC) GIN/0-7 (2/25.0/LOC) GIN/0-8 (4/1.5/PHB) GIN/0-9 (4/1.5/PHB) GIN/0-a (4/1.5/PHB) GIN/0-b (4/1.5/PHB) GIN/0-c (5/25.0/PHB) GIN/0-d (5/25.0/PHB) 
gpu-nodes-0:5321:5321 [1] NCCL INFO GIN/0-7 :GPU/0-3000 (5/16.0/SYS) GPU/0-13000 (5/16.0/SYS) GPU/0-63000 (5/16.0/SYS) GPU/0-73000 (5/16.0/SYS) GPU/0-83000 (4/25.0/PHB) GPU/0-93000 (4/25.0/PHB) GPU/0-e3000 (4/25.0/PHB) GPU/0-f3000 (4/25.0/PHB) CPU/0-0 (3/16.0/SYS) CPU/0-1 (2/25.0/PHB) NET/0-0 (6/16.0/SYS) NET/0-1 (6/16.0/SYS) NET/0-2 (6/16.0/SYS) NET/0-3 (6/16.0/SYS) NET/0-4 (5/25.0/PHB) NET/0-5 (5/25.0/PHB) NET/0-6 (2/25.0/LOC) NET/0-7 (2/25.0/LOC) NET/0-e (2/25.0/LOC) NET/0-8 (4/1.5/PHB) NET/0-9 (4/1.5/PHB) NET/0-a (4/1.5/PHB) NET/0-b (4/1.5/PHB) NET/0-f (4/1.5/PHB) NET/0-c (5/25.0/PHB) NET/0-d (5/25.0/PHB) GIN/0-0 (6/16.0/SYS) GIN/0-1 (6/16.0/SYS) GIN/0-2 (6/16.0/SYS) GIN/0-3 (6/16.0/SYS) GIN/0-4 (5/25.0/PHB) GIN/0-5 (5/25.0/PHB) GIN/0-6 (2/25.0/LOC) GIN/0-7 (0/5000.0/LOC) GIN/0-8 (4/1.5/PHB) GIN/0-9 (4/1.5/PHB) GIN/0-a (4/1.5/PHB) GIN/0-b (4/1.5/PHB) GIN/0-c (5/25.0/PHB) GIN/0-d (5/25.0/PHB) 
gpu-nodes-0:5321:5321 [1] NCCL INFO GIN/0-8 :GPU/0-3000 (5/1.5/SYS) GPU/0-13000 (5/1.5/SYS) GPU/0-63000 (5/1.5/SYS) GPU/0-73000 (5/1.5/SYS) GPU/0-83000 (4/1.5/PHB) GPU/0-93000 (4/1.5/PHB) GPU/0-e3000 (4/1.5/PHB) GPU/0-f3000 (4/1.5/PHB) CPU/0-0 (3/1.5/SYS) CPU/0-1 (2/1.5/PHB) NET/0-0 (6/1.5/SYS) NET/0-1 (6/1.5/SYS) NET/0-2 (6/1.5/SYS) NET/0-3 (6/1.5/SYS) NET/0-4 (5/1.5/PHB) NET/0-5 (5/1.5/PHB) NET/0-6 (4/1.5/PHB) NET/0-7 (4/1.5/PHB) NET/0-e (4/1.5/PHB) NET/0-8 (2/12.5/LOC) NET/0-9 (2/12.5/LOC) NET/0-a (2/12.5/LOC) NET/0-b (2/12.5/LOC) NET/0-f (2/12.5/LOC) NET/0-c (5/1.5/PHB) NET/0-d (5/1.5/PHB) GIN/0-0 (6/1.5/SYS) GIN/0-1 (6/1.5/SYS) GIN/0-2 (6/1.5/SYS) GIN/0-3 (6/1.5/SYS) GIN/0-4 (5/1.5/PHB) GIN/0-5 (5/1.5/PHB) GIN/0-6 (4/1.5/PHB) GIN/0-7 (4/1.5/PHB) GIN/0-8 (0/5000.0/LOC) GIN/0-9 (2/12.5/LOC) GIN/0-a (2/12.5/LOC) GIN/0-b (2/12.5/LOC) GIN/0-c (5/1.5/PHB) GIN/0-d (5/1.5/PHB) 
gpu-nodes-0:5321:5321 [1] NCCL INFO GIN/0-9 :GPU/0-3000 (5/1.5/SYS) GPU/0-13000 (5/1.5/SYS) GPU/0-63000 (5/1.5/SYS) GPU/0-73000 (5/1.5/SYS) GPU/0-83000 (4/1.5/PHB) GPU/0-93000 (4/1.5/PHB) GPU/0-e3000 (4/1.5/PHB) GPU/0-f3000 (4/1.5/PHB) CPU/0-0 (3/1.5/SYS) CPU/0-1 (2/1.5/PHB) NET/0-0 (6/1.5/SYS) NET/0-1 (6/1.5/SYS) NET/0-2 (6/1.5/SYS) NET/0-3 (6/1.5/SYS) NET/0-4 (5/1.5/PHB) NET/0-5 (5/1.5/PHB) NET/0-6 (4/1.5/PHB) NET/0-7 (4/1.5/PHB) NET/0-e (4/1.5/PHB) NET/0-8 (2/12.5/LOC) NET/0-9 (2/12.5/LOC) NET/0-a (2/12.5/LOC) NET/0-b (2/12.5/LOC) NET/0-f (2/12.5/LOC) NET/0-c (5/1.5/PHB) NET/0-d (5/1.5/PHB) GIN/0-0 (6/1.5/SYS) GIN/0-1 (6/1.5/SYS) GIN/0-2 (6/1.5/SYS) GIN/0-3 (6/1.5/SYS) GIN/0-4 (5/1.5/PHB) GIN/0-5 (5/1.5/PHB) GIN/0-6 (4/1.5/PHB) GIN/0-7 (4/1.5/PHB) GIN/0-8 (2/12.5/LOC) GIN/0-9 (0/5000.0/LOC) GIN/0-a (2/12.5/LOC) GIN/0-b (2/12.5/LOC) GIN/0-c (5/1.5/PHB) GIN/0-d (5/1.5/PHB) 
gpu-nodes-0:5321:5321 [1] NCCL INFO GIN/0-a :GPU/0-3000 (5/1.5/SYS) GPU/0-13000 (5/1.5/SYS) GPU/0-63000 (5/1.5/SYS) GPU/0-73000 (5/1.5/SYS) GPU/0-83000 (4/1.5/PHB) GPU/0-93000 (4/1.5/PHB) GPU/0-e3000 (4/1.5/PHB) GPU/0-f3000 (4/1.5/PHB) CPU/0-0 (3/1.5/SYS) CPU/0-1 (2/1.5/PHB) NET/0-0 (6/1.5/SYS) NET/0-1 (6/1.5/SYS) NET/0-2 (6/1.5/SYS) NET/0-3 (6/1.5/SYS) NET/0-4 (5/1.5/PHB) NET/0-5 (5/1.5/PHB) NET/0-6 (4/1.5/PHB) NET/0-7 (4/1.5/PHB) NET/0-e (4/1.5/PHB) NET/0-8 (2/12.5/LOC) NET/0-9 (2/12.5/LOC) NET/0-a (2/12.5/LOC) NET/0-b (2/12.5/LOC) NET/0-f (2/12.5/LOC) NET/0-c (5/1.5/PHB) NET/0-d (5/1.5/PHB) GIN/0-0 (6/1.5/SYS) GIN/0-1 (6/1.5/SYS) GIN/0-2 (6/1.5/SYS) GIN/0-3 (6/1.5/SYS) GIN/0-4 (5/1.5/PHB) GIN/0-5 (5/1.5/PHB) GIN/0-6 (4/1.5/PHB) GIN/0-7 (4/1.5/PHB) GIN/0-8 (2/12.5/LOC) GIN/0-9 (2/12.5/LOC) GIN/0-a (0/5000.0/LOC) GIN/0-b (2/12.5/LOC) GIN/0-c (5/1.5/PHB) GIN/0-d (5/1.5/PHB) 
gpu-nodes-0:5321:5321 [1] NCCL INFO GIN/0-b :GPU/0-3000 (5/1.5/SYS) GPU/0-13000 (5/1.5/SYS) GPU/0-63000 (5/1.5/SYS) GPU/0-73000 (5/1.5/SYS) GPU/0-83000 (4/1.5/PHB) GPU/0-93000 (4/1.5/PHB) GPU/0-e3000 (4/1.5/PHB) GPU/0-f3000 (4/1.5/PHB) CPU/0-0 (3/1.5/SYS) CPU/0-1 (2/1.5/PHB) NET/0-0 (6/1.5/SYS) NET/0-1 (6/1.5/SYS) NET/0-2 (6/1.5/SYS) NET/0-3 (6/1.5/SYS) NET/0-4 (5/1.5/PHB) NET/0-5 (5/1.5/PHB) NET/0-6 (4/1.5/PHB) NET/0-7 (4/1.5/PHB) NET/0-e (4/1.5/PHB) NET/0-8 (2/12.5/LOC) NET/0-9 (2/12.5/LOC) NET/0-a (2/12.5/LOC) NET/0-b (2/12.5/LOC) NET/0-f (2/12.5/LOC) NET/0-c (5/1.5/PHB) NET/0-d (5/1.5/PHB) GIN/0-0 (6/1.5/SYS) GIN/0-1 (6/1.5/SYS) GIN/0-2 (6/1.5/SYS) GIN/0-3 (6/1.5/SYS) GIN/0-4 (5/1.5/PHB) GIN/0-5 (5/1.5/PHB) GIN/0-6 (4/1.5/PHB) GIN/0-7 (4/1.5/PHB) GIN/0-8 (2/12.5/LOC) GIN/0-9 (2/12.5/LOC) GIN/0-a (2/12.5/LOC) GIN/0-b (0/5000.0/LOC) GIN/0-c (5/1.5/PHB) GIN/0-d (5/1.5/PHB) 
gpu-nodes-0:5321:5321 [1] NCCL INFO GIN/0-c :GPU/0-3000 (6/16.0/SYS) GPU/0-13000 (6/16.0/SYS) GPU/0-63000 (6/16.0/SYS) GPU/0-73000 (6/16.0/SYS) GPU/0-83000 (5/48.0/PHB) GPU/0-93000 (5/48.0/PHB) GPU/0-e3000 (3/48.0/PIX) GPU/0-f3000 (5/48.0/PHB) CPU/0-0 (4/16.0/SYS) CPU/0-1 (3/48.0/PHB) NET/0-0 (7/16.0/SYS) NET/0-1 (7/16.0/SYS) NET/0-2 (7/16.0/SYS) NET/0-3 (7/16.0/SYS) NET/0-4 (6/48.0/PHB) NET/0-5 (6/48.0/PHB) NET/0-6 (5/25.0/PHB) NET/0-7 (5/25.0/PHB) NET/0-e (5/48.0/PHB) NET/0-8 (5/1.5/PHB) NET/0-9 (5/1.5/PHB) NET/0-a (5/1.5/PHB) NET/0-b (5/1.5/PHB) NET/0-f (5/1.5/PHB) NET/0-c (2/50.0/LOC) NET/0-d (6/48.0/PHB) GIN/0-0 (7/16.0/SYS) GIN/0-1 (7/16.0/SYS) GIN/0-2 (7/16.0/SYS) GIN/0-3 (7/16.0/SYS) GIN/0-4 (6/48.0/PHB) GIN/0-5 (6/48.0/PHB) GIN/0-6 (5/25.0/PHB) GIN/0-7 (5/25.0/PHB) GIN/0-8 (5/1.5/PHB) GIN/0-9 (5/1.5/PHB) GIN/0-a (5/1.5/PHB) GIN/0-b (5/1.5/PHB) GIN/0-c (0/5000.0/LOC) GIN/0-d (6/48.0/PHB) 
gpu-nodes-0:5321:5321 [1] NCCL INFO GIN/0-d :GPU/0-3000 (6/16.0/SYS) GPU/0-13000 (6/16.0/SYS) GPU/0-63000 (6/16.0/SYS) GPU/0-73000 (6/16.0/SYS) GPU/0-83000 (5/48.0/PHB) GPU/0-93000 (5/48.0/PHB) GPU/0-e3000 (5/48.0/PHB) GPU/0-f3000 (3/48.0/PIX) CPU/0-0 (4/16.0/SYS) CPU/0-1 (3/48.0/PHB) NET/0-0 (7/16.0/SYS) NET/0-1 (7/16.0/SYS) NET/0-2 (7/16.0/SYS) NET/0-3 (7/16.0/SYS) NET/0-4 (6/48.0/PHB) NET/0-5 (6/48.0/PHB) NET/0-6 (5/25.0/PHB) NET/0-7 (5/25.0/PHB) NET/0-e (5/48.0/PHB) NET/0-8 (5/1.5/PHB) NET/0-9 (5/1.5/PHB) NET/0-a (5/1.5/PHB) NET/0-b (5/1.5/PHB) NET/0-f (5/1.5/PHB) NET/0-c (6/48.0/PHB) NET/0-d (2/50.0/LOC) GIN/0-0 (7/16.0/SYS) GIN/0-1 (7/16.0/SYS) GIN/0-2 (7/16.0/SYS) GIN/0-3 (7/16.0/SYS) GIN/0-4 (6/48.0/PHB) GIN/0-5 (6/48.0/PHB) GIN/0-6 (5/25.0/PHB) GIN/0-7 (5/25.0/PHB) GIN/0-8 (5/1.5/PHB) GIN/0-9 (5/1.5/PHB) GIN/0-a (5/1.5/PHB) GIN/0-b (5/1.5/PHB) GIN/0-c (6/48.0/PHB) GIN/0-d (0/5000.0/LOC) 
gpu-nodes-0:5321:5321 [1] NCCL INFO ncclTopoGetCpuAffinity: Affinity for GPU 1 is 0-63,128-191. (GPU affinity = 0-63,128-191 ; CPU affinity = 0-63,128-191).
gpu-nodes-0:5321:5321 [1] NCCL INFO NVLS multicast support is available on dev 1 (NVLS_NCHANNELS 24)
gpu-nodes-0:5321:5321 [1] NCCL INFO Pattern 4, crossNic 0, nChannels 16, bw 45.000000/45.000000, type NVL/PIX, sameChannels 1
gpu-nodes-0:5321:5321 [1] NCCL INFO  0 : GPU/0-3000 GPU/0-13000 GPU/0-63000 GPU/0-73000 GPU/0-83000 GPU/0-93000 GPU/0-e3000 GPU/0-f3000
gpu-nodes-0:5321:5321 [1] NCCL INFO  1 : GPU/0-3000 GPU/0-13000 GPU/0-63000 GPU/0-73000 GPU/0-83000 GPU/0-93000 GPU/0-e3000 GPU/0-f3000
gpu-nodes-0:5321:5321 [1] NCCL INFO  2 : GPU/0-3000 GPU/0-13000 GPU/0-63000 GPU/0-73000 GPU/0-83000 GPU/0-93000 GPU/0-e3000 GPU/0-f3000
gpu-nodes-0:5321:5321 [1] NCCL INFO  3 : GPU/0-3000 GPU/0-13000 GPU/0-63000 GPU/0-73000 GPU/0-83000 GPU/0-93000 GPU/0-e3000 GPU/0-f3000
gpu-nodes-0:5321:5321 [1] NCCL INFO  4 : GPU/0-3000 GPU/0-13000 GPU/0-63000 GPU/0-73000 GPU/0-83000 GPU/0-93000 GPU/0-e3000 GPU/0-f3000
gpu-nodes-0:5321:5321 [1] NCCL INFO  5 : GPU/0-3000 GPU/0-13000 GPU/0-63000 GPU/0-73000 GPU/0-83000 GPU/0-93000 GPU/0-e3000 GPU/0-f3000
gpu-nodes-0:5321:5321 [1] NCCL INFO  6 : GPU/0-3000 GPU/0-13000 GPU/0-63000 GPU/0-73000 GPU/0-83000 GPU/0-93000 GPU/0-e3000 GPU/0-f3000
gpu-nodes-0:5321:5321 [1] NCCL INFO  7 : GPU/0-3000 GPU/0-13000 GPU/0-63000 GPU/0-73000 GPU/0-83000 GPU/0-93000 GPU/0-e3000 GPU/0-f3000
gpu-nodes-0:5321:5321 [1] NCCL INFO  8 : GPU/0-3000 GPU/0-13000 GPU/0-63000 GPU/0-73000 GPU/0-83000 GPU/0-93000 GPU/0-e3000 GPU/0-f3000
gpu-nodes-0:5321:5321 [1] NCCL INFO  9 : GPU/0-3000 GPU/0-13000 GPU/0-63000 GPU/0-73000 GPU/0-83000 GPU/0-93000 GPU/0-e3000 GPU/0-f3000
gpu-nodes-0:5321:5321 [1] NCCL INFO 10 : GPU/0-3000 GPU/0-13000 GPU/0-63000 GPU/0-73000 GPU/0-83000 GPU/0-93000 GPU/0-e3000 GPU/0-f3000
gpu-nodes-0:5321:5321 [1] NCCL INFO 11 : GPU/0-3000 GPU/0-13000 GPU/0-63000 GPU/0-73000 GPU/0-83000 GPU/0-93000 GPU/0-e3000 GPU/0-f3000
gpu-nodes-0:5321:5321 [1] NCCL INFO 12 : GPU/0-3000 GPU/0-13000 GPU/0-63000 GPU/0-73000 GPU/0-83000 GPU/0-93000 GPU/0-e3000 GPU/0-f3000
gpu-nodes-0:5321:5321 [1] NCCL INFO 13 : GPU/0-3000 GPU/0-13000 GPU/0-63000 GPU/0-73000 GPU/0-83000 GPU/0-93000 GPU/0-e3000 GPU/0-f3000
gpu-nodes-0:5321:5321 [1] NCCL INFO 14 : GPU/0-3000 GPU/0-13000 GPU/0-63000 GPU/0-73000 GPU/0-83000 GPU/0-93000 GPU/0-e3000 GPU/0-f3000
gpu-nodes-0:5321:5321 [1] NCCL INFO 15 : GPU/0-3000 GPU/0-13000 GPU/0-63000 GPU/0-73000 GPU/0-83000 GPU/0-93000 GPU/0-e3000 GPU/0-f3000
gpu-nodes-0:5321:5321 [1] NCCL INFO Pattern 1, crossNic 0, nChannels 16, bw 45.000000/45.000000, type NVL/PIX, sameChannels 1
gpu-nodes-0:5321:5321 [1] NCCL INFO  0 : GPU/0-3000 GPU/0-13000 GPU/0-63000 GPU/0-73000 GPU/0-83000 GPU/0-93000 GPU/0-e3000 GPU/0-f3000
gpu-nodes-0:5321:5321 [1] NCCL INFO  1 : GPU/0-3000 GPU/0-13000 GPU/0-63000 GPU/0-73000 GPU/0-83000 GPU/0-93000 GPU/0-e3000 GPU/0-f3000
gpu-nodes-0:5321:5321 [1] NCCL INFO  2 : GPU/0-3000 GPU/0-13000 GPU/0-63000 GPU/0-73000 GPU/0-83000 GPU/0-93000 GPU/0-e3000 GPU/0-f3000
gpu-nodes-0:5321:5321 [1] NCCL INFO  3 : GPU/0-3000 GPU/0-13000 GPU/0-63000 GPU/0-73000 GPU/0-83000 GPU/0-93000 GPU/0-e3000 GPU/0-f3000
gpu-nodes-0:5321:5321 [1] NCCL INFO  4 : GPU/0-3000 GPU/0-13000 GPU/0-63000 GPU/0-73000 GPU/0-83000 GPU/0-93000 GPU/0-e3000 GPU/0-f3000
gpu-nodes-0:5321:5321 [1] NCCL INFO  5 : GPU/0-3000 GPU/0-13000 GPU/0-63000 GPU/0-73000 GPU/0-83000 GPU/0-93000 GPU/0-e3000 GPU/0-f3000
gpu-nodes-0:5321:5321 [1] NCCL INFO  6 : GPU/0-3000 GPU/0-13000 GPU/0-63000 GPU/0-73000 GPU/0-83000 GPU/0-93000 GPU/0-e3000 GPU/0-f3000
gpu-nodes-0:5321:5321 [1] NCCL INFO  7 : GPU/0-3000 GPU/0-13000 GPU/0-63000 GPU/0-73000 GPU/0-83000 GPU/0-93000 GPU/0-e3000 GPU/0-f3000
gpu-nodes-0:5321:5321 [1] NCCL INFO  8 : GPU/0-3000 GPU/0-13000 GPU/0-63000 GPU/0-73000 GPU/0-83000 GPU/0-93000 GPU/0-e3000 GPU/0-f3000
gpu-nodes-0:5321:5321 [1] NCCL INFO  9 : GPU/0-3000 GPU/0-13000 GPU/0-63000 GPU/0-73000 GPU/0-83000 GPU/0-93000 GPU/0-e3000 GPU/0-f3000
gpu-nodes-0:5321:5321 [1] NCCL INFO 10 : GPU/0-3000 GPU/0-13000 GPU/0-63000 GPU/0-73000 GPU/0-83000 GPU/0-93000 GPU/0-e3000 GPU/0-f3000
gpu-nodes-0:5321:5321 [1] NCCL INFO 11 : GPU/0-3000 GPU/0-13000 GPU/0-63000 GPU/0-73000 GPU/0-83000 GPU/0-93000 GPU/0-e3000 GPU/0-f3000
gpu-nodes-0:5321:5321 [1] NCCL INFO 12 : GPU/0-3000 GPU/0-13000 GPU/0-63000 GPU/0-73000 GPU/0-83000 GPU/0-93000 GPU/0-e3000 GPU/0-f3000
gpu-nodes-0:5321:5321 [1] NCCL INFO 13 : GPU/0-3000 GPU/0-13000 GPU/0-63000 GPU/0-73000 GPU/0-83000 GPU/0-93000 GPU/0-e3000 GPU/0-f3000
gpu-nodes-0:5321:5321 [1] NCCL INFO 14 : GPU/0-3000 GPU/0-13000 GPU/0-63000 GPU/0-73000 GPU/0-83000 GPU/0-93000 GPU/0-e3000 GPU/0-f3000
gpu-nodes-0:5321:5321 [1] NCCL INFO 15 : GPU/0-3000 GPU/0-13000 GPU/0-63000 GPU/0-73000 GPU/0-83000 GPU/0-93000 GPU/0-e3000 GPU/0-f3000
gpu-nodes-0:5321:5321 [1] NCCL INFO Pattern 5, crossNic 0, nChannels 8, bw 80.000000/90.000000, type NVL/PIX, sameChannels 0
gpu-nodes-0:5321:5321 [1] NCCL INFO  0 : GPU/0-3000
gpu-nodes-0:5321:5321 [1] NCCL INFO  1 : GPU/0-13000
gpu-nodes-0:5321:5321 [1] NCCL INFO  2 : GPU/0-63000
gpu-nodes-0:5321:5321 [1] NCCL INFO  3 : GPU/0-73000
gpu-nodes-0:5321:5321 [1] NCCL INFO  4 : GPU/0-83000
gpu-nodes-0:5321:5321 [1] NCCL INFO  5 : GPU/0-93000
gpu-nodes-0:5321:5321 [1] NCCL INFO  6 : GPU/0-e3000
gpu-nodes-0:5321:5321 [1] NCCL INFO  7 : GPU/0-f3000
gpu-nodes-0:5321:5321 [1] NCCL INFO comm 0x96b1de50 rank 1 nRanks 8 nNodes 1 localRanks 8 localRank 1 MNNVL 0
gpu-nodes-0:5321:5321 [1] NCCL INFO Tree 0 : 0 -> 1 -> 2/-1/-1
gpu-nodes-0:5321:5321 [1] NCCL INFO Tree 16 : 0 -> 1 -> 2/-1/-1
gpu-nodes-0:5321:5321 [1] NCCL INFO Tree 1 : 0 -> 1 -> 2/-1/-1
gpu-nodes-0:5321:5321 [1] NCCL INFO Tree 17 : 0 -> 1 -> 2/-1/-1
gpu-nodes-0:5321:5321 [1] NCCL INFO Tree 2 : 0 -> 1 -> 2/-1/-1
gpu-nodes-0:5321:5321 [1] NCCL INFO Tree 18 : 0 -> 1 -> 2/-1/-1
gpu-nodes-0:5321:5321 [1] NCCL INFO Tree 3 : 0 -> 1 -> 2/-1/-1
gpu-nodes-0:5321:5321 [1] NCCL INFO Tree 19 : 0 -> 1 -> 2/-1/-1
gpu-nodes-0:5321:5321 [1] NCCL INFO Tree 4 : 0 -> 1 -> 2/-1/-1
gpu-nodes-0:5321:5321 [1] NCCL INFO Tree 20 : 0 -> 1 -> 2/-1/-1
gpu-nodes-0:5321:5321 [1] NCCL INFO Tree 5 : 0 -> 1 -> 2/-1/-1
gpu-nodes-0:5321:5321 [1] NCCL INFO Tree 21 : 0 -> 1 -> 2/-1/-1
gpu-nodes-0:5321:5321 [1] NCCL INFO Tree 6 : 0 -> 1 -> 2/-1/-1
gpu-nodes-0:5321:5321 [1] NCCL INFO Tree 22 : 0 -> 1 -> 2/-1/-1
gpu-nodes-0:5321:5321 [1] NCCL INFO Tree 7 : 0 -> 1 -> 2/-1/-1
gpu-nodes-0:5321:5321 [1] NCCL INFO Tree 23 : 0 -> 1 -> 2/-1/-1
gpu-nodes-0:5321:5321 [1] NCCL INFO Tree 8 : 0 -> 1 -> 2/-1/-1
gpu-nodes-0:5321:5321 [1] NCCL INFO Tree 24 : 0 -> 1 -> 2/-1/-1
gpu-nodes-0:5321:5321 [1] NCCL INFO Tree 9 : 0 -> 1 -> 2/-1/-1
gpu-nodes-0:5321:5321 [1] NCCL INFO Tree 25 : 0 -> 1 -> 2/-1/-1
gpu-nodes-0:5321:5321 [1] NCCL INFO Tree 10 : 0 -> 1 -> 2/-1/-1
gpu-nodes-0:5321:5321 [1] NCCL INFO Tree 26 : 0 -> 1 -> 2/-1/-1
gpu-nodes-0:5321:5321 [1] NCCL INFO Tree 11 : 0 -> 1 -> 2/-1/-1
gpu-nodes-0:5321:5321 [1] NCCL INFO Tree 27 : 0 -> 1 -> 2/-1/-1
gpu-nodes-0:5321:5321 [1] NCCL INFO Tree 12 : 0 -> 1 -> 2/-1/-1
gpu-nodes-0:5321:5321 [1] NCCL INFO Tree 28 : 0 -> 1 -> 2/-1/-1
gpu-nodes-0:5321:5321 [1] NCCL INFO Tree 13 : 0 -> 1 -> 2/-1/-1
gpu-nodes-0:5321:5321 [1] NCCL INFO Tree 29 : 0 -> 1 -> 2/-1/-1
gpu-nodes-0:5321:5321 [1] NCCL INFO Tree 14 : 0 -> 1 -> 2/-1/-1
gpu-nodes-0:5321:5321 [1] NCCL INFO Tree 30 : 0 -> 1 -> 2/-1/-1
gpu-nodes-0:5321:5321 [1] NCCL INFO Tree 15 : 0 -> 1 -> 2/-1/-1
gpu-nodes-0:5321:5321 [1] NCCL INFO Tree 31 : 0 -> 1 -> 2/-1/-1
gpu-nodes-0:5321:5321 [1] NCCL INFO Ring 00 : 0 -> 1 -> 2
gpu-nodes-0:5321:5321 [1] NCCL INFO Ring 01 : 0 -> 1 -> 2
gpu-nodes-0:5321:5321 [1] NCCL INFO Ring 02 : 0 -> 1 -> 2
gpu-nodes-0:5321:5321 [1] NCCL INFO Ring 03 : 0 -> 1 -> 2
gpu-nodes-0:5321:5321 [1] NCCL INFO Ring 04 : 0 -> 1 -> 2
gpu-nodes-0:5321:5321 [1] NCCL INFO Ring 05 : 0 -> 1 -> 2
gpu-nodes-0:5321:5321 [1] NCCL INFO Ring 06 : 0 -> 1 -> 2
gpu-nodes-0:5321:5321 [1] NCCL INFO Ring 07 : 0 -> 1 -> 2
gpu-nodes-0:5321:5321 [1] NCCL INFO Ring 08 : 0 -> 1 -> 2
gpu-nodes-0:5321:5321 [1] NCCL INFO Ring 09 : 0 -> 1 -> 2
gpu-nodes-0:5321:5321 [1] NCCL INFO Ring 10 : 0 -> 1 -> 2
gpu-nodes-0:5321:5321 [1] NCCL INFO Ring 11 : 0 -> 1 -> 2
gpu-nodes-0:5321:5321 [1] NCCL INFO Ring 12 : 0 -> 1 -> 2
gpu-nodes-0:5321:5321 [1] NCCL INFO Ring 13 : 0 -> 1 -> 2
gpu-nodes-0:5321:5321 [1] NCCL INFO Ring 14 : 0 -> 1 -> 2
gpu-nodes-0:5321:5321 [1] NCCL INFO Ring 15 : 0 -> 1 -> 2
gpu-nodes-0:5321:5321 [1] NCCL INFO Ring 16 : 0 -> 1 -> 2
gpu-nodes-0:5321:5321 [1] NCCL INFO Ring 17 : 0 -> 1 -> 2
gpu-nodes-0:5321:5321 [1] NCCL INFO Ring 18 : 0 -> 1 -> 2
gpu-nodes-0:5321:5321 [1] NCCL INFO Ring 19 : 0 -> 1 -> 2
gpu-nodes-0:5321:5321 [1] NCCL INFO Ring 20 : 0 -> 1 -> 2
gpu-nodes-0:5321:5321 [1] NCCL INFO Ring 21 : 0 -> 1 -> 2
gpu-nodes-0:5321:5321 [1] NCCL INFO Ring 22 : 0 -> 1 -> 2
gpu-nodes-0:5321:5321 [1] NCCL INFO Ring 23 : 0 -> 1 -> 2
gpu-nodes-0:5321:5321 [1] NCCL INFO Ring 24 : 0 -> 1 -> 2
gpu-nodes-0:5321:5321 [1] NCCL INFO Ring 25 : 0 -> 1 -> 2
gpu-nodes-0:5321:5321 [1] NCCL INFO Ring 26 : 0 -> 1 -> 2
gpu-nodes-0:5321:5321 [1] NCCL INFO Ring 27 : 0 -> 1 -> 2
gpu-nodes-0:5321:5321 [1] NCCL INFO Ring 28 : 0 -> 1 -> 2
gpu-nodes-0:5321:5321 [1] NCCL INFO Ring 29 : 0 -> 1 -> 2
gpu-nodes-0:5321:5321 [1] NCCL INFO Ring 30 : 0 -> 1 -> 2
gpu-nodes-0:5321:5321 [1] NCCL INFO Ring 31 : 0 -> 1 -> 2
gpu-nodes-0:5321:5321 [1] NCCL INFO Trees [0] 2/-1/-1->1->0 [1] 2/-1/-1->1->0 [2] 2/-1/-1->1->0 [3] 2/-1/-1->1->0 [4] 2/-1/-1->1->0 [5] 2/-1/-1->1->0 [6] 2/-1/-1->1->0 [7] 2/-1/-1->1->0 [8] 2/-1/-1->1->0 [9] 2/-1/-1->1->0 [10] 2/-1/-1->1->0 [11] 2/-1/-1->1->0 [12] 2/-1/-1->1->0 [13] 2/-1/-1->1->0 [14] 2/-1/-1->1->0 [15] 2/-1/-1->1->0 [16] 2/-1/-1->1->0 [17] 2/-1/-1->1->0 [18] 2/-1/-1->1->0 [19] 2/-1/-1->1->0 [20] 2/-1/-1->1->0 [21] 2/-1/-1->1->0 [22] 2/-1/-1->1->0 [23] 2/-1/-1->1->0 [24] 2/-1/-1->1->0 [25] 2/-1/-1->1->0 [26] 2/-1/-1->1->0 [27] 2/-1/-1->1->0 [28] 2/-1/-1->1->0 [29] 2/-1/-1->1->0 [30] 2/-1/-1->1->0 [31] 2/-1/-1->1->0
gpu-nodes-0:5321:5321 [1] NCCL INFO P2P Chunksize set to 524288
gpu-nodes-0:5321:5321 [1] NCCL INFO Check P2P Type isAllDirectP2p 1 directMode 0 isAllCudaP2p 1
gpu-nodes-0:5321:8144 [0] NCCL INFO [Proxy Service] Device 1 CPU core 24
gpu-nodes-0:5321:5321 [1] NCCL INFO ncclP2pSchedule: group size used is 8
gpu-nodes-0:5321:8148 [0] NCCL INFO [Proxy Service UDS] Device 1 CPU core 48
gpu-nodes-0:5321:8144 [1] NCCL INFO New proxy recv connection 0 from local rank 1, transport 0
gpu-nodes-0:5321:5321 [1] NCCL INFO Connected to proxy localRank 1 -> connection 0x7f2220004f70
gpu-nodes-0:5321:8144 [1] NCCL INFO New proxy recv connection 1 from local rank 1, transport 0
gpu-nodes-0:5321:5321 [1] NCCL INFO Connected to proxy localRank 1 -> connection 0x7f2220004ff8
gpu-nodes-0:5321:8144 [1] NCCL INFO New proxy recv connection 2 from local rank 1, transport 0
gpu-nodes-0:5321:5321 [1] NCCL INFO Connected to proxy localRank 1 -> connection 0x7f2220005080
gpu-nodes-0:5321:8144 [1] NCCL INFO New proxy recv connection 3 from local rank 1, transport 0
gpu-nodes-0:5321:5321 [1] NCCL INFO Connected to proxy localRank 1 -> connection 0x7f2220005108
gpu-nodes-0:5321:8144 [1] NCCL INFO New proxy recv connection 4 from local rank 1, transport 0
gpu-nodes-0:5321:5321 [1] NCCL INFO Connected to proxy localRank 1 -> connection 0x7f2220005190
gpu-nodes-0:5321:8144 [1] NCCL INFO New proxy recv connection 5 from local rank 1, transport 0
gpu-nodes-0:5321:5321 [1] NCCL INFO Connected to proxy localRank 1 -> connection 0x7f2220005218
gpu-nodes-0:5321:8144 [1] NCCL INFO New proxy recv connection 6 from local rank 1, transport 0
gpu-nodes-0:5321:5321 [1] NCCL INFO Connected to proxy localRank 1 -> connection 0x7f22200052a0
gpu-nodes-0:5321:8144 [1] NCCL INFO New proxy recv connection 7 from local rank 1, transport 0
gpu-nodes-0:5321:5321 [1] NCCL INFO Connected to proxy localRank 1 -> connection 0x7f2220005328
gpu-nodes-0:5321:8144 [1] NCCL INFO New proxy recv connection 8 from local rank 1, transport 0
gpu-nodes-0:5321:5321 [1] NCCL INFO Connected to proxy localRank 1 -> connection 0x7f22200053b0
gpu-nodes-0:5321:8144 [1] NCCL INFO New proxy recv connection 9 from local rank 1, transport 0
gpu-nodes-0:5321:5321 [1] NCCL INFO Connected to proxy localRank 1 -> connection 0x7f2220005438
gpu-nodes-0:5321:8144 [1] NCCL INFO New proxy recv connection 10 from local rank 1, transport 0
gpu-nodes-0:5321:5321 [1] NCCL INFO Connected to proxy localRank 1 -> connection 0x7f22200054c0
gpu-nodes-0:5321:8144 [1] NCCL INFO New proxy recv connection 11 from local rank 1, transport 0
gpu-nodes-0:5321:5321 [1] NCCL INFO Connected to proxy localRank 1 -> connection 0x7f2220005548
gpu-nodes-0:5321:8144 [1] NCCL INFO New proxy recv connection 12 from local rank 1, transport 0
gpu-nodes-0:5321:5321 [1] NCCL INFO Connected to proxy localRank 1 -> connection 0x7f22200055d0
gpu-nodes-0:5321:8144 [1] NCCL INFO New proxy recv connection 13 from local rank 1, transport 0
gpu-nodes-0:5321:5321 [1] NCCL INFO Connected to proxy localRank 1 -> connection 0x7f2220005658
gpu-nodes-0:5321:8144 [1] NCCL INFO New proxy recv connection 14 from local rank 1, transport 0
gpu-nodes-0:5321:5321 [1] NCCL INFO Connected to proxy localRank 1 -> connection 0x7f22200056e0
gpu-nodes-0:5321:8144 [1] NCCL INFO New proxy recv connection 15 from local rank 1, transport 0
gpu-nodes-0:5321:5321 [1] NCCL INFO Connected to proxy localRank 1 -> connection 0x7f2220005768
gpu-nodes-0:5321:8144 [1] NCCL INFO New proxy recv connection 16 from local rank 1, transport 0
gpu-nodes-0:5321:5321 [1] NCCL INFO Connected to proxy localRank 1 -> connection 0x7f22200057f0
gpu-nodes-0:5321:8144 [1] NCCL INFO New proxy recv connection 17 from local rank 1, transport 0
gpu-nodes-0:5321:5321 [1] NCCL INFO Connected to proxy localRank 1 -> connection 0x7f2220005878
gpu-nodes-0:5321:8144 [1] NCCL INFO New proxy recv connection 18 from local rank 1, transport 0
gpu-nodes-0:5321:5321 [1] NCCL INFO Connected to proxy localRank 1 -> connection 0x7f2220005900
gpu-nodes-0:5321:8144 [1] NCCL INFO New proxy recv connection 19 from local rank 1, transport 0
gpu-nodes-0:5321:5321 [1] NCCL INFO Connected to proxy localRank 1 -> connection 0x7f2220005988
gpu-nodes-0:5321:8144 [1] NCCL INFO New proxy recv connection 20 from local rank 1, transport 0
gpu-nodes-0:5321:5321 [1] NCCL INFO Connected to proxy localRank 1 -> connection 0x7f2220005a10
gpu-nodes-0:5321:8144 [1] NCCL INFO New proxy recv connection 21 from local rank 1, transport 0
gpu-nodes-0:5321:5321 [1] NCCL INFO Connected to proxy localRank 1 -> connection 0x7f2220005a98
gpu-nodes-0:5321:8144 [1] NCCL INFO New proxy recv connection 22 from local rank 1, transport 0
gpu-nodes-0:5321:5321 [1] NCCL INFO Connected to proxy localRank 1 -> connection 0x7f2220005b20
gpu-nodes-0:5321:8144 [1] NCCL INFO New proxy recv connection 23 from local rank 1, transport 0
gpu-nodes-0:5321:5321 [1] NCCL INFO Connected to proxy localRank 1 -> connection 0x7f2220005ba8
gpu-nodes-0:5321:8144 [1] NCCL INFO New proxy recv connection 24 from local rank 1, transport 0
gpu-nodes-0:5321:5321 [1] NCCL INFO Connected to proxy localRank 1 -> connection 0x7f2220005c30
gpu-nodes-0:5321:8144 [1] NCCL INFO New proxy recv connection 25 from local rank 1, transport 0
gpu-nodes-0:5321:5321 [1] NCCL INFO Connected to proxy localRank 1 -> connection 0x7f2220005cb8
gpu-nodes-0:5321:8144 [1] NCCL INFO New proxy recv connection 26 from local rank 1, transport 0
gpu-nodes-0:5321:5321 [1] NCCL INFO Connected to proxy localRank 1 -> connection 0x7f2220005d40
gpu-nodes-0:5321:8144 [1] NCCL INFO New proxy recv connection 27 from local rank 1, transport 0
gpu-nodes-0:5321:5321 [1] NCCL INFO Connected to proxy localRank 1 -> connection 0x7f2220005dc8
gpu-nodes-0:5321:8144 [1] NCCL INFO New proxy recv connection 28 from local rank 1, transport 0
gpu-nodes-0:5321:5321 [1] NCCL INFO Connected to proxy localRank 1 -> connection 0x7f2220005e50
gpu-nodes-0:5321:8144 [1] NCCL INFO New proxy recv connection 29 from local rank 1, transport 0
gpu-nodes-0:5321:5321 [1] NCCL INFO Connected to proxy localRank 1 -> connection 0x7f2220005ed8
gpu-nodes-0:5321:8144 [1] NCCL INFO New proxy recv connection 30 from local rank 1, transport 0
gpu-nodes-0:5321:5321 [1] NCCL INFO Connected to proxy localRank 1 -> connection 0x7f2220005f60
gpu-nodes-0:5321:8144 [1] NCCL INFO New proxy recv connection 31 from local rank 1, transport 0
gpu-nodes-0:5321:5321 [1] NCCL INFO Connected to proxy localRank 1 -> connection 0x7f2220005fe8
gpu-nodes-0:5321:5321 [1] NCCL INFO Channel 00/0 : 1[1] -> 2[2] via P2P/IPC
gpu-nodes-0:5321:8144 [1] NCCL INFO New proxy send connection 32 from local rank 1, transport 0
gpu-nodes-0:5321:5321 [1] NCCL INFO Connected to proxy localRank 1 -> connection 0x7f2220006070
gpu-nodes-0:5321:5321 [1] NCCL INFO Channel 01/0 : 1[1] -> 2[2] via P2P/IPC
gpu-nodes-0:5321:8144 [1] NCCL INFO New proxy send connection 33 from local rank 1, transport 0
gpu-nodes-0:5321:5321 [1] NCCL INFO Connected to proxy localRank 1 -> connection 0x7f22200060f8
gpu-nodes-0:5321:5321 [1] NCCL INFO Channel 02/0 : 1[1] -> 2[2] via P2P/IPC
gpu-nodes-0:5321:8144 [1] NCCL INFO New proxy send connection 34 from local rank 1, transport 0
gpu-nodes-0:5321:5321 [1] NCCL INFO Connected to proxy localRank 1 -> connection 0x7f2220006180
gpu-nodes-0:5321:5321 [1] NCCL INFO Channel 03/0 : 1[1] -> 2[2] via P2P/IPC
gpu-nodes-0:5321:8144 [1] NCCL INFO New proxy send connection 35 from local rank 1, transport 0
gpu-nodes-0:5321:5321 [1] NCCL INFO Connected to proxy localRank 1 -> connection 0x7f2220006208
gpu-nodes-0:5321:5321 [1] NCCL INFO Channel 04/0 : 1[1] -> 2[2] via P2P/IPC
gpu-nodes-0:5321:8144 [1] NCCL INFO New proxy send connection 36 from local rank 1, transport 0
gpu-nodes-0:5321:5321 [1] NCCL INFO Connected to proxy localRank 1 -> connection 0x7f2220006290
gpu-nodes-0:5321:5321 [1] NCCL INFO Channel 05/0 : 1[1] -> 2[2] via P2P/IPC
gpu-nodes-0:5321:8144 [1] NCCL INFO New proxy send connection 37 from local rank 1, transport 0
gpu-nodes-0:5321:5321 [1] NCCL INFO Connected to proxy localRank 1 -> connection 0x7f2220006318
gpu-nodes-0:5321:5321 [1] NCCL INFO Channel 06/0 : 1[1] -> 2[2] via P2P/IPC
gpu-nodes-0:5321:8144 [1] NCCL INFO New proxy send connection 38 from local rank 1, transport 0
gpu-nodes-0:5321:5321 [1] NCCL INFO Connected to proxy localRank 1 -> connection 0x7f22200063a0
gpu-nodes-0:5321:5321 [1] NCCL INFO Channel 07/0 : 1[1] -> 2[2] via P2P/IPC
gpu-nodes-0:5321:8144 [1] NCCL INFO New proxy send connection 39 from local rank 1, transport 0
gpu-nodes-0:5321:5321 [1] NCCL INFO Connected to proxy localRank 1 -> connection 0x7f2220006428
gpu-nodes-0:5321:5321 [1] NCCL INFO Channel 08/0 : 1[1] -> 2[2] via P2P/IPC
gpu-nodes-0:5321:8144 [1] NCCL INFO New proxy send connection 40 from local rank 1, transport 0
gpu-nodes-0:5321:5321 [1] NCCL INFO Connected to proxy localRank 1 -> connection 0x7f22200064b0
gpu-nodes-0:5321:5321 [1] NCCL INFO Channel 09/0 : 1[1] -> 2[2] via P2P/IPC
gpu-nodes-0:5321:8144 [1] NCCL INFO New proxy send connection 41 from local rank 1, transport 0
gpu-nodes-0:5321:5321 [1] NCCL INFO Connected to proxy localRank 1 -> connection 0x7f2220006538
gpu-nodes-0:5321:5321 [1] NCCL INFO Channel 10/0 : 1[1] -> 2[2] via P2P/IPC
gpu-nodes-0:5321:8144 [1] NCCL INFO New proxy send connection 42 from local rank 1, transport 0
gpu-nodes-0:5321:5321 [1] NCCL INFO Connected to proxy localRank 1 -> connection 0x7f22200065c0
gpu-nodes-0:5321:5321 [1] NCCL INFO Channel 11/0 : 1[1] -> 2[2] via P2P/IPC
gpu-nodes-0:5321:8144 [1] NCCL INFO New proxy send connection 43 from local rank 1, transport 0
gpu-nodes-0:5321:5321 [1] NCCL INFO Connected to proxy localRank 1 -> connection 0x7f2220006648
gpu-nodes-0:5321:5321 [1] NCCL INFO Channel 12/0 : 1[1] -> 2[2] via P2P/IPC
gpu-nodes-0:5321:8144 [1] NCCL INFO New proxy send connection 44 from local rank 1, transport 0
gpu-nodes-0:5321:5321 [1] NCCL INFO Connected to proxy localRank 1 -> connection 0x7f22200066d0
gpu-nodes-0:5321:5321 [1] NCCL INFO Channel 13/0 : 1[1] -> 2[2] via P2P/IPC
gpu-nodes-0:5321:8144 [1] NCCL INFO New proxy send connection 45 from local rank 1, transport 0
gpu-nodes-0:5321:5321 [1] NCCL INFO Connected to proxy localRank 1 -> connection 0x7f2220006758
gpu-nodes-0:5321:5321 [1] NCCL INFO Channel 14/0 : 1[1] -> 2[2] via P2P/IPC
gpu-nodes-0:5321:8144 [1] NCCL INFO New proxy send connection 46 from local rank 1, transport 0
gpu-nodes-0:5321:5321 [1] NCCL INFO Connected to proxy localRank 1 -> connection 0x7f22200067e0
gpu-nodes-0:5321:5321 [1] NCCL INFO Channel 15/0 : 1[1] -> 2[2] via P2P/IPC
gpu-nodes-0:5321:8144 [1] NCCL INFO New proxy send connection 47 from local rank 1, transport 0
gpu-nodes-0:5321:5321 [1] NCCL INFO Connected to proxy localRank 1 -> connection 0x7f2220006868
gpu-nodes-0:5321:5321 [1] NCCL INFO Channel 16/0 : 1[1] -> 2[2] via P2P/IPC
gpu-nodes-0:5321:8144 [1] NCCL INFO New proxy send connection 48 from local rank 1, transport 0
gpu-nodes-0:5321:5321 [1] NCCL INFO Connected to proxy localRank 1 -> connection 0x7f22200068f0
gpu-nodes-0:5321:5321 [1] NCCL INFO Channel 17/0 : 1[1] -> 2[2] via P2P/IPC
gpu-nodes-0:5321:8144 [1] NCCL INFO New proxy send connection 49 from local rank 1, transport 0
gpu-nodes-0:5321:5321 [1] NCCL INFO Connected to proxy localRank 1 -> connection 0x7f2220006978
gpu-nodes-0:5321:5321 [1] NCCL INFO Channel 18/0 : 1[1] -> 2[2] via P2P/IPC
gpu-nodes-0:5321:8144 [1] NCCL INFO New proxy send connection 50 from local rank 1, transport 0
gpu-nodes-0:5321:5321 [1] NCCL INFO Connected to proxy localRank 1 -> connection 0x7f2220006a00
gpu-nodes-0:5321:5321 [1] NCCL INFO Channel 19/0 : 1[1] -> 2[2] via P2P/IPC
gpu-nodes-0:5321:8144 [1] NCCL INFO New proxy send connection 51 from local rank 1, transport 0
gpu-nodes-0:5321:5321 [1] NCCL INFO Connected to proxy localRank 1 -> connection 0x7f2220006a88
gpu-nodes-0:5321:5321 [1] NCCL INFO Channel 20/0 : 1[1] -> 2[2] via P2P/IPC
gpu-nodes-0:5321:8144 [1] NCCL INFO New proxy send connection 52 from local rank 1, transport 0
gpu-nodes-0:5321:5321 [1] NCCL INFO Connected to proxy localRank 1 -> connection 0x7f2220006b10
gpu-nodes-0:5321:5321 [1] NCCL INFO Channel 21/0 : 1[1] -> 2[2] via P2P/IPC
gpu-nodes-0:5321:8144 [1] NCCL INFO New proxy send connection 53 from local rank 1, transport 0
gpu-nodes-0:5321:5321 [1] NCCL INFO Connected to proxy localRank 1 -> connection 0x7f2220006b98
gpu-nodes-0:5321:5321 [1] NCCL INFO Channel 22/0 : 1[1] -> 2[2] via P2P/IPC
gpu-nodes-0:5321:8144 [1] NCCL INFO New proxy send connection 54 from local rank 1, transport 0
gpu-nodes-0:5321:5321 [1] NCCL INFO Connected to proxy localRank 1 -> connection 0x7f2220006c20
gpu-nodes-0:5321:5321 [1] NCCL INFO Channel 23/0 : 1[1] -> 2[2] via P2P/IPC
gpu-nodes-0:5321:8144 [1] NCCL INFO New proxy send connection 55 from local rank 1, transport 0
gpu-nodes-0:5321:5321 [1] NCCL INFO Connected to proxy localRank 1 -> connection 0x7f2220006ca8
gpu-nodes-0:5321:5321 [1] NCCL INFO Channel 24/0 : 1[1] -> 2[2] via P2P/IPC
gpu-nodes-0:5321:8144 [1] NCCL INFO New proxy send connection 56 from local rank 1, transport 0
gpu-nodes-0:5321:5321 [1] NCCL INFO Connected to proxy localRank 1 -> connection 0x7f2220006d30
gpu-nodes-0:5321:5321 [1] NCCL INFO Channel 25/0 : 1[1] -> 2[2] via P2P/IPC
gpu-nodes-0:5321:8144 [1] NCCL INFO New proxy send connection 57 from local rank 1, transport 0
gpu-nodes-0:5321:5321 [1] NCCL INFO Connected to proxy localRank 1 -> connection 0x7f2220006db8
gpu-nodes-0:5321:5321 [1] NCCL INFO Channel 26/0 : 1[1] -> 2[2] via P2P/IPC
gpu-nodes-0:5321:8144 [1] NCCL INFO New proxy send connection 58 from local rank 1, transport 0
gpu-nodes-0:5321:5321 [1] NCCL INFO Connected to proxy localRank 1 -> connection 0x7f2220006e40
gpu-nodes-0:5321:5321 [1] NCCL INFO Channel 27/0 : 1[1] -> 2[2] via P2P/IPC
gpu-nodes-0:5321:8144 [1] NCCL INFO New proxy send connection 59 from local rank 1, transport 0
gpu-nodes-0:5321:5321 [1] NCCL INFO Connected to proxy localRank 1 -> connection 0x7f2220006ec8
gpu-nodes-0:5321:5321 [1] NCCL INFO Channel 28/0 : 1[1] -> 2[2] via P2P/IPC
gpu-nodes-0:5321:8144 [1] NCCL INFO New proxy send connection 60 from local rank 1, transport 0
gpu-nodes-0:5321:5321 [1] NCCL INFO Connected to proxy localRank 1 -> connection 0x7f2220006f50
gpu-nodes-0:5321:5321 [1] NCCL INFO Channel 29/0 : 1[1] -> 2[2] via P2P/IPC
gpu-nodes-0:5321:8144 [1] NCCL INFO New proxy send connection 61 from local rank 1, transport 0
gpu-nodes-0:5321:5321 [1] NCCL INFO Connected to proxy localRank 1 -> connection 0x7f2220006fd8
gpu-nodes-0:5321:5321 [1] NCCL INFO Channel 30/0 : 1[1] -> 2[2] via P2P/IPC
gpu-nodes-0:5321:8144 [1] NCCL INFO New proxy send connection 62 from local rank 1, transport 0
gpu-nodes-0:5321:5321 [1] NCCL INFO Connected to proxy localRank 1 -> connection 0x7f2220007060
gpu-nodes-0:5321:5321 [1] NCCL INFO Channel 31/0 : 1[1] -> 2[2] via P2P/IPC
gpu-nodes-0:5321:8144 [1] NCCL INFO New proxy send connection 63 from local rank 1, transport 0
gpu-nodes-0:5321:5321 [1] NCCL INFO Connected to proxy localRank 1 -> connection 0x7f22200070e8
gpu-nodes-0:5321:5321 [1] NCCL INFO Connected all rings, use ring PXN 0 GDR 1
gpu-nodes-0:5321:8144 [1] NCCL INFO New proxy recv connection 64 from local rank 1, transport 0
gpu-nodes-0:5321:5321 [1] NCCL INFO Connected to proxy localRank 1 -> connection 0x7f2220007170
gpu-nodes-0:5321:8144 [1] NCCL INFO New proxy recv connection 65 from local rank 1, transport 0
gpu-nodes-0:5321:5321 [1] NCCL INFO Connected to proxy localRank 1 -> connection 0x7f22200071f8
gpu-nodes-0:5321:8144 [1] NCCL INFO New proxy recv connection 66 from local rank 1, transport 0
gpu-nodes-0:5321:5321 [1] NCCL INFO Connected to proxy localRank 1 -> connection 0x7f2220007280
gpu-nodes-0:5321:8144 [1] NCCL INFO New proxy recv connection 67 from local rank 1, transport 0
gpu-nodes-0:5321:5321 [1] NCCL INFO Connected to proxy localRank 1 -> connection 0x7f2220007308
gpu-nodes-0:5321:8144 [1] NCCL INFO New proxy recv connection 68 from local rank 1, transport 0
gpu-nodes-0:5321:5321 [1] NCCL INFO Connected to proxy localRank 1 -> connection 0x7f2220007390
gpu-nodes-0:5321:8144 [1] NCCL INFO New proxy recv connection 69 from local rank 1, transport 0
gpu-nodes-0:5321:5321 [1] NCCL INFO Connected to proxy localRank 1 -> connection 0x7f2220007418
gpu-nodes-0:5321:8144 [1] NCCL INFO New proxy recv connection 70 from local rank 1, transport 0
gpu-nodes-0:5321:5321 [1] NCCL INFO Connected to proxy localRank 1 -> connection 0x7f22200074a0
gpu-nodes-0:5321:8144 [1] NCCL INFO New proxy recv connection 71 from local rank 1, transport 0
gpu-nodes-0:5321:5321 [1] NCCL INFO Connected to proxy localRank 1 -> connection 0x7f2220007528
gpu-nodes-0:5321:8144 [1] NCCL INFO New proxy recv connection 72 from local rank 1, transport 0
gpu-nodes-0:5321:5321 [1] NCCL INFO Connected to proxy localRank 1 -> connection 0x7f22200075b0
gpu-nodes-0:5321:8144 [1] NCCL INFO New proxy recv connection 73 from local rank 1, transport 0
gpu-nodes-0:5321:5321 [1] NCCL INFO Connected to proxy localRank 1 -> connection 0x7f2220007638
gpu-nodes-0:5321:8144 [1] NCCL INFO New proxy recv connection 74 from local rank 1, transport 0
gpu-nodes-0:5321:5321 [1] NCCL INFO Connected to proxy localRank 1 -> connection 0x7f22200076c0
gpu-nodes-0:5321:8144 [1] NCCL INFO New proxy recv connection 75 from local rank 1, transport 0
gpu-nodes-0:5321:5321 [1] NCCL INFO Connected to proxy localRank 1 -> connection 0x7f2220007748
gpu-nodes-0:5321:8144 [1] NCCL INFO New proxy recv connection 76 from local rank 1, transport 0
gpu-nodes-0:5321:5321 [1] NCCL INFO Connected to proxy localRank 1 -> connection 0x7f22200077d0
gpu-nodes-0:5321:8144 [1] NCCL INFO New proxy recv connection 77 from local rank 1, transport 0
gpu-nodes-0:5321:5321 [1] NCCL INFO Connected to proxy localRank 1 -> connection 0x7f2220007858
gpu-nodes-0:5321:8144 [1] NCCL INFO New proxy recv connection 78 from local rank 1, transport 0
gpu-nodes-0:5321:5321 [1] NCCL INFO Connected to proxy localRank 1 -> connection 0x7f22200078e0
gpu-nodes-0:5321:8144 [1] NCCL INFO New proxy recv connection 79 from local rank 1, transport 0
gpu-nodes-0:5321:5321 [1] NCCL INFO Connected to proxy localRank 1 -> connection 0x7f2220007968
gpu-nodes-0:5321:8144 [1] NCCL INFO New proxy recv connection 80 from local rank 1, transport 0
gpu-nodes-0:5321:5321 [1] NCCL INFO Connected to proxy localRank 1 -> connection 0x7f22200079f0
gpu-nodes-0:5321:8144 [1] NCCL INFO New proxy recv connection 81 from local rank 1, transport 0
gpu-nodes-0:5321:5321 [1] NCCL INFO Connected to proxy localRank 1 -> connection 0x7f2220007a78
gpu-nodes-0:5321:8144 [1] NCCL INFO New proxy recv connection 82 from local rank 1, transport 0
gpu-nodes-0:5321:5321 [1] NCCL INFO Connected to proxy localRank 1 -> connection 0x7f2220007b00
gpu-nodes-0:5321:8144 [1] NCCL INFO New proxy recv connection 83 from local rank 1, transport 0
gpu-nodes-0:5321:5321 [1] NCCL INFO Connected to proxy localRank 1 -> connection 0x7f2220007b88
gpu-nodes-0:5321:8144 [1] NCCL INFO New proxy recv connection 84 from local rank 1, transport 0
gpu-nodes-0:5321:5321 [1] NCCL INFO Connected to proxy localRank 1 -> connection 0x7f2220007c10
gpu-nodes-0:5321:8144 [1] NCCL INFO New proxy recv connection 85 from local rank 1, transport 0
gpu-nodes-0:5321:5321 [1] NCCL INFO Connected to proxy localRank 1 -> connection 0x7f2220007c98
gpu-nodes-0:5321:8144 [1] NCCL INFO New proxy recv connection 86 from local rank 1, transport 0
gpu-nodes-0:5321:5321 [1] NCCL INFO Connected to proxy localRank 1 -> connection 0x7f2220007d20
gpu-nodes-0:5321:8144 [1] NCCL INFO New proxy recv connection 87 from local rank 1, transport 0
gpu-nodes-0:5321:5321 [1] NCCL INFO Connected to proxy localRank 1 -> connection 0x7f2220007da8
gpu-nodes-0:5321:8144 [1] NCCL INFO New proxy recv connection 88 from local rank 1, transport 0
gpu-nodes-0:5321:5321 [1] NCCL INFO Connected to proxy localRank 1 -> connection 0x7f2220007e30
gpu-nodes-0:5321:8144 [1] NCCL INFO New proxy recv connection 89 from local rank 1, transport 0
gpu-nodes-0:5321:5321 [1] NCCL INFO Connected to proxy localRank 1 -> connection 0x7f2220007eb8
gpu-nodes-0:5321:8144 [1] NCCL INFO New proxy recv connection 90 from local rank 1, transport 0
gpu-nodes-0:5321:5321 [1] NCCL INFO Connected to proxy localRank 1 -> connection 0x7f2220007f40
gpu-nodes-0:5321:8144 [1] NCCL INFO New proxy recv connection 91 from local rank 1, transport 0
gpu-nodes-0:5321:5321 [1] NCCL INFO Connected to proxy localRank 1 -> connection 0x7f2220007fc8
gpu-nodes-0:5321:8144 [1] NCCL INFO New proxy recv connection 92 from local rank 1, transport 0
gpu-nodes-0:5321:5321 [1] NCCL INFO Connected to proxy localRank 1 -> connection 0x7f2220008050
gpu-nodes-0:5321:8144 [1] NCCL INFO New proxy recv connection 93 from local rank 1, transport 0
gpu-nodes-0:5321:5321 [1] NCCL INFO Connected to proxy localRank 1 -> connection 0x7f22200080d8
gpu-nodes-0:5321:8144 [1] NCCL INFO New proxy recv connection 94 from local rank 1, transport 0
gpu-nodes-0:5321:5321 [1] NCCL INFO Connected to proxy localRank 1 -> connection 0x7f2220008160
gpu-nodes-0:5321:8144 [1] NCCL INFO New proxy recv connection 95 from local rank 1, transport 0
gpu-nodes-0:5321:5321 [1] NCCL INFO Connected to proxy localRank 1 -> connection 0x7f22200081e8
gpu-nodes-0:5321:5321 [1] NCCL INFO Channel 00/0 : 1[1] -> 0[0] via P2P/IPC
gpu-nodes-0:5321:8144 [1] NCCL INFO New proxy send connection 96 from local rank 1, transport 0
gpu-nodes-0:5321:5321 [1] NCCL INFO Connected to proxy localRank 1 -> connection 0x7f2220008270
gpu-nodes-0:5321:5321 [1] NCCL INFO Channel 01/0 : 1[1] -> 0[0] via P2P/IPC
gpu-nodes-0:5321:8144 [1] NCCL INFO New proxy send connection 97 from local rank 1, transport 0
gpu-nodes-0:5321:5321 [1] NCCL INFO Connected to proxy localRank 1 -> connection 0x7f22200082f8
gpu-nodes-0:5321:5321 [1] NCCL INFO Channel 02/0 : 1[1] -> 0[0] via P2P/IPC
gpu-nodes-0:5321:8144 [1] NCCL INFO New proxy send connection 98 from local rank 1, transport 0
gpu-nodes-0:5321:5321 [1] NCCL INFO Connected to proxy localRank 1 -> connection 0x7f2220008380
gpu-nodes-0:5321:5321 [1] NCCL INFO Channel 03/0 : 1[1] -> 0[0] via P2P/IPC
gpu-nodes-0:5321:8144 [1] NCCL INFO New proxy send connection 99 from local rank 1, transport 0
gpu-nodes-0:5321:5321 [1] NCCL INFO Connected to proxy localRank 1 -> connection 0x7f2220008408
gpu-nodes-0:5321:5321 [1] NCCL INFO Channel 04/0 : 1[1] -> 0[0] via P2P/IPC
gpu-nodes-0:5321:8144 [1] NCCL INFO New proxy send connection 100 from local rank 1, transport 0
gpu-nodes-0:5321:5321 [1] NCCL INFO Connected to proxy localRank 1 -> connection 0x7f2220008490
gpu-nodes-0:5321:5321 [1] NCCL INFO Channel 05/0 : 1[1] -> 0[0] via P2P/IPC
gpu-nodes-0:5321:8144 [1] NCCL INFO New proxy send connection 101 from local rank 1, transport 0
gpu-nodes-0:5321:5321 [1] NCCL INFO Connected to proxy localRank 1 -> connection 0x7f2220008518
gpu-nodes-0:5321:5321 [1] NCCL INFO Channel 06/0 : 1[1] -> 0[0] via P2P/IPC
gpu-nodes-0:5321:8144 [1] NCCL INFO New proxy send connection 102 from local rank 1, transport 0
gpu-nodes-0:5321:5321 [1] NCCL INFO Connected to proxy localRank 1 -> connection 0x7f22200085a0
gpu-nodes-0:5321:5321 [1] NCCL INFO Channel 07/0 : 1[1] -> 0[0] via P2P/IPC
gpu-nodes-0:5321:8144 [1] NCCL INFO New proxy send connection 103 from local rank 1, transport 0
gpu-nodes-0:5321:5321 [1] NCCL INFO Connected to proxy localRank 1 -> connection 0x7f2220008628
gpu-nodes-0:5321:5321 [1] NCCL INFO Channel 08/0 : 1[1] -> 0[0] via P2P/IPC
gpu-nodes-0:5321:8144 [1] NCCL INFO New proxy send connection 104 from local rank 1, transport 0
gpu-nodes-0:5321:5321 [1] NCCL INFO Connected to proxy localRank 1 -> connection 0x7f22200086b0
gpu-nodes-0:5321:5321 [1] NCCL INFO Channel 09/0 : 1[1] -> 0[0] via P2P/IPC
gpu-nodes-0:5321:8144 [1] NCCL INFO New proxy send connection 105 from local rank 1, transport 0
gpu-nodes-0:5321:5321 [1] NCCL INFO Connected to proxy localRank 1 -> connection 0x7f2220008738
gpu-nodes-0:5321:5321 [1] NCCL INFO Channel 10/0 : 1[1] -> 0[0] via P2P/IPC
gpu-nodes-0:5321:8144 [1] NCCL INFO New proxy send connection 106 from local rank 1, transport 0
gpu-nodes-0:5321:5321 [1] NCCL INFO Connected to proxy localRank 1 -> connection 0x7f22200087c0
gpu-nodes-0:5321:5321 [1] NCCL INFO Channel 11/0 : 1[1] -> 0[0] via P2P/IPC
gpu-nodes-0:5321:8144 [1] NCCL INFO New proxy send connection 107 from local rank 1, transport 0
gpu-nodes-0:5321:5321 [1] NCCL INFO Connected to proxy localRank 1 -> connection 0x7f2220008848
gpu-nodes-0:5321:5321 [1] NCCL INFO Channel 12/0 : 1[1] -> 0[0] via P2P/IPC
gpu-nodes-0:5321:8144 [1] NCCL INFO New proxy send connection 108 from local rank 1, transport 0
gpu-nodes-0:5321:5321 [1] NCCL INFO Connected to proxy localRank 1 -> connection 0x7f22200088d0
gpu-nodes-0:5321:5321 [1] NCCL INFO Channel 13/0 : 1[1] -> 0[0] via P2P/IPC
gpu-nodes-0:5321:8144 [1] NCCL INFO New proxy send connection 109 from local rank 1, transport 0
gpu-nodes-0:5321:5321 [1] NCCL INFO Connected to proxy localRank 1 -> connection 0x7f2220008958
gpu-nodes-0:5321:5321 [1] NCCL INFO Channel 14/0 : 1[1] -> 0[0] via P2P/IPC
gpu-nodes-0:5321:8144 [1] NCCL INFO New proxy send connection 110 from local rank 1, transport 0
gpu-nodes-0:5321:5321 [1] NCCL INFO Connected to proxy localRank 1 -> connection 0x7f22200089e0
gpu-nodes-0:5321:5321 [1] NCCL INFO Channel 15/0 : 1[1] -> 0[0] via P2P/IPC
gpu-nodes-0:5321:8144 [1] NCCL INFO New proxy send connection 111 from local rank 1, transport 0
gpu-nodes-0:5321:5321 [1] NCCL INFO Connected to proxy localRank 1 -> connection 0x7f2220008a68
gpu-nodes-0:5321:5321 [1] NCCL INFO Channel 16/0 : 1[1] -> 0[0] via P2P/IPC
gpu-nodes-0:5321:8144 [1] NCCL INFO New proxy send connection 112 from local rank 1, transport 0
gpu-nodes-0:5321:5321 [1] NCCL INFO Connected to proxy localRank 1 -> connection 0x7f2220008af0
gpu-nodes-0:5321:5321 [1] NCCL INFO Channel 17/0 : 1[1] -> 0[0] via P2P/IPC
gpu-nodes-0:5321:8144 [1] NCCL INFO New proxy send connection 113 from local rank 1, transport 0
gpu-nodes-0:5321:5321 [1] NCCL INFO Connected to proxy localRank 1 -> connection 0x7f2220008b78
gpu-nodes-0:5321:5321 [1] NCCL INFO Channel 18/0 : 1[1] -> 0[0] via P2P/IPC
gpu-nodes-0:5321:8144 [1] NCCL INFO New proxy send connection 114 from local rank 1, transport 0
gpu-nodes-0:5321:5321 [1] NCCL INFO Connected to proxy localRank 1 -> connection 0x7f2220008c00
gpu-nodes-0:5321:5321 [1] NCCL INFO Channel 19/0 : 1[1] -> 0[0] via P2P/IPC
gpu-nodes-0:5321:8144 [1] NCCL INFO New proxy send connection 115 from local rank 1, transport 0
gpu-nodes-0:5321:5321 [1] NCCL INFO Connected to proxy localRank 1 -> connection 0x7f2220008c88
gpu-nodes-0:5321:5321 [1] NCCL INFO Channel 20/0 : 1[1] -> 0[0] via P2P/IPC
gpu-nodes-0:5321:8144 [1] NCCL INFO New proxy send connection 116 from local rank 1, transport 0
gpu-nodes-0:5321:5321 [1] NCCL INFO Connected to proxy localRank 1 -> connection 0x7f2220008d10
gpu-nodes-0:5321:5321 [1] NCCL INFO Channel 21/0 : 1[1] -> 0[0] via P2P/IPC
gpu-nodes-0:5321:8144 [1] NCCL INFO New proxy send connection 117 from local rank 1, transport 0
gpu-nodes-0:5321:5321 [1] NCCL INFO Connected to proxy localRank 1 -> connection 0x7f2220008d98
gpu-nodes-0:5321:5321 [1] NCCL INFO Channel 22/0 : 1[1] -> 0[0] via P2P/IPC
gpu-nodes-0:5321:8144 [1] NCCL INFO New proxy send connection 118 from local rank 1, transport 0
gpu-nodes-0:5321:5321 [1] NCCL INFO Connected to proxy localRank 1 -> connection 0x7f2220008e20
gpu-nodes-0:5321:5321 [1] NCCL INFO Channel 23/0 : 1[1] -> 0[0] via P2P/IPC
gpu-nodes-0:5321:8144 [1] NCCL INFO New proxy send connection 119 from local rank 1, transport 0
gpu-nodes-0:5321:5321 [1] NCCL INFO Connected to proxy localRank 1 -> connection 0x7f2220008ea8
gpu-nodes-0:5321:5321 [1] NCCL INFO Channel 24/0 : 1[1] -> 0[0] via P2P/IPC
gpu-nodes-0:5321:8144 [1] NCCL INFO New proxy send connection 120 from local rank 1, transport 0
gpu-nodes-0:5321:5321 [1] NCCL INFO Connected to proxy localRank 1 -> connection 0x7f2220008f30
gpu-nodes-0:5321:5321 [1] NCCL INFO Channel 25/0 : 1[1] -> 0[0] via P2P/IPC
gpu-nodes-0:5321:8144 [1] NCCL INFO New proxy send connection 121 from local rank 1, transport 0
gpu-nodes-0:5321:5321 [1] NCCL INFO Connected to proxy localRank 1 -> connection 0x7f2220008fb8
gpu-nodes-0:5321:5321 [1] NCCL INFO Channel 26/0 : 1[1] -> 0[0] via P2P/IPC
gpu-nodes-0:5321:8144 [1] NCCL INFO New proxy send connection 122 from local rank 1, transport 0
gpu-nodes-0:5321:5321 [1] NCCL INFO Connected to proxy localRank 1 -> connection 0x7f2220009040
gpu-nodes-0:5321:5321 [1] NCCL INFO Channel 27/0 : 1[1] -> 0[0] via P2P/IPC
gpu-nodes-0:5321:8144 [1] NCCL INFO New proxy send connection 123 from local rank 1, transport 0
gpu-nodes-0:5321:5321 [1] NCCL INFO Connected to proxy localRank 1 -> connection 0x7f22200090c8
gpu-nodes-0:5321:5321 [1] NCCL INFO Channel 28/0 : 1[1] -> 0[0] via P2P/IPC
gpu-nodes-0:5321:8144 [1] NCCL INFO New proxy send connection 124 from local rank 1, transport 0
gpu-nodes-0:5321:5321 [1] NCCL INFO Connected to proxy localRank 1 -> connection 0x7f2220009150
gpu-nodes-0:5321:5321 [1] NCCL INFO Channel 29/0 : 1[1] -> 0[0] via P2P/IPC
gpu-nodes-0:5321:8144 [1] NCCL INFO New proxy send connection 125 from local rank 1, transport 0
gpu-nodes-0:5321:5321 [1] NCCL INFO Connected to proxy localRank 1 -> connection 0x7f22200091d8
gpu-nodes-0:5321:5321 [1] NCCL INFO Channel 30/0 : 1[1] -> 0[0] via P2P/IPC
gpu-nodes-0:5321:8144 [1] NCCL INFO New proxy send connection 126 from local rank 1, transport 0
gpu-nodes-0:5321:5321 [1] NCCL INFO Connected to proxy localRank 1 -> connection 0x7f2220009260
gpu-nodes-0:5321:5321 [1] NCCL INFO Channel 31/0 : 1[1] -> 0[0] via P2P/IPC
gpu-nodes-0:5321:8144 [1] NCCL INFO New proxy send connection 127 from local rank 1, transport 0
gpu-nodes-0:5321:5321 [1] NCCL INFO Connected to proxy localRank 1 -> connection 0x7f22200092e8
gpu-nodes-0:5321:5321 [1] NCCL INFO Connected all trees
gpu-nodes-0:5321:5321 [1] NCCL INFO Connected to proxy localRank 0 -> connection 0x7910c4008270
gpu-nodes-0:5321:5321 [1] NCCL INFO NVLS comm 0x96b1de50 headRank 1 nHeads 8 nvlsRanks 8 buffSize 1048576 nvlsPerRankSize 50331648 nvlsTotalSize 402653184
gpu-nodes-0:5321:8144 [1] NCCL INFO New proxy send connection 128 from local rank 1, transport 2
gpu-nodes-0:5321:8165 [0] NCCL INFO [Proxy Progress] Device 1 CPU core 63
gpu-nodes-0:5321:5321 [1] NCCL INFO Connected to proxy localRank 1 -> connection 0x7f2220072520
gpu-nodes-0:5321:5321 [1] NCCL INFO threadThresholds 8/8/64 | 64/8/64 | 512 | 512
gpu-nodes-0:5321:5321 [1] NCCL INFO 32 coll channels, 32 collnet channels, 24 nvls channels, 32 p2p channels, 32 p2p channels per peer
gpu-nodes-0:5321:5321 [1] NCCL INFO Symmetric memory is not supported. cuMemEnable 0, globalGinSupport 0, globalNicFused 1 cuMemGdrSupport 1
gpu-nodes-0:5321:5321 [1] NCCL INFO ncclCommInitRankConfig comm 0x96b1de50 rank 1 nranks 8 cudaDev 1 nvmlDev 1 busId 13000 commId 0x6bd0a0838b37110b - Init COMPLETE
gpu-nodes-0:5321:5321 [1] NCCL INFO Init timings - ncclCommInitRankConfig: rank 1 nranks 8 total 1.51 (kernels 0.00, alloc 0.00, bootstrap 0.00, allgathers 0.00, topo 0.83, graphs 0.02, connections 0.66, rest 0.00)
gpu-nodes-0:5321:5321 [1] NCCL INFO Initialized NET plugin IB
gpu-nodes-0:5321:5321 [1] NCCL INFO Assigned NET plugin IB to comm
gpu-nodes-0:5321:5321 [1] NCCL INFO Assigned GIN plugin GIN_IB_GDAKI to comm
gpu-nodes-0:5321:5321 [1] NCCL INFO Assigned RMA plugin GIN_IB_PROXY to comm
gpu-nodes-0:5321:5321 [1] NCCL INFO Using network IB
gpu-nodes-0:5321:5321 [1] NCCL INFO DMA-BUF is available on GPU device 1
gpu-nodes-0:5321:5321 [1] NCCL INFO [Rank 1] ncclCommInitRankConfig comm 0x7858c310 rank 1 nranks 8 cudaDev 1 nvmlDev 1 busId 13000 commId 0x5af516fd055c0ac3 - Init START
gpu-nodes-0:5321:5321 [1] NCCL INFO MNNVL busId 0x13000 fabric UUID 0.0 cliqueId 0x0 state 3 healthMask 0x80
gpu-nodes-0:5321:5321 [1] NCCL INFO Could not find real path of /sys/class/pci_bus/fffffff/../../fffffff:ff:f
gpu-nodes-0:5321:5321 [1] NCCL INFO TOPO/NET : Importing network plugins to topology
gpu-nodes-0:5321:5321 [1] NCCL INFO NET/GIN_IB_GDAKI : GPU Direct RDMA Enabled for HCA 0 'mlx5_1'
gpu-nodes-0:5321:5321 [1] NCCL INFO ncclTopoPopulateNics : Filled mlx5_1 in topo with pciPath=/sys/devices/pci0000:00/0000:00:01.1/0000:01:00.0/0000:02:01.0/0000:04:00.0 net=0 gin=1 keep=1 coll=(null)
gpu-nodes-0:5321:5321 [1] NCCL INFO NET/GIN_IB_GDAKI : GPU Direct RDMA Enabled for HCA 1 'mlx5_3'
gpu-nodes-0:5321:5321 [1] NCCL INFO ncclTopoPopulateNics : Filled mlx5_3 in topo with pciPath=/sys/devices/pci0000:10/0000:10:01.1/0000:11:00.0/0000:12:01.0/0000:14:00.0 net=0 gin=1 keep=1 coll=(null)
gpu-nodes-0:5321:5321 [1] NCCL INFO NET/GIN_IB_GDAKI : GPU Direct RDMA Enabled for HCA 2 'mlx5_2'
gpu-nodes-0:5321:5321 [1] NCCL INFO ncclTopoPopulateNics : Filled mlx5_2 in topo with pciPath=/sys/devices/pci0000:60/0000:60:01.1/0000:61:00.0/0000:62:01.0/0000:64:00.0 net=0 gin=1 keep=1 coll=(null)
gpu-nodes-0:5321:5321 [1] NCCL INFO NET/GIN_IB_GDAKI : GPU Direct RDMA Enabled for HCA 3 'mlx5_0'
gpu-nodes-0:5321:5321 [1] NCCL INFO ncclTopoPopulateNics : Filled mlx5_0 in topo with pciPath=/sys/devices/pci0000:70/0000:70:01.1/0000:71:00.0/0000:72:01.0/0000:74:00.0 net=0 gin=1 keep=1 coll=(null)
gpu-nodes-0:5321:5321 [1] NCCL INFO NET/GIN_IB_GDAKI : GPU Direct RDMA Enabled for HCA 4 'mlx5_9'
gpu-nodes-0:5321:5321 [1] NCCL INFO ncclTopoPopulateNics : Filled mlx5_9 in topo with pciPath=/sys/devices/pci0000:80/0000:80:01.1/0000:81:00.0/0000:82:01.0/0000:84:00.0 net=0 gin=1 keep=1 coll=(null)
gpu-nodes-0:5321:5321 [1] NCCL INFO NET/GIN_IB_GDAKI : GPU Direct RDMA Enabled for HCA 5 'mlx5_13'
gpu-nodes-0:5321:5321 [1] NCCL INFO ncclTopoPopulateNics : Filled mlx5_13 in topo with pciPath=/sys/devices/pci0000:90/0000:90:01.1/0000:91:00.0/0000:92:01.0/0000:94:00.0 net=0 gin=1 keep=1 coll=(null)
gpu-nodes-0:5321:5321 [1] NCCL INFO NET/GIN_IB_GDAKI : GPU Direct RDMA Enabled for HCA 6 'mlx5_10'
gpu-nodes-0:5321:5321 [1] NCCL INFO ncclTopoPopulateNics : Filled mlx5_10 in topo with pciPath=/sys/devices/pci0000:c0/0000:c0:01.1/0000:c1:00.0 net=0 gin=1 keep=1 coll=(null)
gpu-nodes-0:5321:5321 [1] NCCL INFO NET/GIN_IB_GDAKI : GPU Direct RDMA Enabled for HCA 7 'mlx5_11'
gpu-nodes-0:5321:5321 [1] NCCL INFO ncclTopoPopulateNics : Filled mlx5_11 in topo with pciPath=/sys/devices/pci0000:c0/0000:c0:01.1/0000:c1:00.0 net=0 gin=1 keep=1 coll=(null)
gpu-nodes-0:5321:5321 [1] NCCL INFO NET/GIN_IB_GDAKI : GPU Direct RDMA Enabled for HCA 8 'mlx5_5'
gpu-nodes-0:5321:5321 [1] NCCL INFO ncclTopoPopulateNics : Filled mlx5_5 in topo with pciPath=/sys/devices/pci0000:d0/0000:d0:03.3/0000:d2:00.0 net=0 gin=1 keep=1 coll=(null)
gpu-nodes-0:5321:5321 [1] NCCL INFO NET/GIN_IB_GDAKI : GPU Direct RDMA Enabled for HCA 9 'mlx5_6'
gpu-nodes-0:5321:5321 [1] NCCL INFO ncclTopoPopulateNics : Filled mlx5_6 in topo with pciPath=/sys/devices/pci0000:d0/0000:d0:03.3/0000:d2:00.0 net=0 gin=1 keep=1 coll=(null)
gpu-nodes-0:5321:5321 [1] NCCL INFO NET/GIN_IB_GDAKI : GPU Direct RDMA Enabled for HCA 10 'mlx5_7'
gpu-nodes-0:5321:5321 [1] NCCL INFO ncclTopoPopulateNics : Filled mlx5_7 in topo with pciPath=/sys/devices/pci0000:d0/0000:d0:03.3/0000:d2:00.0 net=0 gin=1 keep=1 coll=(null)
gpu-nodes-0:5321:5321 [1] NCCL INFO NET/GIN_IB_GDAKI : GPU Direct RDMA Enabled for HCA 11 'mlx5_8'
gpu-nodes-0:5321:5321 [1] NCCL INFO ncclTopoPopulateNics : Filled mlx5_8 in topo with pciPath=/sys/devices/pci0000:d0/0000:d0:03.3/0000:d2:00.0 net=0 gin=1 keep=1 coll=(null)
gpu-nodes-0:5321:5321 [1] NCCL INFO NET/GIN_IB_GDAKI : GPU Direct RDMA Enabled for HCA 12 'mlx5_12'
gpu-nodes-0:5321:5321 [1] NCCL INFO ncclTopoPopulateNics : Filled mlx5_12 in topo with pciPath=/sys/devices/pci0000:e0/0000:e0:01.1/0000:e1:00.0/0000:e2:01.0/0000:e4:00.0 net=0 gin=1 keep=1 coll=(null)
gpu-nodes-0:5321:5321 [1] NCCL INFO NET/GIN_IB_GDAKI : GPU Direct RDMA Enabled for HCA 13 'mlx5_4'
gpu-nodes-0:5321:5321 [1] NCCL INFO ncclTopoPopulateNics : Filled mlx5_4 in topo with pciPath=/sys/devices/pci0000:f0/0000:f0:01.1/0000:f1:00.0/0000:f2:01.0/0000:f4:00.0 net=0 gin=1 keep=1 coll=(null)
gpu-nodes-0:5321:5321 [1] NCCL INFO NET/IB : GPU Direct RDMA Enabled for HCA 0 'mlx5_1'
gpu-nodes-0:5321:5321 [1] NCCL INFO ncclTopoPopulateNics : Filled mlx5_1 in topo with pciPath=/sys/devices/pci0000:00/0000:00:01.1/0000:01:00.0/0000:02:01.0/0000:04:00.0 net=1 gin=1 keep=1 coll=(null)
gpu-nodes-0:5321:5321 [1] NCCL INFO NET/IB : GPU Direct RDMA Enabled for HCA 1 'mlx5_3'
gpu-nodes-0:5321:5321 [1] NCCL INFO ncclTopoPopulateNics : Filled mlx5_3 in topo with pciPath=/sys/devices/pci0000:10/0000:10:01.1/0000:11:00.0/0000:12:01.0/0000:14:00.0 net=1 gin=1 keep=1 coll=(null)
gpu-nodes-0:5321:5321 [1] NCCL INFO NET/IB : GPU Direct RDMA Enabled for HCA 2 'mlx5_2'
gpu-nodes-0:5321:5321 [1] NCCL INFO ncclTopoPopulateNics : Filled mlx5_2 in topo with pciPath=/sys/devices/pci0000:60/0000:60:01.1/0000:61:00.0/0000:62:01.0/0000:64:00.0 net=1 gin=1 keep=1 coll=(null)
gpu-nodes-0:5321:5321 [1] NCCL INFO NET/IB : GPU Direct RDMA Enabled for HCA 3 'mlx5_0'
gpu-nodes-0:5321:5321 [1] NCCL INFO ncclTopoPopulateNics : Filled mlx5_0 in topo with pciPath=/sys/devices/pci0000:70/0000:70:01.1/0000:71:00.0/0000:72:01.0/0000:74:00.0 net=1 gin=1 keep=1 coll=(null)
gpu-nodes-0:5321:5321 [1] NCCL INFO NET/IB : GPU Direct RDMA Enabled for HCA 4 'mlx5_9'
gpu-nodes-0:5321:5321 [1] NCCL INFO ncclTopoPopulateNics : Filled mlx5_9 in topo with pciPath=/sys/devices/pci0000:80/0000:80:01.1/0000:81:00.0/0000:82:01.0/0000:84:00.0 net=1 gin=1 keep=1 coll=(null)
gpu-nodes-0:5321:5321 [1] NCCL INFO NET/IB : GPU Direct RDMA Enabled for HCA 5 'mlx5_13'
gpu-nodes-0:5321:5321 [1] NCCL INFO ncclTopoPopulateNics : Filled mlx5_13 in topo with pciPath=/sys/devices/pci0000:90/0000:90:01.1/0000:91:00.0/0000:92:01.0/0000:94:00.0 net=1 gin=1 keep=1 coll=(null)
gpu-nodes-0:5321:5321 [1] NCCL INFO NET/IB : GPU Direct RDMA Enabled for HCA 6 'mlx5_10'
gpu-nodes-0:5321:5321 [1] NCCL INFO ncclTopoPopulateNics : Filled mlx5_10 in topo with pciPath=/sys/devices/pci0000:c0/0000:c0:01.1/0000:c1:00.0 net=1 gin=1 keep=1 coll=(null)
gpu-nodes-0:5321:5321 [1] NCCL INFO NET/IB : GPU Direct RDMA Enabled for HCA 7 'mlx5_11'
gpu-nodes-0:5321:5321 [1] NCCL INFO ncclTopoPopulateNics : Filled mlx5_11 in topo with pciPath=/sys/devices/pci0000:c0/0000:c0:01.1/0000:c1:00.0 net=1 gin=1 keep=1 coll=(null)
gpu-nodes-0:5321:5321 [1] NCCL INFO NET/IB : GPU Direct RDMA Enabled for HCA 8 'mlx5_5'
gpu-nodes-0:5321:5321 [1] NCCL INFO ncclTopoPopulateNics : Filled mlx5_5 in topo with pciPath=/sys/devices/pci0000:d0/0000:d0:03.3/0000:d2:00.0 net=1 gin=1 keep=1 coll=(null)
gpu-nodes-0:5321:5321 [1] NCCL INFO NET/IB : GPU Direct RDMA Enabled for HCA 9 'mlx5_6'
gpu-nodes-0:5321:5321 [1] NCCL INFO ncclTopoPopulateNics : Filled mlx5_6 in topo with pciPath=/sys/devices/pci0000:d0/0000:d0:03.3/0000:d2:00.0 net=1 gin=1 keep=1 coll=(null)
gpu-nodes-0:5321:5321 [1] NCCL INFO NET/IB : GPU Direct RDMA Enabled for HCA 10 'mlx5_7'
gpu-nodes-0:5321:5321 [1] NCCL INFO ncclTopoPopulateNics : Filled mlx5_7 in topo with pciPath=/sys/devices/pci0000:d0/0000:d0:03.3/0000:d2:00.0 net=1 gin=1 keep=1 coll=(null)
gpu-nodes-0:5321:5321 [1] NCCL INFO NET/IB : GPU Direct RDMA Enabled for HCA 11 'mlx5_8'
gpu-nodes-0:5321:5321 [1] NCCL INFO ncclTopoPopulateNics : Filled mlx5_8 in topo with pciPath=/sys/devices/pci0000:d0/0000:d0:03.3/0000:d2:00.0 net=1 gin=1 keep=1 coll=(null)
gpu-nodes-0:5321:5321 [1] NCCL INFO NET/IB : GPU Direct RDMA Enabled for HCA 12 'mlx5_12'
gpu-nodes-0:5321:5321 [1] NCCL INFO ncclTopoPopulateNics : Filled mlx5_12 in topo with pciPath=/sys/devices/pci0000:e0/0000:e0:01.1/0000:e1:00.0/0000:e2:01.0/0000:e4:00.0 net=1 gin=1 keep=1 coll=(null)
gpu-nodes-0:5321:5321 [1] NCCL INFO NET/IB : GPU Direct RDMA Enabled for HCA 13 'mlx5_4'
gpu-nodes-0:5321:5321 [1] NCCL INFO ncclTopoPopulateNics : Filled mlx5_4 in topo with pciPath=/sys/devices/pci0000:f0/0000:f0:01.1/0000:f1:00.0/0000:f2:01.0/0000:f4:00.0 net=1 gin=1 keep=1 coll=(null)
gpu-nodes-0:5321:5321 [1] NCCL INFO NET/IB : GPU Direct RDMA Enabled for HCA 14 'mlx5_10+mlx5_11'
gpu-nodes-0:5321:5321 [1] NCCL INFO ncclTopoPopulateNics : Filled mlx5_10+mlx5_11 in topo with pciPath=/sys/devices/pci0000:c0/0000:c0:01.1/0000:c1:00.0 net=1 gin=(null) keep=1 coll=(null)
gpu-nodes-0:5321:5321 [1] NCCL INFO NET/IB : GPU Direct RDMA Enabled for HCA 15 'mlx5_5+mlx5_6+mlx5_7+mlx5_8'
gpu-nodes-0:5321:5321 [1] NCCL INFO ncclTopoPopulateNics : Filled mlx5_5+mlx5_6+mlx5_7+mlx5_8 in topo with pciPath=/sys/devices/pci0000:d0/0000:d0:03.3/0000:d2:00.0 net=1 gin=(null) keep=1 coll=(null)
gpu-nodes-0:5321:5321 [1] NCCL INFO GPU Direct RDMA Enabled for GPU/0-12288 (rank 0) - NET/0-0 (distance 4 <= 6, read 0, mode Default)
gpu-nodes-0:5321:5321 [1] NCCL INFO GPU Direct RDMA Enabled for GPU/0-77824 (rank 1) - NET/0-0 ( using PXN via GPU/0-12288, distance 4 <= 6, read 0, mode Default)
gpu-nodes-0:5321:5321 [1] NCCL INFO GPU Direct RDMA Enabled for GPU/0-405504 (rank 2) - NET/0-0 ( using PXN via GPU/0-12288, distance 4 <= 6, read 0, mode Default)
gpu-nodes-0:5321:5321 [1] NCCL INFO GPU Direct RDMA Enabled for GPU/0-471040 (rank 3) - NET/0-0 ( using PXN via GPU/0-12288, distance 4 <= 6, read 0, mode Default)
gpu-nodes-0:5321:5321 [1] NCCL INFO GPU Direct RDMA Enabled for GPU/0-536576 (rank 4) - NET/0-0 ( using PXN via GPU/0-12288, distance 4 <= 6, read 0, mode Default)
gpu-nodes-0:5321:5321 [1] NCCL INFO GPU Direct RDMA Enabled for GPU/0-602112 (rank 5) - NET/0-0 ( using PXN via GPU/0-12288, distance 4 <= 6, read 0, mode Default)
gpu-nodes-0:5321:5321 [1] NCCL INFO GPU Direct RDMA Enabled for GPU/0-929792 (rank 6) - NET/0-0 ( using PXN via GPU/0-12288, distance 4 <= 6, read 0, mode Default)
gpu-nodes-0:5321:5321 [1] NCCL INFO GPU Direct RDMA Enabled for GPU/0-995328 (rank 7) - NET/0-0 ( using PXN via GPU/0-12288, distance 4 <= 6, read 0, mode Default)
gpu-nodes-0:5321:5321 [1] NCCL INFO GPU Direct RDMA Enabled for GPU/0-12288 (rank 0) - NET/0-1 ( using PXN via GPU/0-77824, distance 4 <= 6, read 0, mode Default)
gpu-nodes-0:5321:5321 [1] NCCL INFO GPU Direct RDMA Enabled for GPU/0-77824 (rank 1) - NET/0-1 (distance 4 <= 6, read 0, mode Default)
gpu-nodes-0:5321:5321 [1] NCCL INFO GPU Direct RDMA Enabled for GPU/0-405504 (rank 2) - NET/0-1 ( using PXN via GPU/0-77824, distance 4 <= 6, read 0, mode Default)
gpu-nodes-0:5321:5321 [1] NCCL INFO GPU Direct RDMA Enabled for GPU/0-471040 (rank 3) - NET/0-1 ( using PXN via GPU/0-77824, distance 4 <= 6, read 0, mode Default)
gpu-nodes-0:5321:5321 [1] NCCL INFO GPU Direct RDMA Enabled for GPU/0-536576 (rank 4) - NET/0-1 ( using PXN via GPU/0-77824, distance 4 <= 6, read 0, mode Default)
gpu-nodes-0:5321:5321 [1] NCCL INFO GPU Direct RDMA Enabled for GPU/0-602112 (rank 5) - NET/0-1 ( using PXN via GPU/0-77824, distance 4 <= 6, read 0, mode Default)
gpu-nodes-0:5321:5321 [1] NCCL INFO GPU Direct RDMA Enabled for GPU/0-929792 (rank 6) - NET/0-1 ( using PXN via GPU/0-77824, distance 4 <= 6, read 0, mode Default)
gpu-nodes-0:5321:5321 [1] NCCL INFO GPU Direct RDMA Enabled for GPU/0-995328 (rank 7) - NET/0-1 ( using PXN via GPU/0-77824, distance 4 <= 6, read 0, mode Default)
gpu-nodes-0:5321:5321 [1] NCCL INFO GPU Direct RDMA Enabled for GPU/0-12288 (rank 0) - NET/0-2 ( using PXN via GPU/0-405504, distance 4 <= 6, read 0, mode Default)
gpu-nodes-0:5321:5321 [1] NCCL INFO GPU Direct RDMA Enabled for GPU/0-77824 (rank 1) - NET/0-2 ( using PXN via GPU/0-405504, distance 4 <= 6, read 0, mode Default)
gpu-nodes-0:5321:5321 [1] NCCL INFO GPU Direct RDMA Enabled for GPU/0-405504 (rank 2) - NET/0-2 (distance 4 <= 6, read 0, mode Default)
gpu-nodes-0:5321:5321 [1] NCCL INFO GPU Direct RDMA Enabled for GPU/0-471040 (rank 3) - NET/0-2 ( using PXN via GPU/0-405504, distance 4 <= 6, read 0, mode Default)
gpu-nodes-0:5321:5321 [1] NCCL INFO GPU Direct RDMA Enabled for GPU/0-536576 (rank 4) - NET/0-2 ( using PXN via GPU/0-405504, distance 4 <= 6, read 0, mode Default)
gpu-nodes-0:5321:5321 [1] NCCL INFO GPU Direct RDMA Enabled for GPU/0-602112 (rank 5) - NET/0-2 ( using PXN via GPU/0-405504, distance 4 <= 6, read 0, mode Default)
gpu-nodes-0:5321:5321 [1] NCCL INFO GPU Direct RDMA Enabled for GPU/0-929792 (rank 6) - NET/0-2 ( using PXN via GPU/0-405504, distance 4 <= 6, read 0, mode Default)
gpu-nodes-0:5321:5321 [1] NCCL INFO GPU Direct RDMA Enabled for GPU/0-995328 (rank 7) - NET/0-2 ( using PXN via GPU/0-405504, distance 4 <= 6, read 0, mode Default)
gpu-nodes-0:5321:5321 [1] NCCL INFO GPU Direct RDMA Enabled for GPU/0-12288 (rank 0) - NET/0-3 ( using PXN via GPU/0-471040, distance 4 <= 6, read 0, mode Default)
gpu-nodes-0:5321:5321 [1] NCCL INFO GPU Direct RDMA Enabled for GPU/0-77824 (rank 1) - NET/0-3 ( using PXN via GPU/0-471040, distance 4 <= 6, read 0, mode Default)
gpu-nodes-0:5321:5321 [1] NCCL INFO GPU Direct RDMA Enabled for GPU/0-405504 (rank 2) - NET/0-3 ( using PXN via GPU/0-471040, distance 4 <= 6, read 0, mode Default)
gpu-nodes-0:5321:5321 [1] NCCL INFO GPU Direct RDMA Enabled for GPU/0-471040 (rank 3) - NET/0-3 (distance 4 <= 6, read 0, mode Default)
gpu-nodes-0:5321:5321 [1] NCCL INFO GPU Direct RDMA Enabled for GPU/0-536576 (rank 4) - NET/0-3 ( using PXN via GPU/0-471040, distance 4 <= 6, read 0, mode Default)
gpu-nodes-0:5321:5321 [1] NCCL INFO GPU Direct RDMA Enabled for GPU/0-602112 (rank 5) - NET/0-3 ( using PXN via GPU/0-471040, distance 4 <= 6, read 0, mode Default)
gpu-nodes-0:5321:5321 [1] NCCL INFO GPU Direct RDMA Enabled for GPU/0-929792 (rank 6) - NET/0-3 ( using PXN via GPU/0-471040, distance 4 <= 6, read 0, mode Default)
gpu-nodes-0:5321:5321 [1] NCCL INFO GPU Direct RDMA Enabled for GPU/0-995328 (rank 7) - NET/0-3 ( using PXN via GPU/0-471040, distance 4 <= 6, read 0, mode Default)
gpu-nodes-0:5321:5321 [1] NCCL INFO GPU Direct RDMA Enabled for GPU/0-12288 (rank 0) - NET/0-4 ( using PXN via GPU/0-536576, distance 4 <= 6, read 0, mode Default)
gpu-nodes-0:5321:5321 [1] NCCL INFO GPU Direct RDMA Enabled for GPU/0-77824 (rank 1) - NET/0-4 ( using PXN via GPU/0-536576, distance 4 <= 6, read 0, mode Default)
gpu-nodes-0:5321:5321 [1] NCCL INFO GPU Direct RDMA Enabled for GPU/0-405504 (rank 2) - NET/0-4 ( using PXN via GPU/0-536576, distance 4 <= 6, read 0, mode Default)
gpu-nodes-0:5321:5321 [1] NCCL INFO GPU Direct RDMA Enabled for GPU/0-471040 (rank 3) - NET/0-4 ( using PXN via GPU/0-536576, distance 4 <= 6, read 0, mode Default)
gpu-nodes-0:5321:5321 [1] NCCL INFO GPU Direct RDMA Enabled for GPU/0-536576 (rank 4) - NET/0-4 (distance 4 <= 6, read 0, mode Default)
gpu-nodes-0:5321:5321 [1] NCCL INFO GPU Direct RDMA Enabled for GPU/0-602112 (rank 5) - NET/0-4 ( using PXN via GPU/0-536576, distance 4 <= 6, read 0, mode Default)
gpu-nodes-0:5321:5321 [1] NCCL INFO GPU Direct RDMA Enabled for GPU/0-929792 (rank 6) - NET/0-4 ( using PXN via GPU/0-536576, distance 4 <= 6, read 0, mode Default)
gpu-nodes-0:5321:5321 [1] NCCL INFO GPU Direct RDMA Enabled for GPU/0-995328 (rank 7) - NET/0-4 ( using PXN via GPU/0-536576, distance 4 <= 6, read 0, mode Default)
gpu-nodes-0:5321:5321 [1] NCCL INFO GPU Direct RDMA Enabled for GPU/0-12288 (rank 0) - NET/0-5 ( using PXN via GPU/0-602112, distance 4 <= 6, read 0, mode Default)
gpu-nodes-0:5321:5321 [1] NCCL INFO GPU Direct RDMA Enabled for GPU/0-77824 (rank 1) - NET/0-5 ( using PXN via GPU/0-602112, distance 4 <= 6, read 0, mode Default)
gpu-nodes-0:5321:5321 [1] NCCL INFO GPU Direct RDMA Enabled for GPU/0-405504 (rank 2) - NET/0-5 ( using PXN via GPU/0-602112, distance 4 <= 6, read 0, mode Default)
gpu-nodes-0:5321:5321 [1] NCCL INFO GPU Direct RDMA Enabled for GPU/0-471040 (rank 3) - NET/0-5 ( using PXN via GPU/0-602112, distance 4 <= 6, read 0, mode Default)
gpu-nodes-0:5321:5321 [1] NCCL INFO GPU Direct RDMA Enabled for GPU/0-536576 (rank 4) - NET/0-5 ( using PXN via GPU/0-602112, distance 4 <= 6, read 0, mode Default)
gpu-nodes-0:5321:5321 [1] NCCL INFO GPU Direct RDMA Enabled for GPU/0-602112 (rank 5) - NET/0-5 (distance 4 <= 6, read 0, mode Default)
gpu-nodes-0:5321:5321 [1] NCCL INFO GPU Direct RDMA Enabled for GPU/0-929792 (rank 6) - NET/0-5 ( using PXN via GPU/0-602112, distance 4 <= 6, read 0, mode Default)
gpu-nodes-0:5321:5321 [1] NCCL INFO GPU Direct RDMA Enabled for GPU/0-995328 (rank 7) - NET/0-5 ( using PXN via GPU/0-602112, distance 4 <= 6, read 0, mode Default)
gpu-nodes-0:5321:5321 [1] NCCL INFO GPU Direct RDMA Enabled for GPU/0-12288 (rank 0) - NET/0-12 ( using PXN via GPU/0-929792, distance 4 <= 6, read 0, mode Default)
gpu-nodes-0:5321:5321 [1] NCCL INFO GPU Direct RDMA Enabled for GPU/0-77824 (rank 1) - NET/0-12 ( using PXN via GPU/0-929792, distance 4 <= 6, read 0, mode Default)
gpu-nodes-0:5321:5321 [1] NCCL INFO GPU Direct RDMA Enabled for GPU/0-405504 (rank 2) - NET/0-12 ( using PXN via GPU/0-929792, distance 4 <= 6, read 0, mode Default)
gpu-nodes-0:5321:5321 [1] NCCL INFO GPU Direct RDMA Enabled for GPU/0-471040 (rank 3) - NET/0-12 ( using PXN via GPU/0-929792, distance 4 <= 6, read 0, mode Default)
gpu-nodes-0:5321:5321 [1] NCCL INFO GPU Direct RDMA Enabled for GPU/0-536576 (rank 4) - NET/0-12 ( using PXN via GPU/0-929792, distance 4 <= 6, read 0, mode Default)
gpu-nodes-0:5321:5321 [1] NCCL INFO GPU Direct RDMA Enabled for GPU/0-602112 (rank 5) - NET/0-12 ( using PXN via GPU/0-929792, distance 4 <= 6, read 0, mode Default)
gpu-nodes-0:5321:5321 [1] NCCL INFO GPU Direct RDMA Enabled for GPU/0-929792 (rank 6) - NET/0-12 (distance 4 <= 6, read 0, mode Default)
gpu-nodes-0:5321:5321 [1] NCCL INFO GPU Direct RDMA Enabled for GPU/0-995328 (rank 7) - NET/0-12 ( using PXN via GPU/0-929792, distance 4 <= 6, read 0, mode Default)
gpu-nodes-0:5321:5321 [1] NCCL INFO GPU Direct RDMA Enabled for GPU/0-12288 (rank 0) - NET/0-13 ( using PXN via GPU/0-995328, distance 4 <= 6, read 0, mode Default)
gpu-nodes-0:5321:5321 [1] NCCL INFO GPU Direct RDMA Enabled for GPU/0-77824 (rank 1) - NET/0-13 ( using PXN via GPU/0-995328, distance 4 <= 6, read 0, mode Default)
gpu-nodes-0:5321:5321 [1] NCCL INFO GPU Direct RDMA Enabled for GPU/0-405504 (rank 2) - NET/0-13 ( using PXN via GPU/0-995328, distance 4 <= 6, read 0, mode Default)
gpu-nodes-0:5321:5321 [1] NCCL INFO GPU Direct RDMA Enabled for GPU/0-471040 (rank 3) - NET/0-13 ( using PXN via GPU/0-995328, distance 4 <= 6, read 0, mode Default)
gpu-nodes-0:5321:5321 [1] NCCL INFO GPU Direct RDMA Enabled for GPU/0-536576 (rank 4) - NET/0-13 ( using PXN via GPU/0-995328, distance 4 <= 6, read 0, mode Default)
gpu-nodes-0:5321:5321 [1] NCCL INFO GPU Direct RDMA Enabled for GPU/0-602112 (rank 5) - NET/0-13 ( using PXN via GPU/0-995328, distance 4 <= 6, read 0, mode Default)
gpu-nodes-0:5321:5321 [1] NCCL INFO GPU Direct RDMA Enabled for GPU/0-929792 (rank 6) - NET/0-13 ( using PXN via GPU/0-995328, distance 4 <= 6, read 0, mode Default)
gpu-nodes-0:5321:5321 [1] NCCL INFO GPU Direct RDMA Enabled for GPU/0-995328 (rank 7) - NET/0-13 (distance 4 <= 6, read 0, mode Default)
gpu-nodes-0:5321:5321 [1] NCCL INFO GPU Direct RDMA Enabled for GPU/0-12288 (rank 0) - NET/0-0 (distance 4 <= 6, read 0, mode Default)
gpu-nodes-0:5321:5321 [1] NCCL INFO GPU Direct RDMA Enabled for GPU/0-77824 (rank 1) - NET/0-0 ( using PXN via GPU/0-12288, distance 4 <= 6, read 0, mode Default)
gpu-nodes-0:5321:5321 [1] NCCL INFO GPU Direct RDMA Enabled for GPU/0-405504 (rank 2) - NET/0-0 ( using PXN via GPU/0-12288, distance 4 <= 6, read 0, mode Default)
gpu-nodes-0:5321:5321 [1] NCCL INFO GPU Direct RDMA Enabled for GPU/0-471040 (rank 3) - NET/0-0 ( using PXN via GPU/0-12288, distance 4 <= 6, read 0, mode Default)
gpu-nodes-0:5321:5321 [1] NCCL INFO GPU Direct RDMA Enabled for GPU/0-536576 (rank 4) - NET/0-0 ( using PXN via GPU/0-12288, distance 4 <= 6, read 0, mode Default)
gpu-nodes-0:5321:5321 [1] NCCL INFO GPU Direct RDMA Enabled for GPU/0-602112 (rank 5) - NET/0-0 ( using PXN via GPU/0-12288, distance 4 <= 6, read 0, mode Default)
gpu-nodes-0:5321:5321 [1] NCCL INFO GPU Direct RDMA Enabled for GPU/0-929792 (rank 6) - NET/0-0 ( using PXN via GPU/0-12288, distance 4 <= 6, read 0, mode Default)
gpu-nodes-0:5321:5321 [1] NCCL INFO GPU Direct RDMA Enabled for GPU/0-995328 (rank 7) - NET/0-0 ( using PXN via GPU/0-12288, distance 4 <= 6, read 0, mode Default)
gpu-nodes-0:5321:5321 [1] NCCL INFO GPU Direct RDMA Enabled for GPU/0-12288 (rank 0) - NET/0-1 ( using PXN via GPU/0-77824, distance 4 <= 6, read 0, mode Default)
gpu-nodes-0:5321:5321 [1] NCCL INFO GPU Direct RDMA Enabled for GPU/0-77824 (rank 1) - NET/0-1 (distance 4 <= 6, read 0, mode Default)
gpu-nodes-0:5321:5321 [1] NCCL INFO GPU Direct RDMA Enabled for GPU/0-405504 (rank 2) - NET/0-1 ( using PXN via GPU/0-77824, distance 4 <= 6, read 0, mode Default)
gpu-nodes-0:5321:5321 [1] NCCL INFO GPU Direct RDMA Enabled for GPU/0-471040 (rank 3) - NET/0-1 ( using PXN via GPU/0-77824, distance 4 <= 6, read 0, mode Default)
gpu-nodes-0:5321:5321 [1] NCCL INFO GPU Direct RDMA Enabled for GPU/0-536576 (rank 4) - NET/0-1 ( using PXN via GPU/0-77824, distance 4 <= 6, read 0, mode Default)
gpu-nodes-0:5321:5321 [1] NCCL INFO GPU Direct RDMA Enabled for GPU/0-602112 (rank 5) - NET/0-1 ( using PXN via GPU/0-77824, distance 4 <= 6, read 0, mode Default)
gpu-nodes-0:5321:5321 [1] NCCL INFO GPU Direct RDMA Enabled for GPU/0-929792 (rank 6) - NET/0-1 ( using PXN via GPU/0-77824, distance 4 <= 6, read 0, mode Default)
gpu-nodes-0:5321:5321 [1] NCCL INFO GPU Direct RDMA Enabled for GPU/0-995328 (rank 7) - NET/0-1 ( using PXN via GPU/0-77824, distance 4 <= 6, read 0, mode Default)
gpu-nodes-0:5321:5321 [1] NCCL INFO GPU Direct RDMA Enabled for GPU/0-12288 (rank 0) - NET/0-2 ( using PXN via GPU/0-405504, distance 4 <= 6, read 0, mode Default)
gpu-nodes-0:5321:5321 [1] NCCL INFO GPU Direct RDMA Enabled for GPU/0-77824 (rank 1) - NET/0-2 ( using PXN via GPU/0-405504, distance 4 <= 6, read 0, mode Default)
gpu-nodes-0:5321:5321 [1] NCCL INFO GPU Direct RDMA Enabled for GPU/0-405504 (rank 2) - NET/0-2 (distance 4 <= 6, read 0, mode Default)
gpu-nodes-0:5321:5321 [1] NCCL INFO GPU Direct RDMA Enabled for GPU/0-471040 (rank 3) - NET/0-2 ( using PXN via GPU/0-405504, distance 4 <= 6, read 0, mode Default)
gpu-nodes-0:5321:5321 [1] NCCL INFO GPU Direct RDMA Enabled for GPU/0-536576 (rank 4) - NET/0-2 ( using PXN via GPU/0-405504, distance 4 <= 6, read 0, mode Default)
gpu-nodes-0:5321:5321 [1] NCCL INFO GPU Direct RDMA Enabled for GPU/0-602112 (rank 5) - NET/0-2 ( using PXN via GPU/0-405504, distance 4 <= 6, read 0, mode Default)
gpu-nodes-0:5321:5321 [1] NCCL INFO GPU Direct RDMA Enabled for GPU/0-929792 (rank 6) - NET/0-2 ( using PXN via GPU/0-405504, distance 4 <= 6, read 0, mode Default)
gpu-nodes-0:5321:5321 [1] NCCL INFO GPU Direct RDMA Enabled for GPU/0-995328 (rank 7) - NET/0-2 ( using PXN via GPU/0-405504, distance 4 <= 6, read 0, mode Default)
gpu-nodes-0:5321:5321 [1] NCCL INFO GPU Direct RDMA Enabled for GPU/0-12288 (rank 0) - NET/0-3 ( using PXN via GPU/0-471040, distance 4 <= 6, read 0, mode Default)
gpu-nodes-0:5321:5321 [1] NCCL INFO GPU Direct RDMA Enabled for GPU/0-77824 (rank 1) - NET/0-3 ( using PXN via GPU/0-471040, distance 4 <= 6, read 0, mode Default)
gpu-nodes-0:5321:5321 [1] NCCL INFO GPU Direct RDMA Enabled for GPU/0-405504 (rank 2) - NET/0-3 ( using PXN via GPU/0-471040, distance 4 <= 6, read 0, mode Default)
gpu-nodes-0:5321:5321 [1] NCCL INFO GPU Direct RDMA Enabled for GPU/0-471040 (rank 3) - NET/0-3 (distance 4 <= 6, read 0, mode Default)
gpu-nodes-0:5321:5321 [1] NCCL INFO GPU Direct RDMA Enabled for GPU/0-536576 (rank 4) - NET/0-3 ( using PXN via GPU/0-471040, distance 4 <= 6, read 0, mode Default)
gpu-nodes-0:5321:5321 [1] NCCL INFO GPU Direct RDMA Enabled for GPU/0-602112 (rank 5) - NET/0-3 ( using PXN via GPU/0-471040, distance 4 <= 6, read 0, mode Default)
gpu-nodes-0:5321:5321 [1] NCCL INFO GPU Direct RDMA Enabled for GPU/0-929792 (rank 6) - NET/0-3 ( using PXN via GPU/0-471040, distance 4 <= 6, read 0, mode Default)
gpu-nodes-0:5321:5321 [1] NCCL INFO GPU Direct RDMA Enabled for GPU/0-995328 (rank 7) - NET/0-3 ( using PXN via GPU/0-471040, distance 4 <= 6, read 0, mode Default)
gpu-nodes-0:5321:5321 [1] NCCL INFO GPU Direct RDMA Enabled for GPU/0-12288 (rank 0) - NET/0-4 ( using PXN via GPU/0-536576, distance 4 <= 6, read 0, mode Default)
gpu-nodes-0:5321:5321 [1] NCCL INFO GPU Direct RDMA Enabled for GPU/0-77824 (rank 1) - NET/0-4 ( using PXN via GPU/0-536576, distance 4 <= 6, read 0, mode Default)
gpu-nodes-0:5321:5321 [1] NCCL INFO GPU Direct RDMA Enabled for GPU/0-405504 (rank 2) - NET/0-4 ( using PXN via GPU/0-536576, distance 4 <= 6, read 0, mode Default)
gpu-nodes-0:5321:5321 [1] NCCL INFO GPU Direct RDMA Enabled for GPU/0-471040 (rank 3) - NET/0-4 ( using PXN via GPU/0-536576, distance 4 <= 6, read 0, mode Default)
gpu-nodes-0:5321:5321 [1] NCCL INFO GPU Direct RDMA Enabled for GPU/0-536576 (rank 4) - NET/0-4 (distance 4 <= 6, read 0, mode Default)
gpu-nodes-0:5321:5321 [1] NCCL INFO GPU Direct RDMA Enabled for GPU/0-602112 (rank 5) - NET/0-4 ( using PXN via GPU/0-536576, distance 4 <= 6, read 0, mode Default)
gpu-nodes-0:5321:5321 [1] NCCL INFO GPU Direct RDMA Enabled for GPU/0-929792 (rank 6) - NET/0-4 ( using PXN via GPU/0-536576, distance 4 <= 6, read 0, mode Default)
gpu-nodes-0:5321:5321 [1] NCCL INFO GPU Direct RDMA Enabled for GPU/0-995328 (rank 7) - NET/0-4 ( using PXN via GPU/0-536576, distance 4 <= 6, read 0, mode Default)
gpu-nodes-0:5321:5321 [1] NCCL INFO GPU Direct RDMA Enabled for GPU/0-12288 (rank 0) - NET/0-5 ( using PXN via GPU/0-602112, distance 4 <= 6, read 0, mode Default)
gpu-nodes-0:5321:5321 [1] NCCL INFO GPU Direct RDMA Enabled for GPU/0-77824 (rank 1) - NET/0-5 ( using PXN via GPU/0-602112, distance 4 <= 6, read 0, mode Default)
gpu-nodes-0:5321:5321 [1] NCCL INFO GPU Direct RDMA Enabled for GPU/0-405504 (rank 2) - NET/0-5 ( using PXN via GPU/0-602112, distance 4 <= 6, read 0, mode Default)
gpu-nodes-0:5321:5321 [1] NCCL INFO GPU Direct RDMA Enabled for GPU/0-471040 (rank 3) - NET/0-5 ( using PXN via GPU/0-602112, distance 4 <= 6, read 0, mode Default)
gpu-nodes-0:5321:5321 [1] NCCL INFO GPU Direct RDMA Enabled for GPU/0-536576 (rank 4) - NET/0-5 ( using PXN via GPU/0-602112, distance 4 <= 6, read 0, mode Default)
gpu-nodes-0:5321:5321 [1] NCCL INFO GPU Direct RDMA Enabled for GPU/0-602112 (rank 5) - NET/0-5 (distance 4 <= 6, read 0, mode Default)
gpu-nodes-0:5321:5321 [1] NCCL INFO GPU Direct RDMA Enabled for GPU/0-929792 (rank 6) - NET/0-5 ( using PXN via GPU/0-602112, distance 4 <= 6, read 0, mode Default)
gpu-nodes-0:5321:5321 [1] NCCL INFO GPU Direct RDMA Enabled for GPU/0-995328 (rank 7) - NET/0-5 ( using PXN via GPU/0-602112, distance 4 <= 6, read 0, mode Default)
gpu-nodes-0:5321:5321 [1] NCCL INFO GPU Direct RDMA Enabled for GPU/0-12288 (rank 0) - NET/0-12 ( using PXN via GPU/0-929792, distance 4 <= 6, read 0, mode Default)
gpu-nodes-0:5321:5321 [1] NCCL INFO GPU Direct RDMA Enabled for GPU/0-77824 (rank 1) - NET/0-12 ( using PXN via GPU/0-929792, distance 4 <= 6, read 0, mode Default)
gpu-nodes-0:5321:5321 [1] NCCL INFO GPU Direct RDMA Enabled for GPU/0-405504 (rank 2) - NET/0-12 ( using PXN via GPU/0-929792, distance 4 <= 6, read 0, mode Default)
gpu-nodes-0:5321:5321 [1] NCCL INFO GPU Direct RDMA Enabled for GPU/0-471040 (rank 3) - NET/0-12 ( using PXN via GPU/0-929792, distance 4 <= 6, read 0, mode Default)
gpu-nodes-0:5321:5321 [1] NCCL INFO GPU Direct RDMA Enabled for GPU/0-536576 (rank 4) - NET/0-12 ( using PXN via GPU/0-929792, distance 4 <= 6, read 0, mode Default)
gpu-nodes-0:5321:5321 [1] NCCL INFO GPU Direct RDMA Enabled for GPU/0-602112 (rank 5) - NET/0-12 ( using PXN via GPU/0-929792, distance 4 <= 6, read 0, mode Default)
gpu-nodes-0:5321:5321 [1] NCCL INFO GPU Direct RDMA Enabled for GPU/0-929792 (rank 6) - NET/0-12 (distance 4 <= 6, read 0, mode Default)
gpu-nodes-0:5321:5321 [1] NCCL INFO GPU Direct RDMA Enabled for GPU/0-995328 (rank 7) - NET/0-12 ( using PXN via GPU/0-929792, distance 4 <= 6, read 0, mode Default)
gpu-nodes-0:5321:5321 [1] NCCL INFO GPU Direct RDMA Enabled for GPU/0-12288 (rank 0) - NET/0-13 ( using PXN via GPU/0-995328, distance 4 <= 6, read 0, mode Default)
gpu-nodes-0:5321:5321 [1] NCCL INFO GPU Direct RDMA Enabled for GPU/0-77824 (rank 1) - NET/0-13 ( using PXN via GPU/0-995328, distance 4 <= 6, read 0, mode Default)
gpu-nodes-0:5321:5321 [1] NCCL INFO GPU Direct RDMA Enabled for GPU/0-405504 (rank 2) - NET/0-13 ( using PXN via GPU/0-995328, distance 4 <= 6, read 0, mode Default)
gpu-nodes-0:5321:5321 [1] NCCL INFO GPU Direct RDMA Enabled for GPU/0-471040 (rank 3) - NET/0-13 ( using PXN via GPU/0-995328, distance 4 <= 6, read 0, mode Default)
gpu-nodes-0:5321:5321 [1] NCCL INFO GPU Direct RDMA Enabled for GPU/0-536576 (rank 4) - NET/0-13 ( using PXN via GPU/0-995328, distance 4 <= 6, read 0, mode Default)
gpu-nodes-0:5321:5321 [1] NCCL INFO GPU Direct RDMA Enabled for GPU/0-602112 (rank 5) - NET/0-13 ( using PXN via GPU/0-995328, distance 4 <= 6, read 0, mode Default)
gpu-nodes-0:5321:5321 [1] NCCL INFO GPU Direct RDMA Enabled for GPU/0-929792 (rank 6) - NET/0-13 ( using PXN via GPU/0-995328, distance 4 <= 6, read 0, mode Default)
gpu-nodes-0:5321:5321 [1] NCCL INFO GPU Direct RDMA Enabled for GPU/0-995328 (rank 7) - NET/0-13 (distance 4 <= 6, read 0, mode Default)
gpu-nodes-0:5321:5321 [1] NCCL INFO === System : maxBw 721.8 totalBw 721.8 ===
gpu-nodes-0:5321:5321 [1] NCCL INFO CPU/0-0 (1/2/-1)
gpu-nodes-0:5321:5321 [1] NCCL INFO + PCI[48.0] - PCI/0-1000 (1000c03015d91d72)
gpu-nodes-0:5321:5321 [1] NCCL INFO               + PCI[48.0] - GPU/0-3000 (0)
gpu-nodes-0:5321:5321 [1] NCCL INFO                             + NVL[721.8] - NVS/0-0
gpu-nodes-0:5321:5321 [1] NCCL INFO               + PCI[48.0] - NIC/0-4000
gpu-nodes-0:5321:5321 [1] NCCL INFO                             + NET[50.0] - NET/0-0 (0/b4a2ca0003e60050/1/50.000000)
gpu-nodes-0:5321:5321 [1] NCCL INFO                             + NET[50.0] - GIN/0-0
gpu-nodes-0:5321:5321 [1] NCCL INFO + PCI[48.0] - PCI/0-11000 (1000c03015d91d72)
gpu-nodes-0:5321:5321 [1] NCCL INFO               + PCI[48.0] - NIC/0-14000
gpu-nodes-0:5321:5321 [1] NCCL INFO                             + NET[50.0] - NET/0-1 (0/f49aca0003e60050/1/50.000000)
gpu-nodes-0:5321:5321 [1] NCCL INFO                             + NET[50.0] - GIN/0-1
gpu-nodes-0:5321:5321 [1] NCCL INFO               + PCI[48.0] - GPU/0-13000 (1)
gpu-nodes-0:5321:5321 [1] NCCL INFO                             + NVL[721.8] - NVS/0-0
gpu-nodes-0:5321:5321 [1] NCCL INFO + PCI[48.0] - PCI/0-61000 (1000c03015d91d72)
gpu-nodes-0:5321:5321 [1] NCCL INFO               + PCI[48.0] - NIC/0-64000
gpu-nodes-0:5321:5321 [1] NCCL INFO                             + NET[50.0] - NET/0-2 (0/343cca0003e60050/1/50.000000)
gpu-nodes-0:5321:5321 [1] NCCL INFO                             + NET[50.0] - GIN/0-2
gpu-nodes-0:5321:5321 [1] NCCL INFO               + PCI[48.0] - GPU/0-63000 (2)
gpu-nodes-0:5321:5321 [1] NCCL INFO                             + NVL[721.8] - NVS/0-0
gpu-nodes-0:5321:5321 [1] NCCL INFO + PCI[48.0] - PCI/0-71000 (1000c03015d91d72)
gpu-nodes-0:5321:5321 [1] NCCL INFO               + PCI[48.0] - NIC/0-74000
gpu-nodes-0:5321:5321 [1] NCCL INFO                             + NET[50.0] - NET/0-3 (0/49bca0003e60050/1/50.000000)
gpu-nodes-0:5321:5321 [1] NCCL INFO                             + NET[50.0] - GIN/0-3
gpu-nodes-0:5321:5321 [1] NCCL INFO               + PCI[48.0] - GPU/0-73000 (3)
gpu-nodes-0:5321:5321 [1] NCCL INFO                             + NVL[721.8] - NVS/0-0
gpu-nodes-0:5321:5321 [1] NCCL INFO + SYS[16.0] - CPU/0-1
gpu-nodes-0:5321:5321 [1] NCCL INFO CPU/0-1 (1/2/-1)
gpu-nodes-0:5321:5321 [1] NCCL INFO + PCI[48.0] - PCI/0-81000 (1000c03015d91d72)
gpu-nodes-0:5321:5321 [1] NCCL INFO               + PCI[48.0] - NIC/0-84000
gpu-nodes-0:5321:5321 [1] NCCL INFO                             + NET[50.0] - NET/0-4 (0/2ca2ca0003e60050/1/50.000000)
gpu-nodes-0:5321:5321 [1] NCCL INFO                             + NET[50.0] - GIN/0-4
gpu-nodes-0:5321:5321 [1] NCCL INFO               + PCI[48.0] - GPU/0-83000 (4)
gpu-nodes-0:5321:5321 [1] NCCL INFO                             + NVL[721.8] - NVS/0-0
gpu-nodes-0:5321:5321 [1] NCCL INFO + PCI[48.0] - PCI/0-91000 (1000c03015d91d72)
gpu-nodes-0:5321:5321 [1] NCCL INFO               + PCI[48.0] - NIC/0-94000
gpu-nodes-0:5321:5321 [1] NCCL INFO                             + NET[50.0] - NET/0-5 (0/c9bca0003e60050/1/50.000000)
gpu-nodes-0:5321:5321 [1] NCCL INFO                             + NET[50.0] - GIN/0-5
gpu-nodes-0:5321:5321 [1] NCCL INFO               + PCI[48.0] - GPU/0-93000 (5)
gpu-nodes-0:5321:5321 [1] NCCL INFO                             + NVL[721.8] - NVS/0-0
gpu-nodes-0:5321:5321 [1] NCCL INFO + PCI[48.0] - NIC/0-c1000
gpu-nodes-0:5321:5321 [1] NCCL INFO               + NET[50.0] - NET/0-e (0/a20fb90003bd70c4/1/50.000000)
gpu-nodes-0:5321:5321 [1] NCCL INFO               + NET[25.0] - NET/0-6 (0/a20fb90003bd70c4/1/25.000000)
gpu-nodes-0:5321:5321 [1] NCCL INFO               + NET[25.0] - GIN/0-6
gpu-nodes-0:5321:5321 [1] NCCL INFO               + NET[25.0] - NET/0-7 (0/a20fb90003bd70c4/2/25.000000)
gpu-nodes-0:5321:5321 [1] NCCL INFO               + NET[25.0] - GIN/0-7
gpu-nodes-0:5321:5321 [1] NCCL INFO + PCI[48.0] - PCI/0-e1000 (1000c03015d91d72)
gpu-nodes-0:5321:5321 [1] NCCL INFO               + PCI[48.0] - NIC/0-e4000
gpu-nodes-0:5321:5321 [1] NCCL INFO                             + NET[50.0] - NET/0-c (0/cca2ca0003e60050/1/50.000000)
gpu-nodes-0:5321:5321 [1] NCCL INFO                             + NET[50.0] - GIN/0-c
gpu-nodes-0:5321:5321 [1] NCCL INFO               + PCI[48.0] - GPU/0-e3000 (6)
gpu-nodes-0:5321:5321 [1] NCCL INFO                             + NVL[721.8] - NVS/0-0
gpu-nodes-0:5321:5321 [1] NCCL INFO + PCI[48.0] - PCI/0-f1000 (1000c03015d91d72)
gpu-nodes-0:5321:5321 [1] NCCL INFO               + PCI[48.0] - NIC/0-f4000
gpu-nodes-0:5321:5321 [1] NCCL INFO                             + NET[50.0] - NET/0-d (0/ec9aca0003e60050/1/50.000000)
gpu-nodes-0:5321:5321 [1] NCCL INFO                             + NET[50.0] - GIN/0-d
gpu-nodes-0:5321:5321 [1] NCCL INFO               + PCI[48.0] - GPU/0-f3000 (7)
gpu-nodes-0:5321:5321 [1] NCCL INFO                             + NVL[721.8] - NVS/0-0
gpu-nodes-0:5321:5321 [1] NCCL INFO + SYS[16.0] - CPU/0-0
gpu-nodes-0:5321:5321 [1] NCCL INFO + PCI[1.5] - NIC/0-d2000
gpu-nodes-0:5321:5321 [1] NCCL INFO              + NET[50.0] - NET/0-f (0/1e62300003098c7c/1/50.000000)
gpu-nodes-0:5321:5321 [1] NCCL INFO              + NET[12.5] - NET/0-8 (0/1e62300003098c7c/1/12.500000)
gpu-nodes-0:5321:5321 [1] NCCL INFO              + NET[12.5] - GIN/0-8
gpu-nodes-0:5321:5321 [1] NCCL INFO              + NET[12.5] - NET/0-9 (0/1e62300003098c7c/2/12.500000)
gpu-nodes-0:5321:5321 [1] NCCL INFO              + NET[12.5] - GIN/0-9
gpu-nodes-0:5321:5321 [1] NCCL INFO              + NET[12.5] - NET/0-a (0/1e62300003098c7c/3/12.500000)
gpu-nodes-0:5321:5321 [1] NCCL INFO              + NET[12.5] - GIN/0-a
gpu-nodes-0:5321:5321 [1] NCCL INFO              + NET[12.5] - NET/0-b (0/1e62300003098c7c/4/12.500000)
gpu-nodes-0:5321:5321 [1] NCCL INFO              + NET[12.5] - GIN/0-b
gpu-nodes-0:5321:5321 [1] NCCL INFO ==========================================
gpu-nodes-0:5321:5321 [1] NCCL INFO GPU/0-3000 :GPU/0-3000 (0/5000.0/LOC) GPU/0-13000 (2/721.8/NVL) GPU/0-63000 (2/721.8/NVL) GPU/0-73000 (2/721.8/NVL) GPU/0-83000 (2/721.8/NVL) GPU/0-93000 (2/721.8/NVL) GPU/0-e3000 (2/721.8/NVL) GPU/0-f3000 (2/721.8/NVL) NVS/0-0 (1/721.8/NVL) CPU/0-0 (2/48.0/PHB) CPU/0-1 (3/16.0/SYS) NET/0-0 (3/48.0/PIX) NET/0-1 (5/48.0/PXN) NET/0-2 (5/48.0/PXN) NET/0-3 (5/48.0/PXN) NET/0-4 (5/48.0/PXN) NET/0-5 (5/48.0/PXN) NET/0-6 (5/16.0/SYS) NET/0-7 (5/16.0/SYS) NET/0-e (5/16.0/SYS) NET/0-8 (5/1.5/SYS) NET/0-9 (5/1.5/SYS) NET/0-a (5/1.5/SYS) NET/0-b (5/1.5/SYS) NET/0-f (5/1.5/SYS) NET/0-c (5/48.0/PXN) NET/0-d (5/48.0/PXN) GIN/0-0 (3/48.0/PIX) GIN/0-1 (5/48.0/PHB) GIN/0-2 (5/48.0/PHB) GIN/0-3 (5/48.0/PHB) GIN/0-4 (6/16.0/SYS) GIN/0-5 (6/16.0/SYS) GIN/0-6 (5/16.0/SYS) GIN/0-7 (5/16.0/SYS) GIN/0-8 (5/1.5/SYS) GIN/0-9 (5/1.5/SYS) GIN/0-a (5/1.5/SYS) GIN/0-b (5/1.5/SYS) GIN/0-c (6/16.0/SYS) GIN/0-d (6/16.0/SYS) 
gpu-nodes-0:5321:5321 [1] NCCL INFO GPU/0-13000 :GPU/0-3000 (2/721.8/NVL) GPU/0-13000 (0/5000.0/LOC) GPU/0-63000 (2/721.8/NVL) GPU/0-73000 (2/721.8/NVL) GPU/0-83000 (2/721.8/NVL) GPU/0-93000 (2/721.8/NVL) GPU/0-e3000 (2/721.8/NVL) GPU/0-f3000 (2/721.8/NVL) NVS/0-0 (1/721.8/NVL) CPU/0-0 (2/48.0/PHB) CPU/0-1 (3/16.0/SYS) NET/0-0 (5/48.0/PXN) NET/0-1 (3/48.0/PIX) NET/0-2 (5/48.0/PXN) NET/0-3 (5/48.0/PXN) NET/0-4 (5/48.0/PXN) NET/0-5 (5/48.0/PXN) NET/0-6 (5/16.0/SYS) NET/0-7 (5/16.0/SYS) NET/0-e (5/16.0/SYS) NET/0-8 (5/1.5/SYS) NET/0-9 (5/1.5/SYS) NET/0-a (5/1.5/SYS) NET/0-b (5/1.5/SYS) NET/0-f (5/1.5/SYS) NET/0-c (5/48.0/PXN) NET/0-d (5/48.0/PXN) GIN/0-0 (5/48.0/PHB) GIN/0-1 (3/48.0/PIX) GIN/0-2 (5/48.0/PHB) GIN/0-3 (5/48.0/PHB) GIN/0-4 (6/16.0/SYS) GIN/0-5 (6/16.0/SYS) GIN/0-6 (5/16.0/SYS) GIN/0-7 (5/16.0/SYS) GIN/0-8 (5/1.5/SYS) GIN/0-9 (5/1.5/SYS) GIN/0-a (5/1.5/SYS) GIN/0-b (5/1.5/SYS) GIN/0-c (6/16.0/SYS) GIN/0-d (6/16.0/SYS) 
gpu-nodes-0:5321:5321 [1] NCCL INFO GPU/0-63000 :GPU/0-3000 (2/721.8/NVL) GPU/0-13000 (2/721.8/NVL) GPU/0-63000 (0/5000.0/LOC) GPU/0-73000 (2/721.8/NVL) GPU/0-83000 (2/721.8/NVL) GPU/0-93000 (2/721.8/NVL) GPU/0-e3000 (2/721.8/NVL) GPU/0-f3000 (2/721.8/NVL) NVS/0-0 (1/721.8/NVL) CPU/0-0 (2/48.0/PHB) CPU/0-1 (3/16.0/SYS) NET/0-0 (5/48.0/PXN) NET/0-1 (5/48.0/PXN) NET/0-2 (3/48.0/PIX) NET/0-3 (5/48.0/PXN) NET/0-4 (5/48.0/PXN) NET/0-5 (5/48.0/PXN) NET/0-6 (5/16.0/SYS) NET/0-7 (5/16.0/SYS) NET/0-e (5/16.0/SYS) NET/0-8 (5/1.5/SYS) NET/0-9 (5/1.5/SYS) NET/0-a (5/1.5/SYS) NET/0-b (5/1.5/SYS) NET/0-f (5/1.5/SYS) NET/0-c (5/48.0/PXN) NET/0-d (5/48.0/PXN) GIN/0-0 (5/48.0/PHB) GIN/0-1 (5/48.0/PHB) GIN/0-2 (3/48.0/PIX) GIN/0-3 (5/48.0/PHB) GIN/0-4 (6/16.0/SYS) GIN/0-5 (6/16.0/SYS) GIN/0-6 (5/16.0/SYS) GIN/0-7 (5/16.0/SYS) GIN/0-8 (5/1.5/SYS) GIN/0-9 (5/1.5/SYS) GIN/0-a (5/1.5/SYS) GIN/0-b (5/1.5/SYS) GIN/0-c (6/16.0/SYS) GIN/0-d (6/16.0/SYS) 
gpu-nodes-0:5321:5321 [1] NCCL INFO GPU/0-73000 :GPU/0-3000 (2/721.8/NVL) GPU/0-13000 (2/721.8/NVL) GPU/0-63000 (2/721.8/NVL) GPU/0-73000 (0/5000.0/LOC) GPU/0-83000 (2/721.8/NVL) GPU/0-93000 (2/721.8/NVL) GPU/0-e3000 (2/721.8/NVL) GPU/0-f3000 (2/721.8/NVL) NVS/0-0 (1/721.8/NVL) CPU/0-0 (2/48.0/PHB) CPU/0-1 (3/16.0/SYS) NET/0-0 (5/48.0/PXN) NET/0-1 (5/48.0/PXN) NET/0-2 (5/48.0/PXN) NET/0-3 (3/48.0/PIX) NET/0-4 (5/48.0/PXN) NET/0-5 (5/48.0/PXN) NET/0-6 (5/16.0/SYS) NET/0-7 (5/16.0/SYS) NET/0-e (5/16.0/SYS) NET/0-8 (5/1.5/SYS) NET/0-9 (5/1.5/SYS) NET/0-a (5/1.5/SYS) NET/0-b (5/1.5/SYS) NET/0-f (5/1.5/SYS) NET/0-c (5/48.0/PXN) NET/0-d (5/48.0/PXN) GIN/0-0 (5/48.0/PHB) GIN/0-1 (5/48.0/PHB) GIN/0-2 (5/48.0/PHB) GIN/0-3 (3/48.0/PIX) GIN/0-4 (6/16.0/SYS) GIN/0-5 (6/16.0/SYS) GIN/0-6 (5/16.0/SYS) GIN/0-7 (5/16.0/SYS) GIN/0-8 (5/1.5/SYS) GIN/0-9 (5/1.5/SYS) GIN/0-a (5/1.5/SYS) GIN/0-b (5/1.5/SYS) GIN/0-c (6/16.0/SYS) GIN/0-d (6/16.0/SYS) 
gpu-nodes-0:5321:5321 [1] NCCL INFO GPU/0-83000 :GPU/0-3000 (2/721.8/NVL) GPU/0-13000 (2/721.8/NVL) GPU/0-63000 (2/721.8/NVL) GPU/0-73000 (2/721.8/NVL) GPU/0-83000 (0/5000.0/LOC) GPU/0-93000 (2/721.8/NVL) GPU/0-e3000 (2/721.8/NVL) GPU/0-f3000 (2/721.8/NVL) NVS/0-0 (1/721.8/NVL) CPU/0-0 (3/16.0/SYS) CPU/0-1 (2/48.0/PHB) NET/0-0 (5/48.0/PXN) NET/0-1 (5/48.0/PXN) NET/0-2 (5/48.0/PXN) NET/0-3 (5/48.0/PXN) NET/0-4 (3/48.0/PIX) NET/0-5 (5/48.0/PXN) NET/0-6 (4/25.0/PHB) NET/0-7 (4/25.0/PHB) NET/0-e (4/48.0/PHB) NET/0-8 (4/1.5/PHB) NET/0-9 (4/1.5/PHB) NET/0-a (4/1.5/PHB) NET/0-b (4/1.5/PHB) NET/0-f (4/1.5/PHB) NET/0-c (5/48.0/PXN) NET/0-d (5/48.0/PXN) GIN/0-0 (6/16.0/SYS) GIN/0-1 (6/16.0/SYS) GIN/0-2 (6/16.0/SYS) GIN/0-3 (6/16.0/SYS) GIN/0-4 (3/48.0/PIX) GIN/0-5 (5/48.0/PHB) GIN/0-6 (4/25.0/PHB) GIN/0-7 (4/25.0/PHB) GIN/0-8 (4/1.5/PHB) GIN/0-9 (4/1.5/PHB) GIN/0-a (4/1.5/PHB) GIN/0-b (4/1.5/PHB) GIN/0-c (5/48.0/PHB) GIN/0-d (5/48.0/PHB) 
gpu-nodes-0:5321:5321 [1] NCCL INFO GPU/0-93000 :GPU/0-3000 (2/721.8/NVL) GPU/0-13000 (2/721.8/NVL) GPU/0-63000 (2/721.8/NVL) GPU/0-73000 (2/721.8/NVL) GPU/0-83000 (2/721.8/NVL) GPU/0-93000 (0/5000.0/LOC) GPU/0-e3000 (2/721.8/NVL) GPU/0-f3000 (2/721.8/NVL) NVS/0-0 (1/721.8/NVL) CPU/0-0 (3/16.0/SYS) CPU/0-1 (2/48.0/PHB) NET/0-0 (5/48.0/PXN) NET/0-1 (5/48.0/PXN) NET/0-2 (5/48.0/PXN) NET/0-3 (5/48.0/PXN) NET/0-4 (5/48.0/PXN) NET/0-5 (3/48.0/PIX) NET/0-6 (4/25.0/PHB) NET/0-7 (4/25.0/PHB) NET/0-e (4/48.0/PHB) NET/0-8 (4/1.5/PHB) NET/0-9 (4/1.5/PHB) NET/0-a (4/1.5/PHB) NET/0-b (4/1.5/PHB) NET/0-f (4/1.5/PHB) NET/0-c (5/48.0/PXN) NET/0-d (5/48.0/PXN) GIN/0-0 (6/16.0/SYS) GIN/0-1 (6/16.0/SYS) GIN/0-2 (6/16.0/SYS) GIN/0-3 (6/16.0/SYS) GIN/0-4 (5/48.0/PHB) GIN/0-5 (3/48.0/PIX) GIN/0-6 (4/25.0/PHB) GIN/0-7 (4/25.0/PHB) GIN/0-8 (4/1.5/PHB) GIN/0-9 (4/1.5/PHB) GIN/0-a (4/1.5/PHB) GIN/0-b (4/1.5/PHB) GIN/0-c (5/48.0/PHB) GIN/0-d (5/48.0/PHB) 
gpu-nodes-0:5321:5321 [1] NCCL INFO GPU/0-e3000 :GPU/0-3000 (2/721.8/NVL) GPU/0-13000 (2/721.8/NVL) GPU/0-63000 (2/721.8/NVL) GPU/0-73000 (2/721.8/NVL) GPU/0-83000 (2/721.8/NVL) GPU/0-93000 (2/721.8/NVL) GPU/0-e3000 (0/5000.0/LOC) GPU/0-f3000 (2/721.8/NVL) NVS/0-0 (1/721.8/NVL) CPU/0-0 (3/16.0/SYS) CPU/0-1 (2/48.0/PHB) NET/0-0 (5/48.0/PXN) NET/0-1 (5/48.0/PXN) NET/0-2 (5/48.0/PXN) NET/0-3 (5/48.0/PXN) NET/0-4 (5/48.0/PXN) NET/0-5 (5/48.0/PXN) NET/0-6 (4/25.0/PHB) NET/0-7 (4/25.0/PHB) NET/0-e (4/48.0/PHB) NET/0-8 (4/1.5/PHB) NET/0-9 (4/1.5/PHB) NET/0-a (4/1.5/PHB) NET/0-b (4/1.5/PHB) NET/0-f (4/1.5/PHB) NET/0-c (3/48.0/PIX) NET/0-d (5/48.0/PXN) GIN/0-0 (6/16.0/SYS) GIN/0-1 (6/16.0/SYS) GIN/0-2 (6/16.0/SYS) GIN/0-3 (6/16.0/SYS) GIN/0-4 (5/48.0/PHB) GIN/0-5 (5/48.0/PHB) GIN/0-6 (4/25.0/PHB) GIN/0-7 (4/25.0/PHB) GIN/0-8 (4/1.5/PHB) GIN/0-9 (4/1.5/PHB) GIN/0-a (4/1.5/PHB) GIN/0-b (4/1.5/PHB) GIN/0-c (3/48.0/PIX) GIN/0-d (5/48.0/PHB) 
gpu-nodes-0:5321:5321 [1] NCCL INFO GPU/0-f3000 :GPU/0-3000 (2/721.8/NVL) GPU/0-13000 (2/721.8/NVL) GPU/0-63000 (2/721.8/NVL) GPU/0-73000 (2/721.8/NVL) GPU/0-83000 (2/721.8/NVL) GPU/0-93000 (2/721.8/NVL) GPU/0-e3000 (2/721.8/NVL) GPU/0-f3000 (0/5000.0/LOC) NVS/0-0 (1/721.8/NVL) CPU/0-0 (3/16.0/SYS) CPU/0-1 (2/48.0/PHB) NET/0-0 (5/48.0/PXN) NET/0-1 (5/48.0/PXN) NET/0-2 (5/48.0/PXN) NET/0-3 (5/48.0/PXN) NET/0-4 (5/48.0/PXN) NET/0-5 (5/48.0/PXN) NET/0-6 (4/25.0/PHB) NET/0-7 (4/25.0/PHB) NET/0-e (4/48.0/PHB) NET/0-8 (4/1.5/PHB) NET/0-9 (4/1.5/PHB) NET/0-a (4/1.5/PHB) NET/0-b (4/1.5/PHB) NET/0-f (4/1.5/PHB) NET/0-c (5/48.0/PXN) NET/0-d (3/48.0/PIX) GIN/0-0 (6/16.0/SYS) GIN/0-1 (6/16.0/SYS) GIN/0-2 (6/16.0/SYS) GIN/0-3 (6/16.0/SYS) GIN/0-4 (5/48.0/PHB) GIN/0-5 (5/48.0/PHB) GIN/0-6 (4/25.0/PHB) GIN/0-7 (4/25.0/PHB) GIN/0-8 (4/1.5/PHB) GIN/0-9 (4/1.5/PHB) GIN/0-a (4/1.5/PHB) GIN/0-b (4/1.5/PHB) GIN/0-c (5/48.0/PHB) GIN/0-d (3/48.0/PIX) 
gpu-nodes-0:5321:5321 [1] NCCL INFO NET/0-0 :GPU/0-3000 (3/48.0/PIX) GPU/0-13000 (5/48.0/PHB) GPU/0-63000 (5/48.0/PHB) GPU/0-73000 (5/48.0/PHB) GPU/0-83000 (6/16.0/SYS) GPU/0-93000 (6/16.0/SYS) GPU/0-e3000 (6/16.0/SYS) GPU/0-f3000 (6/16.0/SYS) CPU/0-0 (3/48.0/PHB) CPU/0-1 (4/16.0/SYS) NET/0-0 (0/5000.0/LOC) NET/0-1 (6/48.0/PHB) NET/0-2 (6/48.0/PHB) NET/0-3 (6/48.0/PHB) NET/0-4 (7/16.0/SYS) NET/0-5 (7/16.0/SYS) NET/0-6 (6/16.0/SYS) NET/0-7 (6/16.0/SYS) NET/0-e (6/16.0/SYS) NET/0-8 (6/1.5/SYS) NET/0-9 (6/1.5/SYS) NET/0-a (6/1.5/SYS) NET/0-b (6/1.5/SYS) NET/0-f (6/1.5/SYS) NET/0-c (7/16.0/SYS) NET/0-d (7/16.0/SYS) GIN/0-0 (2/50.0/LOC) GIN/0-1 (6/48.0/PHB) GIN/0-2 (6/48.0/PHB) GIN/0-3 (6/48.0/PHB) GIN/0-4 (7/16.0/SYS) GIN/0-5 (7/16.0/SYS) GIN/0-6 (6/16.0/SYS) GIN/0-7 (6/16.0/SYS) GIN/0-8 (6/1.5/SYS) GIN/0-9 (6/1.5/SYS) GIN/0-a (6/1.5/SYS) GIN/0-b (6/1.5/SYS) GIN/0-c (7/16.0/SYS) GIN/0-d (7/16.0/SYS) 
gpu-nodes-0:5321:5321 [1] NCCL INFO NET/0-1 :GPU/0-3000 (5/48.0/PHB) GPU/0-13000 (3/48.0/PIX) GPU/0-63000 (5/48.0/PHB) GPU/0-73000 (5/48.0/PHB) GPU/0-83000 (6/16.0/SYS) GPU/0-93000 (6/16.0/SYS) GPU/0-e3000 (6/16.0/SYS) GPU/0-f3000 (6/16.0/SYS) CPU/0-0 (3/48.0/PHB) CPU/0-1 (4/16.0/SYS) NET/0-0 (6/48.0/PHB) NET/0-1 (0/5000.0/LOC) NET/0-2 (6/48.0/PHB) NET/0-3 (6/48.0/PHB) NET/0-4 (7/16.0/SYS) NET/0-5 (7/16.0/SYS) NET/0-6 (6/16.0/SYS) NET/0-7 (6/16.0/SYS) NET/0-e (6/16.0/SYS) NET/0-8 (6/1.5/SYS) NET/0-9 (6/1.5/SYS) NET/0-a (6/1.5/SYS) NET/0-b (6/1.5/SYS) NET/0-f (6/1.5/SYS) NET/0-c (7/16.0/SYS) NET/0-d (7/16.0/SYS) GIN/0-0 (6/48.0/PHB) GIN/0-1 (2/50.0/LOC) GIN/0-2 (6/48.0/PHB) GIN/0-3 (6/48.0/PHB) GIN/0-4 (7/16.0/SYS) GIN/0-5 (7/16.0/SYS) GIN/0-6 (6/16.0/SYS) GIN/0-7 (6/16.0/SYS) GIN/0-8 (6/1.5/SYS) GIN/0-9 (6/1.5/SYS) GIN/0-a (6/1.5/SYS) GIN/0-b (6/1.5/SYS) GIN/0-c (7/16.0/SYS) GIN/0-d (7/16.0/SYS) 
gpu-nodes-0:5321:5321 [1] NCCL INFO NET/0-2 :GPU/0-3000 (5/48.0/PHB) GPU/0-13000 (5/48.0/PHB) GPU/0-63000 (3/48.0/PIX) GPU/0-73000 (5/48.0/PHB) GPU/0-83000 (6/16.0/SYS) GPU/0-93000 (6/16.0/SYS) GPU/0-e3000 (6/16.0/SYS) GPU/0-f3000 (6/16.0/SYS) CPU/0-0 (3/48.0/PHB) CPU/0-1 (4/16.0/SYS) NET/0-0 (6/48.0/PHB) NET/0-1 (6/48.0/PHB) NET/0-2 (0/5000.0/LOC) NET/0-3 (6/48.0/PHB) NET/0-4 (7/16.0/SYS) NET/0-5 (7/16.0/SYS) NET/0-6 (6/16.0/SYS) NET/0-7 (6/16.0/SYS) NET/0-e (6/16.0/SYS) NET/0-8 (6/1.5/SYS) NET/0-9 (6/1.5/SYS) NET/0-a (6/1.5/SYS) NET/0-b (6/1.5/SYS) NET/0-f (6/1.5/SYS) NET/0-c (7/16.0/SYS) NET/0-d (7/16.0/SYS) GIN/0-0 (6/48.0/PHB) GIN/0-1 (6/48.0/PHB) GIN/0-2 (2/50.0/LOC) GIN/0-3 (6/48.0/PHB) GIN/0-4 (7/16.0/SYS) GIN/0-5 (7/16.0/SYS) GIN/0-6 (6/16.0/SYS) GIN/0-7 (6/16.0/SYS) GIN/0-8 (6/1.5/SYS) GIN/0-9 (6/1.5/SYS) GIN/0-a (6/1.5/SYS) GIN/0-b (6/1.5/SYS) GIN/0-c (7/16.0/SYS) GIN/0-d (7/16.0/SYS) 
gpu-nodes-0:5321:5321 [1] NCCL INFO NET/0-3 :GPU/0-3000 (5/48.0/PHB) GPU/0-13000 (5/48.0/PHB) GPU/0-63000 (5/48.0/PHB) GPU/0-73000 (3/48.0/PIX) GPU/0-83000 (6/16.0/SYS) GPU/0-93000 (6/16.0/SYS) GPU/0-e3000 (6/16.0/SYS) GPU/0-f3000 (6/16.0/SYS) CPU/0-0 (3/48.0/PHB) CPU/0-1 (4/16.0/SYS) NET/0-0 (6/48.0/PHB) NET/0-1 (6/48.0/PHB) NET/0-2 (6/48.0/PHB) NET/0-3 (0/5000.0/LOC) NET/0-4 (7/16.0/SYS) NET/0-5 (7/16.0/SYS) NET/0-6 (6/16.0/SYS) NET/0-7 (6/16.0/SYS) NET/0-e (6/16.0/SYS) NET/0-8 (6/1.5/SYS) NET/0-9 (6/1.5/SYS) NET/0-a (6/1.5/SYS) NET/0-b (6/1.5/SYS) NET/0-f (6/1.5/SYS) NET/0-c (7/16.0/SYS) NET/0-d (7/16.0/SYS) GIN/0-0 (6/48.0/PHB) GIN/0-1 (6/48.0/PHB) GIN/0-2 (6/48.0/PHB) GIN/0-3 (2/50.0/LOC) GIN/0-4 (7/16.0/SYS) GIN/0-5 (7/16.0/SYS) GIN/0-6 (6/16.0/SYS) GIN/0-7 (6/16.0/SYS) GIN/0-8 (6/1.5/SYS) GIN/0-9 (6/1.5/SYS) GIN/0-a (6/1.5/SYS) GIN/0-b (6/1.5/SYS) GIN/0-c (7/16.0/SYS) GIN/0-d (7/16.0/SYS) 
gpu-nodes-0:5321:5321 [1] NCCL INFO NET/0-4 :GPU/0-3000 (6/16.0/SYS) GPU/0-13000 (6/16.0/SYS) GPU/0-63000 (6/16.0/SYS) GPU/0-73000 (6/16.0/SYS) GPU/0-83000 (3/48.0/PIX) GPU/0-93000 (5/48.0/PHB) GPU/0-e3000 (5/48.0/PHB) GPU/0-f3000 (5/48.0/PHB) CPU/0-0 (4/16.0/SYS) CPU/0-1 (3/48.0/PHB) NET/0-0 (7/16.0/SYS) NET/0-1 (7/16.0/SYS) NET/0-2 (7/16.0/SYS) NET/0-3 (7/16.0/SYS) NET/0-4 (0/5000.0/LOC) NET/0-5 (6/48.0/PHB) NET/0-6 (5/25.0/PHB) NET/0-7 (5/25.0/PHB) NET/0-e (5/48.0/PHB) NET/0-8 (5/1.5/PHB) NET/0-9 (5/1.5/PHB) NET/0-a (5/1.5/PHB) NET/0-b (5/1.5/PHB) NET/0-f (5/1.5/PHB) NET/0-c (6/48.0/PHB) NET/0-d (6/48.0/PHB) GIN/0-0 (7/16.0/SYS) GIN/0-1 (7/16.0/SYS) GIN/0-2 (7/16.0/SYS) GIN/0-3 (7/16.0/SYS) GIN/0-4 (2/50.0/LOC) GIN/0-5 (6/48.0/PHB) GIN/0-6 (5/25.0/PHB) GIN/0-7 (5/25.0/PHB) GIN/0-8 (5/1.5/PHB) GIN/0-9 (5/1.5/PHB) GIN/0-a (5/1.5/PHB) GIN/0-b (5/1.5/PHB) GIN/0-c (6/48.0/PHB) GIN/0-d (6/48.0/PHB) 
gpu-nodes-0:5321:5321 [1] NCCL INFO NET/0-5 :GPU/0-3000 (6/16.0/SYS) GPU/0-13000 (6/16.0/SYS) GPU/0-63000 (6/16.0/SYS) GPU/0-73000 (6/16.0/SYS) GPU/0-83000 (5/48.0/PHB) GPU/0-93000 (3/48.0/PIX) GPU/0-e3000 (5/48.0/PHB) GPU/0-f3000 (5/48.0/PHB) CPU/0-0 (4/16.0/SYS) CPU/0-1 (3/48.0/PHB) NET/0-0 (7/16.0/SYS) NET/0-1 (7/16.0/SYS) NET/0-2 (7/16.0/SYS) NET/0-3 (7/16.0/SYS) NET/0-4 (6/48.0/PHB) NET/0-5 (0/5000.0/LOC) NET/0-6 (5/25.0/PHB) NET/0-7 (5/25.0/PHB) NET/0-e (5/48.0/PHB) NET/0-8 (5/1.5/PHB) NET/0-9 (5/1.5/PHB) NET/0-a (5/1.5/PHB) NET/0-b (5/1.5/PHB) NET/0-f (5/1.5/PHB) NET/0-c (6/48.0/PHB) NET/0-d (6/48.0/PHB) GIN/0-0 (7/16.0/SYS) GIN/0-1 (7/16.0/SYS) GIN/0-2 (7/16.0/SYS) GIN/0-3 (7/16.0/SYS) GIN/0-4 (6/48.0/PHB) GIN/0-5 (2/50.0/LOC) GIN/0-6 (5/25.0/PHB) GIN/0-7 (5/25.0/PHB) GIN/0-8 (5/1.5/PHB) GIN/0-9 (5/1.5/PHB) GIN/0-a (5/1.5/PHB) GIN/0-b (5/1.5/PHB) GIN/0-c (6/48.0/PHB) GIN/0-d (6/48.0/PHB) 
gpu-nodes-0:5321:5321 [1] NCCL INFO NET/0-6 :GPU/0-3000 (5/16.0/SYS) GPU/0-13000 (5/16.0/SYS) GPU/0-63000 (5/16.0/SYS) GPU/0-73000 (5/16.0/SYS) GPU/0-83000 (4/25.0/PHB) GPU/0-93000 (4/25.0/PHB) GPU/0-e3000 (4/25.0/PHB) GPU/0-f3000 (4/25.0/PHB) CPU/0-0 (3/16.0/SYS) CPU/0-1 (2/25.0/PHB) NET/0-0 (6/16.0/SYS) NET/0-1 (6/16.0/SYS) NET/0-2 (6/16.0/SYS) NET/0-3 (6/16.0/SYS) NET/0-4 (5/25.0/PHB) NET/0-5 (5/25.0/PHB) NET/0-6 (0/5000.0/LOC) NET/0-7 (2/25.0/LOC) NET/0-e (2/25.0/LOC) NET/0-8 (4/1.5/PHB) NET/0-9 (4/1.5/PHB) NET/0-a (4/1.5/PHB) NET/0-b (4/1.5/PHB) NET/0-f (4/1.5/PHB) NET/0-c (5/25.0/PHB) NET/0-d (5/25.0/PHB) GIN/0-0 (6/16.0/SYS) GIN/0-1 (6/16.0/SYS) GIN/0-2 (6/16.0/SYS) GIN/0-3 (6/16.0/SYS) GIN/0-4 (5/25.0/PHB) GIN/0-5 (5/25.0/PHB) GIN/0-6 (2/25.0/LOC) GIN/0-7 (2/25.0/LOC) GIN/0-8 (4/1.5/PHB) GIN/0-9 (4/1.5/PHB) GIN/0-a (4/1.5/PHB) GIN/0-b (4/1.5/PHB) GIN/0-c (5/25.0/PHB) GIN/0-d (5/25.0/PHB) 
gpu-nodes-0:5321:5321 [1] NCCL INFO NET/0-7 :GPU/0-3000 (5/16.0/SYS) GPU/0-13000 (5/16.0/SYS) GPU/0-63000 (5/16.0/SYS) GPU/0-73000 (5/16.0/SYS) GPU/0-83000 (4/25.0/PHB) GPU/0-93000 (4/25.0/PHB) GPU/0-e3000 (4/25.0/PHB) GPU/0-f3000 (4/25.0/PHB) CPU/0-0 (3/16.0/SYS) CPU/0-1 (2/25.0/PHB) NET/0-0 (6/16.0/SYS) NET/0-1 (6/16.0/SYS) NET/0-2 (6/16.0/SYS) NET/0-3 (6/16.0/SYS) NET/0-4 (5/25.0/PHB) NET/0-5 (5/25.0/PHB) NET/0-6 (2/25.0/LOC) NET/0-7 (0/5000.0/LOC) NET/0-e (2/25.0/LOC) NET/0-8 (4/1.5/PHB) NET/0-9 (4/1.5/PHB) NET/0-a (4/1.5/PHB) NET/0-b (4/1.5/PHB) NET/0-f (4/1.5/PHB) NET/0-c (5/25.0/PHB) NET/0-d (5/25.0/PHB) GIN/0-0 (6/16.0/SYS) GIN/0-1 (6/16.0/SYS) GIN/0-2 (6/16.0/SYS) GIN/0-3 (6/16.0/SYS) GIN/0-4 (5/25.0/PHB) GIN/0-5 (5/25.0/PHB) GIN/0-6 (2/25.0/LOC) GIN/0-7 (2/25.0/LOC) GIN/0-8 (4/1.5/PHB) GIN/0-9 (4/1.5/PHB) GIN/0-a (4/1.5/PHB) GIN/0-b (4/1.5/PHB) GIN/0-c (5/25.0/PHB) GIN/0-d (5/25.0/PHB) 
gpu-nodes-0:5321:5321 [1] NCCL INFO NET/0-e :GPU/0-3000 (5/16.0/SYS) GPU/0-13000 (5/16.0/SYS) GPU/0-63000 (5/16.0/SYS) GPU/0-73000 (5/16.0/SYS) GPU/0-83000 (4/48.0/PHB) GPU/0-93000 (4/48.0/PHB) GPU/0-e3000 (4/48.0/PHB) GPU/0-f3000 (4/48.0/PHB) CPU/0-0 (3/16.0/SYS) CPU/0-1 (2/48.0/PHB) NET/0-0 (6/16.0/SYS) NET/0-1 (6/16.0/SYS) NET/0-2 (6/16.0/SYS) NET/0-3 (6/16.0/SYS) NET/0-4 (5/48.0/PHB) NET/0-5 (5/48.0/PHB) NET/0-6 (2/25.0/LOC) NET/0-7 (2/25.0/LOC) NET/0-e (0/5000.0/LOC) NET/0-8 (4/1.5/PHB) NET/0-9 (4/1.5/PHB) NET/0-a (4/1.5/PHB) NET/0-b (4/1.5/PHB) NET/0-f (4/1.5/PHB) NET/0-c (5/48.0/PHB) NET/0-d (5/48.0/PHB) GIN/0-0 (6/16.0/SYS) GIN/0-1 (6/16.0/SYS) GIN/0-2 (6/16.0/SYS) GIN/0-3 (6/16.0/SYS) GIN/0-4 (5/48.0/PHB) GIN/0-5 (5/48.0/PHB) GIN/0-6 (2/25.0/LOC) GIN/0-7 (2/25.0/LOC) GIN/0-8 (4/1.5/PHB) GIN/0-9 (4/1.5/PHB) GIN/0-a (4/1.5/PHB) GIN/0-b (4/1.5/PHB) GIN/0-c (5/48.0/PHB) GIN/0-d (5/48.0/PHB) 
gpu-nodes-0:5321:5321 [1] NCCL INFO NET/0-8 :GPU/0-3000 (5/1.5/SYS) GPU/0-13000 (5/1.5/SYS) GPU/0-63000 (5/1.5/SYS) GPU/0-73000 (5/1.5/SYS) GPU/0-83000 (4/1.5/PHB) GPU/0-93000 (4/1.5/PHB) GPU/0-e3000 (4/1.5/PHB) GPU/0-f3000 (4/1.5/PHB) CPU/0-0 (3/1.5/SYS) CPU/0-1 (2/1.5/PHB) NET/0-0 (6/1.5/SYS) NET/0-1 (6/1.5/SYS) NET/0-2 (6/1.5/SYS) NET/0-3 (6/1.5/SYS) NET/0-4 (5/1.5/PHB) NET/0-5 (5/1.5/PHB) NET/0-6 (4/1.5/PHB) NET/0-7 (4/1.5/PHB) NET/0-e (4/1.5/PHB) NET/0-8 (0/5000.0/LOC) NET/0-9 (2/12.5/LOC) NET/0-a (2/12.5/LOC) NET/0-b (2/12.5/LOC) NET/0-f (2/12.5/LOC) NET/0-c (5/1.5/PHB) NET/0-d (5/1.5/PHB) GIN/0-0 (6/1.5/SYS) GIN/0-1 (6/1.5/SYS) GIN/0-2 (6/1.5/SYS) GIN/0-3 (6/1.5/SYS) GIN/0-4 (5/1.5/PHB) GIN/0-5 (5/1.5/PHB) GIN/0-6 (4/1.5/PHB) GIN/0-7 (4/1.5/PHB) GIN/0-8 (2/12.5/LOC) GIN/0-9 (2/12.5/LOC) GIN/0-a (2/12.5/LOC) GIN/0-b (2/12.5/LOC) GIN/0-c (5/1.5/PHB) GIN/0-d (5/1.5/PHB) 
gpu-nodes-0:5321:5321 [1] NCCL INFO NET/0-9 :GPU/0-3000 (5/1.5/SYS) GPU/0-13000 (5/1.5/SYS) GPU/0-63000 (5/1.5/SYS) GPU/0-73000 (5/1.5/SYS) GPU/0-83000 (4/1.5/PHB) GPU/0-93000 (4/1.5/PHB) GPU/0-e3000 (4/1.5/PHB) GPU/0-f3000 (4/1.5/PHB) CPU/0-0 (3/1.5/SYS) CPU/0-1 (2/1.5/PHB) NET/0-0 (6/1.5/SYS) NET/0-1 (6/1.5/SYS) NET/0-2 (6/1.5/SYS) NET/0-3 (6/1.5/SYS) NET/0-4 (5/1.5/PHB) NET/0-5 (5/1.5/PHB) NET/0-6 (4/1.5/PHB) NET/0-7 (4/1.5/PHB) NET/0-e (4/1.5/PHB) NET/0-8 (2/12.5/LOC) NET/0-9 (0/5000.0/LOC) NET/0-a (2/12.5/LOC) NET/0-b (2/12.5/LOC) NET/0-f (2/12.5/LOC) NET/0-c (5/1.5/PHB) NET/0-d (5/1.5/PHB) GIN/0-0 (6/1.5/SYS) GIN/0-1 (6/1.5/SYS) GIN/0-2 (6/1.5/SYS) GIN/0-3 (6/1.5/SYS) GIN/0-4 (5/1.5/PHB) GIN/0-5 (5/1.5/PHB) GIN/0-6 (4/1.5/PHB) GIN/0-7 (4/1.5/PHB) GIN/0-8 (2/12.5/LOC) GIN/0-9 (2/12.5/LOC) GIN/0-a (2/12.5/LOC) GIN/0-b (2/12.5/LOC) GIN/0-c (5/1.5/PHB) GIN/0-d (5/1.5/PHB) 
gpu-nodes-0:5321:5321 [1] NCCL INFO NET/0-a :GPU/0-3000 (5/1.5/SYS) GPU/0-13000 (5/1.5/SYS) GPU/0-63000 (5/1.5/SYS) GPU/0-73000 (5/1.5/SYS) GPU/0-83000 (4/1.5/PHB) GPU/0-93000 (4/1.5/PHB) GPU/0-e3000 (4/1.5/PHB) GPU/0-f3000 (4/1.5/PHB) CPU/0-0 (3/1.5/SYS) CPU/0-1 (2/1.5/PHB) NET/0-0 (6/1.5/SYS) NET/0-1 (6/1.5/SYS) NET/0-2 (6/1.5/SYS) NET/0-3 (6/1.5/SYS) NET/0-4 (5/1.5/PHB) NET/0-5 (5/1.5/PHB) NET/0-6 (4/1.5/PHB) NET/0-7 (4/1.5/PHB) NET/0-e (4/1.5/PHB) NET/0-8 (2/12.5/LOC) NET/0-9 (2/12.5/LOC) NET/0-a (0/5000.0/LOC) NET/0-b (2/12.5/LOC) NET/0-f (2/12.5/LOC) NET/0-c (5/1.5/PHB) NET/0-d (5/1.5/PHB) GIN/0-0 (6/1.5/SYS) GIN/0-1 (6/1.5/SYS) GIN/0-2 (6/1.5/SYS) GIN/0-3 (6/1.5/SYS) GIN/0-4 (5/1.5/PHB) GIN/0-5 (5/1.5/PHB) GIN/0-6 (4/1.5/PHB) GIN/0-7 (4/1.5/PHB) GIN/0-8 (2/12.5/LOC) GIN/0-9 (2/12.5/LOC) GIN/0-a (2/12.5/LOC) GIN/0-b (2/12.5/LOC) GIN/0-c (5/1.5/PHB) GIN/0-d (5/1.5/PHB) 
gpu-nodes-0:5321:5321 [1] NCCL INFO NET/0-b :GPU/0-3000 (5/1.5/SYS) GPU/0-13000 (5/1.5/SYS) GPU/0-63000 (5/1.5/SYS) GPU/0-73000 (5/1.5/SYS) GPU/0-83000 (4/1.5/PHB) GPU/0-93000 (4/1.5/PHB) GPU/0-e3000 (4/1.5/PHB) GPU/0-f3000 (4/1.5/PHB) CPU/0-0 (3/1.5/SYS) CPU/0-1 (2/1.5/PHB) NET/0-0 (6/1.5/SYS) NET/0-1 (6/1.5/SYS) NET/0-2 (6/1.5/SYS) NET/0-3 (6/1.5/SYS) NET/0-4 (5/1.5/PHB) NET/0-5 (5/1.5/PHB) NET/0-6 (4/1.5/PHB) NET/0-7 (4/1.5/PHB) NET/0-e (4/1.5/PHB) NET/0-8 (2/12.5/LOC) NET/0-9 (2/12.5/LOC) NET/0-a (2/12.5/LOC) NET/0-b (0/5000.0/LOC) NET/0-f (2/12.5/LOC) NET/0-c (5/1.5/PHB) NET/0-d (5/1.5/PHB) GIN/0-0 (6/1.5/SYS) GIN/0-1 (6/1.5/SYS) GIN/0-2 (6/1.5/SYS) GIN/0-3 (6/1.5/SYS) GIN/0-4 (5/1.5/PHB) GIN/0-5 (5/1.5/PHB) GIN/0-6 (4/1.5/PHB) GIN/0-7 (4/1.5/PHB) GIN/0-8 (2/12.5/LOC) GIN/0-9 (2/12.5/LOC) GIN/0-a (2/12.5/LOC) GIN/0-b (2/12.5/LOC) GIN/0-c (5/1.5/PHB) GIN/0-d (5/1.5/PHB) 
gpu-nodes-0:5321:5321 [1] NCCL INFO NET/0-f :GPU/0-3000 (5/1.5/SYS) GPU/0-13000 (5/1.5/SYS) GPU/0-63000 (5/1.5/SYS) GPU/0-73000 (5/1.5/SYS) GPU/0-83000 (4/1.5/PHB) GPU/0-93000 (4/1.5/PHB) GPU/0-e3000 (4/1.5/PHB) GPU/0-f3000 (4/1.5/PHB) CPU/0-0 (3/1.5/SYS) CPU/0-1 (2/1.5/PHB) NET/0-0 (6/1.5/SYS) NET/0-1 (6/1.5/SYS) NET/0-2 (6/1.5/SYS) NET/0-3 (6/1.5/SYS) NET/0-4 (5/1.5/PHB) NET/0-5 (5/1.5/PHB) NET/0-6 (4/1.5/PHB) NET/0-7 (4/1.5/PHB) NET/0-e (4/1.5/PHB) NET/0-8 (2/12.5/LOC) NET/0-9 (2/12.5/LOC) NET/0-a (2/12.5/LOC) NET/0-b (2/12.5/LOC) NET/0-f (0/5000.0/LOC) NET/0-c (5/1.5/PHB) NET/0-d (5/1.5/PHB) GIN/0-0 (6/1.5/SYS) GIN/0-1 (6/1.5/SYS) GIN/0-2 (6/1.5/SYS) GIN/0-3 (6/1.5/SYS) GIN/0-4 (5/1.5/PHB) GIN/0-5 (5/1.5/PHB) GIN/0-6 (4/1.5/PHB) GIN/0-7 (4/1.5/PHB) GIN/0-8 (2/12.5/LOC) GIN/0-9 (2/12.5/LOC) GIN/0-a (2/12.5/LOC) GIN/0-b (2/12.5/LOC) GIN/0-c (5/1.5/PHB) GIN/0-d (5/1.5/PHB) 
gpu-nodes-0:5321:5321 [1] NCCL INFO NET/0-c :GPU/0-3000 (6/16.0/SYS) GPU/0-13000 (6/16.0/SYS) GPU/0-63000 (6/16.0/SYS) GPU/0-73000 (6/16.0/SYS) GPU/0-83000 (5/48.0/PHB) GPU/0-93000 (5/48.0/PHB) GPU/0-e3000 (3/48.0/PIX) GPU/0-f3000 (5/48.0/PHB) CPU/0-0 (4/16.0/SYS) CPU/0-1 (3/48.0/PHB) NET/0-0 (7/16.0/SYS) NET/0-1 (7/16.0/SYS) NET/0-2 (7/16.0/SYS) NET/0-3 (7/16.0/SYS) NET/0-4 (6/48.0/PHB) NET/0-5 (6/48.0/PHB) NET/0-6 (5/25.0/PHB) NET/0-7 (5/25.0/PHB) NET/0-e (5/48.0/PHB) NET/0-8 (5/1.5/PHB) NET/0-9 (5/1.5/PHB) NET/0-a (5/1.5/PHB) NET/0-b (5/1.5/PHB) NET/0-f (5/1.5/PHB) NET/0-c (0/5000.0/LOC) NET/0-d (6/48.0/PHB) GIN/0-0 (7/16.0/SYS) GIN/0-1 (7/16.0/SYS) GIN/0-2 (7/16.0/SYS) GIN/0-3 (7/16.0/SYS) GIN/0-4 (6/48.0/PHB) GIN/0-5 (6/48.0/PHB) GIN/0-6 (5/25.0/PHB) GIN/0-7 (5/25.0/PHB) GIN/0-8 (5/1.5/PHB) GIN/0-9 (5/1.5/PHB) GIN/0-a (5/1.5/PHB) GIN/0-b (5/1.5/PHB) GIN/0-c (2/50.0/LOC) GIN/0-d (6/48.0/PHB) 
gpu-nodes-0:5321:5321 [1] NCCL INFO NET/0-d :GPU/0-3000 (6/16.0/SYS) GPU/0-13000 (6/16.0/SYS) GPU/0-63000 (6/16.0/SYS) GPU/0-73000 (6/16.0/SYS) GPU/0-83000 (5/48.0/PHB) GPU/0-93000 (5/48.0/PHB) GPU/0-e3000 (5/48.0/PHB) GPU/0-f3000 (3/48.0/PIX) CPU/0-0 (4/16.0/SYS) CPU/0-1 (3/48.0/PHB) NET/0-0 (7/16.0/SYS) NET/0-1 (7/16.0/SYS) NET/0-2 (7/16.0/SYS) NET/0-3 (7/16.0/SYS) NET/0-4 (6/48.0/PHB) NET/0-5 (6/48.0/PHB) NET/0-6 (5/25.0/PHB) NET/0-7 (5/25.0/PHB) NET/0-e (5/48.0/PHB) NET/0-8 (5/1.5/PHB) NET/0-9 (5/1.5/PHB) NET/0-a (5/1.5/PHB) NET/0-b (5/1.5/PHB) NET/0-f (5/1.5/PHB) NET/0-c (6/48.0/PHB) NET/0-d (0/5000.0/LOC) GIN/0-0 (7/16.0/SYS) GIN/0-1 (7/16.0/SYS) GIN/0-2 (7/16.0/SYS) GIN/0-3 (7/16.0/SYS) GIN/0-4 (6/48.0/PHB) GIN/0-5 (6/48.0/PHB) GIN/0-6 (5/25.0/PHB) GIN/0-7 (5/25.0/PHB) GIN/0-8 (5/1.5/PHB) GIN/0-9 (5/1.5/PHB) GIN/0-a (5/1.5/PHB) GIN/0-b (5/1.5/PHB) GIN/0-c (6/48.0/PHB) GIN/0-d (2/50.0/LOC) 
gpu-nodes-0:5321:5321 [1] NCCL INFO GIN/0-0 :GPU/0-3000 (3/48.0/PIX) GPU/0-13000 (5/48.0/PHB) GPU/0-63000 (5/48.0/PHB) GPU/0-73000 (5/48.0/PHB) GPU/0-83000 (6/16.0/SYS) GPU/0-93000 (6/16.0/SYS) GPU/0-e3000 (6/16.0/SYS) GPU/0-f3000 (6/16.0/SYS) CPU/0-0 (3/48.0/PHB) CPU/0-1 (4/16.0/SYS) NET/0-0 (2/50.0/LOC) NET/0-1 (6/48.0/PHB) NET/0-2 (6/48.0/PHB) NET/0-3 (6/48.0/PHB) NET/0-4 (7/16.0/SYS) NET/0-5 (7/16.0/SYS) NET/0-6 (6/16.0/SYS) NET/0-7 (6/16.0/SYS) NET/0-e (6/16.0/SYS) NET/0-8 (6/1.5/SYS) NET/0-9 (6/1.5/SYS) NET/0-a (6/1.5/SYS) NET/0-b (6/1.5/SYS) NET/0-f (6/1.5/SYS) NET/0-c (7/16.0/SYS) NET/0-d (7/16.0/SYS) GIN/0-0 (0/5000.0/LOC) GIN/0-1 (6/48.0/PHB) GIN/0-2 (6/48.0/PHB) GIN/0-3 (6/48.0/PHB) GIN/0-4 (7/16.0/SYS) GIN/0-5 (7/16.0/SYS) GIN/0-6 (6/16.0/SYS) GIN/0-7 (6/16.0/SYS) GIN/0-8 (6/1.5/SYS) GIN/0-9 (6/1.5/SYS) GIN/0-a (6/1.5/SYS) GIN/0-b (6/1.5/SYS) GIN/0-c (7/16.0/SYS) GIN/0-d (7/16.0/SYS) 
gpu-nodes-0:5321:5321 [1] NCCL INFO GIN/0-1 :GPU/0-3000 (5/48.0/PHB) GPU/0-13000 (3/48.0/PIX) GPU/0-63000 (5/48.0/PHB) GPU/0-73000 (5/48.0/PHB) GPU/0-83000 (6/16.0/SYS) GPU/0-93000 (6/16.0/SYS) GPU/0-e3000 (6/16.0/SYS) GPU/0-f3000 (6/16.0/SYS) CPU/0-0 (3/48.0/PHB) CPU/0-1 (4/16.0/SYS) NET/0-0 (6/48.0/PHB) NET/0-1 (2/50.0/LOC) NET/0-2 (6/48.0/PHB) NET/0-3 (6/48.0/PHB) NET/0-4 (7/16.0/SYS) NET/0-5 (7/16.0/SYS) NET/0-6 (6/16.0/SYS) NET/0-7 (6/16.0/SYS) NET/0-e (6/16.0/SYS) NET/0-8 (6/1.5/SYS) NET/0-9 (6/1.5/SYS) NET/0-a (6/1.5/SYS) NET/0-b (6/1.5/SYS) NET/0-f (6/1.5/SYS) NET/0-c (7/16.0/SYS) NET/0-d (7/16.0/SYS) GIN/0-0 (6/48.0/PHB) GIN/0-1 (0/5000.0/LOC) GIN/0-2 (6/48.0/PHB) GIN/0-3 (6/48.0/PHB) GIN/0-4 (7/16.0/SYS) GIN/0-5 (7/16.0/SYS) GIN/0-6 (6/16.0/SYS) GIN/0-7 (6/16.0/SYS) GIN/0-8 (6/1.5/SYS) GIN/0-9 (6/1.5/SYS) GIN/0-a (6/1.5/SYS) GIN/0-b (6/1.5/SYS) GIN/0-c (7/16.0/SYS) GIN/0-d (7/16.0/SYS) 
gpu-nodes-0:5321:5321 [1] NCCL INFO GIN/0-2 :GPU/0-3000 (5/48.0/PHB) GPU/0-13000 (5/48.0/PHB) GPU/0-63000 (3/48.0/PIX) GPU/0-73000 (5/48.0/PHB) GPU/0-83000 (6/16.0/SYS) GPU/0-93000 (6/16.0/SYS) GPU/0-e3000 (6/16.0/SYS) GPU/0-f3000 (6/16.0/SYS) CPU/0-0 (3/48.0/PHB) CPU/0-1 (4/16.0/SYS) NET/0-0 (6/48.0/PHB) NET/0-1 (6/48.0/PHB) NET/0-2 (2/50.0/LOC) NET/0-3 (6/48.0/PHB) NET/0-4 (7/16.0/SYS) NET/0-5 (7/16.0/SYS) NET/0-6 (6/16.0/SYS) NET/0-7 (6/16.0/SYS) NET/0-e (6/16.0/SYS) NET/0-8 (6/1.5/SYS) NET/0-9 (6/1.5/SYS) NET/0-a (6/1.5/SYS) NET/0-b (6/1.5/SYS) NET/0-f (6/1.5/SYS) NET/0-c (7/16.0/SYS) NET/0-d (7/16.0/SYS) GIN/0-0 (6/48.0/PHB) GIN/0-1 (6/48.0/PHB) GIN/0-2 (0/5000.0/LOC) GIN/0-3 (6/48.0/PHB) GIN/0-4 (7/16.0/SYS) GIN/0-5 (7/16.0/SYS) GIN/0-6 (6/16.0/SYS) GIN/0-7 (6/16.0/SYS) GIN/0-8 (6/1.5/SYS) GIN/0-9 (6/1.5/SYS) GIN/0-a (6/1.5/SYS) GIN/0-b (6/1.5/SYS) GIN/0-c (7/16.0/SYS) GIN/0-d (7/16.0/SYS) 
gpu-nodes-0:5321:5321 [1] NCCL INFO GIN/0-3 :GPU/0-3000 (5/48.0/PHB) GPU/0-13000 (5/48.0/PHB) GPU/0-63000 (5/48.0/PHB) GPU/0-73000 (3/48.0/PIX) GPU/0-83000 (6/16.0/SYS) GPU/0-93000 (6/16.0/SYS) GPU/0-e3000 (6/16.0/SYS) GPU/0-f3000 (6/16.0/SYS) CPU/0-0 (3/48.0/PHB) CPU/0-1 (4/16.0/SYS) NET/0-0 (6/48.0/PHB) NET/0-1 (6/48.0/PHB) NET/0-2 (6/48.0/PHB) NET/0-3 (2/50.0/LOC) NET/0-4 (7/16.0/SYS) NET/0-5 (7/16.0/SYS) NET/0-6 (6/16.0/SYS) NET/0-7 (6/16.0/SYS) NET/0-e (6/16.0/SYS) NET/0-8 (6/1.5/SYS) NET/0-9 (6/1.5/SYS) NET/0-a (6/1.5/SYS) NET/0-b (6/1.5/SYS) NET/0-f (6/1.5/SYS) NET/0-c (7/16.0/SYS) NET/0-d (7/16.0/SYS) GIN/0-0 (6/48.0/PHB) GIN/0-1 (6/48.0/PHB) GIN/0-2 (6/48.0/PHB) GIN/0-3 (0/5000.0/LOC) GIN/0-4 (7/16.0/SYS) GIN/0-5 (7/16.0/SYS) GIN/0-6 (6/16.0/SYS) GIN/0-7 (6/16.0/SYS) GIN/0-8 (6/1.5/SYS) GIN/0-9 (6/1.5/SYS) GIN/0-a (6/1.5/SYS) GIN/0-b (6/1.5/SYS) GIN/0-c (7/16.0/SYS) GIN/0-d (7/16.0/SYS) 
gpu-nodes-0:5321:5321 [1] NCCL INFO GIN/0-4 :GPU/0-3000 (6/16.0/SYS) GPU/0-13000 (6/16.0/SYS) GPU/0-63000 (6/16.0/SYS) GPU/0-73000 (6/16.0/SYS) GPU/0-83000 (3/48.0/PIX) GPU/0-93000 (5/48.0/PHB) GPU/0-e3000 (5/48.0/PHB) GPU/0-f3000 (5/48.0/PHB) CPU/0-0 (4/16.0/SYS) CPU/0-1 (3/48.0/PHB) NET/0-0 (7/16.0/SYS) NET/0-1 (7/16.0/SYS) NET/0-2 (7/16.0/SYS) NET/0-3 (7/16.0/SYS) NET/0-4 (2/50.0/LOC) NET/0-5 (6/48.0/PHB) NET/0-6 (5/25.0/PHB) NET/0-7 (5/25.0/PHB) NET/0-e (5/48.0/PHB) NET/0-8 (5/1.5/PHB) NET/0-9 (5/1.5/PHB) NET/0-a (5/1.5/PHB) NET/0-b (5/1.5/PHB) NET/0-f (5/1.5/PHB) NET/0-c (6/48.0/PHB) NET/0-d (6/48.0/PHB) GIN/0-0 (7/16.0/SYS) GIN/0-1 (7/16.0/SYS) GIN/0-2 (7/16.0/SYS) GIN/0-3 (7/16.0/SYS) GIN/0-4 (0/5000.0/LOC) GIN/0-5 (6/48.0/PHB) GIN/0-6 (5/25.0/PHB) GIN/0-7 (5/25.0/PHB) GIN/0-8 (5/1.5/PHB) GIN/0-9 (5/1.5/PHB) GIN/0-a (5/1.5/PHB) GIN/0-b (5/1.5/PHB) GIN/0-c (6/48.0/PHB) GIN/0-d (6/48.0/PHB) 
gpu-nodes-0:5321:5321 [1] NCCL INFO GIN/0-5 :GPU/0-3000 (6/16.0/SYS) GPU/0-13000 (6/16.0/SYS) GPU/0-63000 (6/16.0/SYS) GPU/0-73000 (6/16.0/SYS) GPU/0-83000 (5/48.0/PHB) GPU/0-93000 (3/48.0/PIX) GPU/0-e3000 (5/48.0/PHB) GPU/0-f3000 (5/48.0/PHB) CPU/0-0 (4/16.0/SYS) CPU/0-1 (3/48.0/PHB) NET/0-0 (7/16.0/SYS) NET/0-1 (7/16.0/SYS) NET/0-2 (7/16.0/SYS) NET/0-3 (7/16.0/SYS) NET/0-4 (6/48.0/PHB) NET/0-5 (2/50.0/LOC) NET/0-6 (5/25.0/PHB) NET/0-7 (5/25.0/PHB) NET/0-e (5/48.0/PHB) NET/0-8 (5/1.5/PHB) NET/0-9 (5/1.5/PHB) NET/0-a (5/1.5/PHB) NET/0-b (5/1.5/PHB) NET/0-f (5/1.5/PHB) NET/0-c (6/48.0/PHB) NET/0-d (6/48.0/PHB) GIN/0-0 (7/16.0/SYS) GIN/0-1 (7/16.0/SYS) GIN/0-2 (7/16.0/SYS) GIN/0-3 (7/16.0/SYS) GIN/0-4 (6/48.0/PHB) GIN/0-5 (0/5000.0/LOC) GIN/0-6 (5/25.0/PHB) GIN/0-7 (5/25.0/PHB) GIN/0-8 (5/1.5/PHB) GIN/0-9 (5/1.5/PHB) GIN/0-a (5/1.5/PHB) GIN/0-b (5/1.5/PHB) GIN/0-c (6/48.0/PHB) GIN/0-d (6/48.0/PHB) 
gpu-nodes-0:5321:5321 [1] NCCL INFO GIN/0-6 :GPU/0-3000 (5/16.0/SYS) GPU/0-13000 (5/16.0/SYS) GPU/0-63000 (5/16.0/SYS) GPU/0-73000 (5/16.0/SYS) GPU/0-83000 (4/25.0/PHB) GPU/0-93000 (4/25.0/PHB) GPU/0-e3000 (4/25.0/PHB) GPU/0-f3000 (4/25.0/PHB) CPU/0-0 (3/16.0/SYS) CPU/0-1 (2/25.0/PHB) NET/0-0 (6/16.0/SYS) NET/0-1 (6/16.0/SYS) NET/0-2 (6/16.0/SYS) NET/0-3 (6/16.0/SYS) NET/0-4 (5/25.0/PHB) NET/0-5 (5/25.0/PHB) NET/0-6 (2/25.0/LOC) NET/0-7 (2/25.0/LOC) NET/0-e (2/25.0/LOC) NET/0-8 (4/1.5/PHB) NET/0-9 (4/1.5/PHB) NET/0-a (4/1.5/PHB) NET/0-b (4/1.5/PHB) NET/0-f (4/1.5/PHB) NET/0-c (5/25.0/PHB) NET/0-d (5/25.0/PHB) GIN/0-0 (6/16.0/SYS) GIN/0-1 (6/16.0/SYS) GIN/0-2 (6/16.0/SYS) GIN/0-3 (6/16.0/SYS) GIN/0-4 (5/25.0/PHB) GIN/0-5 (5/25.0/PHB) GIN/0-6 (0/5000.0/LOC) GIN/0-7 (2/25.0/LOC) GIN/0-8 (4/1.5/PHB) GIN/0-9 (4/1.5/PHB) GIN/0-a (4/1.5/PHB) GIN/0-b (4/1.5/PHB) GIN/0-c (5/25.0/PHB) GIN/0-d (5/25.0/PHB) 
gpu-nodes-0:5321:5321 [1] NCCL INFO GIN/0-7 :GPU/0-3000 (5/16.0/SYS) GPU/0-13000 (5/16.0/SYS) GPU/0-63000 (5/16.0/SYS) GPU/0-73000 (5/16.0/SYS) GPU/0-83000 (4/25.0/PHB) GPU/0-93000 (4/25.0/PHB) GPU/0-e3000 (4/25.0/PHB) GPU/0-f3000 (4/25.0/PHB) CPU/0-0 (3/16.0/SYS) CPU/0-1 (2/25.0/PHB) NET/0-0 (6/16.0/SYS) NET/0-1 (6/16.0/SYS) NET/0-2 (6/16.0/SYS) NET/0-3 (6/16.0/SYS) NET/0-4 (5/25.0/PHB) NET/0-5 (5/25.0/PHB) NET/0-6 (2/25.0/LOC) NET/0-7 (2/25.0/LOC) NET/0-e (2/25.0/LOC) NET/0-8 (4/1.5/PHB) NET/0-9 (4/1.5/PHB) NET/0-a (4/1.5/PHB) NET/0-b (4/1.5/PHB) NET/0-f (4/1.5/PHB) NET/0-c (5/25.0/PHB) NET/0-d (5/25.0/PHB) GIN/0-0 (6/16.0/SYS) GIN/0-1 (6/16.0/SYS) GIN/0-2 (6/16.0/SYS) GIN/0-3 (6/16.0/SYS) GIN/0-4 (5/25.0/PHB) GIN/0-5 (5/25.0/PHB) GIN/0-6 (2/25.0/LOC) GIN/0-7 (0/5000.0/LOC) GIN/0-8 (4/1.5/PHB) GIN/0-9 (4/1.5/PHB) GIN/0-a (4/1.5/PHB) GIN/0-b (4/1.5/PHB) GIN/0-c (5/25.0/PHB) GIN/0-d (5/25.0/PHB) 
gpu-nodes-0:5321:5321 [1] NCCL INFO GIN/0-8 :GPU/0-3000 (5/1.5/SYS) GPU/0-13000 (5/1.5/SYS) GPU/0-63000 (5/1.5/SYS) GPU/0-73000 (5/1.5/SYS) GPU/0-83000 (4/1.5/PHB) GPU/0-93000 (4/1.5/PHB) GPU/0-e3000 (4/1.5/PHB) GPU/0-f3000 (4/1.5/PHB) CPU/0-0 (3/1.5/SYS) CPU/0-1 (2/1.5/PHB) NET/0-0 (6/1.5/SYS) NET/0-1 (6/1.5/SYS) NET/0-2 (6/1.5/SYS) NET/0-3 (6/1.5/SYS) NET/0-4 (5/1.5/PHB) NET/0-5 (5/1.5/PHB) NET/0-6 (4/1.5/PHB) NET/0-7 (4/1.5/PHB) NET/0-e (4/1.5/PHB) NET/0-8 (2/12.5/LOC) NET/0-9 (2/12.5/LOC) NET/0-a (2/12.5/LOC) NET/0-b (2/12.5/LOC) NET/0-f (2/12.5/LOC) NET/0-c (5/1.5/PHB) NET/0-d (5/1.5/PHB) GIN/0-0 (6/1.5/SYS) GIN/0-1 (6/1.5/SYS) GIN/0-2 (6/1.5/SYS) GIN/0-3 (6/1.5/SYS) GIN/0-4 (5/1.5/PHB) GIN/0-5 (5/1.5/PHB) GIN/0-6 (4/1.5/PHB) GIN/0-7 (4/1.5/PHB) GIN/0-8 (0/5000.0/LOC) GIN/0-9 (2/12.5/LOC) GIN/0-a (2/12.5/LOC) GIN/0-b (2/12.5/LOC) GIN/0-c (5/1.5/PHB) GIN/0-d (5/1.5/PHB) 
gpu-nodes-0:5321:5321 [1] NCCL INFO GIN/0-9 :GPU/0-3000 (5/1.5/SYS) GPU/0-13000 (5/1.5/SYS) GPU/0-63000 (5/1.5/SYS) GPU/0-73000 (5/1.5/SYS) GPU/0-83000 (4/1.5/PHB) GPU/0-93000 (4/1.5/PHB) GPU/0-e3000 (4/1.5/PHB) GPU/0-f3000 (4/1.5/PHB) CPU/0-0 (3/1.5/SYS) CPU/0-1 (2/1.5/PHB) NET/0-0 (6/1.5/SYS) NET/0-1 (6/1.5/SYS) NET/0-2 (6/1.5/SYS) NET/0-3 (6/1.5/SYS) NET/0-4 (5/1.5/PHB) NET/0-5 (5/1.5/PHB) NET/0-6 (4/1.5/PHB) NET/0-7 (4/1.5/PHB) NET/0-e (4/1.5/PHB) NET/0-8 (2/12.5/LOC) NET/0-9 (2/12.5/LOC) NET/0-a (2/12.5/LOC) NET/0-b (2/12.5/LOC) NET/0-f (2/12.5/LOC) NET/0-c (5/1.5/PHB) NET/0-d (5/1.5/PHB) GIN/0-0 (6/1.5/SYS) GIN/0-1 (6/1.5/SYS) GIN/0-2 (6/1.5/SYS) GIN/0-3 (6/1.5/SYS) GIN/0-4 (5/1.5/PHB) GIN/0-5 (5/1.5/PHB) GIN/0-6 (4/1.5/PHB) GIN/0-7 (4/1.5/PHB) GIN/0-8 (2/12.5/LOC) GIN/0-9 (0/5000.0/LOC) GIN/0-a (2/12.5/LOC) GIN/0-b (2/12.5/LOC) GIN/0-c (5/1.5/PHB) GIN/0-d (5/1.5/PHB) 
gpu-nodes-0:5321:5321 [1] NCCL INFO GIN/0-a :GPU/0-3000 (5/1.5/SYS) GPU/0-13000 (5/1.5/SYS) GPU/0-63000 (5/1.5/SYS) GPU/0-73000 (5/1.5/SYS) GPU/0-83000 (4/1.5/PHB) GPU/0-93000 (4/1.5/PHB) GPU/0-e3000 (4/1.5/PHB) GPU/0-f3000 (4/1.5/PHB) CPU/0-0 (3/1.5/SYS) CPU/0-1 (2/1.5/PHB) NET/0-0 (6/1.5/SYS) NET/0-1 (6/1.5/SYS) NET/0-2 (6/1.5/SYS) NET/0-3 (6/1.5/SYS) NET/0-4 (5/1.5/PHB) NET/0-5 (5/1.5/PHB) NET/0-6 (4/1.5/PHB) NET/0-7 (4/1.5/PHB) NET/0-e (4/1.5/PHB) NET/0-8 (2/12.5/LOC) NET/0-9 (2/12.5/LOC) NET/0-a (2/12.5/LOC) NET/0-b (2/12.5/LOC) NET/0-f (2/12.5/LOC) NET/0-c (5/1.5/PHB) NET/0-d (5/1.5/PHB) GIN/0-0 (6/1.5/SYS) GIN/0-1 (6/1.5/SYS) GIN/0-2 (6/1.5/SYS) GIN/0-3 (6/1.5/SYS) GIN/0-4 (5/1.5/PHB) GIN/0-5 (5/1.5/PHB) GIN/0-6 (4/1.5/PHB) GIN/0-7 (4/1.5/PHB) GIN/0-8 (2/12.5/LOC) GIN/0-9 (2/12.5/LOC) GIN/0-a (0/5000.0/LOC) GIN/0-b (2/12.5/LOC) GIN/0-c (5/1.5/PHB) GIN/0-d (5/1.5/PHB) 
gpu-nodes-0:5321:5321 [1] NCCL INFO GIN/0-b :GPU/0-3000 (5/1.5/SYS) GPU/0-13000 (5/1.5/SYS) GPU/0-63000 (5/1.5/SYS) GPU/0-73000 (5/1.5/SYS) GPU/0-83000 (4/1.5/PHB) GPU/0-93000 (4/1.5/PHB) GPU/0-e3000 (4/1.5/PHB) GPU/0-f3000 (4/1.5/PHB) CPU/0-0 (3/1.5/SYS) CPU/0-1 (2/1.5/PHB) NET/0-0 (6/1.5/SYS) NET/0-1 (6/1.5/SYS) NET/0-2 (6/1.5/SYS) NET/0-3 (6/1.5/SYS) NET/0-4 (5/1.5/PHB) NET/0-5 (5/1.5/PHB) NET/0-6 (4/1.5/PHB) NET/0-7 (4/1.5/PHB) NET/0-e (4/1.5/PHB) NET/0-8 (2/12.5/LOC) NET/0-9 (2/12.5/LOC) NET/0-a (2/12.5/LOC) NET/0-b (2/12.5/LOC) NET/0-f (2/12.5/LOC) NET/0-c (5/1.5/PHB) NET/0-d (5/1.5/PHB) GIN/0-0 (6/1.5/SYS) GIN/0-1 (6/1.5/SYS) GIN/0-2 (6/1.5/SYS) GIN/0-3 (6/1.5/SYS) GIN/0-4 (5/1.5/PHB) GIN/0-5 (5/1.5/PHB) GIN/0-6 (4/1.5/PHB) GIN/0-7 (4/1.5/PHB) GIN/0-8 (2/12.5/LOC) GIN/0-9 (2/12.5/LOC) GIN/0-a (2/12.5/LOC) GIN/0-b (0/5000.0/LOC) GIN/0-c (5/1.5/PHB) GIN/0-d (5/1.5/PHB) 
gpu-nodes-0:5321:5321 [1] NCCL INFO GIN/0-c :GPU/0-3000 (6/16.0/SYS) GPU/0-13000 (6/16.0/SYS) GPU/0-63000 (6/16.0/SYS) GPU/0-73000 (6/16.0/SYS) GPU/0-83000 (5/48.0/PHB) GPU/0-93000 (5/48.0/PHB) GPU/0-e3000 (3/48.0/PIX) GPU/0-f3000 (5/48.0/PHB) CPU/0-0 (4/16.0/SYS) CPU/0-1 (3/48.0/PHB) NET/0-0 (7/16.0/SYS) NET/0-1 (7/16.0/SYS) NET/0-2 (7/16.0/SYS) NET/0-3 (7/16.0/SYS) NET/0-4 (6/48.0/PHB) NET/0-5 (6/48.0/PHB) NET/0-6 (5/25.0/PHB) NET/0-7 (5/25.0/PHB) NET/0-e (5/48.0/PHB) NET/0-8 (5/1.5/PHB) NET/0-9 (5/1.5/PHB) NET/0-a (5/1.5/PHB) NET/0-b (5/1.5/PHB) NET/0-f (5/1.5/PHB) NET/0-c (2/50.0/LOC) NET/0-d (6/48.0/PHB) GIN/0-0 (7/16.0/SYS) GIN/0-1 (7/16.0/SYS) GIN/0-2 (7/16.0/SYS) GIN/0-3 (7/16.0/SYS) GIN/0-4 (6/48.0/PHB) GIN/0-5 (6/48.0/PHB) GIN/0-6 (5/25.0/PHB) GIN/0-7 (5/25.0/PHB) GIN/0-8 (5/1.5/PHB) GIN/0-9 (5/1.5/PHB) GIN/0-a (5/1.5/PHB) GIN/0-b (5/1.5/PHB) GIN/0-c (0/5000.0/LOC) GIN/0-d (6/48.0/PHB) 
gpu-nodes-0:5321:5321 [1] NCCL INFO GIN/0-d :GPU/0-3000 (6/16.0/SYS) GPU/0-13000 (6/16.0/SYS) GPU/0-63000 (6/16.0/SYS) GPU/0-73000 (6/16.0/SYS) GPU/0-83000 (5/48.0/PHB) GPU/0-93000 (5/48.0/PHB) GPU/0-e3000 (5/48.0/PHB) GPU/0-f3000 (3/48.0/PIX) CPU/0-0 (4/16.0/SYS) CPU/0-1 (3/48.0/PHB) NET/0-0 (7/16.0/SYS) NET/0-1 (7/16.0/SYS) NET/0-2 (7/16.0/SYS) NET/0-3 (7/16.0/SYS) NET/0-4 (6/48.0/PHB) NET/0-5 (6/48.0/PHB) NET/0-6 (5/25.0/PHB) NET/0-7 (5/25.0/PHB) NET/0-e (5/48.0/PHB) NET/0-8 (5/1.5/PHB) NET/0-9 (5/1.5/PHB) NET/0-a (5/1.5/PHB) NET/0-b (5/1.5/PHB) NET/0-f (5/1.5/PHB) NET/0-c (6/48.0/PHB) NET/0-d (2/50.0/LOC) GIN/0-0 (7/16.0/SYS) GIN/0-1 (7/16.0/SYS) GIN/0-2 (7/16.0/SYS) GIN/0-3 (7/16.0/SYS) GIN/0-4 (6/48.0/PHB) GIN/0-5 (6/48.0/PHB) GIN/0-6 (5/25.0/PHB) GIN/0-7 (5/25.0/PHB) GIN/0-8 (5/1.5/PHB) GIN/0-9 (5/1.5/PHB) GIN/0-a (5/1.5/PHB) GIN/0-b (5/1.5/PHB) GIN/0-c (6/48.0/PHB) GIN/0-d (0/5000.0/LOC) 
gpu-nodes-0:5321:5321 [1] NCCL INFO ncclTopoGetCpuAffinity: Affinity for GPU 1 is 0-63,128-191. (GPU affinity = 0-63,128-191 ; CPU affinity = 0-63,128-191).
gpu-nodes-0:5321:5321 [1] NCCL INFO NVLS multicast support is available on dev 1 (NVLS_NCHANNELS 24)
gpu-nodes-0:5321:5321 [1] NCCL INFO Pattern 4, crossNic 0, nChannels 16, bw 45.000000/45.000000, type NVL/PIX, sameChannels 1
gpu-nodes-0:5321:5321 [1] NCCL INFO  0 : GPU/0-3000 GPU/0-13000 GPU/0-63000 GPU/0-73000 GPU/0-83000 GPU/0-93000 GPU/0-e3000 GPU/0-f3000
gpu-nodes-0:5321:5321 [1] NCCL INFO  1 : GPU/0-3000 GPU/0-13000 GPU/0-63000 GPU/0-73000 GPU/0-83000 GPU/0-93000 GPU/0-e3000 GPU/0-f3000
gpu-nodes-0:5321:5321 [1] NCCL INFO  2 : GPU/0-3000 GPU/0-13000 GPU/0-63000 GPU/0-73000 GPU/0-83000 GPU/0-93000 GPU/0-e3000 GPU/0-f3000
gpu-nodes-0:5321:5321 [1] NCCL INFO  3 : GPU/0-3000 GPU/0-13000 GPU/0-63000 GPU/0-73000 GPU/0-83000 GPU/0-93000 GPU/0-e3000 GPU/0-f3000
gpu-nodes-0:5321:5321 [1] NCCL INFO  4 : GPU/0-3000 GPU/0-13000 GPU/0-63000 GPU/0-73000 GPU/0-83000 GPU/0-93000 GPU/0-e3000 GPU/0-f3000
gpu-nodes-0:5321:5321 [1] NCCL INFO  5 : GPU/0-3000 GPU/0-13000 GPU/0-63000 GPU/0-73000 GPU/0-83000 GPU/0-93000 GPU/0-e3000 GPU/0-f3000
gpu-nodes-0:5321:5321 [1] NCCL INFO  6 : GPU/0-3000 GPU/0-13000 GPU/0-63000 GPU/0-73000 GPU/0-83000 GPU/0-93000 GPU/0-e3000 GPU/0-f3000
gpu-nodes-0:5321:5321 [1] NCCL INFO  7 : GPU/0-3000 GPU/0-13000 GPU/0-63000 GPU/0-73000 GPU/0-83000 GPU/0-93000 GPU/0-e3000 GPU/0-f3000
gpu-nodes-0:5321:5321 [1] NCCL INFO  8 : GPU/0-3000 GPU/0-13000 GPU/0-63000 GPU/0-73000 GPU/0-83000 GPU/0-93000 GPU/0-e3000 GPU/0-f3000
gpu-nodes-0:5321:5321 [1] NCCL INFO  9 : GPU/0-3000 GPU/0-13000 GPU/0-63000 GPU/0-73000 GPU/0-83000 GPU/0-93000 GPU/0-e3000 GPU/0-f3000
gpu-nodes-0:5321:5321 [1] NCCL INFO 10 : GPU/0-3000 GPU/0-13000 GPU/0-63000 GPU/0-73000 GPU/0-83000 GPU/0-93000 GPU/0-e3000 GPU/0-f3000
gpu-nodes-0:5321:5321 [1] NCCL INFO 11 : GPU/0-3000 GPU/0-13000 GPU/0-63000 GPU/0-73000 GPU/0-83000 GPU/0-93000 GPU/0-e3000 GPU/0-f3000
gpu-nodes-0:5321:5321 [1] NCCL INFO 12 : GPU/0-3000 GPU/0-13000 GPU/0-63000 GPU/0-73000 GPU/0-83000 GPU/0-93000 GPU/0-e3000 GPU/0-f3000
gpu-nodes-0:5321:5321 [1] NCCL INFO 13 : GPU/0-3000 GPU/0-13000 GPU/0-63000 GPU/0-73000 GPU/0-83000 GPU/0-93000 GPU/0-e3000 GPU/0-f3000
gpu-nodes-0:5321:5321 [1] NCCL INFO 14 : GPU/0-3000 GPU/0-13000 GPU/0-63000 GPU/0-73000 GPU/0-83000 GPU/0-93000 GPU/0-e3000 GPU/0-f3000
gpu-nodes-0:5321:5321 [1] NCCL INFO 15 : GPU/0-3000 GPU/0-13000 GPU/0-63000 GPU/0-73000 GPU/0-83000 GPU/0-93000 GPU/0-e3000 GPU/0-f3000
gpu-nodes-0:5321:5321 [1] NCCL INFO Pattern 1, crossNic 0, nChannels 16, bw 45.000000/45.000000, type NVL/PIX, sameChannels 1
gpu-nodes-0:5321:5321 [1] NCCL INFO  0 : GPU/0-3000 GPU/0-13000 GPU/0-63000 GPU/0-73000 GPU/0-83000 GPU/0-93000 GPU/0-e3000 GPU/0-f3000
gpu-nodes-0:5321:5321 [1] NCCL INFO  1 : GPU/0-3000 GPU/0-13000 GPU/0-63000 GPU/0-73000 GPU/0-83000 GPU/0-93000 GPU/0-e3000 GPU/0-f3000
gpu-nodes-0:5321:5321 [1] NCCL INFO  2 : GPU/0-3000 GPU/0-13000 GPU/0-63000 GPU/0-73000 GPU/0-83000 GPU/0-93000 GPU/0-e3000 GPU/0-f3000
gpu-nodes-0:5321:5321 [1] NCCL INFO  3 : GPU/0-3000 GPU/0-13000 GPU/0-63000 GPU/0-73000 GPU/0-83000 GPU/0-93000 GPU/0-e3000 GPU/0-f3000
gpu-nodes-0:5321:5321 [1] NCCL INFO  4 : GPU/0-3000 GPU/0-13000 GPU/0-63000 GPU/0-73000 GPU/0-83000 GPU/0-93000 GPU/0-e3000 GPU/0-f3000
gpu-nodes-0:5321:5321 [1] NCCL INFO  5 : GPU/0-3000 GPU/0-13000 GPU/0-63000 GPU/0-73000 GPU/0-83000 GPU/0-93000 GPU/0-e3000 GPU/0-f3000
gpu-nodes-0:5321:5321 [1] NCCL INFO  6 : GPU/0-3000 GPU/0-13000 GPU/0-63000 GPU/0-73000 GPU/0-83000 GPU/0-93000 GPU/0-e3000 GPU/0-f3000
gpu-nodes-0:5321:5321 [1] NCCL INFO  7 : GPU/0-3000 GPU/0-13000 GPU/0-63000 GPU/0-73000 GPU/0-83000 GPU/0-93000 GPU/0-e3000 GPU/0-f3000
gpu-nodes-0:5321:5321 [1] NCCL INFO  8 : GPU/0-3000 GPU/0-13000 GPU/0-63000 GPU/0-73000 GPU/0-83000 GPU/0-93000 GPU/0-e3000 GPU/0-f3000
gpu-nodes-0:5321:5321 [1] NCCL INFO  9 : GPU/0-3000 GPU/0-13000 GPU/0-63000 GPU/0-73000 GPU/0-83000 GPU/0-93000 GPU/0-e3000 GPU/0-f3000
gpu-nodes-0:5321:5321 [1] NCCL INFO 10 : GPU/0-3000 GPU/0-13000 GPU/0-63000 GPU/0-73000 GPU/0-83000 GPU/0-93000 GPU/0-e3000 GPU/0-f3000
gpu-nodes-0:5321:5321 [1] NCCL INFO 11 : GPU/0-3000 GPU/0-13000 GPU/0-63000 GPU/0-73000 GPU/0-83000 GPU/0-93000 GPU/0-e3000 GPU/0-f3000
gpu-nodes-0:5321:5321 [1] NCCL INFO 12 : GPU/0-3000 GPU/0-13000 GPU/0-63000 GPU/0-73000 GPU/0-83000 GPU/0-93000 GPU/0-e3000 GPU/0-f3000
gpu-nodes-0:5321:5321 [1] NCCL INFO 13 : GPU/0-3000 GPU/0-13000 GPU/0-63000 GPU/0-73000 GPU/0-83000 GPU/0-93000 GPU/0-e3000 GPU/0-f3000
gpu-nodes-0:5321:5321 [1] NCCL INFO 14 : GPU/0-3000 GPU/0-13000 GPU/0-63000 GPU/0-73000 GPU/0-83000 GPU/0-93000 GPU/0-e3000 GPU/0-f3000
gpu-nodes-0:5321:5321 [1] NCCL INFO 15 : GPU/0-3000 GPU/0-13000 GPU/0-63000 GPU/0-73000 GPU/0-83000 GPU/0-93000 GPU/0-e3000 GPU/0-f3000
gpu-nodes-0:5321:5321 [1] NCCL INFO Pattern 5, crossNic 0, nChannels 8, bw 80.000000/90.000000, type NVL/PIX, sameChannels 0
gpu-nodes-0:5321:5321 [1] NCCL INFO  0 : GPU/0-3000
gpu-nodes-0:5321:5321 [1] NCCL INFO  1 : GPU/0-13000
gpu-nodes-0:5321:5321 [1] NCCL INFO  2 : GPU/0-63000
gpu-nodes-0:5321:5321 [1] NCCL INFO  3 : GPU/0-73000
gpu-nodes-0:5321:5321 [1] NCCL INFO  4 : GPU/0-83000
gpu-nodes-0:5321:5321 [1] NCCL INFO  5 : GPU/0-93000
gpu-nodes-0:5321:5321 [1] NCCL INFO  6 : GPU/0-e3000
gpu-nodes-0:5321:5321 [1] NCCL INFO  7 : GPU/0-f3000
gpu-nodes-0:5321:5321 [1] NCCL INFO comm 0x7858c310 rank 1 nRanks 8 nNodes 1 localRanks 8 localRank 1 MNNVL 0
gpu-nodes-0:5321:5321 [1] NCCL INFO Tree 0 : 0 -> 1 -> 2/-1/-1
gpu-nodes-0:5321:5321 [1] NCCL INFO Tree 16 : 0 -> 1 -> 2/-1/-1
gpu-nodes-0:5321:5321 [1] NCCL INFO Tree 1 : 0 -> 1 -> 2/-1/-1
gpu-nodes-0:5321:5321 [1] NCCL INFO Tree 17 : 0 -> 1 -> 2/-1/-1
gpu-nodes-0:5321:5321 [1] NCCL INFO Tree 2 : 0 -> 1 -> 2/-1/-1
gpu-nodes-0:5321:5321 [1] NCCL INFO Tree 18 : 0 -> 1 -> 2/-1/-1
gpu-nodes-0:5321:5321 [1] NCCL INFO Tree 3 : 0 -> 1 -> 2/-1/-1
gpu-nodes-0:5321:5321 [1] NCCL INFO Tree 19 : 0 -> 1 -> 2/-1/-1
gpu-nodes-0:5321:5321 [1] NCCL INFO Tree 4 : 0 -> 1 -> 2/-1/-1
gpu-nodes-0:5321:5321 [1] NCCL INFO Tree 20 : 0 -> 1 -> 2/-1/-1
gpu-nodes-0:5321:5321 [1] NCCL INFO Tree 5 : 0 -> 1 -> 2/-1/-1
gpu-nodes-0:5321:5321 [1] NCCL INFO Tree 21 : 0 -> 1 -> 2/-1/-1
gpu-nodes-0:5321:5321 [1] NCCL INFO Tree 6 : 0 -> 1 -> 2/-1/-1
gpu-nodes-0:5321:5321 [1] NCCL INFO Tree 22 : 0 -> 1 -> 2/-1/-1
gpu-nodes-0:5321:5321 [1] NCCL INFO Tree 7 : 0 -> 1 -> 2/-1/-1
gpu-nodes-0:5321:5321 [1] NCCL INFO Tree 23 : 0 -> 1 -> 2/-1/-1
gpu-nodes-0:5321:5321 [1] NCCL INFO Tree 8 : 0 -> 1 -> 2/-1/-1
gpu-nodes-0:5321:5321 [1] NCCL INFO Tree 24 : 0 -> 1 -> 2/-1/-1
gpu-nodes-0:5321:5321 [1] NCCL INFO Tree 9 : 0 -> 1 -> 2/-1/-1
gpu-nodes-0:5321:5321 [1] NCCL INFO Tree 25 : 0 -> 1 -> 2/-1/-1
gpu-nodes-0:5321:5321 [1] NCCL INFO Tree 10 : 0 -> 1 -> 2/-1/-1
gpu-nodes-0:5321:5321 [1] NCCL INFO Tree 26 : 0 -> 1 -> 2/-1/-1
gpu-nodes-0:5321:5321 [1] NCCL INFO Tree 11 : 0 -> 1 -> 2/-1/-1
gpu-nodes-0:5321:5321 [1] NCCL INFO Tree 27 : 0 -> 1 -> 2/-1/-1
gpu-nodes-0:5321:5321 [1] NCCL INFO Tree 12 : 0 -> 1 -> 2/-1/-1
gpu-nodes-0:5321:5321 [1] NCCL INFO Tree 28 : 0 -> 1 -> 2/-1/-1
gpu-nodes-0:5321:5321 [1] NCCL INFO Tree 13 : 0 -> 1 -> 2/-1/-1
gpu-nodes-0:5321:5321 [1] NCCL INFO Tree 29 : 0 -> 1 -> 2/-1/-1
gpu-nodes-0:5321:5321 [1] NCCL INFO Tree 14 : 0 -> 1 -> 2/-1/-1
gpu-nodes-0:5321:5321 [1] NCCL INFO Tree 30 : 0 -> 1 -> 2/-1/-1
gpu-nodes-0:5321:5321 [1] NCCL INFO Tree 15 : 0 -> 1 -> 2/-1/-1
gpu-nodes-0:5321:5321 [1] NCCL INFO Tree 31 : 0 -> 1 -> 2/-1/-1
gpu-nodes-0:5321:5321 [1] NCCL INFO Ring 00 : 0 -> 1 -> 2
gpu-nodes-0:5321:5321 [1] NCCL INFO Ring 01 : 0 -> 1 -> 2
gpu-nodes-0:5321:5321 [1] NCCL INFO Ring 02 : 0 -> 1 -> 2
gpu-nodes-0:5321:5321 [1] NCCL INFO Ring 03 : 0 -> 1 -> 2
gpu-nodes-0:5321:5321 [1] NCCL INFO Ring 04 : 0 -> 1 -> 2
gpu-nodes-0:5321:5321 [1] NCCL INFO Ring 05 : 0 -> 1 -> 2
gpu-nodes-0:5321:5321 [1] NCCL INFO Ring 06 : 0 -> 1 -> 2
gpu-nodes-0:5321:5321 [1] NCCL INFO Ring 07 : 0 -> 1 -> 2
gpu-nodes-0:5321:5321 [1] NCCL INFO Ring 08 : 0 -> 1 -> 2
gpu-nodes-0:5321:5321 [1] NCCL INFO Ring 09 : 0 -> 1 -> 2
gpu-nodes-0:5321:5321 [1] NCCL INFO Ring 10 : 0 -> 1 -> 2
gpu-nodes-0:5321:5321 [1] NCCL INFO Ring 11 : 0 -> 1 -> 2
gpu-nodes-0:5321:5321 [1] NCCL INFO Ring 12 : 0 -> 1 -> 2
gpu-nodes-0:5321:5321 [1] NCCL INFO Ring 13 : 0 -> 1 -> 2
gpu-nodes-0:5321:5321 [1] NCCL INFO Ring 14 : 0 -> 1 -> 2
gpu-nodes-0:5321:5321 [1] NCCL INFO Ring 15 : 0 -> 1 -> 2
gpu-nodes-0:5321:5321 [1] NCCL INFO Ring 16 : 0 -> 1 -> 2
gpu-nodes-0:5321:5321 [1] NCCL INFO Ring 17 : 0 -> 1 -> 2
gpu-nodes-0:5321:5321 [1] NCCL INFO Ring 18 : 0 -> 1 -> 2
gpu-nodes-0:5321:5321 [1] NCCL INFO Ring 19 : 0 -> 1 -> 2
gpu-nodes-0:5321:5321 [1] NCCL INFO Ring 20 : 0 -> 1 -> 2
gpu-nodes-0:5321:5321 [1] NCCL INFO Ring 21 : 0 -> 1 -> 2
gpu-nodes-0:5321:5321 [1] NCCL INFO Ring 22 : 0 -> 1 -> 2
gpu-nodes-0:5321:5321 [1] NCCL INFO Ring 23 : 0 -> 1 -> 2
gpu-nodes-0:5321:5321 [1] NCCL INFO Ring 24 : 0 -> 1 -> 2
gpu-nodes-0:5321:5321 [1] NCCL INFO Ring 25 : 0 -> 1 -> 2
gpu-nodes-0:5321:5321 [1] NCCL INFO Ring 26 : 0 -> 1 -> 2
gpu-nodes-0:5321:5321 [1] NCCL INFO Ring 27 : 0 -> 1 -> 2
gpu-nodes-0:5321:5321 [1] NCCL INFO Ring 28 : 0 -> 1 -> 2
gpu-nodes-0:5321:5321 [1] NCCL INFO Ring 29 : 0 -> 1 -> 2
gpu-nodes-0:5321:5321 [1] NCCL INFO Ring 30 : 0 -> 1 -> 2
gpu-nodes-0:5321:5321 [1] NCCL INFO Ring 31 : 0 -> 1 -> 2
gpu-nodes-0:5321:5321 [1] NCCL INFO Trees [0] 2/-1/-1->1->0 [1] 2/-1/-1->1->0 [2] 2/-1/-1->1->0 [3] 2/-1/-1->1->0 [4] 2/-1/-1->1->0 [5] 2/-1/-1->1->0 [6] 2/-1/-1->1->0 [7] 2/-1/-1->1->0 [8] 2/-1/-1->1->0 [9] 2/-1/-1->1->0 [10] 2/-1/-1->1->0 [11] 2/-1/-1->1->0 [12] 2/-1/-1->1->0 [13] 2/-1/-1->1->0 [14] 2/-1/-1->1->0 [15] 2/-1/-1->1->0 [16] 2/-1/-1->1->0 [17] 2/-1/-1->1->0 [18] 2/-1/-1->1->0 [19] 2/-1/-1->1->0 [20] 2/-1/-1->1->0 [21] 2/-1/-1->1->0 [22] 2/-1/-1->1->0 [23] 2/-1/-1->1->0 [24] 2/-1/-1->1->0 [25] 2/-1/-1->1->0 [26] 2/-1/-1->1->0 [27] 2/-1/-1->1->0 [28] 2/-1/-1->1->0 [29] 2/-1/-1->1->0 [30] 2/-1/-1->1->0 [31] 2/-1/-1->1->0
gpu-nodes-0:5321:5321 [1] NCCL INFO P2P Chunksize set to 524288
gpu-nodes-0:5321:5321 [1] NCCL INFO Check P2P Type isAllDirectP2p 1 directMode 0 isAllCudaP2p 1
gpu-nodes-0:5321:5321 [1] NCCL INFO ncclP2pSchedule: group size used is 8
gpu-nodes-0:5321:11485 [0] NCCL INFO [Proxy Service] Device 1 CPU core 53
gpu-nodes-0:5321:11491 [0] NCCL INFO [Proxy Service UDS] Device 1 CPU core 46
gpu-nodes-0:5321:11485 [1] NCCL INFO New proxy recv connection 0 from local rank 1, transport 0
gpu-nodes-0:5321:5321 [1] NCCL INFO Connected to proxy localRank 1 -> connection 0x7f211c004f70
gpu-nodes-0:5321:11485 [1] NCCL INFO New proxy recv connection 1 from local rank 1, transport 0
gpu-nodes-0:5321:5321 [1] NCCL INFO Connected to proxy localRank 1 -> connection 0x7f211c004ff8
gpu-nodes-0:5321:11485 [1] NCCL INFO New proxy recv connection 2 from local rank 1, transport 0
gpu-nodes-0:5321:5321 [1] NCCL INFO Connected to proxy localRank 1 -> connection 0x7f211c005080
gpu-nodes-0:5321:11485 [1] NCCL INFO New proxy recv connection 3 from local rank 1, transport 0
gpu-nodes-0:5321:5321 [1] NCCL INFO Connected to proxy localRank 1 -> connection 0x7f211c005108
gpu-nodes-0:5321:11485 [1] NCCL INFO New proxy recv connection 4 from local rank 1, transport 0
gpu-nodes-0:5321:5321 [1] NCCL INFO Connected to proxy localRank 1 -> connection 0x7f211c005190
gpu-nodes-0:5321:11485 [1] NCCL INFO New proxy recv connection 5 from local rank 1, transport 0
gpu-nodes-0:5321:5321 [1] NCCL INFO Connected to proxy localRank 1 -> connection 0x7f211c005218
gpu-nodes-0:5321:11485 [1] NCCL INFO New proxy recv connection 6 from local rank 1, transport 0
gpu-nodes-0:5321:5321 [1] NCCL INFO Connected to proxy localRank 1 -> connection 0x7f211c0052a0
gpu-nodes-0:5321:11485 [1] NCCL INFO New proxy recv connection 7 from local rank 1, transport 0
gpu-nodes-0:5321:5321 [1] NCCL INFO Connected to proxy localRank 1 -> connection 0x7f211c005328
gpu-nodes-0:5321:11485 [1] NCCL INFO New proxy recv connection 8 from local rank 1, transport 0
gpu-nodes-0:5321:5321 [1] NCCL INFO Connected to proxy localRank 1 -> connection 0x7f211c0053b0
gpu-nodes-0:5321:11485 [1] NCCL INFO New proxy recv connection 9 from local rank 1, transport 0
gpu-nodes-0:5321:5321 [1] NCCL INFO Connected to proxy localRank 1 -> connection 0x7f211c005438
gpu-nodes-0:5321:11485 [1] NCCL INFO New proxy recv connection 10 from local rank 1, transport 0
gpu-nodes-0:5321:5321 [1] NCCL INFO Connected to proxy localRank 1 -> connection 0x7f211c0054c0
gpu-nodes-0:5321:11485 [1] NCCL INFO New proxy recv connection 11 from local rank 1, transport 0
gpu-nodes-0:5321:5321 [1] NCCL INFO Connected to proxy localRank 1 -> connection 0x7f211c005548
gpu-nodes-0:5321:11485 [1] NCCL INFO New proxy recv connection 12 from local rank 1, transport 0
gpu-nodes-0:5321:5321 [1] NCCL INFO Connected to proxy localRank 1 -> connection 0x7f211c0055d0
gpu-nodes-0:5321:11485 [1] NCCL INFO New proxy recv connection 13 from local rank 1, transport 0
gpu-nodes-0:5321:5321 [1] NCCL INFO Connected to proxy localRank 1 -> connection 0x7f211c005658
gpu-nodes-0:5321:11485 [1] NCCL INFO New proxy recv connection 14 from local rank 1, transport 0
gpu-nodes-0:5321:5321 [1] NCCL INFO Connected to proxy localRank 1 -> connection 0x7f211c0056e0
gpu-nodes-0:5321:11485 [1] NCCL INFO New proxy recv connection 15 from local rank 1, transport 0
gpu-nodes-0:5321:5321 [1] NCCL INFO Connected to proxy localRank 1 -> connection 0x7f211c005768
gpu-nodes-0:5321:11485 [1] NCCL INFO New proxy recv connection 16 from local rank 1, transport 0
gpu-nodes-0:5321:5321 [1] NCCL INFO Connected to proxy localRank 1 -> connection 0x7f211c0057f0
gpu-nodes-0:5321:11485 [1] NCCL INFO New proxy recv connection 17 from local rank 1, transport 0
gpu-nodes-0:5321:5321 [1] NCCL INFO Connected to proxy localRank 1 -> connection 0x7f211c005878
gpu-nodes-0:5321:11485 [1] NCCL INFO New proxy recv connection 18 from local rank 1, transport 0
gpu-nodes-0:5321:5321 [1] NCCL INFO Connected to proxy localRank 1 -> connection 0x7f211c005900
gpu-nodes-0:5321:11485 [1] NCCL INFO New proxy recv connection 19 from local rank 1, transport 0
gpu-nodes-0:5321:5321 [1] NCCL INFO Connected to proxy localRank 1 -> connection 0x7f211c005988
gpu-nodes-0:5321:11485 [1] NCCL INFO New proxy recv connection 20 from local rank 1, transport 0
gpu-nodes-0:5321:5321 [1] NCCL INFO Connected to proxy localRank 1 -> connection 0x7f211c005a10
gpu-nodes-0:5321:11485 [1] NCCL INFO New proxy recv connection 21 from local rank 1, transport 0
gpu-nodes-0:5321:5321 [1] NCCL INFO Connected to proxy localRank 1 -> connection 0x7f211c005a98
gpu-nodes-0:5321:11485 [1] NCCL INFO New proxy recv connection 22 from local rank 1, transport 0
gpu-nodes-0:5321:5321 [1] NCCL INFO Connected to proxy localRank 1 -> connection 0x7f211c005b20
gpu-nodes-0:5321:11485 [1] NCCL INFO New proxy recv connection 23 from local rank 1, transport 0
gpu-nodes-0:5321:5321 [1] NCCL INFO Connected to proxy localRank 1 -> connection 0x7f211c005ba8
gpu-nodes-0:5321:11485 [1] NCCL INFO New proxy recv connection 24 from local rank 1, transport 0
gpu-nodes-0:5321:5321 [1] NCCL INFO Connected to proxy localRank 1 -> connection 0x7f211c005c30
gpu-nodes-0:5321:11485 [1] NCCL INFO New proxy recv connection 25 from local rank 1, transport 0
gpu-nodes-0:5321:5321 [1] NCCL INFO Connected to proxy localRank 1 -> connection 0x7f211c005cb8
gpu-nodes-0:5321:11485 [1] NCCL INFO New proxy recv connection 26 from local rank 1, transport 0
gpu-nodes-0:5321:5321 [1] NCCL INFO Connected to proxy localRank 1 -> connection 0x7f211c005d40
gpu-nodes-0:5321:11485 [1] NCCL INFO New proxy recv connection 27 from local rank 1, transport 0
gpu-nodes-0:5321:5321 [1] NCCL INFO Connected to proxy localRank 1 -> connection 0x7f211c005dc8
gpu-nodes-0:5321:11485 [1] NCCL INFO New proxy recv connection 28 from local rank 1, transport 0
gpu-nodes-0:5321:5321 [1] NCCL INFO Connected to proxy localRank 1 -> connection 0x7f211c005e50
gpu-nodes-0:5321:11485 [1] NCCL INFO New proxy recv connection 29 from local rank 1, transport 0
gpu-nodes-0:5321:5321 [1] NCCL INFO Connected to proxy localRank 1 -> connection 0x7f211c005ed8
gpu-nodes-0:5321:11485 [1] NCCL INFO New proxy recv connection 30 from local rank 1, transport 0
gpu-nodes-0:5321:5321 [1] NCCL INFO Connected to proxy localRank 1 -> connection 0x7f211c005f60
gpu-nodes-0:5321:11485 [1] NCCL INFO New proxy recv connection 31 from local rank 1, transport 0
gpu-nodes-0:5321:5321 [1] NCCL INFO Connected to proxy localRank 1 -> connection 0x7f211c005fe8
gpu-nodes-0:5321:5321 [1] NCCL INFO Channel 00/0 : 1[1] -> 2[2] via P2P/IPC
gpu-nodes-0:5321:11485 [1] NCCL INFO New proxy send connection 32 from local rank 1, transport 0
gpu-nodes-0:5321:5321 [1] NCCL INFO Connected to proxy localRank 1 -> connection 0x7f211c006070
gpu-nodes-0:5321:5321 [1] NCCL INFO Channel 01/0 : 1[1] -> 2[2] via P2P/IPC
gpu-nodes-0:5321:11485 [1] NCCL INFO New proxy send connection 33 from local rank 1, transport 0
gpu-nodes-0:5321:5321 [1] NCCL INFO Connected to proxy localRank 1 -> connection 0x7f211c0060f8
gpu-nodes-0:5321:5321 [1] NCCL INFO Channel 02/0 : 1[1] -> 2[2] via P2P/IPC
gpu-nodes-0:5321:11485 [1] NCCL INFO New proxy send connection 34 from local rank 1, transport 0
gpu-nodes-0:5321:5321 [1] NCCL INFO Connected to proxy localRank 1 -> connection 0x7f211c006180
gpu-nodes-0:5321:5321 [1] NCCL INFO Channel 03/0 : 1[1] -> 2[2] via P2P/IPC
gpu-nodes-0:5321:11485 [1] NCCL INFO New proxy send connection 35 from local rank 1, transport 0
gpu-nodes-0:5321:5321 [1] NCCL INFO Connected to proxy localRank 1 -> connection 0x7f211c006208
gpu-nodes-0:5321:5321 [1] NCCL INFO Channel 04/0 : 1[1] -> 2[2] via P2P/IPC
gpu-nodes-0:5321:11485 [1] NCCL INFO New proxy send connection 36 from local rank 1, transport 0
gpu-nodes-0:5321:5321 [1] NCCL INFO Connected to proxy localRank 1 -> connection 0x7f211c006290
gpu-nodes-0:5321:5321 [1] NCCL INFO Channel 05/0 : 1[1] -> 2[2] via P2P/IPC
gpu-nodes-0:5321:11485 [1] NCCL INFO New proxy send connection 37 from local rank 1, transport 0
gpu-nodes-0:5321:5321 [1] NCCL INFO Connected to proxy localRank 1 -> connection 0x7f211c006318
gpu-nodes-0:5321:5321 [1] NCCL INFO Channel 06/0 : 1[1] -> 2[2] via P2P/IPC
gpu-nodes-0:5321:11485 [1] NCCL INFO New proxy send connection 38 from local rank 1, transport 0
gpu-nodes-0:5321:5321 [1] NCCL INFO Connected to proxy localRank 1 -> connection 0x7f211c0063a0
gpu-nodes-0:5321:5321 [1] NCCL INFO Channel 07/0 : 1[1] -> 2[2] via P2P/IPC
gpu-nodes-0:5321:11485 [1] NCCL INFO New proxy send connection 39 from local rank 1, transport 0
gpu-nodes-0:5321:5321 [1] NCCL INFO Connected to proxy localRank 1 -> connection 0x7f211c006428
gpu-nodes-0:5321:5321 [1] NCCL INFO Channel 08/0 : 1[1] -> 2[2] via P2P/IPC
gpu-nodes-0:5321:11485 [1] NCCL INFO New proxy send connection 40 from local rank 1, transport 0
gpu-nodes-0:5321:5321 [1] NCCL INFO Connected to proxy localRank 1 -> connection 0x7f211c0064b0
gpu-nodes-0:5321:5321 [1] NCCL INFO Channel 09/0 : 1[1] -> 2[2] via P2P/IPC
gpu-nodes-0:5321:11485 [1] NCCL INFO New proxy send connection 41 from local rank 1, transport 0
gpu-nodes-0:5321:5321 [1] NCCL INFO Connected to proxy localRank 1 -> connection 0x7f211c006538
gpu-nodes-0:5321:5321 [1] NCCL INFO Channel 10/0 : 1[1] -> 2[2] via P2P/IPC
gpu-nodes-0:5321:11485 [1] NCCL INFO New proxy send connection 42 from local rank 1, transport 0
gpu-nodes-0:5321:5321 [1] NCCL INFO Connected to proxy localRank 1 -> connection 0x7f211c0065c0
gpu-nodes-0:5321:5321 [1] NCCL INFO Channel 11/0 : 1[1] -> 2[2] via P2P/IPC
gpu-nodes-0:5321:11485 [1] NCCL INFO New proxy send connection 43 from local rank 1, transport 0
gpu-nodes-0:5321:5321 [1] NCCL INFO Connected to proxy localRank 1 -> connection 0x7f211c006648
gpu-nodes-0:5321:5321 [1] NCCL INFO Channel 12/0 : 1[1] -> 2[2] via P2P/IPC
gpu-nodes-0:5321:11485 [1] NCCL INFO New proxy send connection 44 from local rank 1, transport 0
gpu-nodes-0:5321:5321 [1] NCCL INFO Connected to proxy localRank 1 -> connection 0x7f211c0066d0
gpu-nodes-0:5321:5321 [1] NCCL INFO Channel 13/0 : 1[1] -> 2[2] via P2P/IPC
gpu-nodes-0:5321:11485 [1] NCCL INFO New proxy send connection 45 from local rank 1, transport 0
gpu-nodes-0:5321:5321 [1] NCCL INFO Connected to proxy localRank 1 -> connection 0x7f211c006758
gpu-nodes-0:5321:5321 [1] NCCL INFO Channel 14/0 : 1[1] -> 2[2] via P2P/IPC
gpu-nodes-0:5321:11485 [1] NCCL INFO New proxy send connection 46 from local rank 1, transport 0
gpu-nodes-0:5321:5321 [1] NCCL INFO Connected to proxy localRank 1 -> connection 0x7f211c0067e0
gpu-nodes-0:5321:5321 [1] NCCL INFO Channel 15/0 : 1[1] -> 2[2] via P2P/IPC
gpu-nodes-0:5321:11485 [1] NCCL INFO New proxy send connection 47 from local rank 1, transport 0
gpu-nodes-0:5321:5321 [1] NCCL INFO Connected to proxy localRank 1 -> connection 0x7f211c006868
gpu-nodes-0:5321:5321 [1] NCCL INFO Channel 16/0 : 1[1] -> 2[2] via P2P/IPC
gpu-nodes-0:5321:11485 [1] NCCL INFO New proxy send connection 48 from local rank 1, transport 0
gpu-nodes-0:5321:5321 [1] NCCL INFO Connected to proxy localRank 1 -> connection 0x7f211c0068f0
gpu-nodes-0:5321:5321 [1] NCCL INFO Channel 17/0 : 1[1] -> 2[2] via P2P/IPC
gpu-nodes-0:5321:11485 [1] NCCL INFO New proxy send connection 49 from local rank 1, transport 0
gpu-nodes-0:5321:5321 [1] NCCL INFO Connected to proxy localRank 1 -> connection 0x7f211c006978
gpu-nodes-0:5321:5321 [1] NCCL INFO Channel 18/0 : 1[1] -> 2[2] via P2P/IPC
gpu-nodes-0:5321:11485 [1] NCCL INFO New proxy send connection 50 from local rank 1, transport 0
gpu-nodes-0:5321:5321 [1] NCCL INFO Connected to proxy localRank 1 -> connection 0x7f211c006a00
gpu-nodes-0:5321:5321 [1] NCCL INFO Channel 19/0 : 1[1] -> 2[2] via P2P/IPC
gpu-nodes-0:5321:11485 [1] NCCL INFO New proxy send connection 51 from local rank 1, transport 0
gpu-nodes-0:5321:5321 [1] NCCL INFO Connected to proxy localRank 1 -> connection 0x7f211c006a88
gpu-nodes-0:5321:5321 [1] NCCL INFO Channel 20/0 : 1[1] -> 2[2] via P2P/IPC
gpu-nodes-0:5321:11485 [1] NCCL INFO New proxy send connection 52 from local rank 1, transport 0
gpu-nodes-0:5321:5321 [1] NCCL INFO Connected to proxy localRank 1 -> connection 0x7f211c006b10
gpu-nodes-0:5321:5321 [1] NCCL INFO Channel 21/0 : 1[1] -> 2[2] via P2P/IPC
gpu-nodes-0:5321:11485 [1] NCCL INFO New proxy send connection 53 from local rank 1, transport 0
gpu-nodes-0:5321:5321 [1] NCCL INFO Connected to proxy localRank 1 -> connection 0x7f211c006b98
gpu-nodes-0:5321:5321 [1] NCCL INFO Channel 22/0 : 1[1] -> 2[2] via P2P/IPC
gpu-nodes-0:5321:11485 [1] NCCL INFO New proxy send connection 54 from local rank 1, transport 0
gpu-nodes-0:5321:5321 [1] NCCL INFO Connected to proxy localRank 1 -> connection 0x7f211c006c20
gpu-nodes-0:5321:5321 [1] NCCL INFO Channel 23/0 : 1[1] -> 2[2] via P2P/IPC
gpu-nodes-0:5321:11485 [1] NCCL INFO New proxy send connection 55 from local rank 1, transport 0
gpu-nodes-0:5321:5321 [1] NCCL INFO Connected to proxy localRank 1 -> connection 0x7f211c006ca8
gpu-nodes-0:5321:5321 [1] NCCL INFO Channel 24/0 : 1[1] -> 2[2] via P2P/IPC
gpu-nodes-0:5321:11485 [1] NCCL INFO New proxy send connection 56 from local rank 1, transport 0
gpu-nodes-0:5321:5321 [1] NCCL INFO Connected to proxy localRank 1 -> connection 0x7f211c006d30
gpu-nodes-0:5321:5321 [1] NCCL INFO Channel 25/0 : 1[1] -> 2[2] via P2P/IPC
gpu-nodes-0:5321:11485 [1] NCCL INFO New proxy send connection 57 from local rank 1, transport 0
gpu-nodes-0:5321:5321 [1] NCCL INFO Connected to proxy localRank 1 -> connection 0x7f211c006db8
gpu-nodes-0:5321:5321 [1] NCCL INFO Channel 26/0 : 1[1] -> 2[2] via P2P/IPC
gpu-nodes-0:5321:11485 [1] NCCL INFO New proxy send connection 58 from local rank 1, transport 0
gpu-nodes-0:5321:5321 [1] NCCL INFO Connected to proxy localRank 1 -> connection 0x7f211c006e40
gpu-nodes-0:5321:5321 [1] NCCL INFO Channel 27/0 : 1[1] -> 2[2] via P2P/IPC
gpu-nodes-0:5321:11485 [1] NCCL INFO New proxy send connection 59 from local rank 1, transport 0
gpu-nodes-0:5321:5321 [1] NCCL INFO Connected to proxy localRank 1 -> connection 0x7f211c006ec8
gpu-nodes-0:5321:5321 [1] NCCL INFO Channel 28/0 : 1[1] -> 2[2] via P2P/IPC
gpu-nodes-0:5321:11485 [1] NCCL INFO New proxy send connection 60 from local rank 1, transport 0
gpu-nodes-0:5321:5321 [1] NCCL INFO Connected to proxy localRank 1 -> connection 0x7f211c006f50
gpu-nodes-0:5321:5321 [1] NCCL INFO Channel 29/0 : 1[1] -> 2[2] via P2P/IPC
gpu-nodes-0:5321:11485 [1] NCCL INFO New proxy send connection 61 from local rank 1, transport 0
gpu-nodes-0:5321:5321 [1] NCCL INFO Connected to proxy localRank 1 -> connection 0x7f211c006fd8
gpu-nodes-0:5321:5321 [1] NCCL INFO Channel 30/0 : 1[1] -> 2[2] via P2P/IPC
gpu-nodes-0:5321:11485 [1] NCCL INFO New proxy send connection 62 from local rank 1, transport 0
gpu-nodes-0:5321:5321 [1] NCCL INFO Connected to proxy localRank 1 -> connection 0x7f211c007060
gpu-nodes-0:5321:5321 [1] NCCL INFO Channel 31/0 : 1[1] -> 2[2] via P2P/IPC
gpu-nodes-0:5321:11485 [1] NCCL INFO New proxy send connection 63 from local rank 1, transport 0
gpu-nodes-0:5321:5321 [1] NCCL INFO Connected to proxy localRank 1 -> connection 0x7f211c0070e8
gpu-nodes-0:5321:5321 [1] NCCL INFO Connected all rings, use ring PXN 0 GDR 1
gpu-nodes-0:5321:11485 [1] NCCL INFO New proxy recv connection 64 from local rank 1, transport 0
gpu-nodes-0:5321:5321 [1] NCCL INFO Connected to proxy localRank 1 -> connection 0x7f211c007170
gpu-nodes-0:5321:11485 [1] NCCL INFO New proxy recv connection 65 from local rank 1, transport 0
gpu-nodes-0:5321:5321 [1] NCCL INFO Connected to proxy localRank 1 -> connection 0x7f211c0071f8
gpu-nodes-0:5321:11485 [1] NCCL INFO New proxy recv connection 66 from local rank 1, transport 0
gpu-nodes-0:5321:5321 [1] NCCL INFO Connected to proxy localRank 1 -> connection 0x7f211c007280
gpu-nodes-0:5321:11485 [1] NCCL INFO New proxy recv connection 67 from local rank 1, transport 0
gpu-nodes-0:5321:5321 [1] NCCL INFO Connected to proxy localRank 1 -> connection 0x7f211c007308
gpu-nodes-0:5321:11485 [1] NCCL INFO New proxy recv connection 68 from local rank 1, transport 0
gpu-nodes-0:5321:5321 [1] NCCL INFO Connected to proxy localRank 1 -> connection 0x7f211c007390
gpu-nodes-0:5321:11485 [1] NCCL INFO New proxy recv connection 69 from local rank 1, transport 0
gpu-nodes-0:5321:5321 [1] NCCL INFO Connected to proxy localRank 1 -> connection 0x7f211c007418
gpu-nodes-0:5321:11485 [1] NCCL INFO New proxy recv connection 70 from local rank 1, transport 0
gpu-nodes-0:5321:5321 [1] NCCL INFO Connected to proxy localRank 1 -> connection 0x7f211c0074a0
gpu-nodes-0:5321:11485 [1] NCCL INFO New proxy recv connection 71 from local rank 1, transport 0
gpu-nodes-0:5321:5321 [1] NCCL INFO Connected to proxy localRank 1 -> connection 0x7f211c007528
gpu-nodes-0:5321:11485 [1] NCCL INFO New proxy recv connection 72 from local rank 1, transport 0
gpu-nodes-0:5321:5321 [1] NCCL INFO Connected to proxy localRank 1 -> connection 0x7f211c0075b0
gpu-nodes-0:5321:11485 [1] NCCL INFO New proxy recv connection 73 from local rank 1, transport 0
gpu-nodes-0:5321:5321 [1] NCCL INFO Connected to proxy localRank 1 -> connection 0x7f211c007638
gpu-nodes-0:5321:11485 [1] NCCL INFO New proxy recv connection 74 from local rank 1, transport 0
gpu-nodes-0:5321:5321 [1] NCCL INFO Connected to proxy localRank 1 -> connection 0x7f211c0076c0
gpu-nodes-0:5321:11485 [1] NCCL INFO New proxy recv connection 75 from local rank 1, transport 0
gpu-nodes-0:5321:5321 [1] NCCL INFO Connected to proxy localRank 1 -> connection 0x7f211c007748
gpu-nodes-0:5321:11485 [1] NCCL INFO New proxy recv connection 76 from local rank 1, transport 0
gpu-nodes-0:5321:5321 [1] NCCL INFO Connected to proxy localRank 1 -> connection 0x7f211c0077d0
gpu-nodes-0:5321:11485 [1] NCCL INFO New proxy recv connection 77 from local rank 1, transport 0
gpu-nodes-0:5321:5321 [1] NCCL INFO Connected to proxy localRank 1 -> connection 0x7f211c007858
gpu-nodes-0:5321:11485 [1] NCCL INFO New proxy recv connection 78 from local rank 1, transport 0
gpu-nodes-0:5321:5321 [1] NCCL INFO Connected to proxy localRank 1 -> connection 0x7f211c0078e0
gpu-nodes-0:5321:11485 [1] NCCL INFO New proxy recv connection 79 from local rank 1, transport 0
gpu-nodes-0:5321:5321 [1] NCCL INFO Connected to proxy localRank 1 -> connection 0x7f211c007968
gpu-nodes-0:5321:11485 [1] NCCL INFO New proxy recv connection 80 from local rank 1, transport 0
gpu-nodes-0:5321:5321 [1] NCCL INFO Connected to proxy localRank 1 -> connection 0x7f211c0079f0
gpu-nodes-0:5321:11485 [1] NCCL INFO New proxy recv connection 81 from local rank 1, transport 0
gpu-nodes-0:5321:5321 [1] NCCL INFO Connected to proxy localRank 1 -> connection 0x7f211c007a78
gpu-nodes-0:5321:11485 [1] NCCL INFO New proxy recv connection 82 from local rank 1, transport 0
gpu-nodes-0:5321:5321 [1] NCCL INFO Connected to proxy localRank 1 -> connection 0x7f211c007b00
gpu-nodes-0:5321:11485 [1] NCCL INFO New proxy recv connection 83 from local rank 1, transport 0
gpu-nodes-0:5321:5321 [1] NCCL INFO Connected to proxy localRank 1 -> connection 0x7f211c007b88
gpu-nodes-0:5321:11485 [1] NCCL INFO New proxy recv connection 84 from local rank 1, transport 0
gpu-nodes-0:5321:5321 [1] NCCL INFO Connected to proxy localRank 1 -> connection 0x7f211c007c10
gpu-nodes-0:5321:11485 [1] NCCL INFO New proxy recv connection 85 from local rank 1, transport 0
gpu-nodes-0:5321:5321 [1] NCCL INFO Connected to proxy localRank 1 -> connection 0x7f211c007c98
gpu-nodes-0:5321:11485 [1] NCCL INFO New proxy recv connection 86 from local rank 1, transport 0
gpu-nodes-0:5321:5321 [1] NCCL INFO Connected to proxy localRank 1 -> connection 0x7f211c007d20
gpu-nodes-0:5321:11485 [1] NCCL INFO New proxy recv connection 87 from local rank 1, transport 0
gpu-nodes-0:5321:5321 [1] NCCL INFO Connected to proxy localRank 1 -> connection 0x7f211c007da8
gpu-nodes-0:5321:11485 [1] NCCL INFO New proxy recv connection 88 from local rank 1, transport 0
gpu-nodes-0:5321:5321 [1] NCCL INFO Connected to proxy localRank 1 -> connection 0x7f211c007e30
gpu-nodes-0:5321:11485 [1] NCCL INFO New proxy recv connection 89 from local rank 1, transport 0
gpu-nodes-0:5321:5321 [1] NCCL INFO Connected to proxy localRank 1 -> connection 0x7f211c007eb8
gpu-nodes-0:5321:11485 [1] NCCL INFO New proxy recv connection 90 from local rank 1, transport 0
gpu-nodes-0:5321:5321 [1] NCCL INFO Connected to proxy localRank 1 -> connection 0x7f211c007f40
gpu-nodes-0:5321:11485 [1] NCCL INFO New proxy recv connection 91 from local rank 1, transport 0
gpu-nodes-0:5321:5321 [1] NCCL INFO Connected to proxy localRank 1 -> connection 0x7f211c007fc8
gpu-nodes-0:5321:11485 [1] NCCL INFO New proxy recv connection 92 from local rank 1, transport 0
gpu-nodes-0:5321:5321 [1] NCCL INFO Connected to proxy localRank 1 -> connection 0x7f211c008050
gpu-nodes-0:5321:11485 [1] NCCL INFO New proxy recv connection 93 from local rank 1, transport 0
gpu-nodes-0:5321:5321 [1] NCCL INFO Connected to proxy localRank 1 -> connection 0x7f211c0080d8
gpu-nodes-0:5321:11485 [1] NCCL INFO New proxy recv connection 94 from local rank 1, transport 0
gpu-nodes-0:5321:5321 [1] NCCL INFO Connected to proxy localRank 1 -> connection 0x7f211c008160
gpu-nodes-0:5321:11485 [1] NCCL INFO New proxy recv connection 95 from local rank 1, transport 0
gpu-nodes-0:5321:5321 [1] NCCL INFO Connected to proxy localRank 1 -> connection 0x7f211c0081e8
gpu-nodes-0:5321:5321 [1] NCCL INFO Channel 00/0 : 1[1] -> 0[0] via P2P/IPC
gpu-nodes-0:5321:11485 [1] NCCL INFO New proxy send connection 96 from local rank 1, transport 0
gpu-nodes-0:5321:5321 [1] NCCL INFO Connected to proxy localRank 1 -> connection 0x7f211c008270
gpu-nodes-0:5321:5321 [1] NCCL INFO Channel 01/0 : 1[1] -> 0[0] via P2P/IPC
gpu-nodes-0:5321:11485 [1] NCCL INFO New proxy send connection 97 from local rank 1, transport 0
gpu-nodes-0:5321:5321 [1] NCCL INFO Connected to proxy localRank 1 -> connection 0x7f211c0082f8
gpu-nodes-0:5321:5321 [1] NCCL INFO Channel 02/0 : 1[1] -> 0[0] via P2P/IPC
gpu-nodes-0:5321:11485 [1] NCCL INFO New proxy send connection 98 from local rank 1, transport 0
gpu-nodes-0:5321:5321 [1] NCCL INFO Connected to proxy localRank 1 -> connection 0x7f211c008380
gpu-nodes-0:5321:5321 [1] NCCL INFO Channel 03/0 : 1[1] -> 0[0] via P2P/IPC
gpu-nodes-0:5321:11485 [1] NCCL INFO New proxy send connection 99 from local rank 1, transport 0
gpu-nodes-0:5321:5321 [1] NCCL INFO Connected to proxy localRank 1 -> connection 0x7f211c008408
gpu-nodes-0:5321:5321 [1] NCCL INFO Channel 04/0 : 1[1] -> 0[0] via P2P/IPC
gpu-nodes-0:5321:11485 [1] NCCL INFO New proxy send connection 100 from local rank 1, transport 0
gpu-nodes-0:5321:5321 [1] NCCL INFO Connected to proxy localRank 1 -> connection 0x7f211c008490
gpu-nodes-0:5321:5321 [1] NCCL INFO Channel 05/0 : 1[1] -> 0[0] via P2P/IPC
gpu-nodes-0:5321:11485 [1] NCCL INFO New proxy send connection 101 from local rank 1, transport 0
gpu-nodes-0:5321:5321 [1] NCCL INFO Connected to proxy localRank 1 -> connection 0x7f211c008518
gpu-nodes-0:5321:5321 [1] NCCL INFO Channel 06/0 : 1[1] -> 0[0] via P2P/IPC
gpu-nodes-0:5321:11485 [1] NCCL INFO New proxy send connection 102 from local rank 1, transport 0
gpu-nodes-0:5321:5321 [1] NCCL INFO Connected to proxy localRank 1 -> connection 0x7f211c0085a0
gpu-nodes-0:5321:5321 [1] NCCL INFO Channel 07/0 : 1[1] -> 0[0] via P2P/IPC
gpu-nodes-0:5321:11485 [1] NCCL INFO New proxy send connection 103 from local rank 1, transport 0
gpu-nodes-0:5321:5321 [1] NCCL INFO Connected to proxy localRank 1 -> connection 0x7f211c008628
gpu-nodes-0:5321:5321 [1] NCCL INFO Channel 08/0 : 1[1] -> 0[0] via P2P/IPC
gpu-nodes-0:5321:11485 [1] NCCL INFO New proxy send connection 104 from local rank 1, transport 0
gpu-nodes-0:5321:5321 [1] NCCL INFO Connected to proxy localRank 1 -> connection 0x7f211c0086b0
gpu-nodes-0:5321:5321 [1] NCCL INFO Channel 09/0 : 1[1] -> 0[0] via P2P/IPC
gpu-nodes-0:5321:11485 [1] NCCL INFO New proxy send connection 105 from local rank 1, transport 0
gpu-nodes-0:5321:5321 [1] NCCL INFO Connected to proxy localRank 1 -> connection 0x7f211c008738
gpu-nodes-0:5321:5321 [1] NCCL INFO Channel 10/0 : 1[1] -> 0[0] via P2P/IPC
gpu-nodes-0:5321:11485 [1] NCCL INFO New proxy send connection 106 from local rank 1, transport 0
gpu-nodes-0:5321:5321 [1] NCCL INFO Connected to proxy localRank 1 -> connection 0x7f211c0087c0
gpu-nodes-0:5321:5321 [1] NCCL INFO Channel 11/0 : 1[1] -> 0[0] via P2P/IPC
gpu-nodes-0:5321:11485 [1] NCCL INFO New proxy send connection 107 from local rank 1, transport 0
gpu-nodes-0:5321:5321 [1] NCCL INFO Connected to proxy localRank 1 -> connection 0x7f211c008848
gpu-nodes-0:5321:5321 [1] NCCL INFO Channel 12/0 : 1[1] -> 0[0] via P2P/IPC
gpu-nodes-0:5321:11485 [1] NCCL INFO New proxy send connection 108 from local rank 1, transport 0
gpu-nodes-0:5321:5321 [1] NCCL INFO Connected to proxy localRank 1 -> connection 0x7f211c0088d0
gpu-nodes-0:5321:5321 [1] NCCL INFO Channel 13/0 : 1[1] -> 0[0] via P2P/IPC
gpu-nodes-0:5321:11485 [1] NCCL INFO New proxy send connection 109 from local rank 1, transport 0
gpu-nodes-0:5321:5321 [1] NCCL INFO Connected to proxy localRank 1 -> connection 0x7f211c008958
gpu-nodes-0:5321:5321 [1] NCCL INFO Channel 14/0 : 1[1] -> 0[0] via P2P/IPC
gpu-nodes-0:5321:11485 [1] NCCL INFO New proxy send connection 110 from local rank 1, transport 0
gpu-nodes-0:5321:5321 [1] NCCL INFO Connected to proxy localRank 1 -> connection 0x7f211c0089e0
gpu-nodes-0:5321:5321 [1] NCCL INFO Channel 15/0 : 1[1] -> 0[0] via P2P/IPC
gpu-nodes-0:5321:11485 [1] NCCL INFO New proxy send connection 111 from local rank 1, transport 0
gpu-nodes-0:5321:5321 [1] NCCL INFO Connected to proxy localRank 1 -> connection 0x7f211c008a68
gpu-nodes-0:5321:5321 [1] NCCL INFO Channel 16/0 : 1[1] -> 0[0] via P2P/IPC
gpu-nodes-0:5321:11485 [1] NCCL INFO New proxy send connection 112 from local rank 1, transport 0
gpu-nodes-0:5321:5321 [1] NCCL INFO Connected to proxy localRank 1 -> connection 0x7f211c008af0
gpu-nodes-0:5321:5321 [1] NCCL INFO Channel 17/0 : 1[1] -> 0[0] via P2P/IPC
gpu-nodes-0:5321:11485 [1] NCCL INFO New proxy send connection 113 from local rank 1, transport 0
gpu-nodes-0:5321:5321 [1] NCCL INFO Connected to proxy localRank 1 -> connection 0x7f211c008b78
gpu-nodes-0:5321:5321 [1] NCCL INFO Channel 18/0 : 1[1] -> 0[0] via P2P/IPC
gpu-nodes-0:5321:11485 [1] NCCL INFO New proxy send connection 114 from local rank 1, transport 0
gpu-nodes-0:5321:5321 [1] NCCL INFO Connected to proxy localRank 1 -> connection 0x7f211c008c00
gpu-nodes-0:5321:5321 [1] NCCL INFO Channel 19/0 : 1[1] -> 0[0] via P2P/IPC
gpu-nodes-0:5321:11485 [1] NCCL INFO New proxy send connection 115 from local rank 1, transport 0
gpu-nodes-0:5321:5321 [1] NCCL INFO Connected to proxy localRank 1 -> connection 0x7f211c008c88
gpu-nodes-0:5321:5321 [1] NCCL INFO Channel 20/0 : 1[1] -> 0[0] via P2P/IPC
gpu-nodes-0:5321:11485 [1] NCCL INFO New proxy send connection 116 from local rank 1, transport 0
gpu-nodes-0:5321:5321 [1] NCCL INFO Connected to proxy localRank 1 -> connection 0x7f211c008d10
gpu-nodes-0:5321:5321 [1] NCCL INFO Channel 21/0 : 1[1] -> 0[0] via P2P/IPC
gpu-nodes-0:5321:11485 [1] NCCL INFO New proxy send connection 117 from local rank 1, transport 0
gpu-nodes-0:5321:5321 [1] NCCL INFO Connected to proxy localRank 1 -> connection 0x7f211c008d98
gpu-nodes-0:5321:5321 [1] NCCL INFO Channel 22/0 : 1[1] -> 0[0] via P2P/IPC
gpu-nodes-0:5321:11485 [1] NCCL INFO New proxy send connection 118 from local rank 1, transport 0
gpu-nodes-0:5321:5321 [1] NCCL INFO Connected to proxy localRank 1 -> connection 0x7f211c008e20
gpu-nodes-0:5321:5321 [1] NCCL INFO Channel 23/0 : 1[1] -> 0[0] via P2P/IPC
gpu-nodes-0:5321:11485 [1] NCCL INFO New proxy send connection 119 from local rank 1, transport 0
gpu-nodes-0:5321:5321 [1] NCCL INFO Connected to proxy localRank 1 -> connection 0x7f211c008ea8
gpu-nodes-0:5321:5321 [1] NCCL INFO Channel 24/0 : 1[1] -> 0[0] via P2P/IPC
gpu-nodes-0:5321:11485 [1] NCCL INFO New proxy send connection 120 from local rank 1, transport 0
gpu-nodes-0:5321:5321 [1] NCCL INFO Connected to proxy localRank 1 -> connection 0x7f211c008f30
gpu-nodes-0:5321:5321 [1] NCCL INFO Channel 25/0 : 1[1] -> 0[0] via P2P/IPC
gpu-nodes-0:5321:11485 [1] NCCL INFO New proxy send connection 121 from local rank 1, transport 0
gpu-nodes-0:5321:5321 [1] NCCL INFO Connected to proxy localRank 1 -> connection 0x7f211c008fb8
gpu-nodes-0:5321:5321 [1] NCCL INFO Channel 26/0 : 1[1] -> 0[0] via P2P/IPC
gpu-nodes-0:5321:11485 [1] NCCL INFO New proxy send connection 122 from local rank 1, transport 0
gpu-nodes-0:5321:5321 [1] NCCL INFO Connected to proxy localRank 1 -> connection 0x7f211c009040
gpu-nodes-0:5321:5321 [1] NCCL INFO Channel 27/0 : 1[1] -> 0[0] via P2P/IPC
gpu-nodes-0:5321:11485 [1] NCCL INFO New proxy send connection 123 from local rank 1, transport 0
gpu-nodes-0:5321:5321 [1] NCCL INFO Connected to proxy localRank 1 -> connection 0x7f211c0090c8
gpu-nodes-0:5321:5321 [1] NCCL INFO Channel 28/0 : 1[1] -> 0[0] via P2P/IPC
gpu-nodes-0:5321:11485 [1] NCCL INFO New proxy send connection 124 from local rank 1, transport 0
gpu-nodes-0:5321:5321 [1] NCCL INFO Connected to proxy localRank 1 -> connection 0x7f211c009150
gpu-nodes-0:5321:5321 [1] NCCL INFO Channel 29/0 : 1[1] -> 0[0] via P2P/IPC
gpu-nodes-0:5321:11485 [1] NCCL INFO New proxy send connection 125 from local rank 1, transport 0
gpu-nodes-0:5321:5321 [1] NCCL INFO Connected to proxy localRank 1 -> connection 0x7f211c0091d8
gpu-nodes-0:5321:5321 [1] NCCL INFO Channel 30/0 : 1[1] -> 0[0] via P2P/IPC
gpu-nodes-0:5321:11485 [1] NCCL INFO New proxy send connection 126 from local rank 1, transport 0
gpu-nodes-0:5321:5321 [1] NCCL INFO Connected to proxy localRank 1 -> connection 0x7f211c009260
gpu-nodes-0:5321:5321 [1] NCCL INFO Channel 31/0 : 1[1] -> 0[0] via P2P/IPC
gpu-nodes-0:5321:11485 [1] NCCL INFO New proxy send connection 127 from local rank 1, transport 0
gpu-nodes-0:5321:5321 [1] NCCL INFO Connected to proxy localRank 1 -> connection 0x7f211c0092e8
gpu-nodes-0:5321:5321 [1] NCCL INFO Connected all trees
gpu-nodes-0:5321:5321 [1] NCCL INFO Connected to proxy localRank 0 -> connection 0x790fb0008270
gpu-nodes-0:5321:5321 [1] NCCL INFO NVLS comm 0x7858c310 headRank 1 nHeads 8 nvlsRanks 8 buffSize 1048576 nvlsPerRankSize 50331648 nvlsTotalSize 402653184
gpu-nodes-0:5321:11485 [1] NCCL INFO New proxy send connection 128 from local rank 1, transport 2
gpu-nodes-0:5321:11502 [0] NCCL INFO [Proxy Progress] Device 1 CPU core 177
gpu-nodes-0:5321:5321 [1] NCCL INFO Connected to proxy localRank 1 -> connection 0x7f211c070c20
gpu-nodes-0:5321:5321 [1] NCCL INFO threadThresholds 8/8/64 | 64/8/64 | 512 | 512
gpu-nodes-0:5321:5321 [1] NCCL INFO 32 coll channels, 32 collnet channels, 24 nvls channels, 32 p2p channels, 32 p2p channels per peer
gpu-nodes-0:5321:5321 [1] NCCL INFO Symmetric memory is not supported. cuMemEnable 0, globalGinSupport 0, globalNicFused 1 cuMemGdrSupport 1
gpu-nodes-0:5321:5321 [1] NCCL INFO ncclCommInitRankConfig comm 0x7858c310 rank 1 nranks 8 cudaDev 1 nvmlDev 1 busId 13000 commId 0x5af516fd055c0ac3 - Init COMPLETE
gpu-nodes-0:5321:5321 [1] NCCL INFO Init timings - ncclCommInitRankConfig: rank 1 nranks 8 total 1.34 (kernels 0.00, alloc 0.00, bootstrap 0.05, allgathers 0.01, topo 0.88, graphs 0.02, connections 0.38, rest 0.00)
gpu-nodes-0:5321:8144 [1] NCCL INFO New proxy recv connection 129 from local rank 1, transport 0
gpu-nodes-0:5321:5321 [1] NCCL INFO Connected to proxy localRank 1 -> connection 0x7f22200725a8
gpu-nodes-0:5321:8144 [1] NCCL INFO New proxy recv connection 130 from local rank 1, transport 0
gpu-nodes-0:5321:5321 [1] NCCL INFO Connected to proxy localRank 1 -> connection 0x7f2220072630
gpu-nodes-0:5321:8144 [1] NCCL INFO New proxy recv connection 131 from local rank 1, transport 0
gpu-nodes-0:5321:5321 [1] NCCL INFO Connected to proxy localRank 1 -> connection 0x7f22200726b8
gpu-nodes-0:5321:8144 [1] NCCL INFO New proxy recv connection 132 from local rank 1, transport 0
gpu-nodes-0:5321:5321 [1] NCCL INFO Connected to proxy localRank 1 -> connection 0x7f2220072740
gpu-nodes-0:5321:8144 [1] NCCL INFO New proxy recv connection 133 from local rank 1, transport 0
gpu-nodes-0:5321:5321 [1] NCCL INFO Connected to proxy localRank 1 -> connection 0x7f22200727c8
gpu-nodes-0:5321:8144 [1] NCCL INFO New proxy recv connection 134 from local rank 1, transport 0
gpu-nodes-0:5321:5321 [1] NCCL INFO Connected to proxy localRank 1 -> connection 0x7f2220072850
gpu-nodes-0:5321:8144 [1] NCCL INFO New proxy recv connection 135 from local rank 1, transport 0
gpu-nodes-0:5321:5321 [1] NCCL INFO Connected to proxy localRank 1 -> connection 0x7f22200728d8
gpu-nodes-0:5321:8144 [1] NCCL INFO New proxy recv connection 136 from local rank 1, transport 0
gpu-nodes-0:5321:5321 [1] NCCL INFO Connected to proxy localRank 1 -> connection 0x7f2220072960
gpu-nodes-0:5321:8144 [1] NCCL INFO New proxy recv connection 137 from local rank 1, transport 0
gpu-nodes-0:5321:5321 [1] NCCL INFO Connected to proxy localRank 1 -> connection 0x7f22200729e8
gpu-nodes-0:5321:8144 [1] NCCL INFO New proxy recv connection 138 from local rank 1, transport 0
gpu-nodes-0:5321:5321 [1] NCCL INFO Connected to proxy localRank 1 -> connection 0x7f2220072a70
gpu-nodes-0:5321:8144 [1] NCCL INFO New proxy recv connection 139 from local rank 1, transport 0
gpu-nodes-0:5321:5321 [1] NCCL INFO Connected to proxy localRank 1 -> connection 0x7f2220072af8
gpu-nodes-0:5321:8144 [1] NCCL INFO New proxy recv connection 140 from local rank 1, transport 0
gpu-nodes-0:5321:5321 [1] NCCL INFO Connected to proxy localRank 1 -> connection 0x7f2220072b80
gpu-nodes-0:5321:8144 [1] NCCL INFO New proxy recv connection 141 from local rank 1, transport 0
gpu-nodes-0:5321:5321 [1] NCCL INFO Connected to proxy localRank 1 -> connection 0x7f2220072c08
gpu-nodes-0:5321:8144 [1] NCCL INFO New proxy recv connection 142 from local rank 1, transport 0
gpu-nodes-0:5321:5321 [1] NCCL INFO Connected to proxy localRank 1 -> connection 0x7f2220072c90
gpu-nodes-0:5321:8144 [1] NCCL INFO New proxy recv connection 143 from local rank 1, transport 0
gpu-nodes-0:5321:5321 [1] NCCL INFO Connected to proxy localRank 1 -> connection 0x7f2220072d18
gpu-nodes-0:5321:8144 [1] NCCL INFO New proxy recv connection 144 from local rank 1, transport 0
gpu-nodes-0:5321:5321 [1] NCCL INFO Connected to proxy localRank 1 -> connection 0x7f2220072da0
gpu-nodes-0:5321:8144 [1] NCCL INFO New proxy recv connection 145 from local rank 1, transport 0
gpu-nodes-0:5321:5321 [1] NCCL INFO Connected to proxy localRank 1 -> connection 0x7f2220072e28
gpu-nodes-0:5321:8144 [1] NCCL INFO New proxy recv connection 146 from local rank 1, transport 0
gpu-nodes-0:5321:5321 [1] NCCL INFO Connected to proxy localRank 1 -> connection 0x7f2220072eb0
gpu-nodes-0:5321:8144 [1] NCCL INFO New proxy recv connection 147 from local rank 1, transport 0
gpu-nodes-0:5321:5321 [1] NCCL INFO Connected to proxy localRank 1 -> connection 0x7f2220072f38
gpu-nodes-0:5321:8144 [1] NCCL INFO New proxy recv connection 148 from local rank 1, transport 0
gpu-nodes-0:5321:5321 [1] NCCL INFO Connected to proxy localRank 1 -> connection 0x7f2220072fc0
gpu-nodes-0:5321:8144 [1] NCCL INFO New proxy recv connection 149 from local rank 1, transport 0
gpu-nodes-0:5321:5321 [1] NCCL INFO Connected to proxy localRank 1 -> connection 0x7f2220073048
gpu-nodes-0:5321:8144 [1] NCCL INFO New proxy recv connection 150 from local rank 1, transport 0
gpu-nodes-0:5321:5321 [1] NCCL INFO Connected to proxy localRank 1 -> connection 0x7f22200730d0
gpu-nodes-0:5321:8144 [1] NCCL INFO New proxy recv connection 151 from local rank 1, transport 0
gpu-nodes-0:5321:5321 [1] NCCL INFO Connected to proxy localRank 1 -> connection 0x7f2220073158
gpu-nodes-0:5321:8144 [1] NCCL INFO New proxy recv connection 152 from local rank 1, transport 0
gpu-nodes-0:5321:5321 [1] NCCL INFO Connected to proxy localRank 1 -> connection 0x7f22200731e0
gpu-nodes-0:5321:8144 [1] NCCL INFO New proxy recv connection 153 from local rank 1, transport 0
gpu-nodes-0:5321:5321 [1] NCCL INFO Connected to proxy localRank 1 -> connection 0x7f2220073268
gpu-nodes-0:5321:8144 [1] NCCL INFO New proxy recv connection 154 from local rank 1, transport 0
gpu-nodes-0:5321:5321 [1] NCCL INFO Connected to proxy localRank 1 -> connection 0x7f22200732f0
gpu-nodes-0:5321:8144 [1] NCCL INFO New proxy recv connection 155 from local rank 1, transport 0
gpu-nodes-0:5321:5321 [1] NCCL INFO Connected to proxy localRank 1 -> connection 0x7f2220073378
gpu-nodes-0:5321:8144 [1] NCCL INFO New proxy recv connection 156 from local rank 1, transport 0
gpu-nodes-0:5321:5321 [1] NCCL INFO Connected to proxy localRank 1 -> connection 0x7f2220073400
gpu-nodes-0:5321:8144 [1] NCCL INFO New proxy recv connection 157 from local rank 1, transport 0
gpu-nodes-0:5321:5321 [1] NCCL INFO Connected to proxy localRank 1 -> connection 0x7f2220073488
gpu-nodes-0:5321:8144 [1] NCCL INFO New proxy recv connection 158 from local rank 1, transport 0
gpu-nodes-0:5321:5321 [1] NCCL INFO Connected to proxy localRank 1 -> connection 0x7f2220073510
gpu-nodes-0:5321:8144 [1] NCCL INFO New proxy recv connection 159 from local rank 1, transport 0
gpu-nodes-0:5321:5321 [1] NCCL INFO Connected to proxy localRank 1 -> connection 0x7f2220073598
gpu-nodes-0:5321:8144 [1] NCCL INFO New proxy recv connection 160 from local rank 1, transport 0
gpu-nodes-0:5321:5321 [1] NCCL INFO Connected to proxy localRank 1 -> connection 0x7f2220073620
gpu-nodes-0:5321:5321 [1] NCCL INFO Channel 00/1 : 1[1] -> 2[2] via P2P/IPC
gpu-nodes-0:5321:8144 [1] NCCL INFO New proxy send connection 161 from local rank 1, transport 0
gpu-nodes-0:5321:5321 [1] NCCL INFO Connected to proxy localRank 1 -> connection 0x7f22200736a8
gpu-nodes-0:5321:5321 [1] NCCL INFO Channel 01/1 : 1[1] -> 2[2] via P2P/IPC
gpu-nodes-0:5321:8144 [1] NCCL INFO New proxy send connection 162 from local rank 1, transport 0
gpu-nodes-0:5321:5321 [1] NCCL INFO Connected to proxy localRank 1 -> connection 0x7f2220073730
gpu-nodes-0:5321:5321 [1] NCCL INFO Channel 02/1 : 1[1] -> 2[2] via P2P/IPC
gpu-nodes-0:5321:8144 [1] NCCL INFO New proxy send connection 163 from local rank 1, transport 0
gpu-nodes-0:5321:5321 [1] NCCL INFO Connected to proxy localRank 1 -> connection 0x7f22200737b8
gpu-nodes-0:5321:5321 [1] NCCL INFO Channel 03/1 : 1[1] -> 2[2] via P2P/IPC
gpu-nodes-0:5321:8144 [1] NCCL INFO New proxy send connection 164 from local rank 1, transport 0
gpu-nodes-0:5321:5321 [1] NCCL INFO Connected to proxy localRank 1 -> connection 0x7f2220073840
gpu-nodes-0:5321:5321 [1] NCCL INFO Channel 04/1 : 1[1] -> 2[2] via P2P/IPC
gpu-nodes-0:5321:8144 [1] NCCL INFO New proxy send connection 165 from local rank 1, transport 0
gpu-nodes-0:5321:5321 [1] NCCL INFO Connected to proxy localRank 1 -> connection 0x7f22200738c8
gpu-nodes-0:5321:5321 [1] NCCL INFO Channel 05/1 : 1[1] -> 2[2] via P2P/IPC
gpu-nodes-0:5321:8144 [1] NCCL INFO New proxy send connection 166 from local rank 1, transport 0
gpu-nodes-0:5321:5321 [1] NCCL INFO Connected to proxy localRank 1 -> connection 0x7f2220073950
gpu-nodes-0:5321:5321 [1] NCCL INFO Channel 06/1 : 1[1] -> 2[2] via P2P/IPC
gpu-nodes-0:5321:8144 [1] NCCL INFO New proxy send connection 167 from local rank 1, transport 0
gpu-nodes-0:5321:5321 [1] NCCL INFO Connected to proxy localRank 1 -> connection 0x7f22200739d8
gpu-nodes-0:5321:5321 [1] NCCL INFO Channel 07/1 : 1[1] -> 2[2] via P2P/IPC
gpu-nodes-0:5321:8144 [1] NCCL INFO New proxy send connection 168 from local rank 1, transport 0
gpu-nodes-0:5321:5321 [1] NCCL INFO Connected to proxy localRank 1 -> connection 0x7f2220073a60
gpu-nodes-0:5321:5321 [1] NCCL INFO Channel 08/1 : 1[1] -> 2[2] via P2P/IPC
gpu-nodes-0:5321:8144 [1] NCCL INFO New proxy send connection 169 from local rank 1, transport 0
gpu-nodes-0:5321:5321 [1] NCCL INFO Connected to proxy localRank 1 -> connection 0x7f2220073ae8
gpu-nodes-0:5321:5321 [1] NCCL INFO Channel 09/1 : 1[1] -> 2[2] via P2P/IPC
gpu-nodes-0:5321:8144 [1] NCCL INFO New proxy send connection 170 from local rank 1, transport 0
gpu-nodes-0:5321:5321 [1] NCCL INFO Connected to proxy localRank 1 -> connection 0x7f2220073b70
gpu-nodes-0:5321:5321 [1] NCCL INFO Channel 10/1 : 1[1] -> 2[2] via P2P/IPC
gpu-nodes-0:5321:8144 [1] NCCL INFO New proxy send connection 171 from local rank 1, transport 0
gpu-nodes-0:5321:5321 [1] NCCL INFO Connected to proxy localRank 1 -> connection 0x7f2220073bf8
gpu-nodes-0:5321:5321 [1] NCCL INFO Channel 11/1 : 1[1] -> 2[2] via P2P/IPC
gpu-nodes-0:5321:8144 [1] NCCL INFO New proxy send connection 172 from local rank 1, transport 0
gpu-nodes-0:5321:5321 [1] NCCL INFO Connected to proxy localRank 1 -> connection 0x7f2220073c80
gpu-nodes-0:5321:5321 [1] NCCL INFO Channel 12/1 : 1[1] -> 2[2] via P2P/IPC
gpu-nodes-0:5321:8144 [1] NCCL INFO New proxy send connection 173 from local rank 1, transport 0
gpu-nodes-0:5321:5321 [1] NCCL INFO Connected to proxy localRank 1 -> connection 0x7f2220073d08
gpu-nodes-0:5321:5321 [1] NCCL INFO Channel 13/1 : 1[1] -> 2[2] via P2P/IPC
gpu-nodes-0:5321:8144 [1] NCCL INFO New proxy send connection 174 from local rank 1, transport 0
gpu-nodes-0:5321:5321 [1] NCCL INFO Connected to proxy localRank 1 -> connection 0x7f2220073d90
gpu-nodes-0:5321:5321 [1] NCCL INFO Channel 14/1 : 1[1] -> 2[2] via P2P/IPC
gpu-nodes-0:5321:8144 [1] NCCL INFO New proxy send connection 175 from local rank 1, transport 0
gpu-nodes-0:5321:5321 [1] NCCL INFO Connected to proxy localRank 1 -> connection 0x7f2220073e18
gpu-nodes-0:5321:5321 [1] NCCL INFO Channel 15/1 : 1[1] -> 2[2] via P2P/IPC
gpu-nodes-0:5321:8144 [1] NCCL INFO New proxy send connection 176 from local rank 1, transport 0
gpu-nodes-0:5321:5321 [1] NCCL INFO Connected to proxy localRank 1 -> connection 0x7f2220073ea0
gpu-nodes-0:5321:5321 [1] NCCL INFO Channel 16/1 : 1[1] -> 2[2] via P2P/IPC
gpu-nodes-0:5321:8144 [1] NCCL INFO New proxy send connection 177 from local rank 1, transport 0
gpu-nodes-0:5321:5321 [1] NCCL INFO Connected to proxy localRank 1 -> connection 0x7f2220073f28
gpu-nodes-0:5321:5321 [1] NCCL INFO Channel 17/1 : 1[1] -> 2[2] via P2P/IPC
gpu-nodes-0:5321:8144 [1] NCCL INFO New proxy send connection 178 from local rank 1, transport 0
gpu-nodes-0:5321:5321 [1] NCCL INFO Connected to proxy localRank 1 -> connection 0x7f2220073fb0
gpu-nodes-0:5321:5321 [1] NCCL INFO Channel 18/1 : 1[1] -> 2[2] via P2P/IPC
gpu-nodes-0:5321:8144 [1] NCCL INFO New proxy send connection 179 from local rank 1, transport 0
gpu-nodes-0:5321:5321 [1] NCCL INFO Connected to proxy localRank 1 -> connection 0x7f2220074038
gpu-nodes-0:5321:5321 [1] NCCL INFO Channel 19/1 : 1[1] -> 2[2] via P2P/IPC
gpu-nodes-0:5321:8144 [1] NCCL INFO New proxy send connection 180 from local rank 1, transport 0
gpu-nodes-0:5321:5321 [1] NCCL INFO Connected to proxy localRank 1 -> connection 0x7f22200740c0
gpu-nodes-0:5321:5321 [1] NCCL INFO Channel 20/1 : 1[1] -> 2[2] via P2P/IPC
gpu-nodes-0:5321:8144 [1] NCCL INFO New proxy send connection 181 from local rank 1, transport 0
gpu-nodes-0:5321:5321 [1] NCCL INFO Connected to proxy localRank 1 -> connection 0x7f2220074148
gpu-nodes-0:5321:5321 [1] NCCL INFO Channel 21/1 : 1[1] -> 2[2] via P2P/IPC
gpu-nodes-0:5321:8144 [1] NCCL INFO New proxy send connection 182 from local rank 1, transport 0
gpu-nodes-0:5321:5321 [1] NCCL INFO Connected to proxy localRank 1 -> connection 0x7f22200741d0
gpu-nodes-0:5321:5321 [1] NCCL INFO Channel 22/1 : 1[1] -> 2[2] via P2P/IPC
gpu-nodes-0:5321:8144 [1] NCCL INFO New proxy send connection 183 from local rank 1, transport 0
gpu-nodes-0:5321:5321 [1] NCCL INFO Connected to proxy localRank 1 -> connection 0x7f2220074258
gpu-nodes-0:5321:5321 [1] NCCL INFO Channel 23/1 : 1[1] -> 2[2] via P2P/IPC
gpu-nodes-0:5321:8144 [1] NCCL INFO New proxy send connection 184 from local rank 1, transport 0
gpu-nodes-0:5321:5321 [1] NCCL INFO Connected to proxy localRank 1 -> connection 0x7f22200742e0
gpu-nodes-0:5321:5321 [1] NCCL INFO Channel 24/1 : 1[1] -> 2[2] via P2P/IPC
gpu-nodes-0:5321:8144 [1] NCCL INFO New proxy send connection 185 from local rank 1, transport 0
gpu-nodes-0:5321:5321 [1] NCCL INFO Connected to proxy localRank 1 -> connection 0x7f2220074368
gpu-nodes-0:5321:5321 [1] NCCL INFO Channel 25/1 : 1[1] -> 2[2] via P2P/IPC
gpu-nodes-0:5321:8144 [1] NCCL INFO New proxy send connection 186 from local rank 1, transport 0
gpu-nodes-0:5321:5321 [1] NCCL INFO Connected to proxy localRank 1 -> connection 0x7f22200743f0
gpu-nodes-0:5321:5321 [1] NCCL INFO Channel 26/1 : 1[1] -> 2[2] via P2P/IPC
gpu-nodes-0:5321:8144 [1] NCCL INFO New proxy send connection 187 from local rank 1, transport 0
gpu-nodes-0:5321:5321 [1] NCCL INFO Connected to proxy localRank 1 -> connection 0x7f2220074478
gpu-nodes-0:5321:5321 [1] NCCL INFO Channel 27/1 : 1[1] -> 2[2] via P2P/IPC
gpu-nodes-0:5321:8144 [1] NCCL INFO New proxy send connection 188 from local rank 1, transport 0
gpu-nodes-0:5321:5321 [1] NCCL INFO Connected to proxy localRank 1 -> connection 0x7f2220074500
gpu-nodes-0:5321:5321 [1] NCCL INFO Channel 28/1 : 1[1] -> 2[2] via P2P/IPC
gpu-nodes-0:5321:8144 [1] NCCL INFO New proxy send connection 189 from local rank 1, transport 0
gpu-nodes-0:5321:5321 [1] NCCL INFO Connected to proxy localRank 1 -> connection 0x7f2220074588
gpu-nodes-0:5321:5321 [1] NCCL INFO Channel 29/1 : 1[1] -> 2[2] via P2P/IPC
gpu-nodes-0:5321:8144 [1] NCCL INFO New proxy send connection 190 from local rank 1, transport 0
gpu-nodes-0:5321:5321 [1] NCCL INFO Connected to proxy localRank 1 -> connection 0x7f2220074610
gpu-nodes-0:5321:5321 [1] NCCL INFO Channel 30/1 : 1[1] -> 2[2] via P2P/IPC
gpu-nodes-0:5321:8144 [1] NCCL INFO New proxy send connection 191 from local rank 1, transport 0
gpu-nodes-0:5321:5321 [1] NCCL INFO Connected to proxy localRank 1 -> connection 0x7f2220074698
gpu-nodes-0:5321:5321 [1] NCCL INFO Channel 31/1 : 1[1] -> 2[2] via P2P/IPC
gpu-nodes-0:5321:8144 [1] NCCL INFO New proxy send connection 192 from local rank 1, transport 0
gpu-nodes-0:5321:5321 [1] NCCL INFO Connected to proxy localRank 1 -> connection 0x7f2220074720
gpu-nodes-0:5321:8144 [1] NCCL INFO New proxy recv connection 193 from local rank 1, transport 0
gpu-nodes-0:5321:5321 [1] NCCL INFO Connected to proxy localRank 1 -> connection 0x7f22200747a8
gpu-nodes-0:5321:8144 [1] NCCL INFO New proxy recv connection 194 from local rank 1, transport 0
gpu-nodes-0:5321:5321 [1] NCCL INFO Connected to proxy localRank 1 -> connection 0x7f2220074830
gpu-nodes-0:5321:8144 [1] NCCL INFO New proxy recv connection 195 from local rank 1, transport 0
gpu-nodes-0:5321:5321 [1] NCCL INFO Connected to proxy localRank 1 -> connection 0x7f22200748b8
gpu-nodes-0:5321:8144 [1] NCCL INFO New proxy recv connection 196 from local rank 1, transport 0
gpu-nodes-0:5321:5321 [1] NCCL INFO Connected to proxy localRank 1 -> connection 0x7f2220074940
gpu-nodes-0:5321:8144 [1] NCCL INFO New proxy recv connection 197 from local rank 1, transport 0
gpu-nodes-0:5321:5321 [1] NCCL INFO Connected to proxy localRank 1 -> connection 0x7f22200749c8
gpu-nodes-0:5321:8144 [1] NCCL INFO New proxy recv connection 198 from local rank 1, transport 0
gpu-nodes-0:5321:5321 [1] NCCL INFO Connected to proxy localRank 1 -> connection 0x7f2220074a50
gpu-nodes-0:5321:8144 [1] NCCL INFO New proxy recv connection 199 from local rank 1, transport 0
gpu-nodes-0:5321:5321 [1] NCCL INFO Connected to proxy localRank 1 -> connection 0x7f2220074ad8
gpu-nodes-0:5321:8144 [1] NCCL INFO New proxy recv connection 200 from local rank 1, transport 0
gpu-nodes-0:5321:5321 [1] NCCL INFO Connected to proxy localRank 1 -> connection 0x7f2220074b60
gpu-nodes-0:5321:8144 [1] NCCL INFO New proxy recv connection 201 from local rank 1, transport 0
gpu-nodes-0:5321:5321 [1] NCCL INFO Connected to proxy localRank 1 -> connection 0x7f2220074be8
gpu-nodes-0:5321:8144 [1] NCCL INFO New proxy recv connection 202 from local rank 1, transport 0
gpu-nodes-0:5321:5321 [1] NCCL INFO Connected to proxy localRank 1 -> connection 0x7f2220074c70
gpu-nodes-0:5321:8144 [1] NCCL INFO New proxy recv connection 203 from local rank 1, transport 0
gpu-nodes-0:5321:5321 [1] NCCL INFO Connected to proxy localRank 1 -> connection 0x7f2220074cf8
gpu-nodes-0:5321:8144 [1] NCCL INFO New proxy recv connection 204 from local rank 1, transport 0
gpu-nodes-0:5321:5321 [1] NCCL INFO Connected to proxy localRank 1 -> connection 0x7f2220074d80
gpu-nodes-0:5321:8144 [1] NCCL INFO New proxy recv connection 205 from local rank 1, transport 0
gpu-nodes-0:5321:5321 [1] NCCL INFO Connected to proxy localRank 1 -> connection 0x7f2220074e08
gpu-nodes-0:5321:8144 [1] NCCL INFO New proxy recv connection 206 from local rank 1, transport 0
gpu-nodes-0:5321:5321 [1] NCCL INFO Connected to proxy localRank 1 -> connection 0x7f2220074e90
gpu-nodes-0:5321:8144 [1] NCCL INFO New proxy recv connection 207 from local rank 1, transport 0
gpu-nodes-0:5321:5321 [1] NCCL INFO Connected to proxy localRank 1 -> connection 0x7f2220074f18
gpu-nodes-0:5321:8144 [1] NCCL INFO New proxy recv connection 208 from local rank 1, transport 0
gpu-nodes-0:5321:5321 [1] NCCL INFO Connected to proxy localRank 1 -> connection 0x7f2220074fa0
gpu-nodes-0:5321:8144 [1] NCCL INFO New proxy recv connection 209 from local rank 1, transport 0
gpu-nodes-0:5321:5321 [1] NCCL INFO Connected to proxy localRank 1 -> connection 0x7f2220075028
gpu-nodes-0:5321:8144 [1] NCCL INFO New proxy recv connection 210 from local rank 1, transport 0
gpu-nodes-0:5321:5321 [1] NCCL INFO Connected to proxy localRank 1 -> connection 0x7f22200750b0
gpu-nodes-0:5321:8144 [1] NCCL INFO New proxy recv connection 211 from local rank 1, transport 0
gpu-nodes-0:5321:5321 [1] NCCL INFO Connected to proxy localRank 1 -> connection 0x7f2220075138
gpu-nodes-0:5321:8144 [1] NCCL INFO New proxy recv connection 212 from local rank 1, transport 0
gpu-nodes-0:5321:5321 [1] NCCL INFO Connected to proxy localRank 1 -> connection 0x7f22200751c0
gpu-nodes-0:5321:8144 [1] NCCL INFO New proxy recv connection 213 from local rank 1, transport 0
gpu-nodes-0:5321:5321 [1] NCCL INFO Connected to proxy localRank 1 -> connection 0x7f2220075248
gpu-nodes-0:5321:8144 [1] NCCL INFO New proxy recv connection 214 from local rank 1, transport 0
gpu-nodes-0:5321:5321 [1] NCCL INFO Connected to proxy localRank 1 -> connection 0x7f22200752d0
gpu-nodes-0:5321:8144 [1] NCCL INFO New proxy recv connection 215 from local rank 1, transport 0
gpu-nodes-0:5321:5321 [1] NCCL INFO Connected to proxy localRank 1 -> connection 0x7f2220075358
gpu-nodes-0:5321:8144 [1] NCCL INFO New proxy recv connection 216 from local rank 1, transport 0
gpu-nodes-0:5321:5321 [1] NCCL INFO Connected to proxy localRank 1 -> connection 0x7f22200753e0
gpu-nodes-0:5321:8144 [1] NCCL INFO New proxy recv connection 217 from local rank 1, transport 0
gpu-nodes-0:5321:5321 [1] NCCL INFO Connected to proxy localRank 1 -> connection 0x7f2220075468
gpu-nodes-0:5321:8144 [1] NCCL INFO New proxy recv connection 218 from local rank 1, transport 0
gpu-nodes-0:5321:5321 [1] NCCL INFO Connected to proxy localRank 1 -> connection 0x7f22200754f0
gpu-nodes-0:5321:8144 [1] NCCL INFO New proxy recv connection 219 from local rank 1, transport 0
gpu-nodes-0:5321:5321 [1] NCCL INFO Connected to proxy localRank 1 -> connection 0x7f2220075578
gpu-nodes-0:5321:8144 [1] NCCL INFO New proxy recv connection 220 from local rank 1, transport 0
gpu-nodes-0:5321:5321 [1] NCCL INFO Connected to proxy localRank 1 -> connection 0x7f2220075600
gpu-nodes-0:5321:8144 [1] NCCL INFO New proxy recv connection 221 from local rank 1, transport 0
gpu-nodes-0:5321:5321 [1] NCCL INFO Connected to proxy localRank 1 -> connection 0x7f2220075688
gpu-nodes-0:5321:8144 [1] NCCL INFO New proxy recv connection 222 from local rank 1, transport 0
gpu-nodes-0:5321:5321 [1] NCCL INFO Connected to proxy localRank 1 -> connection 0x7f2220075710
gpu-nodes-0:5321:8144 [1] NCCL INFO New proxy recv connection 223 from local rank 1, transport 0
gpu-nodes-0:5321:5321 [1] NCCL INFO Connected to proxy localRank 1 -> connection 0x7f2220075798
gpu-nodes-0:5321:8144 [1] NCCL INFO New proxy recv connection 224 from local rank 1, transport 0
gpu-nodes-0:5321:5321 [1] NCCL INFO Connected to proxy localRank 1 -> connection 0x7f2220075820
gpu-nodes-0:5321:5321 [1] NCCL INFO Channel 00/1 : 1[1] -> 3[3] via P2P/IPC
gpu-nodes-0:5321:8144 [1] NCCL INFO New proxy send connection 225 from local rank 1, transport 0
gpu-nodes-0:5321:5321 [1] NCCL INFO Connected to proxy localRank 1 -> connection 0x7f22200758a8
gpu-nodes-0:5321:5321 [1] NCCL INFO Channel 01/1 : 1[1] -> 3[3] via P2P/IPC
gpu-nodes-0:5321:8144 [1] NCCL INFO New proxy send connection 226 from local rank 1, transport 0
gpu-nodes-0:5321:5321 [1] NCCL INFO Connected to proxy localRank 1 -> connection 0x7f2220075930
gpu-nodes-0:5321:5321 [1] NCCL INFO Channel 02/1 : 1[1] -> 3[3] via P2P/IPC
gpu-nodes-0:5321:8144 [1] NCCL INFO New proxy send connection 227 from local rank 1, transport 0
gpu-nodes-0:5321:5321 [1] NCCL INFO Connected to proxy localRank 1 -> connection 0x7f22200759b8
gpu-nodes-0:5321:5321 [1] NCCL INFO Channel 03/1 : 1[1] -> 3[3] via P2P/IPC
gpu-nodes-0:5321:8144 [1] NCCL INFO New proxy send connection 228 from local rank 1, transport 0
gpu-nodes-0:5321:5321 [1] NCCL INFO Connected to proxy localRank 1 -> connection 0x7f2220075a40
gpu-nodes-0:5321:5321 [1] NCCL INFO Channel 04/1 : 1[1] -> 3[3] via P2P/IPC
gpu-nodes-0:5321:8144 [1] NCCL INFO New proxy send connection 229 from local rank 1, transport 0
gpu-nodes-0:5321:5321 [1] NCCL INFO Connected to proxy localRank 1 -> connection 0x7f2220075ac8
gpu-nodes-0:5321:5321 [1] NCCL INFO Channel 05/1 : 1[1] -> 3[3] via P2P/IPC
gpu-nodes-0:5321:8144 [1] NCCL INFO New proxy send connection 230 from local rank 1, transport 0
gpu-nodes-0:5321:5321 [1] NCCL INFO Connected to proxy localRank 1 -> connection 0x7f2220075b50
gpu-nodes-0:5321:5321 [1] NCCL INFO Channel 06/1 : 1[1] -> 3[3] via P2P/IPC
gpu-nodes-0:5321:8144 [1] NCCL INFO New proxy send connection 231 from local rank 1, transport 0
gpu-nodes-0:5321:5321 [1] NCCL INFO Connected to proxy localRank 1 -> connection 0x7f2220075bd8
gpu-nodes-0:5321:5321 [1] NCCL INFO Channel 07/1 : 1[1] -> 3[3] via P2P/IPC
gpu-nodes-0:5321:8144 [1] NCCL INFO New proxy send connection 232 from local rank 1, transport 0
gpu-nodes-0:5321:5321 [1] NCCL INFO Connected to proxy localRank 1 -> connection 0x7f2220075c60
gpu-nodes-0:5321:5321 [1] NCCL INFO Channel 08/1 : 1[1] -> 3[3] via P2P/IPC
gpu-nodes-0:5321:8144 [1] NCCL INFO New proxy send connection 233 from local rank 1, transport 0
gpu-nodes-0:5321:5321 [1] NCCL INFO Connected to proxy localRank 1 -> connection 0x7f2220075ce8
gpu-nodes-0:5321:5321 [1] NCCL INFO Channel 09/1 : 1[1] -> 3[3] via P2P/IPC
gpu-nodes-0:5321:8144 [1] NCCL INFO New proxy send connection 234 from local rank 1, transport 0
gpu-nodes-0:5321:5321 [1] NCCL INFO Connected to proxy localRank 1 -> connection 0x7f2220075d70
gpu-nodes-0:5321:5321 [1] NCCL INFO Channel 10/1 : 1[1] -> 3[3] via P2P/IPC
gpu-nodes-0:5321:8144 [1] NCCL INFO New proxy send connection 235 from local rank 1, transport 0
gpu-nodes-0:5321:5321 [1] NCCL INFO Connected to proxy localRank 1 -> connection 0x7f2220075df8
gpu-nodes-0:5321:5321 [1] NCCL INFO Channel 11/1 : 1[1] -> 3[3] via P2P/IPC
gpu-nodes-0:5321:8144 [1] NCCL INFO New proxy send connection 236 from local rank 1, transport 0
gpu-nodes-0:5321:5321 [1] NCCL INFO Connected to proxy localRank 1 -> connection 0x7f2220075e80
gpu-nodes-0:5321:5321 [1] NCCL INFO Channel 12/1 : 1[1] -> 3[3] via P2P/IPC
gpu-nodes-0:5321:8144 [1] NCCL INFO New proxy send connection 237 from local rank 1, transport 0
gpu-nodes-0:5321:5321 [1] NCCL INFO Connected to proxy localRank 1 -> connection 0x7f2220075f08
gpu-nodes-0:5321:5321 [1] NCCL INFO Channel 13/1 : 1[1] -> 3[3] via P2P/IPC
gpu-nodes-0:5321:8144 [1] NCCL INFO New proxy send connection 238 from local rank 1, transport 0
gpu-nodes-0:5321:5321 [1] NCCL INFO Connected to proxy localRank 1 -> connection 0x7f2220075f90
gpu-nodes-0:5321:5321 [1] NCCL INFO Channel 14/1 : 1[1] -> 3[3] via P2P/IPC
gpu-nodes-0:5321:8144 [1] NCCL INFO New proxy send connection 239 from local rank 1, transport 0
gpu-nodes-0:5321:5321 [1] NCCL INFO Connected to proxy localRank 1 -> connection 0x7f2220076018
gpu-nodes-0:5321:5321 [1] NCCL INFO Channel 15/1 : 1[1] -> 3[3] via P2P/IPC
gpu-nodes-0:5321:8144 [1] NCCL INFO New proxy send connection 240 from local rank 1, transport 0
gpu-nodes-0:5321:5321 [1] NCCL INFO Connected to proxy localRank 1 -> connection 0x7f22200760a0
gpu-nodes-0:5321:5321 [1] NCCL INFO Channel 16/1 : 1[1] -> 3[3] via P2P/IPC
gpu-nodes-0:5321:8144 [1] NCCL INFO New proxy send connection 241 from local rank 1, transport 0
gpu-nodes-0:5321:5321 [1] NCCL INFO Connected to proxy localRank 1 -> connection 0x7f2220076128
gpu-nodes-0:5321:5321 [1] NCCL INFO Channel 17/1 : 1[1] -> 3[3] via P2P/IPC
gpu-nodes-0:5321:8144 [1] NCCL INFO New proxy send connection 242 from local rank 1, transport 0
gpu-nodes-0:5321:5321 [1] NCCL INFO Connected to proxy localRank 1 -> connection 0x7f22200761b0
gpu-nodes-0:5321:5321 [1] NCCL INFO Channel 18/1 : 1[1] -> 3[3] via P2P/IPC
gpu-nodes-0:5321:8144 [1] NCCL INFO New proxy send connection 243 from local rank 1, transport 0
gpu-nodes-0:5321:5321 [1] NCCL INFO Connected to proxy localRank 1 -> connection 0x7f2220076238
gpu-nodes-0:5321:5321 [1] NCCL INFO Channel 19/1 : 1[1] -> 3[3] via P2P/IPC
gpu-nodes-0:5321:8144 [1] NCCL INFO New proxy send connection 244 from local rank 1, transport 0
gpu-nodes-0:5321:5321 [1] NCCL INFO Connected to proxy localRank 1 -> connection 0x7f22200762c0
gpu-nodes-0:5321:5321 [1] NCCL INFO Channel 20/1 : 1[1] -> 3[3] via P2P/IPC
gpu-nodes-0:5321:8144 [1] NCCL INFO New proxy send connection 245 from local rank 1, transport 0
gpu-nodes-0:5321:5321 [1] NCCL INFO Connected to proxy localRank 1 -> connection 0x7f2220076348
gpu-nodes-0:5321:5321 [1] NCCL INFO Channel 21/1 : 1[1] -> 3[3] via P2P/IPC
gpu-nodes-0:5321:8144 [1] NCCL INFO New proxy send connection 246 from local rank 1, transport 0
gpu-nodes-0:5321:5321 [1] NCCL INFO Connected to proxy localRank 1 -> connection 0x7f22200763d0
gpu-nodes-0:5321:5321 [1] NCCL INFO Channel 22/1 : 1[1] -> 3[3] via P2P/IPC
gpu-nodes-0:5321:8144 [1] NCCL INFO New proxy send connection 247 from local rank 1, transport 0
gpu-nodes-0:5321:5321 [1] NCCL INFO Connected to proxy localRank 1 -> connection 0x7f2220076458
gpu-nodes-0:5321:5321 [1] NCCL INFO Channel 23/1 : 1[1] -> 3[3] via P2P/IPC
gpu-nodes-0:5321:8144 [1] NCCL INFO New proxy send connection 248 from local rank 1, transport 0
gpu-nodes-0:5321:5321 [1] NCCL INFO Connected to proxy localRank 1 -> connection 0x7f22200764e0
gpu-nodes-0:5321:5321 [1] NCCL INFO Channel 24/1 : 1[1] -> 3[3] via P2P/IPC
gpu-nodes-0:5321:8144 [1] NCCL INFO New proxy send connection 249 from local rank 1, transport 0
gpu-nodes-0:5321:5321 [1] NCCL INFO Connected to proxy localRank 1 -> connection 0x7f2220076568
gpu-nodes-0:5321:5321 [1] NCCL INFO Channel 25/1 : 1[1] -> 3[3] via P2P/IPC
gpu-nodes-0:5321:8144 [1] NCCL INFO New proxy send connection 250 from local rank 1, transport 0
gpu-nodes-0:5321:5321 [1] NCCL INFO Connected to proxy localRank 1 -> connection 0x7f22200765f0
gpu-nodes-0:5321:5321 [1] NCCL INFO Channel 26/1 : 1[1] -> 3[3] via P2P/IPC
gpu-nodes-0:5321:8144 [1] NCCL INFO New proxy send connection 251 from local rank 1, transport 0
gpu-nodes-0:5321:5321 [1] NCCL INFO Connected to proxy localRank 1 -> connection 0x7f2220076678
gpu-nodes-0:5321:5321 [1] NCCL INFO Channel 27/1 : 1[1] -> 3[3] via P2P/IPC
gpu-nodes-0:5321:8144 [1] NCCL INFO New proxy send connection 252 from local rank 1, transport 0
gpu-nodes-0:5321:5321 [1] NCCL INFO Connected to proxy localRank 1 -> connection 0x7f2220076700
gpu-nodes-0:5321:5321 [1] NCCL INFO Channel 28/1 : 1[1] -> 3[3] via P2P/IPC
gpu-nodes-0:5321:8144 [1] NCCL INFO New proxy send connection 253 from local rank 1, transport 0
gpu-nodes-0:5321:5321 [1] NCCL INFO Connected to proxy localRank 1 -> connection 0x7f2220076788
gpu-nodes-0:5321:5321 [1] NCCL INFO Channel 29/1 : 1[1] -> 3[3] via P2P/IPC
gpu-nodes-0:5321:8144 [1] NCCL INFO New proxy send connection 254 from local rank 1, transport 0
gpu-nodes-0:5321:5321 [1] NCCL INFO Connected to proxy localRank 1 -> connection 0x7f2220076810
gpu-nodes-0:5321:5321 [1] NCCL INFO Channel 30/1 : 1[1] -> 3[3] via P2P/IPC
gpu-nodes-0:5321:8144 [1] NCCL INFO New proxy send connection 255 from local rank 1, transport 0
gpu-nodes-0:5321:5321 [1] NCCL INFO Connected to proxy localRank 1 -> connection 0x7f2220076898
gpu-nodes-0:5321:5321 [1] NCCL INFO Channel 31/1 : 1[1] -> 3[3] via P2P/IPC
gpu-nodes-0:5321:8144 [1] NCCL INFO New proxy send connection 256 from local rank 1, transport 0
gpu-nodes-0:5321:5321 [1] NCCL INFO Connected to proxy localRank 1 -> connection 0x7f22200e3ed0
gpu-nodes-0:5321:8144 [1] NCCL INFO New proxy recv connection 257 from local rank 1, transport 0
gpu-nodes-0:5321:5321 [1] NCCL INFO Connected to proxy localRank 1 -> connection 0x7f22200e3f58
gpu-nodes-0:5321:8144 [1] NCCL INFO New proxy recv connection 258 from local rank 1, transport 0
gpu-nodes-0:5321:5321 [1] NCCL INFO Connected to proxy localRank 1 -> connection 0x7f22200e3fe0
gpu-nodes-0:5321:8144 [1] NCCL INFO New proxy recv connection 259 from local rank 1, transport 0
gpu-nodes-0:5321:5321 [1] NCCL INFO Connected to proxy localRank 1 -> connection 0x7f22200e4068
gpu-nodes-0:5321:8144 [1] NCCL INFO New proxy recv connection 260 from local rank 1, transport 0
gpu-nodes-0:5321:5321 [1] NCCL INFO Connected to proxy localRank 1 -> connection 0x7f22200e40f0
gpu-nodes-0:5321:8144 [1] NCCL INFO New proxy recv connection 261 from local rank 1, transport 0
gpu-nodes-0:5321:5321 [1] NCCL INFO Connected to proxy localRank 1 -> connection 0x7f22200e4178
gpu-nodes-0:5321:8144 [1] NCCL INFO New proxy recv connection 262 from local rank 1, transport 0
gpu-nodes-0:5321:5321 [1] NCCL INFO Connected to proxy localRank 1 -> connection 0x7f22200e4200
gpu-nodes-0:5321:8144 [1] NCCL INFO New proxy recv connection 263 from local rank 1, transport 0
gpu-nodes-0:5321:5321 [1] NCCL INFO Connected to proxy localRank 1 -> connection 0x7f22200e4288
gpu-nodes-0:5321:8144 [1] NCCL INFO New proxy recv connection 264 from local rank 1, transport 0
gpu-nodes-0:5321:5321 [1] NCCL INFO Connected to proxy localRank 1 -> connection 0x7f22200e4310
gpu-nodes-0:5321:8144 [1] NCCL INFO New proxy recv connection 265 from local rank 1, transport 0
gpu-nodes-0:5321:5321 [1] NCCL INFO Connected to proxy localRank 1 -> connection 0x7f22200e4398
gpu-nodes-0:5321:8144 [1] NCCL INFO New proxy recv connection 266 from local rank 1, transport 0
gpu-nodes-0:5321:5321 [1] NCCL INFO Connected to proxy localRank 1 -> connection 0x7f22200e4420
gpu-nodes-0:5321:8144 [1] NCCL INFO New proxy recv connection 267 from local rank 1, transport 0
gpu-nodes-0:5321:5321 [1] NCCL INFO Connected to proxy localRank 1 -> connection 0x7f22200e44a8
gpu-nodes-0:5321:8144 [1] NCCL INFO New proxy recv connection 268 from local rank 1, transport 0
gpu-nodes-0:5321:5321 [1] NCCL INFO Connected to proxy localRank 1 -> connection 0x7f22200e4530
gpu-nodes-0:5321:8144 [1] NCCL INFO New proxy recv connection 269 from local rank 1, transport 0
gpu-nodes-0:5321:5321 [1] NCCL INFO Connected to proxy localRank 1 -> connection 0x7f22200e45b8
gpu-nodes-0:5321:8144 [1] NCCL INFO New proxy recv connection 270 from local rank 1, transport 0
gpu-nodes-0:5321:5321 [1] NCCL INFO Connected to proxy localRank 1 -> connection 0x7f22200e4640
gpu-nodes-0:5321:8144 [1] NCCL INFO New proxy recv connection 271 from local rank 1, transport 0
gpu-nodes-0:5321:5321 [1] NCCL INFO Connected to proxy localRank 1 -> connection 0x7f22200e46c8
gpu-nodes-0:5321:8144 [1] NCCL INFO New proxy recv connection 272 from local rank 1, transport 0
gpu-nodes-0:5321:5321 [1] NCCL INFO Connected to proxy localRank 1 -> connection 0x7f22200e4750
gpu-nodes-0:5321:8144 [1] NCCL INFO New proxy recv connection 273 from local rank 1, transport 0
gpu-nodes-0:5321:5321 [1] NCCL INFO Connected to proxy localRank 1 -> connection 0x7f22200e47d8
gpu-nodes-0:5321:8144 [1] NCCL INFO New proxy recv connection 274 from local rank 1, transport 0
gpu-nodes-0:5321:5321 [1] NCCL INFO Connected to proxy localRank 1 -> connection 0x7f22200e4860
gpu-nodes-0:5321:8144 [1] NCCL INFO New proxy recv connection 275 from local rank 1, transport 0
gpu-nodes-0:5321:5321 [1] NCCL INFO Connected to proxy localRank 1 -> connection 0x7f22200e48e8
gpu-nodes-0:5321:8144 [1] NCCL INFO New proxy recv connection 276 from local rank 1, transport 0
gpu-nodes-0:5321:5321 [1] NCCL INFO Connected to proxy localRank 1 -> connection 0x7f22200e4970
gpu-nodes-0:5321:8144 [1] NCCL INFO New proxy recv connection 277 from local rank 1, transport 0
gpu-nodes-0:5321:5321 [1] NCCL INFO Connected to proxy localRank 1 -> connection 0x7f22200e49f8
gpu-nodes-0:5321:8144 [1] NCCL INFO New proxy recv connection 278 from local rank 1, transport 0
gpu-nodes-0:5321:5321 [1] NCCL INFO Connected to proxy localRank 1 -> connection 0x7f22200e4a80
gpu-nodes-0:5321:8144 [1] NCCL INFO New proxy recv connection 279 from local rank 1, transport 0
gpu-nodes-0:5321:5321 [1] NCCL INFO Connected to proxy localRank 1 -> connection 0x7f22200e4b08
gpu-nodes-0:5321:8144 [1] NCCL INFO New proxy recv connection 280 from local rank 1, transport 0
gpu-nodes-0:5321:5321 [1] NCCL INFO Connected to proxy localRank 1 -> connection 0x7f22200e4b90
gpu-nodes-0:5321:8144 [1] NCCL INFO New proxy recv connection 281 from local rank 1, transport 0
gpu-nodes-0:5321:5321 [1] NCCL INFO Connected to proxy localRank 1 -> connection 0x7f22200e4c18
gpu-nodes-0:5321:8144 [1] NCCL INFO New proxy recv connection 282 from local rank 1, transport 0
gpu-nodes-0:5321:5321 [1] NCCL INFO Connected to proxy localRank 1 -> connection 0x7f22200e4ca0
gpu-nodes-0:5321:8144 [1] NCCL INFO New proxy recv connection 283 from local rank 1, transport 0
gpu-nodes-0:5321:5321 [1] NCCL INFO Connected to proxy localRank 1 -> connection 0x7f22200e4d28
gpu-nodes-0:5321:8144 [1] NCCL INFO New proxy recv connection 284 from local rank 1, transport 0
gpu-nodes-0:5321:5321 [1] NCCL INFO Connected to proxy localRank 1 -> connection 0x7f22200e4db0
gpu-nodes-0:5321:8144 [1] NCCL INFO New proxy recv connection 285 from local rank 1, transport 0
gpu-nodes-0:5321:5321 [1] NCCL INFO Connected to proxy localRank 1 -> connection 0x7f22200e4e38
gpu-nodes-0:5321:8144 [1] NCCL INFO New proxy recv connection 286 from local rank 1, transport 0
gpu-nodes-0:5321:5321 [1] NCCL INFO Connected to proxy localRank 1 -> connection 0x7f22200e4ec0
gpu-nodes-0:5321:8144 [1] NCCL INFO New proxy recv connection 287 from local rank 1, transport 0
gpu-nodes-0:5321:5321 [1] NCCL INFO Connected to proxy localRank 1 -> connection 0x7f22200e4f48
gpu-nodes-0:5321:8144 [1] NCCL INFO New proxy recv connection 288 from local rank 1, transport 0
gpu-nodes-0:5321:5321 [1] NCCL INFO Connected to proxy localRank 1 -> connection 0x7f22200e4fd0
gpu-nodes-0:5321:5321 [1] NCCL INFO Channel 00/1 : 1[1] -> 4[4] via P2P/IPC
gpu-nodes-0:5321:8144 [1] NCCL INFO New proxy send connection 289 from local rank 1, transport 0
gpu-nodes-0:5321:5321 [1] NCCL INFO Connected to proxy localRank 1 -> connection 0x7f22200e5058
gpu-nodes-0:5321:5321 [1] NCCL INFO Channel 01/1 : 1[1] -> 4[4] via P2P/IPC
gpu-nodes-0:5321:8144 [1] NCCL INFO New proxy send connection 290 from local rank 1, transport 0
gpu-nodes-0:5321:5321 [1] NCCL INFO Connected to proxy localRank 1 -> connection 0x7f22200e50e0
gpu-nodes-0:5321:5321 [1] NCCL INFO Channel 02/1 : 1[1] -> 4[4] via P2P/IPC
gpu-nodes-0:5321:8144 [1] NCCL INFO New proxy send connection 291 from local rank 1, transport 0
gpu-nodes-0:5321:5321 [1] NCCL INFO Connected to proxy localRank 1 -> connection 0x7f22200e5168
gpu-nodes-0:5321:5321 [1] NCCL INFO Channel 03/1 : 1[1] -> 4[4] via P2P/IPC
gpu-nodes-0:5321:8144 [1] NCCL INFO New proxy send connection 292 from local rank 1, transport 0
gpu-nodes-0:5321:5321 [1] NCCL INFO Connected to proxy localRank 1 -> connection 0x7f22200e51f0
gpu-nodes-0:5321:5321 [1] NCCL INFO Channel 04/1 : 1[1] -> 4[4] via P2P/IPC
gpu-nodes-0:5321:8144 [1] NCCL INFO New proxy send connection 293 from local rank 1, transport 0
gpu-nodes-0:5321:5321 [1] NCCL INFO Connected to proxy localRank 1 -> connection 0x7f22200e5278
gpu-nodes-0:5321:5321 [1] NCCL INFO Channel 05/1 : 1[1] -> 4[4] via P2P/IPC
gpu-nodes-0:5321:8144 [1] NCCL INFO New proxy send connection 294 from local rank 1, transport 0
gpu-nodes-0:5321:5321 [1] NCCL INFO Connected to proxy localRank 1 -> connection 0x7f22200e5300
gpu-nodes-0:5321:5321 [1] NCCL INFO Channel 06/1 : 1[1] -> 4[4] via P2P/IPC
gpu-nodes-0:5321:8144 [1] NCCL INFO New proxy send connection 295 from local rank 1, transport 0
gpu-nodes-0:5321:5321 [1] NCCL INFO Connected to proxy localRank 1 -> connection 0x7f22200e5388
gpu-nodes-0:5321:5321 [1] NCCL INFO Channel 07/1 : 1[1] -> 4[4] via P2P/IPC
gpu-nodes-0:5321:8144 [1] NCCL INFO New proxy send connection 296 from local rank 1, transport 0
gpu-nodes-0:5321:5321 [1] NCCL INFO Connected to proxy localRank 1 -> connection 0x7f22200e5410
gpu-nodes-0:5321:5321 [1] NCCL INFO Channel 08/1 : 1[1] -> 4[4] via P2P/IPC
gpu-nodes-0:5321:8144 [1] NCCL INFO New proxy send connection 297 from local rank 1, transport 0
gpu-nodes-0:5321:5321 [1] NCCL INFO Connected to proxy localRank 1 -> connection 0x7f22200e5498
gpu-nodes-0:5321:5321 [1] NCCL INFO Channel 09/1 : 1[1] -> 4[4] via P2P/IPC
gpu-nodes-0:5321:8144 [1] NCCL INFO New proxy send connection 298 from local rank 1, transport 0
gpu-nodes-0:5321:5321 [1] NCCL INFO Connected to proxy localRank 1 -> connection 0x7f22200e5520
gpu-nodes-0:5321:5321 [1] NCCL INFO Channel 10/1 : 1[1] -> 4[4] via P2P/IPC
gpu-nodes-0:5321:8144 [1] NCCL INFO New proxy send connection 299 from local rank 1, transport 0
gpu-nodes-0:5321:5321 [1] NCCL INFO Connected to proxy localRank 1 -> connection 0x7f22200e55a8
gpu-nodes-0:5321:5321 [1] NCCL INFO Channel 11/1 : 1[1] -> 4[4] via P2P/IPC
gpu-nodes-0:5321:8144 [1] NCCL INFO New proxy send connection 300 from local rank 1, transport 0
gpu-nodes-0:5321:5321 [1] NCCL INFO Connected to proxy localRank 1 -> connection 0x7f22200e5630
gpu-nodes-0:5321:5321 [1] NCCL INFO Channel 12/1 : 1[1] -> 4[4] via P2P/IPC
gpu-nodes-0:5321:8144 [1] NCCL INFO New proxy send connection 301 from local rank 1, transport 0
gpu-nodes-0:5321:5321 [1] NCCL INFO Connected to proxy localRank 1 -> connection 0x7f22200e56b8
gpu-nodes-0:5321:5321 [1] NCCL INFO Channel 13/1 : 1[1] -> 4[4] via P2P/IPC
gpu-nodes-0:5321:8144 [1] NCCL INFO New proxy send connection 302 from local rank 1, transport 0
gpu-nodes-0:5321:5321 [1] NCCL INFO Connected to proxy localRank 1 -> connection 0x7f22200e5740
gpu-nodes-0:5321:5321 [1] NCCL INFO Channel 14/1 : 1[1] -> 4[4] via P2P/IPC
gpu-nodes-0:5321:8144 [1] NCCL INFO New proxy send connection 303 from local rank 1, transport 0
gpu-nodes-0:5321:5321 [1] NCCL INFO Connected to proxy localRank 1 -> connection 0x7f22200e57c8
gpu-nodes-0:5321:5321 [1] NCCL INFO Channel 15/1 : 1[1] -> 4[4] via P2P/IPC
gpu-nodes-0:5321:8144 [1] NCCL INFO New proxy send connection 304 from local rank 1, transport 0
gpu-nodes-0:5321:5321 [1] NCCL INFO Connected to proxy localRank 1 -> connection 0x7f22200e5850
gpu-nodes-0:5321:5321 [1] NCCL INFO Channel 16/1 : 1[1] -> 4[4] via P2P/IPC
gpu-nodes-0:5321:8144 [1] NCCL INFO New proxy send connection 305 from local rank 1, transport 0
gpu-nodes-0:5321:5321 [1] NCCL INFO Connected to proxy localRank 1 -> connection 0x7f22200e58d8
gpu-nodes-0:5321:5321 [1] NCCL INFO Channel 17/1 : 1[1] -> 4[4] via P2P/IPC
gpu-nodes-0:5321:8144 [1] NCCL INFO New proxy send connection 306 from local rank 1, transport 0
gpu-nodes-0:5321:5321 [1] NCCL INFO Connected to proxy localRank 1 -> connection 0x7f22200e5960
gpu-nodes-0:5321:5321 [1] NCCL INFO Channel 18/1 : 1[1] -> 4[4] via P2P/IPC
gpu-nodes-0:5321:8144 [1] NCCL INFO New proxy send connection 307 from local rank 1, transport 0
gpu-nodes-0:5321:5321 [1] NCCL INFO Connected to proxy localRank 1 -> connection 0x7f22200e59e8
gpu-nodes-0:5321:5321 [1] NCCL INFO Channel 19/1 : 1[1] -> 4[4] via P2P/IPC
gpu-nodes-0:5321:8144 [1] NCCL INFO New proxy send connection 308 from local rank 1, transport 0
gpu-nodes-0:5321:5321 [1] NCCL INFO Connected to proxy localRank 1 -> connection 0x7f22200e5a70
gpu-nodes-0:5321:5321 [1] NCCL INFO Channel 20/1 : 1[1] -> 4[4] via P2P/IPC
gpu-nodes-0:5321:8144 [1] NCCL INFO New proxy send connection 309 from local rank 1, transport 0
gpu-nodes-0:5321:5321 [1] NCCL INFO Connected to proxy localRank 1 -> connection 0x7f22200e5af8
gpu-nodes-0:5321:5321 [1] NCCL INFO Channel 21/1 : 1[1] -> 4[4] via P2P/IPC
gpu-nodes-0:5321:8144 [1] NCCL INFO New proxy send connection 310 from local rank 1, transport 0
gpu-nodes-0:5321:5321 [1] NCCL INFO Connected to proxy localRank 1 -> connection 0x7f22200e5b80
gpu-nodes-0:5321:5321 [1] NCCL INFO Channel 22/1 : 1[1] -> 4[4] via P2P/IPC
gpu-nodes-0:5321:8144 [1] NCCL INFO New proxy send connection 311 from local rank 1, transport 0
gpu-nodes-0:5321:5321 [1] NCCL INFO Connected to proxy localRank 1 -> connection 0x7f22200e5c08
gpu-nodes-0:5321:5321 [1] NCCL INFO Channel 23/1 : 1[1] -> 4[4] via P2P/IPC
gpu-nodes-0:5321:8144 [1] NCCL INFO New proxy send connection 312 from local rank 1, transport 0
gpu-nodes-0:5321:5321 [1] NCCL INFO Connected to proxy localRank 1 -> connection 0x7f22200e5c90
gpu-nodes-0:5321:5321 [1] NCCL INFO Channel 24/1 : 1[1] -> 4[4] via P2P/IPC
gpu-nodes-0:5321:8144 [1] NCCL INFO New proxy send connection 313 from local rank 1, transport 0
gpu-nodes-0:5321:5321 [1] NCCL INFO Connected to proxy localRank 1 -> connection 0x7f22200e5d18
gpu-nodes-0:5321:5321 [1] NCCL INFO Channel 25/1 : 1[1] -> 4[4] via P2P/IPC
gpu-nodes-0:5321:8144 [1] NCCL INFO New proxy send connection 314 from local rank 1, transport 0
gpu-nodes-0:5321:5321 [1] NCCL INFO Connected to proxy localRank 1 -> connection 0x7f22200e5da0
gpu-nodes-0:5321:5321 [1] NCCL INFO Channel 26/1 : 1[1] -> 4[4] via P2P/IPC
gpu-nodes-0:5321:8144 [1] NCCL INFO New proxy send connection 315 from local rank 1, transport 0
gpu-nodes-0:5321:5321 [1] NCCL INFO Connected to proxy localRank 1 -> connection 0x7f22200e5e28
gpu-nodes-0:5321:5321 [1] NCCL INFO Channel 27/1 : 1[1] -> 4[4] via P2P/IPC
gpu-nodes-0:5321:8144 [1] NCCL INFO New proxy send connection 316 from local rank 1, transport 0
gpu-nodes-0:5321:5321 [1] NCCL INFO Connected to proxy localRank 1 -> connection 0x7f22200e5eb0
gpu-nodes-0:5321:5321 [1] NCCL INFO Channel 28/1 : 1[1] -> 4[4] via P2P/IPC
gpu-nodes-0:5321:8144 [1] NCCL INFO New proxy send connection 317 from local rank 1, transport 0
gpu-nodes-0:5321:5321 [1] NCCL INFO Connected to proxy localRank 1 -> connection 0x7f22200e5f38
gpu-nodes-0:5321:5321 [1] NCCL INFO Channel 29/1 : 1[1] -> 4[4] via P2P/IPC
gpu-nodes-0:5321:8144 [1] NCCL INFO New proxy send connection 318 from local rank 1, transport 0
gpu-nodes-0:5321:5321 [1] NCCL INFO Connected to proxy localRank 1 -> connection 0x7f22200e5fc0
gpu-nodes-0:5321:5321 [1] NCCL INFO Channel 30/1 : 1[1] -> 4[4] via P2P/IPC
gpu-nodes-0:5321:8144 [1] NCCL INFO New proxy send connection 319 from local rank 1, transport 0
gpu-nodes-0:5321:5321 [1] NCCL INFO Connected to proxy localRank 1 -> connection 0x7f22200e6048
gpu-nodes-0:5321:5321 [1] NCCL INFO Channel 31/1 : 1[1] -> 4[4] via P2P/IPC
gpu-nodes-0:5321:8144 [1] NCCL INFO New proxy send connection 320 from local rank 1, transport 0
gpu-nodes-0:5321:5321 [1] NCCL INFO Connected to proxy localRank 1 -> connection 0x7f22200e60d0
gpu-nodes-0:5321:8144 [1] NCCL INFO New proxy recv connection 321 from local rank 1, transport 0
gpu-nodes-0:5321:5321 [1] NCCL INFO Connected to proxy localRank 1 -> connection 0x7f22200e6158
gpu-nodes-0:5321:8144 [1] NCCL INFO New proxy recv connection 322 from local rank 1, transport 0
gpu-nodes-0:5321:5321 [1] NCCL INFO Connected to proxy localRank 1 -> connection 0x7f22200e61e0
gpu-nodes-0:5321:8144 [1] NCCL INFO New proxy recv connection 323 from local rank 1, transport 0
gpu-nodes-0:5321:5321 [1] NCCL INFO Connected to proxy localRank 1 -> connection 0x7f22200e6268
gpu-nodes-0:5321:8144 [1] NCCL INFO New proxy recv connection 324 from local rank 1, transport 0
gpu-nodes-0:5321:5321 [1] NCCL INFO Connected to proxy localRank 1 -> connection 0x7f22200e62f0
gpu-nodes-0:5321:8144 [1] NCCL INFO New proxy recv connection 325 from local rank 1, transport 0
gpu-nodes-0:5321:5321 [1] NCCL INFO Connected to proxy localRank 1 -> connection 0x7f22200e6378
gpu-nodes-0:5321:8144 [1] NCCL INFO New proxy recv connection 326 from local rank 1, transport 0
gpu-nodes-0:5321:5321 [1] NCCL INFO Connected to proxy localRank 1 -> connection 0x7f22200e6400
gpu-nodes-0:5321:8144 [1] NCCL INFO New proxy recv connection 327 from local rank 1, transport 0
gpu-nodes-0:5321:5321 [1] NCCL INFO Connected to proxy localRank 1 -> connection 0x7f22200e6488
gpu-nodes-0:5321:8144 [1] NCCL INFO New proxy recv connection 328 from local rank 1, transport 0
gpu-nodes-0:5321:5321 [1] NCCL INFO Connected to proxy localRank 1 -> connection 0x7f22200e6510
gpu-nodes-0:5321:8144 [1] NCCL INFO New proxy recv connection 329 from local rank 1, transport 0
gpu-nodes-0:5321:5321 [1] NCCL INFO Connected to proxy localRank 1 -> connection 0x7f22200e6598
gpu-nodes-0:5321:8144 [1] NCCL INFO New proxy recv connection 330 from local rank 1, transport 0
gpu-nodes-0:5321:5321 [1] NCCL INFO Connected to proxy localRank 1 -> connection 0x7f22200e6620
gpu-nodes-0:5321:8144 [1] NCCL INFO New proxy recv connection 331 from local rank 1, transport 0
gpu-nodes-0:5321:5321 [1] NCCL INFO Connected to proxy localRank 1 -> connection 0x7f22200e66a8
gpu-nodes-0:5321:8144 [1] NCCL INFO New proxy recv connection 332 from local rank 1, transport 0
gpu-nodes-0:5321:5321 [1] NCCL INFO Connected to proxy localRank 1 -> connection 0x7f22200e6730
gpu-nodes-0:5321:8144 [1] NCCL INFO New proxy recv connection 333 from local rank 1, transport 0
gpu-nodes-0:5321:5321 [1] NCCL INFO Connected to proxy localRank 1 -> connection 0x7f22200e67b8
gpu-nodes-0:5321:8144 [1] NCCL INFO New proxy recv connection 334 from local rank 1, transport 0
gpu-nodes-0:5321:5321 [1] NCCL INFO Connected to proxy localRank 1 -> connection 0x7f22200e6840
gpu-nodes-0:5321:8144 [1] NCCL INFO New proxy recv connection 335 from local rank 1, transport 0
gpu-nodes-0:5321:5321 [1] NCCL INFO Connected to proxy localRank 1 -> connection 0x7f22200e68c8
gpu-nodes-0:5321:8144 [1] NCCL INFO New proxy recv connection 336 from local rank 1, transport 0
gpu-nodes-0:5321:5321 [1] NCCL INFO Connected to proxy localRank 1 -> connection 0x7f22200e6950
gpu-nodes-0:5321:8144 [1] NCCL INFO New proxy recv connection 337 from local rank 1, transport 0
gpu-nodes-0:5321:5321 [1] NCCL INFO Connected to proxy localRank 1 -> connection 0x7f22200e69d8
gpu-nodes-0:5321:8144 [1] NCCL INFO New proxy recv connection 338 from local rank 1, transport 0
gpu-nodes-0:5321:5321 [1] NCCL INFO Connected to proxy localRank 1 -> connection 0x7f22200e6a60
gpu-nodes-0:5321:8144 [1] NCCL INFO New proxy recv connection 339 from local rank 1, transport 0
gpu-nodes-0:5321:5321 [1] NCCL INFO Connected to proxy localRank 1 -> connection 0x7f22200e6ae8
gpu-nodes-0:5321:8144 [1] NCCL INFO New proxy recv connection 340 from local rank 1, transport 0
gpu-nodes-0:5321:5321 [1] NCCL INFO Connected to proxy localRank 1 -> connection 0x7f22200e6b70
gpu-nodes-0:5321:8144 [1] NCCL INFO New proxy recv connection 341 from local rank 1, transport 0
gpu-nodes-0:5321:5321 [1] NCCL INFO Connected to proxy localRank 1 -> connection 0x7f22200e6bf8
gpu-nodes-0:5321:8144 [1] NCCL INFO New proxy recv connection 342 from local rank 1, transport 0
gpu-nodes-0:5321:5321 [1] NCCL INFO Connected to proxy localRank 1 -> connection 0x7f22200e6c80
gpu-nodes-0:5321:8144 [1] NCCL INFO New proxy recv connection 343 from local rank 1, transport 0
gpu-nodes-0:5321:5321 [1] NCCL INFO Connected to proxy localRank 1 -> connection 0x7f22200e6d08
gpu-nodes-0:5321:8144 [1] NCCL INFO New proxy recv connection 344 from local rank 1, transport 0
gpu-nodes-0:5321:5321 [1] NCCL INFO Connected to proxy localRank 1 -> connection 0x7f22200e6d90
gpu-nodes-0:5321:8144 [1] NCCL INFO New proxy recv connection 345 from local rank 1, transport 0
gpu-nodes-0:5321:5321 [1] NCCL INFO Connected to proxy localRank 1 -> connection 0x7f22200e6e18
gpu-nodes-0:5321:8144 [1] NCCL INFO New proxy recv connection 346 from local rank 1, transport 0
gpu-nodes-0:5321:5321 [1] NCCL INFO Connected to proxy localRank 1 -> connection 0x7f22200e6ea0
gpu-nodes-0:5321:8144 [1] NCCL INFO New proxy recv connection 347 from local rank 1, transport 0
gpu-nodes-0:5321:5321 [1] NCCL INFO Connected to proxy localRank 1 -> connection 0x7f22200e6f28
gpu-nodes-0:5321:8144 [1] NCCL INFO New proxy recv connection 348 from local rank 1, transport 0
gpu-nodes-0:5321:5321 [1] NCCL INFO Connected to proxy localRank 1 -> connection 0x7f22200e6fb0
gpu-nodes-0:5321:8144 [1] NCCL INFO New proxy recv connection 349 from local rank 1, transport 0
gpu-nodes-0:5321:5321 [1] NCCL INFO Connected to proxy localRank 1 -> connection 0x7f22200e7038
gpu-nodes-0:5321:8144 [1] NCCL INFO New proxy recv connection 350 from local rank 1, transport 0
gpu-nodes-0:5321:5321 [1] NCCL INFO Connected to proxy localRank 1 -> connection 0x7f22200e70c0
gpu-nodes-0:5321:8144 [1] NCCL INFO New proxy recv connection 351 from local rank 1, transport 0
gpu-nodes-0:5321:5321 [1] NCCL INFO Connected to proxy localRank 1 -> connection 0x7f22200e7148
gpu-nodes-0:5321:8144 [1] NCCL INFO New proxy recv connection 352 from local rank 1, transport 0
gpu-nodes-0:5321:5321 [1] NCCL INFO Connected to proxy localRank 1 -> connection 0x7f22200e71d0
gpu-nodes-0:5321:5321 [1] NCCL INFO Channel 00/1 : 1[1] -> 5[5] via P2P/IPC
gpu-nodes-0:5321:8144 [1] NCCL INFO New proxy send connection 353 from local rank 1, transport 0
gpu-nodes-0:5321:5321 [1] NCCL INFO Connected to proxy localRank 1 -> connection 0x7f22200e7258
gpu-nodes-0:5321:5321 [1] NCCL INFO Channel 01/1 : 1[1] -> 5[5] via P2P/IPC
gpu-nodes-0:5321:8144 [1] NCCL INFO New proxy send connection 354 from local rank 1, transport 0
gpu-nodes-0:5321:5321 [1] NCCL INFO Connected to proxy localRank 1 -> connection 0x7f22200e72e0
gpu-nodes-0:5321:5321 [1] NCCL INFO Channel 02/1 : 1[1] -> 5[5] via P2P/IPC
gpu-nodes-0:5321:8144 [1] NCCL INFO New proxy send connection 355 from local rank 1, transport 0
gpu-nodes-0:5321:5321 [1] NCCL INFO Connected to proxy localRank 1 -> connection 0x7f22200e7368
gpu-nodes-0:5321:5321 [1] NCCL INFO Channel 03/1 : 1[1] -> 5[5] via P2P/IPC
gpu-nodes-0:5321:8144 [1] NCCL INFO New proxy send connection 356 from local rank 1, transport 0
gpu-nodes-0:5321:5321 [1] NCCL INFO Connected to proxy localRank 1 -> connection 0x7f22200e73f0
gpu-nodes-0:5321:5321 [1] NCCL INFO Channel 04/1 : 1[1] -> 5[5] via P2P/IPC
gpu-nodes-0:5321:8144 [1] NCCL INFO New proxy send connection 357 from local rank 1, transport 0
gpu-nodes-0:5321:5321 [1] NCCL INFO Connected to proxy localRank 1 -> connection 0x7f22200e7478
gpu-nodes-0:5321:5321 [1] NCCL INFO Channel 05/1 : 1[1] -> 5[5] via P2P/IPC
gpu-nodes-0:5321:8144 [1] NCCL INFO New proxy send connection 358 from local rank 1, transport 0
gpu-nodes-0:5321:5321 [1] NCCL INFO Connected to proxy localRank 1 -> connection 0x7f22200e7500
gpu-nodes-0:5321:5321 [1] NCCL INFO Channel 06/1 : 1[1] -> 5[5] via P2P/IPC
gpu-nodes-0:5321:8144 [1] NCCL INFO New proxy send connection 359 from local rank 1, transport 0
gpu-nodes-0:5321:5321 [1] NCCL INFO Connected to proxy localRank 1 -> connection 0x7f22200e7588
gpu-nodes-0:5321:5321 [1] NCCL INFO Channel 07/1 : 1[1] -> 5[5] via P2P/IPC
gpu-nodes-0:5321:8144 [1] NCCL INFO New proxy send connection 360 from local rank 1, transport 0
gpu-nodes-0:5321:5321 [1] NCCL INFO Connected to proxy localRank 1 -> connection 0x7f22200e7610
gpu-nodes-0:5321:5321 [1] NCCL INFO Channel 08/1 : 1[1] -> 5[5] via P2P/IPC
gpu-nodes-0:5321:8144 [1] NCCL INFO New proxy send connection 361 from local rank 1, transport 0
gpu-nodes-0:5321:5321 [1] NCCL INFO Connected to proxy localRank 1 -> connection 0x7f22200e7698
gpu-nodes-0:5321:5321 [1] NCCL INFO Channel 09/1 : 1[1] -> 5[5] via P2P/IPC
gpu-nodes-0:5321:8144 [1] NCCL INFO New proxy send connection 362 from local rank 1, transport 0
gpu-nodes-0:5321:5321 [1] NCCL INFO Connected to proxy localRank 1 -> connection 0x7f22200e7720
gpu-nodes-0:5321:5321 [1] NCCL INFO Channel 10/1 : 1[1] -> 5[5] via P2P/IPC
gpu-nodes-0:5321:8144 [1] NCCL INFO New proxy send connection 363 from local rank 1, transport 0
gpu-nodes-0:5321:5321 [1] NCCL INFO Connected to proxy localRank 1 -> connection 0x7f22200e77a8
gpu-nodes-0:5321:5321 [1] NCCL INFO Channel 11/1 : 1[1] -> 5[5] via P2P/IPC
gpu-nodes-0:5321:8144 [1] NCCL INFO New proxy send connection 364 from local rank 1, transport 0
gpu-nodes-0:5321:5321 [1] NCCL INFO Connected to proxy localRank 1 -> connection 0x7f22200e7830
gpu-nodes-0:5321:5321 [1] NCCL INFO Channel 12/1 : 1[1] -> 5[5] via P2P/IPC
gpu-nodes-0:5321:8144 [1] NCCL INFO New proxy send connection 365 from local rank 1, transport 0
gpu-nodes-0:5321:5321 [1] NCCL INFO Connected to proxy localRank 1 -> connection 0x7f22200e78b8
gpu-nodes-0:5321:5321 [1] NCCL INFO Channel 13/1 : 1[1] -> 5[5] via P2P/IPC
gpu-nodes-0:5321:8144 [1] NCCL INFO New proxy send connection 366 from local rank 1, transport 0
gpu-nodes-0:5321:5321 [1] NCCL INFO Connected to proxy localRank 1 -> connection 0x7f22200e7940
gpu-nodes-0:5321:5321 [1] NCCL INFO Channel 14/1 : 1[1] -> 5[5] via P2P/IPC
gpu-nodes-0:5321:8144 [1] NCCL INFO New proxy send connection 367 from local rank 1, transport 0
gpu-nodes-0:5321:5321 [1] NCCL INFO Connected to proxy localRank 1 -> connection 0x7f22200e79c8
gpu-nodes-0:5321:5321 [1] NCCL INFO Channel 15/1 : 1[1] -> 5[5] via P2P/IPC
gpu-nodes-0:5321:8144 [1] NCCL INFO New proxy send connection 368 from local rank 1, transport 0
gpu-nodes-0:5321:5321 [1] NCCL INFO Connected to proxy localRank 1 -> connection 0x7f22200e7a50
gpu-nodes-0:5321:5321 [1] NCCL INFO Channel 16/1 : 1[1] -> 5[5] via P2P/IPC
gpu-nodes-0:5321:8144 [1] NCCL INFO New proxy send connection 369 from local rank 1, transport 0
gpu-nodes-0:5321:5321 [1] NCCL INFO Connected to proxy localRank 1 -> connection 0x7f22200e7ad8
gpu-nodes-0:5321:5321 [1] NCCL INFO Channel 17/1 : 1[1] -> 5[5] via P2P/IPC
gpu-nodes-0:5321:8144 [1] NCCL INFO New proxy send connection 370 from local rank 1, transport 0
gpu-nodes-0:5321:5321 [1] NCCL INFO Connected to proxy localRank 1 -> connection 0x7f22200e7b60
gpu-nodes-0:5321:5321 [1] NCCL INFO Channel 18/1 : 1[1] -> 5[5] via P2P/IPC
gpu-nodes-0:5321:8144 [1] NCCL INFO New proxy send connection 371 from local rank 1, transport 0
gpu-nodes-0:5321:5321 [1] NCCL INFO Connected to proxy localRank 1 -> connection 0x7f22200e7be8
gpu-nodes-0:5321:5321 [1] NCCL INFO Channel 19/1 : 1[1] -> 5[5] via P2P/IPC
gpu-nodes-0:5321:8144 [1] NCCL INFO New proxy send connection 372 from local rank 1, transport 0
gpu-nodes-0:5321:5321 [1] NCCL INFO Connected to proxy localRank 1 -> connection 0x7f22200e7c70
gpu-nodes-0:5321:5321 [1] NCCL INFO Channel 20/1 : 1[1] -> 5[5] via P2P/IPC
gpu-nodes-0:5321:8144 [1] NCCL INFO New proxy send connection 373 from local rank 1, transport 0
gpu-nodes-0:5321:5321 [1] NCCL INFO Connected to proxy localRank 1 -> connection 0x7f22200e7cf8
gpu-nodes-0:5321:5321 [1] NCCL INFO Channel 21/1 : 1[1] -> 5[5] via P2P/IPC
gpu-nodes-0:5321:8144 [1] NCCL INFO New proxy send connection 374 from local rank 1, transport 0
gpu-nodes-0:5321:5321 [1] NCCL INFO Connected to proxy localRank 1 -> connection 0x7f22200e7d80
gpu-nodes-0:5321:5321 [1] NCCL INFO Channel 22/1 : 1[1] -> 5[5] via P2P/IPC
gpu-nodes-0:5321:8144 [1] NCCL INFO New proxy send connection 375 from local rank 1, transport 0
gpu-nodes-0:5321:5321 [1] NCCL INFO Connected to proxy localRank 1 -> connection 0x7f22200e7e08
gpu-nodes-0:5321:5321 [1] NCCL INFO Channel 23/1 : 1[1] -> 5[5] via P2P/IPC
gpu-nodes-0:5321:8144 [1] NCCL INFO New proxy send connection 376 from local rank 1, transport 0
gpu-nodes-0:5321:5321 [1] NCCL INFO Connected to proxy localRank 1 -> connection 0x7f22200e7e90
gpu-nodes-0:5321:5321 [1] NCCL INFO Channel 24/1 : 1[1] -> 5[5] via P2P/IPC
gpu-nodes-0:5321:8144 [1] NCCL INFO New proxy send connection 377 from local rank 1, transport 0
gpu-nodes-0:5321:5321 [1] NCCL INFO Connected to proxy localRank 1 -> connection 0x7f22200e7f18
gpu-nodes-0:5321:5321 [1] NCCL INFO Channel 25/1 : 1[1] -> 5[5] via P2P/IPC
gpu-nodes-0:5321:8144 [1] NCCL INFO New proxy send connection 378 from local rank 1, transport 0
gpu-nodes-0:5321:5321 [1] NCCL INFO Connected to proxy localRank 1 -> connection 0x7f22200e7fa0
gpu-nodes-0:5321:5321 [1] NCCL INFO Channel 26/1 : 1[1] -> 5[5] via P2P/IPC
gpu-nodes-0:5321:8144 [1] NCCL INFO New proxy send connection 379 from local rank 1, transport 0
gpu-nodes-0:5321:5321 [1] NCCL INFO Connected to proxy localRank 1 -> connection 0x7f22200e8028
gpu-nodes-0:5321:5321 [1] NCCL INFO Channel 27/1 : 1[1] -> 5[5] via P2P/IPC
gpu-nodes-0:5321:8144 [1] NCCL INFO New proxy send connection 380 from local rank 1, transport 0
gpu-nodes-0:5321:5321 [1] NCCL INFO Connected to proxy localRank 1 -> connection 0x7f22200e80b0
gpu-nodes-0:5321:5321 [1] NCCL INFO Channel 28/1 : 1[1] -> 5[5] via P2P/IPC
gpu-nodes-0:5321:8144 [1] NCCL INFO New proxy send connection 381 from local rank 1, transport 0
gpu-nodes-0:5321:5321 [1] NCCL INFO Connected to proxy localRank 1 -> connection 0x7f22200e8138
gpu-nodes-0:5321:5321 [1] NCCL INFO Channel 29/1 : 1[1] -> 5[5] via P2P/IPC
gpu-nodes-0:5321:8144 [1] NCCL INFO New proxy send connection 382 from local rank 1, transport 0
gpu-nodes-0:5321:5321 [1] NCCL INFO Connected to proxy localRank 1 -> connection 0x7f22200e81c0
gpu-nodes-0:5321:5321 [1] NCCL INFO Channel 30/1 : 1[1] -> 5[5] via P2P/IPC
gpu-nodes-0:5321:8144 [1] NCCL INFO New proxy send connection 383 from local rank 1, transport 0
gpu-nodes-0:5321:5321 [1] NCCL INFO Connected to proxy localRank 1 -> connection 0x7f22200e8248
gpu-nodes-0:5321:5321 [1] NCCL INFO Channel 31/1 : 1[1] -> 5[5] via P2P/IPC
gpu-nodes-0:5321:8144 [1] NCCL INFO New proxy send connection 384 from local rank 1, transport 0
gpu-nodes-0:5321:5321 [1] NCCL INFO Connected to proxy localRank 1 -> connection 0x7f22201549e0
gpu-nodes-0:5321:8144 [1] NCCL INFO New proxy recv connection 385 from local rank 1, transport 0
gpu-nodes-0:5321:5321 [1] NCCL INFO Connected to proxy localRank 1 -> connection 0x7f2220154a68
gpu-nodes-0:5321:8144 [1] NCCL INFO New proxy recv connection 386 from local rank 1, transport 0
gpu-nodes-0:5321:5321 [1] NCCL INFO Connected to proxy localRank 1 -> connection 0x7f2220154af0
gpu-nodes-0:5321:8144 [1] NCCL INFO New proxy recv connection 387 from local rank 1, transport 0
gpu-nodes-0:5321:5321 [1] NCCL INFO Connected to proxy localRank 1 -> connection 0x7f2220154b78
gpu-nodes-0:5321:8144 [1] NCCL INFO New proxy recv connection 388 from local rank 1, transport 0
gpu-nodes-0:5321:5321 [1] NCCL INFO Connected to proxy localRank 1 -> connection 0x7f2220154c00
gpu-nodes-0:5321:8144 [1] NCCL INFO New proxy recv connection 389 from local rank 1, transport 0
gpu-nodes-0:5321:5321 [1] NCCL INFO Connected to proxy localRank 1 -> connection 0x7f2220154c88
gpu-nodes-0:5321:8144 [1] NCCL INFO New proxy recv connection 390 from local rank 1, transport 0
gpu-nodes-0:5321:5321 [1] NCCL INFO Connected to proxy localRank 1 -> connection 0x7f2220154d10
gpu-nodes-0:5321:8144 [1] NCCL INFO New proxy recv connection 391 from local rank 1, transport 0
gpu-nodes-0:5321:5321 [1] NCCL INFO Connected to proxy localRank 1 -> connection 0x7f2220154d98
gpu-nodes-0:5321:8144 [1] NCCL INFO New proxy recv connection 392 from local rank 1, transport 0
gpu-nodes-0:5321:5321 [1] NCCL INFO Connected to proxy localRank 1 -> connection 0x7f2220154e20
gpu-nodes-0:5321:8144 [1] NCCL INFO New proxy recv connection 393 from local rank 1, transport 0
gpu-nodes-0:5321:5321 [1] NCCL INFO Connected to proxy localRank 1 -> connection 0x7f2220154ea8
gpu-nodes-0:5321:8144 [1] NCCL INFO New proxy recv connection 394 from local rank 1, transport 0
gpu-nodes-0:5321:5321 [1] NCCL INFO Connected to proxy localRank 1 -> connection 0x7f2220154f30
gpu-nodes-0:5321:8144 [1] NCCL INFO New proxy recv connection 395 from local rank 1, transport 0
gpu-nodes-0:5321:5321 [1] NCCL INFO Connected to proxy localRank 1 -> connection 0x7f2220154fb8
gpu-nodes-0:5321:8144 [1] NCCL INFO New proxy recv connection 396 from local rank 1, transport 0
gpu-nodes-0:5321:5321 [1] NCCL INFO Connected to proxy localRank 1 -> connection 0x7f2220155040
gpu-nodes-0:5321:8144 [1] NCCL INFO New proxy recv connection 397 from local rank 1, transport 0
gpu-nodes-0:5321:5321 [1] NCCL INFO Connected to proxy localRank 1 -> connection 0x7f22201550c8
gpu-nodes-0:5321:8144 [1] NCCL INFO New proxy recv connection 398 from local rank 1, transport 0
gpu-nodes-0:5321:5321 [1] NCCL INFO Connected to proxy localRank 1 -> connection 0x7f2220155150
gpu-nodes-0:5321:8144 [1] NCCL INFO New proxy recv connection 399 from local rank 1, transport 0
gpu-nodes-0:5321:5321 [1] NCCL INFO Connected to proxy localRank 1 -> connection 0x7f22201551d8
gpu-nodes-0:5321:8144 [1] NCCL INFO New proxy recv connection 400 from local rank 1, transport 0
gpu-nodes-0:5321:5321 [1] NCCL INFO Connected to proxy localRank 1 -> connection 0x7f2220155260
gpu-nodes-0:5321:8144 [1] NCCL INFO New proxy recv connection 401 from local rank 1, transport 0
gpu-nodes-0:5321:5321 [1] NCCL INFO Connected to proxy localRank 1 -> connection 0x7f22201552e8
gpu-nodes-0:5321:8144 [1] NCCL INFO New proxy recv connection 402 from local rank 1, transport 0
gpu-nodes-0:5321:5321 [1] NCCL INFO Connected to proxy localRank 1 -> connection 0x7f2220155370
gpu-nodes-0:5321:8144 [1] NCCL INFO New proxy recv connection 403 from local rank 1, transport 0
gpu-nodes-0:5321:5321 [1] NCCL INFO Connected to proxy localRank 1 -> connection 0x7f22201553f8
gpu-nodes-0:5321:8144 [1] NCCL INFO New proxy recv connection 404 from local rank 1, transport 0
gpu-nodes-0:5321:5321 [1] NCCL INFO Connected to proxy localRank 1 -> connection 0x7f2220155480
gpu-nodes-0:5321:8144 [1] NCCL INFO New proxy recv connection 405 from local rank 1, transport 0
gpu-nodes-0:5321:5321 [1] NCCL INFO Connected to proxy localRank 1 -> connection 0x7f2220155508
gpu-nodes-0:5321:8144 [1] NCCL INFO New proxy recv connection 406 from local rank 1, transport 0
gpu-nodes-0:5321:5321 [1] NCCL INFO Connected to proxy localRank 1 -> connection 0x7f2220155590
gpu-nodes-0:5321:8144 [1] NCCL INFO New proxy recv connection 407 from local rank 1, transport 0
gpu-nodes-0:5321:5321 [1] NCCL INFO Connected to proxy localRank 1 -> connection 0x7f2220155618
gpu-nodes-0:5321:8144 [1] NCCL INFO New proxy recv connection 408 from local rank 1, transport 0
gpu-nodes-0:5321:5321 [1] NCCL INFO Connected to proxy localRank 1 -> connection 0x7f22201556a0
gpu-nodes-0:5321:8144 [1] NCCL INFO New proxy recv connection 409 from local rank 1, transport 0
gpu-nodes-0:5321:5321 [1] NCCL INFO Connected to proxy localRank 1 -> connection 0x7f2220155728
gpu-nodes-0:5321:8144 [1] NCCL INFO New proxy recv connection 410 from local rank 1, transport 0
gpu-nodes-0:5321:5321 [1] NCCL INFO Connected to proxy localRank 1 -> connection 0x7f22201557b0
gpu-nodes-0:5321:8144 [1] NCCL INFO New proxy recv connection 411 from local rank 1, transport 0
gpu-nodes-0:5321:5321 [1] NCCL INFO Connected to proxy localRank 1 -> connection 0x7f2220155838
gpu-nodes-0:5321:8144 [1] NCCL INFO New proxy recv connection 412 from local rank 1, transport 0
gpu-nodes-0:5321:5321 [1] NCCL INFO Connected to proxy localRank 1 -> connection 0x7f22201558c0
gpu-nodes-0:5321:8144 [1] NCCL INFO New proxy recv connection 413 from local rank 1, transport 0
gpu-nodes-0:5321:5321 [1] NCCL INFO Connected to proxy localRank 1 -> connection 0x7f2220155948
gpu-nodes-0:5321:8144 [1] NCCL INFO New proxy recv connection 414 from local rank 1, transport 0
gpu-nodes-0:5321:5321 [1] NCCL INFO Connected to proxy localRank 1 -> connection 0x7f22201559d0
gpu-nodes-0:5321:8144 [1] NCCL INFO New proxy recv connection 415 from local rank 1, transport 0
gpu-nodes-0:5321:5321 [1] NCCL INFO Connected to proxy localRank 1 -> connection 0x7f2220155a58
gpu-nodes-0:5321:8144 [1] NCCL INFO New proxy recv connection 416 from local rank 1, transport 0
gpu-nodes-0:5321:5321 [1] NCCL INFO Connected to proxy localRank 1 -> connection 0x7f2220155ae0
gpu-nodes-0:5321:5321 [1] NCCL INFO Channel 00/1 : 1[1] -> 6[6] via P2P/IPC
gpu-nodes-0:5321:8144 [1] NCCL INFO New proxy send connection 417 from local rank 1, transport 0
gpu-nodes-0:5321:5321 [1] NCCL INFO Connected to proxy localRank 1 -> connection 0x7f2220155b68
gpu-nodes-0:5321:5321 [1] NCCL INFO Channel 01/1 : 1[1] -> 6[6] via P2P/IPC
gpu-nodes-0:5321:8144 [1] NCCL INFO New proxy send connection 418 from local rank 1, transport 0
gpu-nodes-0:5321:5321 [1] NCCL INFO Connected to proxy localRank 1 -> connection 0x7f2220155bf0
gpu-nodes-0:5321:5321 [1] NCCL INFO Channel 02/1 : 1[1] -> 6[6] via P2P/IPC
gpu-nodes-0:5321:8144 [1] NCCL INFO New proxy send connection 419 from local rank 1, transport 0
gpu-nodes-0:5321:5321 [1] NCCL INFO Connected to proxy localRank 1 -> connection 0x7f2220155c78
gpu-nodes-0:5321:5321 [1] NCCL INFO Channel 03/1 : 1[1] -> 6[6] via P2P/IPC
gpu-nodes-0:5321:8144 [1] NCCL INFO New proxy send connection 420 from local rank 1, transport 0
gpu-nodes-0:5321:5321 [1] NCCL INFO Connected to proxy localRank 1 -> connection 0x7f2220155d00
gpu-nodes-0:5321:5321 [1] NCCL INFO Channel 04/1 : 1[1] -> 6[6] via P2P/IPC
gpu-nodes-0:5321:8144 [1] NCCL INFO New proxy send connection 421 from local rank 1, transport 0
gpu-nodes-0:5321:5321 [1] NCCL INFO Connected to proxy localRank 1 -> connection 0x7f2220155d88
gpu-nodes-0:5321:5321 [1] NCCL INFO Channel 05/1 : 1[1] -> 6[6] via P2P/IPC
gpu-nodes-0:5321:8144 [1] NCCL INFO New proxy send connection 422 from local rank 1, transport 0
gpu-nodes-0:5321:5321 [1] NCCL INFO Connected to proxy localRank 1 -> connection 0x7f2220155e10
gpu-nodes-0:5321:5321 [1] NCCL INFO Channel 06/1 : 1[1] -> 6[6] via P2P/IPC
gpu-nodes-0:5321:8144 [1] NCCL INFO New proxy send connection 423 from local rank 1, transport 0
gpu-nodes-0:5321:5321 [1] NCCL INFO Connected to proxy localRank 1 -> connection 0x7f2220155e98
gpu-nodes-0:5321:5321 [1] NCCL INFO Channel 07/1 : 1[1] -> 6[6] via P2P/IPC
gpu-nodes-0:5321:8144 [1] NCCL INFO New proxy send connection 424 from local rank 1, transport 0
gpu-nodes-0:5321:5321 [1] NCCL INFO Connected to proxy localRank 1 -> connection 0x7f2220155f20
gpu-nodes-0:5321:5321 [1] NCCL INFO Channel 08/1 : 1[1] -> 6[6] via P2P/IPC
gpu-nodes-0:5321:8144 [1] NCCL INFO New proxy send connection 425 from local rank 1, transport 0
gpu-nodes-0:5321:5321 [1] NCCL INFO Connected to proxy localRank 1 -> connection 0x7f2220155fa8
gpu-nodes-0:5321:5321 [1] NCCL INFO Channel 09/1 : 1[1] -> 6[6] via P2P/IPC
gpu-nodes-0:5321:8144 [1] NCCL INFO New proxy send connection 426 from local rank 1, transport 0
gpu-nodes-0:5321:5321 [1] NCCL INFO Connected to proxy localRank 1 -> connection 0x7f2220156030
gpu-nodes-0:5321:5321 [1] NCCL INFO Channel 10/1 : 1[1] -> 6[6] via P2P/IPC
gpu-nodes-0:5321:8144 [1] NCCL INFO New proxy send connection 427 from local rank 1, transport 0
gpu-nodes-0:5321:5321 [1] NCCL INFO Connected to proxy localRank 1 -> connection 0x7f22201560b8
gpu-nodes-0:5321:5321 [1] NCCL INFO Channel 11/1 : 1[1] -> 6[6] via P2P/IPC
gpu-nodes-0:5321:8144 [1] NCCL INFO New proxy send connection 428 from local rank 1, transport 0
gpu-nodes-0:5321:5321 [1] NCCL INFO Connected to proxy localRank 1 -> connection 0x7f2220156140
gpu-nodes-0:5321:5321 [1] NCCL INFO Channel 12/1 : 1[1] -> 6[6] via P2P/IPC
gpu-nodes-0:5321:8144 [1] NCCL INFO New proxy send connection 429 from local rank 1, transport 0
gpu-nodes-0:5321:5321 [1] NCCL INFO Connected to proxy localRank 1 -> connection 0x7f22201561c8
gpu-nodes-0:5321:5321 [1] NCCL INFO Channel 13/1 : 1[1] -> 6[6] via P2P/IPC
gpu-nodes-0:5321:8144 [1] NCCL INFO New proxy send connection 430 from local rank 1, transport 0
gpu-nodes-0:5321:5321 [1] NCCL INFO Connected to proxy localRank 1 -> connection 0x7f2220156250
gpu-nodes-0:5321:5321 [1] NCCL INFO Channel 14/1 : 1[1] -> 6[6] via P2P/IPC
gpu-nodes-0:5321:8144 [1] NCCL INFO New proxy send connection 431 from local rank 1, transport 0
gpu-nodes-0:5321:5321 [1] NCCL INFO Connected to proxy localRank 1 -> connection 0x7f22201562d8
gpu-nodes-0:5321:5321 [1] NCCL INFO Channel 15/1 : 1[1] -> 6[6] via P2P/IPC
gpu-nodes-0:5321:8144 [1] NCCL INFO New proxy send connection 432 from local rank 1, transport 0
gpu-nodes-0:5321:5321 [1] NCCL INFO Connected to proxy localRank 1 -> connection 0x7f2220156360
gpu-nodes-0:5321:5321 [1] NCCL INFO Channel 16/1 : 1[1] -> 6[6] via P2P/IPC
gpu-nodes-0:5321:8144 [1] NCCL INFO New proxy send connection 433 from local rank 1, transport 0
gpu-nodes-0:5321:5321 [1] NCCL INFO Connected to proxy localRank 1 -> connection 0x7f22201563e8
gpu-nodes-0:5321:5321 [1] NCCL INFO Channel 17/1 : 1[1] -> 6[6] via P2P/IPC
gpu-nodes-0:5321:8144 [1] NCCL INFO New proxy send connection 434 from local rank 1, transport 0
gpu-nodes-0:5321:5321 [1] NCCL INFO Connected to proxy localRank 1 -> connection 0x7f2220156470
gpu-nodes-0:5321:5321 [1] NCCL INFO Channel 18/1 : 1[1] -> 6[6] via P2P/IPC
gpu-nodes-0:5321:8144 [1] NCCL INFO New proxy send connection 435 from local rank 1, transport 0
gpu-nodes-0:5321:5321 [1] NCCL INFO Connected to proxy localRank 1 -> connection 0x7f22201564f8
gpu-nodes-0:5321:5321 [1] NCCL INFO Channel 19/1 : 1[1] -> 6[6] via P2P/IPC
gpu-nodes-0:5321:8144 [1] NCCL INFO New proxy send connection 436 from local rank 1, transport 0
gpu-nodes-0:5321:5321 [1] NCCL INFO Connected to proxy localRank 1 -> connection 0x7f2220156580
gpu-nodes-0:5321:5321 [1] NCCL INFO Channel 20/1 : 1[1] -> 6[6] via P2P/IPC
gpu-nodes-0:5321:8144 [1] NCCL INFO New proxy send connection 437 from local rank 1, transport 0
gpu-nodes-0:5321:5321 [1] NCCL INFO Connected to proxy localRank 1 -> connection 0x7f2220156608
gpu-nodes-0:5321:5321 [1] NCCL INFO Channel 21/1 : 1[1] -> 6[6] via P2P/IPC
gpu-nodes-0:5321:8144 [1] NCCL INFO New proxy send connection 438 from local rank 1, transport 0
gpu-nodes-0:5321:5321 [1] NCCL INFO Connected to proxy localRank 1 -> connection 0x7f2220156690
gpu-nodes-0:5321:5321 [1] NCCL INFO Channel 22/1 : 1[1] -> 6[6] via P2P/IPC
gpu-nodes-0:5321:8144 [1] NCCL INFO New proxy send connection 439 from local rank 1, transport 0
gpu-nodes-0:5321:5321 [1] NCCL INFO Connected to proxy localRank 1 -> connection 0x7f2220156718
gpu-nodes-0:5321:5321 [1] NCCL INFO Channel 23/1 : 1[1] -> 6[6] via P2P/IPC
gpu-nodes-0:5321:8144 [1] NCCL INFO New proxy send connection 440 from local rank 1, transport 0
gpu-nodes-0:5321:5321 [1] NCCL INFO Connected to proxy localRank 1 -> connection 0x7f22201567a0
gpu-nodes-0:5321:5321 [1] NCCL INFO Channel 24/1 : 1[1] -> 6[6] via P2P/IPC
gpu-nodes-0:5321:8144 [1] NCCL INFO New proxy send connection 441 from local rank 1, transport 0
gpu-nodes-0:5321:5321 [1] NCCL INFO Connected to proxy localRank 1 -> connection 0x7f2220156828
gpu-nodes-0:5321:5321 [1] NCCL INFO Channel 25/1 : 1[1] -> 6[6] via P2P/IPC
gpu-nodes-0:5321:8144 [1] NCCL INFO New proxy send connection 442 from local rank 1, transport 0
gpu-nodes-0:5321:5321 [1] NCCL INFO Connected to proxy localRank 1 -> connection 0x7f22201568b0
gpu-nodes-0:5321:5321 [1] NCCL INFO Channel 26/1 : 1[1] -> 6[6] via P2P/IPC
gpu-nodes-0:5321:8144 [1] NCCL INFO New proxy send connection 443 from local rank 1, transport 0
gpu-nodes-0:5321:5321 [1] NCCL INFO Connected to proxy localRank 1 -> connection 0x7f2220156938
gpu-nodes-0:5321:5321 [1] NCCL INFO Channel 27/1 : 1[1] -> 6[6] via P2P/IPC
gpu-nodes-0:5321:8144 [1] NCCL INFO New proxy send connection 444 from local rank 1, transport 0
gpu-nodes-0:5321:5321 [1] NCCL INFO Connected to proxy localRank 1 -> connection 0x7f22201569c0
gpu-nodes-0:5321:5321 [1] NCCL INFO Channel 28/1 : 1[1] -> 6[6] via P2P/IPC
gpu-nodes-0:5321:8144 [1] NCCL INFO New proxy send connection 445 from local rank 1, transport 0
gpu-nodes-0:5321:5321 [1] NCCL INFO Connected to proxy localRank 1 -> connection 0x7f2220156a48
gpu-nodes-0:5321:5321 [1] NCCL INFO Channel 29/1 : 1[1] -> 6[6] via P2P/IPC
gpu-nodes-0:5321:8144 [1] NCCL INFO New proxy send connection 446 from local rank 1, transport 0
gpu-nodes-0:5321:5321 [1] NCCL INFO Connected to proxy localRank 1 -> connection 0x7f2220156ad0
gpu-nodes-0:5321:5321 [1] NCCL INFO Channel 30/1 : 1[1] -> 6[6] via P2P/IPC
gpu-nodes-0:5321:8144 [1] NCCL INFO New proxy send connection 447 from local rank 1, transport 0
gpu-nodes-0:5321:5321 [1] NCCL INFO Connected to proxy localRank 1 -> connection 0x7f2220156b58
gpu-nodes-0:5321:5321 [1] NCCL INFO Channel 31/1 : 1[1] -> 6[6] via P2P/IPC
gpu-nodes-0:5321:8144 [1] NCCL INFO New proxy send connection 448 from local rank 1, transport 0
gpu-nodes-0:5321:5321 [1] NCCL INFO Connected to proxy localRank 1 -> connection 0x7f2220156be0
gpu-nodes-0:5321:8144 [1] NCCL INFO New proxy recv connection 449 from local rank 1, transport 0
gpu-nodes-0:5321:5321 [1] NCCL INFO Connected to proxy localRank 1 -> connection 0x7f2220156c68
gpu-nodes-0:5321:8144 [1] NCCL INFO New proxy recv connection 450 from local rank 1, transport 0
gpu-nodes-0:5321:5321 [1] NCCL INFO Connected to proxy localRank 1 -> connection 0x7f2220156cf0
gpu-nodes-0:5321:8144 [1] NCCL INFO New proxy recv connection 451 from local rank 1, transport 0
gpu-nodes-0:5321:5321 [1] NCCL INFO Connected to proxy localRank 1 -> connection 0x7f2220156d78
gpu-nodes-0:5321:8144 [1] NCCL INFO New proxy recv connection 452 from local rank 1, transport 0
gpu-nodes-0:5321:5321 [1] NCCL INFO Connected to proxy localRank 1 -> connection 0x7f2220156e00
gpu-nodes-0:5321:8144 [1] NCCL INFO New proxy recv connection 453 from local rank 1, transport 0
gpu-nodes-0:5321:5321 [1] NCCL INFO Connected to proxy localRank 1 -> connection 0x7f2220156e88
gpu-nodes-0:5321:8144 [1] NCCL INFO New proxy recv connection 454 from local rank 1, transport 0
gpu-nodes-0:5321:5321 [1] NCCL INFO Connected to proxy localRank 1 -> connection 0x7f2220156f10
gpu-nodes-0:5321:8144 [1] NCCL INFO New proxy recv connection 455 from local rank 1, transport 0
gpu-nodes-0:5321:5321 [1] NCCL INFO Connected to proxy localRank 1 -> connection 0x7f2220156f98
gpu-nodes-0:5321:8144 [1] NCCL INFO New proxy recv connection 456 from local rank 1, transport 0
gpu-nodes-0:5321:5321 [1] NCCL INFO Connected to proxy localRank 1 -> connection 0x7f2220157020
gpu-nodes-0:5321:8144 [1] NCCL INFO New proxy recv connection 457 from local rank 1, transport 0
gpu-nodes-0:5321:5321 [1] NCCL INFO Connected to proxy localRank 1 -> connection 0x7f22201570a8
gpu-nodes-0:5321:8144 [1] NCCL INFO New proxy recv connection 458 from local rank 1, transport 0
gpu-nodes-0:5321:5321 [1] NCCL INFO Connected to proxy localRank 1 -> connection 0x7f2220157130
gpu-nodes-0:5321:8144 [1] NCCL INFO New proxy recv connection 459 from local rank 1, transport 0
gpu-nodes-0:5321:5321 [1] NCCL INFO Connected to proxy localRank 1 -> connection 0x7f22201571b8
gpu-nodes-0:5321:8144 [1] NCCL INFO New proxy recv connection 460 from local rank 1, transport 0
gpu-nodes-0:5321:5321 [1] NCCL INFO Connected to proxy localRank 1 -> connection 0x7f2220157240
gpu-nodes-0:5321:8144 [1] NCCL INFO New proxy recv connection 461 from local rank 1, transport 0
gpu-nodes-0:5321:5321 [1] NCCL INFO Connected to proxy localRank 1 -> connection 0x7f22201572c8
gpu-nodes-0:5321:8144 [1] NCCL INFO New proxy recv connection 462 from local rank 1, transport 0
gpu-nodes-0:5321:5321 [1] NCCL INFO Connected to proxy localRank 1 -> connection 0x7f2220157350
gpu-nodes-0:5321:8144 [1] NCCL INFO New proxy recv connection 463 from local rank 1, transport 0
gpu-nodes-0:5321:5321 [1] NCCL INFO Connected to proxy localRank 1 -> connection 0x7f22201573d8
gpu-nodes-0:5321:8144 [1] NCCL INFO New proxy recv connection 464 from local rank 1, transport 0
gpu-nodes-0:5321:5321 [1] NCCL INFO Connected to proxy localRank 1 -> connection 0x7f2220157460
gpu-nodes-0:5321:8144 [1] NCCL INFO New proxy recv connection 465 from local rank 1, transport 0
gpu-nodes-0:5321:5321 [1] NCCL INFO Connected to proxy localRank 1 -> connection 0x7f22201574e8
gpu-nodes-0:5321:8144 [1] NCCL INFO New proxy recv connection 466 from local rank 1, transport 0
gpu-nodes-0:5321:5321 [1] NCCL INFO Connected to proxy localRank 1 -> connection 0x7f2220157570
gpu-nodes-0:5321:8144 [1] NCCL INFO New proxy recv connection 467 from local rank 1, transport 0
gpu-nodes-0:5321:5321 [1] NCCL INFO Connected to proxy localRank 1 -> connection 0x7f22201575f8
gpu-nodes-0:5321:8144 [1] NCCL INFO New proxy recv connection 468 from local rank 1, transport 0
gpu-nodes-0:5321:5321 [1] NCCL INFO Connected to proxy localRank 1 -> connection 0x7f2220157680
gpu-nodes-0:5321:8144 [1] NCCL INFO New proxy recv connection 469 from local rank 1, transport 0
gpu-nodes-0:5321:5321 [1] NCCL INFO Connected to proxy localRank 1 -> connection 0x7f2220157708
gpu-nodes-0:5321:8144 [1] NCCL INFO New proxy recv connection 470 from local rank 1, transport 0
gpu-nodes-0:5321:5321 [1] NCCL INFO Connected to proxy localRank 1 -> connection 0x7f2220157790
gpu-nodes-0:5321:8144 [1] NCCL INFO New proxy recv connection 471 from local rank 1, transport 0
gpu-nodes-0:5321:5321 [1] NCCL INFO Connected to proxy localRank 1 -> connection 0x7f2220157818
gpu-nodes-0:5321:8144 [1] NCCL INFO New proxy recv connection 472 from local rank 1, transport 0
gpu-nodes-0:5321:5321 [1] NCCL INFO Connected to proxy localRank 1 -> connection 0x7f22201578a0
gpu-nodes-0:5321:8144 [1] NCCL INFO New proxy recv connection 473 from local rank 1, transport 0
gpu-nodes-0:5321:5321 [1] NCCL INFO Connected to proxy localRank 1 -> connection 0x7f2220157928
gpu-nodes-0:5321:8144 [1] NCCL INFO New proxy recv connection 474 from local rank 1, transport 0
gpu-nodes-0:5321:5321 [1] NCCL INFO Connected to proxy localRank 1 -> connection 0x7f22201579b0
gpu-nodes-0:5321:8144 [1] NCCL INFO New proxy recv connection 475 from local rank 1, transport 0
gpu-nodes-0:5321:5321 [1] NCCL INFO Connected to proxy localRank 1 -> connection 0x7f2220157a38
gpu-nodes-0:5321:8144 [1] NCCL INFO New proxy recv connection 476 from local rank 1, transport 0
gpu-nodes-0:5321:5321 [1] NCCL INFO Connected to proxy localRank 1 -> connection 0x7f2220157ac0
gpu-nodes-0:5321:8144 [1] NCCL INFO New proxy recv connection 477 from local rank 1, transport 0
gpu-nodes-0:5321:5321 [1] NCCL INFO Connected to proxy localRank 1 -> connection 0x7f2220157b48
gpu-nodes-0:5321:8144 [1] NCCL INFO New proxy recv connection 478 from local rank 1, transport 0
gpu-nodes-0:5321:5321 [1] NCCL INFO Connected to proxy localRank 1 -> connection 0x7f2220157bd0
gpu-nodes-0:5321:8144 [1] NCCL INFO New proxy recv connection 479 from local rank 1, transport 0
gpu-nodes-0:5321:5321 [1] NCCL INFO Connected to proxy localRank 1 -> connection 0x7f2220157c58
gpu-nodes-0:5321:8144 [1] NCCL INFO New proxy recv connection 480 from local rank 1, transport 0
gpu-nodes-0:5321:5321 [1] NCCL INFO Connected to proxy localRank 1 -> connection 0x7f2220157ce0
gpu-nodes-0:5321:5321 [1] NCCL INFO Channel 00/1 : 1[1] -> 7[7] via P2P/IPC
gpu-nodes-0:5321:8144 [1] NCCL INFO New proxy send connection 481 from local rank 1, transport 0
gpu-nodes-0:5321:5321 [1] NCCL INFO Connected to proxy localRank 1 -> connection 0x7f2220157d68
gpu-nodes-0:5321:5321 [1] NCCL INFO Channel 01/1 : 1[1] -> 7[7] via P2P/IPC
gpu-nodes-0:5321:8144 [1] NCCL INFO New proxy send connection 482 from local rank 1, transport 0
gpu-nodes-0:5321:5321 [1] NCCL INFO Connected to proxy localRank 1 -> connection 0x7f2220157df0
gpu-nodes-0:5321:5321 [1] NCCL INFO Channel 02/1 : 1[1] -> 7[7] via P2P/IPC
gpu-nodes-0:5321:8144 [1] NCCL INFO New proxy send connection 483 from local rank 1, transport 0
gpu-nodes-0:5321:5321 [1] NCCL INFO Connected to proxy localRank 1 -> connection 0x7f2220157e78
gpu-nodes-0:5321:5321 [1] NCCL INFO Channel 03/1 : 1[1] -> 7[7] via P2P/IPC
gpu-nodes-0:5321:8144 [1] NCCL INFO New proxy send connection 484 from local rank 1, transport 0
gpu-nodes-0:5321:5321 [1] NCCL INFO Connected to proxy localRank 1 -> connection 0x7f2220157f00
gpu-nodes-0:5321:5321 [1] NCCL INFO Channel 04/1 : 1[1] -> 7[7] via P2P/IPC
gpu-nodes-0:5321:8144 [1] NCCL INFO New proxy send connection 485 from local rank 1, transport 0
gpu-nodes-0:5321:5321 [1] NCCL INFO Connected to proxy localRank 1 -> connection 0x7f2220157f88
gpu-nodes-0:5321:5321 [1] NCCL INFO Channel 05/1 : 1[1] -> 7[7] via P2P/IPC
gpu-nodes-0:5321:8144 [1] NCCL INFO New proxy send connection 486 from local rank 1, transport 0
gpu-nodes-0:5321:5321 [1] NCCL INFO Connected to proxy localRank 1 -> connection 0x7f2220158010
gpu-nodes-0:5321:5321 [1] NCCL INFO Channel 06/1 : 1[1] -> 7[7] via P2P/IPC
gpu-nodes-0:5321:8144 [1] NCCL INFO New proxy send connection 487 from local rank 1, transport 0
gpu-nodes-0:5321:5321 [1] NCCL INFO Connected to proxy localRank 1 -> connection 0x7f2220158098
gpu-nodes-0:5321:5321 [1] NCCL INFO Channel 07/1 : 1[1] -> 7[7] via P2P/IPC
gpu-nodes-0:5321:8144 [1] NCCL INFO New proxy send connection 488 from local rank 1, transport 0
gpu-nodes-0:5321:5321 [1] NCCL INFO Connected to proxy localRank 1 -> connection 0x7f2220158120
gpu-nodes-0:5321:5321 [1] NCCL INFO Channel 08/1 : 1[1] -> 7[7] via P2P/IPC
gpu-nodes-0:5321:8144 [1] NCCL INFO New proxy send connection 489 from local rank 1, transport 0
gpu-nodes-0:5321:5321 [1] NCCL INFO Connected to proxy localRank 1 -> connection 0x7f22201581a8
gpu-nodes-0:5321:5321 [1] NCCL INFO Channel 09/1 : 1[1] -> 7[7] via P2P/IPC
gpu-nodes-0:5321:8144 [1] NCCL INFO New proxy send connection 490 from local rank 1, transport 0
gpu-nodes-0:5321:5321 [1] NCCL INFO Connected to proxy localRank 1 -> connection 0x7f2220158230
gpu-nodes-0:5321:5321 [1] NCCL INFO Channel 10/1 : 1[1] -> 7[7] via P2P/IPC
gpu-nodes-0:5321:8144 [1] NCCL INFO New proxy send connection 491 from local rank 1, transport 0
gpu-nodes-0:5321:5321 [1] NCCL INFO Connected to proxy localRank 1 -> connection 0x7f22201582b8
gpu-nodes-0:5321:5321 [1] NCCL INFO Channel 11/1 : 1[1] -> 7[7] via P2P/IPC
gpu-nodes-0:5321:8144 [1] NCCL INFO New proxy send connection 492 from local rank 1, transport 0
gpu-nodes-0:5321:5321 [1] NCCL INFO Connected to proxy localRank 1 -> connection 0x7f2220158340
gpu-nodes-0:5321:5321 [1] NCCL INFO Channel 12/1 : 1[1] -> 7[7] via P2P/IPC
gpu-nodes-0:5321:8144 [1] NCCL INFO New proxy send connection 493 from local rank 1, transport 0
gpu-nodes-0:5321:5321 [1] NCCL INFO Connected to proxy localRank 1 -> connection 0x7f22201583c8
gpu-nodes-0:5321:5321 [1] NCCL INFO Channel 13/1 : 1[1] -> 7[7] via P2P/IPC
gpu-nodes-0:5321:8144 [1] NCCL INFO New proxy send connection 494 from local rank 1, transport 0
gpu-nodes-0:5321:5321 [1] NCCL INFO Connected to proxy localRank 1 -> connection 0x7f2220158450
gpu-nodes-0:5321:5321 [1] NCCL INFO Channel 14/1 : 1[1] -> 7[7] via P2P/IPC
gpu-nodes-0:5321:8144 [1] NCCL INFO New proxy send connection 495 from local rank 1, transport 0
gpu-nodes-0:5321:5321 [1] NCCL INFO Connected to proxy localRank 1 -> connection 0x7f22201584d8
gpu-nodes-0:5321:5321 [1] NCCL INFO Channel 15/1 : 1[1] -> 7[7] via P2P/IPC
gpu-nodes-0:5321:8144 [1] NCCL INFO New proxy send connection 496 from local rank 1, transport 0
gpu-nodes-0:5321:5321 [1] NCCL INFO Connected to proxy localRank 1 -> connection 0x7f2220158560
gpu-nodes-0:5321:5321 [1] NCCL INFO Channel 16/1 : 1[1] -> 7[7] via P2P/IPC
gpu-nodes-0:5321:8144 [1] NCCL INFO New proxy send connection 497 from local rank 1, transport 0
gpu-nodes-0:5321:5321 [1] NCCL INFO Connected to proxy localRank 1 -> connection 0x7f22201585e8
gpu-nodes-0:5321:5321 [1] NCCL INFO Channel 17/1 : 1[1] -> 7[7] via P2P/IPC
gpu-nodes-0:5321:8144 [1] NCCL INFO New proxy send connection 498 from local rank 1, transport 0
gpu-nodes-0:5321:5321 [1] NCCL INFO Connected to proxy localRank 1 -> connection 0x7f2220158670
gpu-nodes-0:5321:5321 [1] NCCL INFO Channel 18/1 : 1[1] -> 7[7] via P2P/IPC
gpu-nodes-0:5321:8144 [1] NCCL INFO New proxy send connection 499 from local rank 1, transport 0
gpu-nodes-0:5321:5321 [1] NCCL INFO Connected to proxy localRank 1 -> connection 0x7f22201586f8
gpu-nodes-0:5321:5321 [1] NCCL INFO Channel 19/1 : 1[1] -> 7[7] via P2P/IPC
gpu-nodes-0:5321:8144 [1] NCCL INFO New proxy send connection 500 from local rank 1, transport 0
gpu-nodes-0:5321:5321 [1] NCCL INFO Connected to proxy localRank 1 -> connection 0x7f2220158780
gpu-nodes-0:5321:5321 [1] NCCL INFO Channel 20/1 : 1[1] -> 7[7] via P2P/IPC
gpu-nodes-0:5321:8144 [1] NCCL INFO New proxy send connection 501 from local rank 1, transport 0
gpu-nodes-0:5321:5321 [1] NCCL INFO Connected to proxy localRank 1 -> connection 0x7f2220158808
gpu-nodes-0:5321:5321 [1] NCCL INFO Channel 21/1 : 1[1] -> 7[7] via P2P/IPC
gpu-nodes-0:5321:8144 [1] NCCL INFO New proxy send connection 502 from local rank 1, transport 0
gpu-nodes-0:5321:5321 [1] NCCL INFO Connected to proxy localRank 1 -> connection 0x7f2220158890
gpu-nodes-0:5321:5321 [1] NCCL INFO Channel 22/1 : 1[1] -> 7[7] via P2P/IPC
gpu-nodes-0:5321:8144 [1] NCCL INFO New proxy send connection 503 from local rank 1, transport 0
gpu-nodes-0:5321:5321 [1] NCCL INFO Connected to proxy localRank 1 -> connection 0x7f2220158918
gpu-nodes-0:5321:5321 [1] NCCL INFO Channel 23/1 : 1[1] -> 7[7] via P2P/IPC
gpu-nodes-0:5321:8144 [1] NCCL INFO New proxy send connection 504 from local rank 1, transport 0
gpu-nodes-0:5321:5321 [1] NCCL INFO Connected to proxy localRank 1 -> connection 0x7f22201589a0
gpu-nodes-0:5321:5321 [1] NCCL INFO Channel 24/1 : 1[1] -> 7[7] via P2P/IPC
gpu-nodes-0:5321:8144 [1] NCCL INFO New proxy send connection 505 from local rank 1, transport 0
gpu-nodes-0:5321:5321 [1] NCCL INFO Connected to proxy localRank 1 -> connection 0x7f2220158a28
gpu-nodes-0:5321:5321 [1] NCCL INFO Channel 25/1 : 1[1] -> 7[7] via P2P/IPC
gpu-nodes-0:5321:8144 [1] NCCL INFO New proxy send connection 506 from local rank 1, transport 0
gpu-nodes-0:5321:5321 [1] NCCL INFO Connected to proxy localRank 1 -> connection 0x7f2220158ab0
gpu-nodes-0:5321:5321 [1] NCCL INFO Channel 26/1 : 1[1] -> 7[7] via P2P/IPC
gpu-nodes-0:5321:8144 [1] NCCL INFO New proxy send connection 507 from local rank 1, transport 0
gpu-nodes-0:5321:5321 [1] NCCL INFO Connected to proxy localRank 1 -> connection 0x7f2220158b38
gpu-nodes-0:5321:5321 [1] NCCL INFO Channel 27/1 : 1[1] -> 7[7] via P2P/IPC
gpu-nodes-0:5321:8144 [1] NCCL INFO New proxy send connection 508 from local rank 1, transport 0
gpu-nodes-0:5321:5321 [1] NCCL INFO Connected to proxy localRank 1 -> connection 0x7f2220158bc0
gpu-nodes-0:5321:5321 [1] NCCL INFO Channel 28/1 : 1[1] -> 7[7] via P2P/IPC
gpu-nodes-0:5321:8144 [1] NCCL INFO New proxy send connection 509 from local rank 1, transport 0
gpu-nodes-0:5321:5321 [1] NCCL INFO Connected to proxy localRank 1 -> connection 0x7f2220158c48
gpu-nodes-0:5321:5321 [1] NCCL INFO Channel 29/1 : 1[1] -> 7[7] via P2P/IPC
gpu-nodes-0:5321:8144 [1] NCCL INFO New proxy send connection 510 from local rank 1, transport 0
gpu-nodes-0:5321:5321 [1] NCCL INFO Connected to proxy localRank 1 -> connection 0x7f2220158cd0
gpu-nodes-0:5321:5321 [1] NCCL INFO Channel 30/1 : 1[1] -> 7[7] via P2P/IPC
gpu-nodes-0:5321:8144 [1] NCCL INFO New proxy send connection 511 from local rank 1, transport 0
gpu-nodes-0:5321:5321 [1] NCCL INFO Connected to proxy localRank 1 -> connection 0x7f2220158d58
gpu-nodes-0:5321:5321 [1] NCCL INFO Channel 31/1 : 1[1] -> 7[7] via P2P/IPC
gpu-nodes-0:5321:8144 [1] NCCL INFO New proxy send connection 512 from local rank 1, transport 0
gpu-nodes-0:5321:5321 [1] NCCL INFO Connected to proxy localRank 1 -> connection 0x7f22201c5760
gpu-nodes-0:5321:8144 [1] NCCL INFO New proxy recv connection 513 from local rank 1, transport 0
gpu-nodes-0:5321:5321 [1] NCCL INFO Connected to proxy localRank 1 -> connection 0x7f22201c57e8
gpu-nodes-0:5321:8144 [1] NCCL INFO New proxy recv connection 514 from local rank 1, transport 0
gpu-nodes-0:5321:5321 [1] NCCL INFO Connected to proxy localRank 1 -> connection 0x7f22201c5870
gpu-nodes-0:5321:8144 [1] NCCL INFO New proxy recv connection 515 from local rank 1, transport 0
gpu-nodes-0:5321:5321 [1] NCCL INFO Connected to proxy localRank 1 -> connection 0x7f22201c58f8
gpu-nodes-0:5321:8144 [1] NCCL INFO New proxy recv connection 516 from local rank 1, transport 0
gpu-nodes-0:5321:5321 [1] NCCL INFO Connected to proxy localRank 1 -> connection 0x7f22201c5980
gpu-nodes-0:5321:8144 [1] NCCL INFO New proxy recv connection 517 from local rank 1, transport 0
gpu-nodes-0:5321:5321 [1] NCCL INFO Connected to proxy localRank 1 -> connection 0x7f22201c5a08
gpu-nodes-0:5321:8144 [1] NCCL INFO New proxy recv connection 518 from local rank 1, transport 0
gpu-nodes-0:5321:5321 [1] NCCL INFO Connected to proxy localRank 1 -> connection 0x7f22201c5a90
gpu-nodes-0:5321:8144 [1] NCCL INFO New proxy recv connection 519 from local rank 1, transport 0
gpu-nodes-0:5321:5321 [1] NCCL INFO Connected to proxy localRank 1 -> connection 0x7f22201c5b18
gpu-nodes-0:5321:8144 [1] NCCL INFO New proxy recv connection 520 from local rank 1, transport 0
gpu-nodes-0:5321:5321 [1] NCCL INFO Connected to proxy localRank 1 -> connection 0x7f22201c5ba0
gpu-nodes-0:5321:8144 [1] NCCL INFO New proxy recv connection 521 from local rank 1, transport 0
gpu-nodes-0:5321:5321 [1] NCCL INFO Connected to proxy localRank 1 -> connection 0x7f22201c5c28
gpu-nodes-0:5321:8144 [1] NCCL INFO New proxy recv connection 522 from local rank 1, transport 0
gpu-nodes-0:5321:5321 [1] NCCL INFO Connected to proxy localRank 1 -> connection 0x7f22201c5cb0
gpu-nodes-0:5321:8144 [1] NCCL INFO New proxy recv connection 523 from local rank 1, transport 0
gpu-nodes-0:5321:5321 [1] NCCL INFO Connected to proxy localRank 1 -> connection 0x7f22201c5d38
gpu-nodes-0:5321:8144 [1] NCCL INFO New proxy recv connection 524 from local rank 1, transport 0
gpu-nodes-0:5321:5321 [1] NCCL INFO Connected to proxy localRank 1 -> connection 0x7f22201c5dc0
gpu-nodes-0:5321:8144 [1] NCCL INFO New proxy recv connection 525 from local rank 1, transport 0
gpu-nodes-0:5321:5321 [1] NCCL INFO Connected to proxy localRank 1 -> connection 0x7f22201c5e48
gpu-nodes-0:5321:8144 [1] NCCL INFO New proxy recv connection 526 from local rank 1, transport 0
gpu-nodes-0:5321:5321 [1] NCCL INFO Connected to proxy localRank 1 -> connection 0x7f22201c5ed0
gpu-nodes-0:5321:8144 [1] NCCL INFO New proxy recv connection 527 from local rank 1, transport 0
gpu-nodes-0:5321:5321 [1] NCCL INFO Connected to proxy localRank 1 -> connection 0x7f22201c5f58
gpu-nodes-0:5321:8144 [1] NCCL INFO New proxy recv connection 528 from local rank 1, transport 0
gpu-nodes-0:5321:5321 [1] NCCL INFO Connected to proxy localRank 1 -> connection 0x7f22201c5fe0
gpu-nodes-0:5321:8144 [1] NCCL INFO New proxy recv connection 529 from local rank 1, transport 0
gpu-nodes-0:5321:5321 [1] NCCL INFO Connected to proxy localRank 1 -> connection 0x7f22201c6068
gpu-nodes-0:5321:8144 [1] NCCL INFO New proxy recv connection 530 from local rank 1, transport 0
gpu-nodes-0:5321:5321 [1] NCCL INFO Connected to proxy localRank 1 -> connection 0x7f22201c60f0
gpu-nodes-0:5321:8144 [1] NCCL INFO New proxy recv connection 531 from local rank 1, transport 0
gpu-nodes-0:5321:5321 [1] NCCL INFO Connected to proxy localRank 1 -> connection 0x7f22201c6178
gpu-nodes-0:5321:8144 [1] NCCL INFO New proxy recv connection 532 from local rank 1, transport 0
gpu-nodes-0:5321:5321 [1] NCCL INFO Connected to proxy localRank 1 -> connection 0x7f22201c6200
gpu-nodes-0:5321:8144 [1] NCCL INFO New proxy recv connection 533 from local rank 1, transport 0
gpu-nodes-0:5321:5321 [1] NCCL INFO Connected to proxy localRank 1 -> connection 0x7f22201c6288
gpu-nodes-0:5321:8144 [1] NCCL INFO New proxy recv connection 534 from local rank 1, transport 0
gpu-nodes-0:5321:5321 [1] NCCL INFO Connected to proxy localRank 1 -> connection 0x7f22201c6310
gpu-nodes-0:5321:8144 [1] NCCL INFO New proxy recv connection 535 from local rank 1, transport 0
gpu-nodes-0:5321:5321 [1] NCCL INFO Connected to proxy localRank 1 -> connection 0x7f22201c6398
gpu-nodes-0:5321:8144 [1] NCCL INFO New proxy recv connection 536 from local rank 1, transport 0
gpu-nodes-0:5321:5321 [1] NCCL INFO Connected to proxy localRank 1 -> connection 0x7f22201c6420
gpu-nodes-0:5321:8144 [1] NCCL INFO New proxy recv connection 537 from local rank 1, transport 0
gpu-nodes-0:5321:5321 [1] NCCL INFO Connected to proxy localRank 1 -> connection 0x7f22201c64a8
gpu-nodes-0:5321:8144 [1] NCCL INFO New proxy recv connection 538 from local rank 1, transport 0
gpu-nodes-0:5321:5321 [1] NCCL INFO Connected to proxy localRank 1 -> connection 0x7f22201c6530
gpu-nodes-0:5321:8144 [1] NCCL INFO New proxy recv connection 539 from local rank 1, transport 0
gpu-nodes-0:5321:5321 [1] NCCL INFO Connected to proxy localRank 1 -> connection 0x7f22201c65b8
gpu-nodes-0:5321:8144 [1] NCCL INFO New proxy recv connection 540 from local rank 1, transport 0
gpu-nodes-0:5321:5321 [1] NCCL INFO Connected to proxy localRank 1 -> connection 0x7f22201c6640
gpu-nodes-0:5321:8144 [1] NCCL INFO New proxy recv connection 541 from local rank 1, transport 0
gpu-nodes-0:5321:5321 [1] NCCL INFO Connected to proxy localRank 1 -> connection 0x7f22201c66c8
gpu-nodes-0:5321:8144 [1] NCCL INFO New proxy recv connection 542 from local rank 1, transport 0
gpu-nodes-0:5321:5321 [1] NCCL INFO Connected to proxy localRank 1 -> connection 0x7f22201c6750
gpu-nodes-0:5321:8144 [1] NCCL INFO New proxy recv connection 543 from local rank 1, transport 0
gpu-nodes-0:5321:5321 [1] NCCL INFO Connected to proxy localRank 1 -> connection 0x7f22201c67d8
gpu-nodes-0:5321:8144 [1] NCCL INFO New proxy recv connection 544 from local rank 1, transport 0
gpu-nodes-0:5321:5321 [1] NCCL INFO Connected to proxy localRank 1 -> connection 0x7f22201c6860
gpu-nodes-0:5321:5321 [1] NCCL INFO Channel 00/1 : 1[1] -> 0[0] via P2P/IPC
gpu-nodes-0:5321:8144 [1] NCCL INFO New proxy send connection 545 from local rank 1, transport 0
gpu-nodes-0:5321:5321 [1] NCCL INFO Connected to proxy localRank 1 -> connection 0x7f22201c68e8
gpu-nodes-0:5321:5321 [1] NCCL INFO Channel 01/1 : 1[1] -> 0[0] via P2P/IPC
gpu-nodes-0:5321:8144 [1] NCCL INFO New proxy send connection 546 from local rank 1, transport 0
gpu-nodes-0:5321:5321 [1] NCCL INFO Connected to proxy localRank 1 -> connection 0x7f22201c6970
gpu-nodes-0:5321:5321 [1] NCCL INFO Channel 02/1 : 1[1] -> 0[0] via P2P/IPC
gpu-nodes-0:5321:8144 [1] NCCL INFO New proxy send connection 547 from local rank 1, transport 0
gpu-nodes-0:5321:5321 [1] NCCL INFO Connected to proxy localRank 1 -> connection 0x7f22201c69f8
gpu-nodes-0:5321:5321 [1] NCCL INFO Channel 03/1 : 1[1] -> 0[0] via P2P/IPC
gpu-nodes-0:5321:8144 [1] NCCL INFO New proxy send connection 548 from local rank 1, transport 0
gpu-nodes-0:5321:5321 [1] NCCL INFO Connected to proxy localRank 1 -> connection 0x7f22201c6a80
gpu-nodes-0:5321:5321 [1] NCCL INFO Channel 04/1 : 1[1] -> 0[0] via P2P/IPC
gpu-nodes-0:5321:8144 [1] NCCL INFO New proxy send connection 549 from local rank 1, transport 0
gpu-nodes-0:5321:5321 [1] NCCL INFO Connected to proxy localRank 1 -> connection 0x7f22201c6b08
gpu-nodes-0:5321:5321 [1] NCCL INFO Channel 05/1 : 1[1] -> 0[0] via P2P/IPC
gpu-nodes-0:5321:8144 [1] NCCL INFO New proxy send connection 550 from local rank 1, transport 0
gpu-nodes-0:5321:5321 [1] NCCL INFO Connected to proxy localRank 1 -> connection 0x7f22201c6b90
gpu-nodes-0:5321:5321 [1] NCCL INFO Channel 06/1 : 1[1] -> 0[0] via P2P/IPC
gpu-nodes-0:5321:8144 [1] NCCL INFO New proxy send connection 551 from local rank 1, transport 0
gpu-nodes-0:5321:5321 [1] NCCL INFO Connected to proxy localRank 1 -> connection 0x7f22201c6c18
gpu-nodes-0:5321:5321 [1] NCCL INFO Channel 07/1 : 1[1] -> 0[0] via P2P/IPC
gpu-nodes-0:5321:8144 [1] NCCL INFO New proxy send connection 552 from local rank 1, transport 0
gpu-nodes-0:5321:5321 [1] NCCL INFO Connected to proxy localRank 1 -> connection 0x7f22201c6ca0
gpu-nodes-0:5321:5321 [1] NCCL INFO Channel 08/1 : 1[1] -> 0[0] via P2P/IPC
gpu-nodes-0:5321:8144 [1] NCCL INFO New proxy send connection 553 from local rank 1, transport 0
gpu-nodes-0:5321:5321 [1] NCCL INFO Connected to proxy localRank 1 -> connection 0x7f22201c6d28
gpu-nodes-0:5321:5321 [1] NCCL INFO Channel 09/1 : 1[1] -> 0[0] via P2P/IPC
gpu-nodes-0:5321:8144 [1] NCCL INFO New proxy send connection 554 from local rank 1, transport 0
gpu-nodes-0:5321:5321 [1] NCCL INFO Connected to proxy localRank 1 -> connection 0x7f22201c6db0
gpu-nodes-0:5321:5321 [1] NCCL INFO Channel 10/1 : 1[1] -> 0[0] via P2P/IPC
gpu-nodes-0:5321:8144 [1] NCCL INFO New proxy send connection 555 from local rank 1, transport 0
gpu-nodes-0:5321:5321 [1] NCCL INFO Connected to proxy localRank 1 -> connection 0x7f22201c6e38
gpu-nodes-0:5321:5321 [1] NCCL INFO Channel 11/1 : 1[1] -> 0[0] via P2P/IPC
gpu-nodes-0:5321:8144 [1] NCCL INFO New proxy send connection 556 from local rank 1, transport 0
gpu-nodes-0:5321:5321 [1] NCCL INFO Connected to proxy localRank 1 -> connection 0x7f22201c6ec0
gpu-nodes-0:5321:5321 [1] NCCL INFO Channel 12/1 : 1[1] -> 0[0] via P2P/IPC
gpu-nodes-0:5321:8144 [1] NCCL INFO New proxy send connection 557 from local rank 1, transport 0
gpu-nodes-0:5321:5321 [1] NCCL INFO Connected to proxy localRank 1 -> connection 0x7f22201c6f48
gpu-nodes-0:5321:5321 [1] NCCL INFO Channel 13/1 : 1[1] -> 0[0] via P2P/IPC
gpu-nodes-0:5321:8144 [1] NCCL INFO New proxy send connection 558 from local rank 1, transport 0
gpu-nodes-0:5321:5321 [1] NCCL INFO Connected to proxy localRank 1 -> connection 0x7f22201c6fd0
gpu-nodes-0:5321:5321 [1] NCCL INFO Channel 14/1 : 1[1] -> 0[0] via P2P/IPC
gpu-nodes-0:5321:8144 [1] NCCL INFO New proxy send connection 559 from local rank 1, transport 0
gpu-nodes-0:5321:5321 [1] NCCL INFO Connected to proxy localRank 1 -> connection 0x7f22201c7058
gpu-nodes-0:5321:5321 [1] NCCL INFO Channel 15/1 : 1[1] -> 0[0] via P2P/IPC
gpu-nodes-0:5321:8144 [1] NCCL INFO New proxy send connection 560 from local rank 1, transport 0
gpu-nodes-0:5321:5321 [1] NCCL INFO Connected to proxy localRank 1 -> connection 0x7f22201c70e0
gpu-nodes-0:5321:5321 [1] NCCL INFO Channel 16/1 : 1[1] -> 0[0] via P2P/IPC
gpu-nodes-0:5321:8144 [1] NCCL INFO New proxy send connection 561 from local rank 1, transport 0
gpu-nodes-0:5321:5321 [1] NCCL INFO Connected to proxy localRank 1 -> connection 0x7f22201c7168
gpu-nodes-0:5321:5321 [1] NCCL INFO Channel 17/1 : 1[1] -> 0[0] via P2P/IPC
gpu-nodes-0:5321:8144 [1] NCCL INFO New proxy send connection 562 from local rank 1, transport 0
gpu-nodes-0:5321:5321 [1] NCCL INFO Connected to proxy localRank 1 -> connection 0x7f22201c71f0
gpu-nodes-0:5321:5321 [1] NCCL INFO Channel 18/1 : 1[1] -> 0[0] via P2P/IPC
gpu-nodes-0:5321:8144 [1] NCCL INFO New proxy send connection 563 from local rank 1, transport 0
gpu-nodes-0:5321:5321 [1] NCCL INFO Connected to proxy localRank 1 -> connection 0x7f22201c7278
gpu-nodes-0:5321:5321 [1] NCCL INFO Channel 19/1 : 1[1] -> 0[0] via P2P/IPC
gpu-nodes-0:5321:8144 [1] NCCL INFO New proxy send connection 564 from local rank 1, transport 0
gpu-nodes-0:5321:5321 [1] NCCL INFO Connected to proxy localRank 1 -> connection 0x7f22201c7300
gpu-nodes-0:5321:5321 [1] NCCL INFO Channel 20/1 : 1[1] -> 0[0] via P2P/IPC
gpu-nodes-0:5321:8144 [1] NCCL INFO New proxy send connection 565 from local rank 1, transport 0
gpu-nodes-0:5321:5321 [1] NCCL INFO Connected to proxy localRank 1 -> connection 0x7f22201c7388
gpu-nodes-0:5321:5321 [1] NCCL INFO Channel 21/1 : 1[1] -> 0[0] via P2P/IPC
gpu-nodes-0:5321:8144 [1] NCCL INFO New proxy send connection 566 from local rank 1, transport 0
gpu-nodes-0:5321:5321 [1] NCCL INFO Connected to proxy localRank 1 -> connection 0x7f22201c7410
gpu-nodes-0:5321:5321 [1] NCCL INFO Channel 22/1 : 1[1] -> 0[0] via P2P/IPC
gpu-nodes-0:5321:8144 [1] NCCL INFO New proxy send connection 567 from local rank 1, transport 0
gpu-nodes-0:5321:5321 [1] NCCL INFO Connected to proxy localRank 1 -> connection 0x7f22201c7498
gpu-nodes-0:5321:5321 [1] NCCL INFO Channel 23/1 : 1[1] -> 0[0] via P2P/IPC
gpu-nodes-0:5321:8144 [1] NCCL INFO New proxy send connection 568 from local rank 1, transport 0
gpu-nodes-0:5321:5321 [1] NCCL INFO Connected to proxy localRank 1 -> connection 0x7f22201c7520
gpu-nodes-0:5321:5321 [1] NCCL INFO Channel 24/1 : 1[1] -> 0[0] via P2P/IPC
gpu-nodes-0:5321:8144 [1] NCCL INFO New proxy send connection 569 from local rank 1, transport 0
gpu-nodes-0:5321:5321 [1] NCCL INFO Connected to proxy localRank 1 -> connection 0x7f22201c75a8
gpu-nodes-0:5321:5321 [1] NCCL INFO Channel 25/1 : 1[1] -> 0[0] via P2P/IPC
gpu-nodes-0:5321:8144 [1] NCCL INFO New proxy send connection 570 from local rank 1, transport 0
gpu-nodes-0:5321:5321 [1] NCCL INFO Connected to proxy localRank 1 -> connection 0x7f22201c7630
gpu-nodes-0:5321:5321 [1] NCCL INFO Channel 26/1 : 1[1] -> 0[0] via P2P/IPC
gpu-nodes-0:5321:8144 [1] NCCL INFO New proxy send connection 571 from local rank 1, transport 0
gpu-nodes-0:5321:5321 [1] NCCL INFO Connected to proxy localRank 1 -> connection 0x7f22201c76b8
gpu-nodes-0:5321:5321 [1] NCCL INFO Channel 27/1 : 1[1] -> 0[0] via P2P/IPC
gpu-nodes-0:5321:8144 [1] NCCL INFO New proxy send connection 572 from local rank 1, transport 0
gpu-nodes-0:5321:5321 [1] NCCL INFO Connected to proxy localRank 1 -> connection 0x7f22201c7740
gpu-nodes-0:5321:5321 [1] NCCL INFO Channel 28/1 : 1[1] -> 0[0] via P2P/IPC
gpu-nodes-0:5321:8144 [1] NCCL INFO New proxy send connection 573 from local rank 1, transport 0
gpu-nodes-0:5321:5321 [1] NCCL INFO Connected to proxy localRank 1 -> connection 0x7f22201c77c8
gpu-nodes-0:5321:5321 [1] NCCL INFO Channel 29/1 : 1[1] -> 0[0] via P2P/IPC
gpu-nodes-0:5321:8144 [1] NCCL INFO New proxy send connection 574 from local rank 1, transport 0
gpu-nodes-0:5321:5321 [1] NCCL INFO Connected to proxy localRank 1 -> connection 0x7f22201c7850
gpu-nodes-0:5321:5321 [1] NCCL INFO Channel 30/1 : 1[1] -> 0[0] via P2P/IPC
gpu-nodes-0:5321:8144 [1] NCCL INFO New proxy send connection 575 from local rank 1, transport 0
gpu-nodes-0:5321:5321 [1] NCCL INFO Connected to proxy localRank 1 -> connection 0x7f22201c78d8
gpu-nodes-0:5321:5321 [1] NCCL INFO Channel 31/1 : 1[1] -> 0[0] via P2P/IPC
gpu-nodes-0:5321:8144 [1] NCCL INFO New proxy send connection 576 from local rank 1, transport 0
gpu-nodes-0:5321:5321 [1] NCCL INFO Connected to proxy localRank 1 -> connection 0x7f22201c7960
gpu-nodes-0:5321:5321 [1] NCCL INFO Initialized NET plugin IB
gpu-nodes-0:5321:5321 [1] NCCL INFO Assigned NET plugin IB to comm
gpu-nodes-0:5321:5321 [1] NCCL INFO Assigned GIN plugin GIN_IB_GDAKI to comm
gpu-nodes-0:5321:5321 [1] NCCL INFO Assigned RMA plugin GIN_IB_PROXY to comm
gpu-nodes-0:5321:5321 [1] NCCL INFO Using network IB
gpu-nodes-0:5321:5321 [1] NCCL INFO DMA-BUF is available on GPU device 1
gpu-nodes-0:5321:5321 [1] NCCL INFO [Rank 0] ncclCommInitRankConfig comm 0x7f0fb43db310 rank 0 nranks 1 cudaDev 1 nvmlDev 1 busId 13000 commId 0x59c9fa6d5bd0efa8 - Init START
gpu-nodes-0:5321:5321 [1] NCCL INFO MNNVL busId 0x13000 fabric UUID 0.0 cliqueId 0x0 state 3 healthMask 0x80
gpu-nodes-0:5321:5321 [1] NCCL INFO Could not find real path of /sys/class/pci_bus/fffffff/../../fffffff:ff:f
gpu-nodes-0:5321:5321 [1] NCCL INFO TOPO/NET : Importing network plugins to topology
gpu-nodes-0:5321:5321 [1] NCCL INFO NET/GIN_IB_GDAKI : GPU Direct RDMA Enabled for HCA 0 'mlx5_1'
gpu-nodes-0:5321:5321 [1] NCCL INFO ncclTopoPopulateNics : Filled mlx5_1 in topo with pciPath=/sys/devices/pci0000:00/0000:00:01.1/0000:01:00.0/0000:02:01.0/0000:04:00.0 net=0 gin=1 keep=1 coll=(null)
gpu-nodes-0:5321:5321 [1] NCCL INFO NET/GIN_IB_GDAKI : GPU Direct RDMA Enabled for HCA 1 'mlx5_3'
gpu-nodes-0:5321:5321 [1] NCCL INFO ncclTopoPopulateNics : Filled mlx5_3 in topo with pciPath=/sys/devices/pci0000:10/0000:10:01.1/0000:11:00.0/0000:12:01.0/0000:14:00.0 net=0 gin=1 keep=1 coll=(null)
gpu-nodes-0:5321:5321 [1] NCCL INFO NET/GIN_IB_GDAKI : GPU Direct RDMA Enabled for HCA 2 'mlx5_2'
gpu-nodes-0:5321:5321 [1] NCCL INFO ncclTopoPopulateNics : Filled mlx5_2 in topo with pciPath=/sys/devices/pci0000:60/0000:60:01.1/0000:61:00.0/0000:62:01.0/0000:64:00.0 net=0 gin=1 keep=1 coll=(null)
gpu-nodes-0:5321:5321 [1] NCCL INFO NET/GIN_IB_GDAKI : GPU Direct RDMA Enabled for HCA 3 'mlx5_0'
gpu-nodes-0:5321:5321 [1] NCCL INFO ncclTopoPopulateNics : Filled mlx5_0 in topo with pciPath=/sys/devices/pci0000:70/0000:70:01.1/0000:71:00.0/0000:72:01.0/0000:74:00.0 net=0 gin=1 keep=1 coll=(null)
gpu-nodes-0:5321:5321 [1] NCCL INFO NET/GIN_IB_GDAKI : GPU Direct RDMA Enabled for HCA 4 'mlx5_9'
gpu-nodes-0:5321:5321 [1] NCCL INFO ncclTopoPopulateNics : Filled mlx5_9 in topo with pciPath=/sys/devices/pci0000:80/0000:80:01.1/0000:81:00.0/0000:82:01.0/0000:84:00.0 net=0 gin=1 keep=1 coll=(null)
gpu-nodes-0:5321:5321 [1] NCCL INFO NET/GIN_IB_GDAKI : GPU Direct RDMA Enabled for HCA 5 'mlx5_13'
gpu-nodes-0:5321:5321 [1] NCCL INFO ncclTopoPopulateNics : Filled mlx5_13 in topo with pciPath=/sys/devices/pci0000:90/0000:90:01.1/0000:91:00.0/0000:92:01.0/0000:94:00.0 net=0 gin=1 keep=1 coll=(null)
gpu-nodes-0:5321:5321 [1] NCCL INFO NET/GIN_IB_GDAKI : GPU Direct RDMA Enabled for HCA 6 'mlx5_10'
gpu-nodes-0:5321:5321 [1] NCCL INFO ncclTopoPopulateNics : Filled mlx5_10 in topo with pciPath=/sys/devices/pci0000:c0/0000:c0:01.1/0000:c1:00.0 net=0 gin=1 keep=1 coll=(null)
gpu-nodes-0:5321:5321 [1] NCCL INFO NET/GIN_IB_GDAKI : GPU Direct RDMA Enabled for HCA 7 'mlx5_11'
gpu-nodes-0:5321:5321 [1] NCCL INFO ncclTopoPopulateNics : Filled mlx5_11 in topo with pciPath=/sys/devices/pci0000:c0/0000:c0:01.1/0000:c1:00.0 net=0 gin=1 keep=1 coll=(null)
gpu-nodes-0:5321:5321 [1] NCCL INFO NET/GIN_IB_GDAKI : GPU Direct RDMA Enabled for HCA 8 'mlx5_5'
gpu-nodes-0:5321:5321 [1] NCCL INFO ncclTopoPopulateNics : Filled mlx5_5 in topo with pciPath=/sys/devices/pci0000:d0/0000:d0:03.3/0000:d2:00.0 net=0 gin=1 keep=1 coll=(null)
gpu-nodes-0:5321:5321 [1] NCCL INFO NET/GIN_IB_GDAKI : GPU Direct RDMA Enabled for HCA 9 'mlx5_6'
gpu-nodes-0:5321:5321 [1] NCCL INFO ncclTopoPopulateNics : Filled mlx5_6 in topo with pciPath=/sys/devices/pci0000:d0/0000:d0:03.3/0000:d2:00.0 net=0 gin=1 keep=1 coll=(null)
gpu-nodes-0:5321:5321 [1] NCCL INFO NET/GIN_IB_GDAKI : GPU Direct RDMA Enabled for HCA 10 'mlx5_7'
gpu-nodes-0:5321:5321 [1] NCCL INFO ncclTopoPopulateNics : Filled mlx5_7 in topo with pciPath=/sys/devices/pci0000:d0/0000:d0:03.3/0000:d2:00.0 net=0 gin=1 keep=1 coll=(null)
gpu-nodes-0:5321:5321 [1] NCCL INFO NET/GIN_IB_GDAKI : GPU Direct RDMA Enabled for HCA 11 'mlx5_8'
gpu-nodes-0:5321:5321 [1] NCCL INFO ncclTopoPopulateNics : Filled mlx5_8 in topo with pciPath=/sys/devices/pci0000:d0/0000:d0:03.3/0000:d2:00.0 net=0 gin=1 keep=1 coll=(null)
gpu-nodes-0:5321:5321 [1] NCCL INFO NET/GIN_IB_GDAKI : GPU Direct RDMA Enabled for HCA 12 'mlx5_12'
gpu-nodes-0:5321:5321 [1] NCCL INFO ncclTopoPopulateNics : Filled mlx5_12 in topo with pciPath=/sys/devices/pci0000:e0/0000:e0:01.1/0000:e1:00.0/0000:e2:01.0/0000:e4:00.0 net=0 gin=1 keep=1 coll=(null)
gpu-nodes-0:5321:5321 [1] NCCL INFO NET/GIN_IB_GDAKI : GPU Direct RDMA Enabled for HCA 13 'mlx5_4'
gpu-nodes-0:5321:5321 [1] NCCL INFO ncclTopoPopulateNics : Filled mlx5_4 in topo with pciPath=/sys/devices/pci0000:f0/0000:f0:01.1/0000:f1:00.0/0000:f2:01.0/0000:f4:00.0 net=0 gin=1 keep=1 coll=(null)
gpu-nodes-0:5321:5321 [1] NCCL INFO NET/IB : GPU Direct RDMA Enabled for HCA 0 'mlx5_1'
gpu-nodes-0:5321:5321 [1] NCCL INFO ncclTopoPopulateNics : Filled mlx5_1 in topo with pciPath=/sys/devices/pci0000:00/0000:00:01.1/0000:01:00.0/0000:02:01.0/0000:04:00.0 net=1 gin=1 keep=1 coll=(null)
gpu-nodes-0:5321:5321 [1] NCCL INFO NET/IB : GPU Direct RDMA Enabled for HCA 1 'mlx5_3'
gpu-nodes-0:5321:5321 [1] NCCL INFO ncclTopoPopulateNics : Filled mlx5_3 in topo with pciPath=/sys/devices/pci0000:10/0000:10:01.1/0000:11:00.0/0000:12:01.0/0000:14:00.0 net=1 gin=1 keep=1 coll=(null)
gpu-nodes-0:5321:5321 [1] NCCL INFO NET/IB : GPU Direct RDMA Enabled for HCA 2 'mlx5_2'
gpu-nodes-0:5321:5321 [1] NCCL INFO ncclTopoPopulateNics : Filled mlx5_2 in topo with pciPath=/sys/devices/pci0000:60/0000:60:01.1/0000:61:00.0/0000:62:01.0/0000:64:00.0 net=1 gin=1 keep=1 coll=(null)
gpu-nodes-0:5321:5321 [1] NCCL INFO NET/IB : GPU Direct RDMA Enabled for HCA 3 'mlx5_0'
gpu-nodes-0:5321:5321 [1] NCCL INFO ncclTopoPopulateNics : Filled mlx5_0 in topo with pciPath=/sys/devices/pci0000:70/0000:70:01.1/0000:71:00.0/0000:72:01.0/0000:74:00.0 net=1 gin=1 keep=1 coll=(null)
gpu-nodes-0:5321:5321 [1] NCCL INFO NET/IB : GPU Direct RDMA Enabled for HCA 4 'mlx5_9'
gpu-nodes-0:5321:5321 [1] NCCL INFO ncclTopoPopulateNics : Filled mlx5_9 in topo with pciPath=/sys/devices/pci0000:80/0000:80:01.1/0000:81:00.0/0000:82:01.0/0000:84:00.0 net=1 gin=1 keep=1 coll=(null)
gpu-nodes-0:5321:5321 [1] NCCL INFO NET/IB : GPU Direct RDMA Enabled for HCA 5 'mlx5_13'
gpu-nodes-0:5321:5321 [1] NCCL INFO ncclTopoPopulateNics : Filled mlx5_13 in topo with pciPath=/sys/devices/pci0000:90/0000:90:01.1/0000:91:00.0/0000:92:01.0/0000:94:00.0 net=1 gin=1 keep=1 coll=(null)
gpu-nodes-0:5321:5321 [1] NCCL INFO NET/IB : GPU Direct RDMA Enabled for HCA 6 'mlx5_10'
gpu-nodes-0:5321:5321 [1] NCCL INFO ncclTopoPopulateNics : Filled mlx5_10 in topo with pciPath=/sys/devices/pci0000:c0/0000:c0:01.1/0000:c1:00.0 net=1 gin=1 keep=1 coll=(null)
gpu-nodes-0:5321:5321 [1] NCCL INFO NET/IB : GPU Direct RDMA Enabled for HCA 7 'mlx5_11'
gpu-nodes-0:5321:5321 [1] NCCL INFO ncclTopoPopulateNics : Filled mlx5_11 in topo with pciPath=/sys/devices/pci0000:c0/0000:c0:01.1/0000:c1:00.0 net=1 gin=1 keep=1 coll=(null)
gpu-nodes-0:5321:5321 [1] NCCL INFO NET/IB : GPU Direct RDMA Enabled for HCA 8 'mlx5_5'
gpu-nodes-0:5321:5321 [1] NCCL INFO ncclTopoPopulateNics : Filled mlx5_5 in topo with pciPath=/sys/devices/pci0000:d0/0000:d0:03.3/0000:d2:00.0 net=1 gin=1 keep=1 coll=(null)
gpu-nodes-0:5321:5321 [1] NCCL INFO NET/IB : GPU Direct RDMA Enabled for HCA 9 'mlx5_6'
gpu-nodes-0:5321:5321 [1] NCCL INFO ncclTopoPopulateNics : Filled mlx5_6 in topo with pciPath=/sys/devices/pci0000:d0/0000:d0:03.3/0000:d2:00.0 net=1 gin=1 keep=1 coll=(null)
gpu-nodes-0:5321:5321 [1] NCCL INFO NET/IB : GPU Direct RDMA Enabled for HCA 10 'mlx5_7'
gpu-nodes-0:5321:5321 [1] NCCL INFO ncclTopoPopulateNics : Filled mlx5_7 in topo with pciPath=/sys/devices/pci0000:d0/0000:d0:03.3/0000:d2:00.0 net=1 gin=1 keep=1 coll=(null)
gpu-nodes-0:5321:5321 [1] NCCL INFO NET/IB : GPU Direct RDMA Enabled for HCA 11 'mlx5_8'
gpu-nodes-0:5321:5321 [1] NCCL INFO ncclTopoPopulateNics : Filled mlx5_8 in topo with pciPath=/sys/devices/pci0000:d0/0000:d0:03.3/0000:d2:00.0 net=1 gin=1 keep=1 coll=(null)
gpu-nodes-0:5321:5321 [1] NCCL INFO NET/IB : GPU Direct RDMA Enabled for HCA 12 'mlx5_12'
gpu-nodes-0:5321:5321 [1] NCCL INFO ncclTopoPopulateNics : Filled mlx5_12 in topo with pciPath=/sys/devices/pci0000:e0/0000:e0:01.1/0000:e1:00.0/0000:e2:01.0/0000:e4:00.0 net=1 gin=1 keep=1 coll=(null)
gpu-nodes-0:5321:5321 [1] NCCL INFO NET/IB : GPU Direct RDMA Enabled for HCA 13 'mlx5_4'
gpu-nodes-0:5321:5321 [1] NCCL INFO ncclTopoPopulateNics : Filled mlx5_4 in topo with pciPath=/sys/devices/pci0000:f0/0000:f0:01.1/0000:f1:00.0/0000:f2:01.0/0000:f4:00.0 net=1 gin=1 keep=1 coll=(null)
gpu-nodes-0:5321:5321 [1] NCCL INFO NET/IB : GPU Direct RDMA Enabled for HCA 14 'mlx5_10+mlx5_11'
gpu-nodes-0:5321:5321 [1] NCCL INFO ncclTopoPopulateNics : Filled mlx5_10+mlx5_11 in topo with pciPath=/sys/devices/pci0000:c0/0000:c0:01.1/0000:c1:00.0 net=1 gin=(null) keep=1 coll=(null)
gpu-nodes-0:5321:5321 [1] NCCL INFO NET/IB : GPU Direct RDMA Enabled for HCA 15 'mlx5_5+mlx5_6+mlx5_7+mlx5_8'
gpu-nodes-0:5321:5321 [1] NCCL INFO ncclTopoPopulateNics : Filled mlx5_5+mlx5_6+mlx5_7+mlx5_8 in topo with pciPath=/sys/devices/pci0000:d0/0000:d0:03.3/0000:d2:00.0 net=1 gin=(null) keep=1 coll=(null)
gpu-nodes-0:5321:5321 [1] NCCL INFO GPU Direct RDMA Enabled for GPU/0-77824 (rank 0) - NET/0-1 (distance 4 <= 6, read 0, mode Default)
gpu-nodes-0:5321:5321 [1] NCCL INFO GPU Direct RDMA Enabled for GPU/0-77824 (rank 0) - NET/0-1 (distance 4 <= 6, read 0, mode Default)
gpu-nodes-0:5321:5321 [1] NCCL INFO === System : maxBw 5000.0 totalBw 5000.0 ===
gpu-nodes-0:5321:5321 [1] NCCL INFO CPU/0-0 (1/2/-1)
gpu-nodes-0:5321:5321 [1] NCCL INFO + PCI[48.0] - PCI/0-1000 (1000c03015d91d72)
gpu-nodes-0:5321:5321 [1] NCCL INFO               + PCI[48.0] - NIC/0-4000
gpu-nodes-0:5321:5321 [1] NCCL INFO                             + NET[50.0] - NET/0-0 (0/b4a2ca0003e60050/1/50.000000)
gpu-nodes-0:5321:5321 [1] NCCL INFO                             + NET[50.0] - GIN/0-0
gpu-nodes-0:5321:5321 [1] NCCL INFO + PCI[48.0] - PCI/0-11000 (1000c03015d91d72)
gpu-nodes-0:5321:5321 [1] NCCL INFO               + PCI[48.0] - GPU/0-13000 (0)
gpu-nodes-0:5321:5321 [1] NCCL INFO                             + NVL[721.8] - NVS/0-0
gpu-nodes-0:5321:5321 [1] NCCL INFO               + PCI[48.0] - NIC/0-14000
gpu-nodes-0:5321:5321 [1] NCCL INFO                             + NET[50.0] - NET/0-1 (0/f49aca0003e60050/1/50.000000)
gpu-nodes-0:5321:5321 [1] NCCL INFO                             + NET[50.0] - GIN/0-1
gpu-nodes-0:5321:5321 [1] NCCL INFO + PCI[48.0] - PCI/0-61000 (1000c03015d91d72)
gpu-nodes-0:5321:5321 [1] NCCL INFO               + PCI[48.0] - NIC/0-64000
gpu-nodes-0:5321:5321 [1] NCCL INFO                             + NET[50.0] - NET/0-2 (0/343cca0003e60050/1/50.000000)
gpu-nodes-0:5321:5321 [1] NCCL INFO                             + NET[50.0] - GIN/0-2
gpu-nodes-0:5321:5321 [1] NCCL INFO + PCI[48.0] - PCI/0-71000 (1000c03015d91d72)
gpu-nodes-0:5321:5321 [1] NCCL INFO               + PCI[48.0] - NIC/0-74000
gpu-nodes-0:5321:5321 [1] NCCL INFO                             + NET[50.0] - NET/0-3 (0/49bca0003e60050/1/50.000000)
gpu-nodes-0:5321:5321 [1] NCCL INFO                             + NET[50.0] - GIN/0-3
gpu-nodes-0:5321:5321 [1] NCCL INFO + SYS[16.0] - CPU/0-1
gpu-nodes-0:5321:5321 [1] NCCL INFO CPU/0-1 (1/2/-1)
gpu-nodes-0:5321:5321 [1] NCCL INFO + PCI[48.0] - PCI/0-81000 (1000c03015d91d72)
gpu-nodes-0:5321:5321 [1] NCCL INFO               + PCI[48.0] - NIC/0-84000
gpu-nodes-0:5321:5321 [1] NCCL INFO                             + NET[50.0] - NET/0-4 (0/2ca2ca0003e60050/1/50.000000)
gpu-nodes-0:5321:5321 [1] NCCL INFO                             + NET[50.0] - GIN/0-4
gpu-nodes-0:5321:5321 [1] NCCL INFO + PCI[48.0] - PCI/0-91000 (1000c03015d91d72)
gpu-nodes-0:5321:5321 [1] NCCL INFO               + PCI[48.0] - NIC/0-94000
gpu-nodes-0:5321:5321 [1] NCCL INFO                             + NET[50.0] - NET/0-5 (0/c9bca0003e60050/1/50.000000)
gpu-nodes-0:5321:5321 [1] NCCL INFO                             + NET[50.0] - GIN/0-5
gpu-nodes-0:5321:5321 [1] NCCL INFO + PCI[48.0] - NIC/0-c1000
gpu-nodes-0:5321:5321 [1] NCCL INFO               + NET[50.0] - NET/0-e (0/a20fb90003bd70c4/1/50.000000)
gpu-nodes-0:5321:5321 [1] NCCL INFO               + NET[25.0] - NET/0-6 (0/a20fb90003bd70c4/1/25.000000)
gpu-nodes-0:5321:5321 [1] NCCL INFO               + NET[25.0] - GIN/0-6
gpu-nodes-0:5321:5321 [1] NCCL INFO               + NET[25.0] - NET/0-7 (0/a20fb90003bd70c4/2/25.000000)
gpu-nodes-0:5321:5321 [1] NCCL INFO               + NET[25.0] - GIN/0-7
gpu-nodes-0:5321:5321 [1] NCCL INFO + PCI[48.0] - PCI/0-e1000 (1000c03015d91d72)
gpu-nodes-0:5321:5321 [1] NCCL INFO               + PCI[48.0] - NIC/0-e4000
gpu-nodes-0:5321:5321 [1] NCCL INFO                             + NET[50.0] - NET/0-c (0/cca2ca0003e60050/1/50.000000)
gpu-nodes-0:5321:5321 [1] NCCL INFO                             + NET[50.0] - GIN/0-c
gpu-nodes-0:5321:5321 [1] NCCL INFO + PCI[48.0] - PCI/0-f1000 (1000c03015d91d72)
gpu-nodes-0:5321:5321 [1] NCCL INFO               + PCI[48.0] - NIC/0-f4000
gpu-nodes-0:5321:5321 [1] NCCL INFO                             + NET[50.0] - NET/0-d (0/ec9aca0003e60050/1/50.000000)
gpu-nodes-0:5321:5321 [1] NCCL INFO                             + NET[50.0] - GIN/0-d
gpu-nodes-0:5321:5321 [1] NCCL INFO + SYS[16.0] - CPU/0-0
gpu-nodes-0:5321:5321 [1] NCCL INFO + PCI[1.5] - NIC/0-d2000
gpu-nodes-0:5321:5321 [1] NCCL INFO              + NET[50.0] - NET/0-f (0/1e62300003098c7c/1/50.000000)
gpu-nodes-0:5321:5321 [1] NCCL INFO              + NET[12.5] - NET/0-8 (0/1e62300003098c7c/1/12.500000)
gpu-nodes-0:5321:5321 [1] NCCL INFO              + NET[12.5] - GIN/0-8
gpu-nodes-0:5321:5321 [1] NCCL INFO              + NET[12.5] - NET/0-9 (0/1e62300003098c7c/2/12.500000)
gpu-nodes-0:5321:5321 [1] NCCL INFO              + NET[12.5] - GIN/0-9
gpu-nodes-0:5321:5321 [1] NCCL INFO              + NET[12.5] - NET/0-a (0/1e62300003098c7c/3/12.500000)
gpu-nodes-0:5321:5321 [1] NCCL INFO              + NET[12.5] - GIN/0-a
gpu-nodes-0:5321:5321 [1] NCCL INFO              + NET[12.5] - NET/0-b (0/1e62300003098c7c/4/12.500000)
gpu-nodes-0:5321:5321 [1] NCCL INFO              + NET[12.5] - GIN/0-b
gpu-nodes-0:5321:5321 [1] NCCL INFO ==========================================
gpu-nodes-0:5321:5321 [1] NCCL INFO GPU/0-13000 :GPU/0-13000 (0/5000.0/LOC) NVS/0-0 (1/721.8/NVL) CPU/0-0 (2/48.0/PHB) CPU/0-1 (3/16.0/SYS) NET/0-0 (5/48.0/PHB) NET/0-1 (3/48.0/PIX) NET/0-2 (5/48.0/PHB) NET/0-3 (5/48.0/PHB) NET/0-4 (6/16.0/SYS) NET/0-5 (6/16.0/SYS) NET/0-6 (5/16.0/SYS) NET/0-7 (5/16.0/SYS) NET/0-e (5/16.0/SYS) NET/0-8 (5/1.5/SYS) NET/0-9 (5/1.5/SYS) NET/0-a (5/1.5/SYS) NET/0-b (5/1.5/SYS) NET/0-f (5/1.5/SYS) NET/0-c (6/16.0/SYS) NET/0-d (6/16.0/SYS) GIN/0-0 (5/48.0/PHB) GIN/0-1 (3/48.0/PIX) GIN/0-2 (5/48.0/PHB) GIN/0-3 (5/48.0/PHB) GIN/0-4 (6/16.0/SYS) GIN/0-5 (6/16.0/SYS) GIN/0-6 (5/16.0/SYS) GIN/0-7 (5/16.0/SYS) GIN/0-8 (5/1.5/SYS) GIN/0-9 (5/1.5/SYS) GIN/0-a (5/1.5/SYS) GIN/0-b (5/1.5/SYS) GIN/0-c (6/16.0/SYS) GIN/0-d (6/16.0/SYS) 
gpu-nodes-0:5321:5321 [1] NCCL INFO NET/0-0 :GPU/0-13000 (5/48.0/PHB) CPU/0-0 (3/48.0/PHB) CPU/0-1 (4/16.0/SYS) NET/0-0 (0/5000.0/LOC) NET/0-1 (6/48.0/PHB) NET/0-2 (6/48.0/PHB) NET/0-3 (6/48.0/PHB) NET/0-4 (7/16.0/SYS) NET/0-5 (7/16.0/SYS) NET/0-6 (6/16.0/SYS) NET/0-7 (6/16.0/SYS) NET/0-e (6/16.0/SYS) NET/0-8 (6/1.5/SYS) NET/0-9 (6/1.5/SYS) NET/0-a (6/1.5/SYS) NET/0-b (6/1.5/SYS) NET/0-f (6/1.5/SYS) NET/0-c (7/16.0/SYS) NET/0-d (7/16.0/SYS) GIN/0-0 (2/50.0/LOC) GIN/0-1 (6/48.0/PHB) GIN/0-2 (6/48.0/PHB) GIN/0-3 (6/48.0/PHB) GIN/0-4 (7/16.0/SYS) GIN/0-5 (7/16.0/SYS) GIN/0-6 (6/16.0/SYS) GIN/0-7 (6/16.0/SYS) GIN/0-8 (6/1.5/SYS) GIN/0-9 (6/1.5/SYS) GIN/0-a (6/1.5/SYS) GIN/0-b (6/1.5/SYS) GIN/0-c (7/16.0/SYS) GIN/0-d (7/16.0/SYS) 
gpu-nodes-0:5321:5321 [1] NCCL INFO NET/0-1 :GPU/0-13000 (3/48.0/PIX) CPU/0-0 (3/48.0/PHB) CPU/0-1 (4/16.0/SYS) NET/0-0 (6/48.0/PHB) NET/0-1 (0/5000.0/LOC) NET/0-2 (6/48.0/PHB) NET/0-3 (6/48.0/PHB) NET/0-4 (7/16.0/SYS) NET/0-5 (7/16.0/SYS) NET/0-6 (6/16.0/SYS) NET/0-7 (6/16.0/SYS) NET/0-e (6/16.0/SYS) NET/0-8 (6/1.5/SYS) NET/0-9 (6/1.5/SYS) NET/0-a (6/1.5/SYS) NET/0-b (6/1.5/SYS) NET/0-f (6/1.5/SYS) NET/0-c (7/16.0/SYS) NET/0-d (7/16.0/SYS) GIN/0-0 (6/48.0/PHB) GIN/0-1 (2/50.0/LOC) GIN/0-2 (6/48.0/PHB) GIN/0-3 (6/48.0/PHB) GIN/0-4 (7/16.0/SYS) GIN/0-5 (7/16.0/SYS) GIN/0-6 (6/16.0/SYS) GIN/0-7 (6/16.0/SYS) GIN/0-8 (6/1.5/SYS) GIN/0-9 (6/1.5/SYS) GIN/0-a (6/1.5/SYS) GIN/0-b (6/1.5/SYS) GIN/0-c (7/16.0/SYS) GIN/0-d (7/16.0/SYS) 
gpu-nodes-0:5321:5321 [1] NCCL INFO NET/0-2 :GPU/0-13000 (5/48.0/PHB) CPU/0-0 (3/48.0/PHB) CPU/0-1 (4/16.0/SYS) NET/0-0 (6/48.0/PHB) NET/0-1 (6/48.0/PHB) NET/0-2 (0/5000.0/LOC) NET/0-3 (6/48.0/PHB) NET/0-4 (7/16.0/SYS) NET/0-5 (7/16.0/SYS) NET/0-6 (6/16.0/SYS) NET/0-7 (6/16.0/SYS) NET/0-e (6/16.0/SYS) NET/0-8 (6/1.5/SYS) NET/0-9 (6/1.5/SYS) NET/0-a (6/1.5/SYS) NET/0-b (6/1.5/SYS) NET/0-f (6/1.5/SYS) NET/0-c (7/16.0/SYS) NET/0-d (7/16.0/SYS) GIN/0-0 (6/48.0/PHB) GIN/0-1 (6/48.0/PHB) GIN/0-2 (2/50.0/LOC) GIN/0-3 (6/48.0/PHB) GIN/0-4 (7/16.0/SYS) GIN/0-5 (7/16.0/SYS) GIN/0-6 (6/16.0/SYS) GIN/0-7 (6/16.0/SYS) GIN/0-8 (6/1.5/SYS) GIN/0-9 (6/1.5/SYS) GIN/0-a (6/1.5/SYS) GIN/0-b (6/1.5/SYS) GIN/0-c (7/16.0/SYS) GIN/0-d (7/16.0/SYS) 
gpu-nodes-0:5321:5321 [1] NCCL INFO NET/0-3 :GPU/0-13000 (5/48.0/PHB) CPU/0-0 (3/48.0/PHB) CPU/0-1 (4/16.0/SYS) NET/0-0 (6/48.0/PHB) NET/0-1 (6/48.0/PHB) NET/0-2 (6/48.0/PHB) NET/0-3 (0/5000.0/LOC) NET/0-4 (7/16.0/SYS) NET/0-5 (7/16.0/SYS) NET/0-6 (6/16.0/SYS) NET/0-7 (6/16.0/SYS) NET/0-e (6/16.0/SYS) NET/0-8 (6/1.5/SYS) NET/0-9 (6/1.5/SYS) NET/0-a (6/1.5/SYS) NET/0-b (6/1.5/SYS) NET/0-f (6/1.5/SYS) NET/0-c (7/16.0/SYS) NET/0-d (7/16.0/SYS) GIN/0-0 (6/48.0/PHB) GIN/0-1 (6/48.0/PHB) GIN/0-2 (6/48.0/PHB) GIN/0-3 (2/50.0/LOC) GIN/0-4 (7/16.0/SYS) GIN/0-5 (7/16.0/SYS) GIN/0-6 (6/16.0/SYS) GIN/0-7 (6/16.0/SYS) GIN/0-8 (6/1.5/SYS) GIN/0-9 (6/1.5/SYS) GIN/0-a (6/1.5/SYS) GIN/0-b (6/1.5/SYS) GIN/0-c (7/16.0/SYS) GIN/0-d (7/16.0/SYS) 
gpu-nodes-0:5321:5321 [1] NCCL INFO NET/0-4 :GPU/0-13000 (6/16.0/SYS) CPU/0-0 (4/16.0/SYS) CPU/0-1 (3/48.0/PHB) NET/0-0 (7/16.0/SYS) NET/0-1 (7/16.0/SYS) NET/0-2 (7/16.0/SYS) NET/0-3 (7/16.0/SYS) NET/0-4 (0/5000.0/LOC) NET/0-5 (6/48.0/PHB) NET/0-6 (5/25.0/PHB) NET/0-7 (5/25.0/PHB) NET/0-e (5/48.0/PHB) NET/0-8 (5/1.5/PHB) NET/0-9 (5/1.5/PHB) NET/0-a (5/1.5/PHB) NET/0-b (5/1.5/PHB) NET/0-f (5/1.5/PHB) NET/0-c (6/48.0/PHB) NET/0-d (6/48.0/PHB) GIN/0-0 (7/16.0/SYS) GIN/0-1 (7/16.0/SYS) GIN/0-2 (7/16.0/SYS) GIN/0-3 (7/16.0/SYS) GIN/0-4 (2/50.0/LOC) GIN/0-5 (6/48.0/PHB) GIN/0-6 (5/25.0/PHB) GIN/0-7 (5/25.0/PHB) GIN/0-8 (5/1.5/PHB) GIN/0-9 (5/1.5/PHB) GIN/0-a (5/1.5/PHB) GIN/0-b (5/1.5/PHB) GIN/0-c (6/48.0/PHB) GIN/0-d (6/48.0/PHB) 
gpu-nodes-0:5321:5321 [1] NCCL INFO NET/0-5 :GPU/0-13000 (6/16.0/SYS) CPU/0-0 (4/16.0/SYS) CPU/0-1 (3/48.0/PHB) NET/0-0 (7/16.0/SYS) NET/0-1 (7/16.0/SYS) NET/0-2 (7/16.0/SYS) NET/0-3 (7/16.0/SYS) NET/0-4 (6/48.0/PHB) NET/0-5 (0/5000.0/LOC) NET/0-6 (5/25.0/PHB) NET/0-7 (5/25.0/PHB) NET/0-e (5/48.0/PHB) NET/0-8 (5/1.5/PHB) NET/0-9 (5/1.5/PHB) NET/0-a (5/1.5/PHB) NET/0-b (5/1.5/PHB) NET/0-f (5/1.5/PHB) NET/0-c (6/48.0/PHB) NET/0-d (6/48.0/PHB) GIN/0-0 (7/16.0/SYS) GIN/0-1 (7/16.0/SYS) GIN/0-2 (7/16.0/SYS) GIN/0-3 (7/16.0/SYS) GIN/0-4 (6/48.0/PHB) GIN/0-5 (2/50.0/LOC) GIN/0-6 (5/25.0/PHB) GIN/0-7 (5/25.0/PHB) GIN/0-8 (5/1.5/PHB) GIN/0-9 (5/1.5/PHB) GIN/0-a (5/1.5/PHB) GIN/0-b (5/1.5/PHB) GIN/0-c (6/48.0/PHB) GIN/0-d (6/48.0/PHB) 
gpu-nodes-0:5321:5321 [1] NCCL INFO NET/0-6 :GPU/0-13000 (5/16.0/SYS) CPU/0-0 (3/16.0/SYS) CPU/0-1 (2/25.0/PHB) NET/0-0 (6/16.0/SYS) NET/0-1 (6/16.0/SYS) NET/0-2 (6/16.0/SYS) NET/0-3 (6/16.0/SYS) NET/0-4 (5/25.0/PHB) NET/0-5 (5/25.0/PHB) NET/0-6 (0/5000.0/LOC) NET/0-7 (2/25.0/LOC) NET/0-e (2/25.0/LOC) NET/0-8 (4/1.5/PHB) NET/0-9 (4/1.5/PHB) NET/0-a (4/1.5/PHB) NET/0-b (4/1.5/PHB) NET/0-f (4/1.5/PHB) NET/0-c (5/25.0/PHB) NET/0-d (5/25.0/PHB) GIN/0-0 (6/16.0/SYS) GIN/0-1 (6/16.0/SYS) GIN/0-2 (6/16.0/SYS) GIN/0-3 (6/16.0/SYS) GIN/0-4 (5/25.0/PHB) GIN/0-5 (5/25.0/PHB) GIN/0-6 (2/25.0/LOC) GIN/0-7 (2/25.0/LOC) GIN/0-8 (4/1.5/PHB) GIN/0-9 (4/1.5/PHB) GIN/0-a (4/1.5/PHB) GIN/0-b (4/1.5/PHB) GIN/0-c (5/25.0/PHB) GIN/0-d (5/25.0/PHB) 
gpu-nodes-0:5321:5321 [1] NCCL INFO NET/0-7 :GPU/0-13000 (5/16.0/SYS) CPU/0-0 (3/16.0/SYS) CPU/0-1 (2/25.0/PHB) NET/0-0 (6/16.0/SYS) NET/0-1 (6/16.0/SYS) NET/0-2 (6/16.0/SYS) NET/0-3 (6/16.0/SYS) NET/0-4 (5/25.0/PHB) NET/0-5 (5/25.0/PHB) NET/0-6 (2/25.0/LOC) NET/0-7 (0/5000.0/LOC) NET/0-e (2/25.0/LOC) NET/0-8 (4/1.5/PHB) NET/0-9 (4/1.5/PHB) NET/0-a (4/1.5/PHB) NET/0-b (4/1.5/PHB) NET/0-f (4/1.5/PHB) NET/0-c (5/25.0/PHB) NET/0-d (5/25.0/PHB) GIN/0-0 (6/16.0/SYS) GIN/0-1 (6/16.0/SYS) GIN/0-2 (6/16.0/SYS) GIN/0-3 (6/16.0/SYS) GIN/0-4 (5/25.0/PHB) GIN/0-5 (5/25.0/PHB) GIN/0-6 (2/25.0/LOC) GIN/0-7 (2/25.0/LOC) GIN/0-8 (4/1.5/PHB) GIN/0-9 (4/1.5/PHB) GIN/0-a (4/1.5/PHB) GIN/0-b (4/1.5/PHB) GIN/0-c (5/25.0/PHB) GIN/0-d (5/25.0/PHB) 
gpu-nodes-0:5321:5321 [1] NCCL INFO NET/0-e :GPU/0-13000 (5/16.0/SYS) CPU/0-0 (3/16.0/SYS) CPU/0-1 (2/48.0/PHB) NET/0-0 (6/16.0/SYS) NET/0-1 (6/16.0/SYS) NET/0-2 (6/16.0/SYS) NET/0-3 (6/16.0/SYS) NET/0-4 (5/48.0/PHB) NET/0-5 (5/48.0/PHB) NET/0-6 (2/25.0/LOC) NET/0-7 (2/25.0/LOC) NET/0-e (0/5000.0/LOC) NET/0-8 (4/1.5/PHB) NET/0-9 (4/1.5/PHB) NET/0-a (4/1.5/PHB) NET/0-b (4/1.5/PHB) NET/0-f (4/1.5/PHB) NET/0-c (5/48.0/PHB) NET/0-d (5/48.0/PHB) GIN/0-0 (6/16.0/SYS) GIN/0-1 (6/16.0/SYS) GIN/0-2 (6/16.0/SYS) GIN/0-3 (6/16.0/SYS) GIN/0-4 (5/48.0/PHB) GIN/0-5 (5/48.0/PHB) GIN/0-6 (2/25.0/LOC) GIN/0-7 (2/25.0/LOC) GIN/0-8 (4/1.5/PHB) GIN/0-9 (4/1.5/PHB) GIN/0-a (4/1.5/PHB) GIN/0-b (4/1.5/PHB) GIN/0-c (5/48.0/PHB) GIN/0-d (5/48.0/PHB) 
gpu-nodes-0:5321:5321 [1] NCCL INFO NET/0-8 :GPU/0-13000 (5/1.5/SYS) CPU/0-0 (3/1.5/SYS) CPU/0-1 (2/1.5/PHB) NET/0-0 (6/1.5/SYS) NET/0-1 (6/1.5/SYS) NET/0-2 (6/1.5/SYS) NET/0-3 (6/1.5/SYS) NET/0-4 (5/1.5/PHB) NET/0-5 (5/1.5/PHB) NET/0-6 (4/1.5/PHB) NET/0-7 (4/1.5/PHB) NET/0-e (4/1.5/PHB) NET/0-8 (0/5000.0/LOC) NET/0-9 (2/12.5/LOC) NET/0-a (2/12.5/LOC) NET/0-b (2/12.5/LOC) NET/0-f (2/12.5/LOC) NET/0-c (5/1.5/PHB) NET/0-d (5/1.5/PHB) GIN/0-0 (6/1.5/SYS) GIN/0-1 (6/1.5/SYS) GIN/0-2 (6/1.5/SYS) GIN/0-3 (6/1.5/SYS) GIN/0-4 (5/1.5/PHB) GIN/0-5 (5/1.5/PHB) GIN/0-6 (4/1.5/PHB) GIN/0-7 (4/1.5/PHB) GIN/0-8 (2/12.5/LOC) GIN/0-9 (2/12.5/LOC) GIN/0-a (2/12.5/LOC) GIN/0-b (2/12.5/LOC) GIN/0-c (5/1.5/PHB) GIN/0-d (5/1.5/PHB) 
gpu-nodes-0:5321:5321 [1] NCCL INFO NET/0-9 :GPU/0-13000 (5/1.5/SYS) CPU/0-0 (3/1.5/SYS) CPU/0-1 (2/1.5/PHB) NET/0-0 (6/1.5/SYS) NET/0-1 (6/1.5/SYS) NET/0-2 (6/1.5/SYS) NET/0-3 (6/1.5/SYS) NET/0-4 (5/1.5/PHB) NET/0-5 (5/1.5/PHB) NET/0-6 (4/1.5/PHB) NET/0-7 (4/1.5/PHB) NET/0-e (4/1.5/PHB) NET/0-8 (2/12.5/LOC) NET/0-9 (0/5000.0/LOC) NET/0-a (2/12.5/LOC) NET/0-b (2/12.5/LOC) NET/0-f (2/12.5/LOC) NET/0-c (5/1.5/PHB) NET/0-d (5/1.5/PHB) GIN/0-0 (6/1.5/SYS) GIN/0-1 (6/1.5/SYS) GIN/0-2 (6/1.5/SYS) GIN/0-3 (6/1.5/SYS) GIN/0-4 (5/1.5/PHB) GIN/0-5 (5/1.5/PHB) GIN/0-6 (4/1.5/PHB) GIN/0-7 (4/1.5/PHB) GIN/0-8 (2/12.5/LOC) GIN/0-9 (2/12.5/LOC) GIN/0-a (2/12.5/LOC) GIN/0-b (2/12.5/LOC) GIN/0-c (5/1.5/PHB) GIN/0-d (5/1.5/PHB) 
gpu-nodes-0:5321:5321 [1] NCCL INFO NET/0-a :GPU/0-13000 (5/1.5/SYS) CPU/0-0 (3/1.5/SYS) CPU/0-1 (2/1.5/PHB) NET/0-0 (6/1.5/SYS) NET/0-1 (6/1.5/SYS) NET/0-2 (6/1.5/SYS) NET/0-3 (6/1.5/SYS) NET/0-4 (5/1.5/PHB) NET/0-5 (5/1.5/PHB) NET/0-6 (4/1.5/PHB) NET/0-7 (4/1.5/PHB) NET/0-e (4/1.5/PHB) NET/0-8 (2/12.5/LOC) NET/0-9 (2/12.5/LOC) NET/0-a (0/5000.0/LOC) NET/0-b (2/12.5/LOC) NET/0-f (2/12.5/LOC) NET/0-c (5/1.5/PHB) NET/0-d (5/1.5/PHB) GIN/0-0 (6/1.5/SYS) GIN/0-1 (6/1.5/SYS) GIN/0-2 (6/1.5/SYS) GIN/0-3 (6/1.5/SYS) GIN/0-4 (5/1.5/PHB) GIN/0-5 (5/1.5/PHB) GIN/0-6 (4/1.5/PHB) GIN/0-7 (4/1.5/PHB) GIN/0-8 (2/12.5/LOC) GIN/0-9 (2/12.5/LOC) GIN/0-a (2/12.5/LOC) GIN/0-b (2/12.5/LOC) GIN/0-c (5/1.5/PHB) GIN/0-d (5/1.5/PHB) 
gpu-nodes-0:5321:5321 [1] NCCL INFO NET/0-b :GPU/0-13000 (5/1.5/SYS) CPU/0-0 (3/1.5/SYS) CPU/0-1 (2/1.5/PHB) NET/0-0 (6/1.5/SYS) NET/0-1 (6/1.5/SYS) NET/0-2 (6/1.5/SYS) NET/0-3 (6/1.5/SYS) NET/0-4 (5/1.5/PHB) NET/0-5 (5/1.5/PHB) NET/0-6 (4/1.5/PHB) NET/0-7 (4/1.5/PHB) NET/0-e (4/1.5/PHB) NET/0-8 (2/12.5/LOC) NET/0-9 (2/12.5/LOC) NET/0-a (2/12.5/LOC) NET/0-b (0/5000.0/LOC) NET/0-f (2/12.5/LOC) NET/0-c (5/1.5/PHB) NET/0-d (5/1.5/PHB) GIN/0-0 (6/1.5/SYS) GIN/0-1 (6/1.5/SYS) GIN/0-2 (6/1.5/SYS) GIN/0-3 (6/1.5/SYS) GIN/0-4 (5/1.5/PHB) GIN/0-5 (5/1.5/PHB) GIN/0-6 (4/1.5/PHB) GIN/0-7 (4/1.5/PHB) GIN/0-8 (2/12.5/LOC) GIN/0-9 (2/12.5/LOC) GIN/0-a (2/12.5/LOC) GIN/0-b (2/12.5/LOC) GIN/0-c (5/1.5/PHB) GIN/0-d (5/1.5/PHB) 
gpu-nodes-0:5321:5321 [1] NCCL INFO NET/0-f :GPU/0-13000 (5/1.5/SYS) CPU/0-0 (3/1.5/SYS) CPU/0-1 (2/1.5/PHB) NET/0-0 (6/1.5/SYS) NET/0-1 (6/1.5/SYS) NET/0-2 (6/1.5/SYS) NET/0-3 (6/1.5/SYS) NET/0-4 (5/1.5/PHB) NET/0-5 (5/1.5/PHB) NET/0-6 (4/1.5/PHB) NET/0-7 (4/1.5/PHB) NET/0-e (4/1.5/PHB) NET/0-8 (2/12.5/LOC) NET/0-9 (2/12.5/LOC) NET/0-a (2/12.5/LOC) NET/0-b (2/12.5/LOC) NET/0-f (0/5000.0/LOC) NET/0-c (5/1.5/PHB) NET/0-d (5/1.5/PHB) GIN/0-0 (6/1.5/SYS) GIN/0-1 (6/1.5/SYS) GIN/0-2 (6/1.5/SYS) GIN/0-3 (6/1.5/SYS) GIN/0-4 (5/1.5/PHB) GIN/0-5 (5/1.5/PHB) GIN/0-6 (4/1.5/PHB) GIN/0-7 (4/1.5/PHB) GIN/0-8 (2/12.5/LOC) GIN/0-9 (2/12.5/LOC) GIN/0-a (2/12.5/LOC) GIN/0-b (2/12.5/LOC) GIN/0-c (5/1.5/PHB) GIN/0-d (5/1.5/PHB) 
gpu-nodes-0:5321:5321 [1] NCCL INFO NET/0-c :GPU/0-13000 (6/16.0/SYS) CPU/0-0 (4/16.0/SYS) CPU/0-1 (3/48.0/PHB) NET/0-0 (7/16.0/SYS) NET/0-1 (7/16.0/SYS) NET/0-2 (7/16.0/SYS) NET/0-3 (7/16.0/SYS) NET/0-4 (6/48.0/PHB) NET/0-5 (6/48.0/PHB) NET/0-6 (5/25.0/PHB) NET/0-7 (5/25.0/PHB) NET/0-e (5/48.0/PHB) NET/0-8 (5/1.5/PHB) NET/0-9 (5/1.5/PHB) NET/0-a (5/1.5/PHB) NET/0-b (5/1.5/PHB) NET/0-f (5/1.5/PHB) NET/0-c (0/5000.0/LOC) NET/0-d (6/48.0/PHB) GIN/0-0 (7/16.0/SYS) GIN/0-1 (7/16.0/SYS) GIN/0-2 (7/16.0/SYS) GIN/0-3 (7/16.0/SYS) GIN/0-4 (6/48.0/PHB) GIN/0-5 (6/48.0/PHB) GIN/0-6 (5/25.0/PHB) GIN/0-7 (5/25.0/PHB) GIN/0-8 (5/1.5/PHB) GIN/0-9 (5/1.5/PHB) GIN/0-a (5/1.5/PHB) GIN/0-b (5/1.5/PHB) GIN/0-c (2/50.0/LOC) GIN/0-d (6/48.0/PHB) 
gpu-nodes-0:5321:5321 [1] NCCL INFO NET/0-d :GPU/0-13000 (6/16.0/SYS) CPU/0-0 (4/16.0/SYS) CPU/0-1 (3/48.0/PHB) NET/0-0 (7/16.0/SYS) NET/0-1 (7/16.0/SYS) NET/0-2 (7/16.0/SYS) NET/0-3 (7/16.0/SYS) NET/0-4 (6/48.0/PHB) NET/0-5 (6/48.0/PHB) NET/0-6 (5/25.0/PHB) NET/0-7 (5/25.0/PHB) NET/0-e (5/48.0/PHB) NET/0-8 (5/1.5/PHB) NET/0-9 (5/1.5/PHB) NET/0-a (5/1.5/PHB) NET/0-b (5/1.5/PHB) NET/0-f (5/1.5/PHB) NET/0-c (6/48.0/PHB) NET/0-d (0/5000.0/LOC) GIN/0-0 (7/16.0/SYS) GIN/0-1 (7/16.0/SYS) GIN/0-2 (7/16.0/SYS) GIN/0-3 (7/16.0/SYS) GIN/0-4 (6/48.0/PHB) GIN/0-5 (6/48.0/PHB) GIN/0-6 (5/25.0/PHB) GIN/0-7 (5/25.0/PHB) GIN/0-8 (5/1.5/PHB) GIN/0-9 (5/1.5/PHB) GIN/0-a (5/1.5/PHB) GIN/0-b (5/1.5/PHB) GIN/0-c (6/48.0/PHB) GIN/0-d (2/50.0/LOC) 
gpu-nodes-0:5321:5321 [1] NCCL INFO GIN/0-0 :GPU/0-13000 (5/48.0/PHB) CPU/0-0 (3/48.0/PHB) CPU/0-1 (4/16.0/SYS) NET/0-0 (2/50.0/LOC) NET/0-1 (6/48.0/PHB) NET/0-2 (6/48.0/PHB) NET/0-3 (6/48.0/PHB) NET/0-4 (7/16.0/SYS) NET/0-5 (7/16.0/SYS) NET/0-6 (6/16.0/SYS) NET/0-7 (6/16.0/SYS) NET/0-e (6/16.0/SYS) NET/0-8 (6/1.5/SYS) NET/0-9 (6/1.5/SYS) NET/0-a (6/1.5/SYS) NET/0-b (6/1.5/SYS) NET/0-f (6/1.5/SYS) NET/0-c (7/16.0/SYS) NET/0-d (7/16.0/SYS) GIN/0-0 (0/5000.0/LOC) GIN/0-1 (6/48.0/PHB) GIN/0-2 (6/48.0/PHB) GIN/0-3 (6/48.0/PHB) GIN/0-4 (7/16.0/SYS) GIN/0-5 (7/16.0/SYS) GIN/0-6 (6/16.0/SYS) GIN/0-7 (6/16.0/SYS) GIN/0-8 (6/1.5/SYS) GIN/0-9 (6/1.5/SYS) GIN/0-a (6/1.5/SYS) GIN/0-b (6/1.5/SYS) GIN/0-c (7/16.0/SYS) GIN/0-d (7/16.0/SYS) 
gpu-nodes-0:5321:5321 [1] NCCL INFO GIN/0-1 :GPU/0-13000 (3/48.0/PIX) CPU/0-0 (3/48.0/PHB) CPU/0-1 (4/16.0/SYS) NET/0-0 (6/48.0/PHB) NET/0-1 (2/50.0/LOC) NET/0-2 (6/48.0/PHB) NET/0-3 (6/48.0/PHB) NET/0-4 (7/16.0/SYS) NET/0-5 (7/16.0/SYS) NET/0-6 (6/16.0/SYS) NET/0-7 (6/16.0/SYS) NET/0-e (6/16.0/SYS) NET/0-8 (6/1.5/SYS) NET/0-9 (6/1.5/SYS) NET/0-a (6/1.5/SYS) NET/0-b (6/1.5/SYS) NET/0-f (6/1.5/SYS) NET/0-c (7/16.0/SYS) NET/0-d (7/16.0/SYS) GIN/0-0 (6/48.0/PHB) GIN/0-1 (0/5000.0/LOC) GIN/0-2 (6/48.0/PHB) GIN/0-3 (6/48.0/PHB) GIN/0-4 (7/16.0/SYS) GIN/0-5 (7/16.0/SYS) GIN/0-6 (6/16.0/SYS) GIN/0-7 (6/16.0/SYS) GIN/0-8 (6/1.5/SYS) GIN/0-9 (6/1.5/SYS) GIN/0-a (6/1.5/SYS) GIN/0-b (6/1.5/SYS) GIN/0-c (7/16.0/SYS) GIN/0-d (7/16.0/SYS) 
gpu-nodes-0:5321:5321 [1] NCCL INFO GIN/0-2 :GPU/0-13000 (5/48.0/PHB) CPU/0-0 (3/48.0/PHB) CPU/0-1 (4/16.0/SYS) NET/0-0 (6/48.0/PHB) NET/0-1 (6/48.0/PHB) NET/0-2 (2/50.0/LOC) NET/0-3 (6/48.0/PHB) NET/0-4 (7/16.0/SYS) NET/0-5 (7/16.0/SYS) NET/0-6 (6/16.0/SYS) NET/0-7 (6/16.0/SYS) NET/0-e (6/16.0/SYS) NET/0-8 (6/1.5/SYS) NET/0-9 (6/1.5/SYS) NET/0-a (6/1.5/SYS) NET/0-b (6/1.5/SYS) NET/0-f (6/1.5/SYS) NET/0-c (7/16.0/SYS) NET/0-d (7/16.0/SYS) GIN/0-0 (6/48.0/PHB) GIN/0-1 (6/48.0/PHB) GIN/0-2 (0/5000.0/LOC) GIN/0-3 (6/48.0/PHB) GIN/0-4 (7/16.0/SYS) GIN/0-5 (7/16.0/SYS) GIN/0-6 (6/16.0/SYS) GIN/0-7 (6/16.0/SYS) GIN/0-8 (6/1.5/SYS) GIN/0-9 (6/1.5/SYS) GIN/0-a (6/1.5/SYS) GIN/0-b (6/1.5/SYS) GIN/0-c (7/16.0/SYS) GIN/0-d (7/16.0/SYS) 
gpu-nodes-0:5321:5321 [1] NCCL INFO GIN/0-3 :GPU/0-13000 (5/48.0/PHB) CPU/0-0 (3/48.0/PHB) CPU/0-1 (4/16.0/SYS) NET/0-0 (6/48.0/PHB) NET/0-1 (6/48.0/PHB) NET/0-2 (6/48.0/PHB) NET/0-3 (2/50.0/LOC) NET/0-4 (7/16.0/SYS) NET/0-5 (7/16.0/SYS) NET/0-6 (6/16.0/SYS) NET/0-7 (6/16.0/SYS) NET/0-e (6/16.0/SYS) NET/0-8 (6/1.5/SYS) NET/0-9 (6/1.5/SYS) NET/0-a (6/1.5/SYS) NET/0-b (6/1.5/SYS) NET/0-f (6/1.5/SYS) NET/0-c (7/16.0/SYS) NET/0-d (7/16.0/SYS) GIN/0-0 (6/48.0/PHB) GIN/0-1 (6/48.0/PHB) GIN/0-2 (6/48.0/PHB) GIN/0-3 (0/5000.0/LOC) GIN/0-4 (7/16.0/SYS) GIN/0-5 (7/16.0/SYS) GIN/0-6 (6/16.0/SYS) GIN/0-7 (6/16.0/SYS) GIN/0-8 (6/1.5/SYS) GIN/0-9 (6/1.5/SYS) GIN/0-a (6/1.5/SYS) GIN/0-b (6/1.5/SYS) GIN/0-c (7/16.0/SYS) GIN/0-d (7/16.0/SYS) 
gpu-nodes-0:5321:5321 [1] NCCL INFO GIN/0-4 :GPU/0-13000 (6/16.0/SYS) CPU/0-0 (4/16.0/SYS) CPU/0-1 (3/48.0/PHB) NET/0-0 (7/16.0/SYS) NET/0-1 (7/16.0/SYS) NET/0-2 (7/16.0/SYS) NET/0-3 (7/16.0/SYS) NET/0-4 (2/50.0/LOC) NET/0-5 (6/48.0/PHB) NET/0-6 (5/25.0/PHB) NET/0-7 (5/25.0/PHB) NET/0-e (5/48.0/PHB) NET/0-8 (5/1.5/PHB) NET/0-9 (5/1.5/PHB) NET/0-a (5/1.5/PHB) NET/0-b (5/1.5/PHB) NET/0-f (5/1.5/PHB) NET/0-c (6/48.0/PHB) NET/0-d (6/48.0/PHB) GIN/0-0 (7/16.0/SYS) GIN/0-1 (7/16.0/SYS) GIN/0-2 (7/16.0/SYS) GIN/0-3 (7/16.0/SYS) GIN/0-4 (0/5000.0/LOC) GIN/0-5 (6/48.0/PHB) GIN/0-6 (5/25.0/PHB) GIN/0-7 (5/25.0/PHB) GIN/0-8 (5/1.5/PHB) GIN/0-9 (5/1.5/PHB) GIN/0-a (5/1.5/PHB) GIN/0-b (5/1.5/PHB) GIN/0-c (6/48.0/PHB) GIN/0-d (6/48.0/PHB) 
gpu-nodes-0:5321:5321 [1] NCCL INFO GIN/0-5 :GPU/0-13000 (6/16.0/SYS) CPU/0-0 (4/16.0/SYS) CPU/0-1 (3/48.0/PHB) NET/0-0 (7/16.0/SYS) NET/0-1 (7/16.0/SYS) NET/0-2 (7/16.0/SYS) NET/0-3 (7/16.0/SYS) NET/0-4 (6/48.0/PHB) NET/0-5 (2/50.0/LOC) NET/0-6 (5/25.0/PHB) NET/0-7 (5/25.0/PHB) NET/0-e (5/48.0/PHB) NET/0-8 (5/1.5/PHB) NET/0-9 (5/1.5/PHB) NET/0-a (5/1.5/PHB) NET/0-b (5/1.5/PHB) NET/0-f (5/1.5/PHB) NET/0-c (6/48.0/PHB) NET/0-d (6/48.0/PHB) GIN/0-0 (7/16.0/SYS) GIN/0-1 (7/16.0/SYS) GIN/0-2 (7/16.0/SYS) GIN/0-3 (7/16.0/SYS) GIN/0-4 (6/48.0/PHB) GIN/0-5 (0/5000.0/LOC) GIN/0-6 (5/25.0/PHB) GIN/0-7 (5/25.0/PHB) GIN/0-8 (5/1.5/PHB) GIN/0-9 (5/1.5/PHB) GIN/0-a (5/1.5/PHB) GIN/0-b (5/1.5/PHB) GIN/0-c (6/48.0/PHB) GIN/0-d (6/48.0/PHB) 
gpu-nodes-0:5321:5321 [1] NCCL INFO GIN/0-6 :GPU/0-13000 (5/16.0/SYS) CPU/0-0 (3/16.0/SYS) CPU/0-1 (2/25.0/PHB) NET/0-0 (6/16.0/SYS) NET/0-1 (6/16.0/SYS) NET/0-2 (6/16.0/SYS) NET/0-3 (6/16.0/SYS) NET/0-4 (5/25.0/PHB) NET/0-5 (5/25.0/PHB) NET/0-6 (2/25.0/LOC) NET/0-7 (2/25.0/LOC) NET/0-e (2/25.0/LOC) NET/0-8 (4/1.5/PHB) NET/0-9 (4/1.5/PHB) NET/0-a (4/1.5/PHB) NET/0-b (4/1.5/PHB) NET/0-f (4/1.5/PHB) NET/0-c (5/25.0/PHB) NET/0-d (5/25.0/PHB) GIN/0-0 (6/16.0/SYS) GIN/0-1 (6/16.0/SYS) GIN/0-2 (6/16.0/SYS) GIN/0-3 (6/16.0/SYS) GIN/0-4 (5/25.0/PHB) GIN/0-5 (5/25.0/PHB) GIN/0-6 (0/5000.0/LOC) GIN/0-7 (2/25.0/LOC) GIN/0-8 (4/1.5/PHB) GIN/0-9 (4/1.5/PHB) GIN/0-a (4/1.5/PHB) GIN/0-b (4/1.5/PHB) GIN/0-c (5/25.0/PHB) GIN/0-d (5/25.0/PHB) 
gpu-nodes-0:5321:5321 [1] NCCL INFO GIN/0-7 :GPU/0-13000 (5/16.0/SYS) CPU/0-0 (3/16.0/SYS) CPU/0-1 (2/25.0/PHB) NET/0-0 (6/16.0/SYS) NET/0-1 (6/16.0/SYS) NET/0-2 (6/16.0/SYS) NET/0-3 (6/16.0/SYS) NET/0-4 (5/25.0/PHB) NET/0-5 (5/25.0/PHB) NET/0-6 (2/25.0/LOC) NET/0-7 (2/25.0/LOC) NET/0-e (2/25.0/LOC) NET/0-8 (4/1.5/PHB) NET/0-9 (4/1.5/PHB) NET/0-a (4/1.5/PHB) NET/0-b (4/1.5/PHB) NET/0-f (4/1.5/PHB) NET/0-c (5/25.0/PHB) NET/0-d (5/25.0/PHB) GIN/0-0 (6/16.0/SYS) GIN/0-1 (6/16.0/SYS) GIN/0-2 (6/16.0/SYS) GIN/0-3 (6/16.0/SYS) GIN/0-4 (5/25.0/PHB) GIN/0-5 (5/25.0/PHB) GIN/0-6 (2/25.0/LOC) GIN/0-7 (0/5000.0/LOC) GIN/0-8 (4/1.5/PHB) GIN/0-9 (4/1.5/PHB) GIN/0-a (4/1.5/PHB) GIN/0-b (4/1.5/PHB) GIN/0-c (5/25.0/PHB) GIN/0-d (5/25.0/PHB) 
gpu-nodes-0:5321:5321 [1] NCCL INFO GIN/0-8 :GPU/0-13000 (5/1.5/SYS) CPU/0-0 (3/1.5/SYS) CPU/0-1 (2/1.5/PHB) NET/0-0 (6/1.5/SYS) NET/0-1 (6/1.5/SYS) NET/0-2 (6/1.5/SYS) NET/0-3 (6/1.5/SYS) NET/0-4 (5/1.5/PHB) NET/0-5 (5/1.5/PHB) NET/0-6 (4/1.5/PHB) NET/0-7 (4/1.5/PHB) NET/0-e (4/1.5/PHB) NET/0-8 (2/12.5/LOC) NET/0-9 (2/12.5/LOC) NET/0-a (2/12.5/LOC) NET/0-b (2/12.5/LOC) NET/0-f (2/12.5/LOC) NET/0-c (5/1.5/PHB) NET/0-d (5/1.5/PHB) GIN/0-0 (6/1.5/SYS) GIN/0-1 (6/1.5/SYS) GIN/0-2 (6/1.5/SYS) GIN/0-3 (6/1.5/SYS) GIN/0-4 (5/1.5/PHB) GIN/0-5 (5/1.5/PHB) GIN/0-6 (4/1.5/PHB) GIN/0-7 (4/1.5/PHB) GIN/0-8 (0/5000.0/LOC) GIN/0-9 (2/12.5/LOC) GIN/0-a (2/12.5/LOC) GIN/0-b (2/12.5/LOC) GIN/0-c (5/1.5/PHB) GIN/0-d (5/1.5/PHB) 
gpu-nodes-0:5321:5321 [1] NCCL INFO GIN/0-9 :GPU/0-13000 (5/1.5/SYS) CPU/0-0 (3/1.5/SYS) CPU/0-1 (2/1.5/PHB) NET/0-0 (6/1.5/SYS) NET/0-1 (6/1.5/SYS) NET/0-2 (6/1.5/SYS) NET/0-3 (6/1.5/SYS) NET/0-4 (5/1.5/PHB) NET/0-5 (5/1.5/PHB) NET/0-6 (4/1.5/PHB) NET/0-7 (4/1.5/PHB) NET/0-e (4/1.5/PHB) NET/0-8 (2/12.5/LOC) NET/0-9 (2/12.5/LOC) NET/0-a (2/12.5/LOC) NET/0-b (2/12.5/LOC) NET/0-f (2/12.5/LOC) NET/0-c (5/1.5/PHB) NET/0-d (5/1.5/PHB) GIN/0-0 (6/1.5/SYS) GIN/0-1 (6/1.5/SYS) GIN/0-2 (6/1.5/SYS) GIN/0-3 (6/1.5/SYS) GIN/0-4 (5/1.5/PHB) GIN/0-5 (5/1.5/PHB) GIN/0-6 (4/1.5/PHB) GIN/0-7 (4/1.5/PHB) GIN/0-8 (2/12.5/LOC) GIN/0-9 (0/5000.0/LOC) GIN/0-a (2/12.5/LOC) GIN/0-b (2/12.5/LOC) GIN/0-c (5/1.5/PHB) GIN/0-d (5/1.5/PHB) 
gpu-nodes-0:5321:5321 [1] NCCL INFO GIN/0-a :GPU/0-13000 (5/1.5/SYS) CPU/0-0 (3/1.5/SYS) CPU/0-1 (2/1.5/PHB) NET/0-0 (6/1.5/SYS) NET/0-1 (6/1.5/SYS) NET/0-2 (6/1.5/SYS) NET/0-3 (6/1.5/SYS) NET/0-4 (5/1.5/PHB) NET/0-5 (5/1.5/PHB) NET/0-6 (4/1.5/PHB) NET/0-7 (4/1.5/PHB) NET/0-e (4/1.5/PHB) NET/0-8 (2/12.5/LOC) NET/0-9 (2/12.5/LOC) NET/0-a (2/12.5/LOC) NET/0-b (2/12.5/LOC) NET/0-f (2/12.5/LOC) NET/0-c (5/1.5/PHB) NET/0-d (5/1.5/PHB) GIN/0-0 (6/1.5/SYS) GIN/0-1 (6/1.5/SYS) GIN/0-2 (6/1.5/SYS) GIN/0-3 (6/1.5/SYS) GIN/0-4 (5/1.5/PHB) GIN/0-5 (5/1.5/PHB) GIN/0-6 (4/1.5/PHB) GIN/0-7 (4/1.5/PHB) GIN/0-8 (2/12.5/LOC) GIN/0-9 (2/12.5/LOC) GIN/0-a (0/5000.0/LOC) GIN/0-b (2/12.5/LOC) GIN/0-c (5/1.5/PHB) GIN/0-d (5/1.5/PHB) 
gpu-nodes-0:5321:5321 [1] NCCL INFO GIN/0-b :GPU/0-13000 (5/1.5/SYS) CPU/0-0 (3/1.5/SYS) CPU/0-1 (2/1.5/PHB) NET/0-0 (6/1.5/SYS) NET/0-1 (6/1.5/SYS) NET/0-2 (6/1.5/SYS) NET/0-3 (6/1.5/SYS) NET/0-4 (5/1.5/PHB) NET/0-5 (5/1.5/PHB) NET/0-6 (4/1.5/PHB) NET/0-7 (4/1.5/PHB) NET/0-e (4/1.5/PHB) NET/0-8 (2/12.5/LOC) NET/0-9 (2/12.5/LOC) NET/0-a (2/12.5/LOC) NET/0-b (2/12.5/LOC) NET/0-f (2/12.5/LOC) NET/0-c (5/1.5/PHB) NET/0-d (5/1.5/PHB) GIN/0-0 (6/1.5/SYS) GIN/0-1 (6/1.5/SYS) GIN/0-2 (6/1.5/SYS) GIN/0-3 (6/1.5/SYS) GIN/0-4 (5/1.5/PHB) GIN/0-5 (5/1.5/PHB) GIN/0-6 (4/1.5/PHB) GIN/0-7 (4/1.5/PHB) GIN/0-8 (2/12.5/LOC) GIN/0-9 (2/12.5/LOC) GIN/0-a (2/12.5/LOC) GIN/0-b (0/5000.0/LOC) GIN/0-c (5/1.5/PHB) GIN/0-d (5/1.5/PHB) 
gpu-nodes-0:5321:5321 [1] NCCL INFO GIN/0-c :GPU/0-13000 (6/16.0/SYS) CPU/0-0 (4/16.0/SYS) CPU/0-1 (3/48.0/PHB) NET/0-0 (7/16.0/SYS) NET/0-1 (7/16.0/SYS) NET/0-2 (7/16.0/SYS) NET/0-3 (7/16.0/SYS) NET/0-4 (6/48.0/PHB) NET/0-5 (6/48.0/PHB) NET/0-6 (5/25.0/PHB) NET/0-7 (5/25.0/PHB) NET/0-e (5/48.0/PHB) NET/0-8 (5/1.5/PHB) NET/0-9 (5/1.5/PHB) NET/0-a (5/1.5/PHB) NET/0-b (5/1.5/PHB) NET/0-f (5/1.5/PHB) NET/0-c (2/50.0/LOC) NET/0-d (6/48.0/PHB) GIN/0-0 (7/16.0/SYS) GIN/0-1 (7/16.0/SYS) GIN/0-2 (7/16.0/SYS) GIN/0-3 (7/16.0/SYS) GIN/0-4 (6/48.0/PHB) GIN/0-5 (6/48.0/PHB) GIN/0-6 (5/25.0/PHB) GIN/0-7 (5/25.0/PHB) GIN/0-8 (5/1.5/PHB) GIN/0-9 (5/1.5/PHB) GIN/0-a (5/1.5/PHB) GIN/0-b (5/1.5/PHB) GIN/0-c (0/5000.0/LOC) GIN/0-d (6/48.0/PHB) 
gpu-nodes-0:5321:5321 [1] NCCL INFO GIN/0-d :GPU/0-13000 (6/16.0/SYS) CPU/0-0 (4/16.0/SYS) CPU/0-1 (3/48.0/PHB) NET/0-0 (7/16.0/SYS) NET/0-1 (7/16.0/SYS) NET/0-2 (7/16.0/SYS) NET/0-3 (7/16.0/SYS) NET/0-4 (6/48.0/PHB) NET/0-5 (6/48.0/PHB) NET/0-6 (5/25.0/PHB) NET/0-7 (5/25.0/PHB) NET/0-e (5/48.0/PHB) NET/0-8 (5/1.5/PHB) NET/0-9 (5/1.5/PHB) NET/0-a (5/1.5/PHB) NET/0-b (5/1.5/PHB) NET/0-f (5/1.5/PHB) NET/0-c (6/48.0/PHB) NET/0-d (2/50.0/LOC) GIN/0-0 (7/16.0/SYS) GIN/0-1 (7/16.0/SYS) GIN/0-2 (7/16.0/SYS) GIN/0-3 (7/16.0/SYS) GIN/0-4 (6/48.0/PHB) GIN/0-5 (6/48.0/PHB) GIN/0-6 (5/25.0/PHB) GIN/0-7 (5/25.0/PHB) GIN/0-8 (5/1.5/PHB) GIN/0-9 (5/1.5/PHB) GIN/0-a (5/1.5/PHB) GIN/0-b (5/1.5/PHB) GIN/0-c (6/48.0/PHB) GIN/0-d (0/5000.0/LOC) 
gpu-nodes-0:5321:5321 [1] NCCL INFO ncclTopoGetCpuAffinity: Affinity for GPU 1 is 0-63,128-191. (GPU affinity = 0-63,128-191 ; CPU affinity = 0-63,128-191).
gpu-nodes-0:5321:5321 [1] NCCL INFO Pattern 4, crossNic 0, nChannels 32, bw 90.000000/90.000000, type LOC/PIX, sameChannels 1
gpu-nodes-0:5321:5321 [1] NCCL INFO  0 : GPU/0-13000
gpu-nodes-0:5321:5321 [1] NCCL INFO  1 : GPU/0-13000
gpu-nodes-0:5321:5321 [1] NCCL INFO  2 : GPU/0-13000
gpu-nodes-0:5321:5321 [1] NCCL INFO  3 : GPU/0-13000
gpu-nodes-0:5321:5321 [1] NCCL INFO  4 : GPU/0-13000
gpu-nodes-0:5321:5321 [1] NCCL INFO  5 : GPU/0-13000
gpu-nodes-0:5321:5321 [1] NCCL INFO  6 : GPU/0-13000
gpu-nodes-0:5321:5321 [1] NCCL INFO  7 : GPU/0-13000
gpu-nodes-0:5321:5321 [1] NCCL INFO  8 : GPU/0-13000
gpu-nodes-0:5321:5321 [1] NCCL INFO  9 : GPU/0-13000
gpu-nodes-0:5321:5321 [1] NCCL INFO 10 : GPU/0-13000
gpu-nodes-0:5321:5321 [1] NCCL INFO 11 : GPU/0-13000
gpu-nodes-0:5321:5321 [1] NCCL INFO 12 : GPU/0-13000
gpu-nodes-0:5321:5321 [1] NCCL INFO 13 : GPU/0-13000
gpu-nodes-0:5321:5321 [1] NCCL INFO 14 : GPU/0-13000
gpu-nodes-0:5321:5321 [1] NCCL INFO 15 : GPU/0-13000
gpu-nodes-0:5321:5321 [1] NCCL INFO 16 : GPU/0-13000
gpu-nodes-0:5321:5321 [1] NCCL INFO 17 : GPU/0-13000
gpu-nodes-0:5321:5321 [1] NCCL INFO 18 : GPU/0-13000
gpu-nodes-0:5321:5321 [1] NCCL INFO 19 : GPU/0-13000
gpu-nodes-0:5321:5321 [1] NCCL INFO 20 : GPU/0-13000
gpu-nodes-0:5321:5321 [1] NCCL INFO 21 : GPU/0-13000
gpu-nodes-0:5321:5321 [1] NCCL INFO 22 : GPU/0-13000
gpu-nodes-0:5321:5321 [1] NCCL INFO 23 : GPU/0-13000
gpu-nodes-0:5321:5321 [1] NCCL INFO 24 : GPU/0-13000
gpu-nodes-0:5321:5321 [1] NCCL INFO 25 : GPU/0-13000
gpu-nodes-0:5321:5321 [1] NCCL INFO 26 : GPU/0-13000
gpu-nodes-0:5321:5321 [1] NCCL INFO 27 : GPU/0-13000
gpu-nodes-0:5321:5321 [1] NCCL INFO 28 : GPU/0-13000
gpu-nodes-0:5321:5321 [1] NCCL INFO 29 : GPU/0-13000
gpu-nodes-0:5321:5321 [1] NCCL INFO 30 : GPU/0-13000
gpu-nodes-0:5321:5321 [1] NCCL INFO 31 : GPU/0-13000
gpu-nodes-0:5321:5321 [1] NCCL INFO Pattern 3, crossNic 0, nChannels 32, bw 90.000000/90.000000, type LOC/PIX, sameChannels 1
gpu-nodes-0:5321:5321 [1] NCCL INFO  0 : GPU/0-13000
gpu-nodes-0:5321:5321 [1] NCCL INFO  1 : GPU/0-13000
gpu-nodes-0:5321:5321 [1] NCCL INFO  2 : GPU/0-13000
gpu-nodes-0:5321:5321 [1] NCCL INFO  3 : GPU/0-13000
gpu-nodes-0:5321:5321 [1] NCCL INFO  4 : GPU/0-13000
gpu-nodes-0:5321:5321 [1] NCCL INFO  5 : GPU/0-13000
gpu-nodes-0:5321:5321 [1] NCCL INFO  6 : GPU/0-13000
gpu-nodes-0:5321:5321 [1] NCCL INFO  7 : GPU/0-13000
gpu-nodes-0:5321:5321 [1] NCCL INFO  8 : GPU/0-13000
gpu-nodes-0:5321:5321 [1] NCCL INFO  9 : GPU/0-13000
gpu-nodes-0:5321:5321 [1] NCCL INFO 10 : GPU/0-13000
gpu-nodes-0:5321:5321 [1] NCCL INFO 11 : GPU/0-13000
gpu-nodes-0:5321:5321 [1] NCCL INFO 12 : GPU/0-13000
gpu-nodes-0:5321:5321 [1] NCCL INFO 13 : GPU/0-13000
gpu-nodes-0:5321:5321 [1] NCCL INFO 14 : GPU/0-13000
gpu-nodes-0:5321:5321 [1] NCCL INFO 15 : GPU/0-13000
gpu-nodes-0:5321:5321 [1] NCCL INFO 16 : GPU/0-13000
gpu-nodes-0:5321:5321 [1] NCCL INFO 17 : GPU/0-13000
gpu-nodes-0:5321:5321 [1] NCCL INFO 18 : GPU/0-13000
gpu-nodes-0:5321:5321 [1] NCCL INFO 19 : GPU/0-13000
gpu-nodes-0:5321:5321 [1] NCCL INFO 20 : GPU/0-13000
gpu-nodes-0:5321:5321 [1] NCCL INFO 21 : GPU/0-13000
gpu-nodes-0:5321:5321 [1] NCCL INFO 22 : GPU/0-13000
gpu-nodes-0:5321:5321 [1] NCCL INFO 23 : GPU/0-13000
gpu-nodes-0:5321:5321 [1] NCCL INFO 24 : GPU/0-13000
gpu-nodes-0:5321:5321 [1] NCCL INFO 25 : GPU/0-13000
gpu-nodes-0:5321:5321 [1] NCCL INFO 26 : GPU/0-13000
gpu-nodes-0:5321:5321 [1] NCCL INFO 27 : GPU/0-13000
gpu-nodes-0:5321:5321 [1] NCCL INFO 28 : GPU/0-13000
gpu-nodes-0:5321:5321 [1] NCCL INFO 29 : GPU/0-13000
gpu-nodes-0:5321:5321 [1] NCCL INFO 30 : GPU/0-13000
gpu-nodes-0:5321:5321 [1] NCCL INFO 31 : GPU/0-13000
gpu-nodes-0:5321:5321 [1] NCCL INFO comm 0x7f0fb43db310 rank 0 nRanks 1 nNodes 1 localRanks 1 localRank 0 MNNVL 0
gpu-nodes-0:5321:5321 [1] NCCL INFO Tree 0 : -1 -> 0 -> -1/-1/-1
gpu-nodes-0:5321:5321 [1] NCCL INFO Tree 32 : -1 -> 0 -> -1/-1/-1
gpu-nodes-0:5321:5321 [1] NCCL INFO Tree 1 : -1 -> 0 -> -1/-1/-1
gpu-nodes-0:5321:5321 [1] NCCL INFO Tree 33 : -1 -> 0 -> -1/-1/-1
gpu-nodes-0:5321:5321 [1] NCCL INFO Tree 2 : -1 -> 0 -> -1/-1/-1
gpu-nodes-0:5321:5321 [1] NCCL INFO Tree 34 : -1 -> 0 -> -1/-1/-1
gpu-nodes-0:5321:5321 [1] NCCL INFO Tree 3 : -1 -> 0 -> -1/-1/-1
gpu-nodes-0:5321:5321 [1] NCCL INFO Tree 35 : -1 -> 0 -> -1/-1/-1
gpu-nodes-0:5321:5321 [1] NCCL INFO Tree 4 : -1 -> 0 -> -1/-1/-1
gpu-nodes-0:5321:5321 [1] NCCL INFO Tree 36 : -1 -> 0 -> -1/-1/-1
gpu-nodes-0:5321:5321 [1] NCCL INFO Tree 5 : -1 -> 0 -> -1/-1/-1
gpu-nodes-0:5321:5321 [1] NCCL INFO Tree 37 : -1 -> 0 -> -1/-1/-1
gpu-nodes-0:5321:5321 [1] NCCL INFO Tree 6 : -1 -> 0 -> -1/-1/-1
gpu-nodes-0:5321:5321 [1] NCCL INFO Tree 38 : -1 -> 0 -> -1/-1/-1
gpu-nodes-0:5321:5321 [1] NCCL INFO Tree 7 : -1 -> 0 -> -1/-1/-1
gpu-nodes-0:5321:5321 [1] NCCL INFO Tree 39 : -1 -> 0 -> -1/-1/-1
gpu-nodes-0:5321:5321 [1] NCCL INFO Tree 8 : -1 -> 0 -> -1/-1/-1
gpu-nodes-0:5321:5321 [1] NCCL INFO Tree 40 : -1 -> 0 -> -1/-1/-1
gpu-nodes-0:5321:5321 [1] NCCL INFO Tree 9 : -1 -> 0 -> -1/-1/-1
gpu-nodes-0:5321:5321 [1] NCCL INFO Tree 41 : -1 -> 0 -> -1/-1/-1
gpu-nodes-0:5321:5321 [1] NCCL INFO Tree 10 : -1 -> 0 -> -1/-1/-1
gpu-nodes-0:5321:5321 [1] NCCL INFO Tree 42 : -1 -> 0 -> -1/-1/-1
gpu-nodes-0:5321:5321 [1] NCCL INFO Tree 11 : -1 -> 0 -> -1/-1/-1
gpu-nodes-0:5321:5321 [1] NCCL INFO Tree 43 : -1 -> 0 -> -1/-1/-1
gpu-nodes-0:5321:5321 [1] NCCL INFO Tree 12 : -1 -> 0 -> -1/-1/-1
gpu-nodes-0:5321:5321 [1] NCCL INFO Tree 44 : -1 -> 0 -> -1/-1/-1
gpu-nodes-0:5321:5321 [1] NCCL INFO Tree 13 : -1 -> 0 -> -1/-1/-1
gpu-nodes-0:5321:5321 [1] NCCL INFO Tree 45 : -1 -> 0 -> -1/-1/-1
gpu-nodes-0:5321:5321 [1] NCCL INFO Tree 14 : -1 -> 0 -> -1/-1/-1
gpu-nodes-0:5321:5321 [1] NCCL INFO Tree 46 : -1 -> 0 -> -1/-1/-1
gpu-nodes-0:5321:5321 [1] NCCL INFO Tree 15 : -1 -> 0 -> -1/-1/-1
gpu-nodes-0:5321:5321 [1] NCCL INFO Tree 47 : -1 -> 0 -> -1/-1/-1
gpu-nodes-0:5321:5321 [1] NCCL INFO Tree 16 : -1 -> 0 -> -1/-1/-1
gpu-nodes-0:5321:5321 [1] NCCL INFO Tree 48 : -1 -> 0 -> -1/-1/-1
gpu-nodes-0:5321:5321 [1] NCCL INFO Tree 17 : -1 -> 0 -> -1/-1/-1
gpu-nodes-0:5321:5321 [1] NCCL INFO Tree 49 : -1 -> 0 -> -1/-1/-1
gpu-nodes-0:5321:5321 [1] NCCL INFO Tree 18 : -1 -> 0 -> -1/-1/-1
gpu-nodes-0:5321:5321 [1] NCCL INFO Tree 50 : -1 -> 0 -> -1/-1/-1
gpu-nodes-0:5321:5321 [1] NCCL INFO Tree 19 : -1 -> 0 -> -1/-1/-1
gpu-nodes-0:5321:5321 [1] NCCL INFO Tree 51 : -1 -> 0 -> -1/-1/-1
gpu-nodes-0:5321:5321 [1] NCCL INFO Tree 20 : -1 -> 0 -> -1/-1/-1
gpu-nodes-0:5321:5321 [1] NCCL INFO Tree 52 : -1 -> 0 -> -1/-1/-1
gpu-nodes-0:5321:5321 [1] NCCL INFO Tree 21 : -1 -> 0 -> -1/-1/-1
gpu-nodes-0:5321:5321 [1] NCCL INFO Tree 53 : -1 -> 0 -> -1/-1/-1
gpu-nodes-0:5321:5321 [1] NCCL INFO Tree 22 : -1 -> 0 -> -1/-1/-1
gpu-nodes-0:5321:5321 [1] NCCL INFO Tree 54 : -1 -> 0 -> -1/-1/-1
gpu-nodes-0:5321:5321 [1] NCCL INFO Tree 23 : -1 -> 0 -> -1/-1/-1
gpu-nodes-0:5321:5321 [1] NCCL INFO Tree 55 : -1 -> 0 -> -1/-1/-1
gpu-nodes-0:5321:5321 [1] NCCL INFO Tree 24 : -1 -> 0 -> -1/-1/-1
gpu-nodes-0:5321:5321 [1] NCCL INFO Tree 56 : -1 -> 0 -> -1/-1/-1
gpu-nodes-0:5321:5321 [1] NCCL INFO Tree 25 : -1 -> 0 -> -1/-1/-1
gpu-nodes-0:5321:5321 [1] NCCL INFO Tree 57 : -1 -> 0 -> -1/-1/-1
gpu-nodes-0:5321:5321 [1] NCCL INFO Tree 26 : -1 -> 0 -> -1/-1/-1
gpu-nodes-0:5321:5321 [1] NCCL INFO Tree 58 : -1 -> 0 -> -1/-1/-1
gpu-nodes-0:5321:5321 [1] NCCL INFO Tree 27 : -1 -> 0 -> -1/-1/-1
gpu-nodes-0:5321:5321 [1] NCCL INFO Tree 59 : -1 -> 0 -> -1/-1/-1
gpu-nodes-0:5321:5321 [1] NCCL INFO Tree 28 : -1 -> 0 -> -1/-1/-1
gpu-nodes-0:5321:5321 [1] NCCL INFO Tree 60 : -1 -> 0 -> -1/-1/-1
gpu-nodes-0:5321:5321 [1] NCCL INFO Tree 29 : -1 -> 0 -> -1/-1/-1
gpu-nodes-0:5321:5321 [1] NCCL INFO Tree 61 : -1 -> 0 -> -1/-1/-1
gpu-nodes-0:5321:5321 [1] NCCL INFO Tree 30 : -1 -> 0 -> -1/-1/-1
gpu-nodes-0:5321:5321 [1] NCCL INFO Tree 62 : -1 -> 0 -> -1/-1/-1
gpu-nodes-0:5321:5321 [1] NCCL INFO Tree 31 : -1 -> 0 -> -1/-1/-1
gpu-nodes-0:5321:5321 [1] NCCL INFO Tree 63 : -1 -> 0 -> -1/-1/-1
gpu-nodes-0:5321:5321 [1] NCCL INFO Channel 00/64 : 0
gpu-nodes-0:5321:5321 [1] NCCL INFO Channel 01/64 : 0
gpu-nodes-0:5321:5321 [1] NCCL INFO Channel 02/64 : 0
gpu-nodes-0:5321:5321 [1] NCCL INFO Channel 03/64 : 0
gpu-nodes-0:5321:5321 [1] NCCL INFO Channel 04/64 : 0
gpu-nodes-0:5321:5321 [1] NCCL INFO Channel 05/64 : 0
gpu-nodes-0:5321:5321 [1] NCCL INFO Channel 06/64 : 0
gpu-nodes-0:5321:5321 [1] NCCL INFO Channel 07/64 : 0
gpu-nodes-0:5321:5321 [1] NCCL INFO Channel 08/64 : 0
gpu-nodes-0:5321:5321 [1] NCCL INFO Channel 09/64 : 0
gpu-nodes-0:5321:5321 [1] NCCL INFO Channel 10/64 : 0
gpu-nodes-0:5321:5321 [1] NCCL INFO Channel 11/64 : 0
gpu-nodes-0:5321:5321 [1] NCCL INFO Channel 12/64 : 0
gpu-nodes-0:5321:5321 [1] NCCL INFO Channel 13/64 : 0
gpu-nodes-0:5321:5321 [1] NCCL INFO Channel 14/64 : 0
gpu-nodes-0:5321:5321 [1] NCCL INFO Channel 15/64 : 0
gpu-nodes-0:5321:5321 [1] NCCL INFO Channel 16/64 : 0
gpu-nodes-0:5321:5321 [1] NCCL INFO Channel 17/64 : 0
gpu-nodes-0:5321:5321 [1] NCCL INFO Channel 18/64 : 0
gpu-nodes-0:5321:5321 [1] NCCL INFO Channel 19/64 : 0
gpu-nodes-0:5321:5321 [1] NCCL INFO Channel 20/64 : 0
gpu-nodes-0:5321:5321 [1] NCCL INFO Channel 21/64 : 0
gpu-nodes-0:5321:5321 [1] NCCL INFO Channel 22/64 : 0
gpu-nodes-0:5321:5321 [1] NCCL INFO Channel 23/64 : 0
gpu-nodes-0:5321:5321 [1] NCCL INFO Channel 24/64 : 0
gpu-nodes-0:5321:5321 [1] NCCL INFO Channel 25/64 : 0
gpu-nodes-0:5321:5321 [1] NCCL INFO Channel 26/64 : 0
gpu-nodes-0:5321:5321 [1] NCCL INFO Channel 27/64 : 0
gpu-nodes-0:5321:5321 [1] NCCL INFO Channel 28/64 : 0
gpu-nodes-0:5321:5321 [1] NCCL INFO Channel 29/64 : 0
gpu-nodes-0:5321:5321 [1] NCCL INFO Channel 30/64 : 0
gpu-nodes-0:5321:5321 [1] NCCL INFO Channel 31/64 : 0
gpu-nodes-0:5321:5321 [1] NCCL INFO Channel 32/64 : 0
gpu-nodes-0:5321:5321 [1] NCCL INFO Channel 33/64 : 0
gpu-nodes-0:5321:5321 [1] NCCL INFO Channel 34/64 : 0
gpu-nodes-0:5321:5321 [1] NCCL INFO Channel 35/64 : 0
gpu-nodes-0:5321:5321 [1] NCCL INFO Channel 36/64 : 0
gpu-nodes-0:5321:5321 [1] NCCL INFO Channel 37/64 : 0
gpu-nodes-0:5321:5321 [1] NCCL INFO Channel 38/64 : 0
gpu-nodes-0:5321:5321 [1] NCCL INFO Channel 39/64 : 0
gpu-nodes-0:5321:5321 [1] NCCL INFO Channel 40/64 : 0
gpu-nodes-0:5321:5321 [1] NCCL INFO Channel 41/64 : 0
gpu-nodes-0:5321:5321 [1] NCCL INFO Channel 42/64 : 0
gpu-nodes-0:5321:5321 [1] NCCL INFO Channel 43/64 : 0
gpu-nodes-0:5321:5321 [1] NCCL INFO Channel 44/64 : 0
gpu-nodes-0:5321:5321 [1] NCCL INFO Channel 45/64 : 0
gpu-nodes-0:5321:5321 [1] NCCL INFO Channel 46/64 : 0
gpu-nodes-0:5321:5321 [1] NCCL INFO Channel 47/64 : 0
gpu-nodes-0:5321:5321 [1] NCCL INFO Channel 48/64 : 0
gpu-nodes-0:5321:5321 [1] NCCL INFO Channel 49/64 : 0
gpu-nodes-0:5321:5321 [1] NCCL INFO Channel 50/64 : 0
gpu-nodes-0:5321:5321 [1] NCCL INFO Channel 51/64 : 0
gpu-nodes-0:5321:5321 [1] NCCL INFO Channel 52/64 : 0
gpu-nodes-0:5321:5321 [1] NCCL INFO Channel 53/64 : 0
gpu-nodes-0:5321:5321 [1] NCCL INFO Channel 54/64 : 0
gpu-nodes-0:5321:5321 [1] NCCL INFO Channel 55/64 : 0
gpu-nodes-0:5321:5321 [1] NCCL INFO Channel 56/64 : 0
gpu-nodes-0:5321:5321 [1] NCCL INFO Channel 57/64 : 0
gpu-nodes-0:5321:5321 [1] NCCL INFO Channel 58/64 : 0
gpu-nodes-0:5321:5321 [1] NCCL INFO Channel 59/64 : 0
gpu-nodes-0:5321:5321 [1] NCCL INFO Channel 60/64 : 0
gpu-nodes-0:5321:5321 [1] NCCL INFO Channel 61/64 : 0
gpu-nodes-0:5321:5321 [1] NCCL INFO Channel 62/64 : 0
gpu-nodes-0:5321:5321 [1] NCCL INFO Channel 63/64 : 0
gpu-nodes-0:5321:5321 [1] NCCL INFO Ring 00 : 0 -> 0 -> 0
gpu-nodes-0:5321:5321 [1] NCCL INFO Ring 01 : 0 -> 0 -> 0
gpu-nodes-0:5321:5321 [1] NCCL INFO Ring 02 : 0 -> 0 -> 0
gpu-nodes-0:5321:5321 [1] NCCL INFO Ring 03 : 0 -> 0 -> 0
gpu-nodes-0:5321:5321 [1] NCCL INFO Ring 04 : 0 -> 0 -> 0
gpu-nodes-0:5321:5321 [1] NCCL INFO Ring 05 : 0 -> 0 -> 0
gpu-nodes-0:5321:5321 [1] NCCL INFO Ring 06 : 0 -> 0 -> 0
gpu-nodes-0:5321:5321 [1] NCCL INFO Ring 07 : 0 -> 0 -> 0
gpu-nodes-0:5321:5321 [1] NCCL INFO Ring 08 : 0 -> 0 -> 0
gpu-nodes-0:5321:5321 [1] NCCL INFO Ring 09 : 0 -> 0 -> 0
gpu-nodes-0:5321:5321 [1] NCCL INFO Ring 10 : 0 -> 0 -> 0
gpu-nodes-0:5321:5321 [1] NCCL INFO Ring 11 : 0 -> 0 -> 0
gpu-nodes-0:5321:5321 [1] NCCL INFO Ring 12 : 0 -> 0 -> 0
gpu-nodes-0:5321:5321 [1] NCCL INFO Ring 13 : 0 -> 0 -> 0
gpu-nodes-0:5321:5321 [1] NCCL INFO Ring 14 : 0 -> 0 -> 0
gpu-nodes-0:5321:5321 [1] NCCL INFO Ring 15 : 0 -> 0 -> 0
gpu-nodes-0:5321:5321 [1] NCCL INFO Ring 16 : 0 -> 0 -> 0
gpu-nodes-0:5321:5321 [1] NCCL INFO Ring 17 : 0 -> 0 -> 0
gpu-nodes-0:5321:5321 [1] NCCL INFO Ring 18 : 0 -> 0 -> 0
gpu-nodes-0:5321:5321 [1] NCCL INFO Ring 19 : 0 -> 0 -> 0
gpu-nodes-0:5321:5321 [1] NCCL INFO Ring 20 : 0 -> 0 -> 0
gpu-nodes-0:5321:5321 [1] NCCL INFO Ring 21 : 0 -> 0 -> 0
gpu-nodes-0:5321:5321 [1] NCCL INFO Ring 22 : 0 -> 0 -> 0
gpu-nodes-0:5321:5321 [1] NCCL INFO Ring 23 : 0 -> 0 -> 0
gpu-nodes-0:5321:5321 [1] NCCL INFO Ring 24 : 0 -> 0 -> 0
gpu-nodes-0:5321:5321 [1] NCCL INFO Ring 25 : 0 -> 0 -> 0
gpu-nodes-0:5321:5321 [1] NCCL INFO Ring 26 : 0 -> 0 -> 0
gpu-nodes-0:5321:5321 [1] NCCL INFO Ring 27 : 0 -> 0 -> 0
gpu-nodes-0:5321:5321 [1] NCCL INFO Ring 28 : 0 -> 0 -> 0
gpu-nodes-0:5321:5321 [1] NCCL INFO Ring 29 : 0 -> 0 -> 0
gpu-nodes-0:5321:5321 [1] NCCL INFO Ring 30 : 0 -> 0 -> 0
gpu-nodes-0:5321:5321 [1] NCCL INFO Ring 31 : 0 -> 0 -> 0
gpu-nodes-0:5321:5321 [1] NCCL INFO Ring 32 : 0 -> 0 -> 0
gpu-nodes-0:5321:5321 [1] NCCL INFO Ring 33 : 0 -> 0 -> 0
gpu-nodes-0:5321:5321 [1] NCCL INFO Ring 34 : 0 -> 0 -> 0
gpu-nodes-0:5321:5321 [1] NCCL INFO Ring 35 : 0 -> 0 -> 0
gpu-nodes-0:5321:5321 [1] NCCL INFO Ring 36 : 0 -> 0 -> 0
gpu-nodes-0:5321:5321 [1] NCCL INFO Ring 37 : 0 -> 0 -> 0
gpu-nodes-0:5321:5321 [1] NCCL INFO Ring 38 : 0 -> 0 -> 0
gpu-nodes-0:5321:5321 [1] NCCL INFO Ring 39 : 0 -> 0 -> 0
gpu-nodes-0:5321:5321 [1] NCCL INFO Ring 40 : 0 -> 0 -> 0
gpu-nodes-0:5321:5321 [1] NCCL INFO Ring 41 : 0 -> 0 -> 0
gpu-nodes-0:5321:5321 [1] NCCL INFO Ring 42 : 0 -> 0 -> 0
gpu-nodes-0:5321:5321 [1] NCCL INFO Ring 43 : 0 -> 0 -> 0
gpu-nodes-0:5321:5321 [1] NCCL INFO Ring 44 : 0 -> 0 -> 0
gpu-nodes-0:5321:5321 [1] NCCL INFO Ring 45 : 0 -> 0 -> 0
gpu-nodes-0:5321:5321 [1] NCCL INFO Ring 46 : 0 -> 0 -> 0
gpu-nodes-0:5321:5321 [1] NCCL INFO Ring 47 : 0 -> 0 -> 0
gpu-nodes-0:5321:5321 [1] NCCL INFO Ring 48 : 0 -> 0 -> 0
gpu-nodes-0:5321:5321 [1] NCCL INFO Ring 49 : 0 -> 0 -> 0
gpu-nodes-0:5321:5321 [1] NCCL INFO Ring 50 : 0 -> 0 -> 0
gpu-nodes-0:5321:5321 [1] NCCL INFO Ring 51 : 0 -> 0 -> 0
gpu-nodes-0:5321:5321 [1] NCCL INFO Ring 52 : 0 -> 0 -> 0
gpu-nodes-0:5321:5321 [1] NCCL INFO Ring 53 : 0 -> 0 -> 0
gpu-nodes-0:5321:5321 [1] NCCL INFO Ring 54 : 0 -> 0 -> 0
gpu-nodes-0:5321:5321 [1] NCCL INFO Ring 55 : 0 -> 0 -> 0
gpu-nodes-0:5321:5321 [1] NCCL INFO Ring 56 : 0 -> 0 -> 0
gpu-nodes-0:5321:5321 [1] NCCL INFO Ring 57 : 0 -> 0 -> 0
gpu-nodes-0:5321:5321 [1] NCCL INFO Ring 58 : 0 -> 0 -> 0
gpu-nodes-0:5321:5321 [1] NCCL INFO Ring 59 : 0 -> 0 -> 0
gpu-nodes-0:5321:5321 [1] NCCL INFO Ring 60 : 0 -> 0 -> 0
gpu-nodes-0:5321:5321 [1] NCCL INFO Ring 61 : 0 -> 0 -> 0
gpu-nodes-0:5321:5321 [1] NCCL INFO Ring 62 : 0 -> 0 -> 0
gpu-nodes-0:5321:5321 [1] NCCL INFO Ring 63 : 0 -> 0 -> 0
gpu-nodes-0:5321:5321 [1] NCCL INFO Trees [0] -1/-1/-1->0->-1 [1] -1/-1/-1->0->-1 [2] -1/-1/-1->0->-1 [3] -1/-1/-1->0->-1 [4] -1/-1/-1->0->-1 [5] -1/-1/-1->0->-1 [6] -1/-1/-1->0->-1 [7] -1/-1/-1->0->-1 [8] -1/-1/-1->0->-1 [9] -1/-1/-1->0->-1 [10] -1/-1/-1->0->-1 [11] -1/-1/-1->0->-1 [12] -1/-1/-1->0->-1 [13] -1/-1/-1->0->-1 [14] -1/-1/-1->0->-1 [15] -1/-1/-1->0->-1 [16] -1/-1/-1->0->-1 [17] -1/-1/-1->0->-1 [18] -1/-1/-1->0->-1 [19] -1/-1/-1->0->-1 [20] -1/-1/-1->0->-1 [21] -1/-1/-1->0->-1 [22] -1/-1/-1->0->-1 [23] -1/-1/-1->0->-1 [24] -1/-1/-1->0->-1 [25] -1/-1/-1->0->-1 [26] -1/-1/-1->0->-1 [27] -1/-1/-1->0->-1 [28] -1/-1/-1->0->-1 [29] -1/-1/-1->0->-1 [30] -1/-1/-1->0->-1 [31] -1/-1/-1->0->-1 [32] -1/-1/-1->0->-1 [33] -1/-1/-1->0->-1 [34] -1/-1/-1->0->-1 [35] -1/-1/-1->0->-1 [36] -1/-1/-1->0->-1 [37] -1/-1/-1->0->-1 [38] -1/-1/-1->0->-1 [39] -1/-1/-1->0->-1 [40] -1/-1/-1->0->-1 [41] -1/-1/-1->0->-1 [42] -1/-1/-1->0->-1 [43] -1/-1/-1->0->-1 [44] -1/-1/-1->0->-1 [45] -1/-1/-1->0->-1 [46] -1/-1/-1->0->-1 [47] -1/-1/-1->0->-1 [48] -1/-1/-1->0->-1 [4
gpu-nodes-0:5321:5321 [1] NCCL INFO P2P Chunksize set to 524288
gpu-nodes-0:5321:5321 [1] NCCL INFO Check P2P Type isAllDirectP2p 1 directMode 0 isAllCudaP2p 1
gpu-nodes-0:5321:12054 [0] NCCL INFO [Proxy Service] Device 1 CPU core 39
gpu-nodes-0:5321:5321 [1] NCCL INFO ncclP2pSchedule: group size used is 1
gpu-nodes-0:5321:12055 [0] NCCL INFO [Proxy Service UDS] Device 1 CPU core 131
gpu-nodes-0:5321:12054 [1] NCCL INFO New proxy send connection 0 from local rank 0, transport 2
gpu-nodes-0:5321:12056 [0] NCCL INFO [Proxy Progress] Device 1 CPU core 32
gpu-nodes-0:5321:5321 [1] NCCL INFO Connected to proxy localRank 0 -> connection 0x7f133400a910
gpu-nodes-0:5321:5321 [1] NCCL INFO 64 coll channels, 64 collnet channels, 0 nvls channels, 64 p2p channels, 64 p2p channels per peer
gpu-nodes-0:5321:5321 [1] NCCL INFO Symmetric memory is not supported. cuMemEnable 0, globalGinSupport 0, globalNicFused 1 cuMemGdrSupport 1
gpu-nodes-0:5321:5321 [1] NCCL INFO CC Off, workFifoBytes 1048576
gpu-nodes-0:5321:5321 [1] NCCL INFO ncclCommInitRankConfig comm 0x7f0fb43db310 rank 0 nranks 1 cudaDev 1 nvmlDev 1 busId 13000 commId 0x59c9fa6d5bd0efa8 - Init COMPLETE
gpu-nodes-0:5321:5321 [1] NCCL INFO Init timings - ncclCommInitRankConfig: rank 0 nranks 1 total 0.95 (kernels 0.00, alloc 0.00, bootstrap 0.00, allgathers 0.01, topo 0.92, graphs 0.00, connections 0.03, rest 0.00)
gpu-nodes-0:5321:5321 [1] NCCL INFO Initialized NET plugin IB
gpu-nodes-0:5321:5321 [1] NCCL INFO Assigned NET plugin IB to comm
gpu-nodes-0:5321:5321 [1] NCCL INFO Assigned GIN plugin GIN_IB_GDAKI to comm
gpu-nodes-0:5321:5321 [1] NCCL INFO Assigned RMA plugin GIN_IB_PROXY to comm
gpu-nodes-0:5321:5321 [1] NCCL INFO Using network IB
gpu-nodes-0:5321:5321 [1] NCCL INFO DMA-BUF is available on GPU device 1
gpu-nodes-0:5321:5321 [1] NCCL INFO [Rank 9] ncclCommInitRankConfig comm 0x7f0fca91f5d0 rank 9 nranks 16 cudaDev 1 nvmlDev 1 busId 13000 commId 0x3e4293f9d0533e3f - Init START
gpu-nodes-0:5321:5321 [1] NCCL INFO MNNVL busId 0x13000 fabric UUID 0.0 cliqueId 0x0 state 3 healthMask 0x80
gpu-nodes-0:5321:5321 [1] NCCL INFO Could not find real path of /sys/class/pci_bus/fffffff/../../fffffff:ff:f
gpu-nodes-0:5321:5321 [1] NCCL INFO TOPO/NET : Importing network plugins to topology
gpu-nodes-0:5321:5321 [1] NCCL INFO NET/GIN_IB_GDAKI : GPU Direct RDMA Enabled for HCA 0 'mlx5_1'
gpu-nodes-0:5321:5321 [1] NCCL INFO ncclTopoPopulateNics : Filled mlx5_1 in topo with pciPath=/sys/devices/pci0000:00/0000:00:01.1/0000:01:00.0/0000:02:01.0/0000:04:00.0 net=0 gin=1 keep=1 coll=(null)
gpu-nodes-0:5321:5321 [1] NCCL INFO NET/GIN_IB_GDAKI : GPU Direct RDMA Enabled for HCA 1 'mlx5_3'
gpu-nodes-0:5321:5321 [1] NCCL INFO ncclTopoPopulateNics : Filled mlx5_3 in topo with pciPath=/sys/devices/pci0000:10/0000:10:01.1/0000:11:00.0/0000:12:01.0/0000:14:00.0 net=0 gin=1 keep=1 coll=(null)
gpu-nodes-0:5321:5321 [1] NCCL INFO NET/GIN_IB_GDAKI : GPU Direct RDMA Enabled for HCA 2 'mlx5_2'
gpu-nodes-0:5321:5321 [1] NCCL INFO ncclTopoPopulateNics : Filled mlx5_2 in topo with pciPath=/sys/devices/pci0000:60/0000:60:01.1/0000:61:00.0/0000:62:01.0/0000:64:00.0 net=0 gin=1 keep=1 coll=(null)
gpu-nodes-0:5321:5321 [1] NCCL INFO NET/GIN_IB_GDAKI : GPU Direct RDMA Enabled for HCA 3 'mlx5_0'
gpu-nodes-0:5321:5321 [1] NCCL INFO ncclTopoPopulateNics : Filled mlx5_0 in topo with pciPath=/sys/devices/pci0000:70/0000:70:01.1/0000:71:00.0/0000:72:01.0/0000:74:00.0 net=0 gin=1 keep=1 coll=(null)
gpu-nodes-0:5321:5321 [1] NCCL INFO NET/GIN_IB_GDAKI : GPU Direct RDMA Enabled for HCA 4 'mlx5_9'
gpu-nodes-0:5321:5321 [1] NCCL INFO ncclTopoPopulateNics : Filled mlx5_9 in topo with pciPath=/sys/devices/pci0000:80/0000:80:01.1/0000:81:00.0/0000:82:01.0/0000:84:00.0 net=0 gin=1 keep=1 coll=(null)
gpu-nodes-0:5321:5321 [1] NCCL INFO NET/GIN_IB_GDAKI : GPU Direct RDMA Enabled for HCA 5 'mlx5_13'
gpu-nodes-0:5321:5321 [1] NCCL INFO ncclTopoPopulateNics : Filled mlx5_13 in topo with pciPath=/sys/devices/pci0000:90/0000:90:01.1/0000:91:00.0/0000:92:01.0/0000:94:00.0 net=0 gin=1 keep=1 coll=(null)
gpu-nodes-0:5321:5321 [1] NCCL INFO NET/GIN_IB_GDAKI : GPU Direct RDMA Enabled for HCA 6 'mlx5_10'
gpu-nodes-0:5321:5321 [1] NCCL INFO ncclTopoPopulateNics : Filled mlx5_10 in topo with pciPath=/sys/devices/pci0000:c0/0000:c0:01.1/0000:c1:00.0 net=0 gin=1 keep=1 coll=(null)
gpu-nodes-0:5321:5321 [1] NCCL INFO NET/GIN_IB_GDAKI : GPU Direct RDMA Enabled for HCA 7 'mlx5_11'
gpu-nodes-0:5321:5321 [1] NCCL INFO ncclTopoPopulateNics : Filled mlx5_11 in topo with pciPath=/sys/devices/pci0000:c0/0000:c0:01.1/0000:c1:00.0 net=0 gin=1 keep=1 coll=(null)
gpu-nodes-0:5321:5321 [1] NCCL INFO NET/GIN_IB_GDAKI : GPU Direct RDMA Enabled for HCA 8 'mlx5_5'
gpu-nodes-0:5321:5321 [1] NCCL INFO ncclTopoPopulateNics : Filled mlx5_5 in topo with pciPath=/sys/devices/pci0000:d0/0000:d0:03.3/0000:d2:00.0 net=0 gin=1 keep=1 coll=(null)
gpu-nodes-0:5321:5321 [1] NCCL INFO NET/GIN_IB_GDAKI : GPU Direct RDMA Enabled for HCA 9 'mlx5_6'
gpu-nodes-0:5321:5321 [1] NCCL INFO ncclTopoPopulateNics : Filled mlx5_6 in topo with pciPath=/sys/devices/pci0000:d0/0000:d0:03.3/0000:d2:00.0 net=0 gin=1 keep=1 coll=(null)
gpu-nodes-0:5321:5321 [1] NCCL INFO NET/GIN_IB_GDAKI : GPU Direct RDMA Enabled for HCA 10 'mlx5_7'
gpu-nodes-0:5321:5321 [1] NCCL INFO ncclTopoPopulateNics : Filled mlx5_7 in topo with pciPath=/sys/devices/pci0000:d0/0000:d0:03.3/0000:d2:00.0 net=0 gin=1 keep=1 coll=(null)
gpu-nodes-0:5321:5321 [1] NCCL INFO NET/GIN_IB_GDAKI : GPU Direct RDMA Enabled for HCA 11 'mlx5_8'
gpu-nodes-0:5321:5321 [1] NCCL INFO ncclTopoPopulateNics : Filled mlx5_8 in topo with pciPath=/sys/devices/pci0000:d0/0000:d0:03.3/0000:d2:00.0 net=0 gin=1 keep=1 coll=(null)
gpu-nodes-0:5321:5321 [1] NCCL INFO NET/GIN_IB_GDAKI : GPU Direct RDMA Enabled for HCA 12 'mlx5_12'
gpu-nodes-0:5321:5321 [1] NCCL INFO ncclTopoPopulateNics : Filled mlx5_12 in topo with pciPath=/sys/devices/pci0000:e0/0000:e0:01.1/0000:e1:00.0/0000:e2:01.0/0000:e4:00.0 net=0 gin=1 keep=1 coll=(null)
gpu-nodes-0:5321:5321 [1] NCCL INFO NET/GIN_IB_GDAKI : GPU Direct RDMA Enabled for HCA 13 'mlx5_4'
gpu-nodes-0:5321:5321 [1] NCCL INFO ncclTopoPopulateNics : Filled mlx5_4 in topo with pciPath=/sys/devices/pci0000:f0/0000:f0:01.1/0000:f1:00.0/0000:f2:01.0/0000:f4:00.0 net=0 gin=1 keep=1 coll=(null)
gpu-nodes-0:5321:5321 [1] NCCL INFO NET/IB : GPU Direct RDMA Enabled for HCA 0 'mlx5_1'
gpu-nodes-0:5321:5321 [1] NCCL INFO ncclTopoPopulateNics : Filled mlx5_1 in topo with pciPath=/sys/devices/pci0000:00/0000:00:01.1/0000:01:00.0/0000:02:01.0/0000:04:00.0 net=1 gin=1 keep=1 coll=(null)
gpu-nodes-0:5321:5321 [1] NCCL INFO NET/IB : GPU Direct RDMA Enabled for HCA 1 'mlx5_3'
gpu-nodes-0:5321:5321 [1] NCCL INFO ncclTopoPopulateNics : Filled mlx5_3 in topo with pciPath=/sys/devices/pci0000:10/0000:10:01.1/0000:11:00.0/0000:12:01.0/0000:14:00.0 net=1 gin=1 keep=1 coll=(null)
gpu-nodes-0:5321:5321 [1] NCCL INFO NET/IB : GPU Direct RDMA Enabled for HCA 2 'mlx5_2'
gpu-nodes-0:5321:5321 [1] NCCL INFO ncclTopoPopulateNics : Filled mlx5_2 in topo with pciPath=/sys/devices/pci0000:60/0000:60:01.1/0000:61:00.0/0000:62:01.0/0000:64:00.0 net=1 gin=1 keep=1 coll=(null)
gpu-nodes-0:5321:5321 [1] NCCL INFO NET/IB : GPU Direct RDMA Enabled for HCA 3 'mlx5_0'
gpu-nodes-0:5321:5321 [1] NCCL INFO ncclTopoPopulateNics : Filled mlx5_0 in topo with pciPath=/sys/devices/pci0000:70/0000:70:01.1/0000:71:00.0/0000:72:01.0/0000:74:00.0 net=1 gin=1 keep=1 coll=(null)
gpu-nodes-0:5321:5321 [1] NCCL INFO NET/IB : GPU Direct RDMA Enabled for HCA 4 'mlx5_9'
gpu-nodes-0:5321:5321 [1] NCCL INFO ncclTopoPopulateNics : Filled mlx5_9 in topo with pciPath=/sys/devices/pci0000:80/0000:80:01.1/0000:81:00.0/0000:82:01.0/0000:84:00.0 net=1 gin=1 keep=1 coll=(null)
gpu-nodes-0:5321:5321 [1] NCCL INFO NET/IB : GPU Direct RDMA Enabled for HCA 5 'mlx5_13'
gpu-nodes-0:5321:5321 [1] NCCL INFO ncclTopoPopulateNics : Filled mlx5_13 in topo with pciPath=/sys/devices/pci0000:90/0000:90:01.1/0000:91:00.0/0000:92:01.0/0000:94:00.0 net=1 gin=1 keep=1 coll=(null)
gpu-nodes-0:5321:5321 [1] NCCL INFO NET/IB : GPU Direct RDMA Enabled for HCA 6 'mlx5_10'
gpu-nodes-0:5321:5321 [1] NCCL INFO ncclTopoPopulateNics : Filled mlx5_10 in topo with pciPath=/sys/devices/pci0000:c0/0000:c0:01.1/0000:c1:00.0 net=1 gin=1 keep=1 coll=(null)
gpu-nodes-0:5321:5321 [1] NCCL INFO NET/IB : GPU Direct RDMA Enabled for HCA 7 'mlx5_11'
gpu-nodes-0:5321:5321 [1] NCCL INFO ncclTopoPopulateNics : Filled mlx5_11 in topo with pciPath=/sys/devices/pci0000:c0/0000:c0:01.1/0000:c1:00.0 net=1 gin=1 keep=1 coll=(null)
gpu-nodes-0:5321:5321 [1] NCCL INFO NET/IB : GPU Direct RDMA Enabled for HCA 8 'mlx5_5'
gpu-nodes-0:5321:5321 [1] NCCL INFO ncclTopoPopulateNics : Filled mlx5_5 in topo with pciPath=/sys/devices/pci0000:d0/0000:d0:03.3/0000:d2:00.0 net=1 gin=1 keep=1 coll=(null)
gpu-nodes-0:5321:5321 [1] NCCL INFO NET/IB : GPU Direct RDMA Enabled for HCA 9 'mlx5_6'
gpu-nodes-0:5321:5321 [1] NCCL INFO ncclTopoPopulateNics : Filled mlx5_6 in topo with pciPath=/sys/devices/pci0000:d0/0000:d0:03.3/0000:d2:00.0 net=1 gin=1 keep=1 coll=(null)
gpu-nodes-0:5321:5321 [1] NCCL INFO NET/IB : GPU Direct RDMA Enabled for HCA 10 'mlx5_7'
gpu-nodes-0:5321:5321 [1] NCCL INFO ncclTopoPopulateNics : Filled mlx5_7 in topo with pciPath=/sys/devices/pci0000:d0/0000:d0:03.3/0000:d2:00.0 net=1 gin=1 keep=1 coll=(null)
gpu-nodes-0:5321:5321 [1] NCCL INFO NET/IB : GPU Direct RDMA Enabled for HCA 11 'mlx5_8'
gpu-nodes-0:5321:5321 [1] NCCL INFO ncclTopoPopulateNics : Filled mlx5_8 in topo with pciPath=/sys/devices/pci0000:d0/0000:d0:03.3/0000:d2:00.0 net=1 gin=1 keep=1 coll=(null)
gpu-nodes-0:5321:5321 [1] NCCL INFO NET/IB : GPU Direct RDMA Enabled for HCA 12 'mlx5_12'
gpu-nodes-0:5321:5321 [1] NCCL INFO ncclTopoPopulateNics : Filled mlx5_12 in topo with pciPath=/sys/devices/pci0000:e0/0000:e0:01.1/0000:e1:00.0/0000:e2:01.0/0000:e4:00.0 net=1 gin=1 keep=1 coll=(null)
gpu-nodes-0:5321:5321 [1] NCCL INFO NET/IB : GPU Direct RDMA Enabled for HCA 13 'mlx5_4'
gpu-nodes-0:5321:5321 [1] NCCL INFO ncclTopoPopulateNics : Filled mlx5_4 in topo with pciPath=/sys/devices/pci0000:f0/0000:f0:01.1/0000:f1:00.0/0000:f2:01.0/0000:f4:00.0 net=1 gin=1 keep=1 coll=(null)
gpu-nodes-0:5321:5321 [1] NCCL INFO NET/IB : GPU Direct RDMA Enabled for HCA 14 'mlx5_10+mlx5_11'
gpu-nodes-0:5321:5321 [1] NCCL INFO ncclTopoPopulateNics : Filled mlx5_10+mlx5_11 in topo with pciPath=/sys/devices/pci0000:c0/0000:c0:01.1/0000:c1:00.0 net=1 gin=(null) keep=1 coll=(null)
gpu-nodes-0:5321:5321 [1] NCCL INFO NET/IB : GPU Direct RDMA Enabled for HCA 15 'mlx5_5+mlx5_6+mlx5_7+mlx5_8'
gpu-nodes-0:5321:5321 [1] NCCL INFO ncclTopoPopulateNics : Filled mlx5_5+mlx5_6+mlx5_7+mlx5_8 in topo with pciPath=/sys/devices/pci0000:d0/0000:d0:03.3/0000:d2:00.0 net=1 gin=(null) keep=1 coll=(null)
gpu-nodes-0:5321:5321 [1] NCCL INFO GPU Direct RDMA Enabled for GPU/0-12288 (rank 8) - NET/0-0 (distance 4 <= 6, read 0, mode Default)
gpu-nodes-0:5321:5321 [1] NCCL INFO GPU Direct RDMA Enabled for GPU/0-77824 (rank 9) - NET/0-0 ( using PXN via GPU/0-12288, distance 4 <= 6, read 0, mode Default)
gpu-nodes-0:5321:5321 [1] NCCL INFO GPU Direct RDMA Enabled for GPU/0-405504 (rank 10) - NET/0-0 ( using PXN via GPU/0-12288, distance 4 <= 6, read 0, mode Default)
gpu-nodes-0:5321:5321 [1] NCCL INFO GPU Direct RDMA Enabled for GPU/0-471040 (rank 11) - NET/0-0 ( using PXN via GPU/0-12288, distance 4 <= 6, read 0, mode Default)
gpu-nodes-0:5321:5321 [1] NCCL INFO GPU Direct RDMA Enabled for GPU/0-536576 (rank 12) - NET/0-0 ( using PXN via GPU/0-12288, distance 4 <= 6, read 0, mode Default)
gpu-nodes-0:5321:5321 [1] NCCL INFO GPU Direct RDMA Enabled for GPU/0-602112 (rank 13) - NET/0-0 ( using PXN via GPU/0-12288, distance 4 <= 6, read 0, mode Default)
gpu-nodes-0:5321:5321 [1] NCCL INFO GPU Direct RDMA Enabled for GPU/0-929792 (rank 14) - NET/0-0 ( using PXN via GPU/0-12288, distance 4 <= 6, read 0, mode Default)
gpu-nodes-0:5321:5321 [1] NCCL INFO GPU Direct RDMA Enabled for GPU/0-995328 (rank 15) - NET/0-0 ( using PXN via GPU/0-12288, distance 4 <= 6, read 0, mode Default)
gpu-nodes-0:5321:5321 [1] NCCL INFO GPU Direct RDMA Enabled for GPU/0-12288 (rank 8) - NET/0-1 ( using PXN via GPU/0-77824, distance 4 <= 6, read 0, mode Default)
gpu-nodes-0:5321:5321 [1] NCCL INFO GPU Direct RDMA Enabled for GPU/0-77824 (rank 9) - NET/0-1 (distance 4 <= 6, read 0, mode Default)
gpu-nodes-0:5321:5321 [1] NCCL INFO GPU Direct RDMA Enabled for GPU/0-405504 (rank 10) - NET/0-1 ( using PXN via GPU/0-77824, distance 4 <= 6, read 0, mode Default)
gpu-nodes-0:5321:5321 [1] NCCL INFO GPU Direct RDMA Enabled for GPU/0-471040 (rank 11) - NET/0-1 ( using PXN via GPU/0-77824, distance 4 <= 6, read 0, mode Default)
gpu-nodes-0:5321:5321 [1] NCCL INFO GPU Direct RDMA Enabled for GPU/0-536576 (rank 12) - NET/0-1 ( using PXN via GPU/0-77824, distance 4 <= 6, read 0, mode Default)
gpu-nodes-0:5321:5321 [1] NCCL INFO GPU Direct RDMA Enabled for GPU/0-602112 (rank 13) - NET/0-1 ( using PXN via GPU/0-77824, distance 4 <= 6, read 0, mode Default)
gpu-nodes-0:5321:5321 [1] NCCL INFO GPU Direct RDMA Enabled for GPU/0-929792 (rank 14) - NET/0-1 ( using PXN via GPU/0-77824, distance 4 <= 6, read 0, mode Default)
gpu-nodes-0:5321:5321 [1] NCCL INFO GPU Direct RDMA Enabled for GPU/0-995328 (rank 15) - NET/0-1 ( using PXN via GPU/0-77824, distance 4 <= 6, read 0, mode Default)
gpu-nodes-0:5321:5321 [1] NCCL INFO GPU Direct RDMA Enabled for GPU/0-12288 (rank 8) - NET/0-2 ( using PXN via GPU/0-405504, distance 4 <= 6, read 0, mode Default)
gpu-nodes-0:5321:5321 [1] NCCL INFO GPU Direct RDMA Enabled for GPU/0-77824 (rank 9) - NET/0-2 ( using PXN via GPU/0-405504, distance 4 <= 6, read 0, mode Default)
gpu-nodes-0:5321:5321 [1] NCCL INFO GPU Direct RDMA Enabled for GPU/0-405504 (rank 10) - NET/0-2 (distance 4 <= 6, read 0, mode Default)
gpu-nodes-0:5321:5321 [1] NCCL INFO GPU Direct RDMA Enabled for GPU/0-471040 (rank 11) - NET/0-2 ( using PXN via GPU/0-405504, distance 4 <= 6, read 0, mode Default)
gpu-nodes-0:5321:5321 [1] NCCL INFO GPU Direct RDMA Enabled for GPU/0-536576 (rank 12) - NET/0-2 ( using PXN via GPU/0-405504, distance 4 <= 6, read 0, mode Default)
gpu-nodes-0:5321:5321 [1] NCCL INFO GPU Direct RDMA Enabled for GPU/0-602112 (rank 13) - NET/0-2 ( using PXN via GPU/0-405504, distance 4 <= 6, read 0, mode Default)
gpu-nodes-0:5321:5321 [1] NCCL INFO GPU Direct RDMA Enabled for GPU/0-929792 (rank 14) - NET/0-2 ( using PXN via GPU/0-405504, distance 4 <= 6, read 0, mode Default)
gpu-nodes-0:5321:5321 [1] NCCL INFO GPU Direct RDMA Enabled for GPU/0-995328 (rank 15) - NET/0-2 ( using PXN via GPU/0-405504, distance 4 <= 6, read 0, mode Default)
gpu-nodes-0:5321:5321 [1] NCCL INFO GPU Direct RDMA Enabled for GPU/0-12288 (rank 8) - NET/0-3 ( using PXN via GPU/0-471040, distance 4 <= 6, read 0, mode Default)
gpu-nodes-0:5321:5321 [1] NCCL INFO GPU Direct RDMA Enabled for GPU/0-77824 (rank 9) - NET/0-3 ( using PXN via GPU/0-471040, distance 4 <= 6, read 0, mode Default)
gpu-nodes-0:5321:5321 [1] NCCL INFO GPU Direct RDMA Enabled for GPU/0-405504 (rank 10) - NET/0-3 ( using PXN via GPU/0-471040, distance 4 <= 6, read 0, mode Default)
gpu-nodes-0:5321:5321 [1] NCCL INFO GPU Direct RDMA Enabled for GPU/0-471040 (rank 11) - NET/0-3 (distance 4 <= 6, read 0, mode Default)
gpu-nodes-0:5321:5321 [1] NCCL INFO GPU Direct RDMA Enabled for GPU/0-536576 (rank 12) - NET/0-3 ( using PXN via GPU/0-471040, distance 4 <= 6, read 0, mode Default)
gpu-nodes-0:5321:5321 [1] NCCL INFO GPU Direct RDMA Enabled for GPU/0-602112 (rank 13) - NET/0-3 ( using PXN via GPU/0-471040, distance 4 <= 6, read 0, mode Default)
gpu-nodes-0:5321:5321 [1] NCCL INFO GPU Direct RDMA Enabled for GPU/0-929792 (rank 14) - NET/0-3 ( using PXN via GPU/0-471040, distance 4 <= 6, read 0, mode Default)
gpu-nodes-0:5321:5321 [1] NCCL INFO GPU Direct RDMA Enabled for GPU/0-995328 (rank 15) - NET/0-3 ( using PXN via GPU/0-471040, distance 4 <= 6, read 0, mode Default)
gpu-nodes-0:5321:5321 [1] NCCL INFO GPU Direct RDMA Enabled for GPU/0-12288 (rank 8) - NET/0-4 ( using PXN via GPU/0-536576, distance 4 <= 6, read 0, mode Default)
gpu-nodes-0:5321:5321 [1] NCCL INFO GPU Direct RDMA Enabled for GPU/0-77824 (rank 9) - NET/0-4 ( using PXN via GPU/0-536576, distance 4 <= 6, read 0, mode Default)
gpu-nodes-0:5321:5321 [1] NCCL INFO GPU Direct RDMA Enabled for GPU/0-405504 (rank 10) - NET/0-4 ( using PXN via GPU/0-536576, distance 4 <= 6, read 0, mode Default)
gpu-nodes-0:5321:5321 [1] NCCL INFO GPU Direct RDMA Enabled for GPU/0-471040 (rank 11) - NET/0-4 ( using PXN via GPU/0-536576, distance 4 <= 6, read 0, mode Default)
gpu-nodes-0:5321:5321 [1] NCCL INFO GPU Direct RDMA Enabled for GPU/0-536576 (rank 12) - NET/0-4 (distance 4 <= 6, read 0, mode Default)
gpu-nodes-0:5321:5321 [1] NCCL INFO GPU Direct RDMA Enabled for GPU/0-602112 (rank 13) - NET/0-4 ( using PXN via GPU/0-536576, distance 4 <= 6, read 0, mode Default)
gpu-nodes-0:5321:5321 [1] NCCL INFO GPU Direct RDMA Enabled for GPU/0-929792 (rank 14) - NET/0-4 ( using PXN via GPU/0-536576, distance 4 <= 6, read 0, mode Default)
gpu-nodes-0:5321:5321 [1] NCCL INFO GPU Direct RDMA Enabled for GPU/0-995328 (rank 15) - NET/0-4 ( using PXN via GPU/0-536576, distance 4 <= 6, read 0, mode Default)
gpu-nodes-0:5321:5321 [1] NCCL INFO GPU Direct RDMA Enabled for GPU/0-12288 (rank 8) - NET/0-5 ( using PXN via GPU/0-602112, distance 4 <= 6, read 0, mode Default)
gpu-nodes-0:5321:5321 [1] NCCL INFO GPU Direct RDMA Enabled for GPU/0-77824 (rank 9) - NET/0-5 ( using PXN via GPU/0-602112, distance 4 <= 6, read 0, mode Default)
gpu-nodes-0:5321:5321 [1] NCCL INFO GPU Direct RDMA Enabled for GPU/0-405504 (rank 10) - NET/0-5 ( using PXN via GPU/0-602112, distance 4 <= 6, read 0, mode Default)
gpu-nodes-0:5321:5321 [1] NCCL INFO GPU Direct RDMA Enabled for GPU/0-471040 (rank 11) - NET/0-5 ( using PXN via GPU/0-602112, distance 4 <= 6, read 0, mode Default)
gpu-nodes-0:5321:5321 [1] NCCL INFO GPU Direct RDMA Enabled for GPU/0-536576 (rank 12) - NET/0-5 ( using PXN via GPU/0-602112, distance 4 <= 6, read 0, mode Default)
gpu-nodes-0:5321:5321 [1] NCCL INFO GPU Direct RDMA Enabled for GPU/0-602112 (rank 13) - NET/0-5 (distance 4 <= 6, read 0, mode Default)
gpu-nodes-0:5321:5321 [1] NCCL INFO GPU Direct RDMA Enabled for GPU/0-929792 (rank 14) - NET/0-5 ( using PXN via GPU/0-602112, distance 4 <= 6, read 0, mode Default)
gpu-nodes-0:5321:5321 [1] NCCL INFO GPU Direct RDMA Enabled for GPU/0-995328 (rank 15) - NET/0-5 ( using PXN via GPU/0-602112, distance 4 <= 6, read 0, mode Default)
gpu-nodes-0:5321:5321 [1] NCCL INFO GPU Direct RDMA Enabled for GPU/0-12288 (rank 8) - NET/0-12 ( using PXN via GPU/0-929792, distance 4 <= 6, read 0, mode Default)
gpu-nodes-0:5321:5321 [1] NCCL INFO GPU Direct RDMA Enabled for GPU/0-77824 (rank 9) - NET/0-12 ( using PXN via GPU/0-929792, distance 4 <= 6, read 0, mode Default)
gpu-nodes-0:5321:5321 [1] NCCL INFO GPU Direct RDMA Enabled for GPU/0-405504 (rank 10) - NET/0-12 ( using PXN via GPU/0-929792, distance 4 <= 6, read 0, mode Default)
gpu-nodes-0:5321:5321 [1] NCCL INFO GPU Direct RDMA Enabled for GPU/0-471040 (rank 11) - NET/0-12 ( using PXN via GPU/0-929792, distance 4 <= 6, read 0, mode Default)
gpu-nodes-0:5321:5321 [1] NCCL INFO GPU Direct RDMA Enabled for GPU/0-536576 (rank 12) - NET/0-12 ( using PXN via GPU/0-929792, distance 4 <= 6, read 0, mode Default)
gpu-nodes-0:5321:5321 [1] NCCL INFO GPU Direct RDMA Enabled for GPU/0-602112 (rank 13) - NET/0-12 ( using PXN via GPU/0-929792, distance 4 <= 6, read 0, mode Default)
gpu-nodes-0:5321:5321 [1] NCCL INFO GPU Direct RDMA Enabled for GPU/0-929792 (rank 14) - NET/0-12 (distance 4 <= 6, read 0, mode Default)
gpu-nodes-0:5321:5321 [1] NCCL INFO GPU Direct RDMA Enabled for GPU/0-995328 (rank 15) - NET/0-12 ( using PXN via GPU/0-929792, distance 4 <= 6, read 0, mode Default)
gpu-nodes-0:5321:5321 [1] NCCL INFO GPU Direct RDMA Enabled for GPU/0-12288 (rank 8) - NET/0-13 ( using PXN via GPU/0-995328, distance 4 <= 6, read 0, mode Default)
gpu-nodes-0:5321:5321 [1] NCCL INFO GPU Direct RDMA Enabled for GPU/0-77824 (rank 9) - NET/0-13 ( using PXN via GPU/0-995328, distance 4 <= 6, read 0, mode Default)
gpu-nodes-0:5321:5321 [1] NCCL INFO GPU Direct RDMA Enabled for GPU/0-405504 (rank 10) - NET/0-13 ( using PXN via GPU/0-995328, distance 4 <= 6, read 0, mode Default)
gpu-nodes-0:5321:5321 [1] NCCL INFO GPU Direct RDMA Enabled for GPU/0-471040 (rank 11) - NET/0-13 ( using PXN via GPU/0-995328, distance 4 <= 6, read 0, mode Default)
gpu-nodes-0:5321:5321 [1] NCCL INFO GPU Direct RDMA Enabled for GPU/0-536576 (rank 12) - NET/0-13 ( using PXN via GPU/0-995328, distance 4 <= 6, read 0, mode Default)
gpu-nodes-0:5321:5321 [1] NCCL INFO GPU Direct RDMA Enabled for GPU/0-602112 (rank 13) - NET/0-13 ( using PXN via GPU/0-995328, distance 4 <= 6, read 0, mode Default)
gpu-nodes-0:5321:5321 [1] NCCL INFO GPU Direct RDMA Enabled for GPU/0-929792 (rank 14) - NET/0-13 ( using PXN via GPU/0-995328, distance 4 <= 6, read 0, mode Default)
gpu-nodes-0:5321:5321 [1] NCCL INFO GPU Direct RDMA Enabled for GPU/0-995328 (rank 15) - NET/0-13 (distance 4 <= 6, read 0, mode Default)
gpu-nodes-0:5321:5321 [1] NCCL INFO GPU Direct RDMA Enabled for GPU/0-12288 (rank 8) - NET/0-0 (distance 4 <= 6, read 0, mode Default)
gpu-nodes-0:5321:5321 [1] NCCL INFO GPU Direct RDMA Enabled for GPU/0-77824 (rank 9) - NET/0-0 ( using PXN via GPU/0-12288, distance 4 <= 6, read 0, mode Default)
gpu-nodes-0:5321:5321 [1] NCCL INFO GPU Direct RDMA Enabled for GPU/0-405504 (rank 10) - NET/0-0 ( using PXN via GPU/0-12288, distance 4 <= 6, read 0, mode Default)
gpu-nodes-0:5321:5321 [1] NCCL INFO GPU Direct RDMA Enabled for GPU/0-471040 (rank 11) - NET/0-0 ( using PXN via GPU/0-12288, distance 4 <= 6, read 0, mode Default)
gpu-nodes-0:5321:5321 [1] NCCL INFO GPU Direct RDMA Enabled for GPU/0-536576 (rank 12) - NET/0-0 ( using PXN via GPU/0-12288, distance 4 <= 6, read 0, mode Default)
gpu-nodes-0:5321:5321 [1] NCCL INFO GPU Direct RDMA Enabled for GPU/0-602112 (rank 13) - NET/0-0 ( using PXN via GPU/0-12288, distance 4 <= 6, read 0, mode Default)
gpu-nodes-0:5321:5321 [1] NCCL INFO GPU Direct RDMA Enabled for GPU/0-929792 (rank 14) - NET/0-0 ( using PXN via GPU/0-12288, distance 4 <= 6, read 0, mode Default)
gpu-nodes-0:5321:5321 [1] NCCL INFO GPU Direct RDMA Enabled for GPU/0-995328 (rank 15) - NET/0-0 ( using PXN via GPU/0-12288, distance 4 <= 6, read 0, mode Default)
gpu-nodes-0:5321:5321 [1] NCCL INFO GPU Direct RDMA Enabled for GPU/0-12288 (rank 8) - NET/0-1 ( using PXN via GPU/0-77824, distance 4 <= 6, read 0, mode Default)
gpu-nodes-0:5321:5321 [1] NCCL INFO GPU Direct RDMA Enabled for GPU/0-77824 (rank 9) - NET/0-1 (distance 4 <= 6, read 0, mode Default)
gpu-nodes-0:5321:5321 [1] NCCL INFO GPU Direct RDMA Enabled for GPU/0-405504 (rank 10) - NET/0-1 ( using PXN via GPU/0-77824, distance 4 <= 6, read 0, mode Default)
gpu-nodes-0:5321:5321 [1] NCCL INFO GPU Direct RDMA Enabled for GPU/0-471040 (rank 11) - NET/0-1 ( using PXN via GPU/0-77824, distance 4 <= 6, read 0, mode Default)
gpu-nodes-0:5321:5321 [1] NCCL INFO GPU Direct RDMA Enabled for GPU/0-536576 (rank 12) - NET/0-1 ( using PXN via GPU/0-77824, distance 4 <= 6, read 0, mode Default)
gpu-nodes-0:5321:5321 [1] NCCL INFO GPU Direct RDMA Enabled for GPU/0-602112 (rank 13) - NET/0-1 ( using PXN via GPU/0-77824, distance 4 <= 6, read 0, mode Default)
gpu-nodes-0:5321:5321 [1] NCCL INFO GPU Direct RDMA Enabled for GPU/0-929792 (rank 14) - NET/0-1 ( using PXN via GPU/0-77824, distance 4 <= 6, read 0, mode Default)
gpu-nodes-0:5321:5321 [1] NCCL INFO GPU Direct RDMA Enabled for GPU/0-995328 (rank 15) - NET/0-1 ( using PXN via GPU/0-77824, distance 4 <= 6, read 0, mode Default)
gpu-nodes-0:5321:5321 [1] NCCL INFO GPU Direct RDMA Enabled for GPU/0-12288 (rank 8) - NET/0-2 ( using PXN via GPU/0-405504, distance 4 <= 6, read 0, mode Default)
gpu-nodes-0:5321:5321 [1] NCCL INFO GPU Direct RDMA Enabled for GPU/0-77824 (rank 9) - NET/0-2 ( using PXN via GPU/0-405504, distance 4 <= 6, read 0, mode Default)
gpu-nodes-0:5321:5321 [1] NCCL INFO GPU Direct RDMA Enabled for GPU/0-405504 (rank 10) - NET/0-2 (distance 4 <= 6, read 0, mode Default)
gpu-nodes-0:5321:5321 [1] NCCL INFO GPU Direct RDMA Enabled for GPU/0-471040 (rank 11) - NET/0-2 ( using PXN via GPU/0-405504, distance 4 <= 6, read 0, mode Default)
gpu-nodes-0:5321:5321 [1] NCCL INFO GPU Direct RDMA Enabled for GPU/0-536576 (rank 12) - NET/0-2 ( using PXN via GPU/0-405504, distance 4 <= 6, read 0, mode Default)
gpu-nodes-0:5321:5321 [1] NCCL INFO GPU Direct RDMA Enabled for GPU/0-602112 (rank 13) - NET/0-2 ( using PXN via GPU/0-405504, distance 4 <= 6, read 0, mode Default)
gpu-nodes-0:5321:5321 [1] NCCL INFO GPU Direct RDMA Enabled for GPU/0-929792 (rank 14) - NET/0-2 ( using PXN via GPU/0-405504, distance 4 <= 6, read 0, mode Default)
gpu-nodes-0:5321:5321 [1] NCCL INFO GPU Direct RDMA Enabled for GPU/0-995328 (rank 15) - NET/0-2 ( using PXN via GPU/0-405504, distance 4 <= 6, read 0, mode Default)
gpu-nodes-0:5321:5321 [1] NCCL INFO GPU Direct RDMA Enabled for GPU/0-12288 (rank 8) - NET/0-3 ( using PXN via GPU/0-471040, distance 4 <= 6, read 0, mode Default)
gpu-nodes-0:5321:5321 [1] NCCL INFO GPU Direct RDMA Enabled for GPU/0-77824 (rank 9) - NET/0-3 ( using PXN via GPU/0-471040, distance 4 <= 6, read 0, mode Default)
gpu-nodes-0:5321:5321 [1] NCCL INFO GPU Direct RDMA Enabled for GPU/0-405504 (rank 10) - NET/0-3 ( using PXN via GPU/0-471040, distance 4 <= 6, read 0, mode Default)
gpu-nodes-0:5321:5321 [1] NCCL INFO GPU Direct RDMA Enabled for GPU/0-471040 (rank 11) - NET/0-3 (distance 4 <= 6, read 0, mode Default)
gpu-nodes-0:5321:5321 [1] NCCL INFO GPU Direct RDMA Enabled for GPU/0-536576 (rank 12) - NET/0-3 ( using PXN via GPU/0-471040, distance 4 <= 6, read 0, mode Default)
gpu-nodes-0:5321:5321 [1] NCCL INFO GPU Direct RDMA Enabled for GPU/0-602112 (rank 13) - NET/0-3 ( using PXN via GPU/0-471040, distance 4 <= 6, read 0, mode Default)
gpu-nodes-0:5321:5321 [1] NCCL INFO GPU Direct RDMA Enabled for GPU/0-929792 (rank 14) - NET/0-3 ( using PXN via GPU/0-471040, distance 4 <= 6, read 0, mode Default)
gpu-nodes-0:5321:5321 [1] NCCL INFO GPU Direct RDMA Enabled for GPU/0-995328 (rank 15) - NET/0-3 ( using PXN via GPU/0-471040, distance 4 <= 6, read 0, mode Default)
gpu-nodes-0:5321:5321 [1] NCCL INFO GPU Direct RDMA Enabled for GPU/0-12288 (rank 8) - NET/0-4 ( using PXN via GPU/0-536576, distance 4 <= 6, read 0, mode Default)
gpu-nodes-0:5321:5321 [1] NCCL INFO GPU Direct RDMA Enabled for GPU/0-77824 (rank 9) - NET/0-4 ( using PXN via GPU/0-536576, distance 4 <= 6, read 0, mode Default)
gpu-nodes-0:5321:5321 [1] NCCL INFO GPU Direct RDMA Enabled for GPU/0-405504 (rank 10) - NET/0-4 ( using PXN via GPU/0-536576, distance 4 <= 6, read 0, mode Default)
gpu-nodes-0:5321:5321 [1] NCCL INFO GPU Direct RDMA Enabled for GPU/0-471040 (rank 11) - NET/0-4 ( using PXN via GPU/0-536576, distance 4 <= 6, read 0, mode Default)
gpu-nodes-0:5321:5321 [1] NCCL INFO GPU Direct RDMA Enabled for GPU/0-536576 (rank 12) - NET/0-4 (distance 4 <= 6, read 0, mode Default)
gpu-nodes-0:5321:5321 [1] NCCL INFO GPU Direct RDMA Enabled for GPU/0-602112 (rank 13) - NET/0-4 ( using PXN via GPU/0-536576, distance 4 <= 6, read 0, mode Default)
gpu-nodes-0:5321:5321 [1] NCCL INFO GPU Direct RDMA Enabled for GPU/0-929792 (rank 14) - NET/0-4 ( using PXN via GPU/0-536576, distance 4 <= 6, read 0, mode Default)
gpu-nodes-0:5321:5321 [1] NCCL INFO GPU Direct RDMA Enabled for GPU/0-995328 (rank 15) - NET/0-4 ( using PXN via GPU/0-536576, distance 4 <= 6, read 0, mode Default)
gpu-nodes-0:5321:5321 [1] NCCL INFO GPU Direct RDMA Enabled for GPU/0-12288 (rank 8) - NET/0-5 ( using PXN via GPU/0-602112, distance 4 <= 6, read 0, mode Default)
gpu-nodes-0:5321:5321 [1] NCCL INFO GPU Direct RDMA Enabled for GPU/0-77824 (rank 9) - NET/0-5 ( using PXN via GPU/0-602112, distance 4 <= 6, read 0, mode Default)
gpu-nodes-0:5321:5321 [1] NCCL INFO GPU Direct RDMA Enabled for GPU/0-405504 (rank 10) - NET/0-5 ( using PXN via GPU/0-602112, distance 4 <= 6, read 0, mode Default)
gpu-nodes-0:5321:5321 [1] NCCL INFO GPU Direct RDMA Enabled for GPU/0-471040 (rank 11) - NET/0-5 ( using PXN via GPU/0-602112, distance 4 <= 6, read 0, mode Default)
gpu-nodes-0:5321:5321 [1] NCCL INFO GPU Direct RDMA Enabled for GPU/0-536576 (rank 12) - NET/0-5 ( using PXN via GPU/0-602112, distance 4 <= 6, read 0, mode Default)
gpu-nodes-0:5321:5321 [1] NCCL INFO GPU Direct RDMA Enabled for GPU/0-602112 (rank 13) - NET/0-5 (distance 4 <= 6, read 0, mode Default)
gpu-nodes-0:5321:5321 [1] NCCL INFO GPU Direct RDMA Enabled for GPU/0-929792 (rank 14) - NET/0-5 ( using PXN via GPU/0-602112, distance 4 <= 6, read 0, mode Default)
gpu-nodes-0:5321:5321 [1] NCCL INFO GPU Direct RDMA Enabled for GPU/0-995328 (rank 15) - NET/0-5 ( using PXN via GPU/0-602112, distance 4 <= 6, read 0, mode Default)
gpu-nodes-0:5321:5321 [1] NCCL INFO GPU Direct RDMA Enabled for GPU/0-12288 (rank 8) - NET/0-12 ( using PXN via GPU/0-929792, distance 4 <= 6, read 0, mode Default)
gpu-nodes-0:5321:5321 [1] NCCL INFO GPU Direct RDMA Enabled for GPU/0-77824 (rank 9) - NET/0-12 ( using PXN via GPU/0-929792, distance 4 <= 6, read 0, mode Default)
gpu-nodes-0:5321:5321 [1] NCCL INFO GPU Direct RDMA Enabled for GPU/0-405504 (rank 10) - NET/0-12 ( using PXN via GPU/0-929792, distance 4 <= 6, read 0, mode Default)
gpu-nodes-0:5321:5321 [1] NCCL INFO GPU Direct RDMA Enabled for GPU/0-471040 (rank 11) - NET/0-12 ( using PXN via GPU/0-929792, distance 4 <= 6, read 0, mode Default)
gpu-nodes-0:5321:5321 [1] NCCL INFO GPU Direct RDMA Enabled for GPU/0-536576 (rank 12) - NET/0-12 ( using PXN via GPU/0-929792, distance 4 <= 6, read 0, mode Default)
gpu-nodes-0:5321:5321 [1] NCCL INFO GPU Direct RDMA Enabled for GPU/0-602112 (rank 13) - NET/0-12 ( using PXN via GPU/0-929792, distance 4 <= 6, read 0, mode Default)
gpu-nodes-0:5321:5321 [1] NCCL INFO GPU Direct RDMA Enabled for GPU/0-929792 (rank 14) - NET/0-12 (distance 4 <= 6, read 0, mode Default)
gpu-nodes-0:5321:5321 [1] NCCL INFO GPU Direct RDMA Enabled for GPU/0-995328 (rank 15) - NET/0-12 ( using PXN via GPU/0-929792, distance 4 <= 6, read 0, mode Default)
gpu-nodes-0:5321:5321 [1] NCCL INFO GPU Direct RDMA Enabled for GPU/0-12288 (rank 8) - NET/0-13 ( using PXN via GPU/0-995328, distance 4 <= 6, read 0, mode Default)
gpu-nodes-0:5321:5321 [1] NCCL INFO GPU Direct RDMA Enabled for GPU/0-77824 (rank 9) - NET/0-13 ( using PXN via GPU/0-995328, distance 4 <= 6, read 0, mode Default)
gpu-nodes-0:5321:5321 [1] NCCL INFO GPU Direct RDMA Enabled for GPU/0-405504 (rank 10) - NET/0-13 ( using PXN via GPU/0-995328, distance 4 <= 6, read 0, mode Default)
gpu-nodes-0:5321:5321 [1] NCCL INFO GPU Direct RDMA Enabled for GPU/0-471040 (rank 11) - NET/0-13 ( using PXN via GPU/0-995328, distance 4 <= 6, read 0, mode Default)
gpu-nodes-0:5321:5321 [1] NCCL INFO GPU Direct RDMA Enabled for GPU/0-536576 (rank 12) - NET/0-13 ( using PXN via GPU/0-995328, distance 4 <= 6, read 0, mode Default)
gpu-nodes-0:5321:5321 [1] NCCL INFO GPU Direct RDMA Enabled for GPU/0-602112 (rank 13) - NET/0-13 ( using PXN via GPU/0-995328, distance 4 <= 6, read 0, mode Default)
gpu-nodes-0:5321:5321 [1] NCCL INFO GPU Direct RDMA Enabled for GPU/0-929792 (rank 14) - NET/0-13 ( using PXN via GPU/0-995328, distance 4 <= 6, read 0, mode Default)
gpu-nodes-0:5321:5321 [1] NCCL INFO GPU Direct RDMA Enabled for GPU/0-995328 (rank 15) - NET/0-13 (distance 4 <= 6, read 0, mode Default)
gpu-nodes-0:5321:5321 [1] NCCL INFO === System : maxBw 48.0 totalBw 721.8 ===
gpu-nodes-0:5321:5321 [1] NCCL INFO CPU/0-0 (1/2/-1)
gpu-nodes-0:5321:5321 [1] NCCL INFO + PCI[48.0] - PCI/0-1000 (1000c03015d91d72)
gpu-nodes-0:5321:5321 [1] NCCL INFO               + PCI[48.0] - GPU/0-3000 (8)
gpu-nodes-0:5321:5321 [1] NCCL INFO                             + NVL[721.8] - NVS/0-0
gpu-nodes-0:5321:5321 [1] NCCL INFO               + PCI[48.0] - NIC/0-4000
gpu-nodes-0:5321:5321 [1] NCCL INFO                             + NET[50.0] - NET/0-0 (0/b4a2ca0003e60050/1/50.000000)
gpu-nodes-0:5321:5321 [1] NCCL INFO                             + NET[50.0] - GIN/0-0
gpu-nodes-0:5321:5321 [1] NCCL INFO + PCI[48.0] - PCI/0-11000 (1000c03015d91d72)
gpu-nodes-0:5321:5321 [1] NCCL INFO               + PCI[48.0] - NIC/0-14000
gpu-nodes-0:5321:5321 [1] NCCL INFO                             + NET[50.0] - NET/0-1 (0/f49aca0003e60050/1/50.000000)
gpu-nodes-0:5321:5321 [1] NCCL INFO                             + NET[50.0] - GIN/0-1
gpu-nodes-0:5321:5321 [1] NCCL INFO               + PCI[48.0] - GPU/0-13000 (9)
gpu-nodes-0:5321:5321 [1] NCCL INFO                             + NVL[721.8] - NVS/0-0
gpu-nodes-0:5321:5321 [1] NCCL INFO + PCI[48.0] - PCI/0-61000 (1000c03015d91d72)
gpu-nodes-0:5321:5321 [1] NCCL INFO               + PCI[48.0] - NIC/0-64000
gpu-nodes-0:5321:5321 [1] NCCL INFO                             + NET[50.0] - NET/0-2 (0/343cca0003e60050/1/50.000000)
gpu-nodes-0:5321:5321 [1] NCCL INFO                             + NET[50.0] - GIN/0-2
gpu-nodes-0:5321:5321 [1] NCCL INFO               + PCI[48.0] - GPU/0-63000 (10)
gpu-nodes-0:5321:5321 [1] NCCL INFO                             + NVL[721.8] - NVS/0-0
gpu-nodes-0:5321:5321 [1] NCCL INFO + PCI[48.0] - PCI/0-71000 (1000c03015d91d72)
gpu-nodes-0:5321:5321 [1] NCCL INFO               + PCI[48.0] - NIC/0-74000
gpu-nodes-0:5321:5321 [1] NCCL INFO                             + NET[50.0] - NET/0-3 (0/49bca0003e60050/1/50.000000)
gpu-nodes-0:5321:5321 [1] NCCL INFO                             + NET[50.0] - GIN/0-3
gpu-nodes-0:5321:5321 [1] NCCL INFO               + PCI[48.0] - GPU/0-73000 (11)
gpu-nodes-0:5321:5321 [1] NCCL INFO                             + NVL[721.8] - NVS/0-0
gpu-nodes-0:5321:5321 [1] NCCL INFO + SYS[16.0] - CPU/0-1
gpu-nodes-0:5321:5321 [1] NCCL INFO CPU/0-1 (1/2/-1)
gpu-nodes-0:5321:5321 [1] NCCL INFO + PCI[48.0] - PCI/0-81000 (1000c03015d91d72)
gpu-nodes-0:5321:5321 [1] NCCL INFO               + PCI[48.0] - NIC/0-84000
gpu-nodes-0:5321:5321 [1] NCCL INFO                             + NET[50.0] - NET/0-4 (0/2ca2ca0003e60050/1/50.000000)
gpu-nodes-0:5321:5321 [1] NCCL INFO                             + NET[50.0] - GIN/0-4
gpu-nodes-0:5321:5321 [1] NCCL INFO               + PCI[48.0] - GPU/0-83000 (12)
gpu-nodes-0:5321:5321 [1] NCCL INFO                             + NVL[721.8] - NVS/0-0
gpu-nodes-0:5321:5321 [1] NCCL INFO + PCI[48.0] - PCI/0-91000 (1000c03015d91d72)
gpu-nodes-0:5321:5321 [1] NCCL INFO               + PCI[48.0] - NIC/0-94000
gpu-nodes-0:5321:5321 [1] NCCL INFO                             + NET[50.0] - NET/0-5 (0/c9bca0003e60050/1/50.000000)
gpu-nodes-0:5321:5321 [1] NCCL INFO                             + NET[50.0] - GIN/0-5
gpu-nodes-0:5321:5321 [1] NCCL INFO               + PCI[48.0] - GPU/0-93000 (13)
gpu-nodes-0:5321:5321 [1] NCCL INFO                             + NVL[721.8] - NVS/0-0
gpu-nodes-0:5321:5321 [1] NCCL INFO + PCI[48.0] - NIC/0-c1000
gpu-nodes-0:5321:5321 [1] NCCL INFO               + NET[50.0] - NET/0-e (0/a20fb90003bd70c4/1/50.000000)
gpu-nodes-0:5321:5321 [1] NCCL INFO               + NET[25.0] - NET/0-6 (0/a20fb90003bd70c4/1/25.000000)
gpu-nodes-0:5321:5321 [1] NCCL INFO               + NET[25.0] - GIN/0-6
gpu-nodes-0:5321:5321 [1] NCCL INFO               + NET[25.0] - NET/0-7 (0/a20fb90003bd70c4/2/25.000000)
gpu-nodes-0:5321:5321 [1] NCCL INFO               + NET[25.0] - GIN/0-7
gpu-nodes-0:5321:5321 [1] NCCL INFO + PCI[48.0] - PCI/0-e1000 (1000c03015d91d72)
gpu-nodes-0:5321:5321 [1] NCCL INFO               + PCI[48.0] - NIC/0-e4000
gpu-nodes-0:5321:5321 [1] NCCL INFO                             + NET[50.0] - NET/0-c (0/cca2ca0003e60050/1/50.000000)
gpu-nodes-0:5321:5321 [1] NCCL INFO                             + NET[50.0] - GIN/0-c
gpu-nodes-0:5321:5321 [1] NCCL INFO               + PCI[48.0] - GPU/0-e3000 (14)
gpu-nodes-0:5321:5321 [1] NCCL INFO                             + NVL[721.8] - NVS/0-0
gpu-nodes-0:5321:5321 [1] NCCL INFO + PCI[48.0] - PCI/0-f1000 (1000c03015d91d72)
gpu-nodes-0:5321:5321 [1] NCCL INFO               + PCI[48.0] - NIC/0-f4000
gpu-nodes-0:5321:5321 [1] NCCL INFO                             + NET[50.0] - NET/0-d (0/ec9aca0003e60050/1/50.000000)
gpu-nodes-0:5321:5321 [1] NCCL INFO                             + NET[50.0] - GIN/0-d
gpu-nodes-0:5321:5321 [1] NCCL INFO               + PCI[48.0] - GPU/0-f3000 (15)
gpu-nodes-0:5321:5321 [1] NCCL INFO                             + NVL[721.8] - NVS/0-0
gpu-nodes-0:5321:5321 [1] NCCL INFO + SYS[16.0] - CPU/0-0
gpu-nodes-0:5321:5321 [1] NCCL INFO + PCI[1.5] - NIC/0-d2000
gpu-nodes-0:5321:5321 [1] NCCL INFO              + NET[50.0] - NET/0-f (0/1e62300003098c7c/1/50.000000)
gpu-nodes-0:5321:5321 [1] NCCL INFO              + NET[12.5] - NET/0-8 (0/1e62300003098c7c/1/12.500000)
gpu-nodes-0:5321:5321 [1] NCCL INFO              + NET[12.5] - GIN/0-8
gpu-nodes-0:5321:5321 [1] NCCL INFO              + NET[12.5] - NET/0-9 (0/1e62300003098c7c/2/12.500000)
gpu-nodes-0:5321:5321 [1] NCCL INFO              + NET[12.5] - GIN/0-9
gpu-nodes-0:5321:5321 [1] NCCL INFO              + NET[12.5] - NET/0-a (0/1e62300003098c7c/3/12.500000)
gpu-nodes-0:5321:5321 [1] NCCL INFO              + NET[12.5] - GIN/0-a
gpu-nodes-0:5321:5321 [1] NCCL INFO              + NET[12.5] - NET/0-b (0/1e62300003098c7c/4/12.500000)
gpu-nodes-0:5321:5321 [1] NCCL INFO              + NET[12.5] - GIN/0-b
gpu-nodes-0:5321:5321 [1] NCCL INFO ==========================================
gpu-nodes-0:5321:5321 [1] NCCL INFO GPU/0-3000 :GPU/0-3000 (0/5000.0/LOC) GPU/0-13000 (2/721.8/NVL) GPU/0-63000 (2/721.8/NVL) GPU/0-73000 (2/721.8/NVL) GPU/0-83000 (2/721.8/NVL) GPU/0-93000 (2/721.8/NVL) GPU/0-e3000 (2/721.8/NVL) GPU/0-f3000 (2/721.8/NVL) NVS/0-0 (1/721.8/NVL) CPU/0-0 (2/48.0/PHB) CPU/0-1 (3/16.0/SYS) NET/0-0 (3/48.0/PIX) NET/0-1 (5/48.0/PXN) NET/0-2 (5/48.0/PXN) NET/0-3 (5/48.0/PXN) NET/0-4 (5/48.0/PXN) NET/0-5 (5/48.0/PXN) NET/0-6 (5/16.0/SYS) NET/0-7 (5/16.0/SYS) NET/0-e (5/16.0/SYS) NET/0-8 (5/1.5/SYS) NET/0-9 (5/1.5/SYS) NET/0-a (5/1.5/SYS) NET/0-b (5/1.5/SYS) NET/0-f (5/1.5/SYS) NET/0-c (5/48.0/PXN) NET/0-d (5/48.0/PXN) GIN/0-0 (3/48.0/PIX) GIN/0-1 (5/48.0/PHB) GIN/0-2 (5/48.0/PHB) GIN/0-3 (5/48.0/PHB) GIN/0-4 (6/16.0/SYS) GIN/0-5 (6/16.0/SYS) GIN/0-6 (5/16.0/SYS) GIN/0-7 (5/16.0/SYS) GIN/0-8 (5/1.5/SYS) GIN/0-9 (5/1.5/SYS) GIN/0-a (5/1.5/SYS) GIN/0-b (5/1.5/SYS) GIN/0-c (6/16.0/SYS) GIN/0-d (6/16.0/SYS) 
gpu-nodes-0:5321:5321 [1] NCCL INFO GPU/0-13000 :GPU/0-3000 (2/721.8/NVL) GPU/0-13000 (0/5000.0/LOC) GPU/0-63000 (2/721.8/NVL) GPU/0-73000 (2/721.8/NVL) GPU/0-83000 (2/721.8/NVL) GPU/0-93000 (2/721.8/NVL) GPU/0-e3000 (2/721.8/NVL) GPU/0-f3000 (2/721.8/NVL) NVS/0-0 (1/721.8/NVL) CPU/0-0 (2/48.0/PHB) CPU/0-1 (3/16.0/SYS) NET/0-0 (5/48.0/PXN) NET/0-1 (3/48.0/PIX) NET/0-2 (5/48.0/PXN) NET/0-3 (5/48.0/PXN) NET/0-4 (5/48.0/PXN) NET/0-5 (5/48.0/PXN) NET/0-6 (5/16.0/SYS) NET/0-7 (5/16.0/SYS) NET/0-e (5/16.0/SYS) NET/0-8 (5/1.5/SYS) NET/0-9 (5/1.5/SYS) NET/0-a (5/1.5/SYS) NET/0-b (5/1.5/SYS) NET/0-f (5/1.5/SYS) NET/0-c (5/48.0/PXN) NET/0-d (5/48.0/PXN) GIN/0-0 (5/48.0/PHB) GIN/0-1 (3/48.0/PIX) GIN/0-2 (5/48.0/PHB) GIN/0-3 (5/48.0/PHB) GIN/0-4 (6/16.0/SYS) GIN/0-5 (6/16.0/SYS) GIN/0-6 (5/16.0/SYS) GIN/0-7 (5/16.0/SYS) GIN/0-8 (5/1.5/SYS) GIN/0-9 (5/1.5/SYS) GIN/0-a (5/1.5/SYS) GIN/0-b (5/1.5/SYS) GIN/0-c (6/16.0/SYS) GIN/0-d (6/16.0/SYS) 
gpu-nodes-0:5321:5321 [1] NCCL INFO GPU/0-63000 :GPU/0-3000 (2/721.8/NVL) GPU/0-13000 (2/721.8/NVL) GPU/0-63000 (0/5000.0/LOC) GPU/0-73000 (2/721.8/NVL) GPU/0-83000 (2/721.8/NVL) GPU/0-93000 (2/721.8/NVL) GPU/0-e3000 (2/721.8/NVL) GPU/0-f3000 (2/721.8/NVL) NVS/0-0 (1/721.8/NVL) CPU/0-0 (2/48.0/PHB) CPU/0-1 (3/16.0/SYS) NET/0-0 (5/48.0/PXN) NET/0-1 (5/48.0/PXN) NET/0-2 (3/48.0/PIX) NET/0-3 (5/48.0/PXN) NET/0-4 (5/48.0/PXN) NET/0-5 (5/48.0/PXN) NET/0-6 (5/16.0/SYS) NET/0-7 (5/16.0/SYS) NET/0-e (5/16.0/SYS) NET/0-8 (5/1.5/SYS) NET/0-9 (5/1.5/SYS) NET/0-a (5/1.5/SYS) NET/0-b (5/1.5/SYS) NET/0-f (5/1.5/SYS) NET/0-c (5/48.0/PXN) NET/0-d (5/48.0/PXN) GIN/0-0 (5/48.0/PHB) GIN/0-1 (5/48.0/PHB) GIN/0-2 (3/48.0/PIX) GIN/0-3 (5/48.0/PHB) GIN/0-4 (6/16.0/SYS) GIN/0-5 (6/16.0/SYS) GIN/0-6 (5/16.0/SYS) GIN/0-7 (5/16.0/SYS) GIN/0-8 (5/1.5/SYS) GIN/0-9 (5/1.5/SYS) GIN/0-a (5/1.5/SYS) GIN/0-b (5/1.5/SYS) GIN/0-c (6/16.0/SYS) GIN/0-d (6/16.0/SYS) 
gpu-nodes-0:5321:5321 [1] NCCL INFO GPU/0-73000 :GPU/0-3000 (2/721.8/NVL) GPU/0-13000 (2/721.8/NVL) GPU/0-63000 (2/721.8/NVL) GPU/0-73000 (0/5000.0/LOC) GPU/0-83000 (2/721.8/NVL) GPU/0-93000 (2/721.8/NVL) GPU/0-e3000 (2/721.8/NVL) GPU/0-f3000 (2/721.8/NVL) NVS/0-0 (1/721.8/NVL) CPU/0-0 (2/48.0/PHB) CPU/0-1 (3/16.0/SYS) NET/0-0 (5/48.0/PXN) NET/0-1 (5/48.0/PXN) NET/0-2 (5/48.0/PXN) NET/0-3 (3/48.0/PIX) NET/0-4 (5/48.0/PXN) NET/0-5 (5/48.0/PXN) NET/0-6 (5/16.0/SYS) NET/0-7 (5/16.0/SYS) NET/0-e (5/16.0/SYS) NET/0-8 (5/1.5/SYS) NET/0-9 (5/1.5/SYS) NET/0-a (5/1.5/SYS) NET/0-b (5/1.5/SYS) NET/0-f (5/1.5/SYS) NET/0-c (5/48.0/PXN) NET/0-d (5/48.0/PXN) GIN/0-0 (5/48.0/PHB) GIN/0-1 (5/48.0/PHB) GIN/0-2 (5/48.0/PHB) GIN/0-3 (3/48.0/PIX) GIN/0-4 (6/16.0/SYS) GIN/0-5 (6/16.0/SYS) GIN/0-6 (5/16.0/SYS) GIN/0-7 (5/16.0/SYS) GIN/0-8 (5/1.5/SYS) GIN/0-9 (5/1.5/SYS) GIN/0-a (5/1.5/SYS) GIN/0-b (5/1.5/SYS) GIN/0-c (6/16.0/SYS) GIN/0-d (6/16.0/SYS) 
gpu-nodes-0:5321:5321 [1] NCCL INFO GPU/0-83000 :GPU/0-3000 (2/721.8/NVL) GPU/0-13000 (2/721.8/NVL) GPU/0-63000 (2/721.8/NVL) GPU/0-73000 (2/721.8/NVL) GPU/0-83000 (0/5000.0/LOC) GPU/0-93000 (2/721.8/NVL) GPU/0-e3000 (2/721.8/NVL) GPU/0-f3000 (2/721.8/NVL) NVS/0-0 (1/721.8/NVL) CPU/0-0 (3/16.0/SYS) CPU/0-1 (2/48.0/PHB) NET/0-0 (5/48.0/PXN) NET/0-1 (5/48.0/PXN) NET/0-2 (5/48.0/PXN) NET/0-3 (5/48.0/PXN) NET/0-4 (3/48.0/PIX) NET/0-5 (5/48.0/PXN) NET/0-6 (4/25.0/PHB) NET/0-7 (4/25.0/PHB) NET/0-e (4/48.0/PHB) NET/0-8 (4/1.5/PHB) NET/0-9 (4/1.5/PHB) NET/0-a (4/1.5/PHB) NET/0-b (4/1.5/PHB) NET/0-f (4/1.5/PHB) NET/0-c (5/48.0/PXN) NET/0-d (5/48.0/PXN) GIN/0-0 (6/16.0/SYS) GIN/0-1 (6/16.0/SYS) GIN/0-2 (6/16.0/SYS) GIN/0-3 (6/16.0/SYS) GIN/0-4 (3/48.0/PIX) GIN/0-5 (5/48.0/PHB) GIN/0-6 (4/25.0/PHB) GIN/0-7 (4/25.0/PHB) GIN/0-8 (4/1.5/PHB) GIN/0-9 (4/1.5/PHB) GIN/0-a (4/1.5/PHB) GIN/0-b (4/1.5/PHB) GIN/0-c (5/48.0/PHB) GIN/0-d (5/48.0/PHB) 
gpu-nodes-0:5321:5321 [1] NCCL INFO GPU/0-93000 :GPU/0-3000 (2/721.8/NVL) GPU/0-13000 (2/721.8/NVL) GPU/0-63000 (2/721.8/NVL) GPU/0-73000 (2/721.8/NVL) GPU/0-83000 (2/721.8/NVL) GPU/0-93000 (0/5000.0/LOC) GPU/0-e3000 (2/721.8/NVL) GPU/0-f3000 (2/721.8/NVL) NVS/0-0 (1/721.8/NVL) CPU/0-0 (3/16.0/SYS) CPU/0-1 (2/48.0/PHB) NET/0-0 (5/48.0/PXN) NET/0-1 (5/48.0/PXN) NET/0-2 (5/48.0/PXN) NET/0-3 (5/48.0/PXN) NET/0-4 (5/48.0/PXN) NET/0-5 (3/48.0/PIX) NET/0-6 (4/25.0/PHB) NET/0-7 (4/25.0/PHB) NET/0-e (4/48.0/PHB) NET/0-8 (4/1.5/PHB) NET/0-9 (4/1.5/PHB) NET/0-a (4/1.5/PHB) NET/0-b (4/1.5/PHB) NET/0-f (4/1.5/PHB) NET/0-c (5/48.0/PXN) NET/0-d (5/48.0/PXN) GIN/0-0 (6/16.0/SYS) GIN/0-1 (6/16.0/SYS) GIN/0-2 (6/16.0/SYS) GIN/0-3 (6/16.0/SYS) GIN/0-4 (5/48.0/PHB) GIN/0-5 (3/48.0/PIX) GIN/0-6 (4/25.0/PHB) GIN/0-7 (4/25.0/PHB) GIN/0-8 (4/1.5/PHB) GIN/0-9 (4/1.5/PHB) GIN/0-a (4/1.5/PHB) GIN/0-b (4/1.5/PHB) GIN/0-c (5/48.0/PHB) GIN/0-d (5/48.0/PHB) 
gpu-nodes-0:5321:5321 [1] NCCL INFO GPU/0-e3000 :GPU/0-3000 (2/721.8/NVL) GPU/0-13000 (2/721.8/NVL) GPU/0-63000 (2/721.8/NVL) GPU/0-73000 (2/721.8/NVL) GPU/0-83000 (2/721.8/NVL) GPU/0-93000 (2/721.8/NVL) GPU/0-e3000 (0/5000.0/LOC) GPU/0-f3000 (2/721.8/NVL) NVS/0-0 (1/721.8/NVL) CPU/0-0 (3/16.0/SYS) CPU/0-1 (2/48.0/PHB) NET/0-0 (5/48.0/PXN) NET/0-1 (5/48.0/PXN) NET/0-2 (5/48.0/PXN) NET/0-3 (5/48.0/PXN) NET/0-4 (5/48.0/PXN) NET/0-5 (5/48.0/PXN) NET/0-6 (4/25.0/PHB) NET/0-7 (4/25.0/PHB) NET/0-e (4/48.0/PHB) NET/0-8 (4/1.5/PHB) NET/0-9 (4/1.5/PHB) NET/0-a (4/1.5/PHB) NET/0-b (4/1.5/PHB) NET/0-f (4/1.5/PHB) NET/0-c (3/48.0/PIX) NET/0-d (5/48.0/PXN) GIN/0-0 (6/16.0/SYS) GIN/0-1 (6/16.0/SYS) GIN/0-2 (6/16.0/SYS) GIN/0-3 (6/16.0/SYS) GIN/0-4 (5/48.0/PHB) GIN/0-5 (5/48.0/PHB) GIN/0-6 (4/25.0/PHB) GIN/0-7 (4/25.0/PHB) GIN/0-8 (4/1.5/PHB) GIN/0-9 (4/1.5/PHB) GIN/0-a (4/1.5/PHB) GIN/0-b (4/1.5/PHB) GIN/0-c (3/48.0/PIX) GIN/0-d (5/48.0/PHB) 
gpu-nodes-0:5321:5321 [1] NCCL INFO GPU/0-f3000 :GPU/0-3000 (2/721.8/NVL) GPU/0-13000 (2/721.8/NVL) GPU/0-63000 (2/721.8/NVL) GPU/0-73000 (2/721.8/NVL) GPU/0-83000 (2/721.8/NVL) GPU/0-93000 (2/721.8/NVL) GPU/0-e3000 (2/721.8/NVL) GPU/0-f3000 (0/5000.0/LOC) NVS/0-0 (1/721.8/NVL) CPU/0-0 (3/16.0/SYS) CPU/0-1 (2/48.0/PHB) NET/0-0 (5/48.0/PXN) NET/0-1 (5/48.0/PXN) NET/0-2 (5/48.0/PXN) NET/0-3 (5/48.0/PXN) NET/0-4 (5/48.0/PXN) NET/0-5 (5/48.0/PXN) NET/0-6 (4/25.0/PHB) NET/0-7 (4/25.0/PHB) NET/0-e (4/48.0/PHB) NET/0-8 (4/1.5/PHB) NET/0-9 (4/1.5/PHB) NET/0-a (4/1.5/PHB) NET/0-b (4/1.5/PHB) NET/0-f (4/1.5/PHB) NET/0-c (5/48.0/PXN) NET/0-d (3/48.0/PIX) GIN/0-0 (6/16.0/SYS) GIN/0-1 (6/16.0/SYS) GIN/0-2 (6/16.0/SYS) GIN/0-3 (6/16.0/SYS) GIN/0-4 (5/48.0/PHB) GIN/0-5 (5/48.0/PHB) GIN/0-6 (4/25.0/PHB) GIN/0-7 (4/25.0/PHB) GIN/0-8 (4/1.5/PHB) GIN/0-9 (4/1.5/PHB) GIN/0-a (4/1.5/PHB) GIN/0-b (4/1.5/PHB) GIN/0-c (5/48.0/PHB) GIN/0-d (3/48.0/PIX) 
gpu-nodes-0:5321:5321 [1] NCCL INFO NET/0-0 :GPU/0-3000 (3/48.0/PIX) GPU/0-13000 (5/48.0/PHB) GPU/0-63000 (5/48.0/PHB) GPU/0-73000 (5/48.0/PHB) GPU/0-83000 (6/16.0/SYS) GPU/0-93000 (6/16.0/SYS) GPU/0-e3000 (6/16.0/SYS) GPU/0-f3000 (6/16.0/SYS) CPU/0-0 (3/48.0/PHB) CPU/0-1 (4/16.0/SYS) NET/0-0 (0/5000.0/LOC) NET/0-1 (6/48.0/PHB) NET/0-2 (6/48.0/PHB) NET/0-3 (6/48.0/PHB) NET/0-4 (7/16.0/SYS) NET/0-5 (7/16.0/SYS) NET/0-6 (6/16.0/SYS) NET/0-7 (6/16.0/SYS) NET/0-e (6/16.0/SYS) NET/0-8 (6/1.5/SYS) NET/0-9 (6/1.5/SYS) NET/0-a (6/1.5/SYS) NET/0-b (6/1.5/SYS) NET/0-f (6/1.5/SYS) NET/0-c (7/16.0/SYS) NET/0-d (7/16.0/SYS) GIN/0-0 (2/50.0/LOC) GIN/0-1 (6/48.0/PHB) GIN/0-2 (6/48.0/PHB) GIN/0-3 (6/48.0/PHB) GIN/0-4 (7/16.0/SYS) GIN/0-5 (7/16.0/SYS) GIN/0-6 (6/16.0/SYS) GIN/0-7 (6/16.0/SYS) GIN/0-8 (6/1.5/SYS) GIN/0-9 (6/1.5/SYS) GIN/0-a (6/1.5/SYS) GIN/0-b (6/1.5/SYS) GIN/0-c (7/16.0/SYS) GIN/0-d (7/16.0/SYS) 
gpu-nodes-0:5321:5321 [1] NCCL INFO NET/0-1 :GPU/0-3000 (5/48.0/PHB) GPU/0-13000 (3/48.0/PIX) GPU/0-63000 (5/48.0/PHB) GPU/0-73000 (5/48.0/PHB) GPU/0-83000 (6/16.0/SYS) GPU/0-93000 (6/16.0/SYS) GPU/0-e3000 (6/16.0/SYS) GPU/0-f3000 (6/16.0/SYS) CPU/0-0 (3/48.0/PHB) CPU/0-1 (4/16.0/SYS) NET/0-0 (6/48.0/PHB) NET/0-1 (0/5000.0/LOC) NET/0-2 (6/48.0/PHB) NET/0-3 (6/48.0/PHB) NET/0-4 (7/16.0/SYS) NET/0-5 (7/16.0/SYS) NET/0-6 (6/16.0/SYS) NET/0-7 (6/16.0/SYS) NET/0-e (6/16.0/SYS) NET/0-8 (6/1.5/SYS) NET/0-9 (6/1.5/SYS) NET/0-a (6/1.5/SYS) NET/0-b (6/1.5/SYS) NET/0-f (6/1.5/SYS) NET/0-c (7/16.0/SYS) NET/0-d (7/16.0/SYS) GIN/0-0 (6/48.0/PHB) GIN/0-1 (2/50.0/LOC) GIN/0-2 (6/48.0/PHB) GIN/0-3 (6/48.0/PHB) GIN/0-4 (7/16.0/SYS) GIN/0-5 (7/16.0/SYS) GIN/0-6 (6/16.0/SYS) GIN/0-7 (6/16.0/SYS) GIN/0-8 (6/1.5/SYS) GIN/0-9 (6/1.5/SYS) GIN/0-a (6/1.5/SYS) GIN/0-b (6/1.5/SYS) GIN/0-c (7/16.0/SYS) GIN/0-d (7/16.0/SYS) 
gpu-nodes-0:5321:5321 [1] NCCL INFO NET/0-2 :GPU/0-3000 (5/48.0/PHB) GPU/0-13000 (5/48.0/PHB) GPU/0-63000 (3/48.0/PIX) GPU/0-73000 (5/48.0/PHB) GPU/0-83000 (6/16.0/SYS) GPU/0-93000 (6/16.0/SYS) GPU/0-e3000 (6/16.0/SYS) GPU/0-f3000 (6/16.0/SYS) CPU/0-0 (3/48.0/PHB) CPU/0-1 (4/16.0/SYS) NET/0-0 (6/48.0/PHB) NET/0-1 (6/48.0/PHB) NET/0-2 (0/5000.0/LOC) NET/0-3 (6/48.0/PHB) NET/0-4 (7/16.0/SYS) NET/0-5 (7/16.0/SYS) NET/0-6 (6/16.0/SYS) NET/0-7 (6/16.0/SYS) NET/0-e (6/16.0/SYS) NET/0-8 (6/1.5/SYS) NET/0-9 (6/1.5/SYS) NET/0-a (6/1.5/SYS) NET/0-b (6/1.5/SYS) NET/0-f (6/1.5/SYS) NET/0-c (7/16.0/SYS) NET/0-d (7/16.0/SYS) GIN/0-0 (6/48.0/PHB) GIN/0-1 (6/48.0/PHB) GIN/0-2 (2/50.0/LOC) GIN/0-3 (6/48.0/PHB) GIN/0-4 (7/16.0/SYS) GIN/0-5 (7/16.0/SYS) GIN/0-6 (6/16.0/SYS) GIN/0-7 (6/16.0/SYS) GIN/0-8 (6/1.5/SYS) GIN/0-9 (6/1.5/SYS) GIN/0-a (6/1.5/SYS) GIN/0-b (6/1.5/SYS) GIN/0-c (7/16.0/SYS) GIN/0-d (7/16.0/SYS) 
gpu-nodes-0:5321:5321 [1] NCCL INFO NET/0-3 :GPU/0-3000 (5/48.0/PHB) GPU/0-13000 (5/48.0/PHB) GPU/0-63000 (5/48.0/PHB) GPU/0-73000 (3/48.0/PIX) GPU/0-83000 (6/16.0/SYS) GPU/0-93000 (6/16.0/SYS) GPU/0-e3000 (6/16.0/SYS) GPU/0-f3000 (6/16.0/SYS) CPU/0-0 (3/48.0/PHB) CPU/0-1 (4/16.0/SYS) NET/0-0 (6/48.0/PHB) NET/0-1 (6/48.0/PHB) NET/0-2 (6/48.0/PHB) NET/0-3 (0/5000.0/LOC) NET/0-4 (7/16.0/SYS) NET/0-5 (7/16.0/SYS) NET/0-6 (6/16.0/SYS) NET/0-7 (6/16.0/SYS) NET/0-e (6/16.0/SYS) NET/0-8 (6/1.5/SYS) NET/0-9 (6/1.5/SYS) NET/0-a (6/1.5/SYS) NET/0-b (6/1.5/SYS) NET/0-f (6/1.5/SYS) NET/0-c (7/16.0/SYS) NET/0-d (7/16.0/SYS) GIN/0-0 (6/48.0/PHB) GIN/0-1 (6/48.0/PHB) GIN/0-2 (6/48.0/PHB) GIN/0-3 (2/50.0/LOC) GIN/0-4 (7/16.0/SYS) GIN/0-5 (7/16.0/SYS) GIN/0-6 (6/16.0/SYS) GIN/0-7 (6/16.0/SYS) GIN/0-8 (6/1.5/SYS) GIN/0-9 (6/1.5/SYS) GIN/0-a (6/1.5/SYS) GIN/0-b (6/1.5/SYS) GIN/0-c (7/16.0/SYS) GIN/0-d (7/16.0/SYS) 
gpu-nodes-0:5321:5321 [1] NCCL INFO NET/0-4 :GPU/0-3000 (6/16.0/SYS) GPU/0-13000 (6/16.0/SYS) GPU/0-63000 (6/16.0/SYS) GPU/0-73000 (6/16.0/SYS) GPU/0-83000 (3/48.0/PIX) GPU/0-93000 (5/48.0/PHB) GPU/0-e3000 (5/48.0/PHB) GPU/0-f3000 (5/48.0/PHB) CPU/0-0 (4/16.0/SYS) CPU/0-1 (3/48.0/PHB) NET/0-0 (7/16.0/SYS) NET/0-1 (7/16.0/SYS) NET/0-2 (7/16.0/SYS) NET/0-3 (7/16.0/SYS) NET/0-4 (0/5000.0/LOC) NET/0-5 (6/48.0/PHB) NET/0-6 (5/25.0/PHB) NET/0-7 (5/25.0/PHB) NET/0-e (5/48.0/PHB) NET/0-8 (5/1.5/PHB) NET/0-9 (5/1.5/PHB) NET/0-a (5/1.5/PHB) NET/0-b (5/1.5/PHB) NET/0-f (5/1.5/PHB) NET/0-c (6/48.0/PHB) NET/0-d (6/48.0/PHB) GIN/0-0 (7/16.0/SYS) GIN/0-1 (7/16.0/SYS) GIN/0-2 (7/16.0/SYS) GIN/0-3 (7/16.0/SYS) GIN/0-4 (2/50.0/LOC) GIN/0-5 (6/48.0/PHB) GIN/0-6 (5/25.0/PHB) GIN/0-7 (5/25.0/PHB) GIN/0-8 (5/1.5/PHB) GIN/0-9 (5/1.5/PHB) GIN/0-a (5/1.5/PHB) GIN/0-b (5/1.5/PHB) GIN/0-c (6/48.0/PHB) GIN/0-d (6/48.0/PHB) 
gpu-nodes-0:5321:5321 [1] NCCL INFO NET/0-5 :GPU/0-3000 (6/16.0/SYS) GPU/0-13000 (6/16.0/SYS) GPU/0-63000 (6/16.0/SYS) GPU/0-73000 (6/16.0/SYS) GPU/0-83000 (5/48.0/PHB) GPU/0-93000 (3/48.0/PIX) GPU/0-e3000 (5/48.0/PHB) GPU/0-f3000 (5/48.0/PHB) CPU/0-0 (4/16.0/SYS) CPU/0-1 (3/48.0/PHB) NET/0-0 (7/16.0/SYS) NET/0-1 (7/16.0/SYS) NET/0-2 (7/16.0/SYS) NET/0-3 (7/16.0/SYS) NET/0-4 (6/48.0/PHB) NET/0-5 (0/5000.0/LOC) NET/0-6 (5/25.0/PHB) NET/0-7 (5/25.0/PHB) NET/0-e (5/48.0/PHB) NET/0-8 (5/1.5/PHB) NET/0-9 (5/1.5/PHB) NET/0-a (5/1.5/PHB) NET/0-b (5/1.5/PHB) NET/0-f (5/1.5/PHB) NET/0-c (6/48.0/PHB) NET/0-d (6/48.0/PHB) GIN/0-0 (7/16.0/SYS) GIN/0-1 (7/16.0/SYS) GIN/0-2 (7/16.0/SYS) GIN/0-3 (7/16.0/SYS) GIN/0-4 (6/48.0/PHB) GIN/0-5 (2/50.0/LOC) GIN/0-6 (5/25.0/PHB) GIN/0-7 (5/25.0/PHB) GIN/0-8 (5/1.5/PHB) GIN/0-9 (5/1.5/PHB) GIN/0-a (5/1.5/PHB) GIN/0-b (5/1.5/PHB) GIN/0-c (6/48.0/PHB) GIN/0-d (6/48.0/PHB) 
gpu-nodes-0:5321:5321 [1] NCCL INFO NET/0-6 :GPU/0-3000 (5/16.0/SYS) GPU/0-13000 (5/16.0/SYS) GPU/0-63000 (5/16.0/SYS) GPU/0-73000 (5/16.0/SYS) GPU/0-83000 (4/25.0/PHB) GPU/0-93000 (4/25.0/PHB) GPU/0-e3000 (4/25.0/PHB) GPU/0-f3000 (4/25.0/PHB) CPU/0-0 (3/16.0/SYS) CPU/0-1 (2/25.0/PHB) NET/0-0 (6/16.0/SYS) NET/0-1 (6/16.0/SYS) NET/0-2 (6/16.0/SYS) NET/0-3 (6/16.0/SYS) NET/0-4 (5/25.0/PHB) NET/0-5 (5/25.0/PHB) NET/0-6 (0/5000.0/LOC) NET/0-7 (2/25.0/LOC) NET/0-e (2/25.0/LOC) NET/0-8 (4/1.5/PHB) NET/0-9 (4/1.5/PHB) NET/0-a (4/1.5/PHB) NET/0-b (4/1.5/PHB) NET/0-f (4/1.5/PHB) NET/0-c (5/25.0/PHB) NET/0-d (5/25.0/PHB) GIN/0-0 (6/16.0/SYS) GIN/0-1 (6/16.0/SYS) GIN/0-2 (6/16.0/SYS) GIN/0-3 (6/16.0/SYS) GIN/0-4 (5/25.0/PHB) GIN/0-5 (5/25.0/PHB) GIN/0-6 (2/25.0/LOC) GIN/0-7 (2/25.0/LOC) GIN/0-8 (4/1.5/PHB) GIN/0-9 (4/1.5/PHB) GIN/0-a (4/1.5/PHB) GIN/0-b (4/1.5/PHB) GIN/0-c (5/25.0/PHB) GIN/0-d (5/25.0/PHB) 
gpu-nodes-0:5321:5321 [1] NCCL INFO NET/0-7 :GPU/0-3000 (5/16.0/SYS) GPU/0-13000 (5/16.0/SYS) GPU/0-63000 (5/16.0/SYS) GPU/0-73000 (5/16.0/SYS) GPU/0-83000 (4/25.0/PHB) GPU/0-93000 (4/25.0/PHB) GPU/0-e3000 (4/25.0/PHB) GPU/0-f3000 (4/25.0/PHB) CPU/0-0 (3/16.0/SYS) CPU/0-1 (2/25.0/PHB) NET/0-0 (6/16.0/SYS) NET/0-1 (6/16.0/SYS) NET/0-2 (6/16.0/SYS) NET/0-3 (6/16.0/SYS) NET/0-4 (5/25.0/PHB) NET/0-5 (5/25.0/PHB) NET/0-6 (2/25.0/LOC) NET/0-7 (0/5000.0/LOC) NET/0-e (2/25.0/LOC) NET/0-8 (4/1.5/PHB) NET/0-9 (4/1.5/PHB) NET/0-a (4/1.5/PHB) NET/0-b (4/1.5/PHB) NET/0-f (4/1.5/PHB) NET/0-c (5/25.0/PHB) NET/0-d (5/25.0/PHB) GIN/0-0 (6/16.0/SYS) GIN/0-1 (6/16.0/SYS) GIN/0-2 (6/16.0/SYS) GIN/0-3 (6/16.0/SYS) GIN/0-4 (5/25.0/PHB) GIN/0-5 (5/25.0/PHB) GIN/0-6 (2/25.0/LOC) GIN/0-7 (2/25.0/LOC) GIN/0-8 (4/1.5/PHB) GIN/0-9 (4/1.5/PHB) GIN/0-a (4/1.5/PHB) GIN/0-b (4/1.5/PHB) GIN/0-c (5/25.0/PHB) GIN/0-d (5/25.0/PHB) 
gpu-nodes-0:5321:5321 [1] NCCL INFO NET/0-e :GPU/0-3000 (5/16.0/SYS) GPU/0-13000 (5/16.0/SYS) GPU/0-63000 (5/16.0/SYS) GPU/0-73000 (5/16.0/SYS) GPU/0-83000 (4/48.0/PHB) GPU/0-93000 (4/48.0/PHB) GPU/0-e3000 (4/48.0/PHB) GPU/0-f3000 (4/48.0/PHB) CPU/0-0 (3/16.0/SYS) CPU/0-1 (2/48.0/PHB) NET/0-0 (6/16.0/SYS) NET/0-1 (6/16.0/SYS) NET/0-2 (6/16.0/SYS) NET/0-3 (6/16.0/SYS) NET/0-4 (5/48.0/PHB) NET/0-5 (5/48.0/PHB) NET/0-6 (2/25.0/LOC) NET/0-7 (2/25.0/LOC) NET/0-e (0/5000.0/LOC) NET/0-8 (4/1.5/PHB) NET/0-9 (4/1.5/PHB) NET/0-a (4/1.5/PHB) NET/0-b (4/1.5/PHB) NET/0-f (4/1.5/PHB) NET/0-c (5/48.0/PHB) NET/0-d (5/48.0/PHB) GIN/0-0 (6/16.0/SYS) GIN/0-1 (6/16.0/SYS) GIN/0-2 (6/16.0/SYS) GIN/0-3 (6/16.0/SYS) GIN/0-4 (5/48.0/PHB) GIN/0-5 (5/48.0/PHB) GIN/0-6 (2/25.0/LOC) GIN/0-7 (2/25.0/LOC) GIN/0-8 (4/1.5/PHB) GIN/0-9 (4/1.5/PHB) GIN/0-a (4/1.5/PHB) GIN/0-b (4/1.5/PHB) GIN/0-c (5/48.0/PHB) GIN/0-d (5/48.0/PHB) 
gpu-nodes-0:5321:5321 [1] NCCL INFO NET/0-8 :GPU/0-3000 (5/1.5/SYS) GPU/0-13000 (5/1.5/SYS) GPU/0-63000 (5/1.5/SYS) GPU/0-73000 (5/1.5/SYS) GPU/0-83000 (4/1.5/PHB) GPU/0-93000 (4/1.5/PHB) GPU/0-e3000 (4/1.5/PHB) GPU/0-f3000 (4/1.5/PHB) CPU/0-0 (3/1.5/SYS) CPU/0-1 (2/1.5/PHB) NET/0-0 (6/1.5/SYS) NET/0-1 (6/1.5/SYS) NET/0-2 (6/1.5/SYS) NET/0-3 (6/1.5/SYS) NET/0-4 (5/1.5/PHB) NET/0-5 (5/1.5/PHB) NET/0-6 (4/1.5/PHB) NET/0-7 (4/1.5/PHB) NET/0-e (4/1.5/PHB) NET/0-8 (0/5000.0/LOC) NET/0-9 (2/12.5/LOC) NET/0-a (2/12.5/LOC) NET/0-b (2/12.5/LOC) NET/0-f (2/12.5/LOC) NET/0-c (5/1.5/PHB) NET/0-d (5/1.5/PHB) GIN/0-0 (6/1.5/SYS) GIN/0-1 (6/1.5/SYS) GIN/0-2 (6/1.5/SYS) GIN/0-3 (6/1.5/SYS) GIN/0-4 (5/1.5/PHB) GIN/0-5 (5/1.5/PHB) GIN/0-6 (4/1.5/PHB) GIN/0-7 (4/1.5/PHB) GIN/0-8 (2/12.5/LOC) GIN/0-9 (2/12.5/LOC) GIN/0-a (2/12.5/LOC) GIN/0-b (2/12.5/LOC) GIN/0-c (5/1.5/PHB) GIN/0-d (5/1.5/PHB) 
gpu-nodes-0:5321:5321 [1] NCCL INFO NET/0-9 :GPU/0-3000 (5/1.5/SYS) GPU/0-13000 (5/1.5/SYS) GPU/0-63000 (5/1.5/SYS) GPU/0-73000 (5/1.5/SYS) GPU/0-83000 (4/1.5/PHB) GPU/0-93000 (4/1.5/PHB) GPU/0-e3000 (4/1.5/PHB) GPU/0-f3000 (4/1.5/PHB) CPU/0-0 (3/1.5/SYS) CPU/0-1 (2/1.5/PHB) NET/0-0 (6/1.5/SYS) NET/0-1 (6/1.5/SYS) NET/0-2 (6/1.5/SYS) NET/0-3 (6/1.5/SYS) NET/0-4 (5/1.5/PHB) NET/0-5 (5/1.5/PHB) NET/0-6 (4/1.5/PHB) NET/0-7 (4/1.5/PHB) NET/0-e (4/1.5/PHB) NET/0-8 (2/12.5/LOC) NET/0-9 (0/5000.0/LOC) NET/0-a (2/12.5/LOC) NET/0-b (2/12.5/LOC) NET/0-f (2/12.5/LOC) NET/0-c (5/1.5/PHB) NET/0-d (5/1.5/PHB) GIN/0-0 (6/1.5/SYS) GIN/0-1 (6/1.5/SYS) GIN/0-2 (6/1.5/SYS) GIN/0-3 (6/1.5/SYS) GIN/0-4 (5/1.5/PHB) GIN/0-5 (5/1.5/PHB) GIN/0-6 (4/1.5/PHB) GIN/0-7 (4/1.5/PHB) GIN/0-8 (2/12.5/LOC) GIN/0-9 (2/12.5/LOC) GIN/0-a (2/12.5/LOC) GIN/0-b (2/12.5/LOC) GIN/0-c (5/1.5/PHB) GIN/0-d (5/1.5/PHB) 
gpu-nodes-0:5321:5321 [1] NCCL INFO NET/0-a :GPU/0-3000 (5/1.5/SYS) GPU/0-13000 (5/1.5/SYS) GPU/0-63000 (5/1.5/SYS) GPU/0-73000 (5/1.5/SYS) GPU/0-83000 (4/1.5/PHB) GPU/0-93000 (4/1.5/PHB) GPU/0-e3000 (4/1.5/PHB) GPU/0-f3000 (4/1.5/PHB) CPU/0-0 (3/1.5/SYS) CPU/0-1 (2/1.5/PHB) NET/0-0 (6/1.5/SYS) NET/0-1 (6/1.5/SYS) NET/0-2 (6/1.5/SYS) NET/0-3 (6/1.5/SYS) NET/0-4 (5/1.5/PHB) NET/0-5 (5/1.5/PHB) NET/0-6 (4/1.5/PHB) NET/0-7 (4/1.5/PHB) NET/0-e (4/1.5/PHB) NET/0-8 (2/12.5/LOC) NET/0-9 (2/12.5/LOC) NET/0-a (0/5000.0/LOC) NET/0-b (2/12.5/LOC) NET/0-f (2/12.5/LOC) NET/0-c (5/1.5/PHB) NET/0-d (5/1.5/PHB) GIN/0-0 (6/1.5/SYS) GIN/0-1 (6/1.5/SYS) GIN/0-2 (6/1.5/SYS) GIN/0-3 (6/1.5/SYS) GIN/0-4 (5/1.5/PHB) GIN/0-5 (5/1.5/PHB) GIN/0-6 (4/1.5/PHB) GIN/0-7 (4/1.5/PHB) GIN/0-8 (2/12.5/LOC) GIN/0-9 (2/12.5/LOC) GIN/0-a (2/12.5/LOC) GIN/0-b (2/12.5/LOC) GIN/0-c (5/1.5/PHB) GIN/0-d (5/1.5/PHB) 
gpu-nodes-0:5321:5321 [1] NCCL INFO NET/0-b :GPU/0-3000 (5/1.5/SYS) GPU/0-13000 (5/1.5/SYS) GPU/0-63000 (5/1.5/SYS) GPU/0-73000 (5/1.5/SYS) GPU/0-83000 (4/1.5/PHB) GPU/0-93000 (4/1.5/PHB) GPU/0-e3000 (4/1.5/PHB) GPU/0-f3000 (4/1.5/PHB) CPU/0-0 (3/1.5/SYS) CPU/0-1 (2/1.5/PHB) NET/0-0 (6/1.5/SYS) NET/0-1 (6/1.5/SYS) NET/0-2 (6/1.5/SYS) NET/0-3 (6/1.5/SYS) NET/0-4 (5/1.5/PHB) NET/0-5 (5/1.5/PHB) NET/0-6 (4/1.5/PHB) NET/0-7 (4/1.5/PHB) NET/0-e (4/1.5/PHB) NET/0-8 (2/12.5/LOC) NET/0-9 (2/12.5/LOC) NET/0-a (2/12.5/LOC) NET/0-b (0/5000.0/LOC) NET/0-f (2/12.5/LOC) NET/0-c (5/1.5/PHB) NET/0-d (5/1.5/PHB) GIN/0-0 (6/1.5/SYS) GIN/0-1 (6/1.5/SYS) GIN/0-2 (6/1.5/SYS) GIN/0-3 (6/1.5/SYS) GIN/0-4 (5/1.5/PHB) GIN/0-5 (5/1.5/PHB) GIN/0-6 (4/1.5/PHB) GIN/0-7 (4/1.5/PHB) GIN/0-8 (2/12.5/LOC) GIN/0-9 (2/12.5/LOC) GIN/0-a (2/12.5/LOC) GIN/0-b (2/12.5/LOC) GIN/0-c (5/1.5/PHB) GIN/0-d (5/1.5/PHB) 
gpu-nodes-0:5321:5321 [1] NCCL INFO NET/0-f :GPU/0-3000 (5/1.5/SYS) GPU/0-13000 (5/1.5/SYS) GPU/0-63000 (5/1.5/SYS) GPU/0-73000 (5/1.5/SYS) GPU/0-83000 (4/1.5/PHB) GPU/0-93000 (4/1.5/PHB) GPU/0-e3000 (4/1.5/PHB) GPU/0-f3000 (4/1.5/PHB) CPU/0-0 (3/1.5/SYS) CPU/0-1 (2/1.5/PHB) NET/0-0 (6/1.5/SYS) NET/0-1 (6/1.5/SYS) NET/0-2 (6/1.5/SYS) NET/0-3 (6/1.5/SYS) NET/0-4 (5/1.5/PHB) NET/0-5 (5/1.5/PHB) NET/0-6 (4/1.5/PHB) NET/0-7 (4/1.5/PHB) NET/0-e (4/1.5/PHB) NET/0-8 (2/12.5/LOC) NET/0-9 (2/12.5/LOC) NET/0-a (2/12.5/LOC) NET/0-b (2/12.5/LOC) NET/0-f (0/5000.0/LOC) NET/0-c (5/1.5/PHB) NET/0-d (5/1.5/PHB) GIN/0-0 (6/1.5/SYS) GIN/0-1 (6/1.5/SYS) GIN/0-2 (6/1.5/SYS) GIN/0-3 (6/1.5/SYS) GIN/0-4 (5/1.5/PHB) GIN/0-5 (5/1.5/PHB) GIN/0-6 (4/1.5/PHB) GIN/0-7 (4/1.5/PHB) GIN/0-8 (2/12.5/LOC) GIN/0-9 (2/12.5/LOC) GIN/0-a (2/12.5/LOC) GIN/0-b (2/12.5/LOC) GIN/0-c (5/1.5/PHB) GIN/0-d (5/1.5/PHB) 
gpu-nodes-0:5321:5321 [1] NCCL INFO NET/0-c :GPU/0-3000 (6/16.0/SYS) GPU/0-13000 (6/16.0/SYS) GPU/0-63000 (6/16.0/SYS) GPU/0-73000 (6/16.0/SYS) GPU/0-83000 (5/48.0/PHB) GPU/0-93000 (5/48.0/PHB) GPU/0-e3000 (3/48.0/PIX) GPU/0-f3000 (5/48.0/PHB) CPU/0-0 (4/16.0/SYS) CPU/0-1 (3/48.0/PHB) NET/0-0 (7/16.0/SYS) NET/0-1 (7/16.0/SYS) NET/0-2 (7/16.0/SYS) NET/0-3 (7/16.0/SYS) NET/0-4 (6/48.0/PHB) NET/0-5 (6/48.0/PHB) NET/0-6 (5/25.0/PHB) NET/0-7 (5/25.0/PHB) NET/0-e (5/48.0/PHB) NET/0-8 (5/1.5/PHB) NET/0-9 (5/1.5/PHB) NET/0-a (5/1.5/PHB) NET/0-b (5/1.5/PHB) NET/0-f (5/1.5/PHB) NET/0-c (0/5000.0/LOC) NET/0-d (6/48.0/PHB) GIN/0-0 (7/16.0/SYS) GIN/0-1 (7/16.0/SYS) GIN/0-2 (7/16.0/SYS) GIN/0-3 (7/16.0/SYS) GIN/0-4 (6/48.0/PHB) GIN/0-5 (6/48.0/PHB) GIN/0-6 (5/25.0/PHB) GIN/0-7 (5/25.0/PHB) GIN/0-8 (5/1.5/PHB) GIN/0-9 (5/1.5/PHB) GIN/0-a (5/1.5/PHB) GIN/0-b (5/1.5/PHB) GIN/0-c (2/50.0/LOC) GIN/0-d (6/48.0/PHB) 
gpu-nodes-0:5321:5321 [1] NCCL INFO NET/0-d :GPU/0-3000 (6/16.0/SYS) GPU/0-13000 (6/16.0/SYS) GPU/0-63000 (6/16.0/SYS) GPU/0-73000 (6/16.0/SYS) GPU/0-83000 (5/48.0/PHB) GPU/0-93000 (5/48.0/PHB) GPU/0-e3000 (5/48.0/PHB) GPU/0-f3000 (3/48.0/PIX) CPU/0-0 (4/16.0/SYS) CPU/0-1 (3/48.0/PHB) NET/0-0 (7/16.0/SYS) NET/0-1 (7/16.0/SYS) NET/0-2 (7/16.0/SYS) NET/0-3 (7/16.0/SYS) NET/0-4 (6/48.0/PHB) NET/0-5 (6/48.0/PHB) NET/0-6 (5/25.0/PHB) NET/0-7 (5/25.0/PHB) NET/0-e (5/48.0/PHB) NET/0-8 (5/1.5/PHB) NET/0-9 (5/1.5/PHB) NET/0-a (5/1.5/PHB) NET/0-b (5/1.5/PHB) NET/0-f (5/1.5/PHB) NET/0-c (6/48.0/PHB) NET/0-d (0/5000.0/LOC) GIN/0-0 (7/16.0/SYS) GIN/0-1 (7/16.0/SYS) GIN/0-2 (7/16.0/SYS) GIN/0-3 (7/16.0/SYS) GIN/0-4 (6/48.0/PHB) GIN/0-5 (6/48.0/PHB) GIN/0-6 (5/25.0/PHB) GIN/0-7 (5/25.0/PHB) GIN/0-8 (5/1.5/PHB) GIN/0-9 (5/1.5/PHB) GIN/0-a (5/1.5/PHB) GIN/0-b (5/1.5/PHB) GIN/0-c (6/48.0/PHB) GIN/0-d (2/50.0/LOC) 
gpu-nodes-0:5321:5321 [1] NCCL INFO GIN/0-0 :GPU/0-3000 (3/48.0/PIX) GPU/0-13000 (5/48.0/PHB) GPU/0-63000 (5/48.0/PHB) GPU/0-73000 (5/48.0/PHB) GPU/0-83000 (6/16.0/SYS) GPU/0-93000 (6/16.0/SYS) GPU/0-e3000 (6/16.0/SYS) GPU/0-f3000 (6/16.0/SYS) CPU/0-0 (3/48.0/PHB) CPU/0-1 (4/16.0/SYS) NET/0-0 (2/50.0/LOC) NET/0-1 (6/48.0/PHB) NET/0-2 (6/48.0/PHB) NET/0-3 (6/48.0/PHB) NET/0-4 (7/16.0/SYS) NET/0-5 (7/16.0/SYS) NET/0-6 (6/16.0/SYS) NET/0-7 (6/16.0/SYS) NET/0-e (6/16.0/SYS) NET/0-8 (6/1.5/SYS) NET/0-9 (6/1.5/SYS) NET/0-a (6/1.5/SYS) NET/0-b (6/1.5/SYS) NET/0-f (6/1.5/SYS) NET/0-c (7/16.0/SYS) NET/0-d (7/16.0/SYS) GIN/0-0 (0/5000.0/LOC) GIN/0-1 (6/48.0/PHB) GIN/0-2 (6/48.0/PHB) GIN/0-3 (6/48.0/PHB) GIN/0-4 (7/16.0/SYS) GIN/0-5 (7/16.0/SYS) GIN/0-6 (6/16.0/SYS) GIN/0-7 (6/16.0/SYS) GIN/0-8 (6/1.5/SYS) GIN/0-9 (6/1.5/SYS) GIN/0-a (6/1.5/SYS) GIN/0-b (6/1.5/SYS) GIN/0-c (7/16.0/SYS) GIN/0-d (7/16.0/SYS) 
gpu-nodes-0:5321:5321 [1] NCCL INFO GIN/0-1 :GPU/0-3000 (5/48.0/PHB) GPU/0-13000 (3/48.0/PIX) GPU/0-63000 (5/48.0/PHB) GPU/0-73000 (5/48.0/PHB) GPU/0-83000 (6/16.0/SYS) GPU/0-93000 (6/16.0/SYS) GPU/0-e3000 (6/16.0/SYS) GPU/0-f3000 (6/16.0/SYS) CPU/0-0 (3/48.0/PHB) CPU/0-1 (4/16.0/SYS) NET/0-0 (6/48.0/PHB) NET/0-1 (2/50.0/LOC) NET/0-2 (6/48.0/PHB) NET/0-3 (6/48.0/PHB) NET/0-4 (7/16.0/SYS) NET/0-5 (7/16.0/SYS) NET/0-6 (6/16.0/SYS) NET/0-7 (6/16.0/SYS) NET/0-e (6/16.0/SYS) NET/0-8 (6/1.5/SYS) NET/0-9 (6/1.5/SYS) NET/0-a (6/1.5/SYS) NET/0-b (6/1.5/SYS) NET/0-f (6/1.5/SYS) NET/0-c (7/16.0/SYS) NET/0-d (7/16.0/SYS) GIN/0-0 (6/48.0/PHB) GIN/0-1 (0/5000.0/LOC) GIN/0-2 (6/48.0/PHB) GIN/0-3 (6/48.0/PHB) GIN/0-4 (7/16.0/SYS) GIN/0-5 (7/16.0/SYS) GIN/0-6 (6/16.0/SYS) GIN/0-7 (6/16.0/SYS) GIN/0-8 (6/1.5/SYS) GIN/0-9 (6/1.5/SYS) GIN/0-a (6/1.5/SYS) GIN/0-b (6/1.5/SYS) GIN/0-c (7/16.0/SYS) GIN/0-d (7/16.0/SYS) 
gpu-nodes-0:5321:5321 [1] NCCL INFO GIN/0-2 :GPU/0-3000 (5/48.0/PHB) GPU/0-13000 (5/48.0/PHB) GPU/0-63000 (3/48.0/PIX) GPU/0-73000 (5/48.0/PHB) GPU/0-83000 (6/16.0/SYS) GPU/0-93000 (6/16.0/SYS) GPU/0-e3000 (6/16.0/SYS) GPU/0-f3000 (6/16.0/SYS) CPU/0-0 (3/48.0/PHB) CPU/0-1 (4/16.0/SYS) NET/0-0 (6/48.0/PHB) NET/0-1 (6/48.0/PHB) NET/0-2 (2/50.0/LOC) NET/0-3 (6/48.0/PHB) NET/0-4 (7/16.0/SYS) NET/0-5 (7/16.0/SYS) NET/0-6 (6/16.0/SYS) NET/0-7 (6/16.0/SYS) NET/0-e (6/16.0/SYS) NET/0-8 (6/1.5/SYS) NET/0-9 (6/1.5/SYS) NET/0-a (6/1.5/SYS) NET/0-b (6/1.5/SYS) NET/0-f (6/1.5/SYS) NET/0-c (7/16.0/SYS) NET/0-d (7/16.0/SYS) GIN/0-0 (6/48.0/PHB) GIN/0-1 (6/48.0/PHB) GIN/0-2 (0/5000.0/LOC) GIN/0-3 (6/48.0/PHB) GIN/0-4 (7/16.0/SYS) GIN/0-5 (7/16.0/SYS) GIN/0-6 (6/16.0/SYS) GIN/0-7 (6/16.0/SYS) GIN/0-8 (6/1.5/SYS) GIN/0-9 (6/1.5/SYS) GIN/0-a (6/1.5/SYS) GIN/0-b (6/1.5/SYS) GIN/0-c (7/16.0/SYS) GIN/0-d (7/16.0/SYS) 
gpu-nodes-0:5321:5321 [1] NCCL INFO GIN/0-3 :GPU/0-3000 (5/48.0/PHB) GPU/0-13000 (5/48.0/PHB) GPU/0-63000 (5/48.0/PHB) GPU/0-73000 (3/48.0/PIX) GPU/0-83000 (6/16.0/SYS) GPU/0-93000 (6/16.0/SYS) GPU/0-e3000 (6/16.0/SYS) GPU/0-f3000 (6/16.0/SYS) CPU/0-0 (3/48.0/PHB) CPU/0-1 (4/16.0/SYS) NET/0-0 (6/48.0/PHB) NET/0-1 (6/48.0/PHB) NET/0-2 (6/48.0/PHB) NET/0-3 (2/50.0/LOC) NET/0-4 (7/16.0/SYS) NET/0-5 (7/16.0/SYS) NET/0-6 (6/16.0/SYS) NET/0-7 (6/16.0/SYS) NET/0-e (6/16.0/SYS) NET/0-8 (6/1.5/SYS) NET/0-9 (6/1.5/SYS) NET/0-a (6/1.5/SYS) NET/0-b (6/1.5/SYS) NET/0-f (6/1.5/SYS) NET/0-c (7/16.0/SYS) NET/0-d (7/16.0/SYS) GIN/0-0 (6/48.0/PHB) GIN/0-1 (6/48.0/PHB) GIN/0-2 (6/48.0/PHB) GIN/0-3 (0/5000.0/LOC) GIN/0-4 (7/16.0/SYS) GIN/0-5 (7/16.0/SYS) GIN/0-6 (6/16.0/SYS) GIN/0-7 (6/16.0/SYS) GIN/0-8 (6/1.5/SYS) GIN/0-9 (6/1.5/SYS) GIN/0-a (6/1.5/SYS) GIN/0-b (6/1.5/SYS) GIN/0-c (7/16.0/SYS) GIN/0-d (7/16.0/SYS) 
gpu-nodes-0:5321:5321 [1] NCCL INFO GIN/0-4 :GPU/0-3000 (6/16.0/SYS) GPU/0-13000 (6/16.0/SYS) GPU/0-63000 (6/16.0/SYS) GPU/0-73000 (6/16.0/SYS) GPU/0-83000 (3/48.0/PIX) GPU/0-93000 (5/48.0/PHB) GPU/0-e3000 (5/48.0/PHB) GPU/0-f3000 (5/48.0/PHB) CPU/0-0 (4/16.0/SYS) CPU/0-1 (3/48.0/PHB) NET/0-0 (7/16.0/SYS) NET/0-1 (7/16.0/SYS) NET/0-2 (7/16.0/SYS) NET/0-3 (7/16.0/SYS) NET/0-4 (2/50.0/LOC) NET/0-5 (6/48.0/PHB) NET/0-6 (5/25.0/PHB) NET/0-7 (5/25.0/PHB) NET/0-e (5/48.0/PHB) NET/0-8 (5/1.5/PHB) NET/0-9 (5/1.5/PHB) NET/0-a (5/1.5/PHB) NET/0-b (5/1.5/PHB) NET/0-f (5/1.5/PHB) NET/0-c (6/48.0/PHB) NET/0-d (6/48.0/PHB) GIN/0-0 (7/16.0/SYS) GIN/0-1 (7/16.0/SYS) GIN/0-2 (7/16.0/SYS) GIN/0-3 (7/16.0/SYS) GIN/0-4 (0/5000.0/LOC) GIN/0-5 (6/48.0/PHB) GIN/0-6 (5/25.0/PHB) GIN/0-7 (5/25.0/PHB) GIN/0-8 (5/1.5/PHB) GIN/0-9 (5/1.5/PHB) GIN/0-a (5/1.5/PHB) GIN/0-b (5/1.5/PHB) GIN/0-c (6/48.0/PHB) GIN/0-d (6/48.0/PHB) 
gpu-nodes-0:5321:5321 [1] NCCL INFO GIN/0-5 :GPU/0-3000 (6/16.0/SYS) GPU/0-13000 (6/16.0/SYS) GPU/0-63000 (6/16.0/SYS) GPU/0-73000 (6/16.0/SYS) GPU/0-83000 (5/48.0/PHB) GPU/0-93000 (3/48.0/PIX) GPU/0-e3000 (5/48.0/PHB) GPU/0-f3000 (5/48.0/PHB) CPU/0-0 (4/16.0/SYS) CPU/0-1 (3/48.0/PHB) NET/0-0 (7/16.0/SYS) NET/0-1 (7/16.0/SYS) NET/0-2 (7/16.0/SYS) NET/0-3 (7/16.0/SYS) NET/0-4 (6/48.0/PHB) NET/0-5 (2/50.0/LOC) NET/0-6 (5/25.0/PHB) NET/0-7 (5/25.0/PHB) NET/0-e (5/48.0/PHB) NET/0-8 (5/1.5/PHB) NET/0-9 (5/1.5/PHB) NET/0-a (5/1.5/PHB) NET/0-b (5/1.5/PHB) NET/0-f (5/1.5/PHB) NET/0-c (6/48.0/PHB) NET/0-d (6/48.0/PHB) GIN/0-0 (7/16.0/SYS) GIN/0-1 (7/16.0/SYS) GIN/0-2 (7/16.0/SYS) GIN/0-3 (7/16.0/SYS) GIN/0-4 (6/48.0/PHB) GIN/0-5 (0/5000.0/LOC) GIN/0-6 (5/25.0/PHB) GIN/0-7 (5/25.0/PHB) GIN/0-8 (5/1.5/PHB) GIN/0-9 (5/1.5/PHB) GIN/0-a (5/1.5/PHB) GIN/0-b (5/1.5/PHB) GIN/0-c (6/48.0/PHB) GIN/0-d (6/48.0/PHB) 
gpu-nodes-0:5321:5321 [1] NCCL INFO GIN/0-6 :GPU/0-3000 (5/16.0/SYS) GPU/0-13000 (5/16.0/SYS) GPU/0-63000 (5/16.0/SYS) GPU/0-73000 (5/16.0/SYS) GPU/0-83000 (4/25.0/PHB) GPU/0-93000 (4/25.0/PHB) GPU/0-e3000 (4/25.0/PHB) GPU/0-f3000 (4/25.0/PHB) CPU/0-0 (3/16.0/SYS) CPU/0-1 (2/25.0/PHB) NET/0-0 (6/16.0/SYS) NET/0-1 (6/16.0/SYS) NET/0-2 (6/16.0/SYS) NET/0-3 (6/16.0/SYS) NET/0-4 (5/25.0/PHB) NET/0-5 (5/25.0/PHB) NET/0-6 (2/25.0/LOC) NET/0-7 (2/25.0/LOC) NET/0-e (2/25.0/LOC) NET/0-8 (4/1.5/PHB) NET/0-9 (4/1.5/PHB) NET/0-a (4/1.5/PHB) NET/0-b (4/1.5/PHB) NET/0-f (4/1.5/PHB) NET/0-c (5/25.0/PHB) NET/0-d (5/25.0/PHB) GIN/0-0 (6/16.0/SYS) GIN/0-1 (6/16.0/SYS) GIN/0-2 (6/16.0/SYS) GIN/0-3 (6/16.0/SYS) GIN/0-4 (5/25.0/PHB) GIN/0-5 (5/25.0/PHB) GIN/0-6 (0/5000.0/LOC) GIN/0-7 (2/25.0/LOC) GIN/0-8 (4/1.5/PHB) GIN/0-9 (4/1.5/PHB) GIN/0-a (4/1.5/PHB) GIN/0-b (4/1.5/PHB) GIN/0-c (5/25.0/PHB) GIN/0-d (5/25.0/PHB) 
gpu-nodes-0:5321:5321 [1] NCCL INFO GIN/0-7 :GPU/0-3000 (5/16.0/SYS) GPU/0-13000 (5/16.0/SYS) GPU/0-63000 (5/16.0/SYS) GPU/0-73000 (5/16.0/SYS) GPU/0-83000 (4/25.0/PHB) GPU/0-93000 (4/25.0/PHB) GPU/0-e3000 (4/25.0/PHB) GPU/0-f3000 (4/25.0/PHB) CPU/0-0 (3/16.0/SYS) CPU/0-1 (2/25.0/PHB) NET/0-0 (6/16.0/SYS) NET/0-1 (6/16.0/SYS) NET/0-2 (6/16.0/SYS) NET/0-3 (6/16.0/SYS) NET/0-4 (5/25.0/PHB) NET/0-5 (5/25.0/PHB) NET/0-6 (2/25.0/LOC) NET/0-7 (2/25.0/LOC) NET/0-e (2/25.0/LOC) NET/0-8 (4/1.5/PHB) NET/0-9 (4/1.5/PHB) NET/0-a (4/1.5/PHB) NET/0-b (4/1.5/PHB) NET/0-f (4/1.5/PHB) NET/0-c (5/25.0/PHB) NET/0-d (5/25.0/PHB) GIN/0-0 (6/16.0/SYS) GIN/0-1 (6/16.0/SYS) GIN/0-2 (6/16.0/SYS) GIN/0-3 (6/16.0/SYS) GIN/0-4 (5/25.0/PHB) GIN/0-5 (5/25.0/PHB) GIN/0-6 (2/25.0/LOC) GIN/0-7 (0/5000.0/LOC) GIN/0-8 (4/1.5/PHB) GIN/0-9 (4/1.5/PHB) GIN/0-a (4/1.5/PHB) GIN/0-b (4/1.5/PHB) GIN/0-c (5/25.0/PHB) GIN/0-d (5/25.0/PHB) 
gpu-nodes-0:5321:5321 [1] NCCL INFO GIN/0-8 :GPU/0-3000 (5/1.5/SYS) GPU/0-13000 (5/1.5/SYS) GPU/0-63000 (5/1.5/SYS) GPU/0-73000 (5/1.5/SYS) GPU/0-83000 (4/1.5/PHB) GPU/0-93000 (4/1.5/PHB) GPU/0-e3000 (4/1.5/PHB) GPU/0-f3000 (4/1.5/PHB) CPU/0-0 (3/1.5/SYS) CPU/0-1 (2/1.5/PHB) NET/0-0 (6/1.5/SYS) NET/0-1 (6/1.5/SYS) NET/0-2 (6/1.5/SYS) NET/0-3 (6/1.5/SYS) NET/0-4 (5/1.5/PHB) NET/0-5 (5/1.5/PHB) NET/0-6 (4/1.5/PHB) NET/0-7 (4/1.5/PHB) NET/0-e (4/1.5/PHB) NET/0-8 (2/12.5/LOC) NET/0-9 (2/12.5/LOC) NET/0-a (2/12.5/LOC) NET/0-b (2/12.5/LOC) NET/0-f (2/12.5/LOC) NET/0-c (5/1.5/PHB) NET/0-d (5/1.5/PHB) GIN/0-0 (6/1.5/SYS) GIN/0-1 (6/1.5/SYS) GIN/0-2 (6/1.5/SYS) GIN/0-3 (6/1.5/SYS) GIN/0-4 (5/1.5/PHB) GIN/0-5 (5/1.5/PHB) GIN/0-6 (4/1.5/PHB) GIN/0-7 (4/1.5/PHB) GIN/0-8 (0/5000.0/LOC) GIN/0-9 (2/12.5/LOC) GIN/0-a (2/12.5/LOC) GIN/0-b (2/12.5/LOC) GIN/0-c (5/1.5/PHB) GIN/0-d (5/1.5/PHB) 
gpu-nodes-0:5321:5321 [1] NCCL INFO GIN/0-9 :GPU/0-3000 (5/1.5/SYS) GPU/0-13000 (5/1.5/SYS) GPU/0-63000 (5/1.5/SYS) GPU/0-73000 (5/1.5/SYS) GPU/0-83000 (4/1.5/PHB) GPU/0-93000 (4/1.5/PHB) GPU/0-e3000 (4/1.5/PHB) GPU/0-f3000 (4/1.5/PHB) CPU/0-0 (3/1.5/SYS) CPU/0-1 (2/1.5/PHB) NET/0-0 (6/1.5/SYS) NET/0-1 (6/1.5/SYS) NET/0-2 (6/1.5/SYS) NET/0-3 (6/1.5/SYS) NET/0-4 (5/1.5/PHB) NET/0-5 (5/1.5/PHB) NET/0-6 (4/1.5/PHB) NET/0-7 (4/1.5/PHB) NET/0-e (4/1.5/PHB) NET/0-8 (2/12.5/LOC) NET/0-9 (2/12.5/LOC) NET/0-a (2/12.5/LOC) NET/0-b (2/12.5/LOC) NET/0-f (2/12.5/LOC) NET/0-c (5/1.5/PHB) NET/0-d (5/1.5/PHB) GIN/0-0 (6/1.5/SYS) GIN/0-1 (6/1.5/SYS) GIN/0-2 (6/1.5/SYS) GIN/0-3 (6/1.5/SYS) GIN/0-4 (5/1.5/PHB) GIN/0-5 (5/1.5/PHB) GIN/0-6 (4/1.5/PHB) GIN/0-7 (4/1.5/PHB) GIN/0-8 (2/12.5/LOC) GIN/0-9 (0/5000.0/LOC) GIN/0-a (2/12.5/LOC) GIN/0-b (2/12.5/LOC) GIN/0-c (5/1.5/PHB) GIN/0-d (5/1.5/PHB) 
gpu-nodes-0:5321:5321 [1] NCCL INFO GIN/0-a :GPU/0-3000 (5/1.5/SYS) GPU/0-13000 (5/1.5/SYS) GPU/0-63000 (5/1.5/SYS) GPU/0-73000 (5/1.5/SYS) GPU/0-83000 (4/1.5/PHB) GPU/0-93000 (4/1.5/PHB) GPU/0-e3000 (4/1.5/PHB) GPU/0-f3000 (4/1.5/PHB) CPU/0-0 (3/1.5/SYS) CPU/0-1 (2/1.5/PHB) NET/0-0 (6/1.5/SYS) NET/0-1 (6/1.5/SYS) NET/0-2 (6/1.5/SYS) NET/0-3 (6/1.5/SYS) NET/0-4 (5/1.5/PHB) NET/0-5 (5/1.5/PHB) NET/0-6 (4/1.5/PHB) NET/0-7 (4/1.5/PHB) NET/0-e (4/1.5/PHB) NET/0-8 (2/12.5/LOC) NET/0-9 (2/12.5/LOC) NET/0-a (2/12.5/LOC) NET/0-b (2/12.5/LOC) NET/0-f (2/12.5/LOC) NET/0-c (5/1.5/PHB) NET/0-d (5/1.5/PHB) GIN/0-0 (6/1.5/SYS) GIN/0-1 (6/1.5/SYS) GIN/0-2 (6/1.5/SYS) GIN/0-3 (6/1.5/SYS) GIN/0-4 (5/1.5/PHB) GIN/0-5 (5/1.5/PHB) GIN/0-6 (4/1.5/PHB) GIN/0-7 (4/1.5/PHB) GIN/0-8 (2/12.5/LOC) GIN/0-9 (2/12.5/LOC) GIN/0-a (0/5000.0/LOC) GIN/0-b (2/12.5/LOC) GIN/0-c (5/1.5/PHB) GIN/0-d (5/1.5/PHB) 
gpu-nodes-0:5321:5321 [1] NCCL INFO GIN/0-b :GPU/0-3000 (5/1.5/SYS) GPU/0-13000 (5/1.5/SYS) GPU/0-63000 (5/1.5/SYS) GPU/0-73000 (5/1.5/SYS) GPU/0-83000 (4/1.5/PHB) GPU/0-93000 (4/1.5/PHB) GPU/0-e3000 (4/1.5/PHB) GPU/0-f3000 (4/1.5/PHB) CPU/0-0 (3/1.5/SYS) CPU/0-1 (2/1.5/PHB) NET/0-0 (6/1.5/SYS) NET/0-1 (6/1.5/SYS) NET/0-2 (6/1.5/SYS) NET/0-3 (6/1.5/SYS) NET/0-4 (5/1.5/PHB) NET/0-5 (5/1.5/PHB) NET/0-6 (4/1.5/PHB) NET/0-7 (4/1.5/PHB) NET/0-e (4/1.5/PHB) NET/0-8 (2/12.5/LOC) NET/0-9 (2/12.5/LOC) NET/0-a (2/12.5/LOC) NET/0-b (2/12.5/LOC) NET/0-f (2/12.5/LOC) NET/0-c (5/1.5/PHB) NET/0-d (5/1.5/PHB) GIN/0-0 (6/1.5/SYS) GIN/0-1 (6/1.5/SYS) GIN/0-2 (6/1.5/SYS) GIN/0-3 (6/1.5/SYS) GIN/0-4 (5/1.5/PHB) GIN/0-5 (5/1.5/PHB) GIN/0-6 (4/1.5/PHB) GIN/0-7 (4/1.5/PHB) GIN/0-8 (2/12.5/LOC) GIN/0-9 (2/12.5/LOC) GIN/0-a (2/12.5/LOC) GIN/0-b (0/5000.0/LOC) GIN/0-c (5/1.5/PHB) GIN/0-d (5/1.5/PHB) 
gpu-nodes-0:5321:5321 [1] NCCL INFO GIN/0-c :GPU/0-3000 (6/16.0/SYS) GPU/0-13000 (6/16.0/SYS) GPU/0-63000 (6/16.0/SYS) GPU/0-73000 (6/16.0/SYS) GPU/0-83000 (5/48.0/PHB) GPU/0-93000 (5/48.0/PHB) GPU/0-e3000 (3/48.0/PIX) GPU/0-f3000 (5/48.0/PHB) CPU/0-0 (4/16.0/SYS) CPU/0-1 (3/48.0/PHB) NET/0-0 (7/16.0/SYS) NET/0-1 (7/16.0/SYS) NET/0-2 (7/16.0/SYS) NET/0-3 (7/16.0/SYS) NET/0-4 (6/48.0/PHB) NET/0-5 (6/48.0/PHB) NET/0-6 (5/25.0/PHB) NET/0-7 (5/25.0/PHB) NET/0-e (5/48.0/PHB) NET/0-8 (5/1.5/PHB) NET/0-9 (5/1.5/PHB) NET/0-a (5/1.5/PHB) NET/0-b (5/1.5/PHB) NET/0-f (5/1.5/PHB) NET/0-c (2/50.0/LOC) NET/0-d (6/48.0/PHB) GIN/0-0 (7/16.0/SYS) GIN/0-1 (7/16.0/SYS) GIN/0-2 (7/16.0/SYS) GIN/0-3 (7/16.0/SYS) GIN/0-4 (6/48.0/PHB) GIN/0-5 (6/48.0/PHB) GIN/0-6 (5/25.0/PHB) GIN/0-7 (5/25.0/PHB) GIN/0-8 (5/1.5/PHB) GIN/0-9 (5/1.5/PHB) GIN/0-a (5/1.5/PHB) GIN/0-b (5/1.5/PHB) GIN/0-c (0/5000.0/LOC) GIN/0-d (6/48.0/PHB) 
gpu-nodes-0:5321:5321 [1] NCCL INFO GIN/0-d :GPU/0-3000 (6/16.0/SYS) GPU/0-13000 (6/16.0/SYS) GPU/0-63000 (6/16.0/SYS) GPU/0-73000 (6/16.0/SYS) GPU/0-83000 (5/48.0/PHB) GPU/0-93000 (5/48.0/PHB) GPU/0-e3000 (5/48.0/PHB) GPU/0-f3000 (3/48.0/PIX) CPU/0-0 (4/16.0/SYS) CPU/0-1 (3/48.0/PHB) NET/0-0 (7/16.0/SYS) NET/0-1 (7/16.0/SYS) NET/0-2 (7/16.0/SYS) NET/0-3 (7/16.0/SYS) NET/0-4 (6/48.0/PHB) NET/0-5 (6/48.0/PHB) NET/0-6 (5/25.0/PHB) NET/0-7 (5/25.0/PHB) NET/0-e (5/48.0/PHB) NET/0-8 (5/1.5/PHB) NET/0-9 (5/1.5/PHB) NET/0-a (5/1.5/PHB) NET/0-b (5/1.5/PHB) NET/0-f (5/1.5/PHB) NET/0-c (6/48.0/PHB) NET/0-d (2/50.0/LOC) GIN/0-0 (7/16.0/SYS) GIN/0-1 (7/16.0/SYS) GIN/0-2 (7/16.0/SYS) GIN/0-3 (7/16.0/SYS) GIN/0-4 (6/48.0/PHB) GIN/0-5 (6/48.0/PHB) GIN/0-6 (5/25.0/PHB) GIN/0-7 (5/25.0/PHB) GIN/0-8 (5/1.5/PHB) GIN/0-9 (5/1.5/PHB) GIN/0-a (5/1.5/PHB) GIN/0-b (5/1.5/PHB) GIN/0-c (6/48.0/PHB) GIN/0-d (0/5000.0/LOC) 
gpu-nodes-0:5321:5321 [1] NCCL INFO ncclTopoGetCpuAffinity: Affinity for GPU 1 is 0-63,128-191. (GPU affinity = 0-63,128-191 ; CPU affinity = 0-63,128-191).
gpu-nodes-0:5321:5321 [1] NCCL INFO NVLS multicast support is available on dev 1 (NVLS_NCHANNELS 32)
gpu-nodes-0:5321:5321 [1] NCCL INFO Pattern 4, crossNic 0, nChannels 8, bw 48.000000/48.000000, type NVL/PXN, sameChannels 0
gpu-nodes-0:5321:5321 [1] NCCL INFO  0 : NET/0-0 GPU/0-3000 GPU/0-f3000 GPU/0-e3000 GPU/0-93000 GPU/0-83000 GPU/0-73000 GPU/0-63000 GPU/0-13000 NET/0-0
gpu-nodes-0:5321:5321 [1] NCCL INFO  1 : NET/0-1 GPU/0-13000 GPU/0-3000 GPU/0-f3000 GPU/0-e3000 GPU/0-93000 GPU/0-83000 GPU/0-73000 GPU/0-63000 NET/0-1
gpu-nodes-0:5321:5321 [1] NCCL INFO  2 : NET/0-2 GPU/0-63000 GPU/0-13000 GPU/0-3000 GPU/0-f3000 GPU/0-e3000 GPU/0-93000 GPU/0-83000 GPU/0-73000 NET/0-2
gpu-nodes-0:5321:5321 [1] NCCL INFO  3 : NET/0-3 GPU/0-73000 GPU/0-63000 GPU/0-13000 GPU/0-3000 GPU/0-f3000 GPU/0-e3000 GPU/0-93000 GPU/0-83000 NET/0-3
gpu-nodes-0:5321:5321 [1] NCCL INFO  4 : NET/0-4 GPU/0-83000 GPU/0-73000 GPU/0-63000 GPU/0-13000 GPU/0-3000 GPU/0-f3000 GPU/0-e3000 GPU/0-93000 NET/0-4
gpu-nodes-0:5321:5321 [1] NCCL INFO  5 : NET/0-5 GPU/0-93000 GPU/0-83000 GPU/0-73000 GPU/0-63000 GPU/0-13000 GPU/0-3000 GPU/0-f3000 GPU/0-e3000 NET/0-5
gpu-nodes-0:5321:5321 [1] NCCL INFO  6 : NET/0-c GPU/0-e3000 GPU/0-93000 GPU/0-83000 GPU/0-73000 GPU/0-63000 GPU/0-13000 GPU/0-3000 GPU/0-f3000 NET/0-c
gpu-nodes-0:5321:5321 [1] NCCL INFO  7 : NET/0-d GPU/0-f3000 GPU/0-e3000 GPU/0-93000 GPU/0-83000 GPU/0-73000 GPU/0-63000 GPU/0-13000 GPU/0-3000 NET/0-d
gpu-nodes-0:5321:5321 [1] NCCL INFO Pattern 3, crossNic 0, nChannels 8, bw 96.000000/48.000000, type NVL/PIX, sameChannels 0
gpu-nodes-0:5321:5321 [1] NCCL INFO  0 : NET/0-0 GPU/0-3000 GPU/0-13000 GPU/0-63000 GPU/0-73000 GPU/0-83000 GPU/0-93000 GPU/0-e3000 GPU/0-f3000 NET/0-0
gpu-nodes-0:5321:5321 [1] NCCL INFO  1 : NET/0-1 GPU/0-13000 GPU/0-63000 GPU/0-73000 GPU/0-83000 GPU/0-93000 GPU/0-e3000 GPU/0-f3000 GPU/0-3000 NET/0-1
gpu-nodes-0:5321:5321 [1] NCCL INFO  2 : NET/0-2 GPU/0-63000 GPU/0-73000 GPU/0-83000 GPU/0-93000 GPU/0-e3000 GPU/0-f3000 GPU/0-3000 GPU/0-13000 NET/0-2
gpu-nodes-0:5321:5321 [1] NCCL INFO  3 : NET/0-3 GPU/0-73000 GPU/0-83000 GPU/0-93000 GPU/0-e3000 GPU/0-f3000 GPU/0-3000 GPU/0-13000 GPU/0-63000 NET/0-3
gpu-nodes-0:5321:5321 [1] NCCL INFO  4 : NET/0-4 GPU/0-83000 GPU/0-93000 GPU/0-e3000 GPU/0-f3000 GPU/0-3000 GPU/0-13000 GPU/0-63000 GPU/0-73000 NET/0-4
gpu-nodes-0:5321:5321 [1] NCCL INFO  5 : NET/0-5 GPU/0-93000 GPU/0-e3000 GPU/0-f3000 GPU/0-3000 GPU/0-13000 GPU/0-63000 GPU/0-73000 GPU/0-83000 NET/0-5
gpu-nodes-0:5321:5321 [1] NCCL INFO  6 : NET/0-c GPU/0-e3000 GPU/0-f3000 GPU/0-3000 GPU/0-13000 GPU/0-63000 GPU/0-73000 GPU/0-83000 GPU/0-93000 NET/0-c
gpu-nodes-0:5321:5321 [1] NCCL INFO  7 : NET/0-d GPU/0-f3000 GPU/0-3000 GPU/0-13000 GPU/0-63000 GPU/0-73000 GPU/0-83000 GPU/0-93000 GPU/0-e3000 NET/0-d
gpu-nodes-0:5321:5321 [1] NCCL INFO Pattern 5, crossNic 0, nChannels 8, bw 48.000000/48.000000, type NVL/PIX, sameChannels 0
gpu-nodes-0:5321:5321 [1] NCCL INFO  0 : NET/0-0 GPU/0-3000 NET/0-0
gpu-nodes-0:5321:5321 [1] NCCL INFO  1 : NET/0-1 GPU/0-13000 NET/0-1
gpu-nodes-0:5321:5321 [1] NCCL INFO  2 : NET/0-2 GPU/0-63000 NET/0-2
gpu-nodes-0:5321:5321 [1] NCCL INFO  3 : NET/0-3 GPU/0-73000 NET/0-3
gpu-nodes-0:5321:5321 [1] NCCL INFO  4 : NET/0-4 GPU/0-83000 NET/0-4
gpu-nodes-0:5321:5321 [1] NCCL INFO  5 : NET/0-5 GPU/0-93000 NET/0-5
gpu-nodes-0:5321:5321 [1] NCCL INFO  6 : NET/0-c GPU/0-e3000 NET/0-c
gpu-nodes-0:5321:5321 [1] NCCL INFO  7 : NET/0-d GPU/0-f3000 NET/0-d
gpu-nodes-0:5321:5321 [1] NCCL INFO comm 0x7f0fca91f5d0 rank 9 nRanks 16 nNodes 2 localRanks 8 localRank 1 MNNVL 0
gpu-nodes-0:5321:5321 [1] NCCL INFO Tree 1 : 1 -> 9 -> 10/-1/-1
gpu-nodes-0:5321:5321 [1] NCCL INFO Tree 9 : -1 -> 9 -> 10/1/-1
gpu-nodes-0:5321:5321 [1] NCCL INFO NVLS Trees : 18/-1/-1->9->1 18/1/-1->9->-1
gpu-nodes-0:5321:5321 [1] NCCL INFO Ring 00 : 10 -> 9 -> 0
gpu-nodes-0:5321:5321 [1] NCCL INFO Ring 01 : 2 -> 9 -> 8
gpu-nodes-0:5321:5321 [1] NCCL INFO Ring 02 : 10 -> 9 -> 8
gpu-nodes-0:5321:5321 [1] NCCL INFO Ring 03 : 10 -> 9 -> 8
gpu-nodes-0:5321:5321 [1] NCCL INFO Ring 04 : 10 -> 9 -> 8
gpu-nodes-0:5321:5321 [1] NCCL INFO Ring 05 : 10 -> 9 -> 8
gpu-nodes-0:5321:5321 [1] NCCL INFO Ring 06 : 10 -> 9 -> 8
gpu-nodes-0:5321:5321 [1] NCCL INFO Ring 07 : 10 -> 9 -> 8
gpu-nodes-0:5321:5321 [1] NCCL INFO Ring 08 : 10 -> 9 -> 0
gpu-nodes-0:5321:5321 [1] NCCL INFO Ring 09 : 2 -> 9 -> 8
gpu-nodes-0:5321:5321 [1] NCCL INFO Ring 10 : 10 -> 9 -> 8
gpu-nodes-0:5321:5321 [1] NCCL INFO Ring 11 : 10 -> 9 -> 8
gpu-nodes-0:5321:5321 [1] NCCL INFO Ring 12 : 10 -> 9 -> 8
gpu-nodes-0:5321:5321 [1] NCCL INFO Ring 13 : 10 -> 9 -> 8
gpu-nodes-0:5321:5321 [1] NCCL INFO Ring 14 : 10 -> 9 -> 8
gpu-nodes-0:5321:5321 [1] NCCL INFO Ring 15 : 10 -> 9 -> 8
gpu-nodes-0:5321:5321 [1] NCCL INFO Trees [0] 10/-1/-1->9->8 [1] 10/-1/-1->9->1 [2] -1/-1/-1->9->8 [3] 10/-1/-1->9->8 [4] 10/-1/-1->9->8 [5] 10/-1/-1->9->8 [6] 10/-1/-1->9->8 [7] 10/-1/-1->9->8 [8] 10/-1/-1->9->8 [9] 10/1/-1->9->-1 [10] -1/-1/-1->9->8 [11] 10/-1/-1->9->8 [12] 10/-1/-1->9->8 [13] 10/-1/-1->9->8 [14] 10/-1/-1->9->8 [15] 10/-1/-1->9->8
gpu-nodes-0:5321:5321 [1] NCCL INFO P2P Chunksize set to 131072
gpu-nodes-0:5321:5321 [1] NCCL INFO Check P2P Type isAllDirectP2p 1 directMode 0 isAllCudaP2p 1
gpu-nodes-0:5321:15255 [0] NCCL INFO [Proxy Service] Device 1 CPU core 25
gpu-nodes-0:5321:5321 [1] NCCL INFO ncclP2pSchedule: group size used is 8
gpu-nodes-0:5321:15261 [0] NCCL INFO [Proxy Service UDS] Device 1 CPU core 132
gpu-nodes-0:5321:5321 [1] NCCL INFO GPU Direct RDMA Enabled for GPU/0-77824 (rank 9) - NET/0-1 (distance 4 <= 6, read 0, mode Default)
gpu-nodes-0:5321:15255 [1] NCCL INFO New proxy recv connection 0 from local rank 1, transport 2
gpu-nodes-0:5321:15272 [0] NCCL INFO [Proxy Progress] Device 1 CPU core 1
gpu-nodes-0:5321:15255 [1] NCCL INFO New proxy send connection 1 from local rank 2, transport 2
gpu-nodes-0:5321:5321 [1] NCCL INFO Connected to proxy localRank 1 -> connection 0x7f029c00aa60
gpu-nodes-0:5321:5321 [1] NCCL INFO Channel 01/0 : 2[2] -> 9[1] [receive] via NET/IB/1/GDRDMA
gpu-nodes-0:5321:5321 [1] NCCL INFO GPU Direct RDMA Enabled for GPU/0-77824 (rank 9) - NET/0-1 (distance 4 <= 6, read 0, mode Default)
gpu-nodes-0:5321:15255 [1] NCCL INFO New proxy recv connection 2 from local rank 1, transport 2
gpu-nodes-0:5321:5321 [1] NCCL INFO Connected to proxy localRank 1 -> connection 0x7f029c00ab70
gpu-nodes-0:5321:15255 [1] NCCL INFO New proxy send connection 3 from local rank 2, transport 2
gpu-nodes-0:5321:5321 [1] NCCL INFO Channel 09/0 : 2[2] -> 9[1] [receive] via NET/IB/1/GDRDMA
gpu-nodes-0:5321:5321 [1] NCCL INFO GPU Direct RDMA Enabled for GPU/0-77824 (rank 9) - NET/0-0 ( using PXN via GPU/0-12288, distance 4 <= 6, read 1, mode Default)
gpu-nodes-0:5321:5321 [1] NCCL INFO Connected to proxy localRank 0 -> connection 0x78f06c00ac48
gpu-nodes-0:5321:5321 [1] NCCL INFO Channel 00/0 : 9[1] -> 0[0] [send] via NET/IB/0(8)/GDRDMA
gpu-nodes-0:5321:5321 [1] NCCL INFO GPU Direct RDMA Enabled for GPU/0-77824 (rank 9) - NET/0-0 ( using PXN via GPU/0-12288, distance 4 <= 6, read 1, mode Default)
gpu-nodes-0:5321:5321 [1] NCCL INFO Connected to proxy localRank 0 -> connection 0x78f06c00ad58
gpu-nodes-0:5321:5321 [1] NCCL INFO Channel 08/0 : 9[1] -> 0[0] [send] via NET/IB/0(8)/GDRDMA
gpu-nodes-0:5321:15255 [1] NCCL INFO New proxy recv connection 4 from local rank 1, transport 0
gpu-nodes-0:5321:5321 [1] NCCL INFO Connected to proxy localRank 1 -> connection 0x7f029c00ac80
gpu-nodes-0:5321:15255 [1] NCCL INFO New proxy recv connection 5 from local rank 1, transport 0
gpu-nodes-0:5321:5321 [1] NCCL INFO Connected to proxy localRank 1 -> connection 0x7f029c00ad08
gpu-nodes-0:5321:15255 [1] NCCL INFO New proxy recv connection 6 from local rank 1, transport 0
gpu-nodes-0:5321:5321 [1] NCCL INFO Connected to proxy localRank 1 -> connection 0x7f029c00ad90
gpu-nodes-0:5321:15255 [1] NCCL INFO New proxy recv connection 7 from local rank 1, transport 0
gpu-nodes-0:5321:5321 [1] NCCL INFO Connected to proxy localRank 1 -> connection 0x7f029c00ae18
gpu-nodes-0:5321:15255 [1] NCCL INFO New proxy recv connection 8 from local rank 1, transport 0
gpu-nodes-0:5321:5321 [1] NCCL INFO Connected to proxy localRank 1 -> connection 0x7f029c00aea0
gpu-nodes-0:5321:15255 [1] NCCL INFO New proxy recv connection 9 from local rank 1, transport 0
gpu-nodes-0:5321:5321 [1] NCCL INFO Connected to proxy localRank 1 -> connection 0x7f029c00af28
gpu-nodes-0:5321:15255 [1] NCCL INFO New proxy recv connection 10 from local rank 1, transport 0
gpu-nodes-0:5321:5321 [1] NCCL INFO Connected to proxy localRank 1 -> connection 0x7f029c00afb0
gpu-nodes-0:5321:15255 [1] NCCL INFO New proxy recv connection 11 from local rank 1, transport 0
gpu-nodes-0:5321:5321 [1] NCCL INFO Connected to proxy localRank 1 -> connection 0x7f029c00b038
gpu-nodes-0:5321:15255 [1] NCCL INFO New proxy recv connection 12 from local rank 1, transport 0
gpu-nodes-0:5321:5321 [1] NCCL INFO Connected to proxy localRank 1 -> connection 0x7f029c00b0c0
gpu-nodes-0:5321:15255 [1] NCCL INFO New proxy recv connection 13 from local rank 1, transport 0
gpu-nodes-0:5321:5321 [1] NCCL INFO Connected to proxy localRank 1 -> connection 0x7f029c00b148
gpu-nodes-0:5321:15255 [1] NCCL INFO New proxy recv connection 14 from local rank 1, transport 0
gpu-nodes-0:5321:5321 [1] NCCL INFO Connected to proxy localRank 1 -> connection 0x7f029c00b1d0
gpu-nodes-0:5321:15255 [1] NCCL INFO New proxy recv connection 15 from local rank 1, transport 0
gpu-nodes-0:5321:5321 [1] NCCL INFO Connected to proxy localRank 1 -> connection 0x7f029c00b258
gpu-nodes-0:5321:15255 [1] NCCL INFO New proxy recv connection 16 from local rank 1, transport 0
gpu-nodes-0:5321:5321 [1] NCCL INFO Connected to proxy localRank 1 -> connection 0x7f029c00b2e0
gpu-nodes-0:5321:15255 [1] NCCL INFO New proxy recv connection 17 from local rank 1, transport 0
gpu-nodes-0:5321:5321 [1] NCCL INFO Connected to proxy localRank 1 -> connection 0x7f029c00b368
gpu-nodes-0:5321:5321 [1] NCCL INFO Channel 01/0 : 9[1] -> 8[0] via P2P/IPC
gpu-nodes-0:5321:15255 [1] NCCL INFO New proxy send connection 18 from local rank 1, transport 0
gpu-nodes-0:5321:5321 [1] NCCL INFO Connected to proxy localRank 1 -> connection 0x7f029c00b3f0
gpu-nodes-0:5321:5321 [1] NCCL INFO Channel 02/0 : 9[1] -> 8[0] via P2P/IPC
gpu-nodes-0:5321:15255 [1] NCCL INFO New proxy send connection 19 from local rank 1, transport 0
gpu-nodes-0:5321:5321 [1] NCCL INFO Connected to proxy localRank 1 -> connection 0x7f029c00b478
gpu-nodes-0:5321:5321 [1] NCCL INFO Channel 03/0 : 9[1] -> 8[0] via P2P/IPC
gpu-nodes-0:5321:15255 [1] NCCL INFO New proxy send connection 20 from local rank 1, transport 0
gpu-nodes-0:5321:5321 [1] NCCL INFO Connected to proxy localRank 1 -> connection 0x7f029c00b500
gpu-nodes-0:5321:5321 [1] NCCL INFO Channel 04/0 : 9[1] -> 8[0] via P2P/IPC
gpu-nodes-0:5321:15255 [1] NCCL INFO New proxy send connection 21 from local rank 1, transport 0
gpu-nodes-0:5321:5321 [1] NCCL INFO Connected to proxy localRank 1 -> connection 0x7f029c00b588
gpu-nodes-0:5321:5321 [1] NCCL INFO Channel 05/0 : 9[1] -> 8[0] via P2P/IPC
gpu-nodes-0:5321:15255 [1] NCCL INFO New proxy send connection 22 from local rank 1, transport 0
gpu-nodes-0:5321:5321 [1] NCCL INFO Connected to proxy localRank 1 -> connection 0x7f029c00b610
gpu-nodes-0:5321:5321 [1] NCCL INFO Channel 06/0 : 9[1] -> 8[0] via P2P/IPC
gpu-nodes-0:5321:15255 [1] NCCL INFO New proxy send connection 23 from local rank 1, transport 0
gpu-nodes-0:5321:5321 [1] NCCL INFO Connected to proxy localRank 1 -> connection 0x7f029c00b698
gpu-nodes-0:5321:5321 [1] NCCL INFO Channel 07/0 : 9[1] -> 8[0] via P2P/IPC
gpu-nodes-0:5321:15255 [1] NCCL INFO New proxy send connection 24 from local rank 1, transport 0
gpu-nodes-0:5321:5321 [1] NCCL INFO Connected to proxy localRank 1 -> connection 0x7f029c00b720
gpu-nodes-0:5321:5321 [1] NCCL INFO Channel 09/0 : 9[1] -> 8[0] via P2P/IPC
gpu-nodes-0:5321:15255 [1] NCCL INFO New proxy send connection 25 from local rank 1, transport 0
gpu-nodes-0:5321:5321 [1] NCCL INFO Connected to proxy localRank 1 -> connection 0x7f029c00b7a8
gpu-nodes-0:5321:5321 [1] NCCL INFO Channel 10/0 : 9[1] -> 8[0] via P2P/IPC
gpu-nodes-0:5321:15255 [1] NCCL INFO New proxy send connection 26 from local rank 1, transport 0
gpu-nodes-0:5321:5321 [1] NCCL INFO Connected to proxy localRank 1 -> connection 0x7f029c00b830
gpu-nodes-0:5321:5321 [1] NCCL INFO Channel 11/0 : 9[1] -> 8[0] via P2P/IPC
gpu-nodes-0:5321:15255 [1] NCCL INFO New proxy send connection 27 from local rank 1, transport 0
gpu-nodes-0:5321:5321 [1] NCCL INFO Connected to proxy localRank 1 -> connection 0x7f029c00b8b8
gpu-nodes-0:5321:5321 [1] NCCL INFO Channel 12/0 : 9[1] -> 8[0] via P2P/IPC
gpu-nodes-0:5321:15255 [1] NCCL INFO New proxy send connection 28 from local rank 1, transport 0
gpu-nodes-0:5321:5321 [1] NCCL INFO Connected to proxy localRank 1 -> connection 0x7f029c00b940
gpu-nodes-0:5321:5321 [1] NCCL INFO Channel 13/0 : 9[1] -> 8[0] via P2P/IPC
gpu-nodes-0:5321:15255 [1] NCCL INFO New proxy send connection 29 from local rank 1, transport 0
gpu-nodes-0:5321:5321 [1] NCCL INFO Connected to proxy localRank 1 -> connection 0x7f029c00b9c8
gpu-nodes-0:5321:5321 [1] NCCL INFO Channel 14/0 : 9[1] -> 8[0] via P2P/IPC
gpu-nodes-0:5321:15255 [1] NCCL INFO New proxy send connection 30 from local rank 1, transport 0
gpu-nodes-0:5321:5321 [1] NCCL INFO Connected to proxy localRank 1 -> connection 0x7f029c00ba50
gpu-nodes-0:5321:5321 [1] NCCL INFO Channel 15/0 : 9[1] -> 8[0] via P2P/IPC
gpu-nodes-0:5321:15255 [1] NCCL INFO New proxy send connection 31 from local rank 1, transport 0
gpu-nodes-0:5321:5321 [1] NCCL INFO Connected to proxy localRank 1 -> connection 0x7f029c00bad8
gpu-nodes-0:5321:15255 [1] NCCL INFO NET/IB: ncclIbResiliencyInit: Resiliency is disabled on the send communicator (comm=0x7f029c024000)
gpu-nodes-0:5321:15255 [1] NCCL INFO NET/IB: ncclIbResiliencyInit: Resiliency is disabled on the recv communicator (comm=0x7f029c05f000)
gpu-nodes-0:5321:15255 [1] NCCL INFO NET/IB: ncclIbRecvCommInit: Receive work requests will be posted on-demand
gpu-nodes-0:5321:15255 [1] NCCL INFO NET/IB: ncclIbResiliencyInit: Resiliency is disabled on the send communicator (comm=0x7f029c09e000)
gpu-nodes-0:5321:15255 [1] NCCL INFO NET/IB: ncclIbResiliencyInit: Resiliency is disabled on the recv communicator (comm=0x7f029c0d9000)
gpu-nodes-0:5321:15255 [1] NCCL INFO NET/IB: ncclIbRecvCommInit: Receive work requests will be posted on-demand
gpu-nodes-0:5321:15255 [1] NCCL INFO NET/IB: ncclIbSenderQpsCreate: QP created: port=1 dev=1 devName=mlx5_3 ndevs=14 nmdevs=16 qp_num=3161 pkey=0 pd=0x7f146405ec90
gpu-nodes-0:5321:15255 [1] NCCL INFO NET/IB: ncclIbConnect: NCCL Dev 1 IbDev 1 Port 1 qp_num 3161 mtu 5 LID 537 subnet-prefix 33022  FLID 0 ctsFifoRkey=0x164302 ctsFifoLkey=0x164302
gpu-nodes-0:5321:15255 [1] NCCL INFO NET/IB: ncclIbConnect: IbDev 1 Port 1 qp_num 3161 query_ece={supported=1, vendor_id=0x15b3, options=0x30000200, comp_mask=0x0}
gpu-nodes-0:5321:15255 [1] NCCL INFO NET/IB: ncclIbSenderQpsCreate: QP created: port=1 dev=1 devName=mlx5_3 ndevs=14 nmdevs=16 qp_num=3162 pkey=0 pd=0x7f146405ec90
gpu-nodes-0:5321:15255 [1] NCCL INFO NET/IB: ncclIbConnect: NCCL Dev 1 IbDev 1 Port 1 qp_num 3162 mtu 5 LID 537 subnet-prefix 33022  FLID 0 ctsFifoRkey=0x169453 ctsFifoLkey=0x169453
gpu-nodes-0:5321:15255 [1] NCCL INFO NET/IB: ncclIbConnect: IbDev 1 Port 1 qp_num 3162 query_ece={supported=1, vendor_id=0x15b3, options=0x30000200, comp_mask=0x0}
gpu-nodes-0:5321:15255 [1] NCCL INFO NET/IB: ncclIbSenderQpsToRts: Set ECE: IbDev 1 Port 1 qp_num 3161 set_ece={supported=1, vendor_id=0x15b3, options=0x30000200, comp_mask=0x0}
gpu-nodes-0:5321:15255 [1] NCCL INFO NET/IB: ncclIbSenderQpsToRts: Set ECE: IbDev 1 Port 1 qp_num 3162 set_ece={supported=1, vendor_id=0x15b3, options=0x30000200, comp_mask=0x0}
gpu-nodes-0:5321:15255 [1] NCCL INFO NET/IB: ncclIbReceiverQpsCreateToRts: QP created: port=1 dev=1 devName=mlx5_3 ndevs=14 nmdevs=16 qp_num=3163 pkey=0 pd=0x7f146405ec90
gpu-nodes-0:5321:15255 [1] NCCL INFO NET/IB: ncclIbReceiverQpsCreateToRts: QP created: port=1 dev=1 devName=mlx5_3 ndevs=14 nmdevs=16 qp_num=3164 pkey=0 pd=0x7f146405ec90
gpu-nodes-0:5321:15255 [1] NCCL INFO NET/IB: ncclIbReceiverQpsCreateToRts: QP created: port=1 dev=1 devName=mlx5_3 ndevs=14 nmdevs=16 qp_num=3165 pkey=0 pd=0x7f146405ec90
gpu-nodes-0:5321:15255 [1] NCCL INFO NET/IB: ncclIbReceiverQpsCreateToRts: QP created: port=1 dev=1 devName=mlx5_3 ndevs=14 nmdevs=16 qp_num=3166 pkey=0 pd=0x7f146405ec90
gpu-nodes-0:5321:5321 [1] NCCL INFO Connected all rings, use ring PXN 1 GDR 1
gpu-nodes-0:5321:15255 [1] NCCL INFO New proxy recv connection 32 from local rank 1, transport 0
gpu-nodes-0:5321:5321 [1] NCCL INFO Connected to proxy localRank 1 -> connection 0x7f029c00bb60
gpu-nodes-0:5321:15255 [1] NCCL INFO New proxy recv connection 33 from local rank 1, transport 0
gpu-nodes-0:5321:5321 [1] NCCL INFO Connected to proxy localRank 1 -> connection 0x7f029c00bbe8
gpu-nodes-0:5321:15255 [1] NCCL INFO New proxy recv connection 34 from local rank 1, transport 0
gpu-nodes-0:5321:5321 [1] NCCL INFO Connected to proxy localRank 1 -> connection 0x7f029c00bc70
gpu-nodes-0:5321:15255 [1] NCCL INFO New proxy recv connection 35 from local rank 1, transport 0
gpu-nodes-0:5321:5321 [1] NCCL INFO Connected to proxy localRank 1 -> connection 0x7f029c00bcf8
gpu-nodes-0:5321:15255 [1] NCCL INFO New proxy recv connection 36 from local rank 1, transport 0
gpu-nodes-0:5321:5321 [1] NCCL INFO Connected to proxy localRank 1 -> connection 0x7f029c00bd80
gpu-nodes-0:5321:15255 [1] NCCL INFO New proxy recv connection 37 from local rank 1, transport 0
gpu-nodes-0:5321:5321 [1] NCCL INFO Connected to proxy localRank 1 -> connection 0x7f029c00be08
gpu-nodes-0:5321:15255 [1] NCCL INFO New proxy recv connection 38 from local rank 1, transport 0
gpu-nodes-0:5321:5321 [1] NCCL INFO Connected to proxy localRank 1 -> connection 0x7f029c00be90
gpu-nodes-0:5321:15255 [1] NCCL INFO New proxy recv connection 39 from local rank 1, transport 0
gpu-nodes-0:5321:5321 [1] NCCL INFO Connected to proxy localRank 1 -> connection 0x7f029c00bf18
gpu-nodes-0:5321:15255 [1] NCCL INFO New proxy recv connection 40 from local rank 1, transport 0
gpu-nodes-0:5321:5321 [1] NCCL INFO Connected to proxy localRank 1 -> connection 0x7f029c00bfa0
gpu-nodes-0:5321:15255 [1] NCCL INFO New proxy recv connection 41 from local rank 1, transport 0
gpu-nodes-0:5321:5321 [1] NCCL INFO Connected to proxy localRank 1 -> connection 0x7f029c00c028
gpu-nodes-0:5321:15255 [1] NCCL INFO New proxy recv connection 42 from local rank 1, transport 0
gpu-nodes-0:5321:5321 [1] NCCL INFO Connected to proxy localRank 1 -> connection 0x7f029c00c0b0
gpu-nodes-0:5321:15255 [1] NCCL INFO New proxy recv connection 43 from local rank 1, transport 0
gpu-nodes-0:5321:5321 [1] NCCL INFO Connected to proxy localRank 1 -> connection 0x7f029c00c138
gpu-nodes-0:5321:15255 [1] NCCL INFO New proxy recv connection 44 from local rank 1, transport 0
gpu-nodes-0:5321:5321 [1] NCCL INFO Connected to proxy localRank 1 -> connection 0x7f029c00c1c0
gpu-nodes-0:5321:15255 [1] NCCL INFO New proxy recv connection 45 from local rank 1, transport 0
gpu-nodes-0:5321:5321 [1] NCCL INFO Connected to proxy localRank 1 -> connection 0x7f029c00c248
gpu-nodes-0:5321:5321 [1] NCCL INFO Channel 00/0 : 9[1] -> 10[2] via P2P/IPC
gpu-nodes-0:5321:15255 [1] NCCL INFO New proxy send connection 46 from local rank 1, transport 0
gpu-nodes-0:5321:5321 [1] NCCL INFO Connected to proxy localRank 1 -> connection 0x7f029c00c2d0
gpu-nodes-0:5321:5321 [1] NCCL INFO Channel 01/0 : 9[1] -> 10[2] via P2P/IPC
gpu-nodes-0:5321:15255 [1] NCCL INFO New proxy send connection 47 from local rank 1, transport 0
gpu-nodes-0:5321:5321 [1] NCCL INFO Connected to proxy localRank 1 -> connection 0x7f029c00c358
gpu-nodes-0:5321:5321 [1] NCCL INFO Channel 03/0 : 9[1] -> 10[2] via P2P/IPC
gpu-nodes-0:5321:15255 [1] NCCL INFO New proxy send connection 48 from local rank 1, transport 0
gpu-nodes-0:5321:5321 [1] NCCL INFO Connected to proxy localRank 1 -> connection 0x7f029c00c3e0
gpu-nodes-0:5321:5321 [1] NCCL INFO Channel 04/0 : 9[1] -> 10[2] via P2P/IPC
gpu-nodes-0:5321:15255 [1] NCCL INFO New proxy send connection 49 from local rank 1, transport 0
gpu-nodes-0:5321:5321 [1] NCCL INFO Connected to proxy localRank 1 -> connection 0x7f029c00c468
gpu-nodes-0:5321:5321 [1] NCCL INFO Channel 05/0 : 9[1] -> 10[2] via P2P/IPC
gpu-nodes-0:5321:15255 [1] NCCL INFO New proxy send connection 50 from local rank 1, transport 0
gpu-nodes-0:5321:5321 [1] NCCL INFO Connected to proxy localRank 1 -> connection 0x7f029c00c4f0
gpu-nodes-0:5321:5321 [1] NCCL INFO Channel 06/0 : 9[1] -> 10[2] via P2P/IPC
gpu-nodes-0:5321:15255 [1] NCCL INFO New proxy send connection 51 from local rank 1, transport 0
gpu-nodes-0:5321:5321 [1] NCCL INFO Connected to proxy localRank 1 -> connection 0x7f029c00c578
gpu-nodes-0:5321:5321 [1] NCCL INFO Channel 07/0 : 9[1] -> 10[2] via P2P/IPC
gpu-nodes-0:5321:15255 [1] NCCL INFO New proxy send connection 52 from local rank 1, transport 0
gpu-nodes-0:5321:5321 [1] NCCL INFO Connected to proxy localRank 1 -> connection 0x7f029c00c600
gpu-nodes-0:5321:5321 [1] NCCL INFO Channel 08/0 : 9[1] -> 10[2] via P2P/IPC
gpu-nodes-0:5321:15255 [1] NCCL INFO New proxy send connection 53 from local rank 1, transport 0
gpu-nodes-0:5321:5321 [1] NCCL INFO Connected to proxy localRank 1 -> connection 0x7f029c00c688
gpu-nodes-0:5321:5321 [1] NCCL INFO Channel 09/0 : 9[1] -> 10[2] via P2P/IPC
gpu-nodes-0:5321:15255 [1] NCCL INFO New proxy send connection 54 from local rank 1, transport 0
gpu-nodes-0:5321:5321 [1] NCCL INFO Connected to proxy localRank 1 -> connection 0x7f029c00c710
gpu-nodes-0:5321:5321 [1] NCCL INFO Channel 11/0 : 9[1] -> 10[2] via P2P/IPC
gpu-nodes-0:5321:15255 [1] NCCL INFO New proxy send connection 55 from local rank 1, transport 0
gpu-nodes-0:5321:5321 [1] NCCL INFO Connected to proxy localRank 1 -> connection 0x7f029c00c798
gpu-nodes-0:5321:5321 [1] NCCL INFO Channel 12/0 : 9[1] -> 10[2] via P2P/IPC
gpu-nodes-0:5321:15255 [1] NCCL INFO New proxy send connection 56 from local rank 1, transport 0
gpu-nodes-0:5321:5321 [1] NCCL INFO Connected to proxy localRank 1 -> connection 0x7f029c00c820
gpu-nodes-0:5321:5321 [1] NCCL INFO Channel 13/0 : 9[1] -> 10[2] via P2P/IPC
gpu-nodes-0:5321:15255 [1] NCCL INFO New proxy send connection 57 from local rank 1, transport 0
gpu-nodes-0:5321:5321 [1] NCCL INFO Connected to proxy localRank 1 -> connection 0x7f029c00c8a8
gpu-nodes-0:5321:5321 [1] NCCL INFO Channel 14/0 : 9[1] -> 10[2] via P2P/IPC
gpu-nodes-0:5321:15255 [1] NCCL INFO New proxy send connection 58 from local rank 1, transport 0
gpu-nodes-0:5321:5321 [1] NCCL INFO Connected to proxy localRank 1 -> connection 0x7f029c00c930
gpu-nodes-0:5321:5321 [1] NCCL INFO Channel 15/0 : 9[1] -> 10[2] via P2P/IPC
gpu-nodes-0:5321:15255 [1] NCCL INFO New proxy send connection 59 from local rank 1, transport 0
gpu-nodes-0:5321:5321 [1] NCCL INFO Connected to proxy localRank 1 -> connection 0x7f029c00c9b8
gpu-nodes-0:5321:5321 [1] NCCL INFO GPU Direct RDMA Enabled for GPU/0-77824 (rank 9) - NET/0-1 (distance 4 <= 6, read 0, mode Default)
gpu-nodes-0:5321:15255 [1] NCCL INFO New proxy recv connection 60 from local rank 1, transport 2
gpu-nodes-0:5321:5321 [1] NCCL INFO Connected to proxy localRank 1 -> connection 0x7f029c00ca40
gpu-nodes-0:5321:5321 [1] NCCL INFO Channel 01/0 : 1[1] -> 9[1] [receive] via NET/IB/1/GDRDMA
gpu-nodes-0:5321:5321 [1] NCCL INFO GPU Direct RDMA Enabled for GPU/0-77824 (rank 9) - NET/0-1 (distance 4 <= 6, read 0, mode Default)
gpu-nodes-0:5321:15255 [1] NCCL INFO New proxy recv connection 61 from local rank 1, transport 2
gpu-nodes-0:5321:5321 [1] NCCL INFO Connected to proxy localRank 1 -> connection 0x7f029c00cac8
gpu-nodes-0:5321:5321 [1] NCCL INFO Channel 09/0 : 1[1] -> 9[1] [receive] via NET/IB/1/GDRDMA
gpu-nodes-0:5321:5321 [1] NCCL INFO GPU Direct RDMA Enabled for GPU/0-77824 (rank 9) - NET/0-1 (distance 4 <= 6, read 1, mode Default)
gpu-nodes-0:5321:15255 [1] NCCL INFO New proxy send connection 62 from local rank 1, transport 2
gpu-nodes-0:5321:5321 [1] NCCL INFO Connected to proxy localRank 1 -> connection 0x7f029c00cb50
gpu-nodes-0:5321:5321 [1] NCCL INFO Channel 01/0 : 9[1] -> 1[1] [send] via NET/IB/1/GDRDMA
gpu-nodes-0:5321:5321 [1] NCCL INFO GPU Direct RDMA Enabled for GPU/0-77824 (rank 9) - NET/0-1 (distance 4 <= 6, read 1, mode Default)
gpu-nodes-0:5321:15255 [1] NCCL INFO New proxy send connection 63 from local rank 1, transport 2
gpu-nodes-0:5321:5321 [1] NCCL INFO Connected to proxy localRank 1 -> connection 0x7f029c00cbd8
gpu-nodes-0:5321:5321 [1] NCCL INFO Channel 09/0 : 9[1] -> 1[1] [send] via NET/IB/1/GDRDMA
gpu-nodes-0:5321:15255 [1] NCCL INFO New proxy recv connection 64 from local rank 1, transport 0
gpu-nodes-0:5321:5321 [1] NCCL INFO Connected to proxy localRank 1 -> connection 0x7f029c00cc60
gpu-nodes-0:5321:15255 [1] NCCL INFO New proxy recv connection 65 from local rank 1, transport 0
gpu-nodes-0:5321:5321 [1] NCCL INFO Connected to proxy localRank 1 -> connection 0x7f029c00cce8
gpu-nodes-0:5321:5321 [1] NCCL INFO Channel 00/0 : 9[1] -> 8[0] via P2P/IPC
gpu-nodes-0:5321:15255 [1] NCCL INFO New proxy send connection 66 from local rank 1, transport 0
gpu-nodes-0:5321:5321 [1] NCCL INFO Connected to proxy localRank 1 -> connection 0x7f029c00cd70
gpu-nodes-0:5321:5321 [1] NCCL INFO Channel 08/0 : 9[1] -> 8[0] via P2P/IPC
gpu-nodes-0:5321:15255 [1] NCCL INFO New proxy send connection 67 from local rank 1, transport 0
gpu-nodes-0:5321:5321 [1] NCCL INFO Connected to proxy localRank 1 -> connection 0x7f029c00cdf8
gpu-nodes-0:5321:15255 [1] NCCL INFO NET/IB: ncclIbResiliencyInit: Resiliency is disabled on the send communicator (comm=0x7f029c22c000)
gpu-nodes-0:5321:15255 [1] NCCL INFO NET/IB: ncclIbResiliencyInit: Resiliency is disabled on the recv communicator (comm=0x7f029c267000)
gpu-nodes-0:5321:15255 [1] NCCL INFO NET/IB: ncclIbRecvCommInit: Receive work requests will be posted on-demand
gpu-nodes-0:5321:15255 [1] NCCL INFO NET/IB: ncclIbResiliencyInit: Resiliency is disabled on the send communicator (comm=0x7f029c2a6000)
gpu-nodes-0:5321:15255 [1] NCCL INFO NET/IB: ncclIbResiliencyInit: Resiliency is disabled on the recv communicator (comm=0x7f029c2e1000)
gpu-nodes-0:5321:15255 [1] NCCL INFO NET/IB: ncclIbRecvCommInit: Receive work requests will be posted on-demand
gpu-nodes-0:5321:15255 [1] NCCL INFO NET/IB: ncclIbSenderQpsCreate: QP created: port=1 dev=1 devName=mlx5_3 ndevs=14 nmdevs=16 qp_num=3167 pkey=0 pd=0x7f146405ec90
gpu-nodes-0:5321:15255 [1] NCCL INFO NET/IB: ncclIbConnect: NCCL Dev 1 IbDev 1 Port 1 qp_num 3167 mtu 5 LID 537 subnet-prefix 33022  FLID 0 ctsFifoRkey=0x159554 ctsFifoLkey=0x159554
gpu-nodes-0:5321:15255 [1] NCCL INFO NET/IB: ncclIbConnect: IbDev 1 Port 1 qp_num 3167 query_ece={supported=1, vendor_id=0x15b3, options=0x30000200, comp_mask=0x0}
gpu-nodes-0:5321:15255 [1] NCCL INFO NET/IB: ncclIbReceiverQpsCreateToRts: QP created: port=1 dev=1 devName=mlx5_3 ndevs=14 nmdevs=16 qp_num=3168 pkey=0 pd=0x7f146405ec90
gpu-nodes-0:5321:15255 [1] NCCL INFO NET/IB: ncclIbReceiverQpsCreateToRts: QP created: port=1 dev=1 devName=mlx5_3 ndevs=14 nmdevs=16 qp_num=3169 pkey=0 pd=0x7f146405ec90
gpu-nodes-0:5321:15255 [1] NCCL INFO NET/IB: ncclIbSenderQpsToRts: Set ECE: IbDev 1 Port 1 qp_num 3167 set_ece={supported=1, vendor_id=0x15b3, options=0x30000200, comp_mask=0x0}
gpu-nodes-0:5321:15255 [1] NCCL INFO NET/IB: ncclIbSenderQpsCreate: QP created: port=1 dev=1 devName=mlx5_3 ndevs=14 nmdevs=16 qp_num=3170 pkey=0 pd=0x7f146405ec90
gpu-nodes-0:5321:15255 [1] NCCL INFO NET/IB: ncclIbConnect: NCCL Dev 1 IbDev 1 Port 1 qp_num 3170 mtu 5 LID 537 subnet-prefix 33022  FLID 0 ctsFifoRkey=0x17d594 ctsFifoLkey=0x17d594
gpu-nodes-0:5321:15255 [1] NCCL INFO NET/IB: ncclIbConnect: IbDev 1 Port 1 qp_num 3170 query_ece={supported=1, vendor_id=0x15b3, options=0x30000200, comp_mask=0x0}
gpu-nodes-0:5321:15255 [1] NCCL INFO NET/IB: ncclIbReceiverQpsCreateToRts: QP created: port=1 dev=1 devName=mlx5_3 ndevs=14 nmdevs=16 qp_num=3171 pkey=0 pd=0x7f146405ec90
gpu-nodes-0:5321:15255 [1] NCCL INFO NET/IB: ncclIbReceiverQpsCreateToRts: QP created: port=1 dev=1 devName=mlx5_3 ndevs=14 nmdevs=16 qp_num=3172 pkey=0 pd=0x7f146405ec90
gpu-nodes-0:5321:15255 [1] NCCL INFO NET/IB: ncclIbSenderQpsToRts: Set ECE: IbDev 1 Port 1 qp_num 3170 set_ece={supported=1, vendor_id=0x15b3, options=0x30000200, comp_mask=0x0}
gpu-nodes-0:5321:5321 [1] NCCL INFO Connected all trees
gpu-nodes-0:5321:5321 [1] NCCL INFO Connected to proxy localRank 0 -> connection 0x78f06c00ced0
gpu-nodes-0:5321:5321 [1] NCCL INFO NVLS comm 0x7f0fca91f5d0 headRank 1 nHeads 8 nvlsRanks 8 buffSize 1048576 nvlsPerRankSize 67108864 nvlsTotalSize 536870912
gpu-nodes-0:5321:5321 [1] NCCL INFO GPU Direct RDMA Enabled for GPU/0-77824 (rank 9) - NET/0-1 (distance 4 <= 6, read 0, mode Default)
gpu-nodes-0:5321:15255 [1] NCCL INFO New proxy recv connection 68 from local rank 1, transport 2
gpu-nodes-0:5321:5321 [1] NCCL INFO Connected to proxy localRank 1 -> connection 0x7f029c00ce80
gpu-nodes-0:5321:5321 [1] NCCL INFO Channel 00/0 : 1[1] -> 9[1] [receive] via NET/IB/1/GDRDMA
gpu-nodes-0:5321:5321 [1] NCCL INFO GPU Direct RDMA Enabled for GPU/0-77824 (rank 9) - NET/0-1 (distance 4 <= 6, read 0, mode Default)
gpu-nodes-0:5321:15255 [1] NCCL INFO New proxy recv connection 69 from local rank 1, transport 2
gpu-nodes-0:5321:5321 [1] NCCL INFO Connected to proxy localRank 1 -> connection 0x7f029c00cf08
gpu-nodes-0:5321:5321 [1] NCCL INFO Channel 02/0 : 1[1] -> 9[1] [receive] via NET/IB/1/GDRDMA
gpu-nodes-0:5321:5321 [1] NCCL INFO GPU Direct RDMA Enabled for GPU/0-77824 (rank 9) - NET/0-1 (distance 4 <= 6, read 0, mode Default)
gpu-nodes-0:5321:15255 [1] NCCL INFO New proxy recv connection 70 from local rank 1, transport 2
gpu-nodes-0:5321:5321 [1] NCCL INFO Connected to proxy localRank 1 -> connection 0x7f029c00cf90
gpu-nodes-0:5321:5321 [1] NCCL INFO Channel 03/0 : 1[1] -> 9[1] [receive] via NET/IB/1/GDRDMA
gpu-nodes-0:5321:5321 [1] NCCL INFO GPU Direct RDMA Enabled for GPU/0-77824 (rank 9) - NET/0-1 (distance 4 <= 6, read 0, mode Default)
gpu-nodes-0:5321:15255 [1] NCCL INFO New proxy recv connection 71 from local rank 1, transport 2
gpu-nodes-0:5321:5321 [1] NCCL INFO Connected to proxy localRank 1 -> connection 0x7f029c00d018
gpu-nodes-0:5321:5321 [1] NCCL INFO Channel 04/0 : 1[1] -> 9[1] [receive] via NET/IB/1/GDRDMA
gpu-nodes-0:5321:5321 [1] NCCL INFO GPU Direct RDMA Enabled for GPU/0-77824 (rank 9) - NET/0-1 (distance 4 <= 6, read 0, mode Default)
gpu-nodes-0:5321:15255 [1] NCCL INFO New proxy recv connection 72 from local rank 1, transport 2
gpu-nodes-0:5321:5321 [1] NCCL INFO Connected to proxy localRank 1 -> connection 0x7f029c00d0a0
gpu-nodes-0:5321:5321 [1] NCCL INFO Channel 05/0 : 1[1] -> 9[1] [receive] via NET/IB/1/GDRDMA
gpu-nodes-0:5321:5321 [1] NCCL INFO GPU Direct RDMA Enabled for GPU/0-77824 (rank 9) - NET/0-1 (distance 4 <= 6, read 0, mode Default)
gpu-nodes-0:5321:15255 [1] NCCL INFO New proxy recv connection 73 from local rank 1, transport 2
gpu-nodes-0:5321:5321 [1] NCCL INFO Connected to proxy localRank 1 -> connection 0x7f029c00d128
gpu-nodes-0:5321:5321 [1] NCCL INFO Channel 06/0 : 1[1] -> 9[1] [receive] via NET/IB/1/GDRDMA
gpu-nodes-0:5321:5321 [1] NCCL INFO GPU Direct RDMA Enabled for GPU/0-77824 (rank 9) - NET/0-1 (distance 4 <= 6, read 0, mode Default)
gpu-nodes-0:5321:15255 [1] NCCL INFO New proxy recv connection 74 from local rank 1, transport 2
gpu-nodes-0:5321:5321 [1] NCCL INFO Connected to proxy localRank 1 -> connection 0x7f029c00d1b0
gpu-nodes-0:5321:5321 [1] NCCL INFO Channel 07/0 : 1[1] -> 9[1] [receive] via NET/IB/1/GDRDMA
gpu-nodes-0:5321:5321 [1] NCCL INFO GPU Direct RDMA Enabled for GPU/0-77824 (rank 9) - NET/0-1 (distance 4 <= 6, read 0, mode Default)
gpu-nodes-0:5321:15255 [1] NCCL INFO New proxy recv connection 75 from local rank 1, transport 2
gpu-nodes-0:5321:5321 [1] NCCL INFO Connected to proxy localRank 1 -> connection 0x7f029c00d238
gpu-nodes-0:5321:5321 [1] NCCL INFO Channel 08/0 : 1[1] -> 9[1] [receive] via NET/IB/1/GDRDMA
gpu-nodes-0:5321:5321 [1] NCCL INFO GPU Direct RDMA Enabled for GPU/0-77824 (rank 9) - NET/0-1 (distance 4 <= 6, read 0, mode Default)
gpu-nodes-0:5321:15255 [1] NCCL INFO New proxy recv connection 76 from local rank 1, transport 2
gpu-nodes-0:5321:5321 [1] NCCL INFO Connected to proxy localRank 1 -> connection 0x7f029c00d2c0
gpu-nodes-0:5321:5321 [1] NCCL INFO Channel 10/0 : 1[1] -> 9[1] [receive] via NET/IB/1/GDRDMA
gpu-nodes-0:5321:5321 [1] NCCL INFO GPU Direct RDMA Enabled for GPU/0-77824 (rank 9) - NET/0-1 (distance 4 <= 6, read 0, mode Default)
gpu-nodes-0:5321:15255 [1] NCCL INFO New proxy recv connection 77 from local rank 1, transport 2
gpu-nodes-0:5321:5321 [1] NCCL INFO Connected to proxy localRank 1 -> connection 0x7f029c00d348
gpu-nodes-0:5321:5321 [1] NCCL INFO Channel 11/0 : 1[1] -> 9[1] [receive] via NET/IB/1/GDRDMA
gpu-nodes-0:5321:5321 [1] NCCL INFO GPU Direct RDMA Enabled for GPU/0-77824 (rank 9) - NET/0-1 (distance 4 <= 6, read 0, mode Default)
gpu-nodes-0:5321:15255 [1] NCCL INFO New proxy recv connection 78 from local rank 1, transport 2
gpu-nodes-0:5321:5321 [1] NCCL INFO Connected to proxy localRank 1 -> connection 0x7f029c00d3d0
gpu-nodes-0:5321:5321 [1] NCCL INFO Channel 12/0 : 1[1] -> 9[1] [receive] via NET/IB/1/GDRDMA
gpu-nodes-0:5321:5321 [1] NCCL INFO GPU Direct RDMA Enabled for GPU/0-77824 (rank 9) - NET/0-1 (distance 4 <= 6, read 0, mode Default)
gpu-nodes-0:5321:15255 [1] NCCL INFO New proxy recv connection 79 from local rank 1, transport 2
gpu-nodes-0:5321:5321 [1] NCCL INFO Connected to proxy localRank 1 -> connection 0x7f029c00d458
gpu-nodes-0:5321:5321 [1] NCCL INFO Channel 13/0 : 1[1] -> 9[1] [receive] via NET/IB/1/GDRDMA
gpu-nodes-0:5321:5321 [1] NCCL INFO GPU Direct RDMA Enabled for GPU/0-77824 (rank 9) - NET/0-1 (distance 4 <= 6, read 0, mode Default)
gpu-nodes-0:5321:15255 [1] NCCL INFO New proxy recv connection 80 from local rank 1, transport 2
gpu-nodes-0:5321:5321 [1] NCCL INFO Connected to proxy localRank 1 -> connection 0x7f029c00d4e0
gpu-nodes-0:5321:5321 [1] NCCL INFO Channel 14/0 : 1[1] -> 9[1] [receive] via NET/IB/1/GDRDMA
gpu-nodes-0:5321:5321 [1] NCCL INFO GPU Direct RDMA Enabled for GPU/0-77824 (rank 9) - NET/0-1 (distance 4 <= 6, read 0, mode Default)
gpu-nodes-0:5321:15255 [1] NCCL INFO New proxy recv connection 81 from local rank 1, transport 2
gpu-nodes-0:5321:5321 [1] NCCL INFO Connected to proxy localRank 1 -> connection 0x7f029c00d568
gpu-nodes-0:5321:5321 [1] NCCL INFO Channel 15/0 : 1[1] -> 9[1] [receive] via NET/IB/1/GDRDMA
gpu-nodes-0:5321:5321 [1] NCCL INFO GPU Direct RDMA Enabled for GPU/0-77824 (rank 9) - NET/0-1 (distance 4 <= 6, read 0, mode Default)
gpu-nodes-0:5321:15255 [1] NCCL INFO New proxy recv connection 82 from local rank 1, transport 2
gpu-nodes-0:5321:5321 [1] NCCL INFO Connected to proxy localRank 1 -> connection 0x7f029c00d5f0
gpu-nodes-0:5321:5321 [1] NCCL INFO Channel 16/0 : 1[1] -> 9[1] [receive] via NET/IB/1/GDRDMA
gpu-nodes-0:5321:5321 [1] NCCL INFO GPU Direct RDMA Enabled for GPU/0-77824 (rank 9) - NET/0-1 (distance 4 <= 6, read 0, mode Default)
gpu-nodes-0:5321:15255 [1] NCCL INFO New proxy recv connection 83 from local rank 1, transport 2
gpu-nodes-0:5321:5321 [1] NCCL INFO Connected to proxy localRank 1 -> connection 0x7f029c00d678
gpu-nodes-0:5321:5321 [1] NCCL INFO Channel 17/0 : 1[1] -> 9[1] [receive] via NET/IB/1/GDRDMA
gpu-nodes-0:5321:5321 [1] NCCL INFO GPU Direct RDMA Enabled for GPU/0-77824 (rank 9) - NET/0-1 (distance 4 <= 6, read 0, mode Default)
gpu-nodes-0:5321:15255 [1] NCCL INFO New proxy recv connection 84 from local rank 1, transport 2
gpu-nodes-0:5321:5321 [1] NCCL INFO Connected to proxy localRank 1 -> connection 0x7f029c00d700
gpu-nodes-0:5321:5321 [1] NCCL INFO Channel 18/0 : 1[1] -> 9[1] [receive] via NET/IB/1/GDRDMA
gpu-nodes-0:5321:5321 [1] NCCL INFO GPU Direct RDMA Enabled for GPU/0-77824 (rank 9) - NET/0-1 (distance 4 <= 6, read 0, mode Default)
gpu-nodes-0:5321:15255 [1] NCCL INFO New proxy recv connection 85 from local rank 1, transport 2
gpu-nodes-0:5321:5321 [1] NCCL INFO Connected to proxy localRank 1 -> connection 0x7f029c00d788
gpu-nodes-0:5321:5321 [1] NCCL INFO Channel 19/0 : 1[1] -> 9[1] [receive] via NET/IB/1/GDRDMA
gpu-nodes-0:5321:5321 [1] NCCL INFO GPU Direct RDMA Enabled for GPU/0-77824 (rank 9) - NET/0-1 (distance 4 <= 6, read 0, mode Default)
gpu-nodes-0:5321:15255 [1] NCCL INFO New proxy recv connection 86 from local rank 1, transport 2
gpu-nodes-0:5321:5321 [1] NCCL INFO Connected to proxy localRank 1 -> connection 0x7f029c00d810
gpu-nodes-0:5321:5321 [1] NCCL INFO Channel 20/0 : 1[1] -> 9[1] [receive] via NET/IB/1/GDRDMA
gpu-nodes-0:5321:5321 [1] NCCL INFO GPU Direct RDMA Enabled for GPU/0-77824 (rank 9) - NET/0-1 (distance 4 <= 6, read 0, mode Default)
gpu-nodes-0:5321:15255 [1] NCCL INFO New proxy recv connection 87 from local rank 1, transport 2
gpu-nodes-0:5321:5321 [1] NCCL INFO Connected to proxy localRank 1 -> connection 0x7f029c00d898
gpu-nodes-0:5321:5321 [1] NCCL INFO Channel 21/0 : 1[1] -> 9[1] [receive] via NET/IB/1/GDRDMA
gpu-nodes-0:5321:5321 [1] NCCL INFO GPU Direct RDMA Enabled for GPU/0-77824 (rank 9) - NET/0-1 (distance 4 <= 6, read 0, mode Default)
gpu-nodes-0:5321:15255 [1] NCCL INFO New proxy recv connection 88 from local rank 1, transport 2
gpu-nodes-0:5321:5321 [1] NCCL INFO Connected to proxy localRank 1 -> connection 0x7f029c00d920
gpu-nodes-0:5321:5321 [1] NCCL INFO Channel 22/0 : 1[1] -> 9[1] [receive] via NET/IB/1/GDRDMA
gpu-nodes-0:5321:5321 [1] NCCL INFO GPU Direct RDMA Enabled for GPU/0-77824 (rank 9) - NET/0-1 (distance 4 <= 6, read 0, mode Default)
gpu-nodes-0:5321:15255 [1] NCCL INFO New proxy recv connection 89 from local rank 1, transport 2
gpu-nodes-0:5321:5321 [1] NCCL INFO Connected to proxy localRank 1 -> connection 0x7f029c00d9a8
gpu-nodes-0:5321:5321 [1] NCCL INFO Channel 23/0 : 1[1] -> 9[1] [receive] via NET/IB/1/GDRDMA
gpu-nodes-0:5321:5321 [1] NCCL INFO GPU Direct RDMA Enabled for GPU/0-77824 (rank 9) - NET/0-1 (distance 4 <= 6, read 0, mode Default)
gpu-nodes-0:5321:15255 [1] NCCL INFO New proxy recv connection 90 from local rank 1, transport 2
gpu-nodes-0:5321:5321 [1] NCCL INFO Connected to proxy localRank 1 -> connection 0x7f029c00da30
gpu-nodes-0:5321:5321 [1] NCCL INFO Channel 24/0 : 1[1] -> 9[1] [receive] via NET/IB/1/GDRDMA
gpu-nodes-0:5321:5321 [1] NCCL INFO GPU Direct RDMA Enabled for GPU/0-77824 (rank 9) - NET/0-1 (distance 4 <= 6, read 0, mode Default)
gpu-nodes-0:5321:15255 [1] NCCL INFO New proxy recv connection 91 from local rank 1, transport 2
gpu-nodes-0:5321:5321 [1] NCCL INFO Connected to proxy localRank 1 -> connection 0x7f029c00dab8
gpu-nodes-0:5321:5321 [1] NCCL INFO Channel 25/0 : 1[1] -> 9[1] [receive] via NET/IB/1/GDRDMA
gpu-nodes-0:5321:5321 [1] NCCL INFO GPU Direct RDMA Enabled for GPU/0-77824 (rank 9) - NET/0-1 (distance 4 <= 6, read 0, mode Default)
gpu-nodes-0:5321:15255 [1] NCCL INFO New proxy recv connection 92 from local rank 1, transport 2
gpu-nodes-0:5321:5321 [1] NCCL INFO Connected to proxy localRank 1 -> connection 0x7f029c00db40
gpu-nodes-0:5321:5321 [1] NCCL INFO Channel 26/0 : 1[1] -> 9[1] [receive] via NET/IB/1/GDRDMA
gpu-nodes-0:5321:5321 [1] NCCL INFO GPU Direct RDMA Enabled for GPU/0-77824 (rank 9) - NET/0-1 (distance 4 <= 6, read 0, mode Default)
gpu-nodes-0:5321:15255 [1] NCCL INFO New proxy recv connection 93 from local rank 1, transport 2
gpu-nodes-0:5321:5321 [1] NCCL INFO Connected to proxy localRank 1 -> connection 0x7f029c00dbc8
gpu-nodes-0:5321:5321 [1] NCCL INFO Channel 27/0 : 1[1] -> 9[1] [receive] via NET/IB/1/GDRDMA
gpu-nodes-0:5321:5321 [1] NCCL INFO GPU Direct RDMA Enabled for GPU/0-77824 (rank 9) - NET/0-1 (distance 4 <= 6, read 0, mode Default)
gpu-nodes-0:5321:15255 [1] NCCL INFO New proxy recv connection 94 from local rank 1, transport 2
gpu-nodes-0:5321:5321 [1] NCCL INFO Connected to proxy localRank 1 -> connection 0x7f029c00dc50
gpu-nodes-0:5321:5321 [1] NCCL INFO Channel 28/0 : 1[1] -> 9[1] [receive] via NET/IB/1/GDRDMA
gpu-nodes-0:5321:5321 [1] NCCL INFO GPU Direct RDMA Enabled for GPU/0-77824 (rank 9) - NET/0-1 (distance 4 <= 6, read 0, mode Default)
gpu-nodes-0:5321:15255 [1] NCCL INFO New proxy recv connection 95 from local rank 1, transport 2
gpu-nodes-0:5321:5321 [1] NCCL INFO Connected to proxy localRank 1 -> connection 0x7f029c00dcd8
gpu-nodes-0:5321:5321 [1] NCCL INFO Channel 29/0 : 1[1] -> 9[1] [receive] via NET/IB/1/GDRDMA
gpu-nodes-0:5321:5321 [1] NCCL INFO GPU Direct RDMA Enabled for GPU/0-77824 (rank 9) - NET/0-1 (distance 4 <= 6, read 0, mode Default)
gpu-nodes-0:5321:15255 [1] NCCL INFO New proxy recv connection 96 from local rank 1, transport 2
gpu-nodes-0:5321:5321 [1] NCCL INFO Connected to proxy localRank 1 -> connection 0x7f029c00dd60
gpu-nodes-0:5321:5321 [1] NCCL INFO Channel 30/0 : 1[1] -> 9[1] [receive] via NET/IB/1/GDRDMA
gpu-nodes-0:5321:5321 [1] NCCL INFO GPU Direct RDMA Enabled for GPU/0-77824 (rank 9) - NET/0-1 (distance 4 <= 6, read 0, mode Default)
gpu-nodes-0:5321:15255 [1] NCCL INFO New proxy recv connection 97 from local rank 1, transport 2
gpu-nodes-0:5321:5321 [1] NCCL INFO Connected to proxy localRank 1 -> connection 0x7f029c00dde8
gpu-nodes-0:5321:5321 [1] NCCL INFO Channel 31/0 : 1[1] -> 9[1] [receive] via NET/IB/1/GDRDMA
gpu-nodes-0:5321:5321 [1] NCCL INFO GPU Direct RDMA Enabled for GPU/0-77824 (rank 9) - NET/0-1 (distance 4 <= 6, read 1, mode Default)
gpu-nodes-0:5321:15255 [1] NCCL INFO New proxy send connection 98 from local rank 1, transport 2
gpu-nodes-0:5321:5321 [1] NCCL INFO Connected to proxy localRank 1 -> connection 0x7f029c00de70
gpu-nodes-0:5321:5321 [1] NCCL INFO Channel 00/0 : 9[1] -> 1[1] [send] via NET/IB/1/GDRDMA
gpu-nodes-0:5321:5321 [1] NCCL INFO GPU Direct RDMA Enabled for GPU/0-77824 (rank 9) - NET/0-1 (distance 4 <= 6, read 1, mode Default)
gpu-nodes-0:5321:15255 [1] NCCL INFO New proxy send connection 99 from local rank 1, transport 2
gpu-nodes-0:5321:5321 [1] NCCL INFO Connected to proxy localRank 1 -> connection 0x7f029c00def8
gpu-nodes-0:5321:5321 [1] NCCL INFO Channel 02/0 : 9[1] -> 1[1] [send] via NET/IB/1/GDRDMA
gpu-nodes-0:5321:5321 [1] NCCL INFO GPU Direct RDMA Enabled for GPU/0-77824 (rank 9) - NET/0-1 (distance 4 <= 6, read 1, mode Default)
gpu-nodes-0:5321:15255 [1] NCCL INFO New proxy send connection 100 from local rank 1, transport 2
gpu-nodes-0:5321:5321 [1] NCCL INFO Connected to proxy localRank 1 -> connection 0x7f029c00df80
gpu-nodes-0:5321:5321 [1] NCCL INFO Channel 03/0 : 9[1] -> 1[1] [send] via NET/IB/1/GDRDMA
gpu-nodes-0:5321:5321 [1] NCCL INFO GPU Direct RDMA Enabled for GPU/0-77824 (rank 9) - NET/0-1 (distance 4 <= 6, read 1, mode Default)
gpu-nodes-0:5321:15255 [1] NCCL INFO New proxy send connection 101 from local rank 1, transport 2
gpu-nodes-0:5321:5321 [1] NCCL INFO Connected to proxy localRank 1 -> connection 0x7f029c00e008
gpu-nodes-0:5321:5321 [1] NCCL INFO Channel 04/0 : 9[1] -> 1[1] [send] via NET/IB/1/GDRDMA
gpu-nodes-0:5321:5321 [1] NCCL INFO GPU Direct RDMA Enabled for GPU/0-77824 (rank 9) - NET/0-1 (distance 4 <= 6, read 1, mode Default)
gpu-nodes-0:5321:15255 [1] NCCL INFO New proxy send connection 102 from local rank 1, transport 2
gpu-nodes-0:5321:5321 [1] NCCL INFO Connected to proxy localRank 1 -> connection 0x7f029c00e090
gpu-nodes-0:5321:5321 [1] NCCL INFO Channel 05/0 : 9[1] -> 1[1] [send] via NET/IB/1/GDRDMA
gpu-nodes-0:5321:5321 [1] NCCL INFO GPU Direct RDMA Enabled for GPU/0-77824 (rank 9) - NET/0-1 (distance 4 <= 6, read 1, mode Default)
gpu-nodes-0:5321:15255 [1] NCCL INFO New proxy send connection 103 from local rank 1, transport 2
gpu-nodes-0:5321:5321 [1] NCCL INFO Connected to proxy localRank 1 -> connection 0x7f029c00e118
gpu-nodes-0:5321:5321 [1] NCCL INFO Channel 06/0 : 9[1] -> 1[1] [send] via NET/IB/1/GDRDMA
gpu-nodes-0:5321:5321 [1] NCCL INFO GPU Direct RDMA Enabled for GPU/0-77824 (rank 9) - NET/0-1 (distance 4 <= 6, read 1, mode Default)
gpu-nodes-0:5321:15255 [1] NCCL INFO New proxy send connection 104 from local rank 1, transport 2
gpu-nodes-0:5321:5321 [1] NCCL INFO Connected to proxy localRank 1 -> connection 0x7f029c00e1a0
gpu-nodes-0:5321:5321 [1] NCCL INFO Channel 07/0 : 9[1] -> 1[1] [send] via NET/IB/1/GDRDMA
gpu-nodes-0:5321:5321 [1] NCCL INFO GPU Direct RDMA Enabled for GPU/0-77824 (rank 9) - NET/0-1 (distance 4 <= 6, read 1, mode Default)
gpu-nodes-0:5321:15255 [1] NCCL INFO New proxy send connection 105 from local rank 1, transport 2
gpu-nodes-0:5321:5321 [1] NCCL INFO Connected to proxy localRank 1 -> connection 0x7f029c00e228
gpu-nodes-0:5321:5321 [1] NCCL INFO Channel 08/0 : 9[1] -> 1[1] [send] via NET/IB/1/GDRDMA
gpu-nodes-0:5321:5321 [1] NCCL INFO GPU Direct RDMA Enabled for GPU/0-77824 (rank 9) - NET/0-1 (distance 4 <= 6, read 1, mode Default)
gpu-nodes-0:5321:15255 [1] NCCL INFO New proxy send connection 106 from local rank 1, transport 2
gpu-nodes-0:5321:5321 [1] NCCL INFO Connected to proxy localRank 1 -> connection 0x7f029c00e2b0
gpu-nodes-0:5321:5321 [1] NCCL INFO Channel 10/0 : 9[1] -> 1[1] [send] via NET/IB/1/GDRDMA
gpu-nodes-0:5321:5321 [1] NCCL INFO GPU Direct RDMA Enabled for GPU/0-77824 (rank 9) - NET/0-1 (distance 4 <= 6, read 1, mode Default)
gpu-nodes-0:5321:15255 [1] NCCL INFO New proxy send connection 107 from local rank 1, transport 2
gpu-nodes-0:5321:5321 [1] NCCL INFO Connected to proxy localRank 1 -> connection 0x7f029c00e338
gpu-nodes-0:5321:5321 [1] NCCL INFO Channel 11/0 : 9[1] -> 1[1] [send] via NET/IB/1/GDRDMA
gpu-nodes-0:5321:5321 [1] NCCL INFO GPU Direct RDMA Enabled for GPU/0-77824 (rank 9) - NET/0-1 (distance 4 <= 6, read 1, mode Default)
gpu-nodes-0:5321:15255 [1] NCCL INFO New proxy send connection 108 from local rank 1, transport 2
gpu-nodes-0:5321:5321 [1] NCCL INFO Connected to proxy localRank 1 -> connection 0x7f029c00e3c0
gpu-nodes-0:5321:5321 [1] NCCL INFO Channel 12/0 : 9[1] -> 1[1] [send] via NET/IB/1/GDRDMA
gpu-nodes-0:5321:5321 [1] NCCL INFO GPU Direct RDMA Enabled for GPU/0-77824 (rank 9) - NET/0-1 (distance 4 <= 6, read 1, mode Default)
gpu-nodes-0:5321:15255 [1] NCCL INFO New proxy send connection 109 from local rank 1, transport 2
gpu-nodes-0:5321:5321 [1] NCCL INFO Connected to proxy localRank 1 -> connection 0x7f029c00e448
gpu-nodes-0:5321:5321 [1] NCCL INFO Channel 13/0 : 9[1] -> 1[1] [send] via NET/IB/1/GDRDMA
gpu-nodes-0:5321:5321 [1] NCCL INFO GPU Direct RDMA Enabled for GPU/0-77824 (rank 9) - NET/0-1 (distance 4 <= 6, read 1, mode Default)
gpu-nodes-0:5321:15255 [1] NCCL INFO New proxy send connection 110 from local rank 1, transport 2
gpu-nodes-0:5321:5321 [1] NCCL INFO Connected to proxy localRank 1 -> connection 0x7f029c00e4d0
gpu-nodes-0:5321:5321 [1] NCCL INFO Channel 14/0 : 9[1] -> 1[1] [send] via NET/IB/1/GDRDMA
gpu-nodes-0:5321:5321 [1] NCCL INFO GPU Direct RDMA Enabled for GPU/0-77824 (rank 9) - NET/0-1 (distance 4 <= 6, read 1, mode Default)
gpu-nodes-0:5321:15255 [1] NCCL INFO New proxy send connection 111 from local rank 1, transport 2
gpu-nodes-0:5321:5321 [1] NCCL INFO Connected to proxy localRank 1 -> connection 0x7f029c00e558
gpu-nodes-0:5321:5321 [1] NCCL INFO Channel 15/0 : 9[1] -> 1[1] [send] via NET/IB/1/GDRDMA
gpu-nodes-0:5321:5321 [1] NCCL INFO GPU Direct RDMA Enabled for GPU/0-77824 (rank 9) - NET/0-1 (distance 4 <= 6, read 1, mode Default)
gpu-nodes-0:5321:15255 [1] NCCL INFO New proxy send connection 112 from local rank 1, transport 2
gpu-nodes-0:5321:5321 [1] NCCL INFO Connected to proxy localRank 1 -> connection 0x7f029c00e5e0
gpu-nodes-0:5321:5321 [1] NCCL INFO Channel 16/0 : 9[1] -> 1[1] [send] via NET/IB/1/GDRDMA
gpu-nodes-0:5321:5321 [1] NCCL INFO GPU Direct RDMA Enabled for GPU/0-77824 (rank 9) - NET/0-1 (distance 4 <= 6, read 1, mode Default)
gpu-nodes-0:5321:15255 [1] NCCL INFO New proxy send connection 113 from local rank 1, transport 2
gpu-nodes-0:5321:5321 [1] NCCL INFO Connected to proxy localRank 1 -> connection 0x7f029c00e668
gpu-nodes-0:5321:5321 [1] NCCL INFO Channel 17/0 : 9[1] -> 1[1] [send] via NET/IB/1/GDRDMA
gpu-nodes-0:5321:5321 [1] NCCL INFO GPU Direct RDMA Enabled for GPU/0-77824 (rank 9) - NET/0-1 (distance 4 <= 6, read 1, mode Default)
gpu-nodes-0:5321:15255 [1] NCCL INFO New proxy send connection 114 from local rank 1, transport 2
gpu-nodes-0:5321:5321 [1] NCCL INFO Connected to proxy localRank 1 -> connection 0x7f029c00e6f0
gpu-nodes-0:5321:5321 [1] NCCL INFO Channel 18/0 : 9[1] -> 1[1] [send] via NET/IB/1/GDRDMA
gpu-nodes-0:5321:5321 [1] NCCL INFO GPU Direct RDMA Enabled for GPU/0-77824 (rank 9) - NET/0-1 (distance 4 <= 6, read 1, mode Default)
gpu-nodes-0:5321:15255 [1] NCCL INFO New proxy send connection 115 from local rank 1, transport 2
gpu-nodes-0:5321:5321 [1] NCCL INFO Connected to proxy localRank 1 -> connection 0x7f029c00e778
gpu-nodes-0:5321:5321 [1] NCCL INFO Channel 19/0 : 9[1] -> 1[1] [send] via NET/IB/1/GDRDMA
gpu-nodes-0:5321:5321 [1] NCCL INFO GPU Direct RDMA Enabled for GPU/0-77824 (rank 9) - NET/0-1 (distance 4 <= 6, read 1, mode Default)
gpu-nodes-0:5321:15255 [1] NCCL INFO New proxy send connection 116 from local rank 1, transport 2
gpu-nodes-0:5321:5321 [1] NCCL INFO Connected to proxy localRank 1 -> connection 0x7f029c00e800
gpu-nodes-0:5321:5321 [1] NCCL INFO Channel 20/0 : 9[1] -> 1[1] [send] via NET/IB/1/GDRDMA
gpu-nodes-0:5321:5321 [1] NCCL INFO GPU Direct RDMA Enabled for GPU/0-77824 (rank 9) - NET/0-1 (distance 4 <= 6, read 1, mode Default)
gpu-nodes-0:5321:15255 [1] NCCL INFO New proxy send connection 117 from local rank 1, transport 2
gpu-nodes-0:5321:5321 [1] NCCL INFO Connected to proxy localRank 1 -> connection 0x7f029c00e888
gpu-nodes-0:5321:5321 [1] NCCL INFO Channel 21/0 : 9[1] -> 1[1] [send] via NET/IB/1/GDRDMA
gpu-nodes-0:5321:5321 [1] NCCL INFO GPU Direct RDMA Enabled for GPU/0-77824 (rank 9) - NET/0-1 (distance 4 <= 6, read 1, mode Default)
gpu-nodes-0:5321:15255 [1] NCCL INFO New proxy send connection 118 from local rank 1, transport 2
gpu-nodes-0:5321:5321 [1] NCCL INFO Connected to proxy localRank 1 -> connection 0x7f029c00e910
gpu-nodes-0:5321:5321 [1] NCCL INFO Channel 22/0 : 9[1] -> 1[1] [send] via NET/IB/1/GDRDMA
gpu-nodes-0:5321:5321 [1] NCCL INFO GPU Direct RDMA Enabled for GPU/0-77824 (rank 9) - NET/0-1 (distance 4 <= 6, read 1, mode Default)
gpu-nodes-0:5321:15255 [1] NCCL INFO New proxy send connection 119 from local rank 1, transport 2
gpu-nodes-0:5321:5321 [1] NCCL INFO Connected to proxy localRank 1 -> connection 0x7f029c00e998
gpu-nodes-0:5321:5321 [1] NCCL INFO Channel 23/0 : 9[1] -> 1[1] [send] via NET/IB/1/GDRDMA
gpu-nodes-0:5321:5321 [1] NCCL INFO GPU Direct RDMA Enabled for GPU/0-77824 (rank 9) - NET/0-1 (distance 4 <= 6, read 1, mode Default)
gpu-nodes-0:5321:15255 [1] NCCL INFO New proxy send connection 120 from local rank 1, transport 2
gpu-nodes-0:5321:5321 [1] NCCL INFO Connected to proxy localRank 1 -> connection 0x7f029c00ea20
gpu-nodes-0:5321:5321 [1] NCCL INFO Channel 24/0 : 9[1] -> 1[1] [send] via NET/IB/1/GDRDMA
gpu-nodes-0:5321:5321 [1] NCCL INFO GPU Direct RDMA Enabled for GPU/0-77824 (rank 9) - NET/0-1 (distance 4 <= 6, read 1, mode Default)
gpu-nodes-0:5321:15255 [1] NCCL INFO New proxy send connection 121 from local rank 1, transport 2
gpu-nodes-0:5321:5321 [1] NCCL INFO Connected to proxy localRank 1 -> connection 0x7f029c00eaa8
gpu-nodes-0:5321:5321 [1] NCCL INFO Channel 25/0 : 9[1] -> 1[1] [send] via NET/IB/1/GDRDMA
gpu-nodes-0:5321:5321 [1] NCCL INFO GPU Direct RDMA Enabled for GPU/0-77824 (rank 9) - NET/0-1 (distance 4 <= 6, read 1, mode Default)
gpu-nodes-0:5321:15255 [1] NCCL INFO New proxy send connection 122 from local rank 1, transport 2
gpu-nodes-0:5321:5321 [1] NCCL INFO Connected to proxy localRank 1 -> connection 0x7f029c00eb30
gpu-nodes-0:5321:5321 [1] NCCL INFO Channel 26/0 : 9[1] -> 1[1] [send] via NET/IB/1/GDRDMA
gpu-nodes-0:5321:5321 [1] NCCL INFO GPU Direct RDMA Enabled for GPU/0-77824 (rank 9) - NET/0-1 (distance 4 <= 6, read 1, mode Default)
gpu-nodes-0:5321:15255 [1] NCCL INFO New proxy send connection 123 from local rank 1, transport 2
gpu-nodes-0:5321:5321 [1] NCCL INFO Connected to proxy localRank 1 -> connection 0x7f029c00ebb8
gpu-nodes-0:5321:5321 [1] NCCL INFO Channel 27/0 : 9[1] -> 1[1] [send] via NET/IB/1/GDRDMA
gpu-nodes-0:5321:5321 [1] NCCL INFO GPU Direct RDMA Enabled for GPU/0-77824 (rank 9) - NET/0-1 (distance 4 <= 6, read 1, mode Default)
gpu-nodes-0:5321:15255 [1] NCCL INFO New proxy send connection 124 from local rank 1, transport 2
gpu-nodes-0:5321:5321 [1] NCCL INFO Connected to proxy localRank 1 -> connection 0x7f029c00ec40
gpu-nodes-0:5321:5321 [1] NCCL INFO Channel 28/0 : 9[1] -> 1[1] [send] via NET/IB/1/GDRDMA
gpu-nodes-0:5321:5321 [1] NCCL INFO GPU Direct RDMA Enabled for GPU/0-77824 (rank 9) - NET/0-1 (distance 4 <= 6, read 1, mode Default)
gpu-nodes-0:5321:15255 [1] NCCL INFO New proxy send connection 125 from local rank 1, transport 2
gpu-nodes-0:5321:5321 [1] NCCL INFO Connected to proxy localRank 1 -> connection 0x7f029c00ecc8
gpu-nodes-0:5321:5321 [1] NCCL INFO Channel 29/0 : 9[1] -> 1[1] [send] via NET/IB/1/GDRDMA
gpu-nodes-0:5321:5321 [1] NCCL INFO GPU Direct RDMA Enabled for GPU/0-77824 (rank 9) - NET/0-1 (distance 4 <= 6, read 1, mode Default)
gpu-nodes-0:5321:15255 [1] NCCL INFO New proxy send connection 126 from local rank 1, transport 2
gpu-nodes-0:5321:5321 [1] NCCL INFO Connected to proxy localRank 1 -> connection 0x7f029c00ed50
gpu-nodes-0:5321:5321 [1] NCCL INFO Channel 30/0 : 9[1] -> 1[1] [send] via NET/IB/1/GDRDMA
gpu-nodes-0:5321:5321 [1] NCCL INFO GPU Direct RDMA Enabled for GPU/0-77824 (rank 9) - NET/0-1 (distance 4 <= 6, read 1, mode Default)
gpu-nodes-0:5321:15255 [1] NCCL INFO New proxy send connection 127 from local rank 1, transport 2
gpu-nodes-0:5321:5321 [1] NCCL INFO Connected to proxy localRank 1 -> connection 0x7f029c00edd8
gpu-nodes-0:5321:5321 [1] NCCL INFO Channel 31/0 : 9[1] -> 1[1] [send] via NET/IB/1/GDRDMA
gpu-nodes-0:5321:15255 [1] NCCL INFO NET/IB: ncclIbResiliencyInit: Resiliency is disabled on the send communicator (comm=0x7f029c42f000)
gpu-nodes-0:5321:15255 [1] NCCL INFO NET/IB: ncclIbResiliencyInit: Resiliency is disabled on the recv communicator (comm=0x7f029c46a000)
gpu-nodes-0:5321:15255 [1] NCCL INFO NET/IB: ncclIbRecvCommInit: Receive work requests will be posted on-demand
gpu-nodes-0:5321:15255 [1] NCCL INFO NET/IB: ncclIbResiliencyInit: Resiliency is disabled on the send communicator (comm=0x7f029c4a9000)
gpu-nodes-0:5321:15255 [1] NCCL INFO NET/IB: ncclIbSenderQpsCreate: QP created: port=1 dev=1 devName=mlx5_3 ndevs=14 nmdevs=16 qp_num=3173 pkey=0 pd=0x7f146405ec90
gpu-nodes-0:5321:15255 [1] NCCL INFO NET/IB: ncclIbConnect: NCCL Dev 1 IbDev 1 Port 1 qp_num 3173 mtu 5 LID 537 subnet-prefix 33022  FLID 0 ctsFifoRkey=0x149554 ctsFifoLkey=0x149554
gpu-nodes-0:5321:15255 [1] NCCL INFO NET/IB: ncclIbConnect: IbDev 1 Port 1 qp_num 3173 query_ece={supported=1, vendor_id=0x15b3, options=0x30000200, comp_mask=0x0}
gpu-nodes-0:5321:15255 [1] NCCL INFO NET/IB: ncclIbSenderQpsCreate: QP created: port=1 dev=1 devName=mlx5_3 ndevs=14 nmdevs=16 qp_num=3174 pkey=0 pd=0x7f146405ec90
gpu-nodes-0:5321:15255 [1] NCCL INFO NET/IB: ncclIbConnect: NCCL Dev 1 IbDev 1 Port 1 qp_num 3174 mtu 5 LID 537 subnet-prefix 33022  FLID 0 ctsFifoRkey=0x17e1a0 ctsFifoLkey=0x17e1a0
gpu-nodes-0:5321:15255 [1] NCCL INFO NET/IB: ncclIbConnect: IbDev 1 Port 1 qp_num 3174 query_ece={supported=1, vendor_id=0x15b3, options=0x30000200, comp_mask=0x0}
gpu-nodes-0:5321:15255 [1] NCCL INFO NET/IB: ncclIbResiliencyInit: Resiliency is disabled on the recv communicator (comm=0x7f029c54a000)
gpu-nodes-0:5321:15255 [1] NCCL INFO NET/IB: ncclIbRecvCommInit: Receive work requests will be posted on-demand
gpu-nodes-0:5321:15255 [1] NCCL INFO NET/IB: ncclIbResiliencyInit: Resiliency is disabled on the send communicator (comm=0x7f029c589000)
gpu-nodes-0:5321:15255 [1] NCCL INFO NET/IB: ncclIbReceiverQpsCreateToRts: QP created: port=1 dev=1 devName=mlx5_3 ndevs=14 nmdevs=16 qp_num=3175 pkey=0 pd=0x7f146405ec90
gpu-nodes-0:5321:15255 [1] NCCL INFO NET/IB: ncclIbReceiverQpsCreateToRts: QP created: port=1 dev=1 devName=mlx5_3 ndevs=14 nmdevs=16 qp_num=3176 pkey=0 pd=0x7f146405ec90
gpu-nodes-0:5321:15255 [1] NCCL INFO NET/IB: ncclIbResiliencyInit: Resiliency is disabled on the recv communicator (comm=0x7f029c616000)
gpu-nodes-0:5321:15255 [1] NCCL INFO NET/IB: ncclIbRecvCommInit: Receive work requests will be posted on-demand
gpu-nodes-0:5321:15255 [1] NCCL INFO NET/IB: ncclIbSenderQpsToRts: Set ECE: IbDev 1 Port 1 qp_num 3173 set_ece={supported=1, vendor_id=0x15b3, options=0x30000200, comp_mask=0x0}
gpu-nodes-0:5321:15255 [1] NCCL INFO NET/IB: ncclIbSenderQpsToRts: Set ECE: IbDev 1 Port 1 qp_num 3174 set_ece={supported=1, vendor_id=0x15b3, options=0x30000200, comp_mask=0x0}
gpu-nodes-0:5321:15255 [1] NCCL INFO NET/IB: ncclIbReceiverQpsCreateToRts: QP created: port=1 dev=1 devName=mlx5_3 ndevs=14 nmdevs=16 qp_num=3177 pkey=0 pd=0x7f146405ec90
gpu-nodes-0:5321:15255 [1] NCCL INFO NET/IB: ncclIbReceiverQpsCreateToRts: QP created: port=1 dev=1 devName=mlx5_3 ndevs=14 nmdevs=16 qp_num=3178 pkey=0 pd=0x7f146405ec90
gpu-nodes-0:5321:15255 [1] NCCL INFO NET/IB: ncclIbSenderQpsCreate: QP created: port=1 dev=1 devName=mlx5_3 ndevs=14 nmdevs=16 qp_num=3179 pkey=0 pd=0x7f146405ec90
gpu-nodes-0:5321:15255 [1] NCCL INFO NET/IB: ncclIbConnect: NCCL Dev 1 IbDev 1 Port 1 qp_num 3179 mtu 5 LID 537 subnet-prefix 33022  FLID 0 ctsFifoRkey=0x166525 ctsFifoLkey=0x166525
gpu-nodes-0:5321:15255 [1] NCCL INFO NET/IB: ncclIbConnect: IbDev 1 Port 1 qp_num 3179 query_ece={supported=1, vendor_id=0x15b3, options=0x30000200, comp_mask=0x0}
gpu-nodes-0:5321:15255 [1] NCCL INFO NET/IB: ncclIbReceiverQpsCreateToRts: QP created: port=1 dev=1 devName=mlx5_3 ndevs=14 nmdevs=16 qp_num=3180 pkey=0 pd=0x7f146405ec90
gpu-nodes-0:5321:15255 [1] NCCL INFO NET/IB: ncclIbReceiverQpsCreateToRts: QP created: port=1 dev=1 devName=mlx5_3 ndevs=14 nmdevs=16 qp_num=3181 pkey=0 pd=0x7f146405ec90
gpu-nodes-0:5321:15255 [1] NCCL INFO NET/IB: ncclIbResiliencyInit: Resiliency is disabled on the send communicator (comm=0x7f029c71f000)
gpu-nodes-0:5321:15255 [1] NCCL INFO NET/IB: ncclIbSenderQpsToRts: Set ECE: IbDev 1 Port 1 qp_num 3179 set_ece={supported=1, vendor_id=0x15b3, options=0x30000200, comp_mask=0x0}
gpu-nodes-0:5321:15255 [1] NCCL INFO NET/IB: ncclIbSenderQpsCreate: QP created: port=1 dev=1 devName=mlx5_3 ndevs=14 nmdevs=16 qp_num=3182 pkey=0 pd=0x7f146405ec90
gpu-nodes-0:5321:15255 [1] NCCL INFO NET/IB: ncclIbConnect: NCCL Dev 1 IbDev 1 Port 1 qp_num 3182 mtu 5 LID 537 subnet-prefix 33022  FLID 0 ctsFifoRkey=0x16e7a6 ctsFifoLkey=0x16e7a6
gpu-nodes-0:5321:15255 [1] NCCL INFO NET/IB: ncclIbConnect: IbDev 1 Port 1 qp_num 3182 query_ece={supported=1, vendor_id=0x15b3, options=0x30000200, comp_mask=0x0}
gpu-nodes-0:5321:15255 [1] NCCL INFO NET/IB: ncclIbResiliencyInit: Resiliency is disabled on the recv communicator (comm=0x7f029c788000)
gpu-nodes-0:5321:15255 [1] NCCL INFO NET/IB: ncclIbRecvCommInit: Receive work requests will be posted on-demand
gpu-nodes-0:5321:15255 [1] NCCL INFO NET/IB: ncclIbResiliencyInit: Resiliency is disabled on the send communicator (comm=0x7f029c7c5000)
gpu-nodes-0:5321:15255 [1] NCCL INFO NET/IB: ncclIbResiliencyInit: Resiliency is disabled on the recv communicator (comm=0x7f029c800000)
gpu-nodes-0:5321:15255 [1] NCCL INFO NET/IB: ncclIbRecvCommInit: Receive work requests will be posted on-demand
gpu-nodes-0:5321:15255 [1] NCCL INFO NET/IB: ncclIbResiliencyInit: Resiliency is disabled on the send communicator (comm=0x7f029c83f000)
gpu-nodes-0:5321:15255 [1] NCCL INFO NET/IB: ncclIbResiliencyInit: Resiliency is disabled on the recv communicator (comm=0x7f029c87a000)
gpu-nodes-0:5321:15255 [1] NCCL INFO NET/IB: ncclIbRecvCommInit: Receive work requests will be posted on-demand
gpu-nodes-0:5321:15255 [1] NCCL INFO NET/IB: ncclIbResiliencyInit: Resiliency is disabled on the send communicator (comm=0x7f029c8b9000)
gpu-nodes-0:5321:15255 [1] NCCL INFO NET/IB: ncclIbResiliencyInit: Resiliency is disabled on the recv communicator (comm=0x7f029c8f4000)
gpu-nodes-0:5321:15255 [1] NCCL INFO NET/IB: ncclIbRecvCommInit: Receive work requests will be posted on-demand
gpu-nodes-0:5321:15255 [1] NCCL INFO NET/IB: ncclIbResiliencyInit: Resiliency is disabled on the send communicator (comm=0x7f029c933000)
gpu-nodes-0:5321:15255 [1] NCCL INFO NET/IB: ncclIbResiliencyInit: Resiliency is disabled on the recv communicator (comm=0x7f029c96e000)
gpu-nodes-0:5321:15255 [1] NCCL INFO NET/IB: ncclIbRecvCommInit: Receive work requests will be posted on-demand
gpu-nodes-0:5321:15255 [1] NCCL INFO NET/IB: ncclIbResiliencyInit: Resiliency is disabled on the send communicator (comm=0x7f029c9ad000)
gpu-nodes-0:5321:15255 [1] NCCL INFO NET/IB: ncclIbResiliencyInit: Resiliency is disabled on the recv communicator (comm=0x7f029c9e8000)
gpu-nodes-0:5321:15255 [1] NCCL INFO NET/IB: ncclIbRecvCommInit: Receive work requests will be posted on-demand
gpu-nodes-0:5321:15255 [1] NCCL INFO NET/IB: ncclIbResiliencyInit: Resiliency is disabled on the send communicator (comm=0x7f029ca27000)
gpu-nodes-0:5321:15255 [1] NCCL INFO NET/IB: ncclIbResiliencyInit: Resiliency is disabled on the recv communicator (comm=0x7f029ca62000)
gpu-nodes-0:5321:15255 [1] NCCL INFO NET/IB: ncclIbRecvCommInit: Receive work requests will be posted on-demand
gpu-nodes-0:5321:15255 [1] NCCL INFO NET/IB: ncclIbSenderQpsToRts: Set ECE: IbDev 1 Port 1 qp_num 3182 set_ece={supported=1, vendor_id=0x15b3, options=0x30000200, comp_mask=0x0}
gpu-nodes-0:5321:15255 [1] NCCL INFO NET/IB: ncclIbSenderQpsCreate: QP created: port=1 dev=1 devName=mlx5_3 ndevs=14 nmdevs=16 qp_num=3183 pkey=0 pd=0x7f146405ec90
gpu-nodes-0:5321:15255 [1] NCCL INFO NET/IB: ncclIbConnect: NCCL Dev 1 IbDev 1 Port 1 qp_num 3183 mtu 5 LID 537 subnet-prefix 33022  FLID 0 ctsFifoRkey=0x15702f ctsFifoLkey=0x15702f
gpu-nodes-0:5321:15255 [1] NCCL INFO NET/IB: ncclIbConnect: IbDev 1 Port 1 qp_num 3183 query_ece={supported=1, vendor_id=0x15b3, options=0x30000200, comp_mask=0x0}
gpu-nodes-0:5321:15255 [1] NCCL INFO NET/IB: ncclIbReceiverQpsCreateToRts: QP created: port=1 dev=1 devName=mlx5_3 ndevs=14 nmdevs=16 qp_num=3184 pkey=0 pd=0x7f146405ec90
gpu-nodes-0:5321:15255 [1] NCCL INFO NET/IB: ncclIbReceiverQpsCreateToRts: QP created: port=1 dev=1 devName=mlx5_3 ndevs=14 nmdevs=16 qp_num=3185 pkey=0 pd=0x7f146405ec90
gpu-nodes-0:5321:15255 [1] NCCL INFO NET/IB: ncclIbSenderQpsCreate: QP created: port=1 dev=1 devName=mlx5_3 ndevs=14 nmdevs=16 qp_num=3186 pkey=0 pd=0x7f146405ec90
gpu-nodes-0:5321:15255 [1] NCCL INFO NET/IB: ncclIbConnect: NCCL Dev 1 IbDev 1 Port 1 qp_num 3186 mtu 5 LID 537 subnet-prefix 33022  FLID 0 ctsFifoRkey=0x1805c4 ctsFifoLkey=0x1805c4
gpu-nodes-0:5321:15255 [1] NCCL INFO NET/IB: ncclIbConnect: IbDev 1 Port 1 qp_num 3186 query_ece={supported=1, vendor_id=0x15b3, options=0x30000200, comp_mask=0x0}
gpu-nodes-0:5321:15255 [1] NCCL INFO NET/IB: ncclIbReceiverQpsCreateToRts: QP created: port=1 dev=1 devName=mlx5_3 ndevs=14 nmdevs=16 qp_num=3187 pkey=0 pd=0x7f146405ec90
gpu-nodes-0:5321:15255 [1] NCCL INFO NET/IB: ncclIbReceiverQpsCreateToRts: QP created: port=1 dev=1 devName=mlx5_3 ndevs=14 nmdevs=16 qp_num=3188 pkey=0 pd=0x7f146405ec90
gpu-nodes-0:5321:15255 [1] NCCL INFO NET/IB: ncclIbSenderQpsCreate: QP created: port=1 dev=1 devName=mlx5_3 ndevs=14 nmdevs=16 qp_num=3189 pkey=0 pd=0x7f146405ec90
gpu-nodes-0:5321:15255 [1] NCCL INFO NET/IB: ncclIbConnect: NCCL Dev 1 IbDev 1 Port 1 qp_num 3189 mtu 5 LID 537 subnet-prefix 33022  FLID 0 ctsFifoRkey=0x17c988 ctsFifoLkey=0x17c988
gpu-nodes-0:5321:15255 [1] NCCL INFO NET/IB: ncclIbConnect: IbDev 1 Port 1 qp_num 3189 query_ece={supported=1, vendor_id=0x15b3, options=0x30000200, comp_mask=0x0}
gpu-nodes-0:5321:15255 [1] NCCL INFO NET/IB: ncclIbReceiverQpsCreateToRts: QP created: port=1 dev=1 devName=mlx5_3 ndevs=14 nmdevs=16 qp_num=3190 pkey=0 pd=0x7f146405ec90
gpu-nodes-0:5321:15255 [1] NCCL INFO NET/IB: ncclIbReceiverQpsCreateToRts: QP created: port=1 dev=1 devName=mlx5_3 ndevs=14 nmdevs=16 qp_num=3191 pkey=0 pd=0x7f146405ec90
gpu-nodes-0:5321:15255 [1] NCCL INFO NET/IB: ncclIbSenderQpsCreate: QP created: port=1 dev=1 devName=mlx5_3 ndevs=14 nmdevs=16 qp_num=3192 pkey=0 pd=0x7f146405ec90
gpu-nodes-0:5321:15255 [1] NCCL INFO NET/IB: ncclIbConnect: NCCL Dev 1 IbDev 1 Port 1 qp_num 3192 mtu 5 LID 537 subnet-prefix 33022  FLID 0 ctsFifoRkey=0x17803f ctsFifoLkey=0x17803f
gpu-nodes-0:5321:15255 [1] NCCL INFO NET/IB: ncclIbConnect: IbDev 1 Port 1 qp_num 3192 query_ece={supported=1, vendor_id=0x15b3, options=0x30000200, comp_mask=0x0}
gpu-nodes-0:5321:15255 [1] NCCL INFO NET/IB: ncclIbReceiverQpsCreateToRts: QP created: port=1 dev=1 devName=mlx5_3 ndevs=14 nmdevs=16 qp_num=3193 pkey=0 pd=0x7f146405ec90
gpu-nodes-0:5321:15255 [1] NCCL INFO NET/IB: ncclIbReceiverQpsCreateToRts: QP created: port=1 dev=1 devName=mlx5_3 ndevs=14 nmdevs=16 qp_num=3194 pkey=0 pd=0x7f146405ec90
gpu-nodes-0:5321:15255 [1] NCCL INFO NET/IB: ncclIbSenderQpsCreate: QP created: port=1 dev=1 devName=mlx5_3 ndevs=14 nmdevs=16 qp_num=3195 pkey=0 pd=0x7f146405ec90
gpu-nodes-0:5321:15255 [1] NCCL INFO NET/IB: ncclIbConnect: NCCL Dev 1 IbDev 1 Port 1 qp_num 3195 mtu 5 LID 537 subnet-prefix 33022  FLID 0 ctsFifoRkey=0x1716d5 ctsFifoLkey=0x1716d5
gpu-nodes-0:5321:15255 [1] NCCL INFO NET/IB: ncclIbConnect: IbDev 1 Port 1 qp_num 3195 query_ece={supported=1, vendor_id=0x15b3, options=0x30000200, comp_mask=0x0}
gpu-nodes-0:5321:15255 [1] NCCL INFO NET/IB: ncclIbReceiverQpsCreateToRts: QP created: port=1 dev=1 devName=mlx5_3 ndevs=14 nmdevs=16 qp_num=3196 pkey=0 pd=0x7f146405ec90
gpu-nodes-0:5321:15255 [1] NCCL INFO NET/IB: ncclIbReceiverQpsCreateToRts: QP created: port=1 dev=1 devName=mlx5_3 ndevs=14 nmdevs=16 qp_num=3197 pkey=0 pd=0x7f146405ec90
gpu-nodes-0:5321:15255 [1] NCCL INFO NET/IB: ncclIbSenderQpsCreate: QP created: port=1 dev=1 devName=mlx5_3 ndevs=14 nmdevs=16 qp_num=3198 pkey=0 pd=0x7f146405ec90
gpu-nodes-0:5321:15255 [1] NCCL INFO NET/IB: ncclIbConnect: NCCL Dev 1 IbDev 1 Port 1 qp_num 3198 mtu 5 LID 537 subnet-prefix 33022  FLID 0 ctsFifoRkey=0x16ac6b ctsFifoLkey=0x16ac6b
gpu-nodes-0:5321:15255 [1] NCCL INFO NET/IB: ncclIbConnect: IbDev 1 Port 1 qp_num 3198 query_ece={supported=1, vendor_id=0x15b3, options=0x30000200, comp_mask=0x0}
gpu-nodes-0:5321:15255 [1] NCCL INFO NET/IB: ncclIbReceiverQpsCreateToRts: QP created: port=1 dev=1 devName=mlx5_3 ndevs=14 nmdevs=16 qp_num=3199 pkey=0 pd=0x7f146405ec90
gpu-nodes-0:5321:15255 [1] NCCL INFO NET/IB: ncclIbReceiverQpsCreateToRts: QP created: port=1 dev=1 devName=mlx5_3 ndevs=14 nmdevs=16 qp_num=3200 pkey=0 pd=0x7f146405ec90
gpu-nodes-0:5321:15255 [1] NCCL INFO NET/IB: ncclIbResiliencyInit: Resiliency is disabled on the send communicator (comm=0x7f029cdab000)
gpu-nodes-0:5321:15255 [1] NCCL INFO NET/IB: ncclIbReceiverQpsCreateToRts: QP created: port=1 dev=1 devName=mlx5_3 ndevs=14 nmdevs=16 qp_num=3201 pkey=0 pd=0x7f146405ec90
gpu-nodes-0:5321:15255 [1] NCCL INFO NET/IB: ncclIbReceiverQpsCreateToRts: QP created: port=1 dev=1 devName=mlx5_3 ndevs=14 nmdevs=16 qp_num=3202 pkey=0 pd=0x7f146405ec90
gpu-nodes-0:5321:15255 [1] NCCL INFO NET/IB: ncclIbSenderQpsToRts: Set ECE: IbDev 1 Port 1 qp_num 3183 set_ece={supported=1, vendor_id=0x15b3, options=0x30000200, comp_mask=0x0}
gpu-nodes-0:5321:15255 [1] NCCL INFO NET/IB: ncclIbSenderQpsToRts: Set ECE: IbDev 1 Port 1 qp_num 3186 set_ece={supported=1, vendor_id=0x15b3, options=0x30000200, comp_mask=0x0}
gpu-nodes-0:5321:15255 [1] NCCL INFO NET/IB: ncclIbSenderQpsToRts: Set ECE: IbDev 1 Port 1 qp_num 3189 set_ece={supported=1, vendor_id=0x15b3, options=0x30000200, comp_mask=0x0}
gpu-nodes-0:5321:15255 [1] NCCL INFO NET/IB: ncclIbSenderQpsToRts: Set ECE: IbDev 1 Port 1 qp_num 3192 set_ece={supported=1, vendor_id=0x15b3, options=0x30000200, comp_mask=0x0}
gpu-nodes-0:5321:15255 [1] NCCL INFO NET/IB: ncclIbSenderQpsToRts: Set ECE: IbDev 1 Port 1 qp_num 3195 set_ece={supported=1, vendor_id=0x15b3, options=0x30000200, comp_mask=0x0}
gpu-nodes-0:5321:15255 [1] NCCL INFO NET/IB: ncclIbSenderQpsToRts: Set ECE: IbDev 1 Port 1 qp_num 3198 set_ece={supported=1, vendor_id=0x15b3, options=0x30000200, comp_mask=0x0}
gpu-nodes-0:5321:15255 [1] NCCL INFO NET/IB: ncclIbSenderQpsCreate: QP created: port=1 dev=1 devName=mlx5_3 ndevs=14 nmdevs=16 qp_num=3203 pkey=0 pd=0x7f146405ec90
gpu-nodes-0:5321:15255 [1] NCCL INFO NET/IB: ncclIbConnect: NCCL Dev 1 IbDev 1 Port 1 qp_num 3203 mtu 5 LID 537 subnet-prefix 33022  FLID 0 ctsFifoRkey=0x168848 ctsFifoLkey=0x168848
gpu-nodes-0:5321:15255 [1] NCCL INFO NET/IB: ncclIbConnect: IbDev 1 Port 1 qp_num 3203 query_ece={supported=1, vendor_id=0x15b3, options=0x30000200, comp_mask=0x0}
gpu-nodes-0:5321:15255 [1] NCCL INFO NET/IB: ncclIbResiliencyInit: Resiliency is disabled on the recv communicator (comm=0x7f029ce68000)
gpu-nodes-0:5321:15255 [1] NCCL INFO NET/IB: ncclIbRecvCommInit: Receive work requests will be posted on-demand
gpu-nodes-0:5321:15255 [1] NCCL INFO NET/IB: ncclIbResiliencyInit: Resiliency is disabled on the send communicator (comm=0x7f029cea5000)
gpu-nodes-0:5321:15255 [1] NCCL INFO NET/IB: ncclIbResiliencyInit: Resiliency is disabled on the recv communicator (comm=0x7f029cede000)
gpu-nodes-0:5321:15255 [1] NCCL INFO NET/IB: ncclIbRecvCommInit: Receive work requests will be posted on-demand
gpu-nodes-0:5321:15255 [1] NCCL INFO NET/IB: ncclIbResiliencyInit: Resiliency is disabled on the send communicator (comm=0x7f029cf1b000)
gpu-nodes-0:5321:15255 [1] NCCL INFO NET/IB: ncclIbResiliencyInit: Resiliency is disabled on the recv communicator (comm=0x7f029cf54000)
gpu-nodes-0:5321:15255 [1] NCCL INFO NET/IB: ncclIbRecvCommInit: Receive work requests will be posted on-demand
gpu-nodes-0:5321:15255 [1] NCCL INFO NET/IB: ncclIbResiliencyInit: Resiliency is disabled on the send communicator (comm=0x7f029cf91000)
gpu-nodes-0:5321:15255 [1] NCCL INFO NET/IB: ncclIbResiliencyInit: Resiliency is disabled on the recv communicator (comm=0x7f029cfca000)
gpu-nodes-0:5321:15255 [1] NCCL INFO NET/IB: ncclIbRecvCommInit: Receive work requests will be posted on-demand
gpu-nodes-0:5321:15255 [1] NCCL INFO NET/IB: ncclIbResiliencyInit: Resiliency is disabled on the send communicator (comm=0x7f029d007000)
gpu-nodes-0:5321:15255 [1] NCCL INFO NET/IB: ncclIbResiliencyInit: Resiliency is disabled on the recv communicator (comm=0x7f029d040000)
gpu-nodes-0:5321:15255 [1] NCCL INFO NET/IB: ncclIbRecvCommInit: Receive work requests will be posted on-demand
gpu-nodes-0:5321:15255 [1] NCCL INFO NET/IB: ncclIbResiliencyInit: Resiliency is disabled on the send communicator (comm=0x7f029d07d000)
gpu-nodes-0:5321:15255 [1] NCCL INFO NET/IB: ncclIbResiliencyInit: Resiliency is disabled on the recv communicator (comm=0x7f029d0b6000)
gpu-nodes-0:5321:15255 [1] NCCL INFO NET/IB: ncclIbRecvCommInit: Receive work requests will be posted on-demand
gpu-nodes-0:5321:15255 [1] NCCL INFO NET/IB: ncclIbResiliencyInit: Resiliency is disabled on the send communicator (comm=0x7f029d0f3000)
gpu-nodes-0:5321:15255 [1] NCCL INFO NET/IB: ncclIbResiliencyInit: Resiliency is disabled on the recv communicator (comm=0x7f029d12e000)
gpu-nodes-0:5321:15255 [1] NCCL INFO NET/IB: ncclIbRecvCommInit: Receive work requests will be posted on-demand
gpu-nodes-0:5321:15255 [1] NCCL INFO NET/IB: ncclIbResiliencyInit: Resiliency is disabled on the send communicator (comm=0x7f029d16d000)
gpu-nodes-0:5321:15255 [1] NCCL INFO NET/IB: ncclIbResiliencyInit: Resiliency is disabled on the recv communicator (comm=0x7f029d1a8000)
gpu-nodes-0:5321:15255 [1] NCCL INFO NET/IB: ncclIbRecvCommInit: Receive work requests will be posted on-demand
gpu-nodes-0:5321:15255 [1] NCCL INFO NET/IB: ncclIbResiliencyInit: Resiliency is disabled on the send communicator (comm=0x7f029d1e7000)
gpu-nodes-0:5321:15255 [1] NCCL INFO NET/IB: ncclIbResiliencyInit: Resiliency is disabled on the recv communicator (comm=0x7f029d222000)
gpu-nodes-0:5321:15255 [1] NCCL INFO NET/IB: ncclIbRecvCommInit: Receive work requests will be posted on-demand
gpu-nodes-0:5321:15255 [1] NCCL INFO NET/IB: ncclIbResiliencyInit: Resiliency is disabled on the send communicator (comm=0x7f029d261000)
gpu-nodes-0:5321:15255 [1] NCCL INFO NET/IB: ncclIbResiliencyInit: Resiliency is disabled on the recv communicator (comm=0x7f029d29c000)
gpu-nodes-0:5321:15255 [1] NCCL INFO NET/IB: ncclIbRecvCommInit: Receive work requests will be posted on-demand
gpu-nodes-0:5321:15255 [1] NCCL INFO NET/IB: ncclIbResiliencyInit: Resiliency is disabled on the send communicator (comm=0x7f029d2db000)
gpu-nodes-0:5321:15255 [1] NCCL INFO NET/IB: ncclIbResiliencyInit: Resiliency is disabled on the recv communicator (comm=0x7f029d316000)
gpu-nodes-0:5321:15255 [1] NCCL INFO NET/IB: ncclIbRecvCommInit: Receive work requests will be posted on-demand
gpu-nodes-0:5321:15255 [1] NCCL INFO NET/IB: ncclIbResiliencyInit: Resiliency is disabled on the send communicator (comm=0x7f029d355000)
gpu-nodes-0:5321:15255 [1] NCCL INFO NET/IB: ncclIbResiliencyInit: Resiliency is disabled on the recv communicator (comm=0x7f029d390000)
gpu-nodes-0:5321:15255 [1] NCCL INFO NET/IB: ncclIbRecvCommInit: Receive work requests will be posted on-demand
gpu-nodes-0:5321:15255 [1] NCCL INFO NET/IB: ncclIbResiliencyInit: Resiliency is disabled on the send communicator (comm=0x7f029d3cf000)
gpu-nodes-0:5321:15255 [1] NCCL INFO NET/IB: ncclIbResiliencyInit: Resiliency is disabled on the recv communicator (comm=0x7f029d40a000)
gpu-nodes-0:5321:15255 [1] NCCL INFO NET/IB: ncclIbRecvCommInit: Receive work requests will be posted on-demand
gpu-nodes-0:5321:15255 [1] NCCL INFO NET/IB: ncclIbResiliencyInit: Resiliency is disabled on the send communicator (comm=0x7f029d449000)
gpu-nodes-0:5321:15255 [1] NCCL INFO NET/IB: ncclIbResiliencyInit: Resiliency is disabled on the recv communicator (comm=0x7f029d484000)
gpu-nodes-0:5321:15255 [1] NCCL INFO NET/IB: ncclIbRecvCommInit: Receive work requests will be posted on-demand
gpu-nodes-0:5321:15255 [1] NCCL INFO NET/IB: ncclIbResiliencyInit: Resiliency is disabled on the send communicator (comm=0x7f029d4c3000)
gpu-nodes-0:5321:15255 [1] NCCL INFO NET/IB: ncclIbResiliencyInit: Resiliency is disabled on the recv communicator (comm=0x7f029d4fe000)
gpu-nodes-0:5321:15255 [1] NCCL INFO NET/IB: ncclIbRecvCommInit: Receive work requests will be posted on-demand
gpu-nodes-0:5321:15255 [1] NCCL INFO NET/IB: ncclIbResiliencyInit: Resiliency is disabled on the send communicator (comm=0x7f029d53d000)
gpu-nodes-0:5321:15255 [1] NCCL INFO NET/IB: ncclIbResiliencyInit: Resiliency is disabled on the recv communicator (comm=0x7f029d578000)
gpu-nodes-0:5321:15255 [1] NCCL INFO NET/IB: ncclIbRecvCommInit: Receive work requests will be posted on-demand
gpu-nodes-0:5321:15255 [1] NCCL INFO NET/IB: ncclIbResiliencyInit: Resiliency is disabled on the send communicator (comm=0x7f029d5b7000)
gpu-nodes-0:5321:15255 [1] NCCL INFO NET/IB: ncclIbResiliencyInit: Resiliency is disabled on the recv communicator (comm=0x7f029d5f2000)
gpu-nodes-0:5321:15255 [1] NCCL INFO NET/IB: ncclIbRecvCommInit: Receive work requests will be posted on-demand
gpu-nodes-0:5321:15255 [1] NCCL INFO NET/IB: ncclIbResiliencyInit: Resiliency is disabled on the send communicator (comm=0x7f029d631000)
gpu-nodes-0:5321:15255 [1] NCCL INFO NET/IB: ncclIbResiliencyInit: Resiliency is disabled on the recv communicator (comm=0x7f029d66c000)
gpu-nodes-0:5321:15255 [1] NCCL INFO NET/IB: ncclIbRecvCommInit: Receive work requests will be posted on-demand
gpu-nodes-0:5321:15255 [1] NCCL INFO NET/IB: ncclIbResiliencyInit: Resiliency is disabled on the send communicator (comm=0x7f029d6ab000)
gpu-nodes-0:5321:15255 [1] NCCL INFO NET/IB: ncclIbResiliencyInit: Resiliency is disabled on the recv communicator (comm=0x7f029d6e6000)
gpu-nodes-0:5321:15255 [1] NCCL INFO NET/IB: ncclIbRecvCommInit: Receive work requests will be posted on-demand
gpu-nodes-0:5321:15255 [1] NCCL INFO NET/IB: ncclIbResiliencyInit: Resiliency is disabled on the send communicator (comm=0x7f029d725000)
gpu-nodes-0:5321:15255 [1] NCCL INFO NET/IB: ncclIbResiliencyInit: Resiliency is disabled on the recv communicator (comm=0x7f029d760000)
gpu-nodes-0:5321:15255 [1] NCCL INFO NET/IB: ncclIbRecvCommInit: Receive work requests will be posted on-demand
gpu-nodes-0:5321:15255 [1] NCCL INFO NET/IB: ncclIbReceiverQpsCreateToRts: QP created: port=1 dev=1 devName=mlx5_3 ndevs=14 nmdevs=16 qp_num=3204 pkey=0 pd=0x7f146405ec90
gpu-nodes-0:5321:15255 [1] NCCL INFO NET/IB: ncclIbReceiverQpsCreateToRts: QP created: port=1 dev=1 devName=mlx5_3 ndevs=14 nmdevs=16 qp_num=3205 pkey=0 pd=0x7f146405ec90
gpu-nodes-0:5321:15255 [1] NCCL INFO NET/IB: ncclIbSenderQpsToRts: Set ECE: IbDev 1 Port 1 qp_num 3203 set_ece={supported=1, vendor_id=0x15b3, options=0x30000200, comp_mask=0x0}
gpu-nodes-0:5321:15255 [1] NCCL INFO NET/IB: ncclIbSenderQpsCreate: QP created: port=1 dev=1 devName=mlx5_3 ndevs=14 nmdevs=16 qp_num=3206 pkey=0 pd=0x7f146405ec90
gpu-nodes-0:5321:15255 [1] NCCL INFO NET/IB: ncclIbConnect: NCCL Dev 1 IbDev 1 Port 1 qp_num 3206 mtu 5 LID 537 subnet-prefix 33022  FLID 0 ctsFifoRkey=0x14de9d ctsFifoLkey=0x14de9d
gpu-nodes-0:5321:15255 [1] NCCL INFO NET/IB: ncclIbConnect: IbDev 1 Port 1 qp_num 3206 query_ece={supported=1, vendor_id=0x15b3, options=0x30000200, comp_mask=0x0}
gpu-nodes-0:5321:15255 [1] NCCL INFO NET/IB: ncclIbReceiverQpsCreateToRts: QP created: port=1 dev=1 devName=mlx5_3 ndevs=14 nmdevs=16 qp_num=3207 pkey=0 pd=0x7f146405ec90
gpu-nodes-0:5321:15255 [1] NCCL INFO NET/IB: ncclIbReceiverQpsCreateToRts: QP created: port=1 dev=1 devName=mlx5_3 ndevs=14 nmdevs=16 qp_num=3208 pkey=0 pd=0x7f146405ec90
gpu-nodes-0:5321:15255 [1] NCCL INFO NET/IB: ncclIbSenderQpsToRts: Set ECE: IbDev 1 Port 1 qp_num 3206 set_ece={supported=1, vendor_id=0x15b3, options=0x30000200, comp_mask=0x0}
gpu-nodes-0:5321:15255 [1] NCCL INFO NET/IB: ncclIbSenderQpsCreate: QP created: port=1 dev=1 devName=mlx5_3 ndevs=14 nmdevs=16 qp_num=3209 pkey=0 pd=0x7f146405ec90
gpu-nodes-0:5321:15255 [1] NCCL INFO NET/IB: ncclIbConnect: NCCL Dev 1 IbDev 1 Port 1 qp_num 3209 mtu 5 LID 537 subnet-prefix 33022  FLID 0 ctsFifoRkey=0x147d3c ctsFifoLkey=0x147d3c
gpu-nodes-0:5321:15255 [1] NCCL INFO NET/IB: ncclIbConnect: IbDev 1 Port 1 qp_num 3209 query_ece={supported=1, vendor_id=0x15b3, options=0x30000200, comp_mask=0x0}
gpu-nodes-0:5321:15255 [1] NCCL INFO NET/IB: ncclIbReceiverQpsCreateToRts: QP created: port=1 dev=1 devName=mlx5_3 ndevs=14 nmdevs=16 qp_num=3210 pkey=0 pd=0x7f146405ec90
gpu-nodes-0:5321:15255 [1] NCCL INFO NET/IB: ncclIbReceiverQpsCreateToRts: QP created: port=1 dev=1 devName=mlx5_3 ndevs=14 nmdevs=16 qp_num=3211 pkey=0 pd=0x7f146405ec90
gpu-nodes-0:5321:15255 [1] NCCL INFO NET/IB: ncclIbSenderQpsToRts: Set ECE: IbDev 1 Port 1 qp_num 3209 set_ece={supported=1, vendor_id=0x15b3, options=0x30000200, comp_mask=0x0}
gpu-nodes-0:5321:15255 [1] NCCL INFO NET/IB: ncclIbSenderQpsCreate: QP created: port=1 dev=1 devName=mlx5_3 ndevs=14 nmdevs=16 qp_num=3212 pkey=0 pd=0x7f146405ec90
gpu-nodes-0:5321:15255 [1] NCCL INFO NET/IB: ncclIbConnect: NCCL Dev 1 IbDev 1 Port 1 qp_num 3212 mtu 5 LID 537 subnet-prefix 33022  FLID 0 ctsFifoRkey=0x17bd7c ctsFifoLkey=0x17bd7c
gpu-nodes-0:5321:15255 [1] NCCL INFO NET/IB: ncclIbConnect: IbDev 1 Port 1 qp_num 3212 query_ece={supported=1, vendor_id=0x15b3, options=0x30000200, comp_mask=0x0}
gpu-nodes-0:5321:15255 [1] NCCL INFO NET/IB: ncclIbReceiverQpsCreateToRts: QP created: port=1 dev=1 devName=mlx5_3 ndevs=14 nmdevs=16 qp_num=3213 pkey=0 pd=0x7f146405ec90
gpu-nodes-0:5321:15255 [1] NCCL INFO NET/IB: ncclIbReceiverQpsCreateToRts: QP created: port=1 dev=1 devName=mlx5_3 ndevs=14 nmdevs=16 qp_num=3214 pkey=0 pd=0x7f146405ec90
gpu-nodes-0:5321:15255 [1] NCCL INFO NET/IB: ncclIbSenderQpsToRts: Set ECE: IbDev 1 Port 1 qp_num 3212 set_ece={supported=1, vendor_id=0x15b3, options=0x30000200, comp_mask=0x0}
gpu-nodes-0:5321:15255 [1] NCCL INFO NET/IB: ncclIbReceiverQpsCreateToRts: QP created: port=1 dev=1 devName=mlx5_3 ndevs=14 nmdevs=16 qp_num=3215 pkey=0 pd=0x7f146405ec90
gpu-nodes-0:5321:15255 [1] NCCL INFO NET/IB: ncclIbReceiverQpsCreateToRts: QP created: port=1 dev=1 devName=mlx5_3 ndevs=14 nmdevs=16 qp_num=3216 pkey=0 pd=0x7f146405ec90
gpu-nodes-0:5321:15255 [1] NCCL INFO NET/IB: ncclIbSenderQpsCreate: QP created: port=1 dev=1 devName=mlx5_3 ndevs=14 nmdevs=16 qp_num=3217 pkey=0 pd=0x7f146405ec90
gpu-nodes-0:5321:15255 [1] NCCL INFO NET/IB: ncclIbConnect: NCCL Dev 1 IbDev 1 Port 1 qp_num 3217 mtu 5 LID 537 subnet-prefix 33022  FLID 0 ctsFifoRkey=0x175110 ctsFifoLkey=0x175110
gpu-nodes-0:5321:15255 [1] NCCL INFO NET/IB: ncclIbConnect: IbDev 1 Port 1 qp_num 3217 query_ece={supported=1, vendor_id=0x15b3, options=0x30000200, comp_mask=0x0}
gpu-nodes-0:5321:15255 [1] NCCL INFO NET/IB: ncclIbSenderQpsCreate: QP created: port=1 dev=1 devName=mlx5_3 ndevs=14 nmdevs=16 qp_num=3218 pkey=0 pd=0x7f146405ec90
gpu-nodes-0:5321:15255 [1] NCCL INFO NET/IB: ncclIbConnect: NCCL Dev 1 IbDev 1 Port 1 qp_num 3218 mtu 5 LID 537 subnet-prefix 33022  FLID 0 ctsFifoRkey=0x16c483 ctsFifoLkey=0x16c483
gpu-nodes-0:5321:15255 [1] NCCL INFO NET/IB: ncclIbConnect: IbDev 1 Port 1 qp_num 3218 query_ece={supported=1, vendor_id=0x15b3, options=0x30000200, comp_mask=0x0}
gpu-nodes-0:5321:15255 [1] NCCL INFO NET/IB: ncclIbSenderQpsCreate: QP created: port=1 dev=1 devName=mlx5_3 ndevs=14 nmdevs=16 qp_num=3219 pkey=0 pd=0x7f146405ec90
gpu-nodes-0:5321:15255 [1] NCCL INFO NET/IB: ncclIbConnect: NCCL Dev 1 IbDev 1 Port 1 qp_num 3219 mtu 5 LID 537 subnet-prefix 33022  FLID 0 ctsFifoRkey=0x17a565 ctsFifoLkey=0x17a565
gpu-nodes-0:5321:15255 [1] NCCL INFO NET/IB: ncclIbConnect: IbDev 1 Port 1 qp_num 3219 query_ece={supported=1, vendor_id=0x15b3, options=0x30000200, comp_mask=0x0}
gpu-nodes-0:5321:15255 [1] NCCL INFO NET/IB: ncclIbSenderQpsCreate: QP created: port=1 dev=1 devName=mlx5_3 ndevs=14 nmdevs=16 qp_num=3220 pkey=0 pd=0x7f146405ec90
gpu-nodes-0:5321:15255 [1] NCCL INFO NET/IB: ncclIbConnect: NCCL Dev 1 IbDev 1 Port 1 qp_num 3220 mtu 5 LID 537 subnet-prefix 33022  FLID 0 ctsFifoRkey=0x173af9 ctsFifoLkey=0x173af9
gpu-nodes-0:5321:15255 [1] NCCL INFO NET/IB: ncclIbConnect: IbDev 1 Port 1 qp_num 3220 query_ece={supported=1, vendor_id=0x15b3, options=0x30000200, comp_mask=0x0}
gpu-nodes-0:5321:15255 [1] NCCL INFO NET/IB: ncclIbSenderQpsCreate: QP created: port=1 dev=1 devName=mlx5_3 ndevs=14 nmdevs=16 qp_num=3221 pkey=0 pd=0x7f146405ec90
gpu-nodes-0:5321:15255 [1] NCCL INFO NET/IB: ncclIbConnect: NCCL Dev 1 IbDev 1 Port 1 qp_num 3221 mtu 5 LID 537 subnet-prefix 33022  FLID 0 ctsFifoRkey=0x165a19 ctsFifoLkey=0x165a19
gpu-nodes-0:5321:15255 [1] NCCL INFO NET/IB: ncclIbConnect: IbDev 1 Port 1 qp_num 3221 query_ece={supported=1, vendor_id=0x15b3, options=0x30000200, comp_mask=0x0}
gpu-nodes-0:5321:15255 [1] NCCL INFO NET/IB: ncclIbSenderQpsCreate: QP created: port=1 dev=1 devName=mlx5_3 ndevs=14 nmdevs=16 qp_num=3222 pkey=0 pd=0x7f146405ec90
gpu-nodes-0:5321:15255 [1] NCCL INFO NET/IB: ncclIbConnect: NCCL Dev 1 IbDev 1 Port 1 qp_num 3222 mtu 5 LID 537 subnet-prefix 33022  FLID 0 ctsFifoRkey=0x176928 ctsFifoLkey=0x176928
gpu-nodes-0:5321:15255 [1] NCCL INFO NET/IB: ncclIbConnect: IbDev 1 Port 1 qp_num 3222 query_ece={supported=1, vendor_id=0x15b3, options=0x30000200, comp_mask=0x0}
gpu-nodes-0:5321:15255 [1] NCCL INFO NET/IB: ncclIbSenderQpsCreate: QP created: port=1 dev=1 devName=mlx5_3 ndevs=14 nmdevs=16 qp_num=3223 pkey=0 pd=0x7f146405ec90
gpu-nodes-0:5321:15255 [1] NCCL INFO NET/IB: ncclIbConnect: NCCL Dev 1 IbDev 1 Port 1 qp_num 3223 mtu 5 LID 537 subnet-prefix 33022  FLID 0 ctsFifoRkey=0x174505 ctsFifoLkey=0x174505
gpu-nodes-0:5321:15255 [1] NCCL INFO NET/IB: ncclIbConnect: IbDev 1 Port 1 qp_num 3223 query_ece={supported=1, vendor_id=0x15b3, options=0x30000200, comp_mask=0x0}
gpu-nodes-0:5321:15255 [1] NCCL INFO NET/IB: ncclIbSenderQpsToRts: Set ECE: IbDev 1 Port 1 qp_num 3217 set_ece={supported=1, vendor_id=0x15b3, options=0x30000200, comp_mask=0x0}
gpu-nodes-0:5321:15255 [1] NCCL INFO NET/IB: ncclIbReceiverQpsCreateToRts: QP created: port=1 dev=1 devName=mlx5_3 ndevs=14 nmdevs=16 qp_num=3224 pkey=0 pd=0x7f146405ec90
gpu-nodes-0:5321:15255 [1] NCCL INFO NET/IB: ncclIbReceiverQpsCreateToRts: QP created: port=1 dev=1 devName=mlx5_3 ndevs=14 nmdevs=16 qp_num=3225 pkey=0 pd=0x7f146405ec90
gpu-nodes-0:5321:15255 [1] NCCL INFO NET/IB: ncclIbSenderQpsToRts: Set ECE: IbDev 1 Port 1 qp_num 3218 set_ece={supported=1, vendor_id=0x15b3, options=0x30000200, comp_mask=0x0}
gpu-nodes-0:5321:15255 [1] NCCL INFO NET/IB: ncclIbReceiverQpsCreateToRts: QP created: port=1 dev=1 devName=mlx5_3 ndevs=14 nmdevs=16 qp_num=3226 pkey=0 pd=0x7f146405ec90
gpu-nodes-0:5321:15255 [1] NCCL INFO NET/IB: ncclIbReceiverQpsCreateToRts: QP created: port=1 dev=1 devName=mlx5_3 ndevs=14 nmdevs=16 qp_num=3227 pkey=0 pd=0x7f146405ec90
gpu-nodes-0:5321:15255 [1] NCCL INFO NET/IB: ncclIbSenderQpsToRts: Set ECE: IbDev 1 Port 1 qp_num 3219 set_ece={supported=1, vendor_id=0x15b3, options=0x30000200, comp_mask=0x0}
gpu-nodes-0:5321:15255 [1] NCCL INFO NET/IB: ncclIbReceiverQpsCreateToRts: QP created: port=1 dev=1 devName=mlx5_3 ndevs=14 nmdevs=16 qp_num=3228 pkey=0 pd=0x7f146405ec90
gpu-nodes-0:5321:15255 [1] NCCL INFO NET/IB: ncclIbReceiverQpsCreateToRts: QP created: port=1 dev=1 devName=mlx5_3 ndevs=14 nmdevs=16 qp_num=3229 pkey=0 pd=0x7f146405ec90
gpu-nodes-0:5321:15255 [1] NCCL INFO NET/IB: ncclIbSenderQpsToRts: Set ECE: IbDev 1 Port 1 qp_num 3220 set_ece={supported=1, vendor_id=0x15b3, options=0x30000200, comp_mask=0x0}
gpu-nodes-0:5321:15255 [1] NCCL INFO NET/IB: ncclIbReceiverQpsCreateToRts: QP created: port=1 dev=1 devName=mlx5_3 ndevs=14 nmdevs=16 qp_num=3230 pkey=0 pd=0x7f146405ec90
gpu-nodes-0:5321:15255 [1] NCCL INFO NET/IB: ncclIbReceiverQpsCreateToRts: QP created: port=1 dev=1 devName=mlx5_3 ndevs=14 nmdevs=16 qp_num=3231 pkey=0 pd=0x7f146405ec90
gpu-nodes-0:5321:15255 [1] NCCL INFO NET/IB: ncclIbSenderQpsToRts: Set ECE: IbDev 1 Port 1 qp_num 3221 set_ece={supported=1, vendor_id=0x15b3, options=0x30000200, comp_mask=0x0}
gpu-nodes-0:5321:15255 [1] NCCL INFO NET/IB: ncclIbReceiverQpsCreateToRts: QP created: port=1 dev=1 devName=mlx5_3 ndevs=14 nmdevs=16 qp_num=3232 pkey=0 pd=0x7f146405ec90
gpu-nodes-0:5321:15255 [1] NCCL INFO NET/IB: ncclIbReceiverQpsCreateToRts: QP created: port=1 dev=1 devName=mlx5_3 ndevs=14 nmdevs=16 qp_num=3233 pkey=0 pd=0x7f146405ec90
gpu-nodes-0:5321:15255 [1] NCCL INFO NET/IB: ncclIbSenderQpsToRts: Set ECE: IbDev 1 Port 1 qp_num 3222 set_ece={supported=1, vendor_id=0x15b3, options=0x30000200, comp_mask=0x0}
gpu-nodes-0:5321:15255 [1] NCCL INFO NET/IB: ncclIbReceiverQpsCreateToRts: QP created: port=1 dev=1 devName=mlx5_3 ndevs=14 nmdevs=16 qp_num=3234 pkey=0 pd=0x7f146405ec90
gpu-nodes-0:5321:15255 [1] NCCL INFO NET/IB: ncclIbReceiverQpsCreateToRts: QP created: port=1 dev=1 devName=mlx5_3 ndevs=14 nmdevs=16 qp_num=3235 pkey=0 pd=0x7f146405ec90
gpu-nodes-0:5321:15255 [1] NCCL INFO NET/IB: ncclIbSenderQpsCreate: QP created: port=1 dev=1 devName=mlx5_3 ndevs=14 nmdevs=16 qp_num=3236 pkey=0 pd=0x7f146405ec90
gpu-nodes-0:5321:15255 [1] NCCL INFO NET/IB: ncclIbConnect: NCCL Dev 1 IbDev 1 Port 1 qp_num 3236 mtu 5 LID 537 subnet-prefix 33022  FLID 0 ctsFifoRkey=0x1637f6 ctsFifoLkey=0x1637f6
gpu-nodes-0:5321:15255 [1] NCCL INFO NET/IB: ncclIbConnect: IbDev 1 Port 1 qp_num 3236 query_ece={supported=1, vendor_id=0x15b3, options=0x30000200, comp_mask=0x0}
gpu-nodes-0:5321:15255 [1] NCCL INFO NET/IB: ncclIbReceiverQpsCreateToRts: QP created: port=1 dev=1 devName=mlx5_3 ndevs=14 nmdevs=16 qp_num=3237 pkey=0 pd=0x7f146405ec90
gpu-nodes-0:5321:15255 [1] NCCL INFO NET/IB: ncclIbReceiverQpsCreateToRts: QP created: port=1 dev=1 devName=mlx5_3 ndevs=14 nmdevs=16 qp_num=3238 pkey=0 pd=0x7f146405ec90
gpu-nodes-0:5321:15255 [1] NCCL INFO NET/IB: ncclIbSenderQpsToRts: Set ECE: IbDev 1 Port 1 qp_num 3223 set_ece={supported=1, vendor_id=0x15b3, options=0x30000200, comp_mask=0x0}
gpu-nodes-0:5321:15255 [1] NCCL INFO NET/IB: ncclIbSenderQpsToRts: Set ECE: IbDev 1 Port 1 qp_num 3236 set_ece={supported=1, vendor_id=0x15b3, options=0x30000200, comp_mask=0x0}
gpu-nodes-0:5321:15255 [1] NCCL INFO NET/IB: ncclIbSenderQpsCreate: QP created: port=1 dev=1 devName=mlx5_3 ndevs=14 nmdevs=16 qp_num=3239 pkey=0 pd=0x7f146405ec90
gpu-nodes-0:5321:15255 [1] NCCL INFO NET/IB: ncclIbConnect: NCCL Dev 1 IbDev 1 Port 1 qp_num 3239 mtu 5 LID 537 subnet-prefix 33022  FLID 0 ctsFifoRkey=0x15b978 ctsFifoLkey=0x15b978
gpu-nodes-0:5321:15255 [1] NCCL INFO NET/IB: ncclIbConnect: IbDev 1 Port 1 qp_num 3239 query_ece={supported=1, vendor_id=0x15b3, options=0x30000200, comp_mask=0x0}
gpu-nodes-0:5321:15255 [1] NCCL INFO NET/IB: ncclIbSenderQpsCreate: QP created: port=1 dev=1 devName=mlx5_3 ndevs=14 nmdevs=16 qp_num=3240 pkey=0 pd=0x7f146405ec90
gpu-nodes-0:5321:15255 [1] NCCL INFO NET/IB: ncclIbConnect: NCCL Dev 1 IbDev 1 Port 1 qp_num 3240 mtu 5 LID 537 subnet-prefix 33022  FLID 0 ctsFifoRkey=0x1502c1 ctsFifoLkey=0x1502c1
gpu-nodes-0:5321:15255 [1] NCCL INFO NET/IB: ncclIbConnect: IbDev 1 Port 1 qp_num 3240 query_ece={supported=1, vendor_id=0x15b3, options=0x30000200, comp_mask=0x0}
gpu-nodes-0:5321:15255 [1] NCCL INFO NET/IB: ncclIbSenderQpsCreate: QP created: port=1 dev=1 devName=mlx5_3 ndevs=14 nmdevs=16 qp_num=3241 pkey=0 pd=0x7f146405ec90
gpu-nodes-0:5321:15255 [1] NCCL INFO NET/IB: ncclIbConnect: NCCL Dev 1 IbDev 1 Port 1 qp_num 3241 mtu 5 LID 537 subnet-prefix 33022  FLID 0 ctsFifoRkey=0x16db9a ctsFifoLkey=0x16db9a
gpu-nodes-0:5321:15255 [1] NCCL INFO NET/IB: ncclIbConnect: IbDev 1 Port 1 qp_num 3241 query_ece={supported=1, vendor_id=0x15b3, options=0x30000200, comp_mask=0x0}
gpu-nodes-0:5321:15255 [1] NCCL INFO NET/IB: ncclIbSenderQpsCreate: QP created: port=1 dev=1 devName=mlx5_3 ndevs=14 nmdevs=16 qp_num=3242 pkey=0 pd=0x7f146405ec90
gpu-nodes-0:5321:15255 [1] NCCL INFO NET/IB: ncclIbConnect: NCCL Dev 1 IbDev 1 Port 1 qp_num 3242 mtu 5 LID 537 subnet-prefix 33022  FLID 0 ctsFifoRkey=0x156423 ctsFifoLkey=0x156423
gpu-nodes-0:5321:15255 [1] NCCL INFO NET/IB: ncclIbConnect: IbDev 1 Port 1 qp_num 3242 query_ece={supported=1, vendor_id=0x15b3, options=0x30000200, comp_mask=0x0}
gpu-nodes-0:5321:15255 [1] NCCL INFO NET/IB: ncclIbSenderQpsCreate: QP created: port=1 dev=1 devName=mlx5_3 ndevs=14 nmdevs=16 qp_num=3243 pkey=0 pd=0x7f146405ec90
gpu-nodes-0:5321:15255 [1] NCCL INFO NET/IB: ncclIbConnect: NCCL Dev 1 IbDev 1 Port 1 qp_num 3243 mtu 5 LID 537 subnet-prefix 33022  FLID 0 ctsFifoRkey=0x175d1c ctsFifoLkey=0x175d1c
gpu-nodes-0:5321:15255 [1] NCCL INFO NET/IB: ncclIbConnect: IbDev 1 Port 1 qp_num 3243 query_ece={supported=1, vendor_id=0x15b3, options=0x30000200, comp_mask=0x0}
gpu-nodes-0:5321:15255 [1] NCCL INFO NET/IB: ncclIbSenderQpsCreate: QP created: port=1 dev=1 devName=mlx5_3 ndevs=14 nmdevs=16 qp_num=3244 pkey=0 pd=0x7f146405ec90
gpu-nodes-0:5321:15255 [1] NCCL INFO NET/IB: ncclIbConnect: NCCL Dev 1 IbDev 1 Port 1 qp_num 3244 mtu 5 LID 537 subnet-prefix 33022  FLID 0 ctsFifoRkey=0x15cf84 ctsFifoLkey=0x15cf84
gpu-nodes-0:5321:15255 [1] NCCL INFO NET/IB: ncclIbConnect: IbDev 1 Port 1 qp_num 3244 query_ece={supported=1, vendor_id=0x15b3, options=0x30000200, comp_mask=0x0}
gpu-nodes-0:5321:15255 [1] NCCL INFO NET/IB: ncclIbSenderQpsCreate: QP created: port=1 dev=1 devName=mlx5_3 ndevs=14 nmdevs=16 qp_num=3245 pkey=0 pd=0x7f146405ec90
gpu-nodes-0:5321:15255 [1] NCCL INFO NET/IB: ncclIbConnect: NCCL Dev 1 IbDev 1 Port 1 qp_num 3245 mtu 5 LID 537 subnet-prefix 33022  FLID 0 ctsFifoRkey=0x16a05f ctsFifoLkey=0x16a05f
gpu-nodes-0:5321:15255 [1] NCCL INFO NET/IB: ncclIbConnect: IbDev 1 Port 1 qp_num 3245 query_ece={supported=1, vendor_id=0x15b3, options=0x30000200, comp_mask=0x0}
gpu-nodes-0:5321:15255 [1] NCCL INFO NET/IB: ncclIbSenderQpsCreate: QP created: port=1 dev=1 devName=mlx5_3 ndevs=14 nmdevs=16 qp_num=3246 pkey=0 pd=0x7f146405ec90
gpu-nodes-0:5321:15255 [1] NCCL INFO NET/IB: ncclIbConnect: NCCL Dev 1 IbDev 1 Port 1 qp_num 3246 mtu 5 LID 537 subnet-prefix 33022  FLID 0 ctsFifoRkey=0x16b877 ctsFifoLkey=0x16b877
gpu-nodes-0:5321:15255 [1] NCCL INFO NET/IB: ncclIbConnect: IbDev 1 Port 1 qp_num 3246 query_ece={supported=1, vendor_id=0x15b3, options=0x30000200, comp_mask=0x0}
gpu-nodes-0:5321:15255 [1] NCCL INFO NET/IB: ncclIbSenderQpsToRts: Set ECE: IbDev 1 Port 1 qp_num 3239 set_ece={supported=1, vendor_id=0x15b3, options=0x30000200, comp_mask=0x0}
gpu-nodes-0:5321:15255 [1] NCCL INFO NET/IB: ncclIbSenderQpsToRts: Set ECE: IbDev 1 Port 1 qp_num 3240 set_ece={supported=1, vendor_id=0x15b3, options=0x30000200, comp_mask=0x0}
gpu-nodes-0:5321:15255 [1] NCCL INFO NET/IB: ncclIbReceiverQpsCreateToRts: QP created: port=1 dev=1 devName=mlx5_3 ndevs=14 nmdevs=16 qp_num=3247 pkey=0 pd=0x7f146405ec90
gpu-nodes-0:5321:15255 [1] NCCL INFO NET/IB: ncclIbReceiverQpsCreateToRts: QP created: port=1 dev=1 devName=mlx5_3 ndevs=14 nmdevs=16 qp_num=3248 pkey=0 pd=0x7f146405ec90
gpu-nodes-0:5321:15255 [1] NCCL INFO NET/IB: ncclIbSenderQpsToRts: Set ECE: IbDev 1 Port 1 qp_num 3241 set_ece={supported=1, vendor_id=0x15b3, options=0x30000200, comp_mask=0x0}
gpu-nodes-0:5321:15255 [1] NCCL INFO NET/IB: ncclIbReceiverQpsCreateToRts: QP created: port=1 dev=1 devName=mlx5_3 ndevs=14 nmdevs=16 qp_num=3249 pkey=0 pd=0x7f146405ec90
gpu-nodes-0:5321:15255 [1] NCCL INFO NET/IB: ncclIbReceiverQpsCreateToRts: QP created: port=1 dev=1 devName=mlx5_3 ndevs=14 nmdevs=16 qp_num=3250 pkey=0 pd=0x7f146405ec90
gpu-nodes-0:5321:15255 [1] NCCL INFO NET/IB: ncclIbSenderQpsToRts: Set ECE: IbDev 1 Port 1 qp_num 3242 set_ece={supported=1, vendor_id=0x15b3, options=0x30000200, comp_mask=0x0}
gpu-nodes-0:5321:15255 [1] NCCL INFO NET/IB: ncclIbReceiverQpsCreateToRts: QP created: port=1 dev=1 devName=mlx5_3 ndevs=14 nmdevs=16 qp_num=3251 pkey=0 pd=0x7f146405ec90
gpu-nodes-0:5321:15255 [1] NCCL INFO NET/IB: ncclIbReceiverQpsCreateToRts: QP created: port=1 dev=1 devName=mlx5_3 ndevs=14 nmdevs=16 qp_num=3252 pkey=0 pd=0x7f146405ec90
gpu-nodes-0:5321:15255 [1] NCCL INFO NET/IB: ncclIbSenderQpsToRts: Set ECE: IbDev 1 Port 1 qp_num 3243 set_ece={supported=1, vendor_id=0x15b3, options=0x30000200, comp_mask=0x0}
gpu-nodes-0:5321:15255 [1] NCCL INFO NET/IB: ncclIbReceiverQpsCreateToRts: QP created: port=1 dev=1 devName=mlx5_3 ndevs=14 nmdevs=16 qp_num=3253 pkey=0 pd=0x7f146405ec90
gpu-nodes-0:5321:15255 [1] NCCL INFO NET/IB: ncclIbReceiverQpsCreateToRts: QP created: port=1 dev=1 devName=mlx5_3 ndevs=14 nmdevs=16 qp_num=3254 pkey=0 pd=0x7f146405ec90
gpu-nodes-0:5321:15255 [1] NCCL INFO NET/IB: ncclIbSenderQpsToRts: Set ECE: IbDev 1 Port 1 qp_num 3244 set_ece={supported=1, vendor_id=0x15b3, options=0x30000200, comp_mask=0x0}
gpu-nodes-0:5321:15255 [1] NCCL INFO NET/IB: ncclIbReceiverQpsCreateToRts: QP created: port=1 dev=1 devName=mlx5_3 ndevs=14 nmdevs=16 qp_num=3255 pkey=0 pd=0x7f146405ec90
gpu-nodes-0:5321:15255 [1] NCCL INFO NET/IB: ncclIbReceiverQpsCreateToRts: QP created: port=1 dev=1 devName=mlx5_3 ndevs=14 nmdevs=16 qp_num=3256 pkey=0 pd=0x7f146405ec90
gpu-nodes-0:5321:15255 [1] NCCL INFO NET/IB: ncclIbSenderQpsToRts: Set ECE: IbDev 1 Port 1 qp_num 3245 set_ece={supported=1, vendor_id=0x15b3, options=0x30000200, comp_mask=0x0}
gpu-nodes-0:5321:15255 [1] NCCL INFO NET/IB: ncclIbReceiverQpsCreateToRts: QP created: port=1 dev=1 devName=mlx5_3 ndevs=14 nmdevs=16 qp_num=3257 pkey=0 pd=0x7f146405ec90
gpu-nodes-0:5321:15255 [1] NCCL INFO NET/IB: ncclIbReceiverQpsCreateToRts: QP created: port=1 dev=1 devName=mlx5_3 ndevs=14 nmdevs=16 qp_num=3258 pkey=0 pd=0x7f146405ec90
gpu-nodes-0:5321:15255 [1] NCCL INFO NET/IB: ncclIbSenderQpsToRts: Set ECE: IbDev 1 Port 1 qp_num 3246 set_ece={supported=1, vendor_id=0x15b3, options=0x30000200, comp_mask=0x0}
gpu-nodes-0:5321:15255 [1] NCCL INFO NET/IB: ncclIbReceiverQpsCreateToRts: QP created: port=1 dev=1 devName=mlx5_3 ndevs=14 nmdevs=16 qp_num=3259 pkey=0 pd=0x7f146405ec90
gpu-nodes-0:5321:15255 [1] NCCL INFO NET/IB: ncclIbReceiverQpsCreateToRts: QP created: port=1 dev=1 devName=mlx5_3 ndevs=14 nmdevs=16 qp_num=3260 pkey=0 pd=0x7f146405ec90
gpu-nodes-0:5321:15255 [1] NCCL INFO NET/IB: ncclIbReceiverQpsCreateToRts: QP created: port=1 dev=1 devName=mlx5_3 ndevs=14 nmdevs=16 qp_num=3261 pkey=0 pd=0x7f146405ec90
gpu-nodes-0:5321:15255 [1] NCCL INFO NET/IB: ncclIbReceiverQpsCreateToRts: QP created: port=1 dev=1 devName=mlx5_3 ndevs=14 nmdevs=16 qp_num=3262 pkey=0 pd=0x7f146405ec90
gpu-nodes-0:5321:15255 [1] NCCL INFO New proxy send connection 128 from local rank 7, transport 2
gpu-nodes-0:5321:15255 [1] NCCL INFO New proxy send connection 129 from local rank 3, transport 2
gpu-nodes-0:5321:5321 [1] NCCL INFO Connected NVLS tree
gpu-nodes-0:5321:15255 [1] NCCL INFO New proxy send connection 130 from local rank 1, transport 2
gpu-nodes-0:5321:5321 [1] NCCL INFO Connected to proxy localRank 1 -> connection 0x7f029e15b120
gpu-nodes-0:5321:5321 [1] NCCL INFO GPU Direct RDMA Enabled for GPU/0-77824 (rank 9) - NET/0-0 ( using PXN via GPU/0-12288, distance 4 <= 6, read 1, mode Default)
gpu-nodes-0:5321:5321 [1] NCCL INFO GPU Direct RDMA Enabled for GPU/0-77824 (rank 9) - NET/0-2 ( using PXN via GPU/0-405504, distance 4 <= 6, read 1, mode Default)
gpu-nodes-0:5321:5321 [1] NCCL INFO GPU Direct RDMA Enabled for GPU/0-77824 (rank 9) - NET/0-3 ( using PXN via GPU/0-471040, distance 4 <= 6, read 1, mode Default)
gpu-nodes-0:5321:5321 [1] NCCL INFO GPU Direct RDMA Enabled for GPU/0-77824 (rank 9) - NET/0-4 ( using PXN via GPU/0-536576, distance 4 <= 6, read 1, mode Default)
gpu-nodes-0:5321:5321 [1] NCCL INFO GPU Direct RDMA Enabled for GPU/0-77824 (rank 9) - NET/0-5 ( using PXN via GPU/0-602112, distance 4 <= 6, read 1, mode Default)
gpu-nodes-0:5321:5321 [1] NCCL INFO GPU Direct RDMA Enabled for GPU/0-77824 (rank 9) - NET/0-12 ( using PXN via GPU/0-929792, distance 4 <= 6, read 1, mode Default)
gpu-nodes-0:5321:5321 [1] NCCL INFO GPU Direct RDMA Enabled for GPU/0-77824 (rank 9) - NET/0-13 ( using PXN via GPU/0-995328, distance 4 <= 6, read 1, mode Default)
gpu-nodes-0:5321:5321 [1] NCCL INFO GPU Direct RDMA Enabled for GPU/0-77824 (rank 9) - NET/0-0 ( using PXN via GPU/0-12288, distance 4 <= 6, read 1, mode Default)
gpu-nodes-0:5321:5321 [1] NCCL INFO GPU Direct RDMA Enabled for GPU/0-77824 (rank 9) - NET/0-2 ( using PXN via GPU/0-405504, distance 4 <= 6, read 1, mode Default)
gpu-nodes-0:5321:5321 [1] NCCL INFO GPU Direct RDMA Enabled for GPU/0-77824 (rank 9) - NET/0-3 ( using PXN via GPU/0-471040, distance 4 <= 6, read 1, mode Default)
gpu-nodes-0:5321:5321 [1] NCCL INFO GPU Direct RDMA Enabled for GPU/0-77824 (rank 9) - NET/0-4 ( using PXN via GPU/0-536576, distance 4 <= 6, read 1, mode Default)
gpu-nodes-0:5321:5321 [1] NCCL INFO GPU Direct RDMA Enabled for GPU/0-77824 (rank 9) - NET/0-5 ( using PXN via GPU/0-602112, distance 4 <= 6, read 1, mode Default)
gpu-nodes-0:5321:5321 [1] NCCL INFO GPU Direct RDMA Enabled for GPU/0-77824 (rank 9) - NET/0-12 ( using PXN via GPU/0-929792, distance 4 <= 6, read 1, mode Default)
gpu-nodes-0:5321:5321 [1] NCCL INFO GPU Direct RDMA Enabled for GPU/0-77824 (rank 9) - NET/0-13 ( using PXN via GPU/0-995328, distance 4 <= 6, read 1, mode Default)
gpu-nodes-0:5321:5321 [1] NCCL INFO Connected to proxy localRank 0 -> connection 0x78f06c42c798
gpu-nodes-0:5321:15255 [1] NCCL INFO New proxy send connection 131 from local rank 6, transport 2
gpu-nodes-0:5321:15255 [1] NCCL INFO New proxy send connection 132 from local rank 5, transport 2
gpu-nodes-0:5321:15255 [1] NCCL INFO New proxy send connection 133 from local rank 0, transport 2
gpu-nodes-0:5321:5321 [1] NCCL INFO Connected to proxy localRank 2 -> connection 0x716ab1fe4120
gpu-nodes-0:5321:15255 [1] NCCL INFO New proxy send connection 134 from local rank 4, transport 2
gpu-nodes-0:5321:15255 [1] NCCL INFO New proxy send connection 135 from local rank 2, transport 2
gpu-nodes-0:5321:5321 [1] NCCL INFO Connected to proxy localRank 3 -> connection 0x708faa15b3c8
gpu-nodes-0:5321:5321 [1] NCCL INFO Connected to proxy localRank 4 -> connection 0x77a9ee0663c8
gpu-nodes-0:5321:5321 [1] NCCL INFO Connected to proxy localRank 5 -> connection 0x7dc41215e3c8
gpu-nodes-0:5321:5321 [1] NCCL INFO Connected to proxy localRank 6 -> connection 0x7b802e14c3c8
gpu-nodes-0:5321:5321 [1] NCCL INFO Connected to proxy localRank 7 -> connection 0x7b112a15e3c8
gpu-nodes-0:5321:5321 [1] NCCL INFO threadThresholds 8/8/64 | 128/8/64 | 512 | 512
gpu-nodes-0:5321:5321 [1] NCCL INFO 16 coll channels, 16 collnet channels, 32 nvls channels, 16 p2p channels, 4 p2p channels per peer
gpu-nodes-0:5321:5321 [1] NCCL INFO Symmetric memory is not supported. cuMemEnable 0, globalGinSupport 0, globalNicFused 1 cuMemGdrSupport 1
gpu-nodes-0:5321:5321 [1] NCCL INFO ncclCommInitRankConfig comm 0x7f0fca91f5d0 rank 9 nranks 16 cudaDev 1 nvmlDev 1 busId 13000 commId 0x3e4293f9d0533e3f - Init COMPLETE
gpu-nodes-0:5321:5321 [1] NCCL INFO Init timings - ncclCommInitRankConfig: rank 9 nranks 16 total 2.33 (kernels 0.00, alloc 0.00, bootstrap 0.00, allgathers 0.36, topo 0.90, graphs 0.08, connections 0.98, rest 0.00)
gpu-nodes-0:5321:5321 [1] NCCL INFO Initialized NET plugin IB
gpu-nodes-0:5321:5321 [1] NCCL INFO Assigned NET plugin IB to comm
gpu-nodes-0:5321:5321 [1] NCCL INFO Assigned GIN plugin GIN_IB_GDAKI to comm
gpu-nodes-0:5321:5321 [1] NCCL INFO Assigned RMA plugin GIN_IB_PROXY to comm
gpu-nodes-0:5321:5321 [1] NCCL INFO Using network IB
gpu-nodes-0:5321:5321 [1] NCCL INFO DMA-BUF is available on GPU device 1
gpu-nodes-0:5321:5321 [1] NCCL INFO [Rank 1] ncclCommInitRankConfig comm 0x7f0fccf89010 rank 1 nranks 2 cudaDev 1 nvmlDev 1 busId 13000 commId 0xa5ceaac02ab164b4 - Init START
gpu-nodes-0:5321:5321 [1] NCCL INFO MNNVL busId 0x13000 fabric UUID 0.0 cliqueId 0x0 state 3 healthMask 0x80
gpu-nodes-0:5321:5321 [1] NCCL INFO Could not find real path of /sys/class/pci_bus/fffffff/../../fffffff:ff:f
gpu-nodes-0:5321:5321 [1] NCCL INFO TOPO/NET : Importing network plugins to topology
gpu-nodes-0:5321:5321 [1] NCCL INFO NET/GIN_IB_GDAKI : GPU Direct RDMA Enabled for HCA 0 'mlx5_1'
gpu-nodes-0:5321:5321 [1] NCCL INFO ncclTopoPopulateNics : Filled mlx5_1 in topo with pciPath=/sys/devices/pci0000:00/0000:00:01.1/0000:01:00.0/0000:02:01.0/0000:04:00.0 net=0 gin=1 keep=1 coll=(null)
gpu-nodes-0:5321:5321 [1] NCCL INFO NET/GIN_IB_GDAKI : GPU Direct RDMA Enabled for HCA 1 'mlx5_3'
gpu-nodes-0:5321:5321 [1] NCCL INFO ncclTopoPopulateNics : Filled mlx5_3 in topo with pciPath=/sys/devices/pci0000:10/0000:10:01.1/0000:11:00.0/0000:12:01.0/0000:14:00.0 net=0 gin=1 keep=1 coll=(null)
gpu-nodes-0:5321:5321 [1] NCCL INFO NET/GIN_IB_GDAKI : GPU Direct RDMA Enabled for HCA 2 'mlx5_2'
gpu-nodes-0:5321:5321 [1] NCCL INFO ncclTopoPopulateNics : Filled mlx5_2 in topo with pciPath=/sys/devices/pci0000:60/0000:60:01.1/0000:61:00.0/0000:62:01.0/0000:64:00.0 net=0 gin=1 keep=1 coll=(null)
gpu-nodes-0:5321:5321 [1] NCCL INFO NET/GIN_IB_GDAKI : GPU Direct RDMA Enabled for HCA 3 'mlx5_0'
gpu-nodes-0:5321:5321 [1] NCCL INFO ncclTopoPopulateNics : Filled mlx5_0 in topo with pciPath=/sys/devices/pci0000:70/0000:70:01.1/0000:71:00.0/0000:72:01.0/0000:74:00.0 net=0 gin=1 keep=1 coll=(null)
gpu-nodes-0:5321:5321 [1] NCCL INFO NET/GIN_IB_GDAKI : GPU Direct RDMA Enabled for HCA 4 'mlx5_9'
gpu-nodes-0:5321:5321 [1] NCCL INFO ncclTopoPopulateNics : Filled mlx5_9 in topo with pciPath=/sys/devices/pci0000:80/0000:80:01.1/0000:81:00.0/0000:82:01.0/0000:84:00.0 net=0 gin=1 keep=1 coll=(null)
gpu-nodes-0:5321:5321 [1] NCCL INFO NET/GIN_IB_GDAKI : GPU Direct RDMA Enabled for HCA 5 'mlx5_13'
gpu-nodes-0:5321:5321 [1] NCCL INFO ncclTopoPopulateNics : Filled mlx5_13 in topo with pciPath=/sys/devices/pci0000:90/0000:90:01.1/0000:91:00.0/0000:92:01.0/0000:94:00.0 net=0 gin=1 keep=1 coll=(null)
gpu-nodes-0:5321:5321 [1] NCCL INFO NET/GIN_IB_GDAKI : GPU Direct RDMA Enabled for HCA 6 'mlx5_10'
gpu-nodes-0:5321:5321 [1] NCCL INFO ncclTopoPopulateNics : Filled mlx5_10 in topo with pciPath=/sys/devices/pci0000:c0/0000:c0:01.1/0000:c1:00.0 net=0 gin=1 keep=1 coll=(null)
gpu-nodes-0:5321:5321 [1] NCCL INFO NET/GIN_IB_GDAKI : GPU Direct RDMA Enabled for HCA 7 'mlx5_11'
gpu-nodes-0:5321:5321 [1] NCCL INFO ncclTopoPopulateNics : Filled mlx5_11 in topo with pciPath=/sys/devices/pci0000:c0/0000:c0:01.1/0000:c1:00.0 net=0 gin=1 keep=1 coll=(null)
gpu-nodes-0:5321:5321 [1] NCCL INFO NET/GIN_IB_GDAKI : GPU Direct RDMA Enabled for HCA 8 'mlx5_5'
gpu-nodes-0:5321:5321 [1] NCCL INFO ncclTopoPopulateNics : Filled mlx5_5 in topo with pciPath=/sys/devices/pci0000:d0/0000:d0:03.3/0000:d2:00.0 net=0 gin=1 keep=1 coll=(null)
gpu-nodes-0:5321:5321 [1] NCCL INFO NET/GIN_IB_GDAKI : GPU Direct RDMA Enabled for HCA 9 'mlx5_6'
gpu-nodes-0:5321:5321 [1] NCCL INFO ncclTopoPopulateNics : Filled mlx5_6 in topo with pciPath=/sys/devices/pci0000:d0/0000:d0:03.3/0000:d2:00.0 net=0 gin=1 keep=1 coll=(null)
gpu-nodes-0:5321:5321 [1] NCCL INFO NET/GIN_IB_GDAKI : GPU Direct RDMA Enabled for HCA 10 'mlx5_7'
gpu-nodes-0:5321:5321 [1] NCCL INFO ncclTopoPopulateNics : Filled mlx5_7 in topo with pciPath=/sys/devices/pci0000:d0/0000:d0:03.3/0000:d2:00.0 net=0 gin=1 keep=1 coll=(null)
gpu-nodes-0:5321:5321 [1] NCCL INFO NET/GIN_IB_GDAKI : GPU Direct RDMA Enabled for HCA 11 'mlx5_8'
gpu-nodes-0:5321:5321 [1] NCCL INFO ncclTopoPopulateNics : Filled mlx5_8 in topo with pciPath=/sys/devices/pci0000:d0/0000:d0:03.3/0000:d2:00.0 net=0 gin=1 keep=1 coll=(null)
gpu-nodes-0:5321:5321 [1] NCCL INFO NET/GIN_IB_GDAKI : GPU Direct RDMA Enabled for HCA 12 'mlx5_12'
gpu-nodes-0:5321:5321 [1] NCCL INFO ncclTopoPopulateNics : Filled mlx5_12 in topo with pciPath=/sys/devices/pci0000:e0/0000:e0:01.1/0000:e1:00.0/0000:e2:01.0/0000:e4:00.0 net=0 gin=1 keep=1 coll=(null)
gpu-nodes-0:5321:5321 [1] NCCL INFO NET/GIN_IB_GDAKI : GPU Direct RDMA Enabled for HCA 13 'mlx5_4'
gpu-nodes-0:5321:5321 [1] NCCL INFO ncclTopoPopulateNics : Filled mlx5_4 in topo with pciPath=/sys/devices/pci0000:f0/0000:f0:01.1/0000:f1:00.0/0000:f2:01.0/0000:f4:00.0 net=0 gin=1 keep=1 coll=(null)
gpu-nodes-0:5321:5321 [1] NCCL INFO NET/IB : GPU Direct RDMA Enabled for HCA 0 'mlx5_1'
gpu-nodes-0:5321:5321 [1] NCCL INFO ncclTopoPopulateNics : Filled mlx5_1 in topo with pciPath=/sys/devices/pci0000:00/0000:00:01.1/0000:01:00.0/0000:02:01.0/0000:04:00.0 net=1 gin=1 keep=1 coll=(null)
gpu-nodes-0:5321:5321 [1] NCCL INFO NET/IB : GPU Direct RDMA Enabled for HCA 1 'mlx5_3'
gpu-nodes-0:5321:5321 [1] NCCL INFO ncclTopoPopulateNics : Filled mlx5_3 in topo with pciPath=/sys/devices/pci0000:10/0000:10:01.1/0000:11:00.0/0000:12:01.0/0000:14:00.0 net=1 gin=1 keep=1 coll=(null)
gpu-nodes-0:5321:5321 [1] NCCL INFO NET/IB : GPU Direct RDMA Enabled for HCA 2 'mlx5_2'
gpu-nodes-0:5321:5321 [1] NCCL INFO ncclTopoPopulateNics : Filled mlx5_2 in topo with pciPath=/sys/devices/pci0000:60/0000:60:01.1/0000:61:00.0/0000:62:01.0/0000:64:00.0 net=1 gin=1 keep=1 coll=(null)
gpu-nodes-0:5321:5321 [1] NCCL INFO NET/IB : GPU Direct RDMA Enabled for HCA 3 'mlx5_0'
gpu-nodes-0:5321:5321 [1] NCCL INFO ncclTopoPopulateNics : Filled mlx5_0 in topo with pciPath=/sys/devices/pci0000:70/0000:70:01.1/0000:71:00.0/0000:72:01.0/0000:74:00.0 net=1 gin=1 keep=1 coll=(null)
gpu-nodes-0:5321:5321 [1] NCCL INFO NET/IB : GPU Direct RDMA Enabled for HCA 4 'mlx5_9'
gpu-nodes-0:5321:5321 [1] NCCL INFO ncclTopoPopulateNics : Filled mlx5_9 in topo with pciPath=/sys/devices/pci0000:80/0000:80:01.1/0000:81:00.0/0000:82:01.0/0000:84:00.0 net=1 gin=1 keep=1 coll=(null)
gpu-nodes-0:5321:5321 [1] NCCL INFO NET/IB : GPU Direct RDMA Enabled for HCA 5 'mlx5_13'
gpu-nodes-0:5321:5321 [1] NCCL INFO ncclTopoPopulateNics : Filled mlx5_13 in topo with pciPath=/sys/devices/pci0000:90/0000:90:01.1/0000:91:00.0/0000:92:01.0/0000:94:00.0 net=1 gin=1 keep=1 coll=(null)
gpu-nodes-0:5321:5321 [1] NCCL INFO NET/IB : GPU Direct RDMA Enabled for HCA 6 'mlx5_10'
gpu-nodes-0:5321:5321 [1] NCCL INFO ncclTopoPopulateNics : Filled mlx5_10 in topo with pciPath=/sys/devices/pci0000:c0/0000:c0:01.1/0000:c1:00.0 net=1 gin=1 keep=1 coll=(null)
gpu-nodes-0:5321:5321 [1] NCCL INFO NET/IB : GPU Direct RDMA Enabled for HCA 7 'mlx5_11'
gpu-nodes-0:5321:5321 [1] NCCL INFO ncclTopoPopulateNics : Filled mlx5_11 in topo with pciPath=/sys/devices/pci0000:c0/0000:c0:01.1/0000:c1:00.0 net=1 gin=1 keep=1 coll=(null)
gpu-nodes-0:5321:5321 [1] NCCL INFO NET/IB : GPU Direct RDMA Enabled for HCA 8 'mlx5_5'
gpu-nodes-0:5321:5321 [1] NCCL INFO ncclTopoPopulateNics : Filled mlx5_5 in topo with pciPath=/sys/devices/pci0000:d0/0000:d0:03.3/0000:d2:00.0 net=1 gin=1 keep=1 coll=(null)
gpu-nodes-0:5321:5321 [1] NCCL INFO NET/IB : GPU Direct RDMA Enabled for HCA 9 'mlx5_6'
gpu-nodes-0:5321:5321 [1] NCCL INFO ncclTopoPopulateNics : Filled mlx5_6 in topo with pciPath=/sys/devices/pci0000:d0/0000:d0:03.3/0000:d2:00.0 net=1 gin=1 keep=1 coll=(null)
gpu-nodes-0:5321:5321 [1] NCCL INFO NET/IB : GPU Direct RDMA Enabled for HCA 10 'mlx5_7'
gpu-nodes-0:5321:5321 [1] NCCL INFO ncclTopoPopulateNics : Filled mlx5_7 in topo with pciPath=/sys/devices/pci0000:d0/0000:d0:03.3/0000:d2:00.0 net=1 gin=1 keep=1 coll=(null)
gpu-nodes-0:5321:5321 [1] NCCL INFO NET/IB : GPU Direct RDMA Enabled for HCA 11 'mlx5_8'
gpu-nodes-0:5321:5321 [1] NCCL INFO ncclTopoPopulateNics : Filled mlx5_8 in topo with pciPath=/sys/devices/pci0000:d0/0000:d0:03.3/0000:d2:00.0 net=1 gin=1 keep=1 coll=(null)
gpu-nodes-0:5321:5321 [1] NCCL INFO NET/IB : GPU Direct RDMA Enabled for HCA 12 'mlx5_12'
gpu-nodes-0:5321:5321 [1] NCCL INFO ncclTopoPopulateNics : Filled mlx5_12 in topo with pciPath=/sys/devices/pci0000:e0/0000:e0:01.1/0000:e1:00.0/0000:e2:01.0/0000:e4:00.0 net=1 gin=1 keep=1 coll=(null)
gpu-nodes-0:5321:5321 [1] NCCL INFO NET/IB : GPU Direct RDMA Enabled for HCA 13 'mlx5_4'
gpu-nodes-0:5321:5321 [1] NCCL INFO ncclTopoPopulateNics : Filled mlx5_4 in topo with pciPath=/sys/devices/pci0000:f0/0000:f0:01.1/0000:f1:00.0/0000:f2:01.0/0000:f4:00.0 net=1 gin=1 keep=1 coll=(null)
gpu-nodes-0:5321:5321 [1] NCCL INFO NET/IB : GPU Direct RDMA Enabled for HCA 14 'mlx5_10+mlx5_11'
gpu-nodes-0:5321:5321 [1] NCCL INFO ncclTopoPopulateNics : Filled mlx5_10+mlx5_11 in topo with pciPath=/sys/devices/pci0000:c0/0000:c0:01.1/0000:c1:00.0 net=1 gin=(null) keep=1 coll=(null)
gpu-nodes-0:5321:5321 [1] NCCL INFO NET/IB : GPU Direct RDMA Enabled for HCA 15 'mlx5_5+mlx5_6+mlx5_7+mlx5_8'
gpu-nodes-0:5321:5321 [1] NCCL INFO ncclTopoPopulateNics : Filled mlx5_5+mlx5_6+mlx5_7+mlx5_8 in topo with pciPath=/sys/devices/pci0000:d0/0000:d0:03.3/0000:d2:00.0 net=1 gin=(null) keep=1 coll=(null)
gpu-nodes-0:5321:5321 [1] NCCL INFO GPU Direct RDMA Enabled for GPU/0-77824 (rank 1) - NET/0-1 (distance 4 <= 6, read 0, mode Default)
gpu-nodes-0:5321:5321 [1] NCCL INFO GPU Direct RDMA Enabled for GPU/0-77824 (rank 1) - NET/0-1 (distance 4 <= 6, read 0, mode Default)
gpu-nodes-0:5321:5321 [1] NCCL INFO === System : maxBw 48.0 totalBw 721.8 ===
gpu-nodes-0:5321:5321 [1] NCCL INFO CPU/0-0 (1/2/-1)
gpu-nodes-0:5321:5321 [1] NCCL INFO + PCI[48.0] - PCI/0-1000 (1000c03015d91d72)
gpu-nodes-0:5321:5321 [1] NCCL INFO               + PCI[48.0] - NIC/0-4000
gpu-nodes-0:5321:5321 [1] NCCL INFO                             + NET[50.0] - NET/0-0 (0/b4a2ca0003e60050/1/50.000000)
gpu-nodes-0:5321:5321 [1] NCCL INFO                             + NET[50.0] - GIN/0-0
gpu-nodes-0:5321:5321 [1] NCCL INFO + PCI[48.0] - PCI/0-11000 (1000c03015d91d72)
gpu-nodes-0:5321:5321 [1] NCCL INFO               + PCI[48.0] - GPU/0-13000 (1)
gpu-nodes-0:5321:5321 [1] NCCL INFO                             + NVL[721.8] - NVS/0-0
gpu-nodes-0:5321:5321 [1] NCCL INFO               + PCI[48.0] - NIC/0-14000
gpu-nodes-0:5321:5321 [1] NCCL INFO                             + NET[50.0] - NET/0-1 (0/f49aca0003e60050/1/50.000000)
gpu-nodes-0:5321:5321 [1] NCCL INFO                             + NET[50.0] - GIN/0-1
gpu-nodes-0:5321:5321 [1] NCCL INFO + PCI[48.0] - PCI/0-61000 (1000c03015d91d72)
gpu-nodes-0:5321:5321 [1] NCCL INFO               + PCI[48.0] - NIC/0-64000
gpu-nodes-0:5321:5321 [1] NCCL INFO                             + NET[50.0] - NET/0-2 (0/343cca0003e60050/1/50.000000)
gpu-nodes-0:5321:5321 [1] NCCL INFO                             + NET[50.0] - GIN/0-2
gpu-nodes-0:5321:5321 [1] NCCL INFO + PCI[48.0] - PCI/0-71000 (1000c03015d91d72)
gpu-nodes-0:5321:5321 [1] NCCL INFO               + PCI[48.0] - NIC/0-74000
gpu-nodes-0:5321:5321 [1] NCCL INFO                             + NET[50.0] - NET/0-3 (0/49bca0003e60050/1/50.000000)
gpu-nodes-0:5321:5321 [1] NCCL INFO                             + NET[50.0] - GIN/0-3
gpu-nodes-0:5321:5321 [1] NCCL INFO + SYS[16.0] - CPU/0-1
gpu-nodes-0:5321:5321 [1] NCCL INFO CPU/0-1 (1/2/-1)
gpu-nodes-0:5321:5321 [1] NCCL INFO + PCI[48.0] - PCI/0-81000 (1000c03015d91d72)
gpu-nodes-0:5321:5321 [1] NCCL INFO               + PCI[48.0] - NIC/0-84000
gpu-nodes-0:5321:5321 [1] NCCL INFO                             + NET[50.0] - NET/0-4 (0/2ca2ca0003e60050/1/50.000000)
gpu-nodes-0:5321:5321 [1] NCCL INFO                             + NET[50.0] - GIN/0-4
gpu-nodes-0:5321:5321 [1] NCCL INFO + PCI[48.0] - PCI/0-91000 (1000c03015d91d72)
gpu-nodes-0:5321:5321 [1] NCCL INFO               + PCI[48.0] - NIC/0-94000
gpu-nodes-0:5321:5321 [1] NCCL INFO                             + NET[50.0] - NET/0-5 (0/c9bca0003e60050/1/50.000000)
gpu-nodes-0:5321:5321 [1] NCCL INFO                             + NET[50.0] - GIN/0-5
gpu-nodes-0:5321:5321 [1] NCCL INFO + PCI[48.0] - NIC/0-c1000
gpu-nodes-0:5321:5321 [1] NCCL INFO               + NET[50.0] - NET/0-e (0/a20fb90003bd70c4/1/50.000000)
gpu-nodes-0:5321:5321 [1] NCCL INFO               + NET[25.0] - NET/0-6 (0/a20fb90003bd70c4/1/25.000000)
gpu-nodes-0:5321:5321 [1] NCCL INFO               + NET[25.0] - GIN/0-6
gpu-nodes-0:5321:5321 [1] NCCL INFO               + NET[25.0] - NET/0-7 (0/a20fb90003bd70c4/2/25.000000)
gpu-nodes-0:5321:5321 [1] NCCL INFO               + NET[25.0] - GIN/0-7
gpu-nodes-0:5321:5321 [1] NCCL INFO + PCI[48.0] - PCI/0-e1000 (1000c03015d91d72)
gpu-nodes-0:5321:5321 [1] NCCL INFO               + PCI[48.0] - NIC/0-e4000
gpu-nodes-0:5321:5321 [1] NCCL INFO                             + NET[50.0] - NET/0-c (0/cca2ca0003e60050/1/50.000000)
gpu-nodes-0:5321:5321 [1] NCCL INFO                             + NET[50.0] - GIN/0-c
gpu-nodes-0:5321:5321 [1] NCCL INFO + PCI[48.0] - PCI/0-f1000 (1000c03015d91d72)
gpu-nodes-0:5321:5321 [1] NCCL INFO               + PCI[48.0] - NIC/0-f4000
gpu-nodes-0:5321:5321 [1] NCCL INFO                             + NET[50.0] - NET/0-d (0/ec9aca0003e60050/1/50.000000)
gpu-nodes-0:5321:5321 [1] NCCL INFO                             + NET[50.0] - GIN/0-d
gpu-nodes-0:5321:5321 [1] NCCL INFO + SYS[16.0] - CPU/0-0
gpu-nodes-0:5321:5321 [1] NCCL INFO + PCI[1.5] - NIC/0-d2000
gpu-nodes-0:5321:5321 [1] NCCL INFO              + NET[50.0] - NET/0-f (0/1e62300003098c7c/1/50.000000)
gpu-nodes-0:5321:5321 [1] NCCL INFO              + NET[12.5] - NET/0-8 (0/1e62300003098c7c/1/12.500000)
gpu-nodes-0:5321:5321 [1] NCCL INFO              + NET[12.5] - GIN/0-8
gpu-nodes-0:5321:5321 [1] NCCL INFO              + NET[12.5] - NET/0-9 (0/1e62300003098c7c/2/12.500000)
gpu-nodes-0:5321:5321 [1] NCCL INFO              + NET[12.5] - GIN/0-9
gpu-nodes-0:5321:5321 [1] NCCL INFO              + NET[12.5] - NET/0-a (0/1e62300003098c7c/3/12.500000)
gpu-nodes-0:5321:5321 [1] NCCL INFO              + NET[12.5] - GIN/0-a
gpu-nodes-0:5321:5321 [1] NCCL INFO              + NET[12.5] - NET/0-b (0/1e62300003098c7c/4/12.500000)
gpu-nodes-0:5321:5321 [1] NCCL INFO              + NET[12.5] - GIN/0-b
gpu-nodes-0:5321:5321 [1] NCCL INFO ==========================================
gpu-nodes-0:5321:5321 [1] NCCL INFO GPU/0-13000 :GPU/0-13000 (0/5000.0/LOC) NVS/0-0 (1/721.8/NVL) CPU/0-0 (2/48.0/PHB) CPU/0-1 (3/16.0/SYS) NET/0-0 (5/48.0/PHB) NET/0-1 (3/48.0/PIX) NET/0-2 (5/48.0/PHB) NET/0-3 (5/48.0/PHB) NET/0-4 (6/16.0/SYS) NET/0-5 (6/16.0/SYS) NET/0-6 (5/16.0/SYS) NET/0-7 (5/16.0/SYS) NET/0-e (5/16.0/SYS) NET/0-8 (5/1.5/SYS) NET/0-9 (5/1.5/SYS) NET/0-a (5/1.5/SYS) NET/0-b (5/1.5/SYS) NET/0-f (5/1.5/SYS) NET/0-c (6/16.0/SYS) NET/0-d (6/16.0/SYS) GIN/0-0 (5/48.0/PHB) GIN/0-1 (3/48.0/PIX) GIN/0-2 (5/48.0/PHB) GIN/0-3 (5/48.0/PHB) GIN/0-4 (6/16.0/SYS) GIN/0-5 (6/16.0/SYS) GIN/0-6 (5/16.0/SYS) GIN/0-7 (5/16.0/SYS) GIN/0-8 (5/1.5/SYS) GIN/0-9 (5/1.5/SYS) GIN/0-a (5/1.5/SYS) GIN/0-b (5/1.5/SYS) GIN/0-c (6/16.0/SYS) GIN/0-d (6/16.0/SYS) 
gpu-nodes-0:5321:5321 [1] NCCL INFO NET/0-0 :GPU/0-13000 (5/48.0/PHB) CPU/0-0 (3/48.0/PHB) CPU/0-1 (4/16.0/SYS) NET/0-0 (0/5000.0/LOC) NET/0-1 (6/48.0/PHB) NET/0-2 (6/48.0/PHB) NET/0-3 (6/48.0/PHB) NET/0-4 (7/16.0/SYS) NET/0-5 (7/16.0/SYS) NET/0-6 (6/16.0/SYS) NET/0-7 (6/16.0/SYS) NET/0-e (6/16.0/SYS) NET/0-8 (6/1.5/SYS) NET/0-9 (6/1.5/SYS) NET/0-a (6/1.5/SYS) NET/0-b (6/1.5/SYS) NET/0-f (6/1.5/SYS) NET/0-c (7/16.0/SYS) NET/0-d (7/16.0/SYS) GIN/0-0 (2/50.0/LOC) GIN/0-1 (6/48.0/PHB) GIN/0-2 (6/48.0/PHB) GIN/0-3 (6/48.0/PHB) GIN/0-4 (7/16.0/SYS) GIN/0-5 (7/16.0/SYS) GIN/0-6 (6/16.0/SYS) GIN/0-7 (6/16.0/SYS) GIN/0-8 (6/1.5/SYS) GIN/0-9 (6/1.5/SYS) GIN/0-a (6/1.5/SYS) GIN/0-b (6/1.5/SYS) GIN/0-c (7/16.0/SYS) GIN/0-d (7/16.0/SYS) 
gpu-nodes-0:5321:5321 [1] NCCL INFO NET/0-1 :GPU/0-13000 (3/48.0/PIX) CPU/0-0 (3/48.0/PHB) CPU/0-1 (4/16.0/SYS) NET/0-0 (6/48.0/PHB) NET/0-1 (0/5000.0/LOC) NET/0-2 (6/48.0/PHB) NET/0-3 (6/48.0/PHB) NET/0-4 (7/16.0/SYS) NET/0-5 (7/16.0/SYS) NET/0-6 (6/16.0/SYS) NET/0-7 (6/16.0/SYS) NET/0-e (6/16.0/SYS) NET/0-8 (6/1.5/SYS) NET/0-9 (6/1.5/SYS) NET/0-a (6/1.5/SYS) NET/0-b (6/1.5/SYS) NET/0-f (6/1.5/SYS) NET/0-c (7/16.0/SYS) NET/0-d (7/16.0/SYS) GIN/0-0 (6/48.0/PHB) GIN/0-1 (2/50.0/LOC) GIN/0-2 (6/48.0/PHB) GIN/0-3 (6/48.0/PHB) GIN/0-4 (7/16.0/SYS) GIN/0-5 (7/16.0/SYS) GIN/0-6 (6/16.0/SYS) GIN/0-7 (6/16.0/SYS) GIN/0-8 (6/1.5/SYS) GIN/0-9 (6/1.5/SYS) GIN/0-a (6/1.5/SYS) GIN/0-b (6/1.5/SYS) GIN/0-c (7/16.0/SYS) GIN/0-d (7/16.0/SYS) 
gpu-nodes-0:5321:5321 [1] NCCL INFO NET/0-2 :GPU/0-13000 (5/48.0/PHB) CPU/0-0 (3/48.0/PHB) CPU/0-1 (4/16.0/SYS) NET/0-0 (6/48.0/PHB) NET/0-1 (6/48.0/PHB) NET/0-2 (0/5000.0/LOC) NET/0-3 (6/48.0/PHB) NET/0-4 (7/16.0/SYS) NET/0-5 (7/16.0/SYS) NET/0-6 (6/16.0/SYS) NET/0-7 (6/16.0/SYS) NET/0-e (6/16.0/SYS) NET/0-8 (6/1.5/SYS) NET/0-9 (6/1.5/SYS) NET/0-a (6/1.5/SYS) NET/0-b (6/1.5/SYS) NET/0-f (6/1.5/SYS) NET/0-c (7/16.0/SYS) NET/0-d (7/16.0/SYS) GIN/0-0 (6/48.0/PHB) GIN/0-1 (6/48.0/PHB) GIN/0-2 (2/50.0/LOC) GIN/0-3 (6/48.0/PHB) GIN/0-4 (7/16.0/SYS) GIN/0-5 (7/16.0/SYS) GIN/0-6 (6/16.0/SYS) GIN/0-7 (6/16.0/SYS) GIN/0-8 (6/1.5/SYS) GIN/0-9 (6/1.5/SYS) GIN/0-a (6/1.5/SYS) GIN/0-b (6/1.5/SYS) GIN/0-c (7/16.0/SYS) GIN/0-d (7/16.0/SYS) 
gpu-nodes-0:5321:5321 [1] NCCL INFO NET/0-3 :GPU/0-13000 (5/48.0/PHB) CPU/0-0 (3/48.0/PHB) CPU/0-1 (4/16.0/SYS) NET/0-0 (6/48.0/PHB) NET/0-1 (6/48.0/PHB) NET/0-2 (6/48.0/PHB) NET/0-3 (0/5000.0/LOC) NET/0-4 (7/16.0/SYS) NET/0-5 (7/16.0/SYS) NET/0-6 (6/16.0/SYS) NET/0-7 (6/16.0/SYS) NET/0-e (6/16.0/SYS) NET/0-8 (6/1.5/SYS) NET/0-9 (6/1.5/SYS) NET/0-a (6/1.5/SYS) NET/0-b (6/1.5/SYS) NET/0-f (6/1.5/SYS) NET/0-c (7/16.0/SYS) NET/0-d (7/16.0/SYS) GIN/0-0 (6/48.0/PHB) GIN/0-1 (6/48.0/PHB) GIN/0-2 (6/48.0/PHB) GIN/0-3 (2/50.0/LOC) GIN/0-4 (7/16.0/SYS) GIN/0-5 (7/16.0/SYS) GIN/0-6 (6/16.0/SYS) GIN/0-7 (6/16.0/SYS) GIN/0-8 (6/1.5/SYS) GIN/0-9 (6/1.5/SYS) GIN/0-a (6/1.5/SYS) GIN/0-b (6/1.5/SYS) GIN/0-c (7/16.0/SYS) GIN/0-d (7/16.0/SYS) 
gpu-nodes-0:5321:5321 [1] NCCL INFO NET/0-4 :GPU/0-13000 (6/16.0/SYS) CPU/0-0 (4/16.0/SYS) CPU/0-1 (3/48.0/PHB) NET/0-0 (7/16.0/SYS) NET/0-1 (7/16.0/SYS) NET/0-2 (7/16.0/SYS) NET/0-3 (7/16.0/SYS) NET/0-4 (0/5000.0/LOC) NET/0-5 (6/48.0/PHB) NET/0-6 (5/25.0/PHB) NET/0-7 (5/25.0/PHB) NET/0-e (5/48.0/PHB) NET/0-8 (5/1.5/PHB) NET/0-9 (5/1.5/PHB) NET/0-a (5/1.5/PHB) NET/0-b (5/1.5/PHB) NET/0-f (5/1.5/PHB) NET/0-c (6/48.0/PHB) NET/0-d (6/48.0/PHB) GIN/0-0 (7/16.0/SYS) GIN/0-1 (7/16.0/SYS) GIN/0-2 (7/16.0/SYS) GIN/0-3 (7/16.0/SYS) GIN/0-4 (2/50.0/LOC) GIN/0-5 (6/48.0/PHB) GIN/0-6 (5/25.0/PHB) GIN/0-7 (5/25.0/PHB) GIN/0-8 (5/1.5/PHB) GIN/0-9 (5/1.5/PHB) GIN/0-a (5/1.5/PHB) GIN/0-b (5/1.5/PHB) GIN/0-c (6/48.0/PHB) GIN/0-d (6/48.0/PHB) 
gpu-nodes-0:5321:5321 [1] NCCL INFO NET/0-5 :GPU/0-13000 (6/16.0/SYS) CPU/0-0 (4/16.0/SYS) CPU/0-1 (3/48.0/PHB) NET/0-0 (7/16.0/SYS) NET/0-1 (7/16.0/SYS) NET/0-2 (7/16.0/SYS) NET/0-3 (7/16.0/SYS) NET/0-4 (6/48.0/PHB) NET/0-5 (0/5000.0/LOC) NET/0-6 (5/25.0/PHB) NET/0-7 (5/25.0/PHB) NET/0-e (5/48.0/PHB) NET/0-8 (5/1.5/PHB) NET/0-9 (5/1.5/PHB) NET/0-a (5/1.5/PHB) NET/0-b (5/1.5/PHB) NET/0-f (5/1.5/PHB) NET/0-c (6/48.0/PHB) NET/0-d (6/48.0/PHB) GIN/0-0 (7/16.0/SYS) GIN/0-1 (7/16.0/SYS) GIN/0-2 (7/16.0/SYS) GIN/0-3 (7/16.0/SYS) GIN/0-4 (6/48.0/PHB) GIN/0-5 (2/50.0/LOC) GIN/0-6 (5/25.0/PHB) GIN/0-7 (5/25.0/PHB) GIN/0-8 (5/1.5/PHB) GIN/0-9 (5/1.5/PHB) GIN/0-a (5/1.5/PHB) GIN/0-b (5/1.5/PHB) GIN/0-c (6/48.0/PHB) GIN/0-d (6/48.0/PHB) 
gpu-nodes-0:5321:5321 [1] NCCL INFO NET/0-6 :GPU/0-13000 (5/16.0/SYS) CPU/0-0 (3/16.0/SYS) CPU/0-1 (2/25.0/PHB) NET/0-0 (6/16.0/SYS) NET/0-1 (6/16.0/SYS) NET/0-2 (6/16.0/SYS) NET/0-3 (6/16.0/SYS) NET/0-4 (5/25.0/PHB) NET/0-5 (5/25.0/PHB) NET/0-6 (0/5000.0/LOC) NET/0-7 (2/25.0/LOC) NET/0-e (2/25.0/LOC) NET/0-8 (4/1.5/PHB) NET/0-9 (4/1.5/PHB) NET/0-a (4/1.5/PHB) NET/0-b (4/1.5/PHB) NET/0-f (4/1.5/PHB) NET/0-c (5/25.0/PHB) NET/0-d (5/25.0/PHB) GIN/0-0 (6/16.0/SYS) GIN/0-1 (6/16.0/SYS) GIN/0-2 (6/16.0/SYS) GIN/0-3 (6/16.0/SYS) GIN/0-4 (5/25.0/PHB) GIN/0-5 (5/25.0/PHB) GIN/0-6 (2/25.0/LOC) GIN/0-7 (2/25.0/LOC) GIN/0-8 (4/1.5/PHB) GIN/0-9 (4/1.5/PHB) GIN/0-a (4/1.5/PHB) GIN/0-b (4/1.5/PHB) GIN/0-c (5/25.0/PHB) GIN/0-d (5/25.0/PHB) 
gpu-nodes-0:5321:5321 [1] NCCL INFO NET/0-7 :GPU/0-13000 (5/16.0/SYS) CPU/0-0 (3/16.0/SYS) CPU/0-1 (2/25.0/PHB) NET/0-0 (6/16.0/SYS) NET/0-1 (6/16.0/SYS) NET/0-2 (6/16.0/SYS) NET/0-3 (6/16.0/SYS) NET/0-4 (5/25.0/PHB) NET/0-5 (5/25.0/PHB) NET/0-6 (2/25.0/LOC) NET/0-7 (0/5000.0/LOC) NET/0-e (2/25.0/LOC) NET/0-8 (4/1.5/PHB) NET/0-9 (4/1.5/PHB) NET/0-a (4/1.5/PHB) NET/0-b (4/1.5/PHB) NET/0-f (4/1.5/PHB) NET/0-c (5/25.0/PHB) NET/0-d (5/25.0/PHB) GIN/0-0 (6/16.0/SYS) GIN/0-1 (6/16.0/SYS) GIN/0-2 (6/16.0/SYS) GIN/0-3 (6/16.0/SYS) GIN/0-4 (5/25.0/PHB) GIN/0-5 (5/25.0/PHB) GIN/0-6 (2/25.0/LOC) GIN/0-7 (2/25.0/LOC) GIN/0-8 (4/1.5/PHB) GIN/0-9 (4/1.5/PHB) GIN/0-a (4/1.5/PHB) GIN/0-b (4/1.5/PHB) GIN/0-c (5/25.0/PHB) GIN/0-d (5/25.0/PHB) 
gpu-nodes-0:5321:5321 [1] NCCL INFO NET/0-e :GPU/0-13000 (5/16.0/SYS) CPU/0-0 (3/16.0/SYS) CPU/0-1 (2/48.0/PHB) NET/0-0 (6/16.0/SYS) NET/0-1 (6/16.0/SYS) NET/0-2 (6/16.0/SYS) NET/0-3 (6/16.0/SYS) NET/0-4 (5/48.0/PHB) NET/0-5 (5/48.0/PHB) NET/0-6 (2/25.0/LOC) NET/0-7 (2/25.0/LOC) NET/0-e (0/5000.0/LOC) NET/0-8 (4/1.5/PHB) NET/0-9 (4/1.5/PHB) NET/0-a (4/1.5/PHB) NET/0-b (4/1.5/PHB) NET/0-f (4/1.5/PHB) NET/0-c (5/48.0/PHB) NET/0-d (5/48.0/PHB) GIN/0-0 (6/16.0/SYS) GIN/0-1 (6/16.0/SYS) GIN/0-2 (6/16.0/SYS) GIN/0-3 (6/16.0/SYS) GIN/0-4 (5/48.0/PHB) GIN/0-5 (5/48.0/PHB) GIN/0-6 (2/25.0/LOC) GIN/0-7 (2/25.0/LOC) GIN/0-8 (4/1.5/PHB) GIN/0-9 (4/1.5/PHB) GIN/0-a (4/1.5/PHB) GIN/0-b (4/1.5/PHB) GIN/0-c (5/48.0/PHB) GIN/0-d (5/48.0/PHB) 
gpu-nodes-0:5321:5321 [1] NCCL INFO NET/0-8 :GPU/0-13000 (5/1.5/SYS) CPU/0-0 (3/1.5/SYS) CPU/0-1 (2/1.5/PHB) NET/0-0 (6/1.5/SYS) NET/0-1 (6/1.5/SYS) NET/0-2 (6/1.5/SYS) NET/0-3 (6/1.5/SYS) NET/0-4 (5/1.5/PHB) NET/0-5 (5/1.5/PHB) NET/0-6 (4/1.5/PHB) NET/0-7 (4/1.5/PHB) NET/0-e (4/1.5/PHB) NET/0-8 (0/5000.0/LOC) NET/0-9 (2/12.5/LOC) NET/0-a (2/12.5/LOC) NET/0-b (2/12.5/LOC) NET/0-f (2/12.5/LOC) NET/0-c (5/1.5/PHB) NET/0-d (5/1.5/PHB) GIN/0-0 (6/1.5/SYS) GIN/0-1 (6/1.5/SYS) GIN/0-2 (6/1.5/SYS) GIN/0-3 (6/1.5/SYS) GIN/0-4 (5/1.5/PHB) GIN/0-5 (5/1.5/PHB) GIN/0-6 (4/1.5/PHB) GIN/0-7 (4/1.5/PHB) GIN/0-8 (2/12.5/LOC) GIN/0-9 (2/12.5/LOC) GIN/0-a (2/12.5/LOC) GIN/0-b (2/12.5/LOC) GIN/0-c (5/1.5/PHB) GIN/0-d (5/1.5/PHB) 
gpu-nodes-0:5321:5321 [1] NCCL INFO NET/0-9 :GPU/0-13000 (5/1.5/SYS) CPU/0-0 (3/1.5/SYS) CPU/0-1 (2/1.5/PHB) NET/0-0 (6/1.5/SYS) NET/0-1 (6/1.5/SYS) NET/0-2 (6/1.5/SYS) NET/0-3 (6/1.5/SYS) NET/0-4 (5/1.5/PHB) NET/0-5 (5/1.5/PHB) NET/0-6 (4/1.5/PHB) NET/0-7 (4/1.5/PHB) NET/0-e (4/1.5/PHB) NET/0-8 (2/12.5/LOC) NET/0-9 (0/5000.0/LOC) NET/0-a (2/12.5/LOC) NET/0-b (2/12.5/LOC) NET/0-f (2/12.5/LOC) NET/0-c (5/1.5/PHB) NET/0-d (5/1.5/PHB) GIN/0-0 (6/1.5/SYS) GIN/0-1 (6/1.5/SYS) GIN/0-2 (6/1.5/SYS) GIN/0-3 (6/1.5/SYS) GIN/0-4 (5/1.5/PHB) GIN/0-5 (5/1.5/PHB) GIN/0-6 (4/1.5/PHB) GIN/0-7 (4/1.5/PHB) GIN/0-8 (2/12.5/LOC) GIN/0-9 (2/12.5/LOC) GIN/0-a (2/12.5/LOC) GIN/0-b (2/12.5/LOC) GIN/0-c (5/1.5/PHB) GIN/0-d (5/1.5/PHB) 
gpu-nodes-0:5321:5321 [1] NCCL INFO NET/0-a :GPU/0-13000 (5/1.5/SYS) CPU/0-0 (3/1.5/SYS) CPU/0-1 (2/1.5/PHB) NET/0-0 (6/1.5/SYS) NET/0-1 (6/1.5/SYS) NET/0-2 (6/1.5/SYS) NET/0-3 (6/1.5/SYS) NET/0-4 (5/1.5/PHB) NET/0-5 (5/1.5/PHB) NET/0-6 (4/1.5/PHB) NET/0-7 (4/1.5/PHB) NET/0-e (4/1.5/PHB) NET/0-8 (2/12.5/LOC) NET/0-9 (2/12.5/LOC) NET/0-a (0/5000.0/LOC) NET/0-b (2/12.5/LOC) NET/0-f (2/12.5/LOC) NET/0-c (5/1.5/PHB) NET/0-d (5/1.5/PHB) GIN/0-0 (6/1.5/SYS) GIN/0-1 (6/1.5/SYS) GIN/0-2 (6/1.5/SYS) GIN/0-3 (6/1.5/SYS) GIN/0-4 (5/1.5/PHB) GIN/0-5 (5/1.5/PHB) GIN/0-6 (4/1.5/PHB) GIN/0-7 (4/1.5/PHB) GIN/0-8 (2/12.5/LOC) GIN/0-9 (2/12.5/LOC) GIN/0-a (2/12.5/LOC) GIN/0-b (2/12.5/LOC) GIN/0-c (5/1.5/PHB) GIN/0-d (5/1.5/PHB) 
gpu-nodes-0:5321:5321 [1] NCCL INFO NET/0-b :GPU/0-13000 (5/1.5/SYS) CPU/0-0 (3/1.5/SYS) CPU/0-1 (2/1.5/PHB) NET/0-0 (6/1.5/SYS) NET/0-1 (6/1.5/SYS) NET/0-2 (6/1.5/SYS) NET/0-3 (6/1.5/SYS) NET/0-4 (5/1.5/PHB) NET/0-5 (5/1.5/PHB) NET/0-6 (4/1.5/PHB) NET/0-7 (4/1.5/PHB) NET/0-e (4/1.5/PHB) NET/0-8 (2/12.5/LOC) NET/0-9 (2/12.5/LOC) NET/0-a (2/12.5/LOC) NET/0-b (0/5000.0/LOC) NET/0-f (2/12.5/LOC) NET/0-c (5/1.5/PHB) NET/0-d (5/1.5/PHB) GIN/0-0 (6/1.5/SYS) GIN/0-1 (6/1.5/SYS) GIN/0-2 (6/1.5/SYS) GIN/0-3 (6/1.5/SYS) GIN/0-4 (5/1.5/PHB) GIN/0-5 (5/1.5/PHB) GIN/0-6 (4/1.5/PHB) GIN/0-7 (4/1.5/PHB) GIN/0-8 (2/12.5/LOC) GIN/0-9 (2/12.5/LOC) GIN/0-a (2/12.5/LOC) GIN/0-b (2/12.5/LOC) GIN/0-c (5/1.5/PHB) GIN/0-d (5/1.5/PHB) 
gpu-nodes-0:5321:5321 [1] NCCL INFO NET/0-f :GPU/0-13000 (5/1.5/SYS) CPU/0-0 (3/1.5/SYS) CPU/0-1 (2/1.5/PHB) NET/0-0 (6/1.5/SYS) NET/0-1 (6/1.5/SYS) NET/0-2 (6/1.5/SYS) NET/0-3 (6/1.5/SYS) NET/0-4 (5/1.5/PHB) NET/0-5 (5/1.5/PHB) NET/0-6 (4/1.5/PHB) NET/0-7 (4/1.5/PHB) NET/0-e (4/1.5/PHB) NET/0-8 (2/12.5/LOC) NET/0-9 (2/12.5/LOC) NET/0-a (2/12.5/LOC) NET/0-b (2/12.5/LOC) NET/0-f (0/5000.0/LOC) NET/0-c (5/1.5/PHB) NET/0-d (5/1.5/PHB) GIN/0-0 (6/1.5/SYS) GIN/0-1 (6/1.5/SYS) GIN/0-2 (6/1.5/SYS) GIN/0-3 (6/1.5/SYS) GIN/0-4 (5/1.5/PHB) GIN/0-5 (5/1.5/PHB) GIN/0-6 (4/1.5/PHB) GIN/0-7 (4/1.5/PHB) GIN/0-8 (2/12.5/LOC) GIN/0-9 (2/12.5/LOC) GIN/0-a (2/12.5/LOC) GIN/0-b (2/12.5/LOC) GIN/0-c (5/1.5/PHB) GIN/0-d (5/1.5/PHB) 
gpu-nodes-0:5321:5321 [1] NCCL INFO NET/0-c :GPU/0-13000 (6/16.0/SYS) CPU/0-0 (4/16.0/SYS) CPU/0-1 (3/48.0/PHB) NET/0-0 (7/16.0/SYS) NET/0-1 (7/16.0/SYS) NET/0-2 (7/16.0/SYS) NET/0-3 (7/16.0/SYS) NET/0-4 (6/48.0/PHB) NET/0-5 (6/48.0/PHB) NET/0-6 (5/25.0/PHB) NET/0-7 (5/25.0/PHB) NET/0-e (5/48.0/PHB) NET/0-8 (5/1.5/PHB) NET/0-9 (5/1.5/PHB) NET/0-a (5/1.5/PHB) NET/0-b (5/1.5/PHB) NET/0-f (5/1.5/PHB) NET/0-c (0/5000.0/LOC) NET/0-d (6/48.0/PHB) GIN/0-0 (7/16.0/SYS) GIN/0-1 (7/16.0/SYS) GIN/0-2 (7/16.0/SYS) GIN/0-3 (7/16.0/SYS) GIN/0-4 (6/48.0/PHB) GIN/0-5 (6/48.0/PHB) GIN/0-6 (5/25.0/PHB) GIN/0-7 (5/25.0/PHB) GIN/0-8 (5/1.5/PHB) GIN/0-9 (5/1.5/PHB) GIN/0-a (5/1.5/PHB) GIN/0-b (5/1.5/PHB) GIN/0-c (2/50.0/LOC) GIN/0-d (6/48.0/PHB) 
gpu-nodes-0:5321:5321 [1] NCCL INFO NET/0-d :GPU/0-13000 (6/16.0/SYS) CPU/0-0 (4/16.0/SYS) CPU/0-1 (3/48.0/PHB) NET/0-0 (7/16.0/SYS) NET/0-1 (7/16.0/SYS) NET/0-2 (7/16.0/SYS) NET/0-3 (7/16.0/SYS) NET/0-4 (6/48.0/PHB) NET/0-5 (6/48.0/PHB) NET/0-6 (5/25.0/PHB) NET/0-7 (5/25.0/PHB) NET/0-e (5/48.0/PHB) NET/0-8 (5/1.5/PHB) NET/0-9 (5/1.5/PHB) NET/0-a (5/1.5/PHB) NET/0-b (5/1.5/PHB) NET/0-f (5/1.5/PHB) NET/0-c (6/48.0/PHB) NET/0-d (0/5000.0/LOC) GIN/0-0 (7/16.0/SYS) GIN/0-1 (7/16.0/SYS) GIN/0-2 (7/16.0/SYS) GIN/0-3 (7/16.0/SYS) GIN/0-4 (6/48.0/PHB) GIN/0-5 (6/48.0/PHB) GIN/0-6 (5/25.0/PHB) GIN/0-7 (5/25.0/PHB) GIN/0-8 (5/1.5/PHB) GIN/0-9 (5/1.5/PHB) GIN/0-a (5/1.5/PHB) GIN/0-b (5/1.5/PHB) GIN/0-c (6/48.0/PHB) GIN/0-d (2/50.0/LOC) 
gpu-nodes-0:5321:5321 [1] NCCL INFO GIN/0-0 :GPU/0-13000 (5/48.0/PHB) CPU/0-0 (3/48.0/PHB) CPU/0-1 (4/16.0/SYS) NET/0-0 (2/50.0/LOC) NET/0-1 (6/48.0/PHB) NET/0-2 (6/48.0/PHB) NET/0-3 (6/48.0/PHB) NET/0-4 (7/16.0/SYS) NET/0-5 (7/16.0/SYS) NET/0-6 (6/16.0/SYS) NET/0-7 (6/16.0/SYS) NET/0-e (6/16.0/SYS) NET/0-8 (6/1.5/SYS) NET/0-9 (6/1.5/SYS) NET/0-a (6/1.5/SYS) NET/0-b (6/1.5/SYS) NET/0-f (6/1.5/SYS) NET/0-c (7/16.0/SYS) NET/0-d (7/16.0/SYS) GIN/0-0 (0/5000.0/LOC) GIN/0-1 (6/48.0/PHB) GIN/0-2 (6/48.0/PHB) GIN/0-3 (6/48.0/PHB) GIN/0-4 (7/16.0/SYS) GIN/0-5 (7/16.0/SYS) GIN/0-6 (6/16.0/SYS) GIN/0-7 (6/16.0/SYS) GIN/0-8 (6/1.5/SYS) GIN/0-9 (6/1.5/SYS) GIN/0-a (6/1.5/SYS) GIN/0-b (6/1.5/SYS) GIN/0-c (7/16.0/SYS) GIN/0-d (7/16.0/SYS) 
gpu-nodes-0:5321:5321 [1] NCCL INFO GIN/0-1 :GPU/0-13000 (3/48.0/PIX) CPU/0-0 (3/48.0/PHB) CPU/0-1 (4/16.0/SYS) NET/0-0 (6/48.0/PHB) NET/0-1 (2/50.0/LOC) NET/0-2 (6/48.0/PHB) NET/0-3 (6/48.0/PHB) NET/0-4 (7/16.0/SYS) NET/0-5 (7/16.0/SYS) NET/0-6 (6/16.0/SYS) NET/0-7 (6/16.0/SYS) NET/0-e (6/16.0/SYS) NET/0-8 (6/1.5/SYS) NET/0-9 (6/1.5/SYS) NET/0-a (6/1.5/SYS) NET/0-b (6/1.5/SYS) NET/0-f (6/1.5/SYS) NET/0-c (7/16.0/SYS) NET/0-d (7/16.0/SYS) GIN/0-0 (6/48.0/PHB) GIN/0-1 (0/5000.0/LOC) GIN/0-2 (6/48.0/PHB) GIN/0-3 (6/48.0/PHB) GIN/0-4 (7/16.0/SYS) GIN/0-5 (7/16.0/SYS) GIN/0-6 (6/16.0/SYS) GIN/0-7 (6/16.0/SYS) GIN/0-8 (6/1.5/SYS) GIN/0-9 (6/1.5/SYS) GIN/0-a (6/1.5/SYS) GIN/0-b (6/1.5/SYS) GIN/0-c (7/16.0/SYS) GIN/0-d (7/16.0/SYS) 
gpu-nodes-0:5321:5321 [1] NCCL INFO GIN/0-2 :GPU/0-13000 (5/48.0/PHB) CPU/0-0 (3/48.0/PHB) CPU/0-1 (4/16.0/SYS) NET/0-0 (6/48.0/PHB) NET/0-1 (6/48.0/PHB) NET/0-2 (2/50.0/LOC) NET/0-3 (6/48.0/PHB) NET/0-4 (7/16.0/SYS) NET/0-5 (7/16.0/SYS) NET/0-6 (6/16.0/SYS) NET/0-7 (6/16.0/SYS) NET/0-e (6/16.0/SYS) NET/0-8 (6/1.5/SYS) NET/0-9 (6/1.5/SYS) NET/0-a (6/1.5/SYS) NET/0-b (6/1.5/SYS) NET/0-f (6/1.5/SYS) NET/0-c (7/16.0/SYS) NET/0-d (7/16.0/SYS) GIN/0-0 (6/48.0/PHB) GIN/0-1 (6/48.0/PHB) GIN/0-2 (0/5000.0/LOC) GIN/0-3 (6/48.0/PHB) GIN/0-4 (7/16.0/SYS) GIN/0-5 (7/16.0/SYS) GIN/0-6 (6/16.0/SYS) GIN/0-7 (6/16.0/SYS) GIN/0-8 (6/1.5/SYS) GIN/0-9 (6/1.5/SYS) GIN/0-a (6/1.5/SYS) GIN/0-b (6/1.5/SYS) GIN/0-c (7/16.0/SYS) GIN/0-d (7/16.0/SYS) 
gpu-nodes-0:5321:5321 [1] NCCL INFO GIN/0-3 :GPU/0-13000 (5/48.0/PHB) CPU/0-0 (3/48.0/PHB) CPU/0-1 (4/16.0/SYS) NET/0-0 (6/48.0/PHB) NET/0-1 (6/48.0/PHB) NET/0-2 (6/48.0/PHB) NET/0-3 (2/50.0/LOC) NET/0-4 (7/16.0/SYS) NET/0-5 (7/16.0/SYS) NET/0-6 (6/16.0/SYS) NET/0-7 (6/16.0/SYS) NET/0-e (6/16.0/SYS) NET/0-8 (6/1.5/SYS) NET/0-9 (6/1.5/SYS) NET/0-a (6/1.5/SYS) NET/0-b (6/1.5/SYS) NET/0-f (6/1.5/SYS) NET/0-c (7/16.0/SYS) NET/0-d (7/16.0/SYS) GIN/0-0 (6/48.0/PHB) GIN/0-1 (6/48.0/PHB) GIN/0-2 (6/48.0/PHB) GIN/0-3 (0/5000.0/LOC) GIN/0-4 (7/16.0/SYS) GIN/0-5 (7/16.0/SYS) GIN/0-6 (6/16.0/SYS) GIN/0-7 (6/16.0/SYS) GIN/0-8 (6/1.5/SYS) GIN/0-9 (6/1.5/SYS) GIN/0-a (6/1.5/SYS) GIN/0-b (6/1.5/SYS) GIN/0-c (7/16.0/SYS) GIN/0-d (7/16.0/SYS) 
gpu-nodes-0:5321:5321 [1] NCCL INFO GIN/0-4 :GPU/0-13000 (6/16.0/SYS) CPU/0-0 (4/16.0/SYS) CPU/0-1 (3/48.0/PHB) NET/0-0 (7/16.0/SYS) NET/0-1 (7/16.0/SYS) NET/0-2 (7/16.0/SYS) NET/0-3 (7/16.0/SYS) NET/0-4 (2/50.0/LOC) NET/0-5 (6/48.0/PHB) NET/0-6 (5/25.0/PHB) NET/0-7 (5/25.0/PHB) NET/0-e (5/48.0/PHB) NET/0-8 (5/1.5/PHB) NET/0-9 (5/1.5/PHB) NET/0-a (5/1.5/PHB) NET/0-b (5/1.5/PHB) NET/0-f (5/1.5/PHB) NET/0-c (6/48.0/PHB) NET/0-d (6/48.0/PHB) GIN/0-0 (7/16.0/SYS) GIN/0-1 (7/16.0/SYS) GIN/0-2 (7/16.0/SYS) GIN/0-3 (7/16.0/SYS) GIN/0-4 (0/5000.0/LOC) GIN/0-5 (6/48.0/PHB) GIN/0-6 (5/25.0/PHB) GIN/0-7 (5/25.0/PHB) GIN/0-8 (5/1.5/PHB) GIN/0-9 (5/1.5/PHB) GIN/0-a (5/1.5/PHB) GIN/0-b (5/1.5/PHB) GIN/0-c (6/48.0/PHB) GIN/0-d (6/48.0/PHB) 
gpu-nodes-0:5321:5321 [1] NCCL INFO GIN/0-5 :GPU/0-13000 (6/16.0/SYS) CPU/0-0 (4/16.0/SYS) CPU/0-1 (3/48.0/PHB) NET/0-0 (7/16.0/SYS) NET/0-1 (7/16.0/SYS) NET/0-2 (7/16.0/SYS) NET/0-3 (7/16.0/SYS) NET/0-4 (6/48.0/PHB) NET/0-5 (2/50.0/LOC) NET/0-6 (5/25.0/PHB) NET/0-7 (5/25.0/PHB) NET/0-e (5/48.0/PHB) NET/0-8 (5/1.5/PHB) NET/0-9 (5/1.5/PHB) NET/0-a (5/1.5/PHB) NET/0-b (5/1.5/PHB) NET/0-f (5/1.5/PHB) NET/0-c (6/48.0/PHB) NET/0-d (6/48.0/PHB) GIN/0-0 (7/16.0/SYS) GIN/0-1 (7/16.0/SYS) GIN/0-2 (7/16.0/SYS) GIN/0-3 (7/16.0/SYS) GIN/0-4 (6/48.0/PHB) GIN/0-5 (0/5000.0/LOC) GIN/0-6 (5/25.0/PHB) GIN/0-7 (5/25.0/PHB) GIN/0-8 (5/1.5/PHB) GIN/0-9 (5/1.5/PHB) GIN/0-a (5/1.5/PHB) GIN/0-b (5/1.5/PHB) GIN/0-c (6/48.0/PHB) GIN/0-d (6/48.0/PHB) 
gpu-nodes-0:5321:5321 [1] NCCL INFO GIN/0-6 :GPU/0-13000 (5/16.0/SYS) CPU/0-0 (3/16.0/SYS) CPU/0-1 (2/25.0/PHB) NET/0-0 (6/16.0/SYS) NET/0-1 (6/16.0/SYS) NET/0-2 (6/16.0/SYS) NET/0-3 (6/16.0/SYS) NET/0-4 (5/25.0/PHB) NET/0-5 (5/25.0/PHB) NET/0-6 (2/25.0/LOC) NET/0-7 (2/25.0/LOC) NET/0-e (2/25.0/LOC) NET/0-8 (4/1.5/PHB) NET/0-9 (4/1.5/PHB) NET/0-a (4/1.5/PHB) NET/0-b (4/1.5/PHB) NET/0-f (4/1.5/PHB) NET/0-c (5/25.0/PHB) NET/0-d (5/25.0/PHB) GIN/0-0 (6/16.0/SYS) GIN/0-1 (6/16.0/SYS) GIN/0-2 (6/16.0/SYS) GIN/0-3 (6/16.0/SYS) GIN/0-4 (5/25.0/PHB) GIN/0-5 (5/25.0/PHB) GIN/0-6 (0/5000.0/LOC) GIN/0-7 (2/25.0/LOC) GIN/0-8 (4/1.5/PHB) GIN/0-9 (4/1.5/PHB) GIN/0-a (4/1.5/PHB) GIN/0-b (4/1.5/PHB) GIN/0-c (5/25.0/PHB) GIN/0-d (5/25.0/PHB) 
gpu-nodes-0:5321:5321 [1] NCCL INFO GIN/0-7 :GPU/0-13000 (5/16.0/SYS) CPU/0-0 (3/16.0/SYS) CPU/0-1 (2/25.0/PHB) NET/0-0 (6/16.0/SYS) NET/0-1 (6/16.0/SYS) NET/0-2 (6/16.0/SYS) NET/0-3 (6/16.0/SYS) NET/0-4 (5/25.0/PHB) NET/0-5 (5/25.0/PHB) NET/0-6 (2/25.0/LOC) NET/0-7 (2/25.0/LOC) NET/0-e (2/25.0/LOC) NET/0-8 (4/1.5/PHB) NET/0-9 (4/1.5/PHB) NET/0-a (4/1.5/PHB) NET/0-b (4/1.5/PHB) NET/0-f (4/1.5/PHB) NET/0-c (5/25.0/PHB) NET/0-d (5/25.0/PHB) GIN/0-0 (6/16.0/SYS) GIN/0-1 (6/16.0/SYS) GIN/0-2 (6/16.0/SYS) GIN/0-3 (6/16.0/SYS) GIN/0-4 (5/25.0/PHB) GIN/0-5 (5/25.0/PHB) GIN/0-6 (2/25.0/LOC) GIN/0-7 (0/5000.0/LOC) GIN/0-8 (4/1.5/PHB) GIN/0-9 (4/1.5/PHB) GIN/0-a (4/1.5/PHB) GIN/0-b (4/1.5/PHB) GIN/0-c (5/25.0/PHB) GIN/0-d (5/25.0/PHB) 
gpu-nodes-0:5321:5321 [1] NCCL INFO GIN/0-8 :GPU/0-13000 (5/1.5/SYS) CPU/0-0 (3/1.5/SYS) CPU/0-1 (2/1.5/PHB) NET/0-0 (6/1.5/SYS) NET/0-1 (6/1.5/SYS) NET/0-2 (6/1.5/SYS) NET/0-3 (6/1.5/SYS) NET/0-4 (5/1.5/PHB) NET/0-5 (5/1.5/PHB) NET/0-6 (4/1.5/PHB) NET/0-7 (4/1.5/PHB) NET/0-e (4/1.5/PHB) NET/0-8 (2/12.5/LOC) NET/0-9 (2/12.5/LOC) NET/0-a (2/12.5/LOC) NET/0-b (2/12.5/LOC) NET/0-f (2/12.5/LOC) NET/0-c (5/1.5/PHB) NET/0-d (5/1.5/PHB) GIN/0-0 (6/1.5/SYS) GIN/0-1 (6/1.5/SYS) GIN/0-2 (6/1.5/SYS) GIN/0-3 (6/1.5/SYS) GIN/0-4 (5/1.5/PHB) GIN/0-5 (5/1.5/PHB) GIN/0-6 (4/1.5/PHB) GIN/0-7 (4/1.5/PHB) GIN/0-8 (0/5000.0/LOC) GIN/0-9 (2/12.5/LOC) GIN/0-a (2/12.5/LOC) GIN/0-b (2/12.5/LOC) GIN/0-c (5/1.5/PHB) GIN/0-d (5/1.5/PHB) 
gpu-nodes-0:5321:5321 [1] NCCL INFO GIN/0-9 :GPU/0-13000 (5/1.5/SYS) CPU/0-0 (3/1.5/SYS) CPU/0-1 (2/1.5/PHB) NET/0-0 (6/1.5/SYS) NET/0-1 (6/1.5/SYS) NET/0-2 (6/1.5/SYS) NET/0-3 (6/1.5/SYS) NET/0-4 (5/1.5/PHB) NET/0-5 (5/1.5/PHB) NET/0-6 (4/1.5/PHB) NET/0-7 (4/1.5/PHB) NET/0-e (4/1.5/PHB) NET/0-8 (2/12.5/LOC) NET/0-9 (2/12.5/LOC) NET/0-a (2/12.5/LOC) NET/0-b (2/12.5/LOC) NET/0-f (2/12.5/LOC) NET/0-c (5/1.5/PHB) NET/0-d (5/1.5/PHB) GIN/0-0 (6/1.5/SYS) GIN/0-1 (6/1.5/SYS) GIN/0-2 (6/1.5/SYS) GIN/0-3 (6/1.5/SYS) GIN/0-4 (5/1.5/PHB) GIN/0-5 (5/1.5/PHB) GIN/0-6 (4/1.5/PHB) GIN/0-7 (4/1.5/PHB) GIN/0-8 (2/12.5/LOC) GIN/0-9 (0/5000.0/LOC) GIN/0-a (2/12.5/LOC) GIN/0-b (2/12.5/LOC) GIN/0-c (5/1.5/PHB) GIN/0-d (5/1.5/PHB) 
gpu-nodes-0:5321:5321 [1] NCCL INFO GIN/0-a :GPU/0-13000 (5/1.5/SYS) CPU/0-0 (3/1.5/SYS) CPU/0-1 (2/1.5/PHB) NET/0-0 (6/1.5/SYS) NET/0-1 (6/1.5/SYS) NET/0-2 (6/1.5/SYS) NET/0-3 (6/1.5/SYS) NET/0-4 (5/1.5/PHB) NET/0-5 (5/1.5/PHB) NET/0-6 (4/1.5/PHB) NET/0-7 (4/1.5/PHB) NET/0-e (4/1.5/PHB) NET/0-8 (2/12.5/LOC) NET/0-9 (2/12.5/LOC) NET/0-a (2/12.5/LOC) NET/0-b (2/12.5/LOC) NET/0-f (2/12.5/LOC) NET/0-c (5/1.5/PHB) NET/0-d (5/1.5/PHB) GIN/0-0 (6/1.5/SYS) GIN/0-1 (6/1.5/SYS) GIN/0-2 (6/1.5/SYS) GIN/0-3 (6/1.5/SYS) GIN/0-4 (5/1.5/PHB) GIN/0-5 (5/1.5/PHB) GIN/0-6 (4/1.5/PHB) GIN/0-7 (4/1.5/PHB) GIN/0-8 (2/12.5/LOC) GIN/0-9 (2/12.5/LOC) GIN/0-a (0/5000.0/LOC) GIN/0-b (2/12.5/LOC) GIN/0-c (5/1.5/PHB) GIN/0-d (5/1.5/PHB) 
gpu-nodes-0:5321:5321 [1] NCCL INFO GIN/0-b :GPU/0-13000 (5/1.5/SYS) CPU/0-0 (3/1.5/SYS) CPU/0-1 (2/1.5/PHB) NET/0-0 (6/1.5/SYS) NET/0-1 (6/1.5/SYS) NET/0-2 (6/1.5/SYS) NET/0-3 (6/1.5/SYS) NET/0-4 (5/1.5/PHB) NET/0-5 (5/1.5/PHB) NET/0-6 (4/1.5/PHB) NET/0-7 (4/1.5/PHB) NET/0-e (4/1.5/PHB) NET/0-8 (2/12.5/LOC) NET/0-9 (2/12.5/LOC) NET/0-a (2/12.5/LOC) NET/0-b (2/12.5/LOC) NET/0-f (2/12.5/LOC) NET/0-c (5/1.5/PHB) NET/0-d (5/1.5/PHB) GIN/0-0 (6/1.5/SYS) GIN/0-1 (6/1.5/SYS) GIN/0-2 (6/1.5/SYS) GIN/0-3 (6/1.5/SYS) GIN/0-4 (5/1.5/PHB) GIN/0-5 (5/1.5/PHB) GIN/0-6 (4/1.5/PHB) GIN/0-7 (4/1.5/PHB) GIN/0-8 (2/12.5/LOC) GIN/0-9 (2/12.5/LOC) GIN/0-a (2/12.5/LOC) GIN/0-b (0/5000.0/LOC) GIN/0-c (5/1.5/PHB) GIN/0-d (5/1.5/PHB) 
gpu-nodes-0:5321:5321 [1] NCCL INFO GIN/0-c :GPU/0-13000 (6/16.0/SYS) CPU/0-0 (4/16.0/SYS) CPU/0-1 (3/48.0/PHB) NET/0-0 (7/16.0/SYS) NET/0-1 (7/16.0/SYS) NET/0-2 (7/16.0/SYS) NET/0-3 (7/16.0/SYS) NET/0-4 (6/48.0/PHB) NET/0-5 (6/48.0/PHB) NET/0-6 (5/25.0/PHB) NET/0-7 (5/25.0/PHB) NET/0-e (5/48.0/PHB) NET/0-8 (5/1.5/PHB) NET/0-9 (5/1.5/PHB) NET/0-a (5/1.5/PHB) NET/0-b (5/1.5/PHB) NET/0-f (5/1.5/PHB) NET/0-c (2/50.0/LOC) NET/0-d (6/48.0/PHB) GIN/0-0 (7/16.0/SYS) GIN/0-1 (7/16.0/SYS) GIN/0-2 (7/16.0/SYS) GIN/0-3 (7/16.0/SYS) GIN/0-4 (6/48.0/PHB) GIN/0-5 (6/48.0/PHB) GIN/0-6 (5/25.0/PHB) GIN/0-7 (5/25.0/PHB) GIN/0-8 (5/1.5/PHB) GIN/0-9 (5/1.5/PHB) GIN/0-a (5/1.5/PHB) GIN/0-b (5/1.5/PHB) GIN/0-c (0/5000.0/LOC) GIN/0-d (6/48.0/PHB) 
gpu-nodes-0:5321:5321 [1] NCCL INFO GIN/0-d :GPU/0-13000 (6/16.0/SYS) CPU/0-0 (4/16.0/SYS) CPU/0-1 (3/48.0/PHB) NET/0-0 (7/16.0/SYS) NET/0-1 (7/16.0/SYS) NET/0-2 (7/16.0/SYS) NET/0-3 (7/16.0/SYS) NET/0-4 (6/48.0/PHB) NET/0-5 (6/48.0/PHB) NET/0-6 (5/25.0/PHB) NET/0-7 (5/25.0/PHB) NET/0-e (5/48.0/PHB) NET/0-8 (5/1.5/PHB) NET/0-9 (5/1.5/PHB) NET/0-a (5/1.5/PHB) NET/0-b (5/1.5/PHB) NET/0-f (5/1.5/PHB) NET/0-c (6/48.0/PHB) NET/0-d (2/50.0/LOC) GIN/0-0 (7/16.0/SYS) GIN/0-1 (7/16.0/SYS) GIN/0-2 (7/16.0/SYS) GIN/0-3 (7/16.0/SYS) GIN/0-4 (6/48.0/PHB) GIN/0-5 (6/48.0/PHB) GIN/0-6 (5/25.0/PHB) GIN/0-7 (5/25.0/PHB) GIN/0-8 (5/1.5/PHB) GIN/0-9 (5/1.5/PHB) GIN/0-a (5/1.5/PHB) GIN/0-b (5/1.5/PHB) GIN/0-c (6/48.0/PHB) GIN/0-d (0/5000.0/LOC) 
gpu-nodes-0:5321:5321 [1] NCCL INFO ncclTopoGetCpuAffinity: Affinity for GPU 1 is 0-63,128-191. (GPU affinity = 0-63,128-191 ; CPU affinity = 0-63,128-191).
gpu-nodes-0:5321:5321 [1] NCCL INFO Pattern 4, crossNic 0, nChannels 2, bw 24.000000/24.000000, type LOC/PIX, sameChannels 1
gpu-nodes-0:5321:5321 [1] NCCL INFO  0 : NET/0-1 GPU/0-13000 NET/0-1
gpu-nodes-0:5321:5321 [1] NCCL INFO  1 : NET/0-1 GPU/0-13000 NET/0-1
gpu-nodes-0:5321:5321 [1] NCCL INFO Pattern 3, crossNic 0, nChannels 2, bw 48.000000/24.000000, type LOC/PIX, sameChannels 1
gpu-nodes-0:5321:5321 [1] NCCL INFO  0 : NET/0-1 GPU/0-13000 NET/0-1
gpu-nodes-0:5321:5321 [1] NCCL INFO  1 : NET/0-1 GPU/0-13000 NET/0-1
gpu-nodes-0:5321:5321 [1] NCCL INFO comm 0x7f0fccf89010 rank 1 nRanks 2 nNodes 2 localRanks 1 localRank 0 MNNVL 0
gpu-nodes-0:5321:5321 [1] NCCL INFO Tree 0 : 0 -> 1 -> -1/-1/-1
gpu-nodes-0:5321:5321 [1] NCCL INFO Tree 2 : -1 -> 1 -> 0/-1/-1
gpu-nodes-0:5321:5321 [1] NCCL INFO Tree 1 : 0 -> 1 -> -1/-1/-1
gpu-nodes-0:5321:5321 [1] NCCL INFO Tree 3 : -1 -> 1 -> 0/-1/-1
gpu-nodes-0:5321:5321 [1] NCCL INFO Ring 00 : 0 -> 1 -> 0
gpu-nodes-0:5321:5321 [1] NCCL INFO Ring 01 : 0 -> 1 -> 0
gpu-nodes-0:5321:5321 [1] NCCL INFO Ring 02 : 0 -> 1 -> 0
gpu-nodes-0:5321:5321 [1] NCCL INFO Ring 03 : 0 -> 1 -> 0
gpu-nodes-0:5321:5321 [1] NCCL INFO Trees [0] -1/-1/-1->1->0 [1] -1/-1/-1->1->0 [2] 0/-1/-1->1->-1 [3] 0/-1/-1->1->-1
gpu-nodes-0:5321:5321 [1] NCCL INFO P2P Chunksize set to 131072
gpu-nodes-0:5321:5321 [1] NCCL INFO Check P2P Type isAllDirectP2p 1 directMode 0 isAllCudaP2p 1
gpu-nodes-0:5321:5321 [1] NCCL INFO ncclP2pSchedule: group size used is 1
gpu-nodes-0:5321:15290 [0] NCCL INFO [Proxy Service] Device 1 CPU core 62
gpu-nodes-0:5321:15291 [0] NCCL INFO [Proxy Service UDS] Device 1 CPU core 146
gpu-nodes-0:5321:5321 [1] NCCL INFO GPU Direct RDMA Enabled for GPU/0-77824 (rank 1) - NET/0-1 (distance 4 <= 6, read 0, mode Default)
gpu-nodes-0:5321:15290 [1] NCCL INFO New proxy recv connection 0 from local rank 0, transport 2
gpu-nodes-0:5321:15296 [0] NCCL INFO [Proxy Progress] Device 1 CPU core 62
gpu-nodes-0:5321:5321 [1] NCCL INFO Connected to proxy localRank 0 -> connection 0x7f025c004f70
gpu-nodes-0:5321:5321 [1] NCCL INFO Channel 00/0 : 0[1] -> 1[1] [receive] via NET/IB/1/GDRDMA
gpu-nodes-0:5321:5321 [1] NCCL INFO GPU Direct RDMA Enabled for GPU/0-77824 (rank 1) - NET/0-1 (distance 4 <= 6, read 0, mode Default)
gpu-nodes-0:5321:15290 [1] NCCL INFO New proxy recv connection 1 from local rank 0, transport 2
gpu-nodes-0:5321:5321 [1] NCCL INFO Connected to proxy localRank 0 -> connection 0x7f025c004ff8
gpu-nodes-0:5321:5321 [1] NCCL INFO Channel 01/0 : 0[1] -> 1[1] [receive] via NET/IB/1/GDRDMA
gpu-nodes-0:5321:5321 [1] NCCL INFO GPU Direct RDMA Enabled for GPU/0-77824 (rank 1) - NET/0-1 (distance 4 <= 6, read 0, mode Default)
gpu-nodes-0:5321:15290 [1] NCCL INFO New proxy recv connection 2 from local rank 0, transport 2
gpu-nodes-0:5321:5321 [1] NCCL INFO Connected to proxy localRank 0 -> connection 0x7f025c005080
gpu-nodes-0:5321:5321 [1] NCCL INFO Channel 02/0 : 0[1] -> 1[1] [receive] via NET/IB/1/GDRDMA
gpu-nodes-0:5321:5321 [1] NCCL INFO GPU Direct RDMA Enabled for GPU/0-77824 (rank 1) - NET/0-1 (distance 4 <= 6, read 0, mode Default)
gpu-nodes-0:5321:15290 [1] NCCL INFO New proxy recv connection 3 from local rank 0, transport 2
gpu-nodes-0:5321:5321 [1] NCCL INFO Connected to proxy localRank 0 -> connection 0x7f025c005108
gpu-nodes-0:5321:5321 [1] NCCL INFO Channel 03/0 : 0[1] -> 1[1] [receive] via NET/IB/1/GDRDMA
gpu-nodes-0:5321:5321 [1] NCCL INFO GPU Direct RDMA Enabled for GPU/0-77824 (rank 1) - NET/0-1 (distance 4 <= 6, read 1, mode Default)
gpu-nodes-0:5321:15290 [1] NCCL INFO New proxy send connection 4 from local rank 0, transport 2
gpu-nodes-0:5321:5321 [1] NCCL INFO Connected to proxy localRank 0 -> connection 0x7f025c005190
gpu-nodes-0:5321:5321 [1] NCCL INFO Channel 00/0 : 1[1] -> 0[1] [send] via NET/IB/1/GDRDMA
gpu-nodes-0:5321:5321 [1] NCCL INFO GPU Direct RDMA Enabled for GPU/0-77824 (rank 1) - NET/0-1 (distance 4 <= 6, read 1, mode Default)
gpu-nodes-0:5321:15290 [1] NCCL INFO New proxy send connection 5 from local rank 0, transport 2
gpu-nodes-0:5321:5321 [1] NCCL INFO Connected to proxy localRank 0 -> connection 0x7f025c005218
gpu-nodes-0:5321:5321 [1] NCCL INFO Channel 01/0 : 1[1] -> 0[1] [send] via NET/IB/1/GDRDMA
gpu-nodes-0:5321:5321 [1] NCCL INFO GPU Direct RDMA Enabled for GPU/0-77824 (rank 1) - NET/0-1 (distance 4 <= 6, read 1, mode Default)
gpu-nodes-0:5321:15290 [1] NCCL INFO New proxy send connection 6 from local rank 0, transport 2
gpu-nodes-0:5321:5321 [1] NCCL INFO Connected to proxy localRank 0 -> connection 0x7f025c0052a0
gpu-nodes-0:5321:5321 [1] NCCL INFO Channel 02/0 : 1[1] -> 0[1] [send] via NET/IB/1/GDRDMA
gpu-nodes-0:5321:5321 [1] NCCL INFO GPU Direct RDMA Enabled for GPU/0-77824 (rank 1) - NET/0-1 (distance 4 <= 6, read 1, mode Default)
gpu-nodes-0:5321:15290 [1] NCCL INFO New proxy send connection 7 from local rank 0, transport 2
gpu-nodes-0:5321:5321 [1] NCCL INFO Connected to proxy localRank 0 -> connection 0x7f025c005328
gpu-nodes-0:5321:5321 [1] NCCL INFO Channel 03/0 : 1[1] -> 0[1] [send] via NET/IB/1/GDRDMA
gpu-nodes-0:5321:15290 [1] NCCL INFO NET/IB: ncclIbResiliencyInit: Resiliency is disabled on the send communicator (comm=0x7f025c00e000)
gpu-nodes-0:5321:15290 [1] NCCL INFO NET/IB: ncclIbResiliencyInit: Resiliency is disabled on the recv communicator (comm=0x7f025c049000)
gpu-nodes-0:5321:15290 [1] NCCL INFO NET/IB: ncclIbRecvCommInit: Receive work requests will be posted on-demand
gpu-nodes-0:5321:15290 [1] NCCL INFO NET/IB: ncclIbResiliencyInit: Resiliency is disabled on the send communicator (comm=0x7f025c088000)
gpu-nodes-0:5321:15290 [1] NCCL INFO NET/IB: ncclIbResiliencyInit: Resiliency is disabled on the recv communicator (comm=0x7f025c0c3000)
gpu-nodes-0:5321:15290 [1] NCCL INFO NET/IB: ncclIbRecvCommInit: Receive work requests will be posted on-demand
gpu-nodes-0:5321:15290 [1] NCCL INFO NET/IB: ncclIbResiliencyInit: Resiliency is disabled on the send communicator (comm=0x7f025c102000)
gpu-nodes-0:5321:15290 [1] NCCL INFO NET/IB: ncclIbSenderQpsCreate: QP created: port=1 dev=1 devName=mlx5_3 ndevs=14 nmdevs=16 qp_num=3263 pkey=0 pd=0x7f146405ec90
gpu-nodes-0:5321:15290 [1] NCCL INFO NET/IB: ncclIbConnect: NCCL Dev 1 IbDev 1 Port 1 qp_num 3263 mtu 5 LID 537 subnet-prefix 33022  FLID 0 ctsFifoRkey=0x1333f3 ctsFifoLkey=0x1333f3
gpu-nodes-0:5321:15290 [1] NCCL INFO NET/IB: ncclIbConnect: IbDev 1 Port 1 qp_num 3263 query_ece={supported=1, vendor_id=0x15b3, options=0x30000200, comp_mask=0x0}
gpu-nodes-0:5321:15290 [1] NCCL INFO NET/IB: ncclIbReceiverQpsCreateToRts: QP created: port=1 dev=1 devName=mlx5_3 ndevs=14 nmdevs=16 qp_num=3264 pkey=0 pd=0x7f146405ec90
gpu-nodes-0:5321:15290 [1] NCCL INFO NET/IB: ncclIbReceiverQpsCreateToRts: QP created: port=1 dev=1 devName=mlx5_3 ndevs=14 nmdevs=16 qp_num=3265 pkey=0 pd=0x7f146405ec90
gpu-nodes-0:5321:15290 [1] NCCL INFO NET/IB: ncclIbResiliencyInit: Resiliency is disabled on the recv communicator (comm=0x7f025c1c1000)
gpu-nodes-0:5321:15290 [1] NCCL INFO NET/IB: ncclIbRecvCommInit: Receive work requests will be posted on-demand
gpu-nodes-0:5321:15290 [1] NCCL INFO NET/IB: ncclIbResiliencyInit: Resiliency is disabled on the send communicator (comm=0x7f025c200000)
gpu-nodes-0:5321:15290 [1] NCCL INFO NET/IB: ncclIbResiliencyInit: Resiliency is disabled on the recv communicator (comm=0x7f025c23b000)
gpu-nodes-0:5321:15290 [1] NCCL INFO NET/IB: ncclIbRecvCommInit: Receive work requests will be posted on-demand
gpu-nodes-0:5321:15290 [1] NCCL INFO NET/IB: ncclIbSenderQpsCreate: QP created: port=1 dev=1 devName=mlx5_3 ndevs=14 nmdevs=16 qp_num=3266 pkey=0 pd=0x7f146405ec90
gpu-nodes-0:5321:15290 [1] NCCL INFO NET/IB: ncclIbConnect: NCCL Dev 1 IbDev 1 Port 1 qp_num 3266 mtu 5 LID 537 subnet-prefix 33022  FLID 0 ctsFifoRkey=0x131cdb ctsFifoLkey=0x131cdb
gpu-nodes-0:5321:15290 [1] NCCL INFO NET/IB: ncclIbConnect: IbDev 1 Port 1 qp_num 3266 query_ece={supported=1, vendor_id=0x15b3, options=0x30000200, comp_mask=0x0}
gpu-nodes-0:5321:15290 [1] NCCL INFO NET/IB: ncclIbReceiverQpsCreateToRts: QP created: port=1 dev=1 devName=mlx5_3 ndevs=14 nmdevs=16 qp_num=3267 pkey=0 pd=0x7f146405ec90
gpu-nodes-0:5321:15290 [1] NCCL INFO NET/IB: ncclIbReceiverQpsCreateToRts: QP created: port=1 dev=1 devName=mlx5_3 ndevs=14 nmdevs=16 qp_num=3268 pkey=0 pd=0x7f146405ec90
gpu-nodes-0:5321:15290 [1] NCCL INFO NET/IB: ncclIbSenderQpsCreate: QP created: port=1 dev=1 devName=mlx5_3 ndevs=14 nmdevs=16 qp_num=3269 pkey=0 pd=0x7f146405ec90
gpu-nodes-0:5321:15290 [1] NCCL INFO NET/IB: ncclIbConnect: NCCL Dev 1 IbDev 1 Port 1 qp_num 3269 mtu 5 LID 537 subnet-prefix 33022  FLID 0 ctsFifoRkey=0x1305bc ctsFifoLkey=0x1305bc
gpu-nodes-0:5321:15290 [1] NCCL INFO NET/IB: ncclIbConnect: IbDev 1 Port 1 qp_num 3269 query_ece={supported=1, vendor_id=0x15b3, options=0x30000200, comp_mask=0x0}
gpu-nodes-0:5321:15290 [1] NCCL INFO NET/IB: ncclIbSenderQpsCreate: QP created: port=1 dev=1 devName=mlx5_3 ndevs=14 nmdevs=16 qp_num=3270 pkey=0 pd=0x7f146405ec90
gpu-nodes-0:5321:15290 [1] NCCL INFO NET/IB: ncclIbConnect: NCCL Dev 1 IbDev 1 Port 1 qp_num 3270 mtu 5 LID 537 subnet-prefix 33022  FLID 0 ctsFifoRkey=0x12f1b1 ctsFifoLkey=0x12f1b1
gpu-nodes-0:5321:15290 [1] NCCL INFO NET/IB: ncclIbConnect: IbDev 1 Port 1 qp_num 3270 query_ece={supported=1, vendor_id=0x15b3, options=0x30000200, comp_mask=0x0}
gpu-nodes-0:5321:15290 [1] NCCL INFO NET/IB: ncclIbSenderQpsToRts: Set ECE: IbDev 1 Port 1 qp_num 3263 set_ece={supported=1, vendor_id=0x15b3, options=0x30000200, comp_mask=0x0}
gpu-nodes-0:5321:15290 [1] NCCL INFO NET/IB: ncclIbSenderQpsToRts: Set ECE: IbDev 1 Port 1 qp_num 3266 set_ece={supported=1, vendor_id=0x15b3, options=0x30000200, comp_mask=0x0}
gpu-nodes-0:5321:15290 [1] NCCL INFO NET/IB: ncclIbReceiverQpsCreateToRts: QP created: port=1 dev=1 devName=mlx5_3 ndevs=14 nmdevs=16 qp_num=3271 pkey=0 pd=0x7f146405ec90
gpu-nodes-0:5321:15290 [1] NCCL INFO NET/IB: ncclIbReceiverQpsCreateToRts: QP created: port=1 dev=1 devName=mlx5_3 ndevs=14 nmdevs=16 qp_num=3272 pkey=0 pd=0x7f146405ec90
gpu-nodes-0:5321:15290 [1] NCCL INFO NET/IB: ncclIbSenderQpsToRts: Set ECE: IbDev 1 Port 1 qp_num 3269 set_ece={supported=1, vendor_id=0x15b3, options=0x30000200, comp_mask=0x0}
gpu-nodes-0:5321:15290 [1] NCCL INFO NET/IB: ncclIbSenderQpsToRts: Set ECE: IbDev 1 Port 1 qp_num 3270 set_ece={supported=1, vendor_id=0x15b3, options=0x30000200, comp_mask=0x0}
gpu-nodes-0:5321:15290 [1] NCCL INFO NET/IB: ncclIbReceiverQpsCreateToRts: QP created: port=1 dev=1 devName=mlx5_3 ndevs=14 nmdevs=16 qp_num=3273 pkey=0 pd=0x7f146405ec90
gpu-nodes-0:5321:15290 [1] NCCL INFO NET/IB: ncclIbReceiverQpsCreateToRts: QP created: port=1 dev=1 devName=mlx5_3 ndevs=14 nmdevs=16 qp_num=3274 pkey=0 pd=0x7f146405ec90
gpu-nodes-0:5321:5321 [1] NCCL INFO Connected all rings, use ring PXN 0 GDR 1
gpu-nodes-0:5321:5321 [1] NCCL INFO Connected all trees
gpu-nodes-0:5321:5321 [1] NCCL INFO Connected binomial trees
gpu-nodes-0:5321:15290 [1] NCCL INFO New proxy send connection 8 from local rank 0, transport 2
gpu-nodes-0:5321:5321 [1] NCCL INFO Connected to proxy localRank 0 -> connection 0x7f025c0053b0
gpu-nodes-0:5321:5321 [1] NCCL INFO threadThresholds 8/8/64 | 16/8/64 | 512 | 512
gpu-nodes-0:5321:5321 [1] NCCL INFO 4 coll channels, 4 collnet channels, 0 nvls channels, 4 p2p channels, 4 p2p channels per peer
gpu-nodes-0:5321:5321 [1] NCCL INFO Symmetric memory is not supported. cuMemEnable 0, globalGinSupport 0, globalNicFused 1 cuMemGdrSupport 1
gpu-nodes-0:5321:5321 [1] NCCL INFO ncclCommInitRankConfig comm 0x7f0fccf89010 rank 1 nranks 2 cudaDev 1 nvmlDev 1 busId 13000 commId 0xa5ceaac02ab164b4 - Init COMPLETE
gpu-nodes-0:5321:5321 [1] NCCL INFO Init timings - ncclCommInitRankConfig: rank 1 nranks 2 total 1.27 (kernels 0.00, alloc 0.00, bootstrap 0.00, allgathers 0.25, topo 0.79, graphs 0.00, connections 0.23, rest 0.00)
gpu-nodes-0:5321:5321 [1] NCCL INFO Initialized NET plugin IB
gpu-nodes-0:5321:5321 [1] NCCL INFO Assigned NET plugin IB to comm
gpu-nodes-0:5321:5321 [1] NCCL INFO Assigned GIN plugin GIN_IB_GDAKI to comm
gpu-nodes-0:5321:5321 [1] NCCL INFO Assigned RMA plugin GIN_IB_PROXY to comm
gpu-nodes-0:5321:5321 [1] NCCL INFO Using network IB
gpu-nodes-0:5321:5321 [1] NCCL INFO DMA-BUF is available on GPU device 1
gpu-nodes-0:5321:5321 [1] NCCL INFO [Rank 0] ncclCommInitRankConfig comm 0x7f0fb3f07010 rank 0 nranks 1 cudaDev 1 nvmlDev 1 busId 13000 commId 0xe06317b158f36546 - Init START
gpu-nodes-0:5321:5321 [1] NCCL INFO MNNVL busId 0x13000 fabric UUID 0.0 cliqueId 0x0 state 3 healthMask 0x80
gpu-nodes-0:5321:5321 [1] NCCL INFO Could not find real path of /sys/class/pci_bus/fffffff/../../fffffff:ff:f
gpu-nodes-0:5321:5321 [1] NCCL INFO TOPO/NET : Importing network plugins to topology
gpu-nodes-0:5321:5321 [1] NCCL INFO NET/GIN_IB_GDAKI : GPU Direct RDMA Enabled for HCA 0 'mlx5_1'
gpu-nodes-0:5321:5321 [1] NCCL INFO ncclTopoPopulateNics : Filled mlx5_1 in topo with pciPath=/sys/devices/pci0000:00/0000:00:01.1/0000:01:00.0/0000:02:01.0/0000:04:00.0 net=0 gin=1 keep=1 coll=(null)
gpu-nodes-0:5321:5321 [1] NCCL INFO NET/GIN_IB_GDAKI : GPU Direct RDMA Enabled for HCA 1 'mlx5_3'
gpu-nodes-0:5321:5321 [1] NCCL INFO ncclTopoPopulateNics : Filled mlx5_3 in topo with pciPath=/sys/devices/pci0000:10/0000:10:01.1/0000:11:00.0/0000:12:01.0/0000:14:00.0 net=0 gin=1 keep=1 coll=(null)
gpu-nodes-0:5321:5321 [1] NCCL INFO NET/GIN_IB_GDAKI : GPU Direct RDMA Enabled for HCA 2 'mlx5_2'
gpu-nodes-0:5321:5321 [1] NCCL INFO ncclTopoPopulateNics : Filled mlx5_2 in topo with pciPath=/sys/devices/pci0000:60/0000:60:01.1/0000:61:00.0/0000:62:01.0/0000:64:00.0 net=0 gin=1 keep=1 coll=(null)
gpu-nodes-0:5321:5321 [1] NCCL INFO NET/GIN_IB_GDAKI : GPU Direct RDMA Enabled for HCA 3 'mlx5_0'
gpu-nodes-0:5321:5321 [1] NCCL INFO ncclTopoPopulateNics : Filled mlx5_0 in topo with pciPath=/sys/devices/pci0000:70/0000:70:01.1/0000:71:00.0/0000:72:01.0/0000:74:00.0 net=0 gin=1 keep=1 coll=(null)
gpu-nodes-0:5321:5321 [1] NCCL INFO NET/GIN_IB_GDAKI : GPU Direct RDMA Enabled for HCA 4 'mlx5_9'
gpu-nodes-0:5321:5321 [1] NCCL INFO ncclTopoPopulateNics : Filled mlx5_9 in topo with pciPath=/sys/devices/pci0000:80/0000:80:01.1/0000:81:00.0/0000:82:01.0/0000:84:00.0 net=0 gin=1 keep=1 coll=(null)
gpu-nodes-0:5321:5321 [1] NCCL INFO NET/GIN_IB_GDAKI : GPU Direct RDMA Enabled for HCA 5 'mlx5_13'
gpu-nodes-0:5321:5321 [1] NCCL INFO ncclTopoPopulateNics : Filled mlx5_13 in topo with pciPath=/sys/devices/pci0000:90/0000:90:01.1/0000:91:00.0/0000:92:01.0/0000:94:00.0 net=0 gin=1 keep=1 coll=(null)
gpu-nodes-0:5321:5321 [1] NCCL INFO NET/GIN_IB_GDAKI : GPU Direct RDMA Enabled for HCA 6 'mlx5_10'
gpu-nodes-0:5321:5321 [1] NCCL INFO ncclTopoPopulateNics : Filled mlx5_10 in topo with pciPath=/sys/devices/pci0000:c0/0000:c0:01.1/0000:c1:00.0 net=0 gin=1 keep=1 coll=(null)
gpu-nodes-0:5321:5321 [1] NCCL INFO NET/GIN_IB_GDAKI : GPU Direct RDMA Enabled for HCA 7 'mlx5_11'
gpu-nodes-0:5321:5321 [1] NCCL INFO ncclTopoPopulateNics : Filled mlx5_11 in topo with pciPath=/sys/devices/pci0000:c0/0000:c0:01.1/0000:c1:00.0 net=0 gin=1 keep=1 coll=(null)
gpu-nodes-0:5321:5321 [1] NCCL INFO NET/GIN_IB_GDAKI : GPU Direct RDMA Enabled for HCA 8 'mlx5_5'
gpu-nodes-0:5321:5321 [1] NCCL INFO ncclTopoPopulateNics : Filled mlx5_5 in topo with pciPath=/sys/devices/pci0000:d0/0000:d0:03.3/0000:d2:00.0 net=0 gin=1 keep=1 coll=(null)
gpu-nodes-0:5321:5321 [1] NCCL INFO NET/GIN_IB_GDAKI : GPU Direct RDMA Enabled for HCA 9 'mlx5_6'
gpu-nodes-0:5321:5321 [1] NCCL INFO ncclTopoPopulateNics : Filled mlx5_6 in topo with pciPath=/sys/devices/pci0000:d0/0000:d0:03.3/0000:d2:00.0 net=0 gin=1 keep=1 coll=(null)
gpu-nodes-0:5321:5321 [1] NCCL INFO NET/GIN_IB_GDAKI : GPU Direct RDMA Enabled for HCA 10 'mlx5_7'
gpu-nodes-0:5321:5321 [1] NCCL INFO ncclTopoPopulateNics : Filled mlx5_7 in topo with pciPath=/sys/devices/pci0000:d0/0000:d0:03.3/0000:d2:00.0 net=0 gin=1 keep=1 coll=(null)
gpu-nodes-0:5321:5321 [1] NCCL INFO NET/GIN_IB_GDAKI : GPU Direct RDMA Enabled for HCA 11 'mlx5_8'
gpu-nodes-0:5321:5321 [1] NCCL INFO ncclTopoPopulateNics : Filled mlx5_8 in topo with pciPath=/sys/devices/pci0000:d0/0000:d0:03.3/0000:d2:00.0 net=0 gin=1 keep=1 coll=(null)
gpu-nodes-0:5321:5321 [1] NCCL INFO NET/GIN_IB_GDAKI : GPU Direct RDMA Enabled for HCA 12 'mlx5_12'
gpu-nodes-0:5321:5321 [1] NCCL INFO ncclTopoPopulateNics : Filled mlx5_12 in topo with pciPath=/sys/devices/pci0000:e0/0000:e0:01.1/0000:e1:00.0/0000:e2:01.0/0000:e4:00.0 net=0 gin=1 keep=1 coll=(null)
gpu-nodes-0:5321:5321 [1] NCCL INFO NET/GIN_IB_GDAKI : GPU Direct RDMA Enabled for HCA 13 'mlx5_4'
gpu-nodes-0:5321:5321 [1] NCCL INFO ncclTopoPopulateNics : Filled mlx5_4 in topo with pciPath=/sys/devices/pci0000:f0/0000:f0:01.1/0000:f1:00.0/0000:f2:01.0/0000:f4:00.0 net=0 gin=1 keep=1 coll=(null)
gpu-nodes-0:5321:5321 [1] NCCL INFO NET/IB : GPU Direct RDMA Enabled for HCA 0 'mlx5_1'
gpu-nodes-0:5321:5321 [1] NCCL INFO ncclTopoPopulateNics : Filled mlx5_1 in topo with pciPath=/sys/devices/pci0000:00/0000:00:01.1/0000:01:00.0/0000:02:01.0/0000:04:00.0 net=1 gin=1 keep=1 coll=(null)
gpu-nodes-0:5321:5321 [1] NCCL INFO NET/IB : GPU Direct RDMA Enabled for HCA 1 'mlx5_3'
gpu-nodes-0:5321:5321 [1] NCCL INFO ncclTopoPopulateNics : Filled mlx5_3 in topo with pciPath=/sys/devices/pci0000:10/0000:10:01.1/0000:11:00.0/0000:12:01.0/0000:14:00.0 net=1 gin=1 keep=1 coll=(null)
gpu-nodes-0:5321:5321 [1] NCCL INFO NET/IB : GPU Direct RDMA Enabled for HCA 2 'mlx5_2'
gpu-nodes-0:5321:5321 [1] NCCL INFO ncclTopoPopulateNics : Filled mlx5_2 in topo with pciPath=/sys/devices/pci0000:60/0000:60:01.1/0000:61:00.0/0000:62:01.0/0000:64:00.0 net=1 gin=1 keep=1 coll=(null)
gpu-nodes-0:5321:5321 [1] NCCL INFO NET/IB : GPU Direct RDMA Enabled for HCA 3 'mlx5_0'
gpu-nodes-0:5321:5321 [1] NCCL INFO ncclTopoPopulateNics : Filled mlx5_0 in topo with pciPath=/sys/devices/pci0000:70/0000:70:01.1/0000:71:00.0/0000:72:01.0/0000:74:00.0 net=1 gin=1 keep=1 coll=(null)
gpu-nodes-0:5321:5321 [1] NCCL INFO NET/IB : GPU Direct RDMA Enabled for HCA 4 'mlx5_9'
gpu-nodes-0:5321:5321 [1] NCCL INFO ncclTopoPopulateNics : Filled mlx5_9 in topo with pciPath=/sys/devices/pci0000:80/0000:80:01.1/0000:81:00.0/0000:82:01.0/0000:84:00.0 net=1 gin=1 keep=1 coll=(null)
gpu-nodes-0:5321:5321 [1] NCCL INFO NET/IB : GPU Direct RDMA Enabled for HCA 5 'mlx5_13'
gpu-nodes-0:5321:5321 [1] NCCL INFO ncclTopoPopulateNics : Filled mlx5_13 in topo with pciPath=/sys/devices/pci0000:90/0000:90:01.1/0000:91:00.0/0000:92:01.0/0000:94:00.0 net=1 gin=1 keep=1 coll=(null)
gpu-nodes-0:5321:5321 [1] NCCL INFO NET/IB : GPU Direct RDMA Enabled for HCA 6 'mlx5_10'
gpu-nodes-0:5321:5321 [1] NCCL INFO ncclTopoPopulateNics : Filled mlx5_10 in topo with pciPath=/sys/devices/pci0000:c0/0000:c0:01.1/0000:c1:00.0 net=1 gin=1 keep=1 coll=(null)
gpu-nodes-0:5321:5321 [1] NCCL INFO NET/IB : GPU Direct RDMA Enabled for HCA 7 'mlx5_11'
gpu-nodes-0:5321:5321 [1] NCCL INFO ncclTopoPopulateNics : Filled mlx5_11 in topo with pciPath=/sys/devices/pci0000:c0/0000:c0:01.1/0000:c1:00.0 net=1 gin=1 keep=1 coll=(null)
gpu-nodes-0:5321:5321 [1] NCCL INFO NET/IB : GPU Direct RDMA Enabled for HCA 8 'mlx5_5'
gpu-nodes-0:5321:5321 [1] NCCL INFO ncclTopoPopulateNics : Filled mlx5_5 in topo with pciPath=/sys/devices/pci0000:d0/0000:d0:03.3/0000:d2:00.0 net=1 gin=1 keep=1 coll=(null)
gpu-nodes-0:5321:5321 [1] NCCL INFO NET/IB : GPU Direct RDMA Enabled for HCA 9 'mlx5_6'
gpu-nodes-0:5321:5321 [1] NCCL INFO ncclTopoPopulateNics : Filled mlx5_6 in topo with pciPath=/sys/devices/pci0000:d0/0000:d0:03.3/0000:d2:00.0 net=1 gin=1 keep=1 coll=(null)
gpu-nodes-0:5321:5321 [1] NCCL INFO NET/IB : GPU Direct RDMA Enabled for HCA 10 'mlx5_7'
gpu-nodes-0:5321:5321 [1] NCCL INFO ncclTopoPopulateNics : Filled mlx5_7 in topo with pciPath=/sys/devices/pci0000:d0/0000:d0:03.3/0000:d2:00.0 net=1 gin=1 keep=1 coll=(null)
gpu-nodes-0:5321:5321 [1] NCCL INFO NET/IB : GPU Direct RDMA Enabled for HCA 11 'mlx5_8'
gpu-nodes-0:5321:5321 [1] NCCL INFO ncclTopoPopulateNics : Filled mlx5_8 in topo with pciPath=/sys/devices/pci0000:d0/0000:d0:03.3/0000:d2:00.0 net=1 gin=1 keep=1 coll=(null)
gpu-nodes-0:5321:5321 [1] NCCL INFO NET/IB : GPU Direct RDMA Enabled for HCA 12 'mlx5_12'
gpu-nodes-0:5321:5321 [1] NCCL INFO ncclTopoPopulateNics : Filled mlx5_12 in topo with pciPath=/sys/devices/pci0000:e0/0000:e0:01.1/0000:e1:00.0/0000:e2:01.0/0000:e4:00.0 net=1 gin=1 keep=1 coll=(null)
gpu-nodes-0:5321:5321 [1] NCCL INFO NET/IB : GPU Direct RDMA Enabled for HCA 13 'mlx5_4'
gpu-nodes-0:5321:5321 [1] NCCL INFO ncclTopoPopulateNics : Filled mlx5_4 in topo with pciPath=/sys/devices/pci0000:f0/0000:f0:01.1/0000:f1:00.0/0000:f2:01.0/0000:f4:00.0 net=1 gin=1 keep=1 coll=(null)
gpu-nodes-0:5321:5321 [1] NCCL INFO NET/IB : GPU Direct RDMA Enabled for HCA 14 'mlx5_10+mlx5_11'
gpu-nodes-0:5321:5321 [1] NCCL INFO ncclTopoPopulateNics : Filled mlx5_10+mlx5_11 in topo with pciPath=/sys/devices/pci0000:c0/0000:c0:01.1/0000:c1:00.0 net=1 gin=(null) keep=1 coll=(null)
gpu-nodes-0:5321:5321 [1] NCCL INFO NET/IB : GPU Direct RDMA Enabled for HCA 15 'mlx5_5+mlx5_6+mlx5_7+mlx5_8'
gpu-nodes-0:5321:5321 [1] NCCL INFO ncclTopoPopulateNics : Filled mlx5_5+mlx5_6+mlx5_7+mlx5_8 in topo with pciPath=/sys/devices/pci0000:d0/0000:d0:03.3/0000:d2:00.0 net=1 gin=(null) keep=1 coll=(null)
gpu-nodes-0:5321:5321 [1] NCCL INFO GPU Direct RDMA Enabled for GPU/0-77824 (rank 0) - NET/0-1 (distance 4 <= 6, read 0, mode Default)
gpu-nodes-0:5321:5321 [1] NCCL INFO GPU Direct RDMA Enabled for GPU/0-77824 (rank 0) - NET/0-1 (distance 4 <= 6, read 0, mode Default)
gpu-nodes-0:5321:5321 [1] NCCL INFO === System : maxBw 5000.0 totalBw 5000.0 ===
gpu-nodes-0:5321:5321 [1] NCCL INFO CPU/0-0 (1/2/-1)
gpu-nodes-0:5321:5321 [1] NCCL INFO + PCI[48.0] - PCI/0-1000 (1000c03015d91d72)
gpu-nodes-0:5321:5321 [1] NCCL INFO               + PCI[48.0] - NIC/0-4000
gpu-nodes-0:5321:5321 [1] NCCL INFO                             + NET[50.0] - NET/0-0 (0/b4a2ca0003e60050/1/50.000000)
gpu-nodes-0:5321:5321 [1] NCCL INFO                             + NET[50.0] - GIN/0-0
gpu-nodes-0:5321:5321 [1] NCCL INFO + PCI[48.0] - PCI/0-11000 (1000c03015d91d72)
gpu-nodes-0:5321:5321 [1] NCCL INFO               + PCI[48.0] - GPU/0-13000 (0)
gpu-nodes-0:5321:5321 [1] NCCL INFO                             + NVL[721.8] - NVS/0-0
gpu-nodes-0:5321:5321 [1] NCCL INFO               + PCI[48.0] - NIC/0-14000
gpu-nodes-0:5321:5321 [1] NCCL INFO                             + NET[50.0] - NET/0-1 (0/f49aca0003e60050/1/50.000000)
gpu-nodes-0:5321:5321 [1] NCCL INFO                             + NET[50.0] - GIN/0-1
gpu-nodes-0:5321:5321 [1] NCCL INFO + PCI[48.0] - PCI/0-61000 (1000c03015d91d72)
gpu-nodes-0:5321:5321 [1] NCCL INFO               + PCI[48.0] - NIC/0-64000
gpu-nodes-0:5321:5321 [1] NCCL INFO                             + NET[50.0] - NET/0-2 (0/343cca0003e60050/1/50.000000)
gpu-nodes-0:5321:5321 [1] NCCL INFO                             + NET[50.0] - GIN/0-2
gpu-nodes-0:5321:5321 [1] NCCL INFO + PCI[48.0] - PCI/0-71000 (1000c03015d91d72)
gpu-nodes-0:5321:5321 [1] NCCL INFO               + PCI[48.0] - NIC/0-74000
gpu-nodes-0:5321:5321 [1] NCCL INFO                             + NET[50.0] - NET/0-3 (0/49bca0003e60050/1/50.000000)
gpu-nodes-0:5321:5321 [1] NCCL INFO                             + NET[50.0] - GIN/0-3
gpu-nodes-0:5321:5321 [1] NCCL INFO + SYS[16.0] - CPU/0-1
gpu-nodes-0:5321:5321 [1] NCCL INFO CPU/0-1 (1/2/-1)
gpu-nodes-0:5321:5321 [1] NCCL INFO + PCI[48.0] - PCI/0-81000 (1000c03015d91d72)
gpu-nodes-0:5321:5321 [1] NCCL INFO               + PCI[48.0] - NIC/0-84000
gpu-nodes-0:5321:5321 [1] NCCL INFO                             + NET[50.0] - NET/0-4 (0/2ca2ca0003e60050/1/50.000000)
gpu-nodes-0:5321:5321 [1] NCCL INFO                             + NET[50.0] - GIN/0-4
gpu-nodes-0:5321:5321 [1] NCCL INFO + PCI[48.0] - PCI/0-91000 (1000c03015d91d72)
gpu-nodes-0:5321:5321 [1] NCCL INFO               + PCI[48.0] - NIC/0-94000
gpu-nodes-0:5321:5321 [1] NCCL INFO                             + NET[50.0] - NET/0-5 (0/c9bca0003e60050/1/50.000000)
gpu-nodes-0:5321:5321 [1] NCCL INFO                             + NET[50.0] - GIN/0-5
gpu-nodes-0:5321:5321 [1] NCCL INFO + PCI[48.0] - NIC/0-c1000
gpu-nodes-0:5321:5321 [1] NCCL INFO               + NET[50.0] - NET/0-e (0/a20fb90003bd70c4/1/50.000000)
gpu-nodes-0:5321:5321 [1] NCCL INFO               + NET[25.0] - NET/0-6 (0/a20fb90003bd70c4/1/25.000000)
gpu-nodes-0:5321:5321 [1] NCCL INFO               + NET[25.0] - GIN/0-6
gpu-nodes-0:5321:5321 [1] NCCL INFO               + NET[25.0] - NET/0-7 (0/a20fb90003bd70c4/2/25.000000)
gpu-nodes-0:5321:5321 [1] NCCL INFO               + NET[25.0] - GIN/0-7
gpu-nodes-0:5321:5321 [1] NCCL INFO + PCI[48.0] - PCI/0-e1000 (1000c03015d91d72)
gpu-nodes-0:5321:5321 [1] NCCL INFO               + PCI[48.0] - NIC/0-e4000
gpu-nodes-0:5321:5321 [1] NCCL INFO                             + NET[50.0] - NET/0-c (0/cca2ca0003e60050/1/50.000000)
gpu-nodes-0:5321:5321 [1] NCCL INFO                             + NET[50.0] - GIN/0-c
gpu-nodes-0:5321:5321 [1] NCCL INFO + PCI[48.0] - PCI/0-f1000 (1000c03015d91d72)
gpu-nodes-0:5321:5321 [1] NCCL INFO               + PCI[48.0] - NIC/0-f4000
gpu-nodes-0:5321:5321 [1] NCCL INFO                             + NET[50.0] - NET/0-d (0/ec9aca0003e60050/1/50.000000)
gpu-nodes-0:5321:5321 [1] NCCL INFO                             + NET[50.0] - GIN/0-d
gpu-nodes-0:5321:5321 [1] NCCL INFO + SYS[16.0] - CPU/0-0
gpu-nodes-0:5321:5321 [1] NCCL INFO + PCI[1.5] - NIC/0-d2000
gpu-nodes-0:5321:5321 [1] NCCL INFO              + NET[50.0] - NET/0-f (0/1e62300003098c7c/1/50.000000)
gpu-nodes-0:5321:5321 [1] NCCL INFO              + NET[12.5] - NET/0-8 (0/1e62300003098c7c/1/12.500000)
gpu-nodes-0:5321:5321 [1] NCCL INFO              + NET[12.5] - GIN/0-8
gpu-nodes-0:5321:5321 [1] NCCL INFO              + NET[12.5] - NET/0-9 (0/1e62300003098c7c/2/12.500000)
gpu-nodes-0:5321:5321 [1] NCCL INFO              + NET[12.5] - GIN/0-9
gpu-nodes-0:5321:5321 [1] NCCL INFO              + NET[12.5] - NET/0-a (0/1e62300003098c7c/3/12.500000)
gpu-nodes-0:5321:5321 [1] NCCL INFO              + NET[12.5] - GIN/0-a
gpu-nodes-0:5321:5321 [1] NCCL INFO              + NET[12.5] - NET/0-b (0/1e62300003098c7c/4/12.500000)
gpu-nodes-0:5321:5321 [1] NCCL INFO              + NET[12.5] - GIN/0-b
gpu-nodes-0:5321:5321 [1] NCCL INFO ==========================================
gpu-nodes-0:5321:5321 [1] NCCL INFO GPU/0-13000 :GPU/0-13000 (0/5000.0/LOC) NVS/0-0 (1/721.8/NVL) CPU/0-0 (2/48.0/PHB) CPU/0-1 (3/16.0/SYS) NET/0-0 (5/48.0/PHB) NET/0-1 (3/48.0/PIX) NET/0-2 (5/48.0/PHB) NET/0-3 (5/48.0/PHB) NET/0-4 (6/16.0/SYS) NET/0-5 (6/16.0/SYS) NET/0-6 (5/16.0/SYS) NET/0-7 (5/16.0/SYS) NET/0-e (5/16.0/SYS) NET/0-8 (5/1.5/SYS) NET/0-9 (5/1.5/SYS) NET/0-a (5/1.5/SYS) NET/0-b (5/1.5/SYS) NET/0-f (5/1.5/SYS) NET/0-c (6/16.0/SYS) NET/0-d (6/16.0/SYS) GIN/0-0 (5/48.0/PHB) GIN/0-1 (3/48.0/PIX) GIN/0-2 (5/48.0/PHB) GIN/0-3 (5/48.0/PHB) GIN/0-4 (6/16.0/SYS) GIN/0-5 (6/16.0/SYS) GIN/0-6 (5/16.0/SYS) GIN/0-7 (5/16.0/SYS) GIN/0-8 (5/1.5/SYS) GIN/0-9 (5/1.5/SYS) GIN/0-a (5/1.5/SYS) GIN/0-b (5/1.5/SYS) GIN/0-c (6/16.0/SYS) GIN/0-d (6/16.0/SYS) 
gpu-nodes-0:5321:5321 [1] NCCL INFO NET/0-0 :GPU/0-13000 (5/48.0/PHB) CPU/0-0 (3/48.0/PHB) CPU/0-1 (4/16.0/SYS) NET/0-0 (0/5000.0/LOC) NET/0-1 (6/48.0/PHB) NET/0-2 (6/48.0/PHB) NET/0-3 (6/48.0/PHB) NET/0-4 (7/16.0/SYS) NET/0-5 (7/16.0/SYS) NET/0-6 (6/16.0/SYS) NET/0-7 (6/16.0/SYS) NET/0-e (6/16.0/SYS) NET/0-8 (6/1.5/SYS) NET/0-9 (6/1.5/SYS) NET/0-a (6/1.5/SYS) NET/0-b (6/1.5/SYS) NET/0-f (6/1.5/SYS) NET/0-c (7/16.0/SYS) NET/0-d (7/16.0/SYS) GIN/0-0 (2/50.0/LOC) GIN/0-1 (6/48.0/PHB) GIN/0-2 (6/48.0/PHB) GIN/0-3 (6/48.0/PHB) GIN/0-4 (7/16.0/SYS) GIN/0-5 (7/16.0/SYS) GIN/0-6 (6/16.0/SYS) GIN/0-7 (6/16.0/SYS) GIN/0-8 (6/1.5/SYS) GIN/0-9 (6/1.5/SYS) GIN/0-a (6/1.5/SYS) GIN/0-b (6/1.5/SYS) GIN/0-c (7/16.0/SYS) GIN/0-d (7/16.0/SYS) 
gpu-nodes-0:5321:5321 [1] NCCL INFO NET/0-1 :GPU/0-13000 (3/48.0/PIX) CPU/0-0 (3/48.0/PHB) CPU/0-1 (4/16.0/SYS) NET/0-0 (6/48.0/PHB) NET/0-1 (0/5000.0/LOC) NET/0-2 (6/48.0/PHB) NET/0-3 (6/48.0/PHB) NET/0-4 (7/16.0/SYS) NET/0-5 (7/16.0/SYS) NET/0-6 (6/16.0/SYS) NET/0-7 (6/16.0/SYS) NET/0-e (6/16.0/SYS) NET/0-8 (6/1.5/SYS) NET/0-9 (6/1.5/SYS) NET/0-a (6/1.5/SYS) NET/0-b (6/1.5/SYS) NET/0-f (6/1.5/SYS) NET/0-c (7/16.0/SYS) NET/0-d (7/16.0/SYS) GIN/0-0 (6/48.0/PHB) GIN/0-1 (2/50.0/LOC) GIN/0-2 (6/48.0/PHB) GIN/0-3 (6/48.0/PHB) GIN/0-4 (7/16.0/SYS) GIN/0-5 (7/16.0/SYS) GIN/0-6 (6/16.0/SYS) GIN/0-7 (6/16.0/SYS) GIN/0-8 (6/1.5/SYS) GIN/0-9 (6/1.5/SYS) GIN/0-a (6/1.5/SYS) GIN/0-b (6/1.5/SYS) GIN/0-c (7/16.0/SYS) GIN/0-d (7/16.0/SYS) 
gpu-nodes-0:5321:5321 [1] NCCL INFO NET/0-2 :GPU/0-13000 (5/48.0/PHB) CPU/0-0 (3/48.0/PHB) CPU/0-1 (4/16.0/SYS) NET/0-0 (6/48.0/PHB) NET/0-1 (6/48.0/PHB) NET/0-2 (0/5000.0/LOC) NET/0-3 (6/48.0/PHB) NET/0-4 (7/16.0/SYS) NET/0-5 (7/16.0/SYS) NET/0-6 (6/16.0/SYS) NET/0-7 (6/16.0/SYS) NET/0-e (6/16.0/SYS) NET/0-8 (6/1.5/SYS) NET/0-9 (6/1.5/SYS) NET/0-a (6/1.5/SYS) NET/0-b (6/1.5/SYS) NET/0-f (6/1.5/SYS) NET/0-c (7/16.0/SYS) NET/0-d (7/16.0/SYS) GIN/0-0 (6/48.0/PHB) GIN/0-1 (6/48.0/PHB) GIN/0-2 (2/50.0/LOC) GIN/0-3 (6/48.0/PHB) GIN/0-4 (7/16.0/SYS) GIN/0-5 (7/16.0/SYS) GIN/0-6 (6/16.0/SYS) GIN/0-7 (6/16.0/SYS) GIN/0-8 (6/1.5/SYS) GIN/0-9 (6/1.5/SYS) GIN/0-a (6/1.5/SYS) GIN/0-b (6/1.5/SYS) GIN/0-c (7/16.0/SYS) GIN/0-d (7/16.0/SYS) 
gpu-nodes-0:5321:5321 [1] NCCL INFO NET/0-3 :GPU/0-13000 (5/48.0/PHB) CPU/0-0 (3/48.0/PHB) CPU/0-1 (4/16.0/SYS) NET/0-0 (6/48.0/PHB) NET/0-1 (6/48.0/PHB) NET/0-2 (6/48.0/PHB) NET/0-3 (0/5000.0/LOC) NET/0-4 (7/16.0/SYS) NET/0-5 (7/16.0/SYS) NET/0-6 (6/16.0/SYS) NET/0-7 (6/16.0/SYS) NET/0-e (6/16.0/SYS) NET/0-8 (6/1.5/SYS) NET/0-9 (6/1.5/SYS) NET/0-a (6/1.5/SYS) NET/0-b (6/1.5/SYS) NET/0-f (6/1.5/SYS) NET/0-c (7/16.0/SYS) NET/0-d (7/16.0/SYS) GIN/0-0 (6/48.0/PHB) GIN/0-1 (6/48.0/PHB) GIN/0-2 (6/48.0/PHB) GIN/0-3 (2/50.0/LOC) GIN/0-4 (7/16.0/SYS) GIN/0-5 (7/16.0/SYS) GIN/0-6 (6/16.0/SYS) GIN/0-7 (6/16.0/SYS) GIN/0-8 (6/1.5/SYS) GIN/0-9 (6/1.5/SYS) GIN/0-a (6/1.5/SYS) GIN/0-b (6/1.5/SYS) GIN/0-c (7/16.0/SYS) GIN/0-d (7/16.0/SYS) 
gpu-nodes-0:5321:5321 [1] NCCL INFO NET/0-4 :GPU/0-13000 (6/16.0/SYS) CPU/0-0 (4/16.0/SYS) CPU/0-1 (3/48.0/PHB) NET/0-0 (7/16.0/SYS) NET/0-1 (7/16.0/SYS) NET/0-2 (7/16.0/SYS) NET/0-3 (7/16.0/SYS) NET/0-4 (0/5000.0/LOC) NET/0-5 (6/48.0/PHB) NET/0-6 (5/25.0/PHB) NET/0-7 (5/25.0/PHB) NET/0-e (5/48.0/PHB) NET/0-8 (5/1.5/PHB) NET/0-9 (5/1.5/PHB) NET/0-a (5/1.5/PHB) NET/0-b (5/1.5/PHB) NET/0-f (5/1.5/PHB) NET/0-c (6/48.0/PHB) NET/0-d (6/48.0/PHB) GIN/0-0 (7/16.0/SYS) GIN/0-1 (7/16.0/SYS) GIN/0-2 (7/16.0/SYS) GIN/0-3 (7/16.0/SYS) GIN/0-4 (2/50.0/LOC) GIN/0-5 (6/48.0/PHB) GIN/0-6 (5/25.0/PHB) GIN/0-7 (5/25.0/PHB) GIN/0-8 (5/1.5/PHB) GIN/0-9 (5/1.5/PHB) GIN/0-a (5/1.5/PHB) GIN/0-b (5/1.5/PHB) GIN/0-c (6/48.0/PHB) GIN/0-d (6/48.0/PHB) 
gpu-nodes-0:5321:5321 [1] NCCL INFO NET/0-5 :GPU/0-13000 (6/16.0/SYS) CPU/0-0 (4/16.0/SYS) CPU/0-1 (3/48.0/PHB) NET/0-0 (7/16.0/SYS) NET/0-1 (7/16.0/SYS) NET/0-2 (7/16.0/SYS) NET/0-3 (7/16.0/SYS) NET/0-4 (6/48.0/PHB) NET/0-5 (0/5000.0/LOC) NET/0-6 (5/25.0/PHB) NET/0-7 (5/25.0/PHB) NET/0-e (5/48.0/PHB) NET/0-8 (5/1.5/PHB) NET/0-9 (5/1.5/PHB) NET/0-a (5/1.5/PHB) NET/0-b (5/1.5/PHB) NET/0-f (5/1.5/PHB) NET/0-c (6/48.0/PHB) NET/0-d (6/48.0/PHB) GIN/0-0 (7/16.0/SYS) GIN/0-1 (7/16.0/SYS) GIN/0-2 (7/16.0/SYS) GIN/0-3 (7/16.0/SYS) GIN/0-4 (6/48.0/PHB) GIN/0-5 (2/50.0/LOC) GIN/0-6 (5/25.0/PHB) GIN/0-7 (5/25.0/PHB) GIN/0-8 (5/1.5/PHB) GIN/0-9 (5/1.5/PHB) GIN/0-a (5/1.5/PHB) GIN/0-b (5/1.5/PHB) GIN/0-c (6/48.0/PHB) GIN/0-d (6/48.0/PHB) 
gpu-nodes-0:5321:5321 [1] NCCL INFO NET/0-6 :GPU/0-13000 (5/16.0/SYS) CPU/0-0 (3/16.0/SYS) CPU/0-1 (2/25.0/PHB) NET/0-0 (6/16.0/SYS) NET/0-1 (6/16.0/SYS) NET/0-2 (6/16.0/SYS) NET/0-3 (6/16.0/SYS) NET/0-4 (5/25.0/PHB) NET/0-5 (5/25.0/PHB) NET/0-6 (0/5000.0/LOC) NET/0-7 (2/25.0/LOC) NET/0-e (2/25.0/LOC) NET/0-8 (4/1.5/PHB) NET/0-9 (4/1.5/PHB) NET/0-a (4/1.5/PHB) NET/0-b (4/1.5/PHB) NET/0-f (4/1.5/PHB) NET/0-c (5/25.0/PHB) NET/0-d (5/25.0/PHB) GIN/0-0 (6/16.0/SYS) GIN/0-1 (6/16.0/SYS) GIN/0-2 (6/16.0/SYS) GIN/0-3 (6/16.0/SYS) GIN/0-4 (5/25.0/PHB) GIN/0-5 (5/25.0/PHB) GIN/0-6 (2/25.0/LOC) GIN/0-7 (2/25.0/LOC) GIN/0-8 (4/1.5/PHB) GIN/0-9 (4/1.5/PHB) GIN/0-a (4/1.5/PHB) GIN/0-b (4/1.5/PHB) GIN/0-c (5/25.0/PHB) GIN/0-d (5/25.0/PHB) 
gpu-nodes-0:5321:5321 [1] NCCL INFO NET/0-7 :GPU/0-13000 (5/16.0/SYS) CPU/0-0 (3/16.0/SYS) CPU/0-1 (2/25.0/PHB) NET/0-0 (6/16.0/SYS) NET/0-1 (6/16.0/SYS) NET/0-2 (6/16.0/SYS) NET/0-3 (6/16.0/SYS) NET/0-4 (5/25.0/PHB) NET/0-5 (5/25.0/PHB) NET/0-6 (2/25.0/LOC) NET/0-7 (0/5000.0/LOC) NET/0-e (2/25.0/LOC) NET/0-8 (4/1.5/PHB) NET/0-9 (4/1.5/PHB) NET/0-a (4/1.5/PHB) NET/0-b (4/1.5/PHB) NET/0-f (4/1.5/PHB) NET/0-c (5/25.0/PHB) NET/0-d (5/25.0/PHB) GIN/0-0 (6/16.0/SYS) GIN/0-1 (6/16.0/SYS) GIN/0-2 (6/16.0/SYS) GIN/0-3 (6/16.0/SYS) GIN/0-4 (5/25.0/PHB) GIN/0-5 (5/25.0/PHB) GIN/0-6 (2/25.0/LOC) GIN/0-7 (2/25.0/LOC) GIN/0-8 (4/1.5/PHB) GIN/0-9 (4/1.5/PHB) GIN/0-a (4/1.5/PHB) GIN/0-b (4/1.5/PHB) GIN/0-c (5/25.0/PHB) GIN/0-d (5/25.0/PHB) 
gpu-nodes-0:5321:5321 [1] NCCL INFO NET/0-e :GPU/0-13000 (5/16.0/SYS) CPU/0-0 (3/16.0/SYS) CPU/0-1 (2/48.0/PHB) NET/0-0 (6/16.0/SYS) NET/0-1 (6/16.0/SYS) NET/0-2 (6/16.0/SYS) NET/0-3 (6/16.0/SYS) NET/0-4 (5/48.0/PHB) NET/0-5 (5/48.0/PHB) NET/0-6 (2/25.0/LOC) NET/0-7 (2/25.0/LOC) NET/0-e (0/5000.0/LOC) NET/0-8 (4/1.5/PHB) NET/0-9 (4/1.5/PHB) NET/0-a (4/1.5/PHB) NET/0-b (4/1.5/PHB) NET/0-f (4/1.5/PHB) NET/0-c (5/48.0/PHB) NET/0-d (5/48.0/PHB) GIN/0-0 (6/16.0/SYS) GIN/0-1 (6/16.0/SYS) GIN/0-2 (6/16.0/SYS) GIN/0-3 (6/16.0/SYS) GIN/0-4 (5/48.0/PHB) GIN/0-5 (5/48.0/PHB) GIN/0-6 (2/25.0/LOC) GIN/0-7 (2/25.0/LOC) GIN/0-8 (4/1.5/PHB) GIN/0-9 (4/1.5/PHB) GIN/0-a (4/1.5/PHB) GIN/0-b (4/1.5/PHB) GIN/0-c (5/48.0/PHB) GIN/0-d (5/48.0/PHB) 
gpu-nodes-0:5321:5321 [1] NCCL INFO NET/0-8 :GPU/0-13000 (5/1.5/SYS) CPU/0-0 (3/1.5/SYS) CPU/0-1 (2/1.5/PHB) NET/0-0 (6/1.5/SYS) NET/0-1 (6/1.5/SYS) NET/0-2 (6/1.5/SYS) NET/0-3 (6/1.5/SYS) NET/0-4 (5/1.5/PHB) NET/0-5 (5/1.5/PHB) NET/0-6 (4/1.5/PHB) NET/0-7 (4/1.5/PHB) NET/0-e (4/1.5/PHB) NET/0-8 (0/5000.0/LOC) NET/0-9 (2/12.5/LOC) NET/0-a (2/12.5/LOC) NET/0-b (2/12.5/LOC) NET/0-f (2/12.5/LOC) NET/0-c (5/1.5/PHB) NET/0-d (5/1.5/PHB) GIN/0-0 (6/1.5/SYS) GIN/0-1 (6/1.5/SYS) GIN/0-2 (6/1.5/SYS) GIN/0-3 (6/1.5/SYS) GIN/0-4 (5/1.5/PHB) GIN/0-5 (5/1.5/PHB) GIN/0-6 (4/1.5/PHB) GIN/0-7 (4/1.5/PHB) GIN/0-8 (2/12.5/LOC) GIN/0-9 (2/12.5/LOC) GIN/0-a (2/12.5/LOC) GIN/0-b (2/12.5/LOC) GIN/0-c (5/1.5/PHB) GIN/0-d (5/1.5/PHB) 
gpu-nodes-0:5321:5321 [1] NCCL INFO NET/0-9 :GPU/0-13000 (5/1.5/SYS) CPU/0-0 (3/1.5/SYS) CPU/0-1 (2/1.5/PHB) NET/0-0 (6/1.5/SYS) NET/0-1 (6/1.5/SYS) NET/0-2 (6/1.5/SYS) NET/0-3 (6/1.5/SYS) NET/0-4 (5/1.5/PHB) NET/0-5 (5/1.5/PHB) NET/0-6 (4/1.5/PHB) NET/0-7 (4/1.5/PHB) NET/0-e (4/1.5/PHB) NET/0-8 (2/12.5/LOC) NET/0-9 (0/5000.0/LOC) NET/0-a (2/12.5/LOC) NET/0-b (2/12.5/LOC) NET/0-f (2/12.5/LOC) NET/0-c (5/1.5/PHB) NET/0-d (5/1.5/PHB) GIN/0-0 (6/1.5/SYS) GIN/0-1 (6/1.5/SYS) GIN/0-2 (6/1.5/SYS) GIN/0-3 (6/1.5/SYS) GIN/0-4 (5/1.5/PHB) GIN/0-5 (5/1.5/PHB) GIN/0-6 (4/1.5/PHB) GIN/0-7 (4/1.5/PHB) GIN/0-8 (2/12.5/LOC) GIN/0-9 (2/12.5/LOC) GIN/0-a (2/12.5/LOC) GIN/0-b (2/12.5/LOC) GIN/0-c (5/1.5/PHB) GIN/0-d (5/1.5/PHB) 
gpu-nodes-0:5321:5321 [1] NCCL INFO NET/0-a :GPU/0-13000 (5/1.5/SYS) CPU/0-0 (3/1.5/SYS) CPU/0-1 (2/1.5/PHB) NET/0-0 (6/1.5/SYS) NET/0-1 (6/1.5/SYS) NET/0-2 (6/1.5/SYS) NET/0-3 (6/1.5/SYS) NET/0-4 (5/1.5/PHB) NET/0-5 (5/1.5/PHB) NET/0-6 (4/1.5/PHB) NET/0-7 (4/1.5/PHB) NET/0-e (4/1.5/PHB) NET/0-8 (2/12.5/LOC) NET/0-9 (2/12.5/LOC) NET/0-a (0/5000.0/LOC) NET/0-b (2/12.5/LOC) NET/0-f (2/12.5/LOC) NET/0-c (5/1.5/PHB) NET/0-d (5/1.5/PHB) GIN/0-0 (6/1.5/SYS) GIN/0-1 (6/1.5/SYS) GIN/0-2 (6/1.5/SYS) GIN/0-3 (6/1.5/SYS) GIN/0-4 (5/1.5/PHB) GIN/0-5 (5/1.5/PHB) GIN/0-6 (4/1.5/PHB) GIN/0-7 (4/1.5/PHB) GIN/0-8 (2/12.5/LOC) GIN/0-9 (2/12.5/LOC) GIN/0-a (2/12.5/LOC) GIN/0-b (2/12.5/LOC) GIN/0-c (5/1.5/PHB) GIN/0-d (5/1.5/PHB) 
gpu-nodes-0:5321:5321 [1] NCCL INFO NET/0-b :GPU/0-13000 (5/1.5/SYS) CPU/0-0 (3/1.5/SYS) CPU/0-1 (2/1.5/PHB) NET/0-0 (6/1.5/SYS) NET/0-1 (6/1.5/SYS) NET/0-2 (6/1.5/SYS) NET/0-3 (6/1.5/SYS) NET/0-4 (5/1.5/PHB) NET/0-5 (5/1.5/PHB) NET/0-6 (4/1.5/PHB) NET/0-7 (4/1.5/PHB) NET/0-e (4/1.5/PHB) NET/0-8 (2/12.5/LOC) NET/0-9 (2/12.5/LOC) NET/0-a (2/12.5/LOC) NET/0-b (0/5000.0/LOC) NET/0-f (2/12.5/LOC) NET/0-c (5/1.5/PHB) NET/0-d (5/1.5/PHB) GIN/0-0 (6/1.5/SYS) GIN/0-1 (6/1.5/SYS) GIN/0-2 (6/1.5/SYS) GIN/0-3 (6/1.5/SYS) GIN/0-4 (5/1.5/PHB) GIN/0-5 (5/1.5/PHB) GIN/0-6 (4/1.5/PHB) GIN/0-7 (4/1.5/PHB) GIN/0-8 (2/12.5/LOC) GIN/0-9 (2/12.5/LOC) GIN/0-a (2/12.5/LOC) GIN/0-b (2/12.5/LOC) GIN/0-c (5/1.5/PHB) GIN/0-d (5/1.5/PHB) 
gpu-nodes-0:5321:5321 [1] NCCL INFO NET/0-f :GPU/0-13000 (5/1.5/SYS) CPU/0-0 (3/1.5/SYS) CPU/0-1 (2/1.5/PHB) NET/0-0 (6/1.5/SYS) NET/0-1 (6/1.5/SYS) NET/0-2 (6/1.5/SYS) NET/0-3 (6/1.5/SYS) NET/0-4 (5/1.5/PHB) NET/0-5 (5/1.5/PHB) NET/0-6 (4/1.5/PHB) NET/0-7 (4/1.5/PHB) NET/0-e (4/1.5/PHB) NET/0-8 (2/12.5/LOC) NET/0-9 (2/12.5/LOC) NET/0-a (2/12.5/LOC) NET/0-b (2/12.5/LOC) NET/0-f (0/5000.0/LOC) NET/0-c (5/1.5/PHB) NET/0-d (5/1.5/PHB) GIN/0-0 (6/1.5/SYS) GIN/0-1 (6/1.5/SYS) GIN/0-2 (6/1.5/SYS) GIN/0-3 (6/1.5/SYS) GIN/0-4 (5/1.5/PHB) GIN/0-5 (5/1.5/PHB) GIN/0-6 (4/1.5/PHB) GIN/0-7 (4/1.5/PHB) GIN/0-8 (2/12.5/LOC) GIN/0-9 (2/12.5/LOC) GIN/0-a (2/12.5/LOC) GIN/0-b (2/12.5/LOC) GIN/0-c (5/1.5/PHB) GIN/0-d (5/1.5/PHB) 
gpu-nodes-0:5321:5321 [1] NCCL INFO NET/0-c :GPU/0-13000 (6/16.0/SYS) CPU/0-0 (4/16.0/SYS) CPU/0-1 (3/48.0/PHB) NET/0-0 (7/16.0/SYS) NET/0-1 (7/16.0/SYS) NET/0-2 (7/16.0/SYS) NET/0-3 (7/16.0/SYS) NET/0-4 (6/48.0/PHB) NET/0-5 (6/48.0/PHB) NET/0-6 (5/25.0/PHB) NET/0-7 (5/25.0/PHB) NET/0-e (5/48.0/PHB) NET/0-8 (5/1.5/PHB) NET/0-9 (5/1.5/PHB) NET/0-a (5/1.5/PHB) NET/0-b (5/1.5/PHB) NET/0-f (5/1.5/PHB) NET/0-c (0/5000.0/LOC) NET/0-d (6/48.0/PHB) GIN/0-0 (7/16.0/SYS) GIN/0-1 (7/16.0/SYS) GIN/0-2 (7/16.0/SYS) GIN/0-3 (7/16.0/SYS) GIN/0-4 (6/48.0/PHB) GIN/0-5 (6/48.0/PHB) GIN/0-6 (5/25.0/PHB) GIN/0-7 (5/25.0/PHB) GIN/0-8 (5/1.5/PHB) GIN/0-9 (5/1.5/PHB) GIN/0-a (5/1.5/PHB) GIN/0-b (5/1.5/PHB) GIN/0-c (2/50.0/LOC) GIN/0-d (6/48.0/PHB) 
gpu-nodes-0:5321:5321 [1] NCCL INFO NET/0-d :GPU/0-13000 (6/16.0/SYS) CPU/0-0 (4/16.0/SYS) CPU/0-1 (3/48.0/PHB) NET/0-0 (7/16.0/SYS) NET/0-1 (7/16.0/SYS) NET/0-2 (7/16.0/SYS) NET/0-3 (7/16.0/SYS) NET/0-4 (6/48.0/PHB) NET/0-5 (6/48.0/PHB) NET/0-6 (5/25.0/PHB) NET/0-7 (5/25.0/PHB) NET/0-e (5/48.0/PHB) NET/0-8 (5/1.5/PHB) NET/0-9 (5/1.5/PHB) NET/0-a (5/1.5/PHB) NET/0-b (5/1.5/PHB) NET/0-f (5/1.5/PHB) NET/0-c (6/48.0/PHB) NET/0-d (0/5000.0/LOC) GIN/0-0 (7/16.0/SYS) GIN/0-1 (7/16.0/SYS) GIN/0-2 (7/16.0/SYS) GIN/0-3 (7/16.0/SYS) GIN/0-4 (6/48.0/PHB) GIN/0-5 (6/48.0/PHB) GIN/0-6 (5/25.0/PHB) GIN/0-7 (5/25.0/PHB) GIN/0-8 (5/1.5/PHB) GIN/0-9 (5/1.5/PHB) GIN/0-a (5/1.5/PHB) GIN/0-b (5/1.5/PHB) GIN/0-c (6/48.0/PHB) GIN/0-d (2/50.0/LOC) 
gpu-nodes-0:5321:5321 [1] NCCL INFO GIN/0-0 :GPU/0-13000 (5/48.0/PHB) CPU/0-0 (3/48.0/PHB) CPU/0-1 (4/16.0/SYS) NET/0-0 (2/50.0/LOC) NET/0-1 (6/48.0/PHB) NET/0-2 (6/48.0/PHB) NET/0-3 (6/48.0/PHB) NET/0-4 (7/16.0/SYS) NET/0-5 (7/16.0/SYS) NET/0-6 (6/16.0/SYS) NET/0-7 (6/16.0/SYS) NET/0-e (6/16.0/SYS) NET/0-8 (6/1.5/SYS) NET/0-9 (6/1.5/SYS) NET/0-a (6/1.5/SYS) NET/0-b (6/1.5/SYS) NET/0-f (6/1.5/SYS) NET/0-c (7/16.0/SYS) NET/0-d (7/16.0/SYS) GIN/0-0 (0/5000.0/LOC) GIN/0-1 (6/48.0/PHB) GIN/0-2 (6/48.0/PHB) GIN/0-3 (6/48.0/PHB) GIN/0-4 (7/16.0/SYS) GIN/0-5 (7/16.0/SYS) GIN/0-6 (6/16.0/SYS) GIN/0-7 (6/16.0/SYS) GIN/0-8 (6/1.5/SYS) GIN/0-9 (6/1.5/SYS) GIN/0-a (6/1.5/SYS) GIN/0-b (6/1.5/SYS) GIN/0-c (7/16.0/SYS) GIN/0-d (7/16.0/SYS) 
gpu-nodes-0:5321:5321 [1] NCCL INFO GIN/0-1 :GPU/0-13000 (3/48.0/PIX) CPU/0-0 (3/48.0/PHB) CPU/0-1 (4/16.0/SYS) NET/0-0 (6/48.0/PHB) NET/0-1 (2/50.0/LOC) NET/0-2 (6/48.0/PHB) NET/0-3 (6/48.0/PHB) NET/0-4 (7/16.0/SYS) NET/0-5 (7/16.0/SYS) NET/0-6 (6/16.0/SYS) NET/0-7 (6/16.0/SYS) NET/0-e (6/16.0/SYS) NET/0-8 (6/1.5/SYS) NET/0-9 (6/1.5/SYS) NET/0-a (6/1.5/SYS) NET/0-b (6/1.5/SYS) NET/0-f (6/1.5/SYS) NET/0-c (7/16.0/SYS) NET/0-d (7/16.0/SYS) GIN/0-0 (6/48.0/PHB) GIN/0-1 (0/5000.0/LOC) GIN/0-2 (6/48.0/PHB) GIN/0-3 (6/48.0/PHB) GIN/0-4 (7/16.0/SYS) GIN/0-5 (7/16.0/SYS) GIN/0-6 (6/16.0/SYS) GIN/0-7 (6/16.0/SYS) GIN/0-8 (6/1.5/SYS) GIN/0-9 (6/1.5/SYS) GIN/0-a (6/1.5/SYS) GIN/0-b (6/1.5/SYS) GIN/0-c (7/16.0/SYS) GIN/0-d (7/16.0/SYS) 
gpu-nodes-0:5321:5321 [1] NCCL INFO GIN/0-2 :GPU/0-13000 (5/48.0/PHB) CPU/0-0 (3/48.0/PHB) CPU/0-1 (4/16.0/SYS) NET/0-0 (6/48.0/PHB) NET/0-1 (6/48.0/PHB) NET/0-2 (2/50.0/LOC) NET/0-3 (6/48.0/PHB) NET/0-4 (7/16.0/SYS) NET/0-5 (7/16.0/SYS) NET/0-6 (6/16.0/SYS) NET/0-7 (6/16.0/SYS) NET/0-e (6/16.0/SYS) NET/0-8 (6/1.5/SYS) NET/0-9 (6/1.5/SYS) NET/0-a (6/1.5/SYS) NET/0-b (6/1.5/SYS) NET/0-f (6/1.5/SYS) NET/0-c (7/16.0/SYS) NET/0-d (7/16.0/SYS) GIN/0-0 (6/48.0/PHB) GIN/0-1 (6/48.0/PHB) GIN/0-2 (0/5000.0/LOC) GIN/0-3 (6/48.0/PHB) GIN/0-4 (7/16.0/SYS) GIN/0-5 (7/16.0/SYS) GIN/0-6 (6/16.0/SYS) GIN/0-7 (6/16.0/SYS) GIN/0-8 (6/1.5/SYS) GIN/0-9 (6/1.5/SYS) GIN/0-a (6/1.5/SYS) GIN/0-b (6/1.5/SYS) GIN/0-c (7/16.0/SYS) GIN/0-d (7/16.0/SYS) 
gpu-nodes-0:5321:5321 [1] NCCL INFO GIN/0-3 :GPU/0-13000 (5/48.0/PHB) CPU/0-0 (3/48.0/PHB) CPU/0-1 (4/16.0/SYS) NET/0-0 (6/48.0/PHB) NET/0-1 (6/48.0/PHB) NET/0-2 (6/48.0/PHB) NET/0-3 (2/50.0/LOC) NET/0-4 (7/16.0/SYS) NET/0-5 (7/16.0/SYS) NET/0-6 (6/16.0/SYS) NET/0-7 (6/16.0/SYS) NET/0-e (6/16.0/SYS) NET/0-8 (6/1.5/SYS) NET/0-9 (6/1.5/SYS) NET/0-a (6/1.5/SYS) NET/0-b (6/1.5/SYS) NET/0-f (6/1.5/SYS) NET/0-c (7/16.0/SYS) NET/0-d (7/16.0/SYS) GIN/0-0 (6/48.0/PHB) GIN/0-1 (6/48.0/PHB) GIN/0-2 (6/48.0/PHB) GIN/0-3 (0/5000.0/LOC) GIN/0-4 (7/16.0/SYS) GIN/0-5 (7/16.0/SYS) GIN/0-6 (6/16.0/SYS) GIN/0-7 (6/16.0/SYS) GIN/0-8 (6/1.5/SYS) GIN/0-9 (6/1.5/SYS) GIN/0-a (6/1.5/SYS) GIN/0-b (6/1.5/SYS) GIN/0-c (7/16.0/SYS) GIN/0-d (7/16.0/SYS) 
gpu-nodes-0:5321:5321 [1] NCCL INFO GIN/0-4 :GPU/0-13000 (6/16.0/SYS) CPU/0-0 (4/16.0/SYS) CPU/0-1 (3/48.0/PHB) NET/0-0 (7/16.0/SYS) NET/0-1 (7/16.0/SYS) NET/0-2 (7/16.0/SYS) NET/0-3 (7/16.0/SYS) NET/0-4 (2/50.0/LOC) NET/0-5 (6/48.0/PHB) NET/0-6 (5/25.0/PHB) NET/0-7 (5/25.0/PHB) NET/0-e (5/48.0/PHB) NET/0-8 (5/1.5/PHB) NET/0-9 (5/1.5/PHB) NET/0-a (5/1.5/PHB) NET/0-b (5/1.5/PHB) NET/0-f (5/1.5/PHB) NET/0-c (6/48.0/PHB) NET/0-d (6/48.0/PHB) GIN/0-0 (7/16.0/SYS) GIN/0-1 (7/16.0/SYS) GIN/0-2 (7/16.0/SYS) GIN/0-3 (7/16.0/SYS) GIN/0-4 (0/5000.0/LOC) GIN/0-5 (6/48.0/PHB) GIN/0-6 (5/25.0/PHB) GIN/0-7 (5/25.0/PHB) GIN/0-8 (5/1.5/PHB) GIN/0-9 (5/1.5/PHB) GIN/0-a (5/1.5/PHB) GIN/0-b (5/1.5/PHB) GIN/0-c (6/48.0/PHB) GIN/0-d (6/48.0/PHB) 
gpu-nodes-0:5321:5321 [1] NCCL INFO GIN/0-5 :GPU/0-13000 (6/16.0/SYS) CPU/0-0 (4/16.0/SYS) CPU/0-1 (3/48.0/PHB) NET/0-0 (7/16.0/SYS) NET/0-1 (7/16.0/SYS) NET/0-2 (7/16.0/SYS) NET/0-3 (7/16.0/SYS) NET/0-4 (6/48.0/PHB) NET/0-5 (2/50.0/LOC) NET/0-6 (5/25.0/PHB) NET/0-7 (5/25.0/PHB) NET/0-e (5/48.0/PHB) NET/0-8 (5/1.5/PHB) NET/0-9 (5/1.5/PHB) NET/0-a (5/1.5/PHB) NET/0-b (5/1.5/PHB) NET/0-f (5/1.5/PHB) NET/0-c (6/48.0/PHB) NET/0-d (6/48.0/PHB) GIN/0-0 (7/16.0/SYS) GIN/0-1 (7/16.0/SYS) GIN/0-2 (7/16.0/SYS) GIN/0-3 (7/16.0/SYS) GIN/0-4 (6/48.0/PHB) GIN/0-5 (0/5000.0/LOC) GIN/0-6 (5/25.0/PHB) GIN/0-7 (5/25.0/PHB) GIN/0-8 (5/1.5/PHB) GIN/0-9 (5/1.5/PHB) GIN/0-a (5/1.5/PHB) GIN/0-b (5/1.5/PHB) GIN/0-c (6/48.0/PHB) GIN/0-d (6/48.0/PHB) 
gpu-nodes-0:5321:5321 [1] NCCL INFO GIN/0-6 :GPU/0-13000 (5/16.0/SYS) CPU/0-0 (3/16.0/SYS) CPU/0-1 (2/25.0/PHB) NET/0-0 (6/16.0/SYS) NET/0-1 (6/16.0/SYS) NET/0-2 (6/16.0/SYS) NET/0-3 (6/16.0/SYS) NET/0-4 (5/25.0/PHB) NET/0-5 (5/25.0/PHB) NET/0-6 (2/25.0/LOC) NET/0-7 (2/25.0/LOC) NET/0-e (2/25.0/LOC) NET/0-8 (4/1.5/PHB) NET/0-9 (4/1.5/PHB) NET/0-a (4/1.5/PHB) NET/0-b (4/1.5/PHB) NET/0-f (4/1.5/PHB) NET/0-c (5/25.0/PHB) NET/0-d (5/25.0/PHB) GIN/0-0 (6/16.0/SYS) GIN/0-1 (6/16.0/SYS) GIN/0-2 (6/16.0/SYS) GIN/0-3 (6/16.0/SYS) GIN/0-4 (5/25.0/PHB) GIN/0-5 (5/25.0/PHB) GIN/0-6 (0/5000.0/LOC) GIN/0-7 (2/25.0/LOC) GIN/0-8 (4/1.5/PHB) GIN/0-9 (4/1.5/PHB) GIN/0-a (4/1.5/PHB) GIN/0-b (4/1.5/PHB) GIN/0-c (5/25.0/PHB) GIN/0-d (5/25.0/PHB) 
gpu-nodes-0:5321:5321 [1] NCCL INFO GIN/0-7 :GPU/0-13000 (5/16.0/SYS) CPU/0-0 (3/16.0/SYS) CPU/0-1 (2/25.0/PHB) NET/0-0 (6/16.0/SYS) NET/0-1 (6/16.0/SYS) NET/0-2 (6/16.0/SYS) NET/0-3 (6/16.0/SYS) NET/0-4 (5/25.0/PHB) NET/0-5 (5/25.0/PHB) NET/0-6 (2/25.0/LOC) NET/0-7 (2/25.0/LOC) NET/0-e (2/25.0/LOC) NET/0-8 (4/1.5/PHB) NET/0-9 (4/1.5/PHB) NET/0-a (4/1.5/PHB) NET/0-b (4/1.5/PHB) NET/0-f (4/1.5/PHB) NET/0-c (5/25.0/PHB) NET/0-d (5/25.0/PHB) GIN/0-0 (6/16.0/SYS) GIN/0-1 (6/16.0/SYS) GIN/0-2 (6/16.0/SYS) GIN/0-3 (6/16.0/SYS) GIN/0-4 (5/25.0/PHB) GIN/0-5 (5/25.0/PHB) GIN/0-6 (2/25.0/LOC) GIN/0-7 (0/5000.0/LOC) GIN/0-8 (4/1.5/PHB) GIN/0-9 (4/1.5/PHB) GIN/0-a (4/1.5/PHB) GIN/0-b (4/1.5/PHB) GIN/0-c (5/25.0/PHB) GIN/0-d (5/25.0/PHB) 
gpu-nodes-0:5321:5321 [1] NCCL INFO GIN/0-8 :GPU/0-13000 (5/1.5/SYS) CPU/0-0 (3/1.5/SYS) CPU/0-1 (2/1.5/PHB) NET/0-0 (6/1.5/SYS) NET/0-1 (6/1.5/SYS) NET/0-2 (6/1.5/SYS) NET/0-3 (6/1.5/SYS) NET/0-4 (5/1.5/PHB) NET/0-5 (5/1.5/PHB) NET/0-6 (4/1.5/PHB) NET/0-7 (4/1.5/PHB) NET/0-e (4/1.5/PHB) NET/0-8 (2/12.5/LOC) NET/0-9 (2/12.5/LOC) NET/0-a (2/12.5/LOC) NET/0-b (2/12.5/LOC) NET/0-f (2/12.5/LOC) NET/0-c (5/1.5/PHB) NET/0-d (5/1.5/PHB) GIN/0-0 (6/1.5/SYS) GIN/0-1 (6/1.5/SYS) GIN/0-2 (6/1.5/SYS) GIN/0-3 (6/1.5/SYS) GIN/0-4 (5/1.5/PHB) GIN/0-5 (5/1.5/PHB) GIN/0-6 (4/1.5/PHB) GIN/0-7 (4/1.5/PHB) GIN/0-8 (0/5000.0/LOC) GIN/0-9 (2/12.5/LOC) GIN/0-a (2/12.5/LOC) GIN/0-b (2/12.5/LOC) GIN/0-c (5/1.5/PHB) GIN/0-d (5/1.5/PHB) 
gpu-nodes-0:5321:5321 [1] NCCL INFO GIN/0-9 :GPU/0-13000 (5/1.5/SYS) CPU/0-0 (3/1.5/SYS) CPU/0-1 (2/1.5/PHB) NET/0-0 (6/1.5/SYS) NET/0-1 (6/1.5/SYS) NET/0-2 (6/1.5/SYS) NET/0-3 (6/1.5/SYS) NET/0-4 (5/1.5/PHB) NET/0-5 (5/1.5/PHB) NET/0-6 (4/1.5/PHB) NET/0-7 (4/1.5/PHB) NET/0-e (4/1.5/PHB) NET/0-8 (2/12.5/LOC) NET/0-9 (2/12.5/LOC) NET/0-a (2/12.5/LOC) NET/0-b (2/12.5/LOC) NET/0-f (2/12.5/LOC) NET/0-c (5/1.5/PHB) NET/0-d (5/1.5/PHB) GIN/0-0 (6/1.5/SYS) GIN/0-1 (6/1.5/SYS) GIN/0-2 (6/1.5/SYS) GIN/0-3 (6/1.5/SYS) GIN/0-4 (5/1.5/PHB) GIN/0-5 (5/1.5/PHB) GIN/0-6 (4/1.5/PHB) GIN/0-7 (4/1.5/PHB) GIN/0-8 (2/12.5/LOC) GIN/0-9 (0/5000.0/LOC) GIN/0-a (2/12.5/LOC) GIN/0-b (2/12.5/LOC) GIN/0-c (5/1.5/PHB) GIN/0-d (5/1.5/PHB) 
gpu-nodes-0:5321:5321 [1] NCCL INFO GIN/0-a :GPU/0-13000 (5/1.5/SYS) CPU/0-0 (3/1.5/SYS) CPU/0-1 (2/1.5/PHB) NET/0-0 (6/1.5/SYS) NET/0-1 (6/1.5/SYS) NET/0-2 (6/1.5/SYS) NET/0-3 (6/1.5/SYS) NET/0-4 (5/1.5/PHB) NET/0-5 (5/1.5/PHB) NET/0-6 (4/1.5/PHB) NET/0-7 (4/1.5/PHB) NET/0-e (4/1.5/PHB) NET/0-8 (2/12.5/LOC) NET/0-9 (2/12.5/LOC) NET/0-a (2/12.5/LOC) NET/0-b (2/12.5/LOC) NET/0-f (2/12.5/LOC) NET/0-c (5/1.5/PHB) NET/0-d (5/1.5/PHB) GIN/0-0 (6/1.5/SYS) GIN/0-1 (6/1.5/SYS) GIN/0-2 (6/1.5/SYS) GIN/0-3 (6/1.5/SYS) GIN/0-4 (5/1.5/PHB) GIN/0-5 (5/1.5/PHB) GIN/0-6 (4/1.5/PHB) GIN/0-7 (4/1.5/PHB) GIN/0-8 (2/12.5/LOC) GIN/0-9 (2/12.5/LOC) GIN/0-a (0/5000.0/LOC) GIN/0-b (2/12.5/LOC) GIN/0-c (5/1.5/PHB) GIN/0-d (5/1.5/PHB) 
gpu-nodes-0:5321:5321 [1] NCCL INFO GIN/0-b :GPU/0-13000 (5/1.5/SYS) CPU/0-0 (3/1.5/SYS) CPU/0-1 (2/1.5/PHB) NET/0-0 (6/1.5/SYS) NET/0-1 (6/1.5/SYS) NET/0-2 (6/1.5/SYS) NET/0-3 (6/1.5/SYS) NET/0-4 (5/1.5/PHB) NET/0-5 (5/1.5/PHB) NET/0-6 (4/1.5/PHB) NET/0-7 (4/1.5/PHB) NET/0-e (4/1.5/PHB) NET/0-8 (2/12.5/LOC) NET/0-9 (2/12.5/LOC) NET/0-a (2/12.5/LOC) NET/0-b (2/12.5/LOC) NET/0-f (2/12.5/LOC) NET/0-c (5/1.5/PHB) NET/0-d (5/1.5/PHB) GIN/0-0 (6/1.5/SYS) GIN/0-1 (6/1.5/SYS) GIN/0-2 (6/1.5/SYS) GIN/0-3 (6/1.5/SYS) GIN/0-4 (5/1.5/PHB) GIN/0-5 (5/1.5/PHB) GIN/0-6 (4/1.5/PHB) GIN/0-7 (4/1.5/PHB) GIN/0-8 (2/12.5/LOC) GIN/0-9 (2/12.5/LOC) GIN/0-a (2/12.5/LOC) GIN/0-b (0/5000.0/LOC) GIN/0-c (5/1.5/PHB) GIN/0-d (5/1.5/PHB) 
gpu-nodes-0:5321:5321 [1] NCCL INFO GIN/0-c :GPU/0-13000 (6/16.0/SYS) CPU/0-0 (4/16.0/SYS) CPU/0-1 (3/48.0/PHB) NET/0-0 (7/16.0/SYS) NET/0-1 (7/16.0/SYS) NET/0-2 (7/16.0/SYS) NET/0-3 (7/16.0/SYS) NET/0-4 (6/48.0/PHB) NET/0-5 (6/48.0/PHB) NET/0-6 (5/25.0/PHB) NET/0-7 (5/25.0/PHB) NET/0-e (5/48.0/PHB) NET/0-8 (5/1.5/PHB) NET/0-9 (5/1.5/PHB) NET/0-a (5/1.5/PHB) NET/0-b (5/1.5/PHB) NET/0-f (5/1.5/PHB) NET/0-c (2/50.0/LOC) NET/0-d (6/48.0/PHB) GIN/0-0 (7/16.0/SYS) GIN/0-1 (7/16.0/SYS) GIN/0-2 (7/16.0/SYS) GIN/0-3 (7/16.0/SYS) GIN/0-4 (6/48.0/PHB) GIN/0-5 (6/48.0/PHB) GIN/0-6 (5/25.0/PHB) GIN/0-7 (5/25.0/PHB) GIN/0-8 (5/1.5/PHB) GIN/0-9 (5/1.5/PHB) GIN/0-a (5/1.5/PHB) GIN/0-b (5/1.5/PHB) GIN/0-c (0/5000.0/LOC) GIN/0-d (6/48.0/PHB) 
gpu-nodes-0:5321:5321 [1] NCCL INFO GIN/0-d :GPU/0-13000 (6/16.0/SYS) CPU/0-0 (4/16.0/SYS) CPU/0-1 (3/48.0/PHB) NET/0-0 (7/16.0/SYS) NET/0-1 (7/16.0/SYS) NET/0-2 (7/16.0/SYS) NET/0-3 (7/16.0/SYS) NET/0-4 (6/48.0/PHB) NET/0-5 (6/48.0/PHB) NET/0-6 (5/25.0/PHB) NET/0-7 (5/25.0/PHB) NET/0-e (5/48.0/PHB) NET/0-8 (5/1.5/PHB) NET/0-9 (5/1.5/PHB) NET/0-a (5/1.5/PHB) NET/0-b (5/1.5/PHB) NET/0-f (5/1.5/PHB) NET/0-c (6/48.0/PHB) NET/0-d (2/50.0/LOC) GIN/0-0 (7/16.0/SYS) GIN/0-1 (7/16.0/SYS) GIN/0-2 (7/16.0/SYS) GIN/0-3 (7/16.0/SYS) GIN/0-4 (6/48.0/PHB) GIN/0-5 (6/48.0/PHB) GIN/0-6 (5/25.0/PHB) GIN/0-7 (5/25.0/PHB) GIN/0-8 (5/1.5/PHB) GIN/0-9 (5/1.5/PHB) GIN/0-a (5/1.5/PHB) GIN/0-b (5/1.5/PHB) GIN/0-c (6/48.0/PHB) GIN/0-d (0/5000.0/LOC) 
gpu-nodes-0:5321:5321 [1] NCCL INFO ncclTopoGetCpuAffinity: Affinity for GPU 1 is 0-63,128-191. (GPU affinity = 0-63,128-191 ; CPU affinity = 0-63,128-191).
gpu-nodes-0:5321:5321 [1] NCCL INFO Pattern 4, crossNic 0, nChannels 32, bw 90.000000/90.000000, type LOC/PIX, sameChannels 1
gpu-nodes-0:5321:5321 [1] NCCL INFO  0 : GPU/0-13000
gpu-nodes-0:5321:5321 [1] NCCL INFO  1 : GPU/0-13000
gpu-nodes-0:5321:5321 [1] NCCL INFO  2 : GPU/0-13000
gpu-nodes-0:5321:5321 [1] NCCL INFO  3 : GPU/0-13000
gpu-nodes-0:5321:5321 [1] NCCL INFO  4 : GPU/0-13000
gpu-nodes-0:5321:5321 [1] NCCL INFO  5 : GPU/0-13000
gpu-nodes-0:5321:5321 [1] NCCL INFO  6 : GPU/0-13000
gpu-nodes-0:5321:5321 [1] NCCL INFO  7 : GPU/0-13000
gpu-nodes-0:5321:5321 [1] NCCL INFO  8 : GPU/0-13000
gpu-nodes-0:5321:5321 [1] NCCL INFO  9 : GPU/0-13000
gpu-nodes-0:5321:5321 [1] NCCL INFO 10 : GPU/0-13000
gpu-nodes-0:5321:5321 [1] NCCL INFO 11 : GPU/0-13000
gpu-nodes-0:5321:5321 [1] NCCL INFO 12 : GPU/0-13000
gpu-nodes-0:5321:5321 [1] NCCL INFO 13 : GPU/0-13000
gpu-nodes-0:5321:5321 [1] NCCL INFO 14 : GPU/0-13000
gpu-nodes-0:5321:5321 [1] NCCL INFO 15 : GPU/0-13000
gpu-nodes-0:5321:5321 [1] NCCL INFO 16 : GPU/0-13000
gpu-nodes-0:5321:5321 [1] NCCL INFO 17 : GPU/0-13000
gpu-nodes-0:5321:5321 [1] NCCL INFO 18 : GPU/0-13000
gpu-nodes-0:5321:5321 [1] NCCL INFO 19 : GPU/0-13000
gpu-nodes-0:5321:5321 [1] NCCL INFO 20 : GPU/0-13000
gpu-nodes-0:5321:5321 [1] NCCL INFO 21 : GPU/0-13000
gpu-nodes-0:5321:5321 [1] NCCL INFO 22 : GPU/0-13000
gpu-nodes-0:5321:5321 [1] NCCL INFO 23 : GPU/0-13000
gpu-nodes-0:5321:5321 [1] NCCL INFO 24 : GPU/0-13000
gpu-nodes-0:5321:5321 [1] NCCL INFO 25 : GPU/0-13000
gpu-nodes-0:5321:5321 [1] NCCL INFO 26 : GPU/0-13000
gpu-nodes-0:5321:5321 [1] NCCL INFO 27 : GPU/0-13000
gpu-nodes-0:5321:5321 [1] NCCL INFO 28 : GPU/0-13000
gpu-nodes-0:5321:5321 [1] NCCL INFO 29 : GPU/0-13000
gpu-nodes-0:5321:5321 [1] NCCL INFO 30 : GPU/0-13000
gpu-nodes-0:5321:5321 [1] NCCL INFO 31 : GPU/0-13000
gpu-nodes-0:5321:5321 [1] NCCL INFO Pattern 3, crossNic 0, nChannels 32, bw 90.000000/90.000000, type LOC/PIX, sameChannels 1
gpu-nodes-0:5321:5321 [1] NCCL INFO  0 : GPU/0-13000
gpu-nodes-0:5321:5321 [1] NCCL INFO  1 : GPU/0-13000
gpu-nodes-0:5321:5321 [1] NCCL INFO  2 : GPU/0-13000
gpu-nodes-0:5321:5321 [1] NCCL INFO  3 : GPU/0-13000
gpu-nodes-0:5321:5321 [1] NCCL INFO  4 : GPU/0-13000
gpu-nodes-0:5321:5321 [1] NCCL INFO  5 : GPU/0-13000
gpu-nodes-0:5321:5321 [1] NCCL INFO  6 : GPU/0-13000
gpu-nodes-0:5321:5321 [1] NCCL INFO  7 : GPU/0-13000
gpu-nodes-0:5321:5321 [1] NCCL INFO  8 : GPU/0-13000
gpu-nodes-0:5321:5321 [1] NCCL INFO  9 : GPU/0-13000
gpu-nodes-0:5321:5321 [1] NCCL INFO 10 : GPU/0-13000
gpu-nodes-0:5321:5321 [1] NCCL INFO 11 : GPU/0-13000
gpu-nodes-0:5321:5321 [1] NCCL INFO 12 : GPU/0-13000
gpu-nodes-0:5321:5321 [1] NCCL INFO 13 : GPU/0-13000
gpu-nodes-0:5321:5321 [1] NCCL INFO 14 : GPU/0-13000
gpu-nodes-0:5321:5321 [1] NCCL INFO 15 : GPU/0-13000
gpu-nodes-0:5321:5321 [1] NCCL INFO 16 : GPU/0-13000
gpu-nodes-0:5321:5321 [1] NCCL INFO 17 : GPU/0-13000
gpu-nodes-0:5321:5321 [1] NCCL INFO 18 : GPU/0-13000
gpu-nodes-0:5321:5321 [1] NCCL INFO 19 : GPU/0-13000
gpu-nodes-0:5321:5321 [1] NCCL INFO 20 : GPU/0-13000
gpu-nodes-0:5321:5321 [1] NCCL INFO 21 : GPU/0-13000
gpu-nodes-0:5321:5321 [1] NCCL INFO 22 : GPU/0-13000
gpu-nodes-0:5321:5321 [1] NCCL INFO 23 : GPU/0-13000
gpu-nodes-0:5321:5321 [1] NCCL INFO 24 : GPU/0-13000
gpu-nodes-0:5321:5321 [1] NCCL INFO 25 : GPU/0-13000
gpu-nodes-0:5321:5321 [1] NCCL INFO 26 : GPU/0-13000
gpu-nodes-0:5321:5321 [1] NCCL INFO 27 : GPU/0-13000
gpu-nodes-0:5321:5321 [1] NCCL INFO 28 : GPU/0-13000
gpu-nodes-0:5321:5321 [1] NCCL INFO 29 : GPU/0-13000
gpu-nodes-0:5321:5321 [1] NCCL INFO 30 : GPU/0-13000
gpu-nodes-0:5321:5321 [1] NCCL INFO 31 : GPU/0-13000
gpu-nodes-0:5321:5321 [1] NCCL INFO comm 0x7f0fb3f07010 rank 0 nRanks 1 nNodes 1 localRanks 1 localRank 0 MNNVL 0
gpu-nodes-0:5321:5321 [1] NCCL INFO Tree 0 : -1 -> 0 -> -1/-1/-1
gpu-nodes-0:5321:5321 [1] NCCL INFO Tree 32 : -1 -> 0 -> -1/-1/-1
gpu-nodes-0:5321:5321 [1] NCCL INFO Tree 1 : -1 -> 0 -> -1/-1/-1
gpu-nodes-0:5321:5321 [1] NCCL INFO Tree 33 : -1 -> 0 -> -1/-1/-1
gpu-nodes-0:5321:5321 [1] NCCL INFO Tree 2 : -1 -> 0 -> -1/-1/-1
gpu-nodes-0:5321:5321 [1] NCCL INFO Tree 34 : -1 -> 0 -> -1/-1/-1
gpu-nodes-0:5321:5321 [1] NCCL INFO Tree 3 : -1 -> 0 -> -1/-1/-1
gpu-nodes-0:5321:5321 [1] NCCL INFO Tree 35 : -1 -> 0 -> -1/-1/-1
gpu-nodes-0:5321:5321 [1] NCCL INFO Tree 4 : -1 -> 0 -> -1/-1/-1
gpu-nodes-0:5321:5321 [1] NCCL INFO Tree 36 : -1 -> 0 -> -1/-1/-1
gpu-nodes-0:5321:5321 [1] NCCL INFO Tree 5 : -1 -> 0 -> -1/-1/-1
gpu-nodes-0:5321:5321 [1] NCCL INFO Tree 37 : -1 -> 0 -> -1/-1/-1
gpu-nodes-0:5321:5321 [1] NCCL INFO Tree 6 : -1 -> 0 -> -1/-1/-1
gpu-nodes-0:5321:5321 [1] NCCL INFO Tree 38 : -1 -> 0 -> -1/-1/-1
gpu-nodes-0:5321:5321 [1] NCCL INFO Tree 7 : -1 -> 0 -> -1/-1/-1
gpu-nodes-0:5321:5321 [1] NCCL INFO Tree 39 : -1 -> 0 -> -1/-1/-1
gpu-nodes-0:5321:5321 [1] NCCL INFO Tree 8 : -1 -> 0 -> -1/-1/-1
gpu-nodes-0:5321:5321 [1] NCCL INFO Tree 40 : -1 -> 0 -> -1/-1/-1
gpu-nodes-0:5321:5321 [1] NCCL INFO Tree 9 : -1 -> 0 -> -1/-1/-1
gpu-nodes-0:5321:5321 [1] NCCL INFO Tree 41 : -1 -> 0 -> -1/-1/-1
gpu-nodes-0:5321:5321 [1] NCCL INFO Tree 10 : -1 -> 0 -> -1/-1/-1
gpu-nodes-0:5321:5321 [1] NCCL INFO Tree 42 : -1 -> 0 -> -1/-1/-1
gpu-nodes-0:5321:5321 [1] NCCL INFO Tree 11 : -1 -> 0 -> -1/-1/-1
gpu-nodes-0:5321:5321 [1] NCCL INFO Tree 43 : -1 -> 0 -> -1/-1/-1
gpu-nodes-0:5321:5321 [1] NCCL INFO Tree 12 : -1 -> 0 -> -1/-1/-1
gpu-nodes-0:5321:5321 [1] NCCL INFO Tree 44 : -1 -> 0 -> -1/-1/-1
gpu-nodes-0:5321:5321 [1] NCCL INFO Tree 13 : -1 -> 0 -> -1/-1/-1
gpu-nodes-0:5321:5321 [1] NCCL INFO Tree 45 : -1 -> 0 -> -1/-1/-1
gpu-nodes-0:5321:5321 [1] NCCL INFO Tree 14 : -1 -> 0 -> -1/-1/-1
gpu-nodes-0:5321:5321 [1] NCCL INFO Tree 46 : -1 -> 0 -> -1/-1/-1
gpu-nodes-0:5321:5321 [1] NCCL INFO Tree 15 : -1 -> 0 -> -1/-1/-1
gpu-nodes-0:5321:5321 [1] NCCL INFO Tree 47 : -1 -> 0 -> -1/-1/-1
gpu-nodes-0:5321:5321 [1] NCCL INFO Tree 16 : -1 -> 0 -> -1/-1/-1
gpu-nodes-0:5321:5321 [1] NCCL INFO Tree 48 : -1 -> 0 -> -1/-1/-1
gpu-nodes-0:5321:5321 [1] NCCL INFO Tree 17 : -1 -> 0 -> -1/-1/-1
gpu-nodes-0:5321:5321 [1] NCCL INFO Tree 49 : -1 -> 0 -> -1/-1/-1
gpu-nodes-0:5321:5321 [1] NCCL INFO Tree 18 : -1 -> 0 -> -1/-1/-1
gpu-nodes-0:5321:5321 [1] NCCL INFO Tree 50 : -1 -> 0 -> -1/-1/-1
gpu-nodes-0:5321:5321 [1] NCCL INFO Tree 19 : -1 -> 0 -> -1/-1/-1
gpu-nodes-0:5321:5321 [1] NCCL INFO Tree 51 : -1 -> 0 -> -1/-1/-1
gpu-nodes-0:5321:5321 [1] NCCL INFO Tree 20 : -1 -> 0 -> -1/-1/-1
gpu-nodes-0:5321:5321 [1] NCCL INFO Tree 52 : -1 -> 0 -> -1/-1/-1
gpu-nodes-0:5321:5321 [1] NCCL INFO Tree 21 : -1 -> 0 -> -1/-1/-1
gpu-nodes-0:5321:5321 [1] NCCL INFO Tree 53 : -1 -> 0 -> -1/-1/-1
gpu-nodes-0:5321:5321 [1] NCCL INFO Tree 22 : -1 -> 0 -> -1/-1/-1
gpu-nodes-0:5321:5321 [1] NCCL INFO Tree 54 : -1 -> 0 -> -1/-1/-1
gpu-nodes-0:5321:5321 [1] NCCL INFO Tree 23 : -1 -> 0 -> -1/-1/-1
gpu-nodes-0:5321:5321 [1] NCCL INFO Tree 55 : -1 -> 0 -> -1/-1/-1
gpu-nodes-0:5321:5321 [1] NCCL INFO Tree 24 : -1 -> 0 -> -1/-1/-1
gpu-nodes-0:5321:5321 [1] NCCL INFO Tree 56 : -1 -> 0 -> -1/-1/-1
gpu-nodes-0:5321:5321 [1] NCCL INFO Tree 25 : -1 -> 0 -> -1/-1/-1
gpu-nodes-0:5321:5321 [1] NCCL INFO Tree 57 : -1 -> 0 -> -1/-1/-1
gpu-nodes-0:5321:5321 [1] NCCL INFO Tree 26 : -1 -> 0 -> -1/-1/-1
gpu-nodes-0:5321:5321 [1] NCCL INFO Tree 58 : -1 -> 0 -> -1/-1/-1
gpu-nodes-0:5321:5321 [1] NCCL INFO Tree 27 : -1 -> 0 -> -1/-1/-1
gpu-nodes-0:5321:5321 [1] NCCL INFO Tree 59 : -1 -> 0 -> -1/-1/-1
gpu-nodes-0:5321:5321 [1] NCCL INFO Tree 28 : -1 -> 0 -> -1/-1/-1
gpu-nodes-0:5321:5321 [1] NCCL INFO Tree 60 : -1 -> 0 -> -1/-1/-1
gpu-nodes-0:5321:5321 [1] NCCL INFO Tree 29 : -1 -> 0 -> -1/-1/-1
gpu-nodes-0:5321:5321 [1] NCCL INFO Tree 61 : -1 -> 0 -> -1/-1/-1
gpu-nodes-0:5321:5321 [1] NCCL INFO Tree 30 : -1 -> 0 -> -1/-1/-1
gpu-nodes-0:5321:5321 [1] NCCL INFO Tree 62 : -1 -> 0 -> -1/-1/-1
gpu-nodes-0:5321:5321 [1] NCCL INFO Tree 31 : -1 -> 0 -> -1/-1/-1
gpu-nodes-0:5321:5321 [1] NCCL INFO Tree 63 : -1 -> 0 -> -1/-1/-1
gpu-nodes-0:5321:5321 [1] NCCL INFO Channel 00/64 : 0
gpu-nodes-0:5321:5321 [1] NCCL INFO Channel 01/64 : 0
gpu-nodes-0:5321:5321 [1] NCCL INFO Channel 02/64 : 0
gpu-nodes-0:5321:5321 [1] NCCL INFO Channel 03/64 : 0
gpu-nodes-0:5321:5321 [1] NCCL INFO Channel 04/64 : 0
gpu-nodes-0:5321:5321 [1] NCCL INFO Channel 05/64 : 0
gpu-nodes-0:5321:5321 [1] NCCL INFO Channel 06/64 : 0
gpu-nodes-0:5321:5321 [1] NCCL INFO Channel 07/64 : 0
gpu-nodes-0:5321:5321 [1] NCCL INFO Channel 08/64 : 0
gpu-nodes-0:5321:5321 [1] NCCL INFO Channel 09/64 : 0
gpu-nodes-0:5321:5321 [1] NCCL INFO Channel 10/64 : 0
gpu-nodes-0:5321:5321 [1] NCCL INFO Channel 11/64 : 0
gpu-nodes-0:5321:5321 [1] NCCL INFO Channel 12/64 : 0
gpu-nodes-0:5321:5321 [1] NCCL INFO Channel 13/64 : 0
gpu-nodes-0:5321:5321 [1] NCCL INFO Channel 14/64 : 0
gpu-nodes-0:5321:5321 [1] NCCL INFO Channel 15/64 : 0
gpu-nodes-0:5321:5321 [1] NCCL INFO Channel 16/64 : 0
gpu-nodes-0:5321:5321 [1] NCCL INFO Channel 17/64 : 0
gpu-nodes-0:5321:5321 [1] NCCL INFO Channel 18/64 : 0
gpu-nodes-0:5321:5321 [1] NCCL INFO Channel 19/64 : 0
gpu-nodes-0:5321:5321 [1] NCCL INFO Channel 20/64 : 0
gpu-nodes-0:5321:5321 [1] NCCL INFO Channel 21/64 : 0
gpu-nodes-0:5321:5321 [1] NCCL INFO Channel 22/64 : 0
gpu-nodes-0:5321:5321 [1] NCCL INFO Channel 23/64 : 0
gpu-nodes-0:5321:5321 [1] NCCL INFO Channel 24/64 : 0
gpu-nodes-0:5321:5321 [1] NCCL INFO Channel 25/64 : 0
gpu-nodes-0:5321:5321 [1] NCCL INFO Channel 26/64 : 0
gpu-nodes-0:5321:5321 [1] NCCL INFO Channel 27/64 : 0
gpu-nodes-0:5321:5321 [1] NCCL INFO Channel 28/64 : 0
gpu-nodes-0:5321:5321 [1] NCCL INFO Channel 29/64 : 0
gpu-nodes-0:5321:5321 [1] NCCL INFO Channel 30/64 : 0
gpu-nodes-0:5321:5321 [1] NCCL INFO Channel 31/64 : 0
gpu-nodes-0:5321:5321 [1] NCCL INFO Channel 32/64 : 0
gpu-nodes-0:5321:5321 [1] NCCL INFO Channel 33/64 : 0
gpu-nodes-0:5321:5321 [1] NCCL INFO Channel 34/64 : 0
gpu-nodes-0:5321:5321 [1] NCCL INFO Channel 35/64 : 0
gpu-nodes-0:5321:5321 [1] NCCL INFO Channel 36/64 : 0
gpu-nodes-0:5321:5321 [1] NCCL INFO Channel 37/64 : 0
gpu-nodes-0:5321:5321 [1] NCCL INFO Channel 38/64 : 0
gpu-nodes-0:5321:5321 [1] NCCL INFO Channel 39/64 : 0
gpu-nodes-0:5321:5321 [1] NCCL INFO Channel 40/64 : 0
gpu-nodes-0:5321:5321 [1] NCCL INFO Channel 41/64 : 0
gpu-nodes-0:5321:5321 [1] NCCL INFO Channel 42/64 : 0
gpu-nodes-0:5321:5321 [1] NCCL INFO Channel 43/64 : 0
gpu-nodes-0:5321:5321 [1] NCCL INFO Channel 44/64 : 0
gpu-nodes-0:5321:5321 [1] NCCL INFO Channel 45/64 : 0
gpu-nodes-0:5321:5321 [1] NCCL INFO Channel 46/64 : 0
gpu-nodes-0:5321:5321 [1] NCCL INFO Channel 47/64 : 0
gpu-nodes-0:5321:5321 [1] NCCL INFO Channel 48/64 : 0
gpu-nodes-0:5321:5321 [1] NCCL INFO Channel 49/64 : 0
gpu-nodes-0:5321:5321 [1] NCCL INFO Channel 50/64 : 0
gpu-nodes-0:5321:5321 [1] NCCL INFO Channel 51/64 : 0
gpu-nodes-0:5321:5321 [1] NCCL INFO Channel 52/64 : 0
gpu-nodes-0:5321:5321 [1] NCCL INFO Channel 53/64 : 0
gpu-nodes-0:5321:5321 [1] NCCL INFO Channel 54/64 : 0
gpu-nodes-0:5321:5321 [1] NCCL INFO Channel 55/64 : 0
gpu-nodes-0:5321:5321 [1] NCCL INFO Channel 56/64 : 0
gpu-nodes-0:5321:5321 [1] NCCL INFO Channel 57/64 : 0
gpu-nodes-0:5321:5321 [1] NCCL INFO Channel 58/64 : 0
gpu-nodes-0:5321:5321 [1] NCCL INFO Channel 59/64 : 0
gpu-nodes-0:5321:5321 [1] NCCL INFO Channel 60/64 : 0
gpu-nodes-0:5321:5321 [1] NCCL INFO Channel 61/64 : 0
gpu-nodes-0:5321:5321 [1] NCCL INFO Channel 62/64 : 0
gpu-nodes-0:5321:5321 [1] NCCL INFO Channel 63/64 : 0
gpu-nodes-0:5321:5321 [1] NCCL INFO Ring 00 : 0 -> 0 -> 0
gpu-nodes-0:5321:5321 [1] NCCL INFO Ring 01 : 0 -> 0 -> 0
gpu-nodes-0:5321:5321 [1] NCCL INFO Ring 02 : 0 -> 0 -> 0
gpu-nodes-0:5321:5321 [1] NCCL INFO Ring 03 : 0 -> 0 -> 0
gpu-nodes-0:5321:5321 [1] NCCL INFO Ring 04 : 0 -> 0 -> 0
gpu-nodes-0:5321:5321 [1] NCCL INFO Ring 05 : 0 -> 0 -> 0
gpu-nodes-0:5321:5321 [1] NCCL INFO Ring 06 : 0 -> 0 -> 0
gpu-nodes-0:5321:5321 [1] NCCL INFO Ring 07 : 0 -> 0 -> 0
gpu-nodes-0:5321:5321 [1] NCCL INFO Ring 08 : 0 -> 0 -> 0
gpu-nodes-0:5321:5321 [1] NCCL INFO Ring 09 : 0 -> 0 -> 0
gpu-nodes-0:5321:5321 [1] NCCL INFO Ring 10 : 0 -> 0 -> 0
gpu-nodes-0:5321:5321 [1] NCCL INFO Ring 11 : 0 -> 0 -> 0
gpu-nodes-0:5321:5321 [1] NCCL INFO Ring 12 : 0 -> 0 -> 0
gpu-nodes-0:5321:5321 [1] NCCL INFO Ring 13 : 0 -> 0 -> 0
gpu-nodes-0:5321:5321 [1] NCCL INFO Ring 14 : 0 -> 0 -> 0
gpu-nodes-0:5321:5321 [1] NCCL INFO Ring 15 : 0 -> 0 -> 0
gpu-nodes-0:5321:5321 [1] NCCL INFO Ring 16 : 0 -> 0 -> 0
gpu-nodes-0:5321:5321 [1] NCCL INFO Ring 17 : 0 -> 0 -> 0
gpu-nodes-0:5321:5321 [1] NCCL INFO Ring 18 : 0 -> 0 -> 0
gpu-nodes-0:5321:5321 [1] NCCL INFO Ring 19 : 0 -> 0 -> 0
gpu-nodes-0:5321:5321 [1] NCCL INFO Ring 20 : 0 -> 0 -> 0
gpu-nodes-0:5321:5321 [1] NCCL INFO Ring 21 : 0 -> 0 -> 0
gpu-nodes-0:5321:5321 [1] NCCL INFO Ring 22 : 0 -> 0 -> 0
gpu-nodes-0:5321:5321 [1] NCCL INFO Ring 23 : 0 -> 0 -> 0
gpu-nodes-0:5321:5321 [1] NCCL INFO Ring 24 : 0 -> 0 -> 0
gpu-nodes-0:5321:5321 [1] NCCL INFO Ring 25 : 0 -> 0 -> 0
gpu-nodes-0:5321:5321 [1] NCCL INFO Ring 26 : 0 -> 0 -> 0
gpu-nodes-0:5321:5321 [1] NCCL INFO Ring 27 : 0 -> 0 -> 0
gpu-nodes-0:5321:5321 [1] NCCL INFO Ring 28 : 0 -> 0 -> 0
gpu-nodes-0:5321:5321 [1] NCCL INFO Ring 29 : 0 -> 0 -> 0
gpu-nodes-0:5321:5321 [1] NCCL INFO Ring 30 : 0 -> 0 -> 0
gpu-nodes-0:5321:5321 [1] NCCL INFO Ring 31 : 0 -> 0 -> 0
gpu-nodes-0:5321:5321 [1] NCCL INFO Ring 32 : 0 -> 0 -> 0
gpu-nodes-0:5321:5321 [1] NCCL INFO Ring 33 : 0 -> 0 -> 0
gpu-nodes-0:5321:5321 [1] NCCL INFO Ring 34 : 0 -> 0 -> 0
gpu-nodes-0:5321:5321 [1] NCCL INFO Ring 35 : 0 -> 0 -> 0
gpu-nodes-0:5321:5321 [1] NCCL INFO Ring 36 : 0 -> 0 -> 0
gpu-nodes-0:5321:5321 [1] NCCL INFO Ring 37 : 0 -> 0 -> 0
gpu-nodes-0:5321:5321 [1] NCCL INFO Ring 38 : 0 -> 0 -> 0
gpu-nodes-0:5321:5321 [1] NCCL INFO Ring 39 : 0 -> 0 -> 0
gpu-nodes-0:5321:5321 [1] NCCL INFO Ring 40 : 0 -> 0 -> 0
gpu-nodes-0:5321:5321 [1] NCCL INFO Ring 41 : 0 -> 0 -> 0
gpu-nodes-0:5321:5321 [1] NCCL INFO Ring 42 : 0 -> 0 -> 0
gpu-nodes-0:5321:5321 [1] NCCL INFO Ring 43 : 0 -> 0 -> 0
gpu-nodes-0:5321:5321 [1] NCCL INFO Ring 44 : 0 -> 0 -> 0
gpu-nodes-0:5321:5321 [1] NCCL INFO Ring 45 : 0 -> 0 -> 0
gpu-nodes-0:5321:5321 [1] NCCL INFO Ring 46 : 0 -> 0 -> 0
gpu-nodes-0:5321:5321 [1] NCCL INFO Ring 47 : 0 -> 0 -> 0
gpu-nodes-0:5321:5321 [1] NCCL INFO Ring 48 : 0 -> 0 -> 0
gpu-nodes-0:5321:5321 [1] NCCL INFO Ring 49 : 0 -> 0 -> 0
gpu-nodes-0:5321:5321 [1] NCCL INFO Ring 50 : 0 -> 0 -> 0
gpu-nodes-0:5321:5321 [1] NCCL INFO Ring 51 : 0 -> 0 -> 0
gpu-nodes-0:5321:5321 [1] NCCL INFO Ring 52 : 0 -> 0 -> 0
gpu-nodes-0:5321:5321 [1] NCCL INFO Ring 53 : 0 -> 0 -> 0
gpu-nodes-0:5321:5321 [1] NCCL INFO Ring 54 : 0 -> 0 -> 0
gpu-nodes-0:5321:5321 [1] NCCL INFO Ring 55 : 0 -> 0 -> 0
gpu-nodes-0:5321:5321 [1] NCCL INFO Ring 56 : 0 -> 0 -> 0
gpu-nodes-0:5321:5321 [1] NCCL INFO Ring 57 : 0 -> 0 -> 0
gpu-nodes-0:5321:5321 [1] NCCL INFO Ring 58 : 0 -> 0 -> 0
gpu-nodes-0:5321:5321 [1] NCCL INFO Ring 59 : 0 -> 0 -> 0
gpu-nodes-0:5321:5321 [1] NCCL INFO Ring 60 : 0 -> 0 -> 0
gpu-nodes-0:5321:5321 [1] NCCL INFO Ring 61 : 0 -> 0 -> 0
gpu-nodes-0:5321:5321 [1] NCCL INFO Ring 62 : 0 -> 0 -> 0
gpu-nodes-0:5321:5321 [1] NCCL INFO Ring 63 : 0 -> 0 -> 0
gpu-nodes-0:5321:5321 [1] NCCL INFO Trees [0] -1/-1/-1->0->-1 [1] -1/-1/-1->0->-1 [2] -1/-1/-1->0->-1 [3] -1/-1/-1->0->-1 [4] -1/-1/-1->0->-1 [5] -1/-1/-1->0->-1 [6] -1/-1/-1->0->-1 [7] -1/-1/-1->0->-1 [8] -1/-1/-1->0->-1 [9] -1/-1/-1->0->-1 [10] -1/-1/-1->0->-1 [11] -1/-1/-1->0->-1 [12] -1/-1/-1->0->-1 [13] -1/-1/-1->0->-1 [14] -1/-1/-1->0->-1 [15] -1/-1/-1->0->-1 [16] -1/-1/-1->0->-1 [17] -1/-1/-1->0->-1 [18] -1/-1/-1->0->-1 [19] -1/-1/-1->0->-1 [20] -1/-1/-1->0->-1 [21] -1/-1/-1->0->-1 [22] -1/-1/-1->0->-1 [23] -1/-1/-1->0->-1 [24] -1/-1/-1->0->-1 [25] -1/-1/-1->0->-1 [26] -1/-1/-1->0->-1 [27] -1/-1/-1->0->-1 [28] -1/-1/-1->0->-1 [29] -1/-1/-1->0->-1 [30] -1/-1/-1->0->-1 [31] -1/-1/-1->0->-1 [32] -1/-1/-1->0->-1 [33] -1/-1/-1->0->-1 [34] -1/-1/-1->0->-1 [35] -1/-1/-1->0->-1 [36] -1/-1/-1->0->-1 [37] -1/-1/-1->0->-1 [38] -1/-1/-1->0->-1 [39] -1/-1/-1->0->-1 [40] -1/-1/-1->0->-1 [41] -1/-1/-1->0->-1 [42] -1/-1/-1->0->-1 [43] -1/-1/-1->0->-1 [44] -1/-1/-1->0->-1 [45] -1/-1/-1->0->-1 [46] -1/-1/-1->0->-1 [47] -1/-1/-1->0->-1 [48] -1/-1/-1->0->-1 [4
gpu-nodes-0:5321:5321 [1] NCCL INFO P2P Chunksize set to 524288
gpu-nodes-0:5321:5321 [1] NCCL INFO Check P2P Type isAllDirectP2p 1 directMode 0 isAllCudaP2p 1
gpu-nodes-0:5321:15322 [0] NCCL INFO [Proxy Service] Device 1 CPU core 19
gpu-nodes-0:5321:5321 [1] NCCL INFO ncclP2pSchedule: group size used is 1
gpu-nodes-0:5321:15323 [0] NCCL INFO [Proxy Service UDS] Device 1 CPU core 29
gpu-nodes-0:5321:15322 [1] NCCL INFO New proxy send connection 0 from local rank 0, transport 2
gpu-nodes-0:5321:15327 [0] NCCL INFO [Proxy Progress] Device 1 CPU core 19
gpu-nodes-0:5321:5321 [1] NCCL INFO Connected to proxy localRank 0 -> connection 0x7f0240004f80
gpu-nodes-0:5321:5321 [1] NCCL INFO 64 coll channels, 64 collnet channels, 0 nvls channels, 64 p2p channels, 64 p2p channels per peer
gpu-nodes-0:5321:5321 [1] NCCL INFO Symmetric memory is not supported. cuMemEnable 0, globalGinSupport 0, globalNicFused 1 cuMemGdrSupport 1
gpu-nodes-0:5321:5321 [1] NCCL INFO CC Off, workFifoBytes 1048576
gpu-nodes-0:5321:5321 [1] NCCL INFO ncclCommInitRankConfig comm 0x7f0fb3f07010 rank 0 nranks 1 cudaDev 1 nvmlDev 1 busId 13000 commId 0xe06317b158f36546 - Init COMPLETE
gpu-nodes-0:5321:5321 [1] NCCL INFO Init timings - ncclCommInitRankConfig: rank 0 nranks 1 total 0.29 (kernels 0.00, alloc 0.01, bootstrap 0.00, allgathers 0.00, topo 0.26, graphs 0.00, connections 0.01, rest 0.00)
gpu-nodes-0:5321:5321 [1] NCCL INFO Initialized NET plugin IB
gpu-nodes-0:5321:5321 [1] NCCL INFO Assigned NET plugin IB to comm
gpu-nodes-0:5321:5321 [1] NCCL INFO Assigned GIN plugin GIN_IB_GDAKI to comm
gpu-nodes-0:5321:5321 [1] NCCL INFO Assigned RMA plugin GIN_IB_PROXY to comm
gpu-nodes-0:5321:5321 [1] NCCL INFO Using network IB
gpu-nodes-0:5321:5321 [1] NCCL INFO DMA-BUF is available on GPU device 1
gpu-nodes-0:5321:5321 [1] NCCL INFO [Rank 9] ncclCommInitRankConfig comm 0x7f0fe736e5b0 rank 9 nranks 16 cudaDev 1 nvmlDev 1 busId 13000 commId 0x12981d49e22fc205 - Init START
gpu-nodes-0:5321:5321 [1] NCCL INFO MNNVL busId 0x13000 fabric UUID 0.0 cliqueId 0x0 state 3 healthMask 0x80
gpu-nodes-0:5321:5321 [1] NCCL INFO Could not find real path of /sys/class/pci_bus/fffffff/../../fffffff:ff:f
gpu-nodes-0:5321:5321 [1] NCCL INFO TOPO/NET : Importing network plugins to topology
gpu-nodes-0:5321:5321 [1] NCCL INFO NET/GIN_IB_GDAKI : GPU Direct RDMA Enabled for HCA 0 'mlx5_1'
gpu-nodes-0:5321:5321 [1] NCCL INFO ncclTopoPopulateNics : Filled mlx5_1 in topo with pciPath=/sys/devices/pci0000:00/0000:00:01.1/0000:01:00.0/0000:02:01.0/0000:04:00.0 net=0 gin=1 keep=1 coll=(null)
gpu-nodes-0:5321:5321 [1] NCCL INFO NET/GIN_IB_GDAKI : GPU Direct RDMA Enabled for HCA 1 'mlx5_3'
gpu-nodes-0:5321:5321 [1] NCCL INFO ncclTopoPopulateNics : Filled mlx5_3 in topo with pciPath=/sys/devices/pci0000:10/0000:10:01.1/0000:11:00.0/0000:12:01.0/0000:14:00.0 net=0 gin=1 keep=1 coll=(null)
gpu-nodes-0:5321:5321 [1] NCCL INFO NET/GIN_IB_GDAKI : GPU Direct RDMA Enabled for HCA 2 'mlx5_2'
gpu-nodes-0:5321:5321 [1] NCCL INFO ncclTopoPopulateNics : Filled mlx5_2 in topo with pciPath=/sys/devices/pci0000:60/0000:60:01.1/0000:61:00.0/0000:62:01.0/0000:64:00.0 net=0 gin=1 keep=1 coll=(null)
gpu-nodes-0:5321:5321 [1] NCCL INFO NET/GIN_IB_GDAKI : GPU Direct RDMA Enabled for HCA 3 'mlx5_0'
gpu-nodes-0:5321:5321 [1] NCCL INFO ncclTopoPopulateNics : Filled mlx5_0 in topo with pciPath=/sys/devices/pci0000:70/0000:70:01.1/0000:71:00.0/0000:72:01.0/0000:74:00.0 net=0 gin=1 keep=1 coll=(null)
gpu-nodes-0:5321:5321 [1] NCCL INFO NET/GIN_IB_GDAKI : GPU Direct RDMA Enabled for HCA 4 'mlx5_9'
gpu-nodes-0:5321:5321 [1] NCCL INFO ncclTopoPopulateNics : Filled mlx5_9 in topo with pciPath=/sys/devices/pci0000:80/0000:80:01.1/0000:81:00.0/0000:82:01.0/0000:84:00.0 net=0 gin=1 keep=1 coll=(null)
gpu-nodes-0:5321:5321 [1] NCCL INFO NET/GIN_IB_GDAKI : GPU Direct RDMA Enabled for HCA 5 'mlx5_13'
gpu-nodes-0:5321:5321 [1] NCCL INFO ncclTopoPopulateNics : Filled mlx5_13 in topo with pciPath=/sys/devices/pci0000:90/0000:90:01.1/0000:91:00.0/0000:92:01.0/0000:94:00.0 net=0 gin=1 keep=1 coll=(null)
gpu-nodes-0:5321:5321 [1] NCCL INFO NET/GIN_IB_GDAKI : GPU Direct RDMA Enabled for HCA 6 'mlx5_10'
gpu-nodes-0:5321:5321 [1] NCCL INFO ncclTopoPopulateNics : Filled mlx5_10 in topo with pciPath=/sys/devices/pci0000:c0/0000:c0:01.1/0000:c1:00.0 net=0 gin=1 keep=1 coll=(null)
gpu-nodes-0:5321:5321 [1] NCCL INFO NET/GIN_IB_GDAKI : GPU Direct RDMA Enabled for HCA 7 'mlx5_11'
gpu-nodes-0:5321:5321 [1] NCCL INFO ncclTopoPopulateNics : Filled mlx5_11 in topo with pciPath=/sys/devices/pci0000:c0/0000:c0:01.1/0000:c1:00.0 net=0 gin=1 keep=1 coll=(null)
gpu-nodes-0:5321:5321 [1] NCCL INFO NET/GIN_IB_GDAKI : GPU Direct RDMA Enabled for HCA 8 'mlx5_5'
gpu-nodes-0:5321:5321 [1] NCCL INFO ncclTopoPopulateNics : Filled mlx5_5 in topo with pciPath=/sys/devices/pci0000:d0/0000:d0:03.3/0000:d2:00.0 net=0 gin=1 keep=1 coll=(null)
gpu-nodes-0:5321:5321 [1] NCCL INFO NET/GIN_IB_GDAKI : GPU Direct RDMA Enabled for HCA 9 'mlx5_6'
gpu-nodes-0:5321:5321 [1] NCCL INFO ncclTopoPopulateNics : Filled mlx5_6 in topo with pciPath=/sys/devices/pci0000:d0/0000:d0:03.3/0000:d2:00.0 net=0 gin=1 keep=1 coll=(null)
gpu-nodes-0:5321:5321 [1] NCCL INFO NET/GIN_IB_GDAKI : GPU Direct RDMA Enabled for HCA 10 'mlx5_7'
gpu-nodes-0:5321:5321 [1] NCCL INFO ncclTopoPopulateNics : Filled mlx5_7 in topo with pciPath=/sys/devices/pci0000:d0/0000:d0:03.3/0000:d2:00.0 net=0 gin=1 keep=1 coll=(null)
gpu-nodes-0:5321:5321 [1] NCCL INFO NET/GIN_IB_GDAKI : GPU Direct RDMA Enabled for HCA 11 'mlx5_8'
gpu-nodes-0:5321:5321 [1] NCCL INFO ncclTopoPopulateNics : Filled mlx5_8 in topo with pciPath=/sys/devices/pci0000:d0/0000:d0:03.3/0000:d2:00.0 net=0 gin=1 keep=1 coll=(null)
gpu-nodes-0:5321:5321 [1] NCCL INFO NET/GIN_IB_GDAKI : GPU Direct RDMA Enabled for HCA 12 'mlx5_12'
gpu-nodes-0:5321:5321 [1] NCCL INFO ncclTopoPopulateNics : Filled mlx5_12 in topo with pciPath=/sys/devices/pci0000:e0/0000:e0:01.1/0000:e1:00.0/0000:e2:01.0/0000:e4:00.0 net=0 gin=1 keep=1 coll=(null)
gpu-nodes-0:5321:5321 [1] NCCL INFO NET/GIN_IB_GDAKI : GPU Direct RDMA Enabled for HCA 13 'mlx5_4'
gpu-nodes-0:5321:5321 [1] NCCL INFO ncclTopoPopulateNics : Filled mlx5_4 in topo with pciPath=/sys/devices/pci0000:f0/0000:f0:01.1/0000:f1:00.0/0000:f2:01.0/0000:f4:00.0 net=0 gin=1 keep=1 coll=(null)
gpu-nodes-0:5321:5321 [1] NCCL INFO NET/IB : GPU Direct RDMA Enabled for HCA 0 'mlx5_1'
gpu-nodes-0:5321:5321 [1] NCCL INFO ncclTopoPopulateNics : Filled mlx5_1 in topo with pciPath=/sys/devices/pci0000:00/0000:00:01.1/0000:01:00.0/0000:02:01.0/0000:04:00.0 net=1 gin=1 keep=1 coll=(null)
gpu-nodes-0:5321:5321 [1] NCCL INFO NET/IB : GPU Direct RDMA Enabled for HCA 1 'mlx5_3'
gpu-nodes-0:5321:5321 [1] NCCL INFO ncclTopoPopulateNics : Filled mlx5_3 in topo with pciPath=/sys/devices/pci0000:10/0000:10:01.1/0000:11:00.0/0000:12:01.0/0000:14:00.0 net=1 gin=1 keep=1 coll=(null)
gpu-nodes-0:5321:5321 [1] NCCL INFO NET/IB : GPU Direct RDMA Enabled for HCA 2 'mlx5_2'
gpu-nodes-0:5321:5321 [1] NCCL INFO ncclTopoPopulateNics : Filled mlx5_2 in topo with pciPath=/sys/devices/pci0000:60/0000:60:01.1/0000:61:00.0/0000:62:01.0/0000:64:00.0 net=1 gin=1 keep=1 coll=(null)
gpu-nodes-0:5321:5321 [1] NCCL INFO NET/IB : GPU Direct RDMA Enabled for HCA 3 'mlx5_0'
gpu-nodes-0:5321:5321 [1] NCCL INFO ncclTopoPopulateNics : Filled mlx5_0 in topo with pciPath=/sys/devices/pci0000:70/0000:70:01.1/0000:71:00.0/0000:72:01.0/0000:74:00.0 net=1 gin=1 keep=1 coll=(null)
gpu-nodes-0:5321:5321 [1] NCCL INFO NET/IB : GPU Direct RDMA Enabled for HCA 4 'mlx5_9'
gpu-nodes-0:5321:5321 [1] NCCL INFO ncclTopoPopulateNics : Filled mlx5_9 in topo with pciPath=/sys/devices/pci0000:80/0000:80:01.1/0000:81:00.0/0000:82:01.0/0000:84:00.0 net=1 gin=1 keep=1 coll=(null)
gpu-nodes-0:5321:5321 [1] NCCL INFO NET/IB : GPU Direct RDMA Enabled for HCA 5 'mlx5_13'
gpu-nodes-0:5321:5321 [1] NCCL INFO ncclTopoPopulateNics : Filled mlx5_13 in topo with pciPath=/sys/devices/pci0000:90/0000:90:01.1/0000:91:00.0/0000:92:01.0/0000:94:00.0 net=1 gin=1 keep=1 coll=(null)
gpu-nodes-0:5321:5321 [1] NCCL INFO NET/IB : GPU Direct RDMA Enabled for HCA 6 'mlx5_10'
gpu-nodes-0:5321:5321 [1] NCCL INFO ncclTopoPopulateNics : Filled mlx5_10 in topo with pciPath=/sys/devices/pci0000:c0/0000:c0:01.1/0000:c1:00.0 net=1 gin=1 keep=1 coll=(null)
gpu-nodes-0:5321:5321 [1] NCCL INFO NET/IB : GPU Direct RDMA Enabled for HCA 7 'mlx5_11'
gpu-nodes-0:5321:5321 [1] NCCL INFO ncclTopoPopulateNics : Filled mlx5_11 in topo with pciPath=/sys/devices/pci0000:c0/0000:c0:01.1/0000:c1:00.0 net=1 gin=1 keep=1 coll=(null)
gpu-nodes-0:5321:5321 [1] NCCL INFO NET/IB : GPU Direct RDMA Enabled for HCA 8 'mlx5_5'
gpu-nodes-0:5321:5321 [1] NCCL INFO ncclTopoPopulateNics : Filled mlx5_5 in topo with pciPath=/sys/devices/pci0000:d0/0000:d0:03.3/0000:d2:00.0 net=1 gin=1 keep=1 coll=(null)
gpu-nodes-0:5321:5321 [1] NCCL INFO NET/IB : GPU Direct RDMA Enabled for HCA 9 'mlx5_6'
gpu-nodes-0:5321:5321 [1] NCCL INFO ncclTopoPopulateNics : Filled mlx5_6 in topo with pciPath=/sys/devices/pci0000:d0/0000:d0:03.3/0000:d2:00.0 net=1 gin=1 keep=1 coll=(null)
gpu-nodes-0:5321:5321 [1] NCCL INFO NET/IB : GPU Direct RDMA Enabled for HCA 10 'mlx5_7'
gpu-nodes-0:5321:5321 [1] NCCL INFO ncclTopoPopulateNics : Filled mlx5_7 in topo with pciPath=/sys/devices/pci0000:d0/0000:d0:03.3/0000:d2:00.0 net=1 gin=1 keep=1 coll=(null)
gpu-nodes-0:5321:5321 [1] NCCL INFO NET/IB : GPU Direct RDMA Enabled for HCA 11 'mlx5_8'
gpu-nodes-0:5321:5321 [1] NCCL INFO ncclTopoPopulateNics : Filled mlx5_8 in topo with pciPath=/sys/devices/pci0000:d0/0000:d0:03.3/0000:d2:00.0 net=1 gin=1 keep=1 coll=(null)
gpu-nodes-0:5321:5321 [1] NCCL INFO NET/IB : GPU Direct RDMA Enabled for HCA 12 'mlx5_12'
gpu-nodes-0:5321:5321 [1] NCCL INFO ncclTopoPopulateNics : Filled mlx5_12 in topo with pciPath=/sys/devices/pci0000:e0/0000:e0:01.1/0000:e1:00.0/0000:e2:01.0/0000:e4:00.0 net=1 gin=1 keep=1 coll=(null)
gpu-nodes-0:5321:5321 [1] NCCL INFO NET/IB : GPU Direct RDMA Enabled for HCA 13 'mlx5_4'
gpu-nodes-0:5321:5321 [1] NCCL INFO ncclTopoPopulateNics : Filled mlx5_4 in topo with pciPath=/sys/devices/pci0000:f0/0000:f0:01.1/0000:f1:00.0/0000:f2:01.0/0000:f4:00.0 net=1 gin=1 keep=1 coll=(null)
gpu-nodes-0:5321:5321 [1] NCCL INFO NET/IB : GPU Direct RDMA Enabled for HCA 14 'mlx5_10+mlx5_11'
gpu-nodes-0:5321:5321 [1] NCCL INFO ncclTopoPopulateNics : Filled mlx5_10+mlx5_11 in topo with pciPath=/sys/devices/pci0000:c0/0000:c0:01.1/0000:c1:00.0 net=1 gin=(null) keep=1 coll=(null)
gpu-nodes-0:5321:5321 [1] NCCL INFO NET/IB : GPU Direct RDMA Enabled for HCA 15 'mlx5_5+mlx5_6+mlx5_7+mlx5_8'
gpu-nodes-0:5321:5321 [1] NCCL INFO ncclTopoPopulateNics : Filled mlx5_5+mlx5_6+mlx5_7+mlx5_8 in topo with pciPath=/sys/devices/pci0000:d0/0000:d0:03.3/0000:d2:00.0 net=1 gin=(null) keep=1 coll=(null)
gpu-nodes-0:5321:5321 [1] NCCL INFO GPU Direct RDMA Enabled for GPU/0-12288 (rank 8) - NET/0-0 (distance 4 <= 6, read 0, mode Default)
gpu-nodes-0:5321:5321 [1] NCCL INFO GPU Direct RDMA Enabled for GPU/0-77824 (rank 9) - NET/0-0 ( using PXN via GPU/0-12288, distance 4 <= 6, read 0, mode Default)
gpu-nodes-0:5321:5321 [1] NCCL INFO GPU Direct RDMA Enabled for GPU/0-405504 (rank 10) - NET/0-0 ( using PXN via GPU/0-12288, distance 4 <= 6, read 0, mode Default)
gpu-nodes-0:5321:5321 [1] NCCL INFO GPU Direct RDMA Enabled for GPU/0-471040 (rank 11) - NET/0-0 ( using PXN via GPU/0-12288, distance 4 <= 6, read 0, mode Default)
gpu-nodes-0:5321:5321 [1] NCCL INFO GPU Direct RDMA Enabled for GPU/0-536576 (rank 12) - NET/0-0 ( using PXN via GPU/0-12288, distance 4 <= 6, read 0, mode Default)
gpu-nodes-0:5321:5321 [1] NCCL INFO GPU Direct RDMA Enabled for GPU/0-602112 (rank 13) - NET/0-0 ( using PXN via GPU/0-12288, distance 4 <= 6, read 0, mode Default)
gpu-nodes-0:5321:5321 [1] NCCL INFO GPU Direct RDMA Enabled for GPU/0-929792 (rank 14) - NET/0-0 ( using PXN via GPU/0-12288, distance 4 <= 6, read 0, mode Default)
gpu-nodes-0:5321:5321 [1] NCCL INFO GPU Direct RDMA Enabled for GPU/0-995328 (rank 15) - NET/0-0 ( using PXN via GPU/0-12288, distance 4 <= 6, read 0, mode Default)
gpu-nodes-0:5321:5321 [1] NCCL INFO GPU Direct RDMA Enabled for GPU/0-12288 (rank 8) - NET/0-1 ( using PXN via GPU/0-77824, distance 4 <= 6, read 0, mode Default)
gpu-nodes-0:5321:5321 [1] NCCL INFO GPU Direct RDMA Enabled for GPU/0-77824 (rank 9) - NET/0-1 (distance 4 <= 6, read 0, mode Default)
gpu-nodes-0:5321:5321 [1] NCCL INFO GPU Direct RDMA Enabled for GPU/0-405504 (rank 10) - NET/0-1 ( using PXN via GPU/0-77824, distance 4 <= 6, read 0, mode Default)
gpu-nodes-0:5321:5321 [1] NCCL INFO GPU Direct RDMA Enabled for GPU/0-471040 (rank 11) - NET/0-1 ( using PXN via GPU/0-77824, distance 4 <= 6, read 0, mode Default)
gpu-nodes-0:5321:5321 [1] NCCL INFO GPU Direct RDMA Enabled for GPU/0-536576 (rank 12) - NET/0-1 ( using PXN via GPU/0-77824, distance 4 <= 6, read 0, mode Default)
gpu-nodes-0:5321:5321 [1] NCCL INFO GPU Direct RDMA Enabled for GPU/0-602112 (rank 13) - NET/0-1 ( using PXN via GPU/0-77824, distance 4 <= 6, read 0, mode Default)
gpu-nodes-0:5321:5321 [1] NCCL INFO GPU Direct RDMA Enabled for GPU/0-929792 (rank 14) - NET/0-1 ( using PXN via GPU/0-77824, distance 4 <= 6, read 0, mode Default)
gpu-nodes-0:5321:5321 [1] NCCL INFO GPU Direct RDMA Enabled for GPU/0-995328 (rank 15) - NET/0-1 ( using PXN via GPU/0-77824, distance 4 <= 6, read 0, mode Default)
gpu-nodes-0:5321:5321 [1] NCCL INFO GPU Direct RDMA Enabled for GPU/0-12288 (rank 8) - NET/0-2 ( using PXN via GPU/0-405504, distance 4 <= 6, read 0, mode Default)
gpu-nodes-0:5321:5321 [1] NCCL INFO GPU Direct RDMA Enabled for GPU/0-77824 (rank 9) - NET/0-2 ( using PXN via GPU/0-405504, distance 4 <= 6, read 0, mode Default)
gpu-nodes-0:5321:5321 [1] NCCL INFO GPU Direct RDMA Enabled for GPU/0-405504 (rank 10) - NET/0-2 (distance 4 <= 6, read 0, mode Default)
gpu-nodes-0:5321:5321 [1] NCCL INFO GPU Direct RDMA Enabled for GPU/0-471040 (rank 11) - NET/0-2 ( using PXN via GPU/0-405504, distance 4 <= 6, read 0, mode Default)
gpu-nodes-0:5321:5321 [1] NCCL INFO GPU Direct RDMA Enabled for GPU/0-536576 (rank 12) - NET/0-2 ( using PXN via GPU/0-405504, distance 4 <= 6, read 0, mode Default)
gpu-nodes-0:5321:5321 [1] NCCL INFO GPU Direct RDMA Enabled for GPU/0-602112 (rank 13) - NET/0-2 ( using PXN via GPU/0-405504, distance 4 <= 6, read 0, mode Default)
gpu-nodes-0:5321:5321 [1] NCCL INFO GPU Direct RDMA Enabled for GPU/0-929792 (rank 14) - NET/0-2 ( using PXN via GPU/0-405504, distance 4 <= 6, read 0, mode Default)
gpu-nodes-0:5321:5321 [1] NCCL INFO GPU Direct RDMA Enabled for GPU/0-995328 (rank 15) - NET/0-2 ( using PXN via GPU/0-405504, distance 4 <= 6, read 0, mode Default)
gpu-nodes-0:5321:5321 [1] NCCL INFO GPU Direct RDMA Enabled for GPU/0-12288 (rank 8) - NET/0-3 ( using PXN via GPU/0-471040, distance 4 <= 6, read 0, mode Default)
gpu-nodes-0:5321:5321 [1] NCCL INFO GPU Direct RDMA Enabled for GPU/0-77824 (rank 9) - NET/0-3 ( using PXN via GPU/0-471040, distance 4 <= 6, read 0, mode Default)
gpu-nodes-0:5321:5321 [1] NCCL INFO GPU Direct RDMA Enabled for GPU/0-405504 (rank 10) - NET/0-3 ( using PXN via GPU/0-471040, distance 4 <= 6, read 0, mode Default)
gpu-nodes-0:5321:5321 [1] NCCL INFO GPU Direct RDMA Enabled for GPU/0-471040 (rank 11) - NET/0-3 (distance 4 <= 6, read 0, mode Default)
gpu-nodes-0:5321:5321 [1] NCCL INFO GPU Direct RDMA Enabled for GPU/0-536576 (rank 12) - NET/0-3 ( using PXN via GPU/0-471040, distance 4 <= 6, read 0, mode Default)
gpu-nodes-0:5321:5321 [1] NCCL INFO GPU Direct RDMA Enabled for GPU/0-602112 (rank 13) - NET/0-3 ( using PXN via GPU/0-471040, distance 4 <= 6, read 0, mode Default)
gpu-nodes-0:5321:5321 [1] NCCL INFO GPU Direct RDMA Enabled for GPU/0-929792 (rank 14) - NET/0-3 ( using PXN via GPU/0-471040, distance 4 <= 6, read 0, mode Default)
gpu-nodes-0:5321:5321 [1] NCCL INFO GPU Direct RDMA Enabled for GPU/0-995328 (rank 15) - NET/0-3 ( using PXN via GPU/0-471040, distance 4 <= 6, read 0, mode Default)
gpu-nodes-0:5321:5321 [1] NCCL INFO GPU Direct RDMA Enabled for GPU/0-12288 (rank 8) - NET/0-4 ( using PXN via GPU/0-536576, distance 4 <= 6, read 0, mode Default)
gpu-nodes-0:5321:5321 [1] NCCL INFO GPU Direct RDMA Enabled for GPU/0-77824 (rank 9) - NET/0-4 ( using PXN via GPU/0-536576, distance 4 <= 6, read 0, mode Default)
gpu-nodes-0:5321:5321 [1] NCCL INFO GPU Direct RDMA Enabled for GPU/0-405504 (rank 10) - NET/0-4 ( using PXN via GPU/0-536576, distance 4 <= 6, read 0, mode Default)
gpu-nodes-0:5321:5321 [1] NCCL INFO GPU Direct RDMA Enabled for GPU/0-471040 (rank 11) - NET/0-4 ( using PXN via GPU/0-536576, distance 4 <= 6, read 0, mode Default)
gpu-nodes-0:5321:5321 [1] NCCL INFO GPU Direct RDMA Enabled for GPU/0-536576 (rank 12) - NET/0-4 (distance 4 <= 6, read 0, mode Default)
gpu-nodes-0:5321:5321 [1] NCCL INFO GPU Direct RDMA Enabled for GPU/0-602112 (rank 13) - NET/0-4 ( using PXN via GPU/0-536576, distance 4 <= 6, read 0, mode Default)
gpu-nodes-0:5321:5321 [1] NCCL INFO GPU Direct RDMA Enabled for GPU/0-929792 (rank 14) - NET/0-4 ( using PXN via GPU/0-536576, distance 4 <= 6, read 0, mode Default)
gpu-nodes-0:5321:5321 [1] NCCL INFO GPU Direct RDMA Enabled for GPU/0-995328 (rank 15) - NET/0-4 ( using PXN via GPU/0-536576, distance 4 <= 6, read 0, mode Default)
gpu-nodes-0:5321:5321 [1] NCCL INFO GPU Direct RDMA Enabled for GPU/0-12288 (rank 8) - NET/0-5 ( using PXN via GPU/0-602112, distance 4 <= 6, read 0, mode Default)
gpu-nodes-0:5321:5321 [1] NCCL INFO GPU Direct RDMA Enabled for GPU/0-77824 (rank 9) - NET/0-5 ( using PXN via GPU/0-602112, distance 4 <= 6, read 0, mode Default)
gpu-nodes-0:5321:5321 [1] NCCL INFO GPU Direct RDMA Enabled for GPU/0-405504 (rank 10) - NET/0-5 ( using PXN via GPU/0-602112, distance 4 <= 6, read 0, mode Default)
gpu-nodes-0:5321:5321 [1] NCCL INFO GPU Direct RDMA Enabled for GPU/0-471040 (rank 11) - NET/0-5 ( using PXN via GPU/0-602112, distance 4 <= 6, read 0, mode Default)
gpu-nodes-0:5321:5321 [1] NCCL INFO GPU Direct RDMA Enabled for GPU/0-536576 (rank 12) - NET/0-5 ( using PXN via GPU/0-602112, distance 4 <= 6, read 0, mode Default)
gpu-nodes-0:5321:5321 [1] NCCL INFO GPU Direct RDMA Enabled for GPU/0-602112 (rank 13) - NET/0-5 (distance 4 <= 6, read 0, mode Default)
gpu-nodes-0:5321:5321 [1] NCCL INFO GPU Direct RDMA Enabled for GPU/0-929792 (rank 14) - NET/0-5 ( using PXN via GPU/0-602112, distance 4 <= 6, read 0, mode Default)
gpu-nodes-0:5321:5321 [1] NCCL INFO GPU Direct RDMA Enabled for GPU/0-995328 (rank 15) - NET/0-5 ( using PXN via GPU/0-602112, distance 4 <= 6, read 0, mode Default)
gpu-nodes-0:5321:5321 [1] NCCL INFO GPU Direct RDMA Enabled for GPU/0-12288 (rank 8) - NET/0-12 ( using PXN via GPU/0-929792, distance 4 <= 6, read 0, mode Default)
gpu-nodes-0:5321:5321 [1] NCCL INFO GPU Direct RDMA Enabled for GPU/0-77824 (rank 9) - NET/0-12 ( using PXN via GPU/0-929792, distance 4 <= 6, read 0, mode Default)
gpu-nodes-0:5321:5321 [1] NCCL INFO GPU Direct RDMA Enabled for GPU/0-405504 (rank 10) - NET/0-12 ( using PXN via GPU/0-929792, distance 4 <= 6, read 0, mode Default)
gpu-nodes-0:5321:5321 [1] NCCL INFO GPU Direct RDMA Enabled for GPU/0-471040 (rank 11) - NET/0-12 ( using PXN via GPU/0-929792, distance 4 <= 6, read 0, mode Default)
gpu-nodes-0:5321:5321 [1] NCCL INFO GPU Direct RDMA Enabled for GPU/0-536576 (rank 12) - NET/0-12 ( using PXN via GPU/0-929792, distance 4 <= 6, read 0, mode Default)
gpu-nodes-0:5321:5321 [1] NCCL INFO GPU Direct RDMA Enabled for GPU/0-602112 (rank 13) - NET/0-12 ( using PXN via GPU/0-929792, distance 4 <= 6, read 0, mode Default)
gpu-nodes-0:5321:5321 [1] NCCL INFO GPU Direct RDMA Enabled for GPU/0-929792 (rank 14) - NET/0-12 (distance 4 <= 6, read 0, mode Default)
gpu-nodes-0:5321:5321 [1] NCCL INFO GPU Direct RDMA Enabled for GPU/0-995328 (rank 15) - NET/0-12 ( using PXN via GPU/0-929792, distance 4 <= 6, read 0, mode Default)
gpu-nodes-0:5321:5321 [1] NCCL INFO GPU Direct RDMA Enabled for GPU/0-12288 (rank 8) - NET/0-13 ( using PXN via GPU/0-995328, distance 4 <= 6, read 0, mode Default)
gpu-nodes-0:5321:5321 [1] NCCL INFO GPU Direct RDMA Enabled for GPU/0-77824 (rank 9) - NET/0-13 ( using PXN via GPU/0-995328, distance 4 <= 6, read 0, mode Default)
gpu-nodes-0:5321:5321 [1] NCCL INFO GPU Direct RDMA Enabled for GPU/0-405504 (rank 10) - NET/0-13 ( using PXN via GPU/0-995328, distance 4 <= 6, read 0, mode Default)
gpu-nodes-0:5321:5321 [1] NCCL INFO GPU Direct RDMA Enabled for GPU/0-471040 (rank 11) - NET/0-13 ( using PXN via GPU/0-995328, distance 4 <= 6, read 0, mode Default)
gpu-nodes-0:5321:5321 [1] NCCL INFO GPU Direct RDMA Enabled for GPU/0-536576 (rank 12) - NET/0-13 ( using PXN via GPU/0-995328, distance 4 <= 6, read 0, mode Default)
gpu-nodes-0:5321:5321 [1] NCCL INFO GPU Direct RDMA Enabled for GPU/0-602112 (rank 13) - NET/0-13 ( using PXN via GPU/0-995328, distance 4 <= 6, read 0, mode Default)
gpu-nodes-0:5321:5321 [1] NCCL INFO GPU Direct RDMA Enabled for GPU/0-929792 (rank 14) - NET/0-13 ( using PXN via GPU/0-995328, distance 4 <= 6, read 0, mode Default)
gpu-nodes-0:5321:5321 [1] NCCL INFO GPU Direct RDMA Enabled for GPU/0-995328 (rank 15) - NET/0-13 (distance 4 <= 6, read 0, mode Default)
gpu-nodes-0:5321:5321 [1] NCCL INFO GPU Direct RDMA Enabled for GPU/0-12288 (rank 8) - NET/0-0 (distance 4 <= 6, read 0, mode Default)
gpu-nodes-0:5321:5321 [1] NCCL INFO GPU Direct RDMA Enabled for GPU/0-77824 (rank 9) - NET/0-0 ( using PXN via GPU/0-12288, distance 4 <= 6, read 0, mode Default)
gpu-nodes-0:5321:5321 [1] NCCL INFO GPU Direct RDMA Enabled for GPU/0-405504 (rank 10) - NET/0-0 ( using PXN via GPU/0-12288, distance 4 <= 6, read 0, mode Default)
gpu-nodes-0:5321:5321 [1] NCCL INFO GPU Direct RDMA Enabled for GPU/0-471040 (rank 11) - NET/0-0 ( using PXN via GPU/0-12288, distance 4 <= 6, read 0, mode Default)
gpu-nodes-0:5321:5321 [1] NCCL INFO GPU Direct RDMA Enabled for GPU/0-536576 (rank 12) - NET/0-0 ( using PXN via GPU/0-12288, distance 4 <= 6, read 0, mode Default)
gpu-nodes-0:5321:5321 [1] NCCL INFO GPU Direct RDMA Enabled for GPU/0-602112 (rank 13) - NET/0-0 ( using PXN via GPU/0-12288, distance 4 <= 6, read 0, mode Default)
gpu-nodes-0:5321:5321 [1] NCCL INFO GPU Direct RDMA Enabled for GPU/0-929792 (rank 14) - NET/0-0 ( using PXN via GPU/0-12288, distance 4 <= 6, read 0, mode Default)
gpu-nodes-0:5321:5321 [1] NCCL INFO GPU Direct RDMA Enabled for GPU/0-995328 (rank 15) - NET/0-0 ( using PXN via GPU/0-12288, distance 4 <= 6, read 0, mode Default)
gpu-nodes-0:5321:5321 [1] NCCL INFO GPU Direct RDMA Enabled for GPU/0-12288 (rank 8) - NET/0-1 ( using PXN via GPU/0-77824, distance 4 <= 6, read 0, mode Default)
gpu-nodes-0:5321:5321 [1] NCCL INFO GPU Direct RDMA Enabled for GPU/0-77824 (rank 9) - NET/0-1 (distance 4 <= 6, read 0, mode Default)
gpu-nodes-0:5321:5321 [1] NCCL INFO GPU Direct RDMA Enabled for GPU/0-405504 (rank 10) - NET/0-1 ( using PXN via GPU/0-77824, distance 4 <= 6, read 0, mode Default)
gpu-nodes-0:5321:5321 [1] NCCL INFO GPU Direct RDMA Enabled for GPU/0-471040 (rank 11) - NET/0-1 ( using PXN via GPU/0-77824, distance 4 <= 6, read 0, mode Default)
gpu-nodes-0:5321:5321 [1] NCCL INFO GPU Direct RDMA Enabled for GPU/0-536576 (rank 12) - NET/0-1 ( using PXN via GPU/0-77824, distance 4 <= 6, read 0, mode Default)
gpu-nodes-0:5321:5321 [1] NCCL INFO GPU Direct RDMA Enabled for GPU/0-602112 (rank 13) - NET/0-1 ( using PXN via GPU/0-77824, distance 4 <= 6, read 0, mode Default)
gpu-nodes-0:5321:5321 [1] NCCL INFO GPU Direct RDMA Enabled for GPU/0-929792 (rank 14) - NET/0-1 ( using PXN via GPU/0-77824, distance 4 <= 6, read 0, mode Default)
gpu-nodes-0:5321:5321 [1] NCCL INFO GPU Direct RDMA Enabled for GPU/0-995328 (rank 15) - NET/0-1 ( using PXN via GPU/0-77824, distance 4 <= 6, read 0, mode Default)
gpu-nodes-0:5321:5321 [1] NCCL INFO GPU Direct RDMA Enabled for GPU/0-12288 (rank 8) - NET/0-2 ( using PXN via GPU/0-405504, distance 4 <= 6, read 0, mode Default)
gpu-nodes-0:5321:5321 [1] NCCL INFO GPU Direct RDMA Enabled for GPU/0-77824 (rank 9) - NET/0-2 ( using PXN via GPU/0-405504, distance 4 <= 6, read 0, mode Default)
gpu-nodes-0:5321:5321 [1] NCCL INFO GPU Direct RDMA Enabled for GPU/0-405504 (rank 10) - NET/0-2 (distance 4 <= 6, read 0, mode Default)
gpu-nodes-0:5321:5321 [1] NCCL INFO GPU Direct RDMA Enabled for GPU/0-471040 (rank 11) - NET/0-2 ( using PXN via GPU/0-405504, distance 4 <= 6, read 0, mode Default)
gpu-nodes-0:5321:5321 [1] NCCL INFO GPU Direct RDMA Enabled for GPU/0-536576 (rank 12) - NET/0-2 ( using PXN via GPU/0-405504, distance 4 <= 6, read 0, mode Default)
gpu-nodes-0:5321:5321 [1] NCCL INFO GPU Direct RDMA Enabled for GPU/0-602112 (rank 13) - NET/0-2 ( using PXN via GPU/0-405504, distance 4 <= 6, read 0, mode Default)
gpu-nodes-0:5321:5321 [1] NCCL INFO GPU Direct RDMA Enabled for GPU/0-929792 (rank 14) - NET/0-2 ( using PXN via GPU/0-405504, distance 4 <= 6, read 0, mode Default)
gpu-nodes-0:5321:5321 [1] NCCL INFO GPU Direct RDMA Enabled for GPU/0-995328 (rank 15) - NET/0-2 ( using PXN via GPU/0-405504, distance 4 <= 6, read 0, mode Default)
gpu-nodes-0:5321:5321 [1] NCCL INFO GPU Direct RDMA Enabled for GPU/0-12288 (rank 8) - NET/0-3 ( using PXN via GPU/0-471040, distance 4 <= 6, read 0, mode Default)
gpu-nodes-0:5321:5321 [1] NCCL INFO GPU Direct RDMA Enabled for GPU/0-77824 (rank 9) - NET/0-3 ( using PXN via GPU/0-471040, distance 4 <= 6, read 0, mode Default)
gpu-nodes-0:5321:5321 [1] NCCL INFO GPU Direct RDMA Enabled for GPU/0-405504 (rank 10) - NET/0-3 ( using PXN via GPU/0-471040, distance 4 <= 6, read 0, mode Default)
gpu-nodes-0:5321:5321 [1] NCCL INFO GPU Direct RDMA Enabled for GPU/0-471040 (rank 11) - NET/0-3 (distance 4 <= 6, read 0, mode Default)
gpu-nodes-0:5321:5321 [1] NCCL INFO GPU Direct RDMA Enabled for GPU/0-536576 (rank 12) - NET/0-3 ( using PXN via GPU/0-471040, distance 4 <= 6, read 0, mode Default)
gpu-nodes-0:5321:5321 [1] NCCL INFO GPU Direct RDMA Enabled for GPU/0-602112 (rank 13) - NET/0-3 ( using PXN via GPU/0-471040, distance 4 <= 6, read 0, mode Default)
gpu-nodes-0:5321:5321 [1] NCCL INFO GPU Direct RDMA Enabled for GPU/0-929792 (rank 14) - NET/0-3 ( using PXN via GPU/0-471040, distance 4 <= 6, read 0, mode Default)
gpu-nodes-0:5321:5321 [1] NCCL INFO GPU Direct RDMA Enabled for GPU/0-995328 (rank 15) - NET/0-3 ( using PXN via GPU/0-471040, distance 4 <= 6, read 0, mode Default)
gpu-nodes-0:5321:5321 [1] NCCL INFO GPU Direct RDMA Enabled for GPU/0-12288 (rank 8) - NET/0-4 ( using PXN via GPU/0-536576, distance 4 <= 6, read 0, mode Default)
gpu-nodes-0:5321:5321 [1] NCCL INFO GPU Direct RDMA Enabled for GPU/0-77824 (rank 9) - NET/0-4 ( using PXN via GPU/0-536576, distance 4 <= 6, read 0, mode Default)
gpu-nodes-0:5321:5321 [1] NCCL INFO GPU Direct RDMA Enabled for GPU/0-405504 (rank 10) - NET/0-4 ( using PXN via GPU/0-536576, distance 4 <= 6, read 0, mode Default)
gpu-nodes-0:5321:5321 [1] NCCL INFO GPU Direct RDMA Enabled for GPU/0-471040 (rank 11) - NET/0-4 ( using PXN via GPU/0-536576, distance 4 <= 6, read 0, mode Default)
gpu-nodes-0:5321:5321 [1] NCCL INFO GPU Direct RDMA Enabled for GPU/0-536576 (rank 12) - NET/0-4 (distance 4 <= 6, read 0, mode Default)
gpu-nodes-0:5321:5321 [1] NCCL INFO GPU Direct RDMA Enabled for GPU/0-602112 (rank 13) - NET/0-4 ( using PXN via GPU/0-536576, distance 4 <= 6, read 0, mode Default)
gpu-nodes-0:5321:5321 [1] NCCL INFO GPU Direct RDMA Enabled for GPU/0-929792 (rank 14) - NET/0-4 ( using PXN via GPU/0-536576, distance 4 <= 6, read 0, mode Default)
gpu-nodes-0:5321:5321 [1] NCCL INFO GPU Direct RDMA Enabled for GPU/0-995328 (rank 15) - NET/0-4 ( using PXN via GPU/0-536576, distance 4 <= 6, read 0, mode Default)
gpu-nodes-0:5321:5321 [1] NCCL INFO GPU Direct RDMA Enabled for GPU/0-12288 (rank 8) - NET/0-5 ( using PXN via GPU/0-602112, distance 4 <= 6, read 0, mode Default)
gpu-nodes-0:5321:5321 [1] NCCL INFO GPU Direct RDMA Enabled for GPU/0-77824 (rank 9) - NET/0-5 ( using PXN via GPU/0-602112, distance 4 <= 6, read 0, mode Default)
gpu-nodes-0:5321:5321 [1] NCCL INFO GPU Direct RDMA Enabled for GPU/0-405504 (rank 10) - NET/0-5 ( using PXN via GPU/0-602112, distance 4 <= 6, read 0, mode Default)
gpu-nodes-0:5321:5321 [1] NCCL INFO GPU Direct RDMA Enabled for GPU/0-471040 (rank 11) - NET/0-5 ( using PXN via GPU/0-602112, distance 4 <= 6, read 0, mode Default)
gpu-nodes-0:5321:5321 [1] NCCL INFO GPU Direct RDMA Enabled for GPU/0-536576 (rank 12) - NET/0-5 ( using PXN via GPU/0-602112, distance 4 <= 6, read 0, mode Default)
gpu-nodes-0:5321:5321 [1] NCCL INFO GPU Direct RDMA Enabled for GPU/0-602112 (rank 13) - NET/0-5 (distance 4 <= 6, read 0, mode Default)
gpu-nodes-0:5321:5321 [1] NCCL INFO GPU Direct RDMA Enabled for GPU/0-929792 (rank 14) - NET/0-5 ( using PXN via GPU/0-602112, distance 4 <= 6, read 0, mode Default)
gpu-nodes-0:5321:5321 [1] NCCL INFO GPU Direct RDMA Enabled for GPU/0-995328 (rank 15) - NET/0-5 ( using PXN via GPU/0-602112, distance 4 <= 6, read 0, mode Default)
gpu-nodes-0:5321:5321 [1] NCCL INFO GPU Direct RDMA Enabled for GPU/0-12288 (rank 8) - NET/0-12 ( using PXN via GPU/0-929792, distance 4 <= 6, read 0, mode Default)
gpu-nodes-0:5321:5321 [1] NCCL INFO GPU Direct RDMA Enabled for GPU/0-77824 (rank 9) - NET/0-12 ( using PXN via GPU/0-929792, distance 4 <= 6, read 0, mode Default)
gpu-nodes-0:5321:5321 [1] NCCL INFO GPU Direct RDMA Enabled for GPU/0-405504 (rank 10) - NET/0-12 ( using PXN via GPU/0-929792, distance 4 <= 6, read 0, mode Default)
gpu-nodes-0:5321:5321 [1] NCCL INFO GPU Direct RDMA Enabled for GPU/0-471040 (rank 11) - NET/0-12 ( using PXN via GPU/0-929792, distance 4 <= 6, read 0, mode Default)
gpu-nodes-0:5321:5321 [1] NCCL INFO GPU Direct RDMA Enabled for GPU/0-536576 (rank 12) - NET/0-12 ( using PXN via GPU/0-929792, distance 4 <= 6, read 0, mode Default)
gpu-nodes-0:5321:5321 [1] NCCL INFO GPU Direct RDMA Enabled for GPU/0-602112 (rank 13) - NET/0-12 ( using PXN via GPU/0-929792, distance 4 <= 6, read 0, mode Default)
gpu-nodes-0:5321:5321 [1] NCCL INFO GPU Direct RDMA Enabled for GPU/0-929792 (rank 14) - NET/0-12 (distance 4 <= 6, read 0, mode Default)
gpu-nodes-0:5321:5321 [1] NCCL INFO GPU Direct RDMA Enabled for GPU/0-995328 (rank 15) - NET/0-12 ( using PXN via GPU/0-929792, distance 4 <= 6, read 0, mode Default)
gpu-nodes-0:5321:5321 [1] NCCL INFO GPU Direct RDMA Enabled for GPU/0-12288 (rank 8) - NET/0-13 ( using PXN via GPU/0-995328, distance 4 <= 6, read 0, mode Default)
gpu-nodes-0:5321:5321 [1] NCCL INFO GPU Direct RDMA Enabled for GPU/0-77824 (rank 9) - NET/0-13 ( using PXN via GPU/0-995328, distance 4 <= 6, read 0, mode Default)
gpu-nodes-0:5321:5321 [1] NCCL INFO GPU Direct RDMA Enabled for GPU/0-405504 (rank 10) - NET/0-13 ( using PXN via GPU/0-995328, distance 4 <= 6, read 0, mode Default)
gpu-nodes-0:5321:5321 [1] NCCL INFO GPU Direct RDMA Enabled for GPU/0-471040 (rank 11) - NET/0-13 ( using PXN via GPU/0-995328, distance 4 <= 6, read 0, mode Default)
gpu-nodes-0:5321:5321 [1] NCCL INFO GPU Direct RDMA Enabled for GPU/0-536576 (rank 12) - NET/0-13 ( using PXN via GPU/0-995328, distance 4 <= 6, read 0, mode Default)
gpu-nodes-0:5321:5321 [1] NCCL INFO GPU Direct RDMA Enabled for GPU/0-602112 (rank 13) - NET/0-13 ( using PXN via GPU/0-995328, distance 4 <= 6, read 0, mode Default)
gpu-nodes-0:5321:5321 [1] NCCL INFO GPU Direct RDMA Enabled for GPU/0-929792 (rank 14) - NET/0-13 ( using PXN via GPU/0-995328, distance 4 <= 6, read 0, mode Default)
gpu-nodes-0:5321:5321 [1] NCCL INFO GPU Direct RDMA Enabled for GPU/0-995328 (rank 15) - NET/0-13 (distance 4 <= 6, read 0, mode Default)
gpu-nodes-0:5321:5321 [1] NCCL INFO === System : maxBw 48.0 totalBw 721.8 ===
gpu-nodes-0:5321:5321 [1] NCCL INFO CPU/0-0 (1/2/-1)
gpu-nodes-0:5321:5321 [1] NCCL INFO + PCI[48.0] - PCI/0-1000 (1000c03015d91d72)
gpu-nodes-0:5321:5321 [1] NCCL INFO               + PCI[48.0] - GPU/0-3000 (8)
gpu-nodes-0:5321:5321 [1] NCCL INFO                             + NVL[721.8] - NVS/0-0
gpu-nodes-0:5321:5321 [1] NCCL INFO               + PCI[48.0] - NIC/0-4000
gpu-nodes-0:5321:5321 [1] NCCL INFO                             + NET[50.0] - NET/0-0 (0/b4a2ca0003e60050/1/50.000000)
gpu-nodes-0:5321:5321 [1] NCCL INFO                             + NET[50.0] - GIN/0-0
gpu-nodes-0:5321:5321 [1] NCCL INFO + PCI[48.0] - PCI/0-11000 (1000c03015d91d72)
gpu-nodes-0:5321:5321 [1] NCCL INFO               + PCI[48.0] - NIC/0-14000
gpu-nodes-0:5321:5321 [1] NCCL INFO                             + NET[50.0] - NET/0-1 (0/f49aca0003e60050/1/50.000000)
gpu-nodes-0:5321:5321 [1] NCCL INFO                             + NET[50.0] - GIN/0-1
gpu-nodes-0:5321:5321 [1] NCCL INFO               + PCI[48.0] - GPU/0-13000 (9)
gpu-nodes-0:5321:5321 [1] NCCL INFO                             + NVL[721.8] - NVS/0-0
gpu-nodes-0:5321:5321 [1] NCCL INFO + PCI[48.0] - PCI/0-61000 (1000c03015d91d72)
gpu-nodes-0:5321:5321 [1] NCCL INFO               + PCI[48.0] - NIC/0-64000
gpu-nodes-0:5321:5321 [1] NCCL INFO                             + NET[50.0] - NET/0-2 (0/343cca0003e60050/1/50.000000)
gpu-nodes-0:5321:5321 [1] NCCL INFO                             + NET[50.0] - GIN/0-2
gpu-nodes-0:5321:5321 [1] NCCL INFO               + PCI[48.0] - GPU/0-63000 (10)
gpu-nodes-0:5321:5321 [1] NCCL INFO                             + NVL[721.8] - NVS/0-0
gpu-nodes-0:5321:5321 [1] NCCL INFO + PCI[48.0] - PCI/0-71000 (1000c03015d91d72)
gpu-nodes-0:5321:5321 [1] NCCL INFO               + PCI[48.0] - NIC/0-74000
gpu-nodes-0:5321:5321 [1] NCCL INFO                             + NET[50.0] - NET/0-3 (0/49bca0003e60050/1/50.000000)
gpu-nodes-0:5321:5321 [1] NCCL INFO                             + NET[50.0] - GIN/0-3
gpu-nodes-0:5321:5321 [1] NCCL INFO               + PCI[48.0] - GPU/0-73000 (11)
gpu-nodes-0:5321:5321 [1] NCCL INFO                             + NVL[721.8] - NVS/0-0
gpu-nodes-0:5321:5321 [1] NCCL INFO + SYS[16.0] - CPU/0-1
gpu-nodes-0:5321:5321 [1] NCCL INFO CPU/0-1 (1/2/-1)
gpu-nodes-0:5321:5321 [1] NCCL INFO + PCI[48.0] - PCI/0-81000 (1000c03015d91d72)
gpu-nodes-0:5321:5321 [1] NCCL INFO               + PCI[48.0] - NIC/0-84000
gpu-nodes-0:5321:5321 [1] NCCL INFO                             + NET[50.0] - NET/0-4 (0/2ca2ca0003e60050/1/50.000000)
gpu-nodes-0:5321:5321 [1] NCCL INFO                             + NET[50.0] - GIN/0-4
gpu-nodes-0:5321:5321 [1] NCCL INFO               + PCI[48.0] - GPU/0-83000 (12)
gpu-nodes-0:5321:5321 [1] NCCL INFO                             + NVL[721.8] - NVS/0-0
gpu-nodes-0:5321:5321 [1] NCCL INFO + PCI[48.0] - PCI/0-91000 (1000c03015d91d72)
gpu-nodes-0:5321:5321 [1] NCCL INFO               + PCI[48.0] - NIC/0-94000
gpu-nodes-0:5321:5321 [1] NCCL INFO                             + NET[50.0] - NET/0-5 (0/c9bca0003e60050/1/50.000000)
gpu-nodes-0:5321:5321 [1] NCCL INFO                             + NET[50.0] - GIN/0-5
gpu-nodes-0:5321:5321 [1] NCCL INFO               + PCI[48.0] - GPU/0-93000 (13)
gpu-nodes-0:5321:5321 [1] NCCL INFO                             + NVL[721.8] - NVS/0-0
gpu-nodes-0:5321:5321 [1] NCCL INFO + PCI[48.0] - NIC/0-c1000
gpu-nodes-0:5321:5321 [1] NCCL INFO               + NET[50.0] - NET/0-e (0/a20fb90003bd70c4/1/50.000000)
gpu-nodes-0:5321:5321 [1] NCCL INFO               + NET[25.0] - NET/0-6 (0/a20fb90003bd70c4/1/25.000000)
gpu-nodes-0:5321:5321 [1] NCCL INFO               + NET[25.0] - GIN/0-6
gpu-nodes-0:5321:5321 [1] NCCL INFO               + NET[25.0] - NET/0-7 (0/a20fb90003bd70c4/2/25.000000)
gpu-nodes-0:5321:5321 [1] NCCL INFO               + NET[25.0] - GIN/0-7
gpu-nodes-0:5321:5321 [1] NCCL INFO + PCI[48.0] - PCI/0-e1000 (1000c03015d91d72)
gpu-nodes-0:5321:5321 [1] NCCL INFO               + PCI[48.0] - NIC/0-e4000
gpu-nodes-0:5321:5321 [1] NCCL INFO                             + NET[50.0] - NET/0-c (0/cca2ca0003e60050/1/50.000000)
gpu-nodes-0:5321:5321 [1] NCCL INFO                             + NET[50.0] - GIN/0-c
gpu-nodes-0:5321:5321 [1] NCCL INFO               + PCI[48.0] - GPU/0-e3000 (14)
gpu-nodes-0:5321:5321 [1] NCCL INFO                             + NVL[721.8] - NVS/0-0
gpu-nodes-0:5321:5321 [1] NCCL INFO + PCI[48.0] - PCI/0-f1000 (1000c03015d91d72)
gpu-nodes-0:5321:5321 [1] NCCL INFO               + PCI[48.0] - NIC/0-f4000
gpu-nodes-0:5321:5321 [1] NCCL INFO                             + NET[50.0] - NET/0-d (0/ec9aca0003e60050/1/50.000000)
gpu-nodes-0:5321:5321 [1] NCCL INFO                             + NET[50.0] - GIN/0-d
gpu-nodes-0:5321:5321 [1] NCCL INFO               + PCI[48.0] - GPU/0-f3000 (15)
gpu-nodes-0:5321:5321 [1] NCCL INFO                             + NVL[721.8] - NVS/0-0
gpu-nodes-0:5321:5321 [1] NCCL INFO + SYS[16.0] - CPU/0-0
gpu-nodes-0:5321:5321 [1] NCCL INFO + PCI[1.5] - NIC/0-d2000
gpu-nodes-0:5321:5321 [1] NCCL INFO              + NET[50.0] - NET/0-f (0/1e62300003098c7c/1/50.000000)
gpu-nodes-0:5321:5321 [1] NCCL INFO              + NET[12.5] - NET/0-8 (0/1e62300003098c7c/1/12.500000)
gpu-nodes-0:5321:5321 [1] NCCL INFO              + NET[12.5] - GIN/0-8
gpu-nodes-0:5321:5321 [1] NCCL INFO              + NET[12.5] - NET/0-9 (0/1e62300003098c7c/2/12.500000)
gpu-nodes-0:5321:5321 [1] NCCL INFO              + NET[12.5] - GIN/0-9
gpu-nodes-0:5321:5321 [1] NCCL INFO              + NET[12.5] - NET/0-a (0/1e62300003098c7c/3/12.500000)
gpu-nodes-0:5321:5321 [1] NCCL INFO              + NET[12.5] - GIN/0-a
gpu-nodes-0:5321:5321 [1] NCCL INFO              + NET[12.5] - NET/0-b (0/1e62300003098c7c/4/12.500000)
gpu-nodes-0:5321:5321 [1] NCCL INFO              + NET[12.5] - GIN/0-b
gpu-nodes-0:5321:5321 [1] NCCL INFO ==========================================
gpu-nodes-0:5321:5321 [1] NCCL INFO GPU/0-3000 :GPU/0-3000 (0/5000.0/LOC) GPU/0-13000 (2/721.8/NVL) GPU/0-63000 (2/721.8/NVL) GPU/0-73000 (2/721.8/NVL) GPU/0-83000 (2/721.8/NVL) GPU/0-93000 (2/721.8/NVL) GPU/0-e3000 (2/721.8/NVL) GPU/0-f3000 (2/721.8/NVL) NVS/0-0 (1/721.8/NVL) CPU/0-0 (2/48.0/PHB) CPU/0-1 (3/16.0/SYS) NET/0-0 (3/48.0/PIX) NET/0-1 (5/48.0/PXN) NET/0-2 (5/48.0/PXN) NET/0-3 (5/48.0/PXN) NET/0-4 (5/48.0/PXN) NET/0-5 (5/48.0/PXN) NET/0-6 (5/16.0/SYS) NET/0-7 (5/16.0/SYS) NET/0-e (5/16.0/SYS) NET/0-8 (5/1.5/SYS) NET/0-9 (5/1.5/SYS) NET/0-a (5/1.5/SYS) NET/0-b (5/1.5/SYS) NET/0-f (5/1.5/SYS) NET/0-c (5/48.0/PXN) NET/0-d (5/48.0/PXN) GIN/0-0 (3/48.0/PIX) GIN/0-1 (5/48.0/PHB) GIN/0-2 (5/48.0/PHB) GIN/0-3 (5/48.0/PHB) GIN/0-4 (6/16.0/SYS) GIN/0-5 (6/16.0/SYS) GIN/0-6 (5/16.0/SYS) GIN/0-7 (5/16.0/SYS) GIN/0-8 (5/1.5/SYS) GIN/0-9 (5/1.5/SYS) GIN/0-a (5/1.5/SYS) GIN/0-b (5/1.5/SYS) GIN/0-c (6/16.0/SYS) GIN/0-d (6/16.0/SYS) 
gpu-nodes-0:5321:5321 [1] NCCL INFO GPU/0-13000 :GPU/0-3000 (2/721.8/NVL) GPU/0-13000 (0/5000.0/LOC) GPU/0-63000 (2/721.8/NVL) GPU/0-73000 (2/721.8/NVL) GPU/0-83000 (2/721.8/NVL) GPU/0-93000 (2/721.8/NVL) GPU/0-e3000 (2/721.8/NVL) GPU/0-f3000 (2/721.8/NVL) NVS/0-0 (1/721.8/NVL) CPU/0-0 (2/48.0/PHB) CPU/0-1 (3/16.0/SYS) NET/0-0 (5/48.0/PXN) NET/0-1 (3/48.0/PIX) NET/0-2 (5/48.0/PXN) NET/0-3 (5/48.0/PXN) NET/0-4 (5/48.0/PXN) NET/0-5 (5/48.0/PXN) NET/0-6 (5/16.0/SYS) NET/0-7 (5/16.0/SYS) NET/0-e (5/16.0/SYS) NET/0-8 (5/1.5/SYS) NET/0-9 (5/1.5/SYS) NET/0-a (5/1.5/SYS) NET/0-b (5/1.5/SYS) NET/0-f (5/1.5/SYS) NET/0-c (5/48.0/PXN) NET/0-d (5/48.0/PXN) GIN/0-0 (5/48.0/PHB) GIN/0-1 (3/48.0/PIX) GIN/0-2 (5/48.0/PHB) GIN/0-3 (5/48.0/PHB) GIN/0-4 (6/16.0/SYS) GIN/0-5 (6/16.0/SYS) GIN/0-6 (5/16.0/SYS) GIN/0-7 (5/16.0/SYS) GIN/0-8 (5/1.5/SYS) GIN/0-9 (5/1.5/SYS) GIN/0-a (5/1.5/SYS) GIN/0-b (5/1.5/SYS) GIN/0-c (6/16.0/SYS) GIN/0-d (6/16.0/SYS) 
gpu-nodes-0:5321:5321 [1] NCCL INFO GPU/0-63000 :GPU/0-3000 (2/721.8/NVL) GPU/0-13000 (2/721.8/NVL) GPU/0-63000 (0/5000.0/LOC) GPU/0-73000 (2/721.8/NVL) GPU/0-83000 (2/721.8/NVL) GPU/0-93000 (2/721.8/NVL) GPU/0-e3000 (2/721.8/NVL) GPU/0-f3000 (2/721.8/NVL) NVS/0-0 (1/721.8/NVL) CPU/0-0 (2/48.0/PHB) CPU/0-1 (3/16.0/SYS) NET/0-0 (5/48.0/PXN) NET/0-1 (5/48.0/PXN) NET/0-2 (3/48.0/PIX) NET/0-3 (5/48.0/PXN) NET/0-4 (5/48.0/PXN) NET/0-5 (5/48.0/PXN) NET/0-6 (5/16.0/SYS) NET/0-7 (5/16.0/SYS) NET/0-e (5/16.0/SYS) NET/0-8 (5/1.5/SYS) NET/0-9 (5/1.5/SYS) NET/0-a (5/1.5/SYS) NET/0-b (5/1.5/SYS) NET/0-f (5/1.5/SYS) NET/0-c (5/48.0/PXN) NET/0-d (5/48.0/PXN) GIN/0-0 (5/48.0/PHB) GIN/0-1 (5/48.0/PHB) GIN/0-2 (3/48.0/PIX) GIN/0-3 (5/48.0/PHB) GIN/0-4 (6/16.0/SYS) GIN/0-5 (6/16.0/SYS) GIN/0-6 (5/16.0/SYS) GIN/0-7 (5/16.0/SYS) GIN/0-8 (5/1.5/SYS) GIN/0-9 (5/1.5/SYS) GIN/0-a (5/1.5/SYS) GIN/0-b (5/1.5/SYS) GIN/0-c (6/16.0/SYS) GIN/0-d (6/16.0/SYS) 
gpu-nodes-0:5321:5321 [1] NCCL INFO GPU/0-73000 :GPU/0-3000 (2/721.8/NVL) GPU/0-13000 (2/721.8/NVL) GPU/0-63000 (2/721.8/NVL) GPU/0-73000 (0/5000.0/LOC) GPU/0-83000 (2/721.8/NVL) GPU/0-93000 (2/721.8/NVL) GPU/0-e3000 (2/721.8/NVL) GPU/0-f3000 (2/721.8/NVL) NVS/0-0 (1/721.8/NVL) CPU/0-0 (2/48.0/PHB) CPU/0-1 (3/16.0/SYS) NET/0-0 (5/48.0/PXN) NET/0-1 (5/48.0/PXN) NET/0-2 (5/48.0/PXN) NET/0-3 (3/48.0/PIX) NET/0-4 (5/48.0/PXN) NET/0-5 (5/48.0/PXN) NET/0-6 (5/16.0/SYS) NET/0-7 (5/16.0/SYS) NET/0-e (5/16.0/SYS) NET/0-8 (5/1.5/SYS) NET/0-9 (5/1.5/SYS) NET/0-a (5/1.5/SYS) NET/0-b (5/1.5/SYS) NET/0-f (5/1.5/SYS) NET/0-c (5/48.0/PXN) NET/0-d (5/48.0/PXN) GIN/0-0 (5/48.0/PHB) GIN/0-1 (5/48.0/PHB) GIN/0-2 (5/48.0/PHB) GIN/0-3 (3/48.0/PIX) GIN/0-4 (6/16.0/SYS) GIN/0-5 (6/16.0/SYS) GIN/0-6 (5/16.0/SYS) GIN/0-7 (5/16.0/SYS) GIN/0-8 (5/1.5/SYS) GIN/0-9 (5/1.5/SYS) GIN/0-a (5/1.5/SYS) GIN/0-b (5/1.5/SYS) GIN/0-c (6/16.0/SYS) GIN/0-d (6/16.0/SYS) 
gpu-nodes-0:5321:5321 [1] NCCL INFO GPU/0-83000 :GPU/0-3000 (2/721.8/NVL) GPU/0-13000 (2/721.8/NVL) GPU/0-63000 (2/721.8/NVL) GPU/0-73000 (2/721.8/NVL) GPU/0-83000 (0/5000.0/LOC) GPU/0-93000 (2/721.8/NVL) GPU/0-e3000 (2/721.8/NVL) GPU/0-f3000 (2/721.8/NVL) NVS/0-0 (1/721.8/NVL) CPU/0-0 (3/16.0/SYS) CPU/0-1 (2/48.0/PHB) NET/0-0 (5/48.0/PXN) NET/0-1 (5/48.0/PXN) NET/0-2 (5/48.0/PXN) NET/0-3 (5/48.0/PXN) NET/0-4 (3/48.0/PIX) NET/0-5 (5/48.0/PXN) NET/0-6 (4/25.0/PHB) NET/0-7 (4/25.0/PHB) NET/0-e (4/48.0/PHB) NET/0-8 (4/1.5/PHB) NET/0-9 (4/1.5/PHB) NET/0-a (4/1.5/PHB) NET/0-b (4/1.5/PHB) NET/0-f (4/1.5/PHB) NET/0-c (5/48.0/PXN) NET/0-d (5/48.0/PXN) GIN/0-0 (6/16.0/SYS) GIN/0-1 (6/16.0/SYS) GIN/0-2 (6/16.0/SYS) GIN/0-3 (6/16.0/SYS) GIN/0-4 (3/48.0/PIX) GIN/0-5 (5/48.0/PHB) GIN/0-6 (4/25.0/PHB) GIN/0-7 (4/25.0/PHB) GIN/0-8 (4/1.5/PHB) GIN/0-9 (4/1.5/PHB) GIN/0-a (4/1.5/PHB) GIN/0-b (4/1.5/PHB) GIN/0-c (5/48.0/PHB) GIN/0-d (5/48.0/PHB) 
gpu-nodes-0:5321:5321 [1] NCCL INFO GPU/0-93000 :GPU/0-3000 (2/721.8/NVL) GPU/0-13000 (2/721.8/NVL) GPU/0-63000 (2/721.8/NVL) GPU/0-73000 (2/721.8/NVL) GPU/0-83000 (2/721.8/NVL) GPU/0-93000 (0/5000.0/LOC) GPU/0-e3000 (2/721.8/NVL) GPU/0-f3000 (2/721.8/NVL) NVS/0-0 (1/721.8/NVL) CPU/0-0 (3/16.0/SYS) CPU/0-1 (2/48.0/PHB) NET/0-0 (5/48.0/PXN) NET/0-1 (5/48.0/PXN) NET/0-2 (5/48.0/PXN) NET/0-3 (5/48.0/PXN) NET/0-4 (5/48.0/PXN) NET/0-5 (3/48.0/PIX) NET/0-6 (4/25.0/PHB) NET/0-7 (4/25.0/PHB) NET/0-e (4/48.0/PHB) NET/0-8 (4/1.5/PHB) NET/0-9 (4/1.5/PHB) NET/0-a (4/1.5/PHB) NET/0-b (4/1.5/PHB) NET/0-f (4/1.5/PHB) NET/0-c (5/48.0/PXN) NET/0-d (5/48.0/PXN) GIN/0-0 (6/16.0/SYS) GIN/0-1 (6/16.0/SYS) GIN/0-2 (6/16.0/SYS) GIN/0-3 (6/16.0/SYS) GIN/0-4 (5/48.0/PHB) GIN/0-5 (3/48.0/PIX) GIN/0-6 (4/25.0/PHB) GIN/0-7 (4/25.0/PHB) GIN/0-8 (4/1.5/PHB) GIN/0-9 (4/1.5/PHB) GIN/0-a (4/1.5/PHB) GIN/0-b (4/1.5/PHB) GIN/0-c (5/48.0/PHB) GIN/0-d (5/48.0/PHB) 
gpu-nodes-0:5321:5321 [1] NCCL INFO GPU/0-e3000 :GPU/0-3000 (2/721.8/NVL) GPU/0-13000 (2/721.8/NVL) GPU/0-63000 (2/721.8/NVL) GPU/0-73000 (2/721.8/NVL) GPU/0-83000 (2/721.8/NVL) GPU/0-93000 (2/721.8/NVL) GPU/0-e3000 (0/5000.0/LOC) GPU/0-f3000 (2/721.8/NVL) NVS/0-0 (1/721.8/NVL) CPU/0-0 (3/16.0/SYS) CPU/0-1 (2/48.0/PHB) NET/0-0 (5/48.0/PXN) NET/0-1 (5/48.0/PXN) NET/0-2 (5/48.0/PXN) NET/0-3 (5/48.0/PXN) NET/0-4 (5/48.0/PXN) NET/0-5 (5/48.0/PXN) NET/0-6 (4/25.0/PHB) NET/0-7 (4/25.0/PHB) NET/0-e (4/48.0/PHB) NET/0-8 (4/1.5/PHB) NET/0-9 (4/1.5/PHB) NET/0-a (4/1.5/PHB) NET/0-b (4/1.5/PHB) NET/0-f (4/1.5/PHB) NET/0-c (3/48.0/PIX) NET/0-d (5/48.0/PXN) GIN/0-0 (6/16.0/SYS) GIN/0-1 (6/16.0/SYS) GIN/0-2 (6/16.0/SYS) GIN/0-3 (6/16.0/SYS) GIN/0-4 (5/48.0/PHB) GIN/0-5 (5/48.0/PHB) GIN/0-6 (4/25.0/PHB) GIN/0-7 (4/25.0/PHB) GIN/0-8 (4/1.5/PHB) GIN/0-9 (4/1.5/PHB) GIN/0-a (4/1.5/PHB) GIN/0-b (4/1.5/PHB) GIN/0-c (3/48.0/PIX) GIN/0-d (5/48.0/PHB) 
gpu-nodes-0:5321:5321 [1] NCCL INFO GPU/0-f3000 :GPU/0-3000 (2/721.8/NVL) GPU/0-13000 (2/721.8/NVL) GPU/0-63000 (2/721.8/NVL) GPU/0-73000 (2/721.8/NVL) GPU/0-83000 (2/721.8/NVL) GPU/0-93000 (2/721.8/NVL) GPU/0-e3000 (2/721.8/NVL) GPU/0-f3000 (0/5000.0/LOC) NVS/0-0 (1/721.8/NVL) CPU/0-0 (3/16.0/SYS) CPU/0-1 (2/48.0/PHB) NET/0-0 (5/48.0/PXN) NET/0-1 (5/48.0/PXN) NET/0-2 (5/48.0/PXN) NET/0-3 (5/48.0/PXN) NET/0-4 (5/48.0/PXN) NET/0-5 (5/48.0/PXN) NET/0-6 (4/25.0/PHB) NET/0-7 (4/25.0/PHB) NET/0-e (4/48.0/PHB) NET/0-8 (4/1.5/PHB) NET/0-9 (4/1.5/PHB) NET/0-a (4/1.5/PHB) NET/0-b (4/1.5/PHB) NET/0-f (4/1.5/PHB) NET/0-c (5/48.0/PXN) NET/0-d (3/48.0/PIX) GIN/0-0 (6/16.0/SYS) GIN/0-1 (6/16.0/SYS) GIN/0-2 (6/16.0/SYS) GIN/0-3 (6/16.0/SYS) GIN/0-4 (5/48.0/PHB) GIN/0-5 (5/48.0/PHB) GIN/0-6 (4/25.0/PHB) GIN/0-7 (4/25.0/PHB) GIN/0-8 (4/1.5/PHB) GIN/0-9 (4/1.5/PHB) GIN/0-a (4/1.5/PHB) GIN/0-b (4/1.5/PHB) GIN/0-c (5/48.0/PHB) GIN/0-d (3/48.0/PIX) 
gpu-nodes-0:5321:5321 [1] NCCL INFO NET/0-0 :GPU/0-3000 (3/48.0/PIX) GPU/0-13000 (5/48.0/PHB) GPU/0-63000 (5/48.0/PHB) GPU/0-73000 (5/48.0/PHB) GPU/0-83000 (6/16.0/SYS) GPU/0-93000 (6/16.0/SYS) GPU/0-e3000 (6/16.0/SYS) GPU/0-f3000 (6/16.0/SYS) CPU/0-0 (3/48.0/PHB) CPU/0-1 (4/16.0/SYS) NET/0-0 (0/5000.0/LOC) NET/0-1 (6/48.0/PHB) NET/0-2 (6/48.0/PHB) NET/0-3 (6/48.0/PHB) NET/0-4 (7/16.0/SYS) NET/0-5 (7/16.0/SYS) NET/0-6 (6/16.0/SYS) NET/0-7 (6/16.0/SYS) NET/0-e (6/16.0/SYS) NET/0-8 (6/1.5/SYS) NET/0-9 (6/1.5/SYS) NET/0-a (6/1.5/SYS) NET/0-b (6/1.5/SYS) NET/0-f (6/1.5/SYS) NET/0-c (7/16.0/SYS) NET/0-d (7/16.0/SYS) GIN/0-0 (2/50.0/LOC) GIN/0-1 (6/48.0/PHB) GIN/0-2 (6/48.0/PHB) GIN/0-3 (6/48.0/PHB) GIN/0-4 (7/16.0/SYS) GIN/0-5 (7/16.0/SYS) GIN/0-6 (6/16.0/SYS) GIN/0-7 (6/16.0/SYS) GIN/0-8 (6/1.5/SYS) GIN/0-9 (6/1.5/SYS) GIN/0-a (6/1.5/SYS) GIN/0-b (6/1.5/SYS) GIN/0-c (7/16.0/SYS) GIN/0-d (7/16.0/SYS) 
gpu-nodes-0:5321:5321 [1] NCCL INFO NET/0-1 :GPU/0-3000 (5/48.0/PHB) GPU/0-13000 (3/48.0/PIX) GPU/0-63000 (5/48.0/PHB) GPU/0-73000 (5/48.0/PHB) GPU/0-83000 (6/16.0/SYS) GPU/0-93000 (6/16.0/SYS) GPU/0-e3000 (6/16.0/SYS) GPU/0-f3000 (6/16.0/SYS) CPU/0-0 (3/48.0/PHB) CPU/0-1 (4/16.0/SYS) NET/0-0 (6/48.0/PHB) NET/0-1 (0/5000.0/LOC) NET/0-2 (6/48.0/PHB) NET/0-3 (6/48.0/PHB) NET/0-4 (7/16.0/SYS) NET/0-5 (7/16.0/SYS) NET/0-6 (6/16.0/SYS) NET/0-7 (6/16.0/SYS) NET/0-e (6/16.0/SYS) NET/0-8 (6/1.5/SYS) NET/0-9 (6/1.5/SYS) NET/0-a (6/1.5/SYS) NET/0-b (6/1.5/SYS) NET/0-f (6/1.5/SYS) NET/0-c (7/16.0/SYS) NET/0-d (7/16.0/SYS) GIN/0-0 (6/48.0/PHB) GIN/0-1 (2/50.0/LOC) GIN/0-2 (6/48.0/PHB) GIN/0-3 (6/48.0/PHB) GIN/0-4 (7/16.0/SYS) GIN/0-5 (7/16.0/SYS) GIN/0-6 (6/16.0/SYS) GIN/0-7 (6/16.0/SYS) GIN/0-8 (6/1.5/SYS) GIN/0-9 (6/1.5/SYS) GIN/0-a (6/1.5/SYS) GIN/0-b (6/1.5/SYS) GIN/0-c (7/16.0/SYS) GIN/0-d (7/16.0/SYS) 
gpu-nodes-0:5321:5321 [1] NCCL INFO NET/0-2 :GPU/0-3000 (5/48.0/PHB) GPU/0-13000 (5/48.0/PHB) GPU/0-63000 (3/48.0/PIX) GPU/0-73000 (5/48.0/PHB) GPU/0-83000 (6/16.0/SYS) GPU/0-93000 (6/16.0/SYS) GPU/0-e3000 (6/16.0/SYS) GPU/0-f3000 (6/16.0/SYS) CPU/0-0 (3/48.0/PHB) CPU/0-1 (4/16.0/SYS) NET/0-0 (6/48.0/PHB) NET/0-1 (6/48.0/PHB) NET/0-2 (0/5000.0/LOC) NET/0-3 (6/48.0/PHB) NET/0-4 (7/16.0/SYS) NET/0-5 (7/16.0/SYS) NET/0-6 (6/16.0/SYS) NET/0-7 (6/16.0/SYS) NET/0-e (6/16.0/SYS) NET/0-8 (6/1.5/SYS) NET/0-9 (6/1.5/SYS) NET/0-a (6/1.5/SYS) NET/0-b (6/1.5/SYS) NET/0-f (6/1.5/SYS) NET/0-c (7/16.0/SYS) NET/0-d (7/16.0/SYS) GIN/0-0 (6/48.0/PHB) GIN/0-1 (6/48.0/PHB) GIN/0-2 (2/50.0/LOC) GIN/0-3 (6/48.0/PHB) GIN/0-4 (7/16.0/SYS) GIN/0-5 (7/16.0/SYS) GIN/0-6 (6/16.0/SYS) GIN/0-7 (6/16.0/SYS) GIN/0-8 (6/1.5/SYS) GIN/0-9 (6/1.5/SYS) GIN/0-a (6/1.5/SYS) GIN/0-b (6/1.5/SYS) GIN/0-c (7/16.0/SYS) GIN/0-d (7/16.0/SYS) 
gpu-nodes-0:5321:5321 [1] NCCL INFO NET/0-3 :GPU/0-3000 (5/48.0/PHB) GPU/0-13000 (5/48.0/PHB) GPU/0-63000 (5/48.0/PHB) GPU/0-73000 (3/48.0/PIX) GPU/0-83000 (6/16.0/SYS) GPU/0-93000 (6/16.0/SYS) GPU/0-e3000 (6/16.0/SYS) GPU/0-f3000 (6/16.0/SYS) CPU/0-0 (3/48.0/PHB) CPU/0-1 (4/16.0/SYS) NET/0-0 (6/48.0/PHB) NET/0-1 (6/48.0/PHB) NET/0-2 (6/48.0/PHB) NET/0-3 (0/5000.0/LOC) NET/0-4 (7/16.0/SYS) NET/0-5 (7/16.0/SYS) NET/0-6 (6/16.0/SYS) NET/0-7 (6/16.0/SYS) NET/0-e (6/16.0/SYS) NET/0-8 (6/1.5/SYS) NET/0-9 (6/1.5/SYS) NET/0-a (6/1.5/SYS) NET/0-b (6/1.5/SYS) NET/0-f (6/1.5/SYS) NET/0-c (7/16.0/SYS) NET/0-d (7/16.0/SYS) GIN/0-0 (6/48.0/PHB) GIN/0-1 (6/48.0/PHB) GIN/0-2 (6/48.0/PHB) GIN/0-3 (2/50.0/LOC) GIN/0-4 (7/16.0/SYS) GIN/0-5 (7/16.0/SYS) GIN/0-6 (6/16.0/SYS) GIN/0-7 (6/16.0/SYS) GIN/0-8 (6/1.5/SYS) GIN/0-9 (6/1.5/SYS) GIN/0-a (6/1.5/SYS) GIN/0-b (6/1.5/SYS) GIN/0-c (7/16.0/SYS) GIN/0-d (7/16.0/SYS) 
gpu-nodes-0:5321:5321 [1] NCCL INFO NET/0-4 :GPU/0-3000 (6/16.0/SYS) GPU/0-13000 (6/16.0/SYS) GPU/0-63000 (6/16.0/SYS) GPU/0-73000 (6/16.0/SYS) GPU/0-83000 (3/48.0/PIX) GPU/0-93000 (5/48.0/PHB) GPU/0-e3000 (5/48.0/PHB) GPU/0-f3000 (5/48.0/PHB) CPU/0-0 (4/16.0/SYS) CPU/0-1 (3/48.0/PHB) NET/0-0 (7/16.0/SYS) NET/0-1 (7/16.0/SYS) NET/0-2 (7/16.0/SYS) NET/0-3 (7/16.0/SYS) NET/0-4 (0/5000.0/LOC) NET/0-5 (6/48.0/PHB) NET/0-6 (5/25.0/PHB) NET/0-7 (5/25.0/PHB) NET/0-e (5/48.0/PHB) NET/0-8 (5/1.5/PHB) NET/0-9 (5/1.5/PHB) NET/0-a (5/1.5/PHB) NET/0-b (5/1.5/PHB) NET/0-f (5/1.5/PHB) NET/0-c (6/48.0/PHB) NET/0-d (6/48.0/PHB) GIN/0-0 (7/16.0/SYS) GIN/0-1 (7/16.0/SYS) GIN/0-2 (7/16.0/SYS) GIN/0-3 (7/16.0/SYS) GIN/0-4 (2/50.0/LOC) GIN/0-5 (6/48.0/PHB) GIN/0-6 (5/25.0/PHB) GIN/0-7 (5/25.0/PHB) GIN/0-8 (5/1.5/PHB) GIN/0-9 (5/1.5/PHB) GIN/0-a (5/1.5/PHB) GIN/0-b (5/1.5/PHB) GIN/0-c (6/48.0/PHB) GIN/0-d (6/48.0/PHB) 
gpu-nodes-0:5321:5321 [1] NCCL INFO NET/0-5 :GPU/0-3000 (6/16.0/SYS) GPU/0-13000 (6/16.0/SYS) GPU/0-63000 (6/16.0/SYS) GPU/0-73000 (6/16.0/SYS) GPU/0-83000 (5/48.0/PHB) GPU/0-93000 (3/48.0/PIX) GPU/0-e3000 (5/48.0/PHB) GPU/0-f3000 (5/48.0/PHB) CPU/0-0 (4/16.0/SYS) CPU/0-1 (3/48.0/PHB) NET/0-0 (7/16.0/SYS) NET/0-1 (7/16.0/SYS) NET/0-2 (7/16.0/SYS) NET/0-3 (7/16.0/SYS) NET/0-4 (6/48.0/PHB) NET/0-5 (0/5000.0/LOC) NET/0-6 (5/25.0/PHB) NET/0-7 (5/25.0/PHB) NET/0-e (5/48.0/PHB) NET/0-8 (5/1.5/PHB) NET/0-9 (5/1.5/PHB) NET/0-a (5/1.5/PHB) NET/0-b (5/1.5/PHB) NET/0-f (5/1.5/PHB) NET/0-c (6/48.0/PHB) NET/0-d (6/48.0/PHB) GIN/0-0 (7/16.0/SYS) GIN/0-1 (7/16.0/SYS) GIN/0-2 (7/16.0/SYS) GIN/0-3 (7/16.0/SYS) GIN/0-4 (6/48.0/PHB) GIN/0-5 (2/50.0/LOC) GIN/0-6 (5/25.0/PHB) GIN/0-7 (5/25.0/PHB) GIN/0-8 (5/1.5/PHB) GIN/0-9 (5/1.5/PHB) GIN/0-a (5/1.5/PHB) GIN/0-b (5/1.5/PHB) GIN/0-c (6/48.0/PHB) GIN/0-d (6/48.0/PHB) 
gpu-nodes-0:5321:5321 [1] NCCL INFO NET/0-6 :GPU/0-3000 (5/16.0/SYS) GPU/0-13000 (5/16.0/SYS) GPU/0-63000 (5/16.0/SYS) GPU/0-73000 (5/16.0/SYS) GPU/0-83000 (4/25.0/PHB) GPU/0-93000 (4/25.0/PHB) GPU/0-e3000 (4/25.0/PHB) GPU/0-f3000 (4/25.0/PHB) CPU/0-0 (3/16.0/SYS) CPU/0-1 (2/25.0/PHB) NET/0-0 (6/16.0/SYS) NET/0-1 (6/16.0/SYS) NET/0-2 (6/16.0/SYS) NET/0-3 (6/16.0/SYS) NET/0-4 (5/25.0/PHB) NET/0-5 (5/25.0/PHB) NET/0-6 (0/5000.0/LOC) NET/0-7 (2/25.0/LOC) NET/0-e (2/25.0/LOC) NET/0-8 (4/1.5/PHB) NET/0-9 (4/1.5/PHB) NET/0-a (4/1.5/PHB) NET/0-b (4/1.5/PHB) NET/0-f (4/1.5/PHB) NET/0-c (5/25.0/PHB) NET/0-d (5/25.0/PHB) GIN/0-0 (6/16.0/SYS) GIN/0-1 (6/16.0/SYS) GIN/0-2 (6/16.0/SYS) GIN/0-3 (6/16.0/SYS) GIN/0-4 (5/25.0/PHB) GIN/0-5 (5/25.0/PHB) GIN/0-6 (2/25.0/LOC) GIN/0-7 (2/25.0/LOC) GIN/0-8 (4/1.5/PHB) GIN/0-9 (4/1.5/PHB) GIN/0-a (4/1.5/PHB) GIN/0-b (4/1.5/PHB) GIN/0-c (5/25.0/PHB) GIN/0-d (5/25.0/PHB) 
gpu-nodes-0:5321:5321 [1] NCCL INFO NET/0-7 :GPU/0-3000 (5/16.0/SYS) GPU/0-13000 (5/16.0/SYS) GPU/0-63000 (5/16.0/SYS) GPU/0-73000 (5/16.0/SYS) GPU/0-83000 (4/25.0/PHB) GPU/0-93000 (4/25.0/PHB) GPU/0-e3000 (4/25.0/PHB) GPU/0-f3000 (4/25.0/PHB) CPU/0-0 (3/16.0/SYS) CPU/0-1 (2/25.0/PHB) NET/0-0 (6/16.0/SYS) NET/0-1 (6/16.0/SYS) NET/0-2 (6/16.0/SYS) NET/0-3 (6/16.0/SYS) NET/0-4 (5/25.0/PHB) NET/0-5 (5/25.0/PHB) NET/0-6 (2/25.0/LOC) NET/0-7 (0/5000.0/LOC) NET/0-e (2/25.0/LOC) NET/0-8 (4/1.5/PHB) NET/0-9 (4/1.5/PHB) NET/0-a (4/1.5/PHB) NET/0-b (4/1.5/PHB) NET/0-f (4/1.5/PHB) NET/0-c (5/25.0/PHB) NET/0-d (5/25.0/PHB) GIN/0-0 (6/16.0/SYS) GIN/0-1 (6/16.0/SYS) GIN/0-2 (6/16.0/SYS) GIN/0-3 (6/16.0/SYS) GIN/0-4 (5/25.0/PHB) GIN/0-5 (5/25.0/PHB) GIN/0-6 (2/25.0/LOC) GIN/0-7 (2/25.0/LOC) GIN/0-8 (4/1.5/PHB) GIN/0-9 (4/1.5/PHB) GIN/0-a (4/1.5/PHB) GIN/0-b (4/1.5/PHB) GIN/0-c (5/25.0/PHB) GIN/0-d (5/25.0/PHB) 
gpu-nodes-0:5321:5321 [1] NCCL INFO NET/0-e :GPU/0-3000 (5/16.0/SYS) GPU/0-13000 (5/16.0/SYS) GPU/0-63000 (5/16.0/SYS) GPU/0-73000 (5/16.0/SYS) GPU/0-83000 (4/48.0/PHB) GPU/0-93000 (4/48.0/PHB) GPU/0-e3000 (4/48.0/PHB) GPU/0-f3000 (4/48.0/PHB) CPU/0-0 (3/16.0/SYS) CPU/0-1 (2/48.0/PHB) NET/0-0 (6/16.0/SYS) NET/0-1 (6/16.0/SYS) NET/0-2 (6/16.0/SYS) NET/0-3 (6/16.0/SYS) NET/0-4 (5/48.0/PHB) NET/0-5 (5/48.0/PHB) NET/0-6 (2/25.0/LOC) NET/0-7 (2/25.0/LOC) NET/0-e (0/5000.0/LOC) NET/0-8 (4/1.5/PHB) NET/0-9 (4/1.5/PHB) NET/0-a (4/1.5/PHB) NET/0-b (4/1.5/PHB) NET/0-f (4/1.5/PHB) NET/0-c (5/48.0/PHB) NET/0-d (5/48.0/PHB) GIN/0-0 (6/16.0/SYS) GIN/0-1 (6/16.0/SYS) GIN/0-2 (6/16.0/SYS) GIN/0-3 (6/16.0/SYS) GIN/0-4 (5/48.0/PHB) GIN/0-5 (5/48.0/PHB) GIN/0-6 (2/25.0/LOC) GIN/0-7 (2/25.0/LOC) GIN/0-8 (4/1.5/PHB) GIN/0-9 (4/1.5/PHB) GIN/0-a (4/1.5/PHB) GIN/0-b (4/1.5/PHB) GIN/0-c (5/48.0/PHB) GIN/0-d (5/48.0/PHB) 
gpu-nodes-0:5321:5321 [1] NCCL INFO NET/0-8 :GPU/0-3000 (5/1.5/SYS) GPU/0-13000 (5/1.5/SYS) GPU/0-63000 (5/1.5/SYS) GPU/0-73000 (5/1.5/SYS) GPU/0-83000 (4/1.5/PHB) GPU/0-93000 (4/1.5/PHB) GPU/0-e3000 (4/1.5/PHB) GPU/0-f3000 (4/1.5/PHB) CPU/0-0 (3/1.5/SYS) CPU/0-1 (2/1.5/PHB) NET/0-0 (6/1.5/SYS) NET/0-1 (6/1.5/SYS) NET/0-2 (6/1.5/SYS) NET/0-3 (6/1.5/SYS) NET/0-4 (5/1.5/PHB) NET/0-5 (5/1.5/PHB) NET/0-6 (4/1.5/PHB) NET/0-7 (4/1.5/PHB) NET/0-e (4/1.5/PHB) NET/0-8 (0/5000.0/LOC) NET/0-9 (2/12.5/LOC) NET/0-a (2/12.5/LOC) NET/0-b (2/12.5/LOC) NET/0-f (2/12.5/LOC) NET/0-c (5/1.5/PHB) NET/0-d (5/1.5/PHB) GIN/0-0 (6/1.5/SYS) GIN/0-1 (6/1.5/SYS) GIN/0-2 (6/1.5/SYS) GIN/0-3 (6/1.5/SYS) GIN/0-4 (5/1.5/PHB) GIN/0-5 (5/1.5/PHB) GIN/0-6 (4/1.5/PHB) GIN/0-7 (4/1.5/PHB) GIN/0-8 (2/12.5/LOC) GIN/0-9 (2/12.5/LOC) GIN/0-a (2/12.5/LOC) GIN/0-b (2/12.5/LOC) GIN/0-c (5/1.5/PHB) GIN/0-d (5/1.5/PHB) 
gpu-nodes-0:5321:5321 [1] NCCL INFO NET/0-9 :GPU/0-3000 (5/1.5/SYS) GPU/0-13000 (5/1.5/SYS) GPU/0-63000 (5/1.5/SYS) GPU/0-73000 (5/1.5/SYS) GPU/0-83000 (4/1.5/PHB) GPU/0-93000 (4/1.5/PHB) GPU/0-e3000 (4/1.5/PHB) GPU/0-f3000 (4/1.5/PHB) CPU/0-0 (3/1.5/SYS) CPU/0-1 (2/1.5/PHB) NET/0-0 (6/1.5/SYS) NET/0-1 (6/1.5/SYS) NET/0-2 (6/1.5/SYS) NET/0-3 (6/1.5/SYS) NET/0-4 (5/1.5/PHB) NET/0-5 (5/1.5/PHB) NET/0-6 (4/1.5/PHB) NET/0-7 (4/1.5/PHB) NET/0-e (4/1.5/PHB) NET/0-8 (2/12.5/LOC) NET/0-9 (0/5000.0/LOC) NET/0-a (2/12.5/LOC) NET/0-b (2/12.5/LOC) NET/0-f (2/12.5/LOC) NET/0-c (5/1.5/PHB) NET/0-d (5/1.5/PHB) GIN/0-0 (6/1.5/SYS) GIN/0-1 (6/1.5/SYS) GIN/0-2 (6/1.5/SYS) GIN/0-3 (6/1.5/SYS) GIN/0-4 (5/1.5/PHB) GIN/0-5 (5/1.5/PHB) GIN/0-6 (4/1.5/PHB) GIN/0-7 (4/1.5/PHB) GIN/0-8 (2/12.5/LOC) GIN/0-9 (2/12.5/LOC) GIN/0-a (2/12.5/LOC) GIN/0-b (2/12.5/LOC) GIN/0-c (5/1.5/PHB) GIN/0-d (5/1.5/PHB) 
gpu-nodes-0:5321:5321 [1] NCCL INFO NET/0-a :GPU/0-3000 (5/1.5/SYS) GPU/0-13000 (5/1.5/SYS) GPU/0-63000 (5/1.5/SYS) GPU/0-73000 (5/1.5/SYS) GPU/0-83000 (4/1.5/PHB) GPU/0-93000 (4/1.5/PHB) GPU/0-e3000 (4/1.5/PHB) GPU/0-f3000 (4/1.5/PHB) CPU/0-0 (3/1.5/SYS) CPU/0-1 (2/1.5/PHB) NET/0-0 (6/1.5/SYS) NET/0-1 (6/1.5/SYS) NET/0-2 (6/1.5/SYS) NET/0-3 (6/1.5/SYS) NET/0-4 (5/1.5/PHB) NET/0-5 (5/1.5/PHB) NET/0-6 (4/1.5/PHB) NET/0-7 (4/1.5/PHB) NET/0-e (4/1.5/PHB) NET/0-8 (2/12.5/LOC) NET/0-9 (2/12.5/LOC) NET/0-a (0/5000.0/LOC) NET/0-b (2/12.5/LOC) NET/0-f (2/12.5/LOC) NET/0-c (5/1.5/PHB) NET/0-d (5/1.5/PHB) GIN/0-0 (6/1.5/SYS) GIN/0-1 (6/1.5/SYS) GIN/0-2 (6/1.5/SYS) GIN/0-3 (6/1.5/SYS) GIN/0-4 (5/1.5/PHB) GIN/0-5 (5/1.5/PHB) GIN/0-6 (4/1.5/PHB) GIN/0-7 (4/1.5/PHB) GIN/0-8 (2/12.5/LOC) GIN/0-9 (2/12.5/LOC) GIN/0-a (2/12.5/LOC) GIN/0-b (2/12.5/LOC) GIN/0-c (5/1.5/PHB) GIN/0-d (5/1.5/PHB) 
gpu-nodes-0:5321:5321 [1] NCCL INFO NET/0-b :GPU/0-3000 (5/1.5/SYS) GPU/0-13000 (5/1.5/SYS) GPU/0-63000 (5/1.5/SYS) GPU/0-73000 (5/1.5/SYS) GPU/0-83000 (4/1.5/PHB) GPU/0-93000 (4/1.5/PHB) GPU/0-e3000 (4/1.5/PHB) GPU/0-f3000 (4/1.5/PHB) CPU/0-0 (3/1.5/SYS) CPU/0-1 (2/1.5/PHB) NET/0-0 (6/1.5/SYS) NET/0-1 (6/1.5/SYS) NET/0-2 (6/1.5/SYS) NET/0-3 (6/1.5/SYS) NET/0-4 (5/1.5/PHB) NET/0-5 (5/1.5/PHB) NET/0-6 (4/1.5/PHB) NET/0-7 (4/1.5/PHB) NET/0-e (4/1.5/PHB) NET/0-8 (2/12.5/LOC) NET/0-9 (2/12.5/LOC) NET/0-a (2/12.5/LOC) NET/0-b (0/5000.0/LOC) NET/0-f (2/12.5/LOC) NET/0-c (5/1.5/PHB) NET/0-d (5/1.5/PHB) GIN/0-0 (6/1.5/SYS) GIN/0-1 (6/1.5/SYS) GIN/0-2 (6/1.5/SYS) GIN/0-3 (6/1.5/SYS) GIN/0-4 (5/1.5/PHB) GIN/0-5 (5/1.5/PHB) GIN/0-6 (4/1.5/PHB) GIN/0-7 (4/1.5/PHB) GIN/0-8 (2/12.5/LOC) GIN/0-9 (2/12.5/LOC) GIN/0-a (2/12.5/LOC) GIN/0-b (2/12.5/LOC) GIN/0-c (5/1.5/PHB) GIN/0-d (5/1.5/PHB) 
gpu-nodes-0:5321:5321 [1] NCCL INFO NET/0-f :GPU/0-3000 (5/1.5/SYS) GPU/0-13000 (5/1.5/SYS) GPU/0-63000 (5/1.5/SYS) GPU/0-73000 (5/1.5/SYS) GPU/0-83000 (4/1.5/PHB) GPU/0-93000 (4/1.5/PHB) GPU/0-e3000 (4/1.5/PHB) GPU/0-f3000 (4/1.5/PHB) CPU/0-0 (3/1.5/SYS) CPU/0-1 (2/1.5/PHB) NET/0-0 (6/1.5/SYS) NET/0-1 (6/1.5/SYS) NET/0-2 (6/1.5/SYS) NET/0-3 (6/1.5/SYS) NET/0-4 (5/1.5/PHB) NET/0-5 (5/1.5/PHB) NET/0-6 (4/1.5/PHB) NET/0-7 (4/1.5/PHB) NET/0-e (4/1.5/PHB) NET/0-8 (2/12.5/LOC) NET/0-9 (2/12.5/LOC) NET/0-a (2/12.5/LOC) NET/0-b (2/12.5/LOC) NET/0-f (0/5000.0/LOC) NET/0-c (5/1.5/PHB) NET/0-d (5/1.5/PHB) GIN/0-0 (6/1.5/SYS) GIN/0-1 (6/1.5/SYS) GIN/0-2 (6/1.5/SYS) GIN/0-3 (6/1.5/SYS) GIN/0-4 (5/1.5/PHB) GIN/0-5 (5/1.5/PHB) GIN/0-6 (4/1.5/PHB) GIN/0-7 (4/1.5/PHB) GIN/0-8 (2/12.5/LOC) GIN/0-9 (2/12.5/LOC) GIN/0-a (2/12.5/LOC) GIN/0-b (2/12.5/LOC) GIN/0-c (5/1.5/PHB) GIN/0-d (5/1.5/PHB) 
gpu-nodes-0:5321:5321 [1] NCCL INFO NET/0-c :GPU/0-3000 (6/16.0/SYS) GPU/0-13000 (6/16.0/SYS) GPU/0-63000 (6/16.0/SYS) GPU/0-73000 (6/16.0/SYS) GPU/0-83000 (5/48.0/PHB) GPU/0-93000 (5/48.0/PHB) GPU/0-e3000 (3/48.0/PIX) GPU/0-f3000 (5/48.0/PHB) CPU/0-0 (4/16.0/SYS) CPU/0-1 (3/48.0/PHB) NET/0-0 (7/16.0/SYS) NET/0-1 (7/16.0/SYS) NET/0-2 (7/16.0/SYS) NET/0-3 (7/16.0/SYS) NET/0-4 (6/48.0/PHB) NET/0-5 (6/48.0/PHB) NET/0-6 (5/25.0/PHB) NET/0-7 (5/25.0/PHB) NET/0-e (5/48.0/PHB) NET/0-8 (5/1.5/PHB) NET/0-9 (5/1.5/PHB) NET/0-a (5/1.5/PHB) NET/0-b (5/1.5/PHB) NET/0-f (5/1.5/PHB) NET/0-c (0/5000.0/LOC) NET/0-d (6/48.0/PHB) GIN/0-0 (7/16.0/SYS) GIN/0-1 (7/16.0/SYS) GIN/0-2 (7/16.0/SYS) GIN/0-3 (7/16.0/SYS) GIN/0-4 (6/48.0/PHB) GIN/0-5 (6/48.0/PHB) GIN/0-6 (5/25.0/PHB) GIN/0-7 (5/25.0/PHB) GIN/0-8 (5/1.5/PHB) GIN/0-9 (5/1.5/PHB) GIN/0-a (5/1.5/PHB) GIN/0-b (5/1.5/PHB) GIN/0-c (2/50.0/LOC) GIN/0-d (6/48.0/PHB) 
gpu-nodes-0:5321:5321 [1] NCCL INFO NET/0-d :GPU/0-3000 (6/16.0/SYS) GPU/0-13000 (6/16.0/SYS) GPU/0-63000 (6/16.0/SYS) GPU/0-73000 (6/16.0/SYS) GPU/0-83000 (5/48.0/PHB) GPU/0-93000 (5/48.0/PHB) GPU/0-e3000 (5/48.0/PHB) GPU/0-f3000 (3/48.0/PIX) CPU/0-0 (4/16.0/SYS) CPU/0-1 (3/48.0/PHB) NET/0-0 (7/16.0/SYS) NET/0-1 (7/16.0/SYS) NET/0-2 (7/16.0/SYS) NET/0-3 (7/16.0/SYS) NET/0-4 (6/48.0/PHB) NET/0-5 (6/48.0/PHB) NET/0-6 (5/25.0/PHB) NET/0-7 (5/25.0/PHB) NET/0-e (5/48.0/PHB) NET/0-8 (5/1.5/PHB) NET/0-9 (5/1.5/PHB) NET/0-a (5/1.5/PHB) NET/0-b (5/1.5/PHB) NET/0-f (5/1.5/PHB) NET/0-c (6/48.0/PHB) NET/0-d (0/5000.0/LOC) GIN/0-0 (7/16.0/SYS) GIN/0-1 (7/16.0/SYS) GIN/0-2 (7/16.0/SYS) GIN/0-3 (7/16.0/SYS) GIN/0-4 (6/48.0/PHB) GIN/0-5 (6/48.0/PHB) GIN/0-6 (5/25.0/PHB) GIN/0-7 (5/25.0/PHB) GIN/0-8 (5/1.5/PHB) GIN/0-9 (5/1.5/PHB) GIN/0-a (5/1.5/PHB) GIN/0-b (5/1.5/PHB) GIN/0-c (6/48.0/PHB) GIN/0-d (2/50.0/LOC) 
gpu-nodes-0:5321:5321 [1] NCCL INFO GIN/0-0 :GPU/0-3000 (3/48.0/PIX) GPU/0-13000 (5/48.0/PHB) GPU/0-63000 (5/48.0/PHB) GPU/0-73000 (5/48.0/PHB) GPU/0-83000 (6/16.0/SYS) GPU/0-93000 (6/16.0/SYS) GPU/0-e3000 (6/16.0/SYS) GPU/0-f3000 (6/16.0/SYS) CPU/0-0 (3/48.0/PHB) CPU/0-1 (4/16.0/SYS) NET/0-0 (2/50.0/LOC) NET/0-1 (6/48.0/PHB) NET/0-2 (6/48.0/PHB) NET/0-3 (6/48.0/PHB) NET/0-4 (7/16.0/SYS) NET/0-5 (7/16.0/SYS) NET/0-6 (6/16.0/SYS) NET/0-7 (6/16.0/SYS) NET/0-e (6/16.0/SYS) NET/0-8 (6/1.5/SYS) NET/0-9 (6/1.5/SYS) NET/0-a (6/1.5/SYS) NET/0-b (6/1.5/SYS) NET/0-f (6/1.5/SYS) NET/0-c (7/16.0/SYS) NET/0-d (7/16.0/SYS) GIN/0-0 (0/5000.0/LOC) GIN/0-1 (6/48.0/PHB) GIN/0-2 (6/48.0/PHB) GIN/0-3 (6/48.0/PHB) GIN/0-4 (7/16.0/SYS) GIN/0-5 (7/16.0/SYS) GIN/0-6 (6/16.0/SYS) GIN/0-7 (6/16.0/SYS) GIN/0-8 (6/1.5/SYS) GIN/0-9 (6/1.5/SYS) GIN/0-a (6/1.5/SYS) GIN/0-b (6/1.5/SYS) GIN/0-c (7/16.0/SYS) GIN/0-d (7/16.0/SYS) 
gpu-nodes-0:5321:5321 [1] NCCL INFO GIN/0-1 :GPU/0-3000 (5/48.0/PHB) GPU/0-13000 (3/48.0/PIX) GPU/0-63000 (5/48.0/PHB) GPU/0-73000 (5/48.0/PHB) GPU/0-83000 (6/16.0/SYS) GPU/0-93000 (6/16.0/SYS) GPU/0-e3000 (6/16.0/SYS) GPU/0-f3000 (6/16.0/SYS) CPU/0-0 (3/48.0/PHB) CPU/0-1 (4/16.0/SYS) NET/0-0 (6/48.0/PHB) NET/0-1 (2/50.0/LOC) NET/0-2 (6/48.0/PHB) NET/0-3 (6/48.0/PHB) NET/0-4 (7/16.0/SYS) NET/0-5 (7/16.0/SYS) NET/0-6 (6/16.0/SYS) NET/0-7 (6/16.0/SYS) NET/0-e (6/16.0/SYS) NET/0-8 (6/1.5/SYS) NET/0-9 (6/1.5/SYS) NET/0-a (6/1.5/SYS) NET/0-b (6/1.5/SYS) NET/0-f (6/1.5/SYS) NET/0-c (7/16.0/SYS) NET/0-d (7/16.0/SYS) GIN/0-0 (6/48.0/PHB) GIN/0-1 (0/5000.0/LOC) GIN/0-2 (6/48.0/PHB) GIN/0-3 (6/48.0/PHB) GIN/0-4 (7/16.0/SYS) GIN/0-5 (7/16.0/SYS) GIN/0-6 (6/16.0/SYS) GIN/0-7 (6/16.0/SYS) GIN/0-8 (6/1.5/SYS) GIN/0-9 (6/1.5/SYS) GIN/0-a (6/1.5/SYS) GIN/0-b (6/1.5/SYS) GIN/0-c (7/16.0/SYS) GIN/0-d (7/16.0/SYS) 
gpu-nodes-0:5321:5321 [1] NCCL INFO GIN/0-2 :GPU/0-3000 (5/48.0/PHB) GPU/0-13000 (5/48.0/PHB) GPU/0-63000 (3/48.0/PIX) GPU/0-73000 (5/48.0/PHB) GPU/0-83000 (6/16.0/SYS) GPU/0-93000 (6/16.0/SYS) GPU/0-e3000 (6/16.0/SYS) GPU/0-f3000 (6/16.0/SYS) CPU/0-0 (3/48.0/PHB) CPU/0-1 (4/16.0/SYS) NET/0-0 (6/48.0/PHB) NET/0-1 (6/48.0/PHB) NET/0-2 (2/50.0/LOC) NET/0-3 (6/48.0/PHB) NET/0-4 (7/16.0/SYS) NET/0-5 (7/16.0/SYS) NET/0-6 (6/16.0/SYS) NET/0-7 (6/16.0/SYS) NET/0-e (6/16.0/SYS) NET/0-8 (6/1.5/SYS) NET/0-9 (6/1.5/SYS) NET/0-a (6/1.5/SYS) NET/0-b (6/1.5/SYS) NET/0-f (6/1.5/SYS) NET/0-c (7/16.0/SYS) NET/0-d (7/16.0/SYS) GIN/0-0 (6/48.0/PHB) GIN/0-1 (6/48.0/PHB) GIN/0-2 (0/5000.0/LOC) GIN/0-3 (6/48.0/PHB) GIN/0-4 (7/16.0/SYS) GIN/0-5 (7/16.0/SYS) GIN/0-6 (6/16.0/SYS) GIN/0-7 (6/16.0/SYS) GIN/0-8 (6/1.5/SYS) GIN/0-9 (6/1.5/SYS) GIN/0-a (6/1.5/SYS) GIN/0-b (6/1.5/SYS) GIN/0-c (7/16.0/SYS) GIN/0-d (7/16.0/SYS) 
gpu-nodes-0:5321:5321 [1] NCCL INFO GIN/0-3 :GPU/0-3000 (5/48.0/PHB) GPU/0-13000 (5/48.0/PHB) GPU/0-63000 (5/48.0/PHB) GPU/0-73000 (3/48.0/PIX) GPU/0-83000 (6/16.0/SYS) GPU/0-93000 (6/16.0/SYS) GPU/0-e3000 (6/16.0/SYS) GPU/0-f3000 (6/16.0/SYS) CPU/0-0 (3/48.0/PHB) CPU/0-1 (4/16.0/SYS) NET/0-0 (6/48.0/PHB) NET/0-1 (6/48.0/PHB) NET/0-2 (6/48.0/PHB) NET/0-3 (2/50.0/LOC) NET/0-4 (7/16.0/SYS) NET/0-5 (7/16.0/SYS) NET/0-6 (6/16.0/SYS) NET/0-7 (6/16.0/SYS) NET/0-e (6/16.0/SYS) NET/0-8 (6/1.5/SYS) NET/0-9 (6/1.5/SYS) NET/0-a (6/1.5/SYS) NET/0-b (6/1.5/SYS) NET/0-f (6/1.5/SYS) NET/0-c (7/16.0/SYS) NET/0-d (7/16.0/SYS) GIN/0-0 (6/48.0/PHB) GIN/0-1 (6/48.0/PHB) GIN/0-2 (6/48.0/PHB) GIN/0-3 (0/5000.0/LOC) GIN/0-4 (7/16.0/SYS) GIN/0-5 (7/16.0/SYS) GIN/0-6 (6/16.0/SYS) GIN/0-7 (6/16.0/SYS) GIN/0-8 (6/1.5/SYS) GIN/0-9 (6/1.5/SYS) GIN/0-a (6/1.5/SYS) GIN/0-b (6/1.5/SYS) GIN/0-c (7/16.0/SYS) GIN/0-d (7/16.0/SYS) 
gpu-nodes-0:5321:5321 [1] NCCL INFO GIN/0-4 :GPU/0-3000 (6/16.0/SYS) GPU/0-13000 (6/16.0/SYS) GPU/0-63000 (6/16.0/SYS) GPU/0-73000 (6/16.0/SYS) GPU/0-83000 (3/48.0/PIX) GPU/0-93000 (5/48.0/PHB) GPU/0-e3000 (5/48.0/PHB) GPU/0-f3000 (5/48.0/PHB) CPU/0-0 (4/16.0/SYS) CPU/0-1 (3/48.0/PHB) NET/0-0 (7/16.0/SYS) NET/0-1 (7/16.0/SYS) NET/0-2 (7/16.0/SYS) NET/0-3 (7/16.0/SYS) NET/0-4 (2/50.0/LOC) NET/0-5 (6/48.0/PHB) NET/0-6 (5/25.0/PHB) NET/0-7 (5/25.0/PHB) NET/0-e (5/48.0/PHB) NET/0-8 (5/1.5/PHB) NET/0-9 (5/1.5/PHB) NET/0-a (5/1.5/PHB) NET/0-b (5/1.5/PHB) NET/0-f (5/1.5/PHB) NET/0-c (6/48.0/PHB) NET/0-d (6/48.0/PHB) GIN/0-0 (7/16.0/SYS) GIN/0-1 (7/16.0/SYS) GIN/0-2 (7/16.0/SYS) GIN/0-3 (7/16.0/SYS) GIN/0-4 (0/5000.0/LOC) GIN/0-5 (6/48.0/PHB) GIN/0-6 (5/25.0/PHB) GIN/0-7 (5/25.0/PHB) GIN/0-8 (5/1.5/PHB) GIN/0-9 (5/1.5/PHB) GIN/0-a (5/1.5/PHB) GIN/0-b (5/1.5/PHB) GIN/0-c (6/48.0/PHB) GIN/0-d (6/48.0/PHB) 
gpu-nodes-0:5321:5321 [1] NCCL INFO GIN/0-5 :GPU/0-3000 (6/16.0/SYS) GPU/0-13000 (6/16.0/SYS) GPU/0-63000 (6/16.0/SYS) GPU/0-73000 (6/16.0/SYS) GPU/0-83000 (5/48.0/PHB) GPU/0-93000 (3/48.0/PIX) GPU/0-e3000 (5/48.0/PHB) GPU/0-f3000 (5/48.0/PHB) CPU/0-0 (4/16.0/SYS) CPU/0-1 (3/48.0/PHB) NET/0-0 (7/16.0/SYS) NET/0-1 (7/16.0/SYS) NET/0-2 (7/16.0/SYS) NET/0-3 (7/16.0/SYS) NET/0-4 (6/48.0/PHB) NET/0-5 (2/50.0/LOC) NET/0-6 (5/25.0/PHB) NET/0-7 (5/25.0/PHB) NET/0-e (5/48.0/PHB) NET/0-8 (5/1.5/PHB) NET/0-9 (5/1.5/PHB) NET/0-a (5/1.5/PHB) NET/0-b (5/1.5/PHB) NET/0-f (5/1.5/PHB) NET/0-c (6/48.0/PHB) NET/0-d (6/48.0/PHB) GIN/0-0 (7/16.0/SYS) GIN/0-1 (7/16.0/SYS) GIN/0-2 (7/16.0/SYS) GIN/0-3 (7/16.0/SYS) GIN/0-4 (6/48.0/PHB) GIN/0-5 (0/5000.0/LOC) GIN/0-6 (5/25.0/PHB) GIN/0-7 (5/25.0/PHB) GIN/0-8 (5/1.5/PHB) GIN/0-9 (5/1.5/PHB) GIN/0-a (5/1.5/PHB) GIN/0-b (5/1.5/PHB) GIN/0-c (6/48.0/PHB) GIN/0-d (6/48.0/PHB) 
gpu-nodes-0:5321:5321 [1] NCCL INFO GIN/0-6 :GPU/0-3000 (5/16.0/SYS) GPU/0-13000 (5/16.0/SYS) GPU/0-63000 (5/16.0/SYS) GPU/0-73000 (5/16.0/SYS) GPU/0-83000 (4/25.0/PHB) GPU/0-93000 (4/25.0/PHB) GPU/0-e3000 (4/25.0/PHB) GPU/0-f3000 (4/25.0/PHB) CPU/0-0 (3/16.0/SYS) CPU/0-1 (2/25.0/PHB) NET/0-0 (6/16.0/SYS) NET/0-1 (6/16.0/SYS) NET/0-2 (6/16.0/SYS) NET/0-3 (6/16.0/SYS) NET/0-4 (5/25.0/PHB) NET/0-5 (5/25.0/PHB) NET/0-6 (2/25.0/LOC) NET/0-7 (2/25.0/LOC) NET/0-e (2/25.0/LOC) NET/0-8 (4/1.5/PHB) NET/0-9 (4/1.5/PHB) NET/0-a (4/1.5/PHB) NET/0-b (4/1.5/PHB) NET/0-f (4/1.5/PHB) NET/0-c (5/25.0/PHB) NET/0-d (5/25.0/PHB) GIN/0-0 (6/16.0/SYS) GIN/0-1 (6/16.0/SYS) GIN/0-2 (6/16.0/SYS) GIN/0-3 (6/16.0/SYS) GIN/0-4 (5/25.0/PHB) GIN/0-5 (5/25.0/PHB) GIN/0-6 (0/5000.0/LOC) GIN/0-7 (2/25.0/LOC) GIN/0-8 (4/1.5/PHB) GIN/0-9 (4/1.5/PHB) GIN/0-a (4/1.5/PHB) GIN/0-b (4/1.5/PHB) GIN/0-c (5/25.0/PHB) GIN/0-d (5/25.0/PHB) 
gpu-nodes-0:5321:5321 [1] NCCL INFO GIN/0-7 :GPU/0-3000 (5/16.0/SYS) GPU/0-13000 (5/16.0/SYS) GPU/0-63000 (5/16.0/SYS) GPU/0-73000 (5/16.0/SYS) GPU/0-83000 (4/25.0/PHB) GPU/0-93000 (4/25.0/PHB) GPU/0-e3000 (4/25.0/PHB) GPU/0-f3000 (4/25.0/PHB) CPU/0-0 (3/16.0/SYS) CPU/0-1 (2/25.0/PHB) NET/0-0 (6/16.0/SYS) NET/0-1 (6/16.0/SYS) NET/0-2 (6/16.0/SYS) NET/0-3 (6/16.0/SYS) NET/0-4 (5/25.0/PHB) NET/0-5 (5/25.0/PHB) NET/0-6 (2/25.0/LOC) NET/0-7 (2/25.0/LOC) NET/0-e (2/25.0/LOC) NET/0-8 (4/1.5/PHB) NET/0-9 (4/1.5/PHB) NET/0-a (4/1.5/PHB) NET/0-b (4/1.5/PHB) NET/0-f (4/1.5/PHB) NET/0-c (5/25.0/PHB) NET/0-d (5/25.0/PHB) GIN/0-0 (6/16.0/SYS) GIN/0-1 (6/16.0/SYS) GIN/0-2 (6/16.0/SYS) GIN/0-3 (6/16.0/SYS) GIN/0-4 (5/25.0/PHB) GIN/0-5 (5/25.0/PHB) GIN/0-6 (2/25.0/LOC) GIN/0-7 (0/5000.0/LOC) GIN/0-8 (4/1.5/PHB) GIN/0-9 (4/1.5/PHB) GIN/0-a (4/1.5/PHB) GIN/0-b (4/1.5/PHB) GIN/0-c (5/25.0/PHB) GIN/0-d (5/25.0/PHB) 
gpu-nodes-0:5321:5321 [1] NCCL INFO GIN/0-8 :GPU/0-3000 (5/1.5/SYS) GPU/0-13000 (5/1.5/SYS) GPU/0-63000 (5/1.5/SYS) GPU/0-73000 (5/1.5/SYS) GPU/0-83000 (4/1.5/PHB) GPU/0-93000 (4/1.5/PHB) GPU/0-e3000 (4/1.5/PHB) GPU/0-f3000 (4/1.5/PHB) CPU/0-0 (3/1.5/SYS) CPU/0-1 (2/1.5/PHB) NET/0-0 (6/1.5/SYS) NET/0-1 (6/1.5/SYS) NET/0-2 (6/1.5/SYS) NET/0-3 (6/1.5/SYS) NET/0-4 (5/1.5/PHB) NET/0-5 (5/1.5/PHB) NET/0-6 (4/1.5/PHB) NET/0-7 (4/1.5/PHB) NET/0-e (4/1.5/PHB) NET/0-8 (2/12.5/LOC) NET/0-9 (2/12.5/LOC) NET/0-a (2/12.5/LOC) NET/0-b (2/12.5/LOC) NET/0-f (2/12.5/LOC) NET/0-c (5/1.5/PHB) NET/0-d (5/1.5/PHB) GIN/0-0 (6/1.5/SYS) GIN/0-1 (6/1.5/SYS) GIN/0-2 (6/1.5/SYS) GIN/0-3 (6/1.5/SYS) GIN/0-4 (5/1.5/PHB) GIN/0-5 (5/1.5/PHB) GIN/0-6 (4/1.5/PHB) GIN/0-7 (4/1.5/PHB) GIN/0-8 (0/5000.0/LOC) GIN/0-9 (2/12.5/LOC) GIN/0-a (2/12.5/LOC) GIN/0-b (2/12.5/LOC) GIN/0-c (5/1.5/PHB) GIN/0-d (5/1.5/PHB) 
gpu-nodes-0:5321:5321 [1] NCCL INFO GIN/0-9 :GPU/0-3000 (5/1.5/SYS) GPU/0-13000 (5/1.5/SYS) GPU/0-63000 (5/1.5/SYS) GPU/0-73000 (5/1.5/SYS) GPU/0-83000 (4/1.5/PHB) GPU/0-93000 (4/1.5/PHB) GPU/0-e3000 (4/1.5/PHB) GPU/0-f3000 (4/1.5/PHB) CPU/0-0 (3/1.5/SYS) CPU/0-1 (2/1.5/PHB) NET/0-0 (6/1.5/SYS) NET/0-1 (6/1.5/SYS) NET/0-2 (6/1.5/SYS) NET/0-3 (6/1.5/SYS) NET/0-4 (5/1.5/PHB) NET/0-5 (5/1.5/PHB) NET/0-6 (4/1.5/PHB) NET/0-7 (4/1.5/PHB) NET/0-e (4/1.5/PHB) NET/0-8 (2/12.5/LOC) NET/0-9 (2/12.5/LOC) NET/0-a (2/12.5/LOC) NET/0-b (2/12.5/LOC) NET/0-f (2/12.5/LOC) NET/0-c (5/1.5/PHB) NET/0-d (5/1.5/PHB) GIN/0-0 (6/1.5/SYS) GIN/0-1 (6/1.5/SYS) GIN/0-2 (6/1.5/SYS) GIN/0-3 (6/1.5/SYS) GIN/0-4 (5/1.5/PHB) GIN/0-5 (5/1.5/PHB) GIN/0-6 (4/1.5/PHB) GIN/0-7 (4/1.5/PHB) GIN/0-8 (2/12.5/LOC) GIN/0-9 (0/5000.0/LOC) GIN/0-a (2/12.5/LOC) GIN/0-b (2/12.5/LOC) GIN/0-c (5/1.5/PHB) GIN/0-d (5/1.5/PHB) 
gpu-nodes-0:5321:5321 [1] NCCL INFO GIN/0-a :GPU/0-3000 (5/1.5/SYS) GPU/0-13000 (5/1.5/SYS) GPU/0-63000 (5/1.5/SYS) GPU/0-73000 (5/1.5/SYS) GPU/0-83000 (4/1.5/PHB) GPU/0-93000 (4/1.5/PHB) GPU/0-e3000 (4/1.5/PHB) GPU/0-f3000 (4/1.5/PHB) CPU/0-0 (3/1.5/SYS) CPU/0-1 (2/1.5/PHB) NET/0-0 (6/1.5/SYS) NET/0-1 (6/1.5/SYS) NET/0-2 (6/1.5/SYS) NET/0-3 (6/1.5/SYS) NET/0-4 (5/1.5/PHB) NET/0-5 (5/1.5/PHB) NET/0-6 (4/1.5/PHB) NET/0-7 (4/1.5/PHB) NET/0-e (4/1.5/PHB) NET/0-8 (2/12.5/LOC) NET/0-9 (2/12.5/LOC) NET/0-a (2/12.5/LOC) NET/0-b (2/12.5/LOC) NET/0-f (2/12.5/LOC) NET/0-c (5/1.5/PHB) NET/0-d (5/1.5/PHB) GIN/0-0 (6/1.5/SYS) GIN/0-1 (6/1.5/SYS) GIN/0-2 (6/1.5/SYS) GIN/0-3 (6/1.5/SYS) GIN/0-4 (5/1.5/PHB) GIN/0-5 (5/1.5/PHB) GIN/0-6 (4/1.5/PHB) GIN/0-7 (4/1.5/PHB) GIN/0-8 (2/12.5/LOC) GIN/0-9 (2/12.5/LOC) GIN/0-a (0/5000.0/LOC) GIN/0-b (2/12.5/LOC) GIN/0-c (5/1.5/PHB) GIN/0-d (5/1.5/PHB) 
gpu-nodes-0:5321:5321 [1] NCCL INFO GIN/0-b :GPU/0-3000 (5/1.5/SYS) GPU/0-13000 (5/1.5/SYS) GPU/0-63000 (5/1.5/SYS) GPU/0-73000 (5/1.5/SYS) GPU/0-83000 (4/1.5/PHB) GPU/0-93000 (4/1.5/PHB) GPU/0-e3000 (4/1.5/PHB) GPU/0-f3000 (4/1.5/PHB) CPU/0-0 (3/1.5/SYS) CPU/0-1 (2/1.5/PHB) NET/0-0 (6/1.5/SYS) NET/0-1 (6/1.5/SYS) NET/0-2 (6/1.5/SYS) NET/0-3 (6/1.5/SYS) NET/0-4 (5/1.5/PHB) NET/0-5 (5/1.5/PHB) NET/0-6 (4/1.5/PHB) NET/0-7 (4/1.5/PHB) NET/0-e (4/1.5/PHB) NET/0-8 (2/12.5/LOC) NET/0-9 (2/12.5/LOC) NET/0-a (2/12.5/LOC) NET/0-b (2/12.5/LOC) NET/0-f (2/12.5/LOC) NET/0-c (5/1.5/PHB) NET/0-d (5/1.5/PHB) GIN/0-0 (6/1.5/SYS) GIN/0-1 (6/1.5/SYS) GIN/0-2 (6/1.5/SYS) GIN/0-3 (6/1.5/SYS) GIN/0-4 (5/1.5/PHB) GIN/0-5 (5/1.5/PHB) GIN/0-6 (4/1.5/PHB) GIN/0-7 (4/1.5/PHB) GIN/0-8 (2/12.5/LOC) GIN/0-9 (2/12.5/LOC) GIN/0-a (2/12.5/LOC) GIN/0-b (0/5000.0/LOC) GIN/0-c (5/1.5/PHB) GIN/0-d (5/1.5/PHB) 
gpu-nodes-0:5321:5321 [1] NCCL INFO GIN/0-c :GPU/0-3000 (6/16.0/SYS) GPU/0-13000 (6/16.0/SYS) GPU/0-63000 (6/16.0/SYS) GPU/0-73000 (6/16.0/SYS) GPU/0-83000 (5/48.0/PHB) GPU/0-93000 (5/48.0/PHB) GPU/0-e3000 (3/48.0/PIX) GPU/0-f3000 (5/48.0/PHB) CPU/0-0 (4/16.0/SYS) CPU/0-1 (3/48.0/PHB) NET/0-0 (7/16.0/SYS) NET/0-1 (7/16.0/SYS) NET/0-2 (7/16.0/SYS) NET/0-3 (7/16.0/SYS) NET/0-4 (6/48.0/PHB) NET/0-5 (6/48.0/PHB) NET/0-6 (5/25.0/PHB) NET/0-7 (5/25.0/PHB) NET/0-e (5/48.0/PHB) NET/0-8 (5/1.5/PHB) NET/0-9 (5/1.5/PHB) NET/0-a (5/1.5/PHB) NET/0-b (5/1.5/PHB) NET/0-f (5/1.5/PHB) NET/0-c (2/50.0/LOC) NET/0-d (6/48.0/PHB) GIN/0-0 (7/16.0/SYS) GIN/0-1 (7/16.0/SYS) GIN/0-2 (7/16.0/SYS) GIN/0-3 (7/16.0/SYS) GIN/0-4 (6/48.0/PHB) GIN/0-5 (6/48.0/PHB) GIN/0-6 (5/25.0/PHB) GIN/0-7 (5/25.0/PHB) GIN/0-8 (5/1.5/PHB) GIN/0-9 (5/1.5/PHB) GIN/0-a (5/1.5/PHB) GIN/0-b (5/1.5/PHB) GIN/0-c (0/5000.0/LOC) GIN/0-d (6/48.0/PHB) 
gpu-nodes-0:5321:5321 [1] NCCL INFO GIN/0-d :GPU/0-3000 (6/16.0/SYS) GPU/0-13000 (6/16.0/SYS) GPU/0-63000 (6/16.0/SYS) GPU/0-73000 (6/16.0/SYS) GPU/0-83000 (5/48.0/PHB) GPU/0-93000 (5/48.0/PHB) GPU/0-e3000 (5/48.0/PHB) GPU/0-f3000 (3/48.0/PIX) CPU/0-0 (4/16.0/SYS) CPU/0-1 (3/48.0/PHB) NET/0-0 (7/16.0/SYS) NET/0-1 (7/16.0/SYS) NET/0-2 (7/16.0/SYS) NET/0-3 (7/16.0/SYS) NET/0-4 (6/48.0/PHB) NET/0-5 (6/48.0/PHB) NET/0-6 (5/25.0/PHB) NET/0-7 (5/25.0/PHB) NET/0-e (5/48.0/PHB) NET/0-8 (5/1.5/PHB) NET/0-9 (5/1.5/PHB) NET/0-a (5/1.5/PHB) NET/0-b (5/1.5/PHB) NET/0-f (5/1.5/PHB) NET/0-c (6/48.0/PHB) NET/0-d (2/50.0/LOC) GIN/0-0 (7/16.0/SYS) GIN/0-1 (7/16.0/SYS) GIN/0-2 (7/16.0/SYS) GIN/0-3 (7/16.0/SYS) GIN/0-4 (6/48.0/PHB) GIN/0-5 (6/48.0/PHB) GIN/0-6 (5/25.0/PHB) GIN/0-7 (5/25.0/PHB) GIN/0-8 (5/1.5/PHB) GIN/0-9 (5/1.5/PHB) GIN/0-a (5/1.5/PHB) GIN/0-b (5/1.5/PHB) GIN/0-c (6/48.0/PHB) GIN/0-d (0/5000.0/LOC) 
gpu-nodes-0:5321:5321 [1] NCCL INFO ncclTopoGetCpuAffinity: Affinity for GPU 1 is 0-63,128-191. (GPU affinity = 0-63,128-191 ; CPU affinity = 0-63,128-191).
gpu-nodes-0:5321:5321 [1] NCCL INFO NVLS multicast support is available on dev 1 (NVLS_NCHANNELS 32)
gpu-nodes-0:5321:5321 [1] NCCL INFO Pattern 4, crossNic 0, nChannels 8, bw 48.000000/48.000000, type NVL/PXN, sameChannels 0
gpu-nodes-0:5321:5321 [1] NCCL INFO  0 : NET/0-0 GPU/0-3000 GPU/0-f3000 GPU/0-e3000 GPU/0-93000 GPU/0-83000 GPU/0-73000 GPU/0-63000 GPU/0-13000 NET/0-0
gpu-nodes-0:5321:5321 [1] NCCL INFO  1 : NET/0-1 GPU/0-13000 GPU/0-3000 GPU/0-f3000 GPU/0-e3000 GPU/0-93000 GPU/0-83000 GPU/0-73000 GPU/0-63000 NET/0-1
gpu-nodes-0:5321:5321 [1] NCCL INFO  2 : NET/0-2 GPU/0-63000 GPU/0-13000 GPU/0-3000 GPU/0-f3000 GPU/0-e3000 GPU/0-93000 GPU/0-83000 GPU/0-73000 NET/0-2
gpu-nodes-0:5321:5321 [1] NCCL INFO  3 : NET/0-3 GPU/0-73000 GPU/0-63000 GPU/0-13000 GPU/0-3000 GPU/0-f3000 GPU/0-e3000 GPU/0-93000 GPU/0-83000 NET/0-3
gpu-nodes-0:5321:5321 [1] NCCL INFO  4 : NET/0-4 GPU/0-83000 GPU/0-73000 GPU/0-63000 GPU/0-13000 GPU/0-3000 GPU/0-f3000 GPU/0-e3000 GPU/0-93000 NET/0-4
gpu-nodes-0:5321:5321 [1] NCCL INFO  5 : NET/0-5 GPU/0-93000 GPU/0-83000 GPU/0-73000 GPU/0-63000 GPU/0-13000 GPU/0-3000 GPU/0-f3000 GPU/0-e3000 NET/0-5
gpu-nodes-0:5321:5321 [1] NCCL INFO  6 : NET/0-c GPU/0-e3000 GPU/0-93000 GPU/0-83000 GPU/0-73000 GPU/0-63000 GPU/0-13000 GPU/0-3000 GPU/0-f3000 NET/0-c
gpu-nodes-0:5321:5321 [1] NCCL INFO  7 : NET/0-d GPU/0-f3000 GPU/0-e3000 GPU/0-93000 GPU/0-83000 GPU/0-73000 GPU/0-63000 GPU/0-13000 GPU/0-3000 NET/0-d
gpu-nodes-0:5321:5321 [1] NCCL INFO Pattern 3, crossNic 0, nChannels 8, bw 96.000000/48.000000, type NVL/PIX, sameChannels 0
gpu-nodes-0:5321:5321 [1] NCCL INFO  0 : NET/0-0 GPU/0-3000 GPU/0-13000 GPU/0-63000 GPU/0-73000 GPU/0-83000 GPU/0-93000 GPU/0-e3000 GPU/0-f3000 NET/0-0
gpu-nodes-0:5321:5321 [1] NCCL INFO  1 : NET/0-1 GPU/0-13000 GPU/0-63000 GPU/0-73000 GPU/0-83000 GPU/0-93000 GPU/0-e3000 GPU/0-f3000 GPU/0-3000 NET/0-1
gpu-nodes-0:5321:5321 [1] NCCL INFO  2 : NET/0-2 GPU/0-63000 GPU/0-73000 GPU/0-83000 GPU/0-93000 GPU/0-e3000 GPU/0-f3000 GPU/0-3000 GPU/0-13000 NET/0-2
gpu-nodes-0:5321:5321 [1] NCCL INFO  3 : NET/0-3 GPU/0-73000 GPU/0-83000 GPU/0-93000 GPU/0-e3000 GPU/0-f3000 GPU/0-3000 GPU/0-13000 GPU/0-63000 NET/0-3
gpu-nodes-0:5321:5321 [1] NCCL INFO  4 : NET/0-4 GPU/0-83000 GPU/0-93000 GPU/0-e3000 GPU/0-f3000 GPU/0-3000 GPU/0-13000 GPU/0-63000 GPU/0-73000 NET/0-4
gpu-nodes-0:5321:5321 [1] NCCL INFO  5 : NET/0-5 GPU/0-93000 GPU/0-e3000 GPU/0-f3000 GPU/0-3000 GPU/0-13000 GPU/0-63000 GPU/0-73000 GPU/0-83000 NET/0-5
gpu-nodes-0:5321:5321 [1] NCCL INFO  6 : NET/0-c GPU/0-e3000 GPU/0-f3000 GPU/0-3000 GPU/0-13000 GPU/0-63000 GPU/0-73000 GPU/0-83000 GPU/0-93000 NET/0-c
gpu-nodes-0:5321:5321 [1] NCCL INFO  7 : NET/0-d GPU/0-f3000 GPU/0-3000 GPU/0-13000 GPU/0-63000 GPU/0-73000 GPU/0-83000 GPU/0-93000 GPU/0-e3000 NET/0-d
gpu-nodes-0:5321:5321 [1] NCCL INFO Pattern 5, crossNic 0, nChannels 8, bw 48.000000/48.000000, type NVL/PIX, sameChannels 0
gpu-nodes-0:5321:5321 [1] NCCL INFO  0 : NET/0-0 GPU/0-3000 NET/0-0
gpu-nodes-0:5321:5321 [1] NCCL INFO  1 : NET/0-1 GPU/0-13000 NET/0-1
gpu-nodes-0:5321:5321 [1] NCCL INFO  2 : NET/0-2 GPU/0-63000 NET/0-2
gpu-nodes-0:5321:5321 [1] NCCL INFO  3 : NET/0-3 GPU/0-73000 NET/0-3
gpu-nodes-0:5321:5321 [1] NCCL INFO  4 : NET/0-4 GPU/0-83000 NET/0-4
gpu-nodes-0:5321:5321 [1] NCCL INFO  5 : NET/0-5 GPU/0-93000 NET/0-5
gpu-nodes-0:5321:5321 [1] NCCL INFO  6 : NET/0-c GPU/0-e3000 NET/0-c
gpu-nodes-0:5321:5321 [1] NCCL INFO  7 : NET/0-d GPU/0-f3000 NET/0-d
gpu-nodes-0:5321:5321 [1] NCCL INFO comm 0x7f0fe736e5b0 rank 9 nRanks 16 nNodes 2 localRanks 8 localRank 1 MNNVL 0
gpu-nodes-0:5321:5321 [1] NCCL INFO Tree 1 : 1 -> 9 -> 10/-1/-1
gpu-nodes-0:5321:5321 [1] NCCL INFO Tree 9 : -1 -> 9 -> 10/1/-1
gpu-nodes-0:5321:5321 [1] NCCL INFO NVLS Trees : 18/-1/-1->9->1 18/1/-1->9->-1
gpu-nodes-0:5321:5321 [1] NCCL INFO Ring 00 : 10 -> 9 -> 0
gpu-nodes-0:5321:5321 [1] NCCL INFO Ring 01 : 2 -> 9 -> 8
gpu-nodes-0:5321:5321 [1] NCCL INFO Ring 02 : 10 -> 9 -> 8
gpu-nodes-0:5321:5321 [1] NCCL INFO Ring 03 : 10 -> 9 -> 8
gpu-nodes-0:5321:5321 [1] NCCL INFO Ring 04 : 10 -> 9 -> 8
gpu-nodes-0:5321:5321 [1] NCCL INFO Ring 05 : 10 -> 9 -> 8
gpu-nodes-0:5321:5321 [1] NCCL INFO Ring 06 : 10 -> 9 -> 8
gpu-nodes-0:5321:5321 [1] NCCL INFO Ring 07 : 10 -> 9 -> 8
gpu-nodes-0:5321:5321 [1] NCCL INFO Ring 08 : 10 -> 9 -> 0
gpu-nodes-0:5321:5321 [1] NCCL INFO Ring 09 : 2 -> 9 -> 8
gpu-nodes-0:5321:5321 [1] NCCL INFO Ring 10 : 10 -> 9 -> 8
gpu-nodes-0:5321:5321 [1] NCCL INFO Ring 11 : 10 -> 9 -> 8
gpu-nodes-0:5321:5321 [1] NCCL INFO Ring 12 : 10 -> 9 -> 8
gpu-nodes-0:5321:5321 [1] NCCL INFO Ring 13 : 10 -> 9 -> 8
gpu-nodes-0:5321:5321 [1] NCCL INFO Ring 14 : 10 -> 9 -> 8
gpu-nodes-0:5321:5321 [1] NCCL INFO Ring 15 : 10 -> 9 -> 8
gpu-nodes-0:5321:5321 [1] NCCL INFO Trees [0] 10/-1/-1->9->8 [1] 10/-1/-1->9->1 [2] -1/-1/-1->9->8 [3] 10/-1/-1->9->8 [4] 10/-1/-1->9->8 [5] 10/-1/-1->9->8 [6] 10/-1/-1->9->8 [7] 10/-1/-1->9->8 [8] 10/-1/-1->9->8 [9] 10/1/-1->9->-1 [10] -1/-1/-1->9->8 [11] 10/-1/-1->9->8 [12] 10/-1/-1->9->8 [13] 10/-1/-1->9->8 [14] 10/-1/-1->9->8 [15] 10/-1/-1->9->8
gpu-nodes-0:5321:5321 [1] NCCL INFO P2P Chunksize set to 131072
gpu-nodes-0:5321:5321 [1] NCCL INFO Check P2P Type isAllDirectP2p 1 directMode 0 isAllCudaP2p 1
gpu-nodes-0:5321:15339 [0] NCCL INFO [Proxy Service] Device 1 CPU core 149
gpu-nodes-0:5321:5321 [1] NCCL INFO ncclP2pSchedule: group size used is 8
gpu-nodes-0:5321:15346 [0] NCCL INFO [Proxy Service UDS] Device 1 CPU core 46
gpu-nodes-0:5321:5321 [1] NCCL INFO GPU Direct RDMA Enabled for GPU/0-77824 (rank 9) - NET/0-1 (distance 4 <= 6, read 0, mode Default)
gpu-nodes-0:5321:15339 [1] NCCL INFO New proxy recv connection 0 from local rank 1, transport 2
gpu-nodes-0:5321:15355 [0] NCCL INFO [Proxy Progress] Device 1 CPU core 148
gpu-nodes-0:5321:15339 [1] NCCL INFO New proxy send connection 1 from local rank 2, transport 2
gpu-nodes-0:5321:5321 [1] NCCL INFO Connected to proxy localRank 1 -> connection 0x7f01f4004f70
gpu-nodes-0:5321:5321 [1] NCCL INFO Channel 01/0 : 2[2] -> 9[1] [receive] via NET/IB/1/GDRDMA
gpu-nodes-0:5321:5321 [1] NCCL INFO GPU Direct RDMA Enabled for GPU/0-77824 (rank 9) - NET/0-1 (distance 4 <= 6, read 0, mode Default)
gpu-nodes-0:5321:15339 [1] NCCL INFO New proxy recv connection 2 from local rank 1, transport 2
gpu-nodes-0:5321:5321 [1] NCCL INFO Connected to proxy localRank 1 -> connection 0x7f01f4005080
gpu-nodes-0:5321:5321 [1] NCCL INFO Channel 09/0 : 2[2] -> 9[1] [receive] via NET/IB/1/GDRDMA
gpu-nodes-0:5321:5321 [1] NCCL INFO GPU Direct RDMA Enabled for GPU/0-77824 (rank 9) - NET/0-0 ( using PXN via GPU/0-12288, distance 4 <= 6, read 1, mode Default)
gpu-nodes-0:5321:15339 [1] NCCL INFO New proxy send connection 3 from local rank 2, transport 2
gpu-nodes-0:5321:5321 [1] NCCL INFO Connected to proxy localRank 0 -> connection 0x78efc80055d0
gpu-nodes-0:5321:5321 [1] NCCL INFO Channel 00/0 : 9[1] -> 0[0] [send] via NET/IB/0(8)/GDRDMA
gpu-nodes-0:5321:5321 [1] NCCL INFO GPU Direct RDMA Enabled for GPU/0-77824 (rank 9) - NET/0-0 ( using PXN via GPU/0-12288, distance 4 <= 6, read 1, mode Default)
gpu-nodes-0:5321:5321 [1] NCCL INFO Connected to proxy localRank 0 -> connection 0x78efc80056e0
gpu-nodes-0:5321:5321 [1] NCCL INFO Channel 08/0 : 9[1] -> 0[0] [send] via NET/IB/0(8)/GDRDMA
gpu-nodes-0:5321:15339 [1] NCCL INFO New proxy recv connection 4 from local rank 1, transport 0
gpu-nodes-0:5321:5321 [1] NCCL INFO Connected to proxy localRank 1 -> connection 0x7f01f4005190
gpu-nodes-0:5321:15339 [1] NCCL INFO New proxy recv connection 5 from local rank 1, transport 0
gpu-nodes-0:5321:5321 [1] NCCL INFO Connected to proxy localRank 1 -> connection 0x7f01f4005218
gpu-nodes-0:5321:15339 [1] NCCL INFO New proxy recv connection 6 from local rank 1, transport 0
gpu-nodes-0:5321:5321 [1] NCCL INFO Connected to proxy localRank 1 -> connection 0x7f01f40052a0
gpu-nodes-0:5321:15339 [1] NCCL INFO New proxy recv connection 7 from local rank 1, transport 0
gpu-nodes-0:5321:5321 [1] NCCL INFO Connected to proxy localRank 1 -> connection 0x7f01f4005328
gpu-nodes-0:5321:15339 [1] NCCL INFO New proxy recv connection 8 from local rank 1, transport 0
gpu-nodes-0:5321:5321 [1] NCCL INFO Connected to proxy localRank 1 -> connection 0x7f01f40053b0
gpu-nodes-0:5321:15339 [1] NCCL INFO New proxy recv connection 9 from local rank 1, transport 0
gpu-nodes-0:5321:5321 [1] NCCL INFO Connected to proxy localRank 1 -> connection 0x7f01f4005438
gpu-nodes-0:5321:15339 [1] NCCL INFO New proxy recv connection 10 from local rank 1, transport 0
gpu-nodes-0:5321:5321 [1] NCCL INFO Connected to proxy localRank 1 -> connection 0x7f01f40054c0
gpu-nodes-0:5321:15339 [1] NCCL INFO New proxy recv connection 11 from local rank 1, transport 0
gpu-nodes-0:5321:5321 [1] NCCL INFO Connected to proxy localRank 1 -> connection 0x7f01f4005548
gpu-nodes-0:5321:15339 [1] NCCL INFO New proxy recv connection 12 from local rank 1, transport 0
gpu-nodes-0:5321:5321 [1] NCCL INFO Connected to proxy localRank 1 -> connection 0x7f01f40055d0
gpu-nodes-0:5321:15339 [1] NCCL INFO New proxy recv connection 13 from local rank 1, transport 0
gpu-nodes-0:5321:5321 [1] NCCL INFO Connected to proxy localRank 1 -> connection 0x7f01f4005658
gpu-nodes-0:5321:15339 [1] NCCL INFO New proxy recv connection 14 from local rank 1, transport 0
gpu-nodes-0:5321:5321 [1] NCCL INFO Connected to proxy localRank 1 -> connection 0x7f01f40056e0
gpu-nodes-0:5321:15339 [1] NCCL INFO New proxy recv connection 15 from local rank 1, transport 0
gpu-nodes-0:5321:5321 [1] NCCL INFO Connected to proxy localRank 1 -> connection 0x7f01f4005768
gpu-nodes-0:5321:15339 [1] NCCL INFO New proxy recv connection 16 from local rank 1, transport 0
gpu-nodes-0:5321:5321 [1] NCCL INFO Connected to proxy localRank 1 -> connection 0x7f01f40057f0
gpu-nodes-0:5321:15339 [1] NCCL INFO New proxy recv connection 17 from local rank 1, transport 0
gpu-nodes-0:5321:5321 [1] NCCL INFO Connected to proxy localRank 1 -> connection 0x7f01f4005878
gpu-nodes-0:5321:5321 [1] NCCL INFO Channel 01/0 : 9[1] -> 8[0] via P2P/IPC
gpu-nodes-0:5321:15339 [1] NCCL INFO New proxy send connection 18 from local rank 1, transport 0
gpu-nodes-0:5321:5321 [1] NCCL INFO Connected to proxy localRank 1 -> connection 0x7f01f4005900
gpu-nodes-0:5321:5321 [1] NCCL INFO Channel 02/0 : 9[1] -> 8[0] via P2P/IPC
gpu-nodes-0:5321:15339 [1] NCCL INFO New proxy send connection 19 from local rank 1, transport 0
gpu-nodes-0:5321:5321 [1] NCCL INFO Connected to proxy localRank 1 -> connection 0x7f01f4005988
gpu-nodes-0:5321:5321 [1] NCCL INFO Channel 03/0 : 9[1] -> 8[0] via P2P/IPC
gpu-nodes-0:5321:15339 [1] NCCL INFO New proxy send connection 20 from local rank 1, transport 0
gpu-nodes-0:5321:5321 [1] NCCL INFO Connected to proxy localRank 1 -> connection 0x7f01f4005a10
gpu-nodes-0:5321:5321 [1] NCCL INFO Channel 04/0 : 9[1] -> 8[0] via P2P/IPC
gpu-nodes-0:5321:15339 [1] NCCL INFO New proxy send connection 21 from local rank 1, transport 0
gpu-nodes-0:5321:5321 [1] NCCL INFO Connected to proxy localRank 1 -> connection 0x7f01f4005a98
gpu-nodes-0:5321:5321 [1] NCCL INFO Channel 05/0 : 9[1] -> 8[0] via P2P/IPC
gpu-nodes-0:5321:15339 [1] NCCL INFO New proxy send connection 22 from local rank 1, transport 0
gpu-nodes-0:5321:5321 [1] NCCL INFO Connected to proxy localRank 1 -> connection 0x7f01f4005b20
gpu-nodes-0:5321:5321 [1] NCCL INFO Channel 06/0 : 9[1] -> 8[0] via P2P/IPC
gpu-nodes-0:5321:15339 [1] NCCL INFO New proxy send connection 23 from local rank 1, transport 0
gpu-nodes-0:5321:5321 [1] NCCL INFO Connected to proxy localRank 1 -> connection 0x7f01f4005ba8
gpu-nodes-0:5321:5321 [1] NCCL INFO Channel 07/0 : 9[1] -> 8[0] via P2P/IPC
gpu-nodes-0:5321:15339 [1] NCCL INFO New proxy send connection 24 from local rank 1, transport 0
gpu-nodes-0:5321:5321 [1] NCCL INFO Connected to proxy localRank 1 -> connection 0x7f01f4005c30
gpu-nodes-0:5321:5321 [1] NCCL INFO Channel 09/0 : 9[1] -> 8[0] via P2P/IPC
gpu-nodes-0:5321:15339 [1] NCCL INFO New proxy send connection 25 from local rank 1, transport 0
gpu-nodes-0:5321:5321 [1] NCCL INFO Connected to proxy localRank 1 -> connection 0x7f01f4005cb8
gpu-nodes-0:5321:5321 [1] NCCL INFO Channel 10/0 : 9[1] -> 8[0] via P2P/IPC
gpu-nodes-0:5321:15339 [1] NCCL INFO New proxy send connection 26 from local rank 1, transport 0
gpu-nodes-0:5321:5321 [1] NCCL INFO Connected to proxy localRank 1 -> connection 0x7f01f4005d40
gpu-nodes-0:5321:5321 [1] NCCL INFO Channel 11/0 : 9[1] -> 8[0] via P2P/IPC
gpu-nodes-0:5321:15339 [1] NCCL INFO New proxy send connection 27 from local rank 1, transport 0
gpu-nodes-0:5321:5321 [1] NCCL INFO Connected to proxy localRank 1 -> connection 0x7f01f4005dc8
gpu-nodes-0:5321:5321 [1] NCCL INFO Channel 12/0 : 9[1] -> 8[0] via P2P/IPC
gpu-nodes-0:5321:15339 [1] NCCL INFO New proxy send connection 28 from local rank 1, transport 0
gpu-nodes-0:5321:5321 [1] NCCL INFO Connected to proxy localRank 1 -> connection 0x7f01f4005e50
gpu-nodes-0:5321:5321 [1] NCCL INFO Channel 13/0 : 9[1] -> 8[0] via P2P/IPC
gpu-nodes-0:5321:15339 [1] NCCL INFO New proxy send connection 29 from local rank 1, transport 0
gpu-nodes-0:5321:5321 [1] NCCL INFO Connected to proxy localRank 1 -> connection 0x7f01f4005ed8
gpu-nodes-0:5321:5321 [1] NCCL INFO Channel 14/0 : 9[1] -> 8[0] via P2P/IPC
gpu-nodes-0:5321:15339 [1] NCCL INFO New proxy send connection 30 from local rank 1, transport 0
gpu-nodes-0:5321:5321 [1] NCCL INFO Connected to proxy localRank 1 -> connection 0x7f01f4005f60
gpu-nodes-0:5321:5321 [1] NCCL INFO Channel 15/0 : 9[1] -> 8[0] via P2P/IPC
gpu-nodes-0:5321:15339 [1] NCCL INFO New proxy send connection 31 from local rank 1, transport 0
gpu-nodes-0:5321:5321 [1] NCCL INFO Connected to proxy localRank 1 -> connection 0x7f01f4005fe8
gpu-nodes-0:5321:15339 [1] NCCL INFO NET/IB: ncclIbResiliencyInit: Resiliency is disabled on the send communicator (comm=0x7f01f4024000)
gpu-nodes-0:5321:15339 [1] NCCL INFO NET/IB: ncclIbResiliencyInit: Resiliency is disabled on the recv communicator (comm=0x7f01f405f000)
gpu-nodes-0:5321:15339 [1] NCCL INFO NET/IB: ncclIbRecvCommInit: Receive work requests will be posted on-demand
gpu-nodes-0:5321:15339 [1] NCCL INFO NET/IB: ncclIbResiliencyInit: Resiliency is disabled on the send communicator (comm=0x7f01f409e000)
gpu-nodes-0:5321:15339 [1] NCCL INFO NET/IB: ncclIbResiliencyInit: Resiliency is disabled on the recv communicator (comm=0x7f01f40d9000)
gpu-nodes-0:5321:15339 [1] NCCL INFO NET/IB: ncclIbRecvCommInit: Receive work requests will be posted on-demand
gpu-nodes-0:5321:15339 [1] NCCL INFO NET/IB: ncclIbSenderQpsCreate: QP created: port=1 dev=1 devName=mlx5_3 ndevs=14 nmdevs=16 qp_num=3275 pkey=0 pd=0x7f146405ec90
gpu-nodes-0:5321:15339 [1] NCCL INFO NET/IB: ncclIbConnect: NCCL Dev 1 IbDev 1 Port 1 qp_num 3275 mtu 5 LID 537 subnet-prefix 33022  FLID 0 ctsFifoRkey=0x12cd8c ctsFifoLkey=0x12cd8c
gpu-nodes-0:5321:15339 [1] NCCL INFO NET/IB: ncclIbConnect: IbDev 1 Port 1 qp_num 3275 query_ece={supported=1, vendor_id=0x15b3, options=0x30000200, comp_mask=0x0}
gpu-nodes-0:5321:15339 [1] NCCL INFO NET/IB: ncclIbReceiverQpsCreateToRts: QP created: port=1 dev=1 devName=mlx5_3 ndevs=14 nmdevs=16 qp_num=3276 pkey=0 pd=0x7f146405ec90
gpu-nodes-0:5321:15339 [1] NCCL INFO NET/IB: ncclIbReceiverQpsCreateToRts: QP created: port=1 dev=1 devName=mlx5_3 ndevs=14 nmdevs=16 qp_num=3277 pkey=0 pd=0x7f146405ec90
gpu-nodes-0:5321:15339 [1] NCCL INFO NET/IB: ncclIbSenderQpsToRts: Set ECE: IbDev 1 Port 1 qp_num 3275 set_ece={supported=1, vendor_id=0x15b3, options=0x30000200, comp_mask=0x0}
gpu-nodes-0:5321:15339 [1] NCCL INFO NET/IB: ncclIbSenderQpsCreate: QP created: port=1 dev=1 devName=mlx5_3 ndevs=14 nmdevs=16 qp_num=3278 pkey=0 pd=0x7f146405ec90
gpu-nodes-0:5321:15339 [1] NCCL INFO NET/IB: ncclIbConnect: NCCL Dev 1 IbDev 1 Port 1 qp_num 3278 mtu 5 LID 537 subnet-prefix 33022  FLID 0 ctsFifoRkey=0x12b575 ctsFifoLkey=0x12b575
gpu-nodes-0:5321:15339 [1] NCCL INFO NET/IB: ncclIbConnect: IbDev 1 Port 1 qp_num 3278 query_ece={supported=1, vendor_id=0x15b3, options=0x30000200, comp_mask=0x0}
gpu-nodes-0:5321:15339 [1] NCCL INFO NET/IB: ncclIbReceiverQpsCreateToRts: QP created: port=1 dev=1 devName=mlx5_3 ndevs=14 nmdevs=16 qp_num=3279 pkey=0 pd=0x7f146405ec90
gpu-nodes-0:5321:15339 [1] NCCL INFO NET/IB: ncclIbReceiverQpsCreateToRts: QP created: port=1 dev=1 devName=mlx5_3 ndevs=14 nmdevs=16 qp_num=3280 pkey=0 pd=0x7f146405ec90
gpu-nodes-0:5321:15339 [1] NCCL INFO NET/IB: ncclIbSenderQpsToRts: Set ECE: IbDev 1 Port 1 qp_num 3278 set_ece={supported=1, vendor_id=0x15b3, options=0x30000200, comp_mask=0x0}
gpu-nodes-0:5321:5321 [1] NCCL INFO Connected all rings, use ring PXN 1 GDR 1
gpu-nodes-0:5321:15339 [1] NCCL INFO New proxy recv connection 32 from local rank 1, transport 0
gpu-nodes-0:5321:5321 [1] NCCL INFO Connected to proxy localRank 1 -> connection 0x7f01f4006070
gpu-nodes-0:5321:15339 [1] NCCL INFO New proxy recv connection 33 from local rank 1, transport 0
gpu-nodes-0:5321:5321 [1] NCCL INFO Connected to proxy localRank 1 -> connection 0x7f01f40060f8
gpu-nodes-0:5321:15339 [1] NCCL INFO New proxy recv connection 34 from local rank 1, transport 0
gpu-nodes-0:5321:5321 [1] NCCL INFO Connected to proxy localRank 1 -> connection 0x7f01f4006180
gpu-nodes-0:5321:15339 [1] NCCL INFO New proxy recv connection 35 from local rank 1, transport 0
gpu-nodes-0:5321:5321 [1] NCCL INFO Connected to proxy localRank 1 -> connection 0x7f01f4006208
gpu-nodes-0:5321:15339 [1] NCCL INFO New proxy recv connection 36 from local rank 1, transport 0
gpu-nodes-0:5321:5321 [1] NCCL INFO Connected to proxy localRank 1 -> connection 0x7f01f4006290
gpu-nodes-0:5321:15339 [1] NCCL INFO New proxy recv connection 37 from local rank 1, transport 0
gpu-nodes-0:5321:5321 [1] NCCL INFO Connected to proxy localRank 1 -> connection 0x7f01f4006318
gpu-nodes-0:5321:15339 [1] NCCL INFO New proxy recv connection 38 from local rank 1, transport 0
gpu-nodes-0:5321:5321 [1] NCCL INFO Connected to proxy localRank 1 -> connection 0x7f01f40063a0
gpu-nodes-0:5321:15339 [1] NCCL INFO New proxy recv connection 39 from local rank 1, transport 0
gpu-nodes-0:5321:5321 [1] NCCL INFO Connected to proxy localRank 1 -> connection 0x7f01f4006428
gpu-nodes-0:5321:15339 [1] NCCL INFO New proxy recv connection 40 from local rank 1, transport 0
gpu-nodes-0:5321:5321 [1] NCCL INFO Connected to proxy localRank 1 -> connection 0x7f01f40064b0
gpu-nodes-0:5321:15339 [1] NCCL INFO New proxy recv connection 41 from local rank 1, transport 0
gpu-nodes-0:5321:5321 [1] NCCL INFO Connected to proxy localRank 1 -> connection 0x7f01f4006538
gpu-nodes-0:5321:15339 [1] NCCL INFO New proxy recv connection 42 from local rank 1, transport 0
gpu-nodes-0:5321:5321 [1] NCCL INFO Connected to proxy localRank 1 -> connection 0x7f01f40065c0
gpu-nodes-0:5321:15339 [1] NCCL INFO New proxy recv connection 43 from local rank 1, transport 0
gpu-nodes-0:5321:5321 [1] NCCL INFO Connected to proxy localRank 1 -> connection 0x7f01f4006648
gpu-nodes-0:5321:15339 [1] NCCL INFO New proxy recv connection 44 from local rank 1, transport 0
gpu-nodes-0:5321:5321 [1] NCCL INFO Connected to proxy localRank 1 -> connection 0x7f01f40066d0
gpu-nodes-0:5321:15339 [1] NCCL INFO New proxy recv connection 45 from local rank 1, transport 0
gpu-nodes-0:5321:5321 [1] NCCL INFO Connected to proxy localRank 1 -> connection 0x7f01f4006758
gpu-nodes-0:5321:5321 [1] NCCL INFO Channel 00/0 : 9[1] -> 10[2] via P2P/IPC
gpu-nodes-0:5321:15339 [1] NCCL INFO New proxy send connection 46 from local rank 1, transport 0
gpu-nodes-0:5321:5321 [1] NCCL INFO Connected to proxy localRank 1 -> connection 0x7f01f40067e0
gpu-nodes-0:5321:5321 [1] NCCL INFO Channel 01/0 : 9[1] -> 10[2] via P2P/IPC
gpu-nodes-0:5321:15339 [1] NCCL INFO New proxy send connection 47 from local rank 1, transport 0
gpu-nodes-0:5321:5321 [1] NCCL INFO Connected to proxy localRank 1 -> connection 0x7f01f4006868
gpu-nodes-0:5321:5321 [1] NCCL INFO Channel 03/0 : 9[1] -> 10[2] via P2P/IPC
gpu-nodes-0:5321:15339 [1] NCCL INFO New proxy send connection 48 from local rank 1, transport 0
gpu-nodes-0:5321:5321 [1] NCCL INFO Connected to proxy localRank 1 -> connection 0x7f01f40068f0
gpu-nodes-0:5321:5321 [1] NCCL INFO Channel 04/0 : 9[1] -> 10[2] via P2P/IPC
gpu-nodes-0:5321:15339 [1] NCCL INFO New proxy send connection 49 from local rank 1, transport 0
gpu-nodes-0:5321:5321 [1] NCCL INFO Connected to proxy localRank 1 -> connection 0x7f01f4006978
gpu-nodes-0:5321:5321 [1] NCCL INFO Channel 05/0 : 9[1] -> 10[2] via P2P/IPC
gpu-nodes-0:5321:15339 [1] NCCL INFO New proxy send connection 50 from local rank 1, transport 0
gpu-nodes-0:5321:5321 [1] NCCL INFO Connected to proxy localRank 1 -> connection 0x7f01f4006a00
gpu-nodes-0:5321:5321 [1] NCCL INFO Channel 06/0 : 9[1] -> 10[2] via P2P/IPC
gpu-nodes-0:5321:15339 [1] NCCL INFO New proxy send connection 51 from local rank 1, transport 0
gpu-nodes-0:5321:5321 [1] NCCL INFO Connected to proxy localRank 1 -> connection 0x7f01f4006a88
gpu-nodes-0:5321:5321 [1] NCCL INFO Channel 07/0 : 9[1] -> 10[2] via P2P/IPC
gpu-nodes-0:5321:15339 [1] NCCL INFO New proxy send connection 52 from local rank 1, transport 0
gpu-nodes-0:5321:5321 [1] NCCL INFO Connected to proxy localRank 1 -> connection 0x7f01f4006b10
gpu-nodes-0:5321:5321 [1] NCCL INFO Channel 08/0 : 9[1] -> 10[2] via P2P/IPC
gpu-nodes-0:5321:15339 [1] NCCL INFO New proxy send connection 53 from local rank 1, transport 0
gpu-nodes-0:5321:5321 [1] NCCL INFO Connected to proxy localRank 1 -> connection 0x7f01f4006b98
gpu-nodes-0:5321:5321 [1] NCCL INFO Channel 09/0 : 9[1] -> 10[2] via P2P/IPC
gpu-nodes-0:5321:15339 [1] NCCL INFO New proxy send connection 54 from local rank 1, transport 0
gpu-nodes-0:5321:5321 [1] NCCL INFO Connected to proxy localRank 1 -> connection 0x7f01f4006c20
gpu-nodes-0:5321:5321 [1] NCCL INFO Channel 11/0 : 9[1] -> 10[2] via P2P/IPC
gpu-nodes-0:5321:15339 [1] NCCL INFO New proxy send connection 55 from local rank 1, transport 0
gpu-nodes-0:5321:5321 [1] NCCL INFO Connected to proxy localRank 1 -> connection 0x7f01f4006ca8
gpu-nodes-0:5321:5321 [1] NCCL INFO Channel 12/0 : 9[1] -> 10[2] via P2P/IPC
gpu-nodes-0:5321:15339 [1] NCCL INFO New proxy send connection 56 from local rank 1, transport 0
gpu-nodes-0:5321:5321 [1] NCCL INFO Connected to proxy localRank 1 -> connection 0x7f01f4006d30
gpu-nodes-0:5321:5321 [1] NCCL INFO Channel 13/0 : 9[1] -> 10[2] via P2P/IPC
gpu-nodes-0:5321:15339 [1] NCCL INFO New proxy send connection 57 from local rank 1, transport 0
gpu-nodes-0:5321:5321 [1] NCCL INFO Connected to proxy localRank 1 -> connection 0x7f01f4006db8
gpu-nodes-0:5321:5321 [1] NCCL INFO Channel 14/0 : 9[1] -> 10[2] via P2P/IPC
gpu-nodes-0:5321:15339 [1] NCCL INFO New proxy send connection 58 from local rank 1, transport 0
gpu-nodes-0:5321:5321 [1] NCCL INFO Connected to proxy localRank 1 -> connection 0x7f01f4006e40
gpu-nodes-0:5321:5321 [1] NCCL INFO Channel 15/0 : 9[1] -> 10[2] via P2P/IPC
gpu-nodes-0:5321:15339 [1] NCCL INFO New proxy send connection 59 from local rank 1, transport 0
gpu-nodes-0:5321:5321 [1] NCCL INFO Connected to proxy localRank 1 -> connection 0x7f01f4006ec8
gpu-nodes-0:5321:5321 [1] NCCL INFO GPU Direct RDMA Enabled for GPU/0-77824 (rank 9) - NET/0-1 (distance 4 <= 6, read 0, mode Default)
gpu-nodes-0:5321:15339 [1] NCCL INFO New proxy recv connection 60 from local rank 1, transport 2
gpu-nodes-0:5321:5321 [1] NCCL INFO Connected to proxy localRank 1 -> connection 0x7f01f4006f50
gpu-nodes-0:5321:5321 [1] NCCL INFO Channel 01/0 : 1[1] -> 9[1] [receive] via NET/IB/1/GDRDMA
gpu-nodes-0:5321:5321 [1] NCCL INFO GPU Direct RDMA Enabled for GPU/0-77824 (rank 9) - NET/0-1 (distance 4 <= 6, read 0, mode Default)
gpu-nodes-0:5321:15339 [1] NCCL INFO New proxy recv connection 61 from local rank 1, transport 2
gpu-nodes-0:5321:5321 [1] NCCL INFO Connected to proxy localRank 1 -> connection 0x7f01f4006fd8
gpu-nodes-0:5321:5321 [1] NCCL INFO Channel 09/0 : 1[1] -> 9[1] [receive] via NET/IB/1/GDRDMA
gpu-nodes-0:5321:5321 [1] NCCL INFO GPU Direct RDMA Enabled for GPU/0-77824 (rank 9) - NET/0-1 (distance 4 <= 6, read 1, mode Default)
gpu-nodes-0:5321:15339 [1] NCCL INFO New proxy send connection 62 from local rank 1, transport 2
gpu-nodes-0:5321:5321 [1] NCCL INFO Connected to proxy localRank 1 -> connection 0x7f01f4007060
gpu-nodes-0:5321:5321 [1] NCCL INFO Channel 01/0 : 9[1] -> 1[1] [send] via NET/IB/1/GDRDMA
gpu-nodes-0:5321:5321 [1] NCCL INFO GPU Direct RDMA Enabled for GPU/0-77824 (rank 9) - NET/0-1 (distance 4 <= 6, read 1, mode Default)
gpu-nodes-0:5321:15339 [1] NCCL INFO New proxy send connection 63 from local rank 1, transport 2
gpu-nodes-0:5321:5321 [1] NCCL INFO Connected to proxy localRank 1 -> connection 0x7f01f40070e8
gpu-nodes-0:5321:5321 [1] NCCL INFO Channel 09/0 : 9[1] -> 1[1] [send] via NET/IB/1/GDRDMA
gpu-nodes-0:5321:15339 [1] NCCL INFO New proxy recv connection 64 from local rank 1, transport 0
gpu-nodes-0:5321:5321 [1] NCCL INFO Connected to proxy localRank 1 -> connection 0x7f01f4007170
gpu-nodes-0:5321:15339 [1] NCCL INFO New proxy recv connection 65 from local rank 1, transport 0
gpu-nodes-0:5321:5321 [1] NCCL INFO Connected to proxy localRank 1 -> connection 0x7f01f40071f8
gpu-nodes-0:5321:5321 [1] NCCL INFO Channel 00/0 : 9[1] -> 8[0] via P2P/IPC
gpu-nodes-0:5321:15339 [1] NCCL INFO New proxy send connection 66 from local rank 1, transport 0
gpu-nodes-0:5321:5321 [1] NCCL INFO Connected to proxy localRank 1 -> connection 0x7f01f4007280
gpu-nodes-0:5321:5321 [1] NCCL INFO Channel 08/0 : 9[1] -> 8[0] via P2P/IPC
gpu-nodes-0:5321:15339 [1] NCCL INFO New proxy send connection 67 from local rank 1, transport 0
gpu-nodes-0:5321:5321 [1] NCCL INFO Connected to proxy localRank 1 -> connection 0x7f01f4007308
gpu-nodes-0:5321:15339 [1] NCCL INFO NET/IB: ncclIbResiliencyInit: Resiliency is disabled on the send communicator (comm=0x7f01f422e000)
gpu-nodes-0:5321:15339 [1] NCCL INFO NET/IB: ncclIbResiliencyInit: Resiliency is disabled on the recv communicator (comm=0x7f01f4269000)
gpu-nodes-0:5321:15339 [1] NCCL INFO NET/IB: ncclIbRecvCommInit: Receive work requests will be posted on-demand
gpu-nodes-0:5321:15339 [1] NCCL INFO NET/IB: ncclIbResiliencyInit: Resiliency is disabled on the send communicator (comm=0x7f01f42a8000)
gpu-nodes-0:5321:15339 [1] NCCL INFO NET/IB: ncclIbResiliencyInit: Resiliency is disabled on the recv communicator (comm=0x7f01f42e3000)
gpu-nodes-0:5321:15339 [1] NCCL INFO NET/IB: ncclIbRecvCommInit: Receive work requests will be posted on-demand
gpu-nodes-0:5321:15339 [1] NCCL INFO NET/IB: ncclIbSenderQpsCreate: QP created: port=1 dev=1 devName=mlx5_3 ndevs=14 nmdevs=16 qp_num=3281 pkey=0 pd=0x7f146405ec90
gpu-nodes-0:5321:15339 [1] NCCL INFO NET/IB: ncclIbConnect: NCCL Dev 1 IbDev 1 Port 1 qp_num 3281 mtu 5 LID 537 subnet-prefix 33022  FLID 0 ctsFifoRkey=0x129e5d ctsFifoLkey=0x129e5d
gpu-nodes-0:5321:15339 [1] NCCL INFO NET/IB: ncclIbConnect: IbDev 1 Port 1 qp_num 3281 query_ece={supported=1, vendor_id=0x15b3, options=0x30000200, comp_mask=0x0}
gpu-nodes-0:5321:15339 [1] NCCL INFO NET/IB: ncclIbReceiverQpsCreateToRts: QP created: port=1 dev=1 devName=mlx5_3 ndevs=14 nmdevs=16 qp_num=3282 pkey=0 pd=0x7f146405ec90
gpu-nodes-0:5321:15339 [1] NCCL INFO NET/IB: ncclIbReceiverQpsCreateToRts: QP created: port=1 dev=1 devName=mlx5_3 ndevs=14 nmdevs=16 qp_num=3283 pkey=0 pd=0x7f146405ec90
gpu-nodes-0:5321:15339 [1] NCCL INFO NET/IB: ncclIbSenderQpsToRts: Set ECE: IbDev 1 Port 1 qp_num 3281 set_ece={supported=1, vendor_id=0x15b3, options=0x30000200, comp_mask=0x0}
gpu-nodes-0:5321:15339 [1] NCCL INFO NET/IB: ncclIbSenderQpsCreate: QP created: port=1 dev=1 devName=mlx5_3 ndevs=14 nmdevs=16 qp_num=3284 pkey=0 pd=0x7f146405ec90
gpu-nodes-0:5321:15339 [1] NCCL INFO NET/IB: ncclIbConnect: NCCL Dev 1 IbDev 1 Port 1 qp_num 3284 mtu 5 LID 537 subnet-prefix 33022  FLID 0 ctsFifoRkey=0x128645 ctsFifoLkey=0x128645
gpu-nodes-0:5321:15339 [1] NCCL INFO NET/IB: ncclIbConnect: IbDev 1 Port 1 qp_num 3284 query_ece={supported=1, vendor_id=0x15b3, options=0x30000200, comp_mask=0x0}
gpu-nodes-0:5321:15339 [1] NCCL INFO NET/IB: ncclIbReceiverQpsCreateToRts: QP created: port=1 dev=1 devName=mlx5_3 ndevs=14 nmdevs=16 qp_num=3285 pkey=0 pd=0x7f146405ec90
gpu-nodes-0:5321:15339 [1] NCCL INFO NET/IB: ncclIbReceiverQpsCreateToRts: QP created: port=1 dev=1 devName=mlx5_3 ndevs=14 nmdevs=16 qp_num=3286 pkey=0 pd=0x7f146405ec90
gpu-nodes-0:5321:15339 [1] NCCL INFO NET/IB: ncclIbSenderQpsToRts: Set ECE: IbDev 1 Port 1 qp_num 3284 set_ece={supported=1, vendor_id=0x15b3, options=0x30000200, comp_mask=0x0}
gpu-nodes-0:5321:5321 [1] NCCL INFO Connected all trees
gpu-nodes-0:5321:5321 [1] NCCL INFO Connected to proxy localRank 0 -> connection 0x78efc8007390
gpu-nodes-0:5321:5321 [1] NCCL INFO NVLS comm 0x7f0fe736e5b0 headRank 1 nHeads 8 nvlsRanks 8 buffSize 1048576 nvlsPerRankSize 67108864 nvlsTotalSize 536870912
gpu-nodes-0:5321:5321 [1] NCCL INFO GPU Direct RDMA Enabled for GPU/0-77824 (rank 9) - NET/0-1 (distance 4 <= 6, read 0, mode Default)
gpu-nodes-0:5321:15339 [1] NCCL INFO New proxy recv connection 68 from local rank 1, transport 2
gpu-nodes-0:5321:5321 [1] NCCL INFO Connected to proxy localRank 1 -> connection 0x7f01f4007390
gpu-nodes-0:5321:5321 [1] NCCL INFO Channel 00/0 : 1[1] -> 9[1] [receive] via NET/IB/1/GDRDMA
gpu-nodes-0:5321:5321 [1] NCCL INFO GPU Direct RDMA Enabled for GPU/0-77824 (rank 9) - NET/0-1 (distance 4 <= 6, read 0, mode Default)
gpu-nodes-0:5321:15339 [1] NCCL INFO New proxy recv connection 69 from local rank 1, transport 2
gpu-nodes-0:5321:5321 [1] NCCL INFO Connected to proxy localRank 1 -> connection 0x7f01f4007418
gpu-nodes-0:5321:5321 [1] NCCL INFO Channel 02/0 : 1[1] -> 9[1] [receive] via NET/IB/1/GDRDMA
gpu-nodes-0:5321:5321 [1] NCCL INFO GPU Direct RDMA Enabled for GPU/0-77824 (rank 9) - NET/0-1 (distance 4 <= 6, read 0, mode Default)
gpu-nodes-0:5321:15339 [1] NCCL INFO New proxy recv connection 70 from local rank 1, transport 2
gpu-nodes-0:5321:5321 [1] NCCL INFO Connected to proxy localRank 1 -> connection 0x7f01f40074a0
gpu-nodes-0:5321:5321 [1] NCCL INFO Channel 03/0 : 1[1] -> 9[1] [receive] via NET/IB/1/GDRDMA
gpu-nodes-0:5321:5321 [1] NCCL INFO GPU Direct RDMA Enabled for GPU/0-77824 (rank 9) - NET/0-1 (distance 4 <= 6, read 0, mode Default)
gpu-nodes-0:5321:15339 [1] NCCL INFO New proxy recv connection 71 from local rank 1, transport 2
gpu-nodes-0:5321:5321 [1] NCCL INFO Connected to proxy localRank 1 -> connection 0x7f01f4007528
gpu-nodes-0:5321:5321 [1] NCCL INFO Channel 04/0 : 1[1] -> 9[1] [receive] via NET/IB/1/GDRDMA
gpu-nodes-0:5321:5321 [1] NCCL INFO GPU Direct RDMA Enabled for GPU/0-77824 (rank 9) - NET/0-1 (distance 4 <= 6, read 0, mode Default)
gpu-nodes-0:5321:15339 [1] NCCL INFO New proxy recv connection 72 from local rank 1, transport 2
gpu-nodes-0:5321:5321 [1] NCCL INFO Connected to proxy localRank 1 -> connection 0x7f01f40075b0
gpu-nodes-0:5321:5321 [1] NCCL INFO Channel 05/0 : 1[1] -> 9[1] [receive] via NET/IB/1/GDRDMA
gpu-nodes-0:5321:5321 [1] NCCL INFO GPU Direct RDMA Enabled for GPU/0-77824 (rank 9) - NET/0-1 (distance 4 <= 6, read 0, mode Default)
gpu-nodes-0:5321:15339 [1] NCCL INFO New proxy recv connection 73 from local rank 1, transport 2
gpu-nodes-0:5321:5321 [1] NCCL INFO Connected to proxy localRank 1 -> connection 0x7f01f4007638
gpu-nodes-0:5321:5321 [1] NCCL INFO Channel 06/0 : 1[1] -> 9[1] [receive] via NET/IB/1/GDRDMA
gpu-nodes-0:5321:5321 [1] NCCL INFO GPU Direct RDMA Enabled for GPU/0-77824 (rank 9) - NET/0-1 (distance 4 <= 6, read 0, mode Default)
gpu-nodes-0:5321:15339 [1] NCCL INFO New proxy recv connection 74 from local rank 1, transport 2
gpu-nodes-0:5321:5321 [1] NCCL INFO Connected to proxy localRank 1 -> connection 0x7f01f40076c0
gpu-nodes-0:5321:5321 [1] NCCL INFO Channel 07/0 : 1[1] -> 9[1] [receive] via NET/IB/1/GDRDMA
gpu-nodes-0:5321:5321 [1] NCCL INFO GPU Direct RDMA Enabled for GPU/0-77824 (rank 9) - NET/0-1 (distance 4 <= 6, read 0, mode Default)
gpu-nodes-0:5321:15339 [1] NCCL INFO New proxy recv connection 75 from local rank 1, transport 2
gpu-nodes-0:5321:5321 [1] NCCL INFO Connected to proxy localRank 1 -> connection 0x7f01f4007748
gpu-nodes-0:5321:5321 [1] NCCL INFO Channel 08/0 : 1[1] -> 9[1] [receive] via NET/IB/1/GDRDMA
gpu-nodes-0:5321:5321 [1] NCCL INFO GPU Direct RDMA Enabled for GPU/0-77824 (rank 9) - NET/0-1 (distance 4 <= 6, read 0, mode Default)
gpu-nodes-0:5321:15339 [1] NCCL INFO New proxy recv connection 76 from local rank 1, transport 2
gpu-nodes-0:5321:5321 [1] NCCL INFO Connected to proxy localRank 1 -> connection 0x7f01f40077d0
gpu-nodes-0:5321:5321 [1] NCCL INFO Channel 10/0 : 1[1] -> 9[1] [receive] via NET/IB/1/GDRDMA
gpu-nodes-0:5321:5321 [1] NCCL INFO GPU Direct RDMA Enabled for GPU/0-77824 (rank 9) - NET/0-1 (distance 4 <= 6, read 0, mode Default)
gpu-nodes-0:5321:15339 [1] NCCL INFO New proxy recv connection 77 from local rank 1, transport 2
gpu-nodes-0:5321:5321 [1] NCCL INFO Connected to proxy localRank 1 -> connection 0x7f01f4007858
gpu-nodes-0:5321:5321 [1] NCCL INFO Channel 11/0 : 1[1] -> 9[1] [receive] via NET/IB/1/GDRDMA
gpu-nodes-0:5321:5321 [1] NCCL INFO GPU Direct RDMA Enabled for GPU/0-77824 (rank 9) - NET/0-1 (distance 4 <= 6, read 0, mode Default)
gpu-nodes-0:5321:15339 [1] NCCL INFO New proxy recv connection 78 from local rank 1, transport 2
gpu-nodes-0:5321:5321 [1] NCCL INFO Connected to proxy localRank 1 -> connection 0x7f01f40078e0
gpu-nodes-0:5321:5321 [1] NCCL INFO Channel 12/0 : 1[1] -> 9[1] [receive] via NET/IB/1/GDRDMA
gpu-nodes-0:5321:5321 [1] NCCL INFO GPU Direct RDMA Enabled for GPU/0-77824 (rank 9) - NET/0-1 (distance 4 <= 6, read 0, mode Default)
gpu-nodes-0:5321:15339 [1] NCCL INFO New proxy recv connection 79 from local rank 1, transport 2
gpu-nodes-0:5321:5321 [1] NCCL INFO Connected to proxy localRank 1 -> connection 0x7f01f4007968
gpu-nodes-0:5321:5321 [1] NCCL INFO Channel 13/0 : 1[1] -> 9[1] [receive] via NET/IB/1/GDRDMA
gpu-nodes-0:5321:5321 [1] NCCL INFO GPU Direct RDMA Enabled for GPU/0-77824 (rank 9) - NET/0-1 (distance 4 <= 6, read 0, mode Default)
gpu-nodes-0:5321:15339 [1] NCCL INFO New proxy recv connection 80 from local rank 1, transport 2
gpu-nodes-0:5321:5321 [1] NCCL INFO Connected to proxy localRank 1 -> connection 0x7f01f40079f0
gpu-nodes-0:5321:5321 [1] NCCL INFO Channel 14/0 : 1[1] -> 9[1] [receive] via NET/IB/1/GDRDMA
gpu-nodes-0:5321:5321 [1] NCCL INFO GPU Direct RDMA Enabled for GPU/0-77824 (rank 9) - NET/0-1 (distance 4 <= 6, read 0, mode Default)
gpu-nodes-0:5321:15339 [1] NCCL INFO New proxy recv connection 81 from local rank 1, transport 2
gpu-nodes-0:5321:5321 [1] NCCL INFO Connected to proxy localRank 1 -> connection 0x7f01f4007a78
gpu-nodes-0:5321:5321 [1] NCCL INFO Channel 15/0 : 1[1] -> 9[1] [receive] via NET/IB/1/GDRDMA
gpu-nodes-0:5321:5321 [1] NCCL INFO GPU Direct RDMA Enabled for GPU/0-77824 (rank 9) - NET/0-1 (distance 4 <= 6, read 0, mode Default)
gpu-nodes-0:5321:15339 [1] NCCL INFO New proxy recv connection 82 from local rank 1, transport 2
gpu-nodes-0:5321:5321 [1] NCCL INFO Connected to proxy localRank 1 -> connection 0x7f01f4007b00
gpu-nodes-0:5321:5321 [1] NCCL INFO Channel 16/0 : 1[1] -> 9[1] [receive] via NET/IB/1/GDRDMA
gpu-nodes-0:5321:5321 [1] NCCL INFO GPU Direct RDMA Enabled for GPU/0-77824 (rank 9) - NET/0-1 (distance 4 <= 6, read 0, mode Default)
gpu-nodes-0:5321:15339 [1] NCCL INFO New proxy recv connection 83 from local rank 1, transport 2
gpu-nodes-0:5321:5321 [1] NCCL INFO Connected to proxy localRank 1 -> connection 0x7f01f4007b88
gpu-nodes-0:5321:5321 [1] NCCL INFO Channel 17/0 : 1[1] -> 9[1] [receive] via NET/IB/1/GDRDMA
gpu-nodes-0:5321:5321 [1] NCCL INFO GPU Direct RDMA Enabled for GPU/0-77824 (rank 9) - NET/0-1 (distance 4 <= 6, read 0, mode Default)
gpu-nodes-0:5321:15339 [1] NCCL INFO New proxy recv connection 84 from local rank 1, transport 2
gpu-nodes-0:5321:5321 [1] NCCL INFO Connected to proxy localRank 1 -> connection 0x7f01f4007c10
gpu-nodes-0:5321:5321 [1] NCCL INFO Channel 18/0 : 1[1] -> 9[1] [receive] via NET/IB/1/GDRDMA
gpu-nodes-0:5321:5321 [1] NCCL INFO GPU Direct RDMA Enabled for GPU/0-77824 (rank 9) - NET/0-1 (distance 4 <= 6, read 0, mode Default)
gpu-nodes-0:5321:15339 [1] NCCL INFO New proxy recv connection 85 from local rank 1, transport 2
gpu-nodes-0:5321:5321 [1] NCCL INFO Connected to proxy localRank 1 -> connection 0x7f01f4007c98
gpu-nodes-0:5321:5321 [1] NCCL INFO Channel 19/0 : 1[1] -> 9[1] [receive] via NET/IB/1/GDRDMA
gpu-nodes-0:5321:5321 [1] NCCL INFO GPU Direct RDMA Enabled for GPU/0-77824 (rank 9) - NET/0-1 (distance 4 <= 6, read 0, mode Default)
gpu-nodes-0:5321:15339 [1] NCCL INFO New proxy recv connection 86 from local rank 1, transport 2
gpu-nodes-0:5321:5321 [1] NCCL INFO Connected to proxy localRank 1 -> connection 0x7f01f4007d20
gpu-nodes-0:5321:5321 [1] NCCL INFO Channel 20/0 : 1[1] -> 9[1] [receive] via NET/IB/1/GDRDMA
gpu-nodes-0:5321:5321 [1] NCCL INFO GPU Direct RDMA Enabled for GPU/0-77824 (rank 9) - NET/0-1 (distance 4 <= 6, read 0, mode Default)
gpu-nodes-0:5321:15339 [1] NCCL INFO New proxy recv connection 87 from local rank 1, transport 2
gpu-nodes-0:5321:5321 [1] NCCL INFO Connected to proxy localRank 1 -> connection 0x7f01f4007da8
gpu-nodes-0:5321:5321 [1] NCCL INFO Channel 21/0 : 1[1] -> 9[1] [receive] via NET/IB/1/GDRDMA
gpu-nodes-0:5321:5321 [1] NCCL INFO GPU Direct RDMA Enabled for GPU/0-77824 (rank 9) - NET/0-1 (distance 4 <= 6, read 0, mode Default)
gpu-nodes-0:5321:15339 [1] NCCL INFO New proxy recv connection 88 from local rank 1, transport 2
gpu-nodes-0:5321:5321 [1] NCCL INFO Connected to proxy localRank 1 -> connection 0x7f01f4007e30
gpu-nodes-0:5321:5321 [1] NCCL INFO Channel 22/0 : 1[1] -> 9[1] [receive] via NET/IB/1/GDRDMA
gpu-nodes-0:5321:5321 [1] NCCL INFO GPU Direct RDMA Enabled for GPU/0-77824 (rank 9) - NET/0-1 (distance 4 <= 6, read 0, mode Default)
gpu-nodes-0:5321:15339 [1] NCCL INFO New proxy recv connection 89 from local rank 1, transport 2
gpu-nodes-0:5321:5321 [1] NCCL INFO Connected to proxy localRank 1 -> connection 0x7f01f4007eb8
gpu-nodes-0:5321:5321 [1] NCCL INFO Channel 23/0 : 1[1] -> 9[1] [receive] via NET/IB/1/GDRDMA
gpu-nodes-0:5321:5321 [1] NCCL INFO GPU Direct RDMA Enabled for GPU/0-77824 (rank 9) - NET/0-1 (distance 4 <= 6, read 0, mode Default)
gpu-nodes-0:5321:15339 [1] NCCL INFO New proxy recv connection 90 from local rank 1, transport 2
gpu-nodes-0:5321:5321 [1] NCCL INFO Connected to proxy localRank 1 -> connection 0x7f01f4007f40
gpu-nodes-0:5321:5321 [1] NCCL INFO Channel 24/0 : 1[1] -> 9[1] [receive] via NET/IB/1/GDRDMA
gpu-nodes-0:5321:5321 [1] NCCL INFO GPU Direct RDMA Enabled for GPU/0-77824 (rank 9) - NET/0-1 (distance 4 <= 6, read 0, mode Default)
gpu-nodes-0:5321:15339 [1] NCCL INFO New proxy recv connection 91 from local rank 1, transport 2
gpu-nodes-0:5321:5321 [1] NCCL INFO Connected to proxy localRank 1 -> connection 0x7f01f4007fc8
gpu-nodes-0:5321:5321 [1] NCCL INFO Channel 25/0 : 1[1] -> 9[1] [receive] via NET/IB/1/GDRDMA
gpu-nodes-0:5321:5321 [1] NCCL INFO GPU Direct RDMA Enabled for GPU/0-77824 (rank 9) - NET/0-1 (distance 4 <= 6, read 0, mode Default)
gpu-nodes-0:5321:15339 [1] NCCL INFO New proxy recv connection 92 from local rank 1, transport 2
gpu-nodes-0:5321:5321 [1] NCCL INFO Connected to proxy localRank 1 -> connection 0x7f01f4008050
gpu-nodes-0:5321:5321 [1] NCCL INFO Channel 26/0 : 1[1] -> 9[1] [receive] via NET/IB/1/GDRDMA
gpu-nodes-0:5321:5321 [1] NCCL INFO GPU Direct RDMA Enabled for GPU/0-77824 (rank 9) - NET/0-1 (distance 4 <= 6, read 0, mode Default)
gpu-nodes-0:5321:15339 [1] NCCL INFO New proxy recv connection 93 from local rank 1, transport 2
gpu-nodes-0:5321:5321 [1] NCCL INFO Connected to proxy localRank 1 -> connection 0x7f01f40080d8
gpu-nodes-0:5321:5321 [1] NCCL INFO Channel 27/0 : 1[1] -> 9[1] [receive] via NET/IB/1/GDRDMA
gpu-nodes-0:5321:5321 [1] NCCL INFO GPU Direct RDMA Enabled for GPU/0-77824 (rank 9) - NET/0-1 (distance 4 <= 6, read 0, mode Default)
gpu-nodes-0:5321:15339 [1] NCCL INFO New proxy recv connection 94 from local rank 1, transport 2
gpu-nodes-0:5321:5321 [1] NCCL INFO Connected to proxy localRank 1 -> connection 0x7f01f4008160
gpu-nodes-0:5321:5321 [1] NCCL INFO Channel 28/0 : 1[1] -> 9[1] [receive] via NET/IB/1/GDRDMA
gpu-nodes-0:5321:5321 [1] NCCL INFO GPU Direct RDMA Enabled for GPU/0-77824 (rank 9) - NET/0-1 (distance 4 <= 6, read 0, mode Default)
gpu-nodes-0:5321:15339 [1] NCCL INFO New proxy recv connection 95 from local rank 1, transport 2
gpu-nodes-0:5321:5321 [1] NCCL INFO Connected to proxy localRank 1 -> connection 0x7f01f40081e8
gpu-nodes-0:5321:5321 [1] NCCL INFO Channel 29/0 : 1[1] -> 9[1] [receive] via NET/IB/1/GDRDMA
gpu-nodes-0:5321:5321 [1] NCCL INFO GPU Direct RDMA Enabled for GPU/0-77824 (rank 9) - NET/0-1 (distance 4 <= 6, read 0, mode Default)
gpu-nodes-0:5321:15339 [1] NCCL INFO New proxy recv connection 96 from local rank 1, transport 2
gpu-nodes-0:5321:5321 [1] NCCL INFO Connected to proxy localRank 1 -> connection 0x7f01f4008270
gpu-nodes-0:5321:5321 [1] NCCL INFO Channel 30/0 : 1[1] -> 9[1] [receive] via NET/IB/1/GDRDMA
gpu-nodes-0:5321:5321 [1] NCCL INFO GPU Direct RDMA Enabled for GPU/0-77824 (rank 9) - NET/0-1 (distance 4 <= 6, read 0, mode Default)
gpu-nodes-0:5321:15339 [1] NCCL INFO New proxy recv connection 97 from local rank 1, transport 2
gpu-nodes-0:5321:5321 [1] NCCL INFO Connected to proxy localRank 1 -> connection 0x7f01f40082f8
gpu-nodes-0:5321:5321 [1] NCCL INFO Channel 31/0 : 1[1] -> 9[1] [receive] via NET/IB/1/GDRDMA
gpu-nodes-0:5321:5321 [1] NCCL INFO GPU Direct RDMA Enabled for GPU/0-77824 (rank 9) - NET/0-1 (distance 4 <= 6, read 1, mode Default)
gpu-nodes-0:5321:15339 [1] NCCL INFO New proxy send connection 98 from local rank 1, transport 2
gpu-nodes-0:5321:5321 [1] NCCL INFO Connected to proxy localRank 1 -> connection 0x7f01f4008380
gpu-nodes-0:5321:5321 [1] NCCL INFO Channel 00/0 : 9[1] -> 1[1] [send] via NET/IB/1/GDRDMA
gpu-nodes-0:5321:5321 [1] NCCL INFO GPU Direct RDMA Enabled for GPU/0-77824 (rank 9) - NET/0-1 (distance 4 <= 6, read 1, mode Default)
gpu-nodes-0:5321:15339 [1] NCCL INFO New proxy send connection 99 from local rank 1, transport 2
gpu-nodes-0:5321:5321 [1] NCCL INFO Connected to proxy localRank 1 -> connection 0x7f01f4008408
gpu-nodes-0:5321:5321 [1] NCCL INFO Channel 02/0 : 9[1] -> 1[1] [send] via NET/IB/1/GDRDMA
gpu-nodes-0:5321:5321 [1] NCCL INFO GPU Direct RDMA Enabled for GPU/0-77824 (rank 9) - NET/0-1 (distance 4 <= 6, read 1, mode Default)
gpu-nodes-0:5321:15339 [1] NCCL INFO New proxy send connection 100 from local rank 1, transport 2
gpu-nodes-0:5321:5321 [1] NCCL INFO Connected to proxy localRank 1 -> connection 0x7f01f4008490
gpu-nodes-0:5321:5321 [1] NCCL INFO Channel 03/0 : 9[1] -> 1[1] [send] via NET/IB/1/GDRDMA
gpu-nodes-0:5321:5321 [1] NCCL INFO GPU Direct RDMA Enabled for GPU/0-77824 (rank 9) - NET/0-1 (distance 4 <= 6, read 1, mode Default)
gpu-nodes-0:5321:15339 [1] NCCL INFO New proxy send connection 101 from local rank 1, transport 2
gpu-nodes-0:5321:5321 [1] NCCL INFO Connected to proxy localRank 1 -> connection 0x7f01f4008518
gpu-nodes-0:5321:5321 [1] NCCL INFO Channel 04/0 : 9[1] -> 1[1] [send] via NET/IB/1/GDRDMA
gpu-nodes-0:5321:5321 [1] NCCL INFO GPU Direct RDMA Enabled for GPU/0-77824 (rank 9) - NET/0-1 (distance 4 <= 6, read 1, mode Default)
gpu-nodes-0:5321:15339 [1] NCCL INFO New proxy send connection 102 from local rank 1, transport 2
gpu-nodes-0:5321:5321 [1] NCCL INFO Connected to proxy localRank 1 -> connection 0x7f01f40085a0
gpu-nodes-0:5321:5321 [1] NCCL INFO Channel 05/0 : 9[1] -> 1[1] [send] via NET/IB/1/GDRDMA
gpu-nodes-0:5321:5321 [1] NCCL INFO GPU Direct RDMA Enabled for GPU/0-77824 (rank 9) - NET/0-1 (distance 4 <= 6, read 1, mode Default)
gpu-nodes-0:5321:15339 [1] NCCL INFO New proxy send connection 103 from local rank 1, transport 2
gpu-nodes-0:5321:5321 [1] NCCL INFO Connected to proxy localRank 1 -> connection 0x7f01f4008628
gpu-nodes-0:5321:5321 [1] NCCL INFO Channel 06/0 : 9[1] -> 1[1] [send] via NET/IB/1/GDRDMA
gpu-nodes-0:5321:5321 [1] NCCL INFO GPU Direct RDMA Enabled for GPU/0-77824 (rank 9) - NET/0-1 (distance 4 <= 6, read 1, mode Default)
gpu-nodes-0:5321:15339 [1] NCCL INFO New proxy send connection 104 from local rank 1, transport 2
gpu-nodes-0:5321:5321 [1] NCCL INFO Connected to proxy localRank 1 -> connection 0x7f01f40086b0
gpu-nodes-0:5321:5321 [1] NCCL INFO Channel 07/0 : 9[1] -> 1[1] [send] via NET/IB/1/GDRDMA
gpu-nodes-0:5321:5321 [1] NCCL INFO GPU Direct RDMA Enabled for GPU/0-77824 (rank 9) - NET/0-1 (distance 4 <= 6, read 1, mode Default)
gpu-nodes-0:5321:15339 [1] NCCL INFO New proxy send connection 105 from local rank 1, transport 2
gpu-nodes-0:5321:5321 [1] NCCL INFO Connected to proxy localRank 1 -> connection 0x7f01f4008738
gpu-nodes-0:5321:5321 [1] NCCL INFO Channel 08/0 : 9[1] -> 1[1] [send] via NET/IB/1/GDRDMA
gpu-nodes-0:5321:5321 [1] NCCL INFO GPU Direct RDMA Enabled for GPU/0-77824 (rank 9) - NET/0-1 (distance 4 <= 6, read 1, mode Default)
gpu-nodes-0:5321:15339 [1] NCCL INFO New proxy send connection 106 from local rank 1, transport 2
gpu-nodes-0:5321:5321 [1] NCCL INFO Connected to proxy localRank 1 -> connection 0x7f01f40087c0
gpu-nodes-0:5321:5321 [1] NCCL INFO Channel 10/0 : 9[1] -> 1[1] [send] via NET/IB/1/GDRDMA
gpu-nodes-0:5321:5321 [1] NCCL INFO GPU Direct RDMA Enabled for GPU/0-77824 (rank 9) - NET/0-1 (distance 4 <= 6, read 1, mode Default)
gpu-nodes-0:5321:15339 [1] NCCL INFO New proxy send connection 107 from local rank 1, transport 2
gpu-nodes-0:5321:5321 [1] NCCL INFO Connected to proxy localRank 1 -> connection 0x7f01f4008848
gpu-nodes-0:5321:5321 [1] NCCL INFO Channel 11/0 : 9[1] -> 1[1] [send] via NET/IB/1/GDRDMA
gpu-nodes-0:5321:5321 [1] NCCL INFO GPU Direct RDMA Enabled for GPU/0-77824 (rank 9) - NET/0-1 (distance 4 <= 6, read 1, mode Default)
gpu-nodes-0:5321:15339 [1] NCCL INFO New proxy send connection 108 from local rank 1, transport 2
gpu-nodes-0:5321:5321 [1] NCCL INFO Connected to proxy localRank 1 -> connection 0x7f01f40088d0
gpu-nodes-0:5321:5321 [1] NCCL INFO Channel 12/0 : 9[1] -> 1[1] [send] via NET/IB/1/GDRDMA
gpu-nodes-0:5321:5321 [1] NCCL INFO GPU Direct RDMA Enabled for GPU/0-77824 (rank 9) - NET/0-1 (distance 4 <= 6, read 1, mode Default)
gpu-nodes-0:5321:15339 [1] NCCL INFO New proxy send connection 109 from local rank 1, transport 2
gpu-nodes-0:5321:5321 [1] NCCL INFO Connected to proxy localRank 1 -> connection 0x7f01f4008958
gpu-nodes-0:5321:5321 [1] NCCL INFO Channel 13/0 : 9[1] -> 1[1] [send] via NET/IB/1/GDRDMA
gpu-nodes-0:5321:5321 [1] NCCL INFO GPU Direct RDMA Enabled for GPU/0-77824 (rank 9) - NET/0-1 (distance 4 <= 6, read 1, mode Default)
gpu-nodes-0:5321:15339 [1] NCCL INFO New proxy send connection 110 from local rank 1, transport 2
gpu-nodes-0:5321:5321 [1] NCCL INFO Connected to proxy localRank 1 -> connection 0x7f01f40089e0
gpu-nodes-0:5321:5321 [1] NCCL INFO Channel 14/0 : 9[1] -> 1[1] [send] via NET/IB/1/GDRDMA
gpu-nodes-0:5321:5321 [1] NCCL INFO GPU Direct RDMA Enabled for GPU/0-77824 (rank 9) - NET/0-1 (distance 4 <= 6, read 1, mode Default)
gpu-nodes-0:5321:15339 [1] NCCL INFO New proxy send connection 111 from local rank 1, transport 2
gpu-nodes-0:5321:5321 [1] NCCL INFO Connected to proxy localRank 1 -> connection 0x7f01f4008a68
gpu-nodes-0:5321:5321 [1] NCCL INFO Channel 15/0 : 9[1] -> 1[1] [send] via NET/IB/1/GDRDMA
gpu-nodes-0:5321:5321 [1] NCCL INFO GPU Direct RDMA Enabled for GPU/0-77824 (rank 9) - NET/0-1 (distance 4 <= 6, read 1, mode Default)
gpu-nodes-0:5321:15339 [1] NCCL INFO New proxy send connection 112 from local rank 1, transport 2
gpu-nodes-0:5321:5321 [1] NCCL INFO Connected to proxy localRank 1 -> connection 0x7f01f4008af0
gpu-nodes-0:5321:5321 [1] NCCL INFO Channel 16/0 : 9[1] -> 1[1] [send] via NET/IB/1/GDRDMA
gpu-nodes-0:5321:5321 [1] NCCL INFO GPU Direct RDMA Enabled for GPU/0-77824 (rank 9) - NET/0-1 (distance 4 <= 6, read 1, mode Default)
gpu-nodes-0:5321:15339 [1] NCCL INFO New proxy send connection 113 from local rank 1, transport 2
gpu-nodes-0:5321:5321 [1] NCCL INFO Connected to proxy localRank 1 -> connection 0x7f01f4008b78
gpu-nodes-0:5321:5321 [1] NCCL INFO Channel 17/0 : 9[1] -> 1[1] [send] via NET/IB/1/GDRDMA
gpu-nodes-0:5321:5321 [1] NCCL INFO GPU Direct RDMA Enabled for GPU/0-77824 (rank 9) - NET/0-1 (distance 4 <= 6, read 1, mode Default)
gpu-nodes-0:5321:15339 [1] NCCL INFO New proxy send connection 114 from local rank 1, transport 2
gpu-nodes-0:5321:5321 [1] NCCL INFO Connected to proxy localRank 1 -> connection 0x7f01f4008c00
gpu-nodes-0:5321:5321 [1] NCCL INFO Channel 18/0 : 9[1] -> 1[1] [send] via NET/IB/1/GDRDMA
gpu-nodes-0:5321:5321 [1] NCCL INFO GPU Direct RDMA Enabled for GPU/0-77824 (rank 9) - NET/0-1 (distance 4 <= 6, read 1, mode Default)
gpu-nodes-0:5321:15339 [1] NCCL INFO New proxy send connection 115 from local rank 1, transport 2
gpu-nodes-0:5321:5321 [1] NCCL INFO Connected to proxy localRank 1 -> connection 0x7f01f4008c88
gpu-nodes-0:5321:5321 [1] NCCL INFO Channel 19/0 : 9[1] -> 1[1] [send] via NET/IB/1/GDRDMA
gpu-nodes-0:5321:5321 [1] NCCL INFO GPU Direct RDMA Enabled for GPU/0-77824 (rank 9) - NET/0-1 (distance 4 <= 6, read 1, mode Default)
gpu-nodes-0:5321:15339 [1] NCCL INFO New proxy send connection 116 from local rank 1, transport 2
gpu-nodes-0:5321:5321 [1] NCCL INFO Connected to proxy localRank 1 -> connection 0x7f01f4008d10
gpu-nodes-0:5321:5321 [1] NCCL INFO Channel 20/0 : 9[1] -> 1[1] [send] via NET/IB/1/GDRDMA
gpu-nodes-0:5321:5321 [1] NCCL INFO GPU Direct RDMA Enabled for GPU/0-77824 (rank 9) - NET/0-1 (distance 4 <= 6, read 1, mode Default)
gpu-nodes-0:5321:15339 [1] NCCL INFO New proxy send connection 117 from local rank 1, transport 2
gpu-nodes-0:5321:5321 [1] NCCL INFO Connected to proxy localRank 1 -> connection 0x7f01f4008d98
gpu-nodes-0:5321:5321 [1] NCCL INFO Channel 21/0 : 9[1] -> 1[1] [send] via NET/IB/1/GDRDMA
gpu-nodes-0:5321:5321 [1] NCCL INFO GPU Direct RDMA Enabled for GPU/0-77824 (rank 9) - NET/0-1 (distance 4 <= 6, read 1, mode Default)
gpu-nodes-0:5321:15339 [1] NCCL INFO New proxy send connection 118 from local rank 1, transport 2
gpu-nodes-0:5321:5321 [1] NCCL INFO Connected to proxy localRank 1 -> connection 0x7f01f4008e20
gpu-nodes-0:5321:5321 [1] NCCL INFO Channel 22/0 : 9[1] -> 1[1] [send] via NET/IB/1/GDRDMA
gpu-nodes-0:5321:5321 [1] NCCL INFO GPU Direct RDMA Enabled for GPU/0-77824 (rank 9) - NET/0-1 (distance 4 <= 6, read 1, mode Default)
gpu-nodes-0:5321:15339 [1] NCCL INFO New proxy send connection 119 from local rank 1, transport 2
gpu-nodes-0:5321:5321 [1] NCCL INFO Connected to proxy localRank 1 -> connection 0x7f01f4008ea8
gpu-nodes-0:5321:5321 [1] NCCL INFO Channel 23/0 : 9[1] -> 1[1] [send] via NET/IB/1/GDRDMA
gpu-nodes-0:5321:5321 [1] NCCL INFO GPU Direct RDMA Enabled for GPU/0-77824 (rank 9) - NET/0-1 (distance 4 <= 6, read 1, mode Default)
gpu-nodes-0:5321:15339 [1] NCCL INFO New proxy send connection 120 from local rank 1, transport 2
gpu-nodes-0:5321:5321 [1] NCCL INFO Connected to proxy localRank 1 -> connection 0x7f01f4008f30
gpu-nodes-0:5321:5321 [1] NCCL INFO Channel 24/0 : 9[1] -> 1[1] [send] via NET/IB/1/GDRDMA
gpu-nodes-0:5321:5321 [1] NCCL INFO GPU Direct RDMA Enabled for GPU/0-77824 (rank 9) - NET/0-1 (distance 4 <= 6, read 1, mode Default)
gpu-nodes-0:5321:15339 [1] NCCL INFO New proxy send connection 121 from local rank 1, transport 2
gpu-nodes-0:5321:5321 [1] NCCL INFO Connected to proxy localRank 1 -> connection 0x7f01f4008fb8
gpu-nodes-0:5321:5321 [1] NCCL INFO Channel 25/0 : 9[1] -> 1[1] [send] via NET/IB/1/GDRDMA
gpu-nodes-0:5321:5321 [1] NCCL INFO GPU Direct RDMA Enabled for GPU/0-77824 (rank 9) - NET/0-1 (distance 4 <= 6, read 1, mode Default)
gpu-nodes-0:5321:15339 [1] NCCL INFO New proxy send connection 122 from local rank 1, transport 2
gpu-nodes-0:5321:5321 [1] NCCL INFO Connected to proxy localRank 1 -> connection 0x7f01f4009040
gpu-nodes-0:5321:5321 [1] NCCL INFO Channel 26/0 : 9[1] -> 1[1] [send] via NET/IB/1/GDRDMA
gpu-nodes-0:5321:5321 [1] NCCL INFO GPU Direct RDMA Enabled for GPU/0-77824 (rank 9) - NET/0-1 (distance 4 <= 6, read 1, mode Default)
gpu-nodes-0:5321:15339 [1] NCCL INFO New proxy send connection 123 from local rank 1, transport 2
gpu-nodes-0:5321:5321 [1] NCCL INFO Connected to proxy localRank 1 -> connection 0x7f01f40090c8
gpu-nodes-0:5321:5321 [1] NCCL INFO Channel 27/0 : 9[1] -> 1[1] [send] via NET/IB/1/GDRDMA
gpu-nodes-0:5321:5321 [1] NCCL INFO GPU Direct RDMA Enabled for GPU/0-77824 (rank 9) - NET/0-1 (distance 4 <= 6, read 1, mode Default)
gpu-nodes-0:5321:15339 [1] NCCL INFO New proxy send connection 124 from local rank 1, transport 2
gpu-nodes-0:5321:5321 [1] NCCL INFO Connected to proxy localRank 1 -> connection 0x7f01f4009150
gpu-nodes-0:5321:5321 [1] NCCL INFO Channel 28/0 : 9[1] -> 1[1] [send] via NET/IB/1/GDRDMA
gpu-nodes-0:5321:5321 [1] NCCL INFO GPU Direct RDMA Enabled for GPU/0-77824 (rank 9) - NET/0-1 (distance 4 <= 6, read 1, mode Default)
gpu-nodes-0:5321:15339 [1] NCCL INFO New proxy send connection 125 from local rank 1, transport 2
gpu-nodes-0:5321:5321 [1] NCCL INFO Connected to proxy localRank 1 -> connection 0x7f01f40091d8
gpu-nodes-0:5321:5321 [1] NCCL INFO Channel 29/0 : 9[1] -> 1[1] [send] via NET/IB/1/GDRDMA
gpu-nodes-0:5321:5321 [1] NCCL INFO GPU Direct RDMA Enabled for GPU/0-77824 (rank 9) - NET/0-1 (distance 4 <= 6, read 1, mode Default)
gpu-nodes-0:5321:15339 [1] NCCL INFO New proxy send connection 126 from local rank 1, transport 2
gpu-nodes-0:5321:5321 [1] NCCL INFO Connected to proxy localRank 1 -> connection 0x7f01f4009260
gpu-nodes-0:5321:5321 [1] NCCL INFO Channel 30/0 : 9[1] -> 1[1] [send] via NET/IB/1/GDRDMA
gpu-nodes-0:5321:5321 [1] NCCL INFO GPU Direct RDMA Enabled for GPU/0-77824 (rank 9) - NET/0-1 (distance 4 <= 6, read 1, mode Default)
gpu-nodes-0:5321:15339 [1] NCCL INFO New proxy send connection 127 from local rank 1, transport 2
gpu-nodes-0:5321:5321 [1] NCCL INFO Connected to proxy localRank 1 -> connection 0x7f01f40092e8
gpu-nodes-0:5321:5321 [1] NCCL INFO Channel 31/0 : 9[1] -> 1[1] [send] via NET/IB/1/GDRDMA
gpu-nodes-0:5321:15339 [1] NCCL INFO NET/IB: ncclIbResiliencyInit: Resiliency is disabled on the send communicator (comm=0x7f01f4433000)
gpu-nodes-0:5321:15339 [1] NCCL INFO NET/IB: ncclIbResiliencyInit: Resiliency is disabled on the recv communicator (comm=0x7f01f446e000)
gpu-nodes-0:5321:15339 [1] NCCL INFO NET/IB: ncclIbRecvCommInit: Receive work requests will be posted on-demand
gpu-nodes-0:5321:15339 [1] NCCL INFO NET/IB: ncclIbResiliencyInit: Resiliency is disabled on the send communicator (comm=0x7f01f44ad000)
gpu-nodes-0:5321:15339 [1] NCCL INFO NET/IB: ncclIbSenderQpsCreate: QP created: port=1 dev=1 devName=mlx5_3 ndevs=14 nmdevs=16 qp_num=3287 pkey=0 pd=0x7f146405ec90
gpu-nodes-0:5321:15339 [1] NCCL INFO NET/IB: ncclIbConnect: NCCL Dev 1 IbDev 1 Port 1 qp_num 3287 mtu 5 LID 537 subnet-prefix 33022  FLID 0 ctsFifoRkey=0x126e2e ctsFifoLkey=0x126e2e
gpu-nodes-0:5321:15339 [1] NCCL INFO NET/IB: ncclIbConnect: IbDev 1 Port 1 qp_num 3287 query_ece={supported=1, vendor_id=0x15b3, options=0x30000200, comp_mask=0x0}
gpu-nodes-0:5321:15339 [1] NCCL INFO NET/IB: ncclIbSenderQpsCreate: QP created: port=1 dev=1 devName=mlx5_3 ndevs=14 nmdevs=16 qp_num=3288 pkey=0 pd=0x7f146405ec90
gpu-nodes-0:5321:15339 [1] NCCL INFO NET/IB: ncclIbConnect: NCCL Dev 1 IbDev 1 Port 1 qp_num 3288 mtu 5 LID 537 subnet-prefix 33022  FLID 0 ctsFifoRkey=0x126322 ctsFifoLkey=0x126322
gpu-nodes-0:5321:15339 [1] NCCL INFO NET/IB: ncclIbConnect: IbDev 1 Port 1 qp_num 3288 query_ece={supported=1, vendor_id=0x15b3, options=0x30000200, comp_mask=0x0}
gpu-nodes-0:5321:15339 [1] NCCL INFO NET/IB: ncclIbResiliencyInit: Resiliency is disabled on the recv communicator (comm=0x7f01f454c000)
gpu-nodes-0:5321:15339 [1] NCCL INFO NET/IB: ncclIbRecvCommInit: Receive work requests will be posted on-demand
gpu-nodes-0:5321:15339 [1] NCCL INFO NET/IB: ncclIbResiliencyInit: Resiliency is disabled on the send communicator (comm=0x7f01f458b000)
gpu-nodes-0:5321:15339 [1] NCCL INFO NET/IB: ncclIbReceiverQpsCreateToRts: QP created: port=1 dev=1 devName=mlx5_3 ndevs=14 nmdevs=16 qp_num=3289 pkey=0 pd=0x7f146405ec90
gpu-nodes-0:5321:15339 [1] NCCL INFO NET/IB: ncclIbReceiverQpsCreateToRts: QP created: port=1 dev=1 devName=mlx5_3 ndevs=14 nmdevs=16 qp_num=3290 pkey=0 pd=0x7f146405ec90
gpu-nodes-0:5321:15339 [1] NCCL INFO NET/IB: ncclIbResiliencyInit: Resiliency is disabled on the recv communicator (comm=0x7f01f4618000)
gpu-nodes-0:5321:15339 [1] NCCL INFO NET/IB: ncclIbRecvCommInit: Receive work requests will be posted on-demand
gpu-nodes-0:5321:15339 [1] NCCL INFO NET/IB: ncclIbSenderQpsToRts: Set ECE: IbDev 1 Port 1 qp_num 3287 set_ece={supported=1, vendor_id=0x15b3, options=0x30000200, comp_mask=0x0}
gpu-nodes-0:5321:15339 [1] NCCL INFO NET/IB: ncclIbSenderQpsToRts: Set ECE: IbDev 1 Port 1 qp_num 3288 set_ece={supported=1, vendor_id=0x15b3, options=0x30000200, comp_mask=0x0}
gpu-nodes-0:5321:15339 [1] NCCL INFO NET/IB: ncclIbReceiverQpsCreateToRts: QP created: port=1 dev=1 devName=mlx5_3 ndevs=14 nmdevs=16 qp_num=3291 pkey=0 pd=0x7f146405ec90
gpu-nodes-0:5321:15339 [1] NCCL INFO NET/IB: ncclIbReceiverQpsCreateToRts: QP created: port=1 dev=1 devName=mlx5_3 ndevs=14 nmdevs=16 qp_num=3292 pkey=0 pd=0x7f146405ec90
gpu-nodes-0:5321:15339 [1] NCCL INFO NET/IB: ncclIbSenderQpsCreate: QP created: port=1 dev=1 devName=mlx5_3 ndevs=14 nmdevs=16 qp_num=3293 pkey=0 pd=0x7f146405ec90
gpu-nodes-0:5321:15339 [1] NCCL INFO NET/IB: ncclIbConnect: NCCL Dev 1 IbDev 1 Port 1 qp_num 3293 mtu 5 LID 537 subnet-prefix 33022  FLID 0 ctsFifoRkey=0x1240ff ctsFifoLkey=0x1240ff
gpu-nodes-0:5321:15339 [1] NCCL INFO NET/IB: ncclIbConnect: IbDev 1 Port 1 qp_num 3293 query_ece={supported=1, vendor_id=0x15b3, options=0x30000200, comp_mask=0x0}
gpu-nodes-0:5321:15339 [1] NCCL INFO NET/IB: ncclIbReceiverQpsCreateToRts: QP created: port=1 dev=1 devName=mlx5_3 ndevs=14 nmdevs=16 qp_num=3294 pkey=0 pd=0x7f146405ec90
gpu-nodes-0:5321:15339 [1] NCCL INFO NET/IB: ncclIbReceiverQpsCreateToRts: QP created: port=1 dev=1 devName=mlx5_3 ndevs=14 nmdevs=16 qp_num=3295 pkey=0 pd=0x7f146405ec90
gpu-nodes-0:5321:15339 [1] NCCL INFO NET/IB: ncclIbResiliencyInit: Resiliency is disabled on the send communicator (comm=0x7f01f4724000)
gpu-nodes-0:5321:15339 [1] NCCL INFO NET/IB: ncclIbResiliencyInit: Resiliency is disabled on the recv communicator (comm=0x7f01f475f000)
gpu-nodes-0:5321:15339 [1] NCCL INFO NET/IB: ncclIbRecvCommInit: Receive work requests will be posted on-demand
gpu-nodes-0:5321:15339 [1] NCCL INFO NET/IB: ncclIbResiliencyInit: Resiliency is disabled on the send communicator (comm=0x7f01f479e000)
gpu-nodes-0:5321:15339 [1] NCCL INFO NET/IB: ncclIbResiliencyInit: Resiliency is disabled on the recv communicator (comm=0x7f01f47d9000)
gpu-nodes-0:5321:15339 [1] NCCL INFO NET/IB: ncclIbRecvCommInit: Receive work requests will be posted on-demand
gpu-nodes-0:5321:15339 [1] NCCL INFO NET/IB: ncclIbResiliencyInit: Resiliency is disabled on the send communicator (comm=0x7f01f4818000)
gpu-nodes-0:5321:15339 [1] NCCL INFO NET/IB: ncclIbResiliencyInit: Resiliency is disabled on the recv communicator (comm=0x7f01f4853000)
gpu-nodes-0:5321:15339 [1] NCCL INFO NET/IB: ncclIbRecvCommInit: Receive work requests will be posted on-demand
gpu-nodes-0:5321:15339 [1] NCCL INFO NET/IB: ncclIbResiliencyInit: Resiliency is disabled on the send communicator (comm=0x7f01f4892000)
gpu-nodes-0:5321:15339 [1] NCCL INFO NET/IB: ncclIbResiliencyInit: Resiliency is disabled on the recv communicator (comm=0x7f01f48cd000)
gpu-nodes-0:5321:15339 [1] NCCL INFO NET/IB: ncclIbRecvCommInit: Receive work requests will be posted on-demand
gpu-nodes-0:5321:15339 [1] NCCL INFO NET/IB: ncclIbResiliencyInit: Resiliency is disabled on the send communicator (comm=0x7f01f490c000)
gpu-nodes-0:5321:15339 [1] NCCL INFO NET/IB: ncclIbResiliencyInit: Resiliency is disabled on the recv communicator (comm=0x7f01f4947000)
gpu-nodes-0:5321:15339 [1] NCCL INFO NET/IB: ncclIbRecvCommInit: Receive work requests will be posted on-demand
gpu-nodes-0:5321:15339 [1] NCCL INFO NET/IB: ncclIbResiliencyInit: Resiliency is disabled on the send communicator (comm=0x7f01f4986000)
gpu-nodes-0:5321:15339 [1] NCCL INFO NET/IB: ncclIbResiliencyInit: Resiliency is disabled on the recv communicator (comm=0x7f01f49c1000)
gpu-nodes-0:5321:15339 [1] NCCL INFO NET/IB: ncclIbRecvCommInit: Receive work requests will be posted on-demand
gpu-nodes-0:5321:15339 [1] NCCL INFO NET/IB: ncclIbResiliencyInit: Resiliency is disabled on the send communicator (comm=0x7f01f4a00000)
gpu-nodes-0:5321:15339 [1] NCCL INFO NET/IB: ncclIbResiliencyInit: Resiliency is disabled on the recv communicator (comm=0x7f01f4a3b000)
gpu-nodes-0:5321:15339 [1] NCCL INFO NET/IB: ncclIbRecvCommInit: Receive work requests will be posted on-demand
gpu-nodes-0:5321:15339 [1] NCCL INFO NET/IB: ncclIbResiliencyInit: Resiliency is disabled on the send communicator (comm=0x7f01f4a7a000)
gpu-nodes-0:5321:15339 [1] NCCL INFO NET/IB: ncclIbResiliencyInit: Resiliency is disabled on the recv communicator (comm=0x7f01f4ab5000)
gpu-nodes-0:5321:15339 [1] NCCL INFO NET/IB: ncclIbRecvCommInit: Receive work requests will be posted on-demand
gpu-nodes-0:5321:15339 [1] NCCL INFO NET/IB: ncclIbResiliencyInit: Resiliency is disabled on the send communicator (comm=0x7f01f4af4000)
gpu-nodes-0:5321:15339 [1] NCCL INFO NET/IB: ncclIbResiliencyInit: Resiliency is disabled on the recv communicator (comm=0x7f01f4b2f000)
gpu-nodes-0:5321:15339 [1] NCCL INFO NET/IB: ncclIbRecvCommInit: Receive work requests will be posted on-demand
gpu-nodes-0:5321:15339 [1] NCCL INFO NET/IB: ncclIbResiliencyInit: Resiliency is disabled on the send communicator (comm=0x7f01f4b6e000)
gpu-nodes-0:5321:15339 [1] NCCL INFO NET/IB: ncclIbResiliencyInit: Resiliency is disabled on the recv communicator (comm=0x7f01f4ba9000)
gpu-nodes-0:5321:15339 [1] NCCL INFO NET/IB: ncclIbRecvCommInit: Receive work requests will be posted on-demand
gpu-nodes-0:5321:15339 [1] NCCL INFO NET/IB: ncclIbResiliencyInit: Resiliency is disabled on the send communicator (comm=0x7f01f4be8000)
gpu-nodes-0:5321:15339 [1] NCCL INFO NET/IB: ncclIbResiliencyInit: Resiliency is disabled on the recv communicator (comm=0x7f01f4c23000)
gpu-nodes-0:5321:15339 [1] NCCL INFO NET/IB: ncclIbRecvCommInit: Receive work requests will be posted on-demand
gpu-nodes-0:5321:15339 [1] NCCL INFO NET/IB: ncclIbResiliencyInit: Resiliency is disabled on the send communicator (comm=0x7f01f4c62000)
gpu-nodes-0:5321:15339 [1] NCCL INFO NET/IB: ncclIbResiliencyInit: Resiliency is disabled on the recv communicator (comm=0x7f01f4c9d000)
gpu-nodes-0:5321:15339 [1] NCCL INFO NET/IB: ncclIbRecvCommInit: Receive work requests will be posted on-demand
gpu-nodes-0:5321:15339 [1] NCCL INFO NET/IB: ncclIbResiliencyInit: Resiliency is disabled on the send communicator (comm=0x7f01f4cdc000)
gpu-nodes-0:5321:15339 [1] NCCL INFO NET/IB: ncclIbResiliencyInit: Resiliency is disabled on the recv communicator (comm=0x7f01f4d17000)
gpu-nodes-0:5321:15339 [1] NCCL INFO NET/IB: ncclIbRecvCommInit: Receive work requests will be posted on-demand
gpu-nodes-0:5321:15339 [1] NCCL INFO NET/IB: ncclIbResiliencyInit: Resiliency is disabled on the send communicator (comm=0x7f01f4d56000)
gpu-nodes-0:5321:15339 [1] NCCL INFO NET/IB: ncclIbResiliencyInit: Resiliency is disabled on the recv communicator (comm=0x7f01f4d91000)
gpu-nodes-0:5321:15339 [1] NCCL INFO NET/IB: ncclIbRecvCommInit: Receive work requests will be posted on-demand
gpu-nodes-0:5321:15339 [1] NCCL INFO NET/IB: ncclIbResiliencyInit: Resiliency is disabled on the send communicator (comm=0x7f01f4dd0000)
gpu-nodes-0:5321:15339 [1] NCCL INFO NET/IB: ncclIbResiliencyInit: Resiliency is disabled on the recv communicator (comm=0x7f01f4e0b000)
gpu-nodes-0:5321:15339 [1] NCCL INFO NET/IB: ncclIbRecvCommInit: Receive work requests will be posted on-demand
gpu-nodes-0:5321:15339 [1] NCCL INFO NET/IB: ncclIbResiliencyInit: Resiliency is disabled on the send communicator (comm=0x7f01f4e4a000)
gpu-nodes-0:5321:15339 [1] NCCL INFO NET/IB: ncclIbResiliencyInit: Resiliency is disabled on the recv communicator (comm=0x7f01f4e85000)
gpu-nodes-0:5321:15339 [1] NCCL INFO NET/IB: ncclIbRecvCommInit: Receive work requests will be posted on-demand
gpu-nodes-0:5321:15339 [1] NCCL INFO NET/IB: ncclIbResiliencyInit: Resiliency is disabled on the send communicator (comm=0x7f01f4ec4000)
gpu-nodes-0:5321:15339 [1] NCCL INFO NET/IB: ncclIbResiliencyInit: Resiliency is disabled on the recv communicator (comm=0x7f01f4eff000)
gpu-nodes-0:5321:15339 [1] NCCL INFO NET/IB: ncclIbRecvCommInit: Receive work requests will be posted on-demand
gpu-nodes-0:5321:15339 [1] NCCL INFO NET/IB: ncclIbResiliencyInit: Resiliency is disabled on the send communicator (comm=0x7f01f4f3e000)
gpu-nodes-0:5321:15339 [1] NCCL INFO NET/IB: ncclIbResiliencyInit: Resiliency is disabled on the recv communicator (comm=0x7f01f4f79000)
gpu-nodes-0:5321:15339 [1] NCCL INFO NET/IB: ncclIbRecvCommInit: Receive work requests will be posted on-demand
gpu-nodes-0:5321:15339 [1] NCCL INFO NET/IB: ncclIbResiliencyInit: Resiliency is disabled on the send communicator (comm=0x7f01f4fb8000)
gpu-nodes-0:5321:15339 [1] NCCL INFO NET/IB: ncclIbResiliencyInit: Resiliency is disabled on the recv communicator (comm=0x7f01f4ff3000)
gpu-nodes-0:5321:15339 [1] NCCL INFO NET/IB: ncclIbRecvCommInit: Receive work requests will be posted on-demand
gpu-nodes-0:5321:15339 [1] NCCL INFO NET/IB: ncclIbResiliencyInit: Resiliency is disabled on the send communicator (comm=0x7f01f5032000)
gpu-nodes-0:5321:15339 [1] NCCL INFO NET/IB: ncclIbResiliencyInit: Resiliency is disabled on the recv communicator (comm=0x7f01f506d000)
gpu-nodes-0:5321:15339 [1] NCCL INFO NET/IB: ncclIbRecvCommInit: Receive work requests will be posted on-demand
gpu-nodes-0:5321:15339 [1] NCCL INFO NET/IB: ncclIbResiliencyInit: Resiliency is disabled on the send communicator (comm=0x7f01f50ac000)
gpu-nodes-0:5321:15339 [1] NCCL INFO NET/IB: ncclIbResiliencyInit: Resiliency is disabled on the recv communicator (comm=0x7f01f50e7000)
gpu-nodes-0:5321:15339 [1] NCCL INFO NET/IB: ncclIbRecvCommInit: Receive work requests will be posted on-demand
gpu-nodes-0:5321:15339 [1] NCCL INFO NET/IB: ncclIbResiliencyInit: Resiliency is disabled on the send communicator (comm=0x7f01f5126000)
gpu-nodes-0:5321:15339 [1] NCCL INFO NET/IB: ncclIbResiliencyInit: Resiliency is disabled on the recv communicator (comm=0x7f01f5161000)
gpu-nodes-0:5321:15339 [1] NCCL INFO NET/IB: ncclIbRecvCommInit: Receive work requests will be posted on-demand
gpu-nodes-0:5321:15339 [1] NCCL INFO NET/IB: ncclIbResiliencyInit: Resiliency is disabled on the send communicator (comm=0x7f01f51a0000)
gpu-nodes-0:5321:15339 [1] NCCL INFO NET/IB: ncclIbResiliencyInit: Resiliency is disabled on the recv communicator (comm=0x7f01f51db000)
gpu-nodes-0:5321:15339 [1] NCCL INFO NET/IB: ncclIbRecvCommInit: Receive work requests will be posted on-demand
gpu-nodes-0:5321:15339 [1] NCCL INFO NET/IB: ncclIbResiliencyInit: Resiliency is disabled on the send communicator (comm=0x7f01f521a000)
gpu-nodes-0:5321:15339 [1] NCCL INFO NET/IB: ncclIbResiliencyInit: Resiliency is disabled on the recv communicator (comm=0x7f01f5255000)
gpu-nodes-0:5321:15339 [1] NCCL INFO NET/IB: ncclIbRecvCommInit: Receive work requests will be posted on-demand
gpu-nodes-0:5321:15339 [1] NCCL INFO NET/IB: ncclIbResiliencyInit: Resiliency is disabled on the send communicator (comm=0x7f01f5294000)
gpu-nodes-0:5321:15339 [1] NCCL INFO NET/IB: ncclIbResiliencyInit: Resiliency is disabled on the recv communicator (comm=0x7f01f52cf000)
gpu-nodes-0:5321:15339 [1] NCCL INFO NET/IB: ncclIbRecvCommInit: Receive work requests will be posted on-demand
gpu-nodes-0:5321:15339 [1] NCCL INFO NET/IB: ncclIbResiliencyInit: Resiliency is disabled on the send communicator (comm=0x7f01f530e000)
gpu-nodes-0:5321:15339 [1] NCCL INFO NET/IB: ncclIbResiliencyInit: Resiliency is disabled on the recv communicator (comm=0x7f01f5349000)
gpu-nodes-0:5321:15339 [1] NCCL INFO NET/IB: ncclIbRecvCommInit: Receive work requests will be posted on-demand
gpu-nodes-0:5321:15339 [1] NCCL INFO NET/IB: ncclIbResiliencyInit: Resiliency is disabled on the send communicator (comm=0x7f01f5388000)
gpu-nodes-0:5321:15339 [1] NCCL INFO NET/IB: ncclIbResiliencyInit: Resiliency is disabled on the recv communicator (comm=0x7f01f53c3000)
gpu-nodes-0:5321:15339 [1] NCCL INFO NET/IB: ncclIbRecvCommInit: Receive work requests will be posted on-demand
gpu-nodes-0:5321:15339 [1] NCCL INFO NET/IB: ncclIbSenderQpsToRts: Set ECE: IbDev 1 Port 1 qp_num 3293 set_ece={supported=1, vendor_id=0x15b3, options=0x30000200, comp_mask=0x0}
gpu-nodes-0:5321:15339 [1] NCCL INFO NET/IB: ncclIbSenderQpsCreate: QP created: port=1 dev=1 devName=mlx5_3 ndevs=14 nmdevs=16 qp_num=3296 pkey=0 pd=0x7f146405ec90
gpu-nodes-0:5321:15339 [1] NCCL INFO NET/IB: ncclIbConnect: NCCL Dev 1 IbDev 1 Port 1 qp_num 3296 mtu 5 LID 537 subnet-prefix 33022  FLID 0 ctsFifoRkey=0x1228e7 ctsFifoLkey=0x1228e7
gpu-nodes-0:5321:15339 [1] NCCL INFO NET/IB: ncclIbConnect: IbDev 1 Port 1 qp_num 3296 query_ece={supported=1, vendor_id=0x15b3, options=0x30000200, comp_mask=0x0}
gpu-nodes-0:5321:15339 [1] NCCL INFO NET/IB: ncclIbReceiverQpsCreateToRts: QP created: port=1 dev=1 devName=mlx5_3 ndevs=14 nmdevs=16 qp_num=3297 pkey=0 pd=0x7f146405ec90
gpu-nodes-0:5321:15339 [1] NCCL INFO NET/IB: ncclIbReceiverQpsCreateToRts: QP created: port=1 dev=1 devName=mlx5_3 ndevs=14 nmdevs=16 qp_num=3298 pkey=0 pd=0x7f146405ec90
gpu-nodes-0:5321:15339 [1] NCCL INFO NET/IB: ncclIbSenderQpsCreate: QP created: port=1 dev=1 devName=mlx5_3 ndevs=14 nmdevs=16 qp_num=3299 pkey=0 pd=0x7f146405ec90
gpu-nodes-0:5321:15339 [1] NCCL INFO NET/IB: ncclIbConnect: NCCL Dev 1 IbDev 1 Port 1 qp_num 3299 mtu 5 LID 537 subnet-prefix 33022  FLID 0 ctsFifoRkey=0x120ccb ctsFifoLkey=0x120ccb
gpu-nodes-0:5321:15339 [1] NCCL INFO NET/IB: ncclIbConnect: IbDev 1 Port 1 qp_num 3299 query_ece={supported=1, vendor_id=0x15b3, options=0x30000200, comp_mask=0x0}
gpu-nodes-0:5321:15339 [1] NCCL INFO NET/IB: ncclIbReceiverQpsCreateToRts: QP created: port=1 dev=1 devName=mlx5_3 ndevs=14 nmdevs=16 qp_num=3300 pkey=0 pd=0x7f146405ec90
gpu-nodes-0:5321:15339 [1] NCCL INFO NET/IB: ncclIbReceiverQpsCreateToRts: QP created: port=1 dev=1 devName=mlx5_3 ndevs=14 nmdevs=16 qp_num=3301 pkey=0 pd=0x7f146405ec90
gpu-nodes-0:5321:15339 [1] NCCL INFO NET/IB: ncclIbSenderQpsCreate: QP created: port=1 dev=1 devName=mlx5_3 ndevs=14 nmdevs=16 qp_num=3302 pkey=0 pd=0x7f146405ec90
gpu-nodes-0:5321:15339 [1] NCCL INFO NET/IB: ncclIbConnect: NCCL Dev 1 IbDev 1 Port 1 qp_num 3302 mtu 5 LID 537 subnet-prefix 33022  FLID 0 ctsFifoRkey=0x11f4b3 ctsFifoLkey=0x11f4b3
gpu-nodes-0:5321:15339 [1] NCCL INFO NET/IB: ncclIbConnect: IbDev 1 Port 1 qp_num 3302 query_ece={supported=1, vendor_id=0x15b3, options=0x30000200, comp_mask=0x0}
gpu-nodes-0:5321:15339 [1] NCCL INFO NET/IB: ncclIbReceiverQpsCreateToRts: QP created: port=1 dev=1 devName=mlx5_3 ndevs=14 nmdevs=16 qp_num=3303 pkey=0 pd=0x7f146405ec90
gpu-nodes-0:5321:15339 [1] NCCL INFO NET/IB: ncclIbReceiverQpsCreateToRts: QP created: port=1 dev=1 devName=mlx5_3 ndevs=14 nmdevs=16 qp_num=3304 pkey=0 pd=0x7f146405ec90
gpu-nodes-0:5321:15339 [1] NCCL INFO NET/IB: ncclIbSenderQpsToRts: Set ECE: IbDev 1 Port 1 qp_num 3296 set_ece={supported=1, vendor_id=0x15b3, options=0x30000200, comp_mask=0x0}
gpu-nodes-0:5321:15339 [1] NCCL INFO NET/IB: ncclIbSenderQpsToRts: Set ECE: IbDev 1 Port 1 qp_num 3299 set_ece={supported=1, vendor_id=0x15b3, options=0x30000200, comp_mask=0x0}
gpu-nodes-0:5321:15339 [1] NCCL INFO NET/IB: ncclIbSenderQpsToRts: Set ECE: IbDev 1 Port 1 qp_num 3302 set_ece={supported=1, vendor_id=0x15b3, options=0x30000200, comp_mask=0x0}
gpu-nodes-0:5321:15339 [1] NCCL INFO NET/IB: ncclIbReceiverQpsCreateToRts: QP created: port=1 dev=1 devName=mlx5_3 ndevs=14 nmdevs=16 qp_num=3305 pkey=0 pd=0x7f146405ec90
gpu-nodes-0:5321:15339 [1] NCCL INFO NET/IB: ncclIbReceiverQpsCreateToRts: QP created: port=1 dev=1 devName=mlx5_3 ndevs=14 nmdevs=16 qp_num=3306 pkey=0 pd=0x7f146405ec90
gpu-nodes-0:5321:15339 [1] NCCL INFO NET/IB: ncclIbSenderQpsCreate: QP created: port=1 dev=1 devName=mlx5_3 ndevs=14 nmdevs=16 qp_num=3307 pkey=0 pd=0x7f146405ec90
gpu-nodes-0:5321:15339 [1] NCCL INFO NET/IB: ncclIbConnect: NCCL Dev 1 IbDev 1 Port 1 qp_num 3307 mtu 5 LID 537 subnet-prefix 33022  FLID 0 ctsFifoRkey=0x11d18b ctsFifoLkey=0x11d18b
gpu-nodes-0:5321:15339 [1] NCCL INFO NET/IB: ncclIbConnect: IbDev 1 Port 1 qp_num 3307 query_ece={supported=1, vendor_id=0x15b3, options=0x30000200, comp_mask=0x0}
gpu-nodes-0:5321:15339 [1] NCCL INFO NET/IB: ncclIbSenderQpsCreate: QP created: port=1 dev=1 devName=mlx5_3 ndevs=14 nmdevs=16 qp_num=3308 pkey=0 pd=0x7f146405ec90
gpu-nodes-0:5321:15339 [1] NCCL INFO NET/IB: ncclIbConnect: NCCL Dev 1 IbDev 1 Port 1 qp_num 3308 mtu 5 LID 537 subnet-prefix 33022  FLID 0 ctsFifoRkey=0x11c07f ctsFifoLkey=0x11c07f
gpu-nodes-0:5321:15339 [1] NCCL INFO NET/IB: ncclIbConnect: IbDev 1 Port 1 qp_num 3308 query_ece={supported=1, vendor_id=0x15b3, options=0x30000200, comp_mask=0x0}
gpu-nodes-0:5321:15339 [1] NCCL INFO NET/IB: ncclIbSenderQpsCreate: QP created: port=1 dev=1 devName=mlx5_3 ndevs=14 nmdevs=16 qp_num=3309 pkey=0 pd=0x7f146405ec90
gpu-nodes-0:5321:15339 [1] NCCL INFO NET/IB: ncclIbConnect: NCCL Dev 1 IbDev 1 Port 1 qp_num 3309 mtu 5 LID 537 subnet-prefix 33022  FLID 0 ctsFifoRkey=0x11b473 ctsFifoLkey=0x11b473
gpu-nodes-0:5321:15339 [1] NCCL INFO NET/IB: ncclIbConnect: IbDev 1 Port 1 qp_num 3309 query_ece={supported=1, vendor_id=0x15b3, options=0x30000200, comp_mask=0x0}
gpu-nodes-0:5321:15339 [1] NCCL INFO NET/IB: ncclIbSenderQpsCreate: QP created: port=1 dev=1 devName=mlx5_3 ndevs=14 nmdevs=16 qp_num=3310 pkey=0 pd=0x7f146405ec90
gpu-nodes-0:5321:15339 [1] NCCL INFO NET/IB: ncclIbConnect: NCCL Dev 1 IbDev 1 Port 1 qp_num 3310 mtu 5 LID 537 subnet-prefix 33022  FLID 0 ctsFifoRkey=0x11a867 ctsFifoLkey=0x11a867
gpu-nodes-0:5321:15339 [1] NCCL INFO NET/IB: ncclIbConnect: IbDev 1 Port 1 qp_num 3310 query_ece={supported=1, vendor_id=0x15b3, options=0x30000200, comp_mask=0x0}
gpu-nodes-0:5321:15339 [1] NCCL INFO NET/IB: ncclIbSenderQpsCreate: QP created: port=1 dev=1 devName=mlx5_3 ndevs=14 nmdevs=16 qp_num=3311 pkey=0 pd=0x7f146405ec90
gpu-nodes-0:5321:15339 [1] NCCL INFO NET/IB: ncclIbConnect: NCCL Dev 1 IbDev 1 Port 1 qp_num 3311 mtu 5 LID 537 subnet-prefix 33022  FLID 0 ctsFifoRkey=0x119c5b ctsFifoLkey=0x119c5b
gpu-nodes-0:5321:15339 [1] NCCL INFO NET/IB: ncclIbConnect: IbDev 1 Port 1 qp_num 3311 query_ece={supported=1, vendor_id=0x15b3, options=0x30000200, comp_mask=0x0}
gpu-nodes-0:5321:15339 [1] NCCL INFO NET/IB: ncclIbSenderQpsCreate: QP created: port=1 dev=1 devName=mlx5_3 ndevs=14 nmdevs=16 qp_num=3312 pkey=0 pd=0x7f146405ec90
gpu-nodes-0:5321:15339 [1] NCCL INFO NET/IB: ncclIbConnect: NCCL Dev 1 IbDev 1 Port 1 qp_num 3312 mtu 5 LID 537 subnet-prefix 33022  FLID 0 ctsFifoRkey=0x11904f ctsFifoLkey=0x11904f
gpu-nodes-0:5321:15339 [1] NCCL INFO NET/IB: ncclIbConnect: IbDev 1 Port 1 qp_num 3312 query_ece={supported=1, vendor_id=0x15b3, options=0x30000200, comp_mask=0x0}
gpu-nodes-0:5321:15339 [1] NCCL INFO NET/IB: ncclIbSenderQpsCreate: QP created: port=1 dev=1 devName=mlx5_3 ndevs=14 nmdevs=16 qp_num=3313 pkey=0 pd=0x7f146405ec90
gpu-nodes-0:5321:15339 [1] NCCL INFO NET/IB: ncclIbConnect: NCCL Dev 1 IbDev 1 Port 1 qp_num 3313 mtu 5 LID 537 subnet-prefix 33022  FLID 0 ctsFifoRkey=0x118444 ctsFifoLkey=0x118444
gpu-nodes-0:5321:15339 [1] NCCL INFO NET/IB: ncclIbConnect: IbDev 1 Port 1 qp_num 3313 query_ece={supported=1, vendor_id=0x15b3, options=0x30000200, comp_mask=0x0}
gpu-nodes-0:5321:15339 [1] NCCL INFO NET/IB: ncclIbSenderQpsCreate: QP created: port=1 dev=1 devName=mlx5_3 ndevs=14 nmdevs=16 qp_num=3314 pkey=0 pd=0x7f146405ec90
gpu-nodes-0:5321:15339 [1] NCCL INFO NET/IB: ncclIbConnect: NCCL Dev 1 IbDev 1 Port 1 qp_num 3314 mtu 5 LID 537 subnet-prefix 33022  FLID 0 ctsFifoRkey=0x117938 ctsFifoLkey=0x117938
gpu-nodes-0:5321:15339 [1] NCCL INFO NET/IB: ncclIbConnect: IbDev 1 Port 1 qp_num 3314 query_ece={supported=1, vendor_id=0x15b3, options=0x30000200, comp_mask=0x0}
gpu-nodes-0:5321:15339 [1] NCCL INFO NET/IB: ncclIbSenderQpsCreate: QP created: port=1 dev=1 devName=mlx5_3 ndevs=14 nmdevs=16 qp_num=3315 pkey=0 pd=0x7f146405ec90
gpu-nodes-0:5321:15339 [1] NCCL INFO NET/IB: ncclIbConnect: NCCL Dev 1 IbDev 1 Port 1 qp_num 3315 mtu 5 LID 537 subnet-prefix 33022  FLID 0 ctsFifoRkey=0x116d2c ctsFifoLkey=0x116d2c
gpu-nodes-0:5321:15339 [1] NCCL INFO NET/IB: ncclIbConnect: IbDev 1 Port 1 qp_num 3315 query_ece={supported=1, vendor_id=0x15b3, options=0x30000200, comp_mask=0x0}
gpu-nodes-0:5321:15339 [1] NCCL INFO NET/IB: ncclIbSenderQpsCreate: QP created: port=1 dev=1 devName=mlx5_3 ndevs=14 nmdevs=16 qp_num=3316 pkey=0 pd=0x7f146405ec90
gpu-nodes-0:5321:15339 [1] NCCL INFO NET/IB: ncclIbConnect: NCCL Dev 1 IbDev 1 Port 1 qp_num 3316 mtu 5 LID 537 subnet-prefix 33022  FLID 0 ctsFifoRkey=0x116120 ctsFifoLkey=0x116120
gpu-nodes-0:5321:15339 [1] NCCL INFO NET/IB: ncclIbConnect: IbDev 1 Port 1 qp_num 3316 query_ece={supported=1, vendor_id=0x15b3, options=0x30000200, comp_mask=0x0}
gpu-nodes-0:5321:15339 [1] NCCL INFO NET/IB: ncclIbSenderQpsToRts: Set ECE: IbDev 1 Port 1 qp_num 3307 set_ece={supported=1, vendor_id=0x15b3, options=0x30000200, comp_mask=0x0}
gpu-nodes-0:5321:15339 [1] NCCL INFO NET/IB: ncclIbReceiverQpsCreateToRts: QP created: port=1 dev=1 devName=mlx5_3 ndevs=14 nmdevs=16 qp_num=3317 pkey=0 pd=0x7f146405ec90
gpu-nodes-0:5321:15339 [1] NCCL INFO NET/IB: ncclIbReceiverQpsCreateToRts: QP created: port=1 dev=1 devName=mlx5_3 ndevs=14 nmdevs=16 qp_num=3318 pkey=0 pd=0x7f146405ec90
gpu-nodes-0:5321:15339 [1] NCCL INFO NET/IB: ncclIbSenderQpsToRts: Set ECE: IbDev 1 Port 1 qp_num 3308 set_ece={supported=1, vendor_id=0x15b3, options=0x30000200, comp_mask=0x0}
gpu-nodes-0:5321:15339 [1] NCCL INFO NET/IB: ncclIbReceiverQpsCreateToRts: QP created: port=1 dev=1 devName=mlx5_3 ndevs=14 nmdevs=16 qp_num=3319 pkey=0 pd=0x7f146405ec90
gpu-nodes-0:5321:15339 [1] NCCL INFO NET/IB: ncclIbReceiverQpsCreateToRts: QP created: port=1 dev=1 devName=mlx5_3 ndevs=14 nmdevs=16 qp_num=3320 pkey=0 pd=0x7f146405ec90
gpu-nodes-0:5321:15339 [1] NCCL INFO NET/IB: ncclIbSenderQpsToRts: Set ECE: IbDev 1 Port 1 qp_num 3309 set_ece={supported=1, vendor_id=0x15b3, options=0x30000200, comp_mask=0x0}
gpu-nodes-0:5321:15339 [1] NCCL INFO NET/IB: ncclIbReceiverQpsCreateToRts: QP created: port=1 dev=1 devName=mlx5_3 ndevs=14 nmdevs=16 qp_num=3321 pkey=0 pd=0x7f146405ec90
gpu-nodes-0:5321:15339 [1] NCCL INFO NET/IB: ncclIbReceiverQpsCreateToRts: QP created: port=1 dev=1 devName=mlx5_3 ndevs=14 nmdevs=16 qp_num=3322 pkey=0 pd=0x7f146405ec90
gpu-nodes-0:5321:15339 [1] NCCL INFO NET/IB: ncclIbSenderQpsToRts: Set ECE: IbDev 1 Port 1 qp_num 3310 set_ece={supported=1, vendor_id=0x15b3, options=0x30000200, comp_mask=0x0}
gpu-nodes-0:5321:15339 [1] NCCL INFO NET/IB: ncclIbReceiverQpsCreateToRts: QP created: port=1 dev=1 devName=mlx5_3 ndevs=14 nmdevs=16 qp_num=3323 pkey=0 pd=0x7f146405ec90
gpu-nodes-0:5321:15339 [1] NCCL INFO NET/IB: ncclIbReceiverQpsCreateToRts: QP created: port=1 dev=1 devName=mlx5_3 ndevs=14 nmdevs=16 qp_num=3324 pkey=0 pd=0x7f146405ec90
gpu-nodes-0:5321:15339 [1] NCCL INFO NET/IB: ncclIbSenderQpsToRts: Set ECE: IbDev 1 Port 1 qp_num 3311 set_ece={supported=1, vendor_id=0x15b3, options=0x30000200, comp_mask=0x0}
gpu-nodes-0:5321:15339 [1] NCCL INFO NET/IB: ncclIbReceiverQpsCreateToRts: QP created: port=1 dev=1 devName=mlx5_3 ndevs=14 nmdevs=16 qp_num=3325 pkey=0 pd=0x7f146405ec90
gpu-nodes-0:5321:15339 [1] NCCL INFO NET/IB: ncclIbReceiverQpsCreateToRts: QP created: port=1 dev=1 devName=mlx5_3 ndevs=14 nmdevs=16 qp_num=3326 pkey=0 pd=0x7f146405ec90
gpu-nodes-0:5321:15339 [1] NCCL INFO NET/IB: ncclIbSenderQpsToRts: Set ECE: IbDev 1 Port 1 qp_num 3312 set_ece={supported=1, vendor_id=0x15b3, options=0x30000200, comp_mask=0x0}
gpu-nodes-0:5321:15339 [1] NCCL INFO NET/IB: ncclIbReceiverQpsCreateToRts: QP created: port=1 dev=1 devName=mlx5_3 ndevs=14 nmdevs=16 qp_num=3327 pkey=0 pd=0x7f146405ec90
gpu-nodes-0:5321:15339 [1] NCCL INFO NET/IB: ncclIbReceiverQpsCreateToRts: QP created: port=1 dev=1 devName=mlx5_3 ndevs=14 nmdevs=16 qp_num=3328 pkey=0 pd=0x7f146405ec90
gpu-nodes-0:5321:15339 [1] NCCL INFO NET/IB: ncclIbSenderQpsToRts: Set ECE: IbDev 1 Port 1 qp_num 3313 set_ece={supported=1, vendor_id=0x15b3, options=0x30000200, comp_mask=0x0}
gpu-nodes-0:5321:15339 [1] NCCL INFO NET/IB: ncclIbReceiverQpsCreateToRts: QP created: port=1 dev=1 devName=mlx5_3 ndevs=14 nmdevs=16 qp_num=3329 pkey=0 pd=0x7f146405ec90
gpu-nodes-0:5321:15339 [1] NCCL INFO NET/IB: ncclIbReceiverQpsCreateToRts: QP created: port=1 dev=1 devName=mlx5_3 ndevs=14 nmdevs=16 qp_num=3330 pkey=0 pd=0x7f146405ec90
gpu-nodes-0:5321:15339 [1] NCCL INFO NET/IB: ncclIbSenderQpsToRts: Set ECE: IbDev 1 Port 1 qp_num 3314 set_ece={supported=1, vendor_id=0x15b3, options=0x30000200, comp_mask=0x0}
gpu-nodes-0:5321:15339 [1] NCCL INFO NET/IB: ncclIbReceiverQpsCreateToRts: QP created: port=1 dev=1 devName=mlx5_3 ndevs=14 nmdevs=16 qp_num=3331 pkey=0 pd=0x7f146405ec90
gpu-nodes-0:5321:15339 [1] NCCL INFO NET/IB: ncclIbReceiverQpsCreateToRts: QP created: port=1 dev=1 devName=mlx5_3 ndevs=14 nmdevs=16 qp_num=3332 pkey=0 pd=0x7f146405ec90
gpu-nodes-0:5321:15339 [1] NCCL INFO NET/IB: ncclIbSenderQpsToRts: Set ECE: IbDev 1 Port 1 qp_num 3315 set_ece={supported=1, vendor_id=0x15b3, options=0x30000200, comp_mask=0x0}
gpu-nodes-0:5321:15339 [1] NCCL INFO NET/IB: ncclIbReceiverQpsCreateToRts: QP created: port=1 dev=1 devName=mlx5_3 ndevs=14 nmdevs=16 qp_num=3333 pkey=0 pd=0x7f146405ec90
gpu-nodes-0:5321:15339 [1] NCCL INFO NET/IB: ncclIbReceiverQpsCreateToRts: QP created: port=1 dev=1 devName=mlx5_3 ndevs=14 nmdevs=16 qp_num=3334 pkey=0 pd=0x7f146405ec90
gpu-nodes-0:5321:15339 [1] NCCL INFO NET/IB: ncclIbSenderQpsToRts: Set ECE: IbDev 1 Port 1 qp_num 3316 set_ece={supported=1, vendor_id=0x15b3, options=0x30000200, comp_mask=0x0}
gpu-nodes-0:5321:15339 [1] NCCL INFO NET/IB: ncclIbReceiverQpsCreateToRts: QP created: port=1 dev=1 devName=mlx5_3 ndevs=14 nmdevs=16 qp_num=3335 pkey=0 pd=0x7f146405ec90
gpu-nodes-0:5321:15339 [1] NCCL INFO NET/IB: ncclIbReceiverQpsCreateToRts: QP created: port=1 dev=1 devName=mlx5_3 ndevs=14 nmdevs=16 qp_num=3336 pkey=0 pd=0x7f146405ec90
gpu-nodes-0:5321:15339 [1] NCCL INFO NET/IB: ncclIbSenderQpsCreate: QP created: port=1 dev=1 devName=mlx5_3 ndevs=14 nmdevs=16 qp_num=3337 pkey=0 pd=0x7f146405ec90
gpu-nodes-0:5321:15339 [1] NCCL INFO NET/IB: ncclIbConnect: NCCL Dev 1 IbDev 1 Port 1 qp_num 3337 mtu 5 LID 537 subnet-prefix 33022  FLID 0 ctsFifoRkey=0x10d494 ctsFifoLkey=0x10d494
gpu-nodes-0:5321:15339 [1] NCCL INFO NET/IB: ncclIbConnect: IbDev 1 Port 1 qp_num 3337 query_ece={supported=1, vendor_id=0x15b3, options=0x30000200, comp_mask=0x0}
gpu-nodes-0:5321:15339 [1] NCCL INFO NET/IB: ncclIbSenderQpsCreate: QP created: port=1 dev=1 devName=mlx5_3 ndevs=14 nmdevs=16 qp_num=3338 pkey=0 pd=0x7f146405ec90
gpu-nodes-0:5321:15339 [1] NCCL INFO NET/IB: ncclIbConnect: NCCL Dev 1 IbDev 1 Port 1 qp_num 3338 mtu 5 LID 537 subnet-prefix 33022  FLID 0 ctsFifoRkey=0x10c989 ctsFifoLkey=0x10c989
gpu-nodes-0:5321:15339 [1] NCCL INFO NET/IB: ncclIbConnect: IbDev 1 Port 1 qp_num 3338 query_ece={supported=1, vendor_id=0x15b3, options=0x30000200, comp_mask=0x0}
gpu-nodes-0:5321:15339 [1] NCCL INFO NET/IB: ncclIbSenderQpsCreate: QP created: port=1 dev=1 devName=mlx5_3 ndevs=14 nmdevs=16 qp_num=3339 pkey=0 pd=0x7f146405ec90
gpu-nodes-0:5321:15339 [1] NCCL INFO NET/IB: ncclIbConnect: NCCL Dev 1 IbDev 1 Port 1 qp_num 3339 mtu 5 LID 537 subnet-prefix 33022  FLID 0 ctsFifoRkey=0x10be7e ctsFifoLkey=0x10be7e
gpu-nodes-0:5321:15339 [1] NCCL INFO NET/IB: ncclIbConnect: IbDev 1 Port 1 qp_num 3339 query_ece={supported=1, vendor_id=0x15b3, options=0x30000200, comp_mask=0x0}
gpu-nodes-0:5321:15339 [1] NCCL INFO NET/IB: ncclIbReceiverQpsCreateToRts: QP created: port=1 dev=1 devName=mlx5_3 ndevs=14 nmdevs=16 qp_num=3340 pkey=0 pd=0x7f146405ec90
gpu-nodes-0:5321:15339 [1] NCCL INFO NET/IB: ncclIbReceiverQpsCreateToRts: QP created: port=1 dev=1 devName=mlx5_3 ndevs=14 nmdevs=16 qp_num=3341 pkey=0 pd=0x7f146405ec90
gpu-nodes-0:5321:15339 [1] NCCL INFO NET/IB: ncclIbReceiverQpsCreateToRts: QP created: port=1 dev=1 devName=mlx5_3 ndevs=14 nmdevs=16 qp_num=3342 pkey=0 pd=0x7f146405ec90
gpu-nodes-0:5321:15339 [1] NCCL INFO NET/IB: ncclIbReceiverQpsCreateToRts: QP created: port=1 dev=1 devName=mlx5_3 ndevs=14 nmdevs=16 qp_num=3343 pkey=0 pd=0x7f146405ec90
gpu-nodes-0:5321:15339 [1] NCCL INFO NET/IB: ncclIbSenderQpsToRts: Set ECE: IbDev 1 Port 1 qp_num 3337 set_ece={supported=1, vendor_id=0x15b3, options=0x30000200, comp_mask=0x0}
gpu-nodes-0:5321:15339 [1] NCCL INFO NET/IB: ncclIbSenderQpsToRts: Set ECE: IbDev 1 Port 1 qp_num 3338 set_ece={supported=1, vendor_id=0x15b3, options=0x30000200, comp_mask=0x0}
gpu-nodes-0:5321:15339 [1] NCCL INFO NET/IB: ncclIbSenderQpsCreate: QP created: port=1 dev=1 devName=mlx5_3 ndevs=14 nmdevs=16 qp_num=3344 pkey=0 pd=0x7f146405ec90
gpu-nodes-0:5321:15339 [1] NCCL INFO NET/IB: ncclIbConnect: NCCL Dev 1 IbDev 1 Port 1 qp_num 3344 mtu 5 LID 537 subnet-prefix 33022  FLID 0 ctsFifoRkey=0x109b5b ctsFifoLkey=0x109b5b
gpu-nodes-0:5321:15339 [1] NCCL INFO NET/IB: ncclIbConnect: IbDev 1 Port 1 qp_num 3344 query_ece={supported=1, vendor_id=0x15b3, options=0x30000200, comp_mask=0x0}
gpu-nodes-0:5321:15339 [1] NCCL INFO NET/IB: ncclIbReceiverQpsCreateToRts: QP created: port=1 dev=1 devName=mlx5_3 ndevs=14 nmdevs=16 qp_num=3345 pkey=0 pd=0x7f146405ec90
gpu-nodes-0:5321:15339 [1] NCCL INFO NET/IB: ncclIbReceiverQpsCreateToRts: QP created: port=1 dev=1 devName=mlx5_3 ndevs=14 nmdevs=16 qp_num=3346 pkey=0 pd=0x7f146405ec90
gpu-nodes-0:5321:15339 [1] NCCL INFO NET/IB: ncclIbSenderQpsToRts: Set ECE: IbDev 1 Port 1 qp_num 3339 set_ece={supported=1, vendor_id=0x15b3, options=0x30000200, comp_mask=0x0}
gpu-nodes-0:5321:15339 [1] NCCL INFO NET/IB: ncclIbSenderQpsToRts: Set ECE: IbDev 1 Port 1 qp_num 3344 set_ece={supported=1, vendor_id=0x15b3, options=0x30000200, comp_mask=0x0}
gpu-nodes-0:5321:15339 [1] NCCL INFO NET/IB: ncclIbReceiverQpsCreateToRts: QP created: port=1 dev=1 devName=mlx5_3 ndevs=14 nmdevs=16 qp_num=3347 pkey=0 pd=0x7f146405ec90
gpu-nodes-0:5321:15339 [1] NCCL INFO NET/IB: ncclIbReceiverQpsCreateToRts: QP created: port=1 dev=1 devName=mlx5_3 ndevs=14 nmdevs=16 qp_num=3348 pkey=0 pd=0x7f146405ec90
gpu-nodes-0:5321:15339 [1] NCCL INFO NET/IB: ncclIbSenderQpsCreate: QP created: port=1 dev=1 devName=mlx5_3 ndevs=14 nmdevs=16 qp_num=3349 pkey=0 pd=0x7f146405ec90
gpu-nodes-0:5321:15339 [1] NCCL INFO NET/IB: ncclIbConnect: NCCL Dev 1 IbDev 1 Port 1 qp_num 3349 mtu 5 LID 537 subnet-prefix 33022  FLID 0 ctsFifoRkey=0x107736 ctsFifoLkey=0x107736
gpu-nodes-0:5321:15339 [1] NCCL INFO NET/IB: ncclIbConnect: IbDev 1 Port 1 qp_num 3349 query_ece={supported=1, vendor_id=0x15b3, options=0x30000200, comp_mask=0x0}
gpu-nodes-0:5321:15339 [1] NCCL INFO NET/IB: ncclIbSenderQpsCreate: QP created: port=1 dev=1 devName=mlx5_3 ndevs=14 nmdevs=16 qp_num=3350 pkey=0 pd=0x7f146405ec90
gpu-nodes-0:5321:15339 [1] NCCL INFO NET/IB: ncclIbConnect: NCCL Dev 1 IbDev 1 Port 1 qp_num 3350 mtu 5 LID 537 subnet-prefix 33022  FLID 0 ctsFifoRkey=0x106b2a ctsFifoLkey=0x106b2a
gpu-nodes-0:5321:15339 [1] NCCL INFO NET/IB: ncclIbConnect: IbDev 1 Port 1 qp_num 3350 query_ece={supported=1, vendor_id=0x15b3, options=0x30000200, comp_mask=0x0}
gpu-nodes-0:5321:15339 [1] NCCL INFO NET/IB: ncclIbSenderQpsCreate: QP created: port=1 dev=1 devName=mlx5_3 ndevs=14 nmdevs=16 qp_num=3351 pkey=0 pd=0x7f146405ec90
gpu-nodes-0:5321:15339 [1] NCCL INFO NET/IB: ncclIbConnect: NCCL Dev 1 IbDev 1 Port 1 qp_num 3351 mtu 5 LID 537 subnet-prefix 33022  FLID 0 ctsFifoRkey=0x10601f ctsFifoLkey=0x10601f
gpu-nodes-0:5321:15339 [1] NCCL INFO NET/IB: ncclIbConnect: IbDev 1 Port 1 qp_num 3351 query_ece={supported=1, vendor_id=0x15b3, options=0x30000200, comp_mask=0x0}
gpu-nodes-0:5321:15339 [1] NCCL INFO NET/IB: ncclIbSenderQpsCreate: QP created: port=1 dev=1 devName=mlx5_3 ndevs=14 nmdevs=16 qp_num=3352 pkey=0 pd=0x7f146405ec90
gpu-nodes-0:5321:15339 [1] NCCL INFO NET/IB: ncclIbConnect: NCCL Dev 1 IbDev 1 Port 1 qp_num 3352 mtu 5 LID 537 subnet-prefix 33022  FLID 0 ctsFifoRkey=0x105413 ctsFifoLkey=0x105413
gpu-nodes-0:5321:15339 [1] NCCL INFO NET/IB: ncclIbConnect: IbDev 1 Port 1 qp_num 3352 query_ece={supported=1, vendor_id=0x15b3, options=0x30000200, comp_mask=0x0}
gpu-nodes-0:5321:15339 [1] NCCL INFO NET/IB: ncclIbSenderQpsCreate: QP created: port=1 dev=1 devName=mlx5_3 ndevs=14 nmdevs=16 qp_num=3353 pkey=0 pd=0x7f146405ec90
gpu-nodes-0:5321:15339 [1] NCCL INFO NET/IB: ncclIbConnect: NCCL Dev 1 IbDev 1 Port 1 qp_num 3353 mtu 5 LID 537 subnet-prefix 33022  FLID 0 ctsFifoRkey=0x104807 ctsFifoLkey=0x104807
gpu-nodes-0:5321:15339 [1] NCCL INFO NET/IB: ncclIbConnect: IbDev 1 Port 1 qp_num 3353 query_ece={supported=1, vendor_id=0x15b3, options=0x30000200, comp_mask=0x0}
gpu-nodes-0:5321:15339 [1] NCCL INFO NET/IB: ncclIbSenderQpsCreate: QP created: port=1 dev=1 devName=mlx5_3 ndevs=14 nmdevs=16 qp_num=3354 pkey=0 pd=0x7f146405ec90
gpu-nodes-0:5321:15339 [1] NCCL INFO NET/IB: ncclIbConnect: NCCL Dev 1 IbDev 1 Port 1 qp_num 3354 mtu 5 LID 537 subnet-prefix 33022  FLID 0 ctsFifoRkey=0x103cfc ctsFifoLkey=0x103cfc
gpu-nodes-0:5321:15339 [1] NCCL INFO NET/IB: ncclIbConnect: IbDev 1 Port 1 qp_num 3354 query_ece={supported=1, vendor_id=0x15b3, options=0x30000200, comp_mask=0x0}
gpu-nodes-0:5321:15339 [1] NCCL INFO NET/IB: ncclIbSenderQpsCreate: QP created: port=1 dev=1 devName=mlx5_3 ndevs=14 nmdevs=16 qp_num=3355 pkey=0 pd=0x7f146405ec90
gpu-nodes-0:5321:15339 [1] NCCL INFO NET/IB: ncclIbConnect: NCCL Dev 1 IbDev 1 Port 1 qp_num 3355 mtu 5 LID 537 subnet-prefix 33022  FLID 0 ctsFifoRkey=0x1031f1 ctsFifoLkey=0x1031f1
gpu-nodes-0:5321:15339 [1] NCCL INFO NET/IB: ncclIbConnect: IbDev 1 Port 1 qp_num 3355 query_ece={supported=1, vendor_id=0x15b3, options=0x30000200, comp_mask=0x0}
gpu-nodes-0:5321:15339 [1] NCCL INFO NET/IB: ncclIbSenderQpsCreate: QP created: port=1 dev=1 devName=mlx5_3 ndevs=14 nmdevs=16 qp_num=3356 pkey=0 pd=0x7f146405ec90
gpu-nodes-0:5321:15339 [1] NCCL INFO NET/IB: ncclIbConnect: NCCL Dev 1 IbDev 1 Port 1 qp_num 3356 mtu 5 LID 537 subnet-prefix 33022  FLID 0 ctsFifoRkey=0x1026e5 ctsFifoLkey=0x1026e5
gpu-nodes-0:5321:15339 [1] NCCL INFO NET/IB: ncclIbConnect: IbDev 1 Port 1 qp_num 3356 query_ece={supported=1, vendor_id=0x15b3, options=0x30000200, comp_mask=0x0}
gpu-nodes-0:5321:15339 [1] NCCL INFO NET/IB: ncclIbSenderQpsToRts: Set ECE: IbDev 1 Port 1 qp_num 3349 set_ece={supported=1, vendor_id=0x15b3, options=0x30000200, comp_mask=0x0}
gpu-nodes-0:5321:15339 [1] NCCL INFO NET/IB: ncclIbReceiverQpsCreateToRts: QP created: port=1 dev=1 devName=mlx5_3 ndevs=14 nmdevs=16 qp_num=3357 pkey=0 pd=0x7f146405ec90
gpu-nodes-0:5321:15339 [1] NCCL INFO NET/IB: ncclIbReceiverQpsCreateToRts: QP created: port=1 dev=1 devName=mlx5_3 ndevs=14 nmdevs=16 qp_num=3358 pkey=0 pd=0x7f146405ec90
gpu-nodes-0:5321:15339 [1] NCCL INFO NET/IB: ncclIbSenderQpsToRts: Set ECE: IbDev 1 Port 1 qp_num 3350 set_ece={supported=1, vendor_id=0x15b3, options=0x30000200, comp_mask=0x0}
gpu-nodes-0:5321:15339 [1] NCCL INFO NET/IB: ncclIbReceiverQpsCreateToRts: QP created: port=1 dev=1 devName=mlx5_3 ndevs=14 nmdevs=16 qp_num=3359 pkey=0 pd=0x7f146405ec90
gpu-nodes-0:5321:15339 [1] NCCL INFO NET/IB: ncclIbReceiverQpsCreateToRts: QP created: port=1 dev=1 devName=mlx5_3 ndevs=14 nmdevs=16 qp_num=3360 pkey=0 pd=0x7f146405ec90
gpu-nodes-0:5321:15339 [1] NCCL INFO NET/IB: ncclIbSenderQpsToRts: Set ECE: IbDev 1 Port 1 qp_num 3351 set_ece={supported=1, vendor_id=0x15b3, options=0x30000200, comp_mask=0x0}
gpu-nodes-0:5321:15339 [1] NCCL INFO NET/IB: ncclIbReceiverQpsCreateToRts: QP created: port=1 dev=1 devName=mlx5_3 ndevs=14 nmdevs=16 qp_num=3361 pkey=0 pd=0x7f146405ec90
gpu-nodes-0:5321:15339 [1] NCCL INFO NET/IB: ncclIbReceiverQpsCreateToRts: QP created: port=1 dev=1 devName=mlx5_3 ndevs=14 nmdevs=16 qp_num=3362 pkey=0 pd=0x7f146405ec90
gpu-nodes-0:5321:15339 [1] NCCL INFO NET/IB: ncclIbSenderQpsToRts: Set ECE: IbDev 1 Port 1 qp_num 3352 set_ece={supported=1, vendor_id=0x15b3, options=0x30000200, comp_mask=0x0}
gpu-nodes-0:5321:15339 [1] NCCL INFO NET/IB: ncclIbReceiverQpsCreateToRts: QP created: port=1 dev=1 devName=mlx5_3 ndevs=14 nmdevs=16 qp_num=3363 pkey=0 pd=0x7f146405ec90
gpu-nodes-0:5321:15339 [1] NCCL INFO NET/IB: ncclIbReceiverQpsCreateToRts: QP created: port=1 dev=1 devName=mlx5_3 ndevs=14 nmdevs=16 qp_num=3364 pkey=0 pd=0x7f146405ec90
gpu-nodes-0:5321:15339 [1] NCCL INFO NET/IB: ncclIbSenderQpsToRts: Set ECE: IbDev 1 Port 1 qp_num 3353 set_ece={supported=1, vendor_id=0x15b3, options=0x30000200, comp_mask=0x0}
gpu-nodes-0:5321:15339 [1] NCCL INFO NET/IB: ncclIbReceiverQpsCreateToRts: QP created: port=1 dev=1 devName=mlx5_3 ndevs=14 nmdevs=16 qp_num=3365 pkey=0 pd=0x7f146405ec90
gpu-nodes-0:5321:15339 [1] NCCL INFO NET/IB: ncclIbReceiverQpsCreateToRts: QP created: port=1 dev=1 devName=mlx5_3 ndevs=14 nmdevs=16 qp_num=3366 pkey=0 pd=0x7f146405ec90
gpu-nodes-0:5321:15339 [1] NCCL INFO NET/IB: ncclIbSenderQpsToRts: Set ECE: IbDev 1 Port 1 qp_num 3354 set_ece={supported=1, vendor_id=0x15b3, options=0x30000200, comp_mask=0x0}
gpu-nodes-0:5321:15339 [1] NCCL INFO NET/IB: ncclIbReceiverQpsCreateToRts: QP created: port=1 dev=1 devName=mlx5_3 ndevs=14 nmdevs=16 qp_num=3367 pkey=0 pd=0x7f146405ec90
gpu-nodes-0:5321:15339 [1] NCCL INFO NET/IB: ncclIbReceiverQpsCreateToRts: QP created: port=1 dev=1 devName=mlx5_3 ndevs=14 nmdevs=16 qp_num=3368 pkey=0 pd=0x7f146405ec90
gpu-nodes-0:5321:15339 [1] NCCL INFO NET/IB: ncclIbSenderQpsToRts: Set ECE: IbDev 1 Port 1 qp_num 3355 set_ece={supported=1, vendor_id=0x15b3, options=0x30000200, comp_mask=0x0}
gpu-nodes-0:5321:15339 [1] NCCL INFO NET/IB: ncclIbReceiverQpsCreateToRts: QP created: port=1 dev=1 devName=mlx5_3 ndevs=14 nmdevs=16 qp_num=3369 pkey=0 pd=0x7f146405ec90
gpu-nodes-0:5321:15339 [1] NCCL INFO NET/IB: ncclIbReceiverQpsCreateToRts: QP created: port=1 dev=1 devName=mlx5_3 ndevs=14 nmdevs=16 qp_num=3370 pkey=0 pd=0x7f146405ec90
gpu-nodes-0:5321:15339 [1] NCCL INFO NET/IB: ncclIbSenderQpsCreate: QP created: port=1 dev=1 devName=mlx5_3 ndevs=14 nmdevs=16 qp_num=3371 pkey=0 pd=0x7f146405ec90
gpu-nodes-0:5321:15339 [1] NCCL INFO NET/IB: ncclIbConnect: NCCL Dev 1 IbDev 1 Port 1 qp_num 3371 mtu 5 LID 537 subnet-prefix 33022  FLID 0 ctsFifoRkey=0xfc787 ctsFifoLkey=0xfc787
gpu-nodes-0:5321:15339 [1] NCCL INFO NET/IB: ncclIbConnect: IbDev 1 Port 1 qp_num 3371 query_ece={supported=1, vendor_id=0x15b3, options=0x30000200, comp_mask=0x0}
gpu-nodes-0:5321:15339 [1] NCCL INFO NET/IB: ncclIbReceiverQpsCreateToRts: QP created: port=1 dev=1 devName=mlx5_3 ndevs=14 nmdevs=16 qp_num=3372 pkey=0 pd=0x7f146405ec90
gpu-nodes-0:5321:15339 [1] NCCL INFO NET/IB: ncclIbReceiverQpsCreateToRts: QP created: port=1 dev=1 devName=mlx5_3 ndevs=14 nmdevs=16 qp_num=3373 pkey=0 pd=0x7f146405ec90
gpu-nodes-0:5321:15339 [1] NCCL INFO NET/IB: ncclIbSenderQpsToRts: Set ECE: IbDev 1 Port 1 qp_num 3356 set_ece={supported=1, vendor_id=0x15b3, options=0x30000200, comp_mask=0x0}
gpu-nodes-0:5321:15339 [1] NCCL INFO NET/IB: ncclIbSenderQpsToRts: Set ECE: IbDev 1 Port 1 qp_num 3371 set_ece={supported=1, vendor_id=0x15b3, options=0x30000200, comp_mask=0x0}
gpu-nodes-0:5321:15339 [1] NCCL INFO NET/IB: ncclIbReceiverQpsCreateToRts: QP created: port=1 dev=1 devName=mlx5_3 ndevs=14 nmdevs=16 qp_num=3374 pkey=0 pd=0x7f146405ec90
gpu-nodes-0:5321:15339 [1] NCCL INFO NET/IB: ncclIbReceiverQpsCreateToRts: QP created: port=1 dev=1 devName=mlx5_3 ndevs=14 nmdevs=16 qp_num=3375 pkey=0 pd=0x7f146405ec90
gpu-nodes-0:5321:15339 [1] NCCL INFO NET/IB: ncclIbSenderQpsCreate: QP created: port=1 dev=1 devName=mlx5_3 ndevs=14 nmdevs=16 qp_num=3376 pkey=0 pd=0x7f146405ec90
gpu-nodes-0:5321:15339 [1] NCCL INFO NET/IB: ncclIbConnect: NCCL Dev 1 IbDev 1 Port 1 qp_num 3376 mtu 5 LID 537 subnet-prefix 33022  FLID 0 ctsFifoRkey=0xfa564 ctsFifoLkey=0xfa564
gpu-nodes-0:5321:15339 [1] NCCL INFO NET/IB: ncclIbConnect: IbDev 1 Port 1 qp_num 3376 query_ece={supported=1, vendor_id=0x15b3, options=0x30000200, comp_mask=0x0}
gpu-nodes-0:5321:15339 [1] NCCL INFO NET/IB: ncclIbSenderQpsToRts: Set ECE: IbDev 1 Port 1 qp_num 3376 set_ece={supported=1, vendor_id=0x15b3, options=0x30000200, comp_mask=0x0}
gpu-nodes-0:5321:5321 [1] NCCL INFO Connected NVLS tree
gpu-nodes-0:5321:15339 [1] NCCL INFO New proxy send connection 128 from local rank 1, transport 2
gpu-nodes-0:5321:5321 [1] NCCL INFO Connected to proxy localRank 1 -> connection 0x7f01f6168010
gpu-nodes-0:5321:5321 [1] NCCL INFO GPU Direct RDMA Enabled for GPU/0-77824 (rank 9) - NET/0-0 ( using PXN via GPU/0-12288, distance 4 <= 6, read 1, mode Default)
gpu-nodes-0:5321:5321 [1] NCCL INFO GPU Direct RDMA Enabled for GPU/0-77824 (rank 9) - NET/0-2 ( using PXN via GPU/0-405504, distance 4 <= 6, read 1, mode Default)
gpu-nodes-0:5321:5321 [1] NCCL INFO GPU Direct RDMA Enabled for GPU/0-77824 (rank 9) - NET/0-3 ( using PXN via GPU/0-471040, distance 4 <= 6, read 1, mode Default)
gpu-nodes-0:5321:5321 [1] NCCL INFO GPU Direct RDMA Enabled for GPU/0-77824 (rank 9) - NET/0-4 ( using PXN via GPU/0-536576, distance 4 <= 6, read 1, mode Default)
gpu-nodes-0:5321:5321 [1] NCCL INFO GPU Direct RDMA Enabled for GPU/0-77824 (rank 9) - NET/0-5 ( using PXN via GPU/0-602112, distance 4 <= 6, read 1, mode Default)
gpu-nodes-0:5321:5321 [1] NCCL INFO GPU Direct RDMA Enabled for GPU/0-77824 (rank 9) - NET/0-12 ( using PXN via GPU/0-929792, distance 4 <= 6, read 1, mode Default)
gpu-nodes-0:5321:5321 [1] NCCL INFO GPU Direct RDMA Enabled for GPU/0-77824 (rank 9) - NET/0-13 ( using PXN via GPU/0-995328, distance 4 <= 6, read 1, mode Default)
gpu-nodes-0:5321:5321 [1] NCCL INFO GPU Direct RDMA Enabled for GPU/0-77824 (rank 9) - NET/0-0 ( using PXN via GPU/0-12288, distance 4 <= 6, read 1, mode Default)
gpu-nodes-0:5321:5321 [1] NCCL INFO GPU Direct RDMA Enabled for GPU/0-77824 (rank 9) - NET/0-2 ( using PXN via GPU/0-405504, distance 4 <= 6, read 1, mode Default)
gpu-nodes-0:5321:5321 [1] NCCL INFO GPU Direct RDMA Enabled for GPU/0-77824 (rank 9) - NET/0-3 ( using PXN via GPU/0-471040, distance 4 <= 6, read 1, mode Default)
gpu-nodes-0:5321:5321 [1] NCCL INFO GPU Direct RDMA Enabled for GPU/0-77824 (rank 9) - NET/0-4 ( using PXN via GPU/0-536576, distance 4 <= 6, read 1, mode Default)
gpu-nodes-0:5321:5321 [1] NCCL INFO GPU Direct RDMA Enabled for GPU/0-77824 (rank 9) - NET/0-5 ( using PXN via GPU/0-602112, distance 4 <= 6, read 1, mode Default)
gpu-nodes-0:5321:5321 [1] NCCL INFO GPU Direct RDMA Enabled for GPU/0-77824 (rank 9) - NET/0-12 ( using PXN via GPU/0-929792, distance 4 <= 6, read 1, mode Default)
gpu-nodes-0:5321:5321 [1] NCCL INFO GPU Direct RDMA Enabled for GPU/0-77824 (rank 9) - NET/0-13 ( using PXN via GPU/0-995328, distance 4 <= 6, read 1, mode Default)
gpu-nodes-0:5321:5321 [1] NCCL INFO Connected to proxy localRank 0 -> connection 0x78efc8430668
gpu-nodes-0:5321:15339 [1] NCCL INFO New proxy send connection 129 from local rank 5, transport 2
gpu-nodes-0:5321:15339 [1] NCCL INFO New proxy send connection 130 from local rank 4, transport 2
gpu-nodes-0:5321:15339 [1] NCCL INFO New proxy send connection 131 from local rank 7, transport 2
gpu-nodes-0:5321:15339 [1] NCCL INFO New proxy send connection 132 from local rank 3, transport 2
gpu-nodes-0:5321:15339 [1] NCCL INFO New proxy send connection 133 from local rank 0, transport 2
gpu-nodes-0:5321:5321 [1] NCCL INFO Connected to proxy localRank 2 -> connection 0x716a26166098
gpu-nodes-0:5321:15339 [1] NCCL INFO New proxy send connection 134 from local rank 6, transport 2
gpu-nodes-0:5321:5321 [1] NCCL INFO Connected to proxy localRank 3 -> connection 0x708f2e171098
gpu-nodes-0:5321:5321 [1] NCCL INFO Connected to proxy localRank 4 -> connection 0x77a96e16d120
gpu-nodes-0:5321:5321 [1] NCCL INFO Connected to proxy localRank 5 -> connection 0x7d6a4a164120
gpu-nodes-0:5321:5321 [1] NCCL INFO Connected to proxy localRank 6 -> connection 0x7b7f72164120
gpu-nodes-0:5321:5321 [1] NCCL INFO Connected to proxy localRank 7 -> connection 0x7b10a616a120
gpu-nodes-0:5321:5321 [1] NCCL INFO threadThresholds 8/8/64 | 128/8/64 | 512 | 512
gpu-nodes-0:5321:5321 [1] NCCL INFO 16 coll channels, 16 collnet channels, 32 nvls channels, 16 p2p channels, 4 p2p channels per peer
gpu-nodes-0:5321:5321 [1] NCCL INFO Symmetric memory is not supported. cuMemEnable 0, globalGinSupport 0, globalNicFused 1 cuMemGdrSupport 1
gpu-nodes-0:5321:15339 [1] NCCL INFO New proxy send connection 135 from local rank 2, transport 2
gpu-nodes-0:5321:5321 [1] NCCL INFO ncclCommInitRankConfig comm 0x7f0fe736e5b0 rank 9 nranks 16 cudaDev 1 nvmlDev 1 busId 13000 commId 0x12981d49e22fc205 - Init COMPLETE
gpu-nodes-0:5321:5321 [1] NCCL INFO Init timings - ncclCommInitRankConfig: rank 9 nranks 16 total 3.52 (kernels 0.00, alloc 0.00, bootstrap 0.00, allgathers 0.45, topo 0.85, graphs 0.08, connections 2.13, rest 0.01)
gpu-nodes-0:5321:5321 [1] NCCL INFO GPU Direct RDMA Enabled for GPU/0-77824 (rank 9) - NET/0-0 ( using PXN via GPU/0-12288, distance 4 <= 6, read 1, mode Default)
gpu-nodes-0:5321:5321 [1] NCCL INFO Connected to proxy localRank 0 -> connection 0x7902ec436578
gpu-nodes-0:5321:5321 [1] NCCL INFO Channel 08/1 : 9[1] -> 0[0] [send] via NET/IB/0(8)/GDRDMA/Shared
gpu-nodes-0:5321:5321 [1] NCCL INFO GPU Direct RDMA Enabled for GPU/0-77824 (rank 9) - NET/0-0 ( using PXN via GPU/0-12288, distance 4 <= 6, read 1, mode Default)
gpu-nodes-0:5321:5321 [1] NCCL INFO Connected to proxy localRank 0 -> connection 0x7902ec436930
gpu-nodes-0:5321:5321 [1] NCCL INFO Channel 09/1 : 9[1] -> 0[0] [send] via NET/IB/0(8)/GDRDMA/Shared
gpu-nodes-0:5321:5321 [1] NCCL INFO GPU Direct RDMA Enabled for GPU/0-77824 (rank 9) - NET/0-0 ( using PXN via GPU/0-12288, distance 4 <= 6, read 1, mode Default)
gpu-nodes-0:5321:5321 [1] NCCL INFO Connected to proxy localRank 0 -> connection 0x7902ec436c60
gpu-nodes-0:5321:5321 [1] NCCL INFO Channel 10/1 : 9[1] -> 0[0] [send] via NET/IB/0(8)/GDRDMA/Shared
gpu-nodes-0:5321:5321 [1] NCCL INFO GPU Direct RDMA Enabled for GPU/0-77824 (rank 9) - NET/0-0 ( using PXN via GPU/0-12288, distance 4 <= 6, read 1, mode Default)
gpu-nodes-0:5321:5321 [1] NCCL INFO Connected to proxy localRank 0 -> connection 0x7902ec437018
gpu-nodes-0:5321:5321 [1] NCCL INFO Channel 11/1 : 9[1] -> 0[0] [send] via NET/IB/0(8)/GDRDMA/Shared
gpu-nodes-0:5321:17798 [1] NCCL INFO comm 0x62b0c840 rank 9 nRanks 16 cudaDev 1 busId 13000 - Abort START
gpu-nodes-0:5321:17798 [1] NCCL INFO ncclOsSocketProgressOpt: abort called
gpu-nodes-0:5321:17798 [1] NCCL INFO misc/socket.cc:28 -> 3
gpu-nodes-0:5321:17798 [1] NCCL INFO misc/socket.cc:45 -> 3
gpu-nodes-0:5321:17798 [1] NCCL INFO misc/socket.cc:584 -> 3
gpu-nodes-0:5321:17798 [1] NCCL INFO ncclOsSocketProgressOpt: abort called
gpu-nodes-0:5321:17798 [1] NCCL INFO misc/socket.cc:28 -> 3
gpu-nodes-0:5321:17798 [1] NCCL INFO misc/socket.cc:45 -> 3
gpu-nodes-0:5321:17798 [1] NCCL INFO misc/socket.cc:584 -> 3
gpu-nodes-0:5321:17798 [1] NCCL INFO ncclOsSocketProgressOpt: abort called
gpu-nodes-0:5321:17798 [1] NCCL INFO misc/socket.cc:28 -> 3
gpu-nodes-0:5321:17798 [1] NCCL INFO misc/socket.cc:45 -> 3
gpu-nodes-0:5321:17798 [1] NCCL INFO misc/socket.cc:584 -> 3
gpu-nodes-0:5321:7184 [1] NCCL INFO ncclOsSocketProgressOpt: abort called
gpu-nodes-0:5321:7184 [1] NCCL INFO misc/socket.cc:659 -> 3
gpu-nodes-0:5321:17798 [1] NCCL INFO ncclOsSocketProgressOpt: abort called
gpu-nodes-0:5321:17798 [1] NCCL INFO misc/socket.cc:28 -> 3
gpu-nodes-0:5321:17798 [1] NCCL INFO misc/socket.cc:45 -> 3
gpu-nodes-0:5321:17798 [1] NCCL INFO misc/socket.cc:584 -> 3
gpu-nodes-0:5321:17798 [1] NCCL INFO ncclOsSocketProgressOpt: abort called
gpu-nodes-0:5321:17798 [1] NCCL INFO misc/socket.cc:28 -> 3
gpu-nodes-0:5321:17798 [1] NCCL INFO misc/socket.cc:45 -> 3
gpu-nodes-0:5321:17798 [1] NCCL INFO misc/socket.cc:584 -> 3
gpu-nodes-0:5321:17798 [1] NCCL INFO ncclOsSocketProgressOpt: abort called
gpu-nodes-0:5321:17798 [1] NCCL INFO misc/socket.cc:28 -> 3
gpu-nodes-0:5321:17798 [1] NCCL INFO misc/socket.cc:45 -> 3
gpu-nodes-0:5321:17798 [1] NCCL INFO misc/socket.cc:584 -> 3
gpu-nodes-0:5321:17798 [1] NCCL INFO ncclOsSocketProgressOpt: abort called
gpu-nodes-0:5321:17798 [1] NCCL INFO misc/socket.cc:28 -> 3
gpu-nodes-0:5321:17798 [1] NCCL INFO misc/socket.cc:45 -> 3
gpu-nodes-0:5321:17798 [1] NCCL INFO misc/socket.cc:584 -> 3
gpu-nodes-0:5321:17798 [1] NCCL INFO ncclOsSocketProgressOpt: abort called
gpu-nodes-0:5321:17798 [1] NCCL INFO misc/socket.cc:28 -> 3
gpu-nodes-0:5321:17798 [1] NCCL INFO misc/socket.cc:45 -> 3
gpu-nodes-0:5321:17798 [1] NCCL INFO misc/socket.cc:584 -> 3
gpu-nodes-0:5321:17798 [1] NCCL INFO comm 0x62b0c840 rank 9 nranks 16 cudaDev 1 busId 13000 - Abort COMPLETE
gpu-nodes-0:5321:15339 [1] NCCL INFO [Service thread] Connection closed by localRank 4
gpu-nodes-0:5321:15255 [1] NCCL INFO [Service thread] Connection closed by localRank 4
gpu-nodes-0:5321:15339 [1] NCCL INFO [Service thread] Connection closed by localRank 2
gpu-nodes-0:5321:15255 [1] NCCL INFO [Service thread] Connection closed by localRank 2
gpu-nodes-0:5321:15339 [1] NCCL INFO [Service thread] Connection closed by localRank 7
gpu-nodes-0:5321:15255 [1] NCCL INFO [Service thread] Connection closed by localRank 7
gpu-nodes-0:5321:15339 [1] NCCL INFO [Service thread] Connection closed by localRank 6
gpu-nodes-0:5321:15255 [1] NCCL INFO [Service thread] Connection closed by localRank 6
gpu-nodes-0:5321:15339 [1] NCCL INFO [Service thread] Connection closed by localRank 5
gpu-nodes-0:5321:15255 [1] NCCL INFO [Service thread] Connection closed by localRank 5
gpu-nodes-0:5321:5321 [1] NCCL INFO ENV/Plugin: Closing env plugin ncclEnvDefault
gpu-nodes-0:5321:15339 [1] NCCL INFO [Service thread] Connection closed by localRank 0
gpu-nodes-0:5321:15255 [1] NCCL INFO [Service thread] Connection closed by localRank 0
gpu-nodes-0:5321:15339 [0] NCCL INFO [Service thread] Connection closed by localRank 3
gpu-nodes-0:5321:15255 [0] NCCL INFO [Service thread] Connection closed by localRank 3
