[2026-09-03 21:58:28,327 I 79 79] (raylet) main.cc:281: Setting cluster ID to: 52503c647ac071aebdbeead7204562653cd86dd1fca5358e91ed0061
[2026-09-03 21:58:28,336 I 79 79] (raylet) main.cc:565: Per-worker process group cleanup is ENABLED, subreaper is DISABLED
[2026-09-03 21:58:28,336 I 79 79] (raylet) main.cc:703: Setting node ID node_id=5a1736abfe100329c9e05ff3a3f920e3696f0c41773d8bb025d15fe0
[2026-09-03 21:58:28,336 I 79 79] (raylet) store_runner.cc:50: Allowing the Plasma store to use up to 4.29497GB of memory.
[2026-09-03 21:58:28,336 I 79 79] (raylet) store_runner.cc:66: Starting object store with directory /dev/shm, fallback /tmp/ray/session_2026-09-03_21-58-22_859369_107, and huge page support disabled
[2026-09-03 21:58:28,336 I 79 102] (raylet) dlmalloc.cc:324: Setting dlmalloc config: plasma_directory=/dev/shm, fallback_directory=/tmp/ray/session_2026-09-03_21-58-22_859369_107, hugepage_enabled=0, fallback_enabled=1
[2026-09-03 21:58:28,336 I 79 102] (raylet) dlmalloc.cc:153: create_and_mmap_buffer(4294967304, /dev/shm/plasmaXXXXXX)
[2026-09-03 21:58:28,337 I 79 102] (raylet) store.cc:573: Plasma store debug dump: 
Current usage: 0 / 4.29497 GB
- num bytes created total: 0
0 pending objects of total size 0MB
- objects spillable: 0
- bytes spillable: 0
- objects unsealed: 0
- bytes unsealed: 0
- objects in use: 0
- bytes in use: 0
- objects evictable: 0
- bytes evictable: 0

- objects created by worker: 0
- bytes created by worker: 0
- objects restored: 0
- bytes restored: 0
- objects received: 0
- bytes received: 0
- objects errored: 0
- bytes errored: 0

[2026-09-03 21:58:28,339 I 79 79] (raylet) grpc_server.cc:144: ObjectManager server started, listening on port 45735.
[2026-09-03 21:58:28,340 I 79 79] (raylet) threshold_memory_monitor.cc:51: ThresholdMemoryMonitor initialized with usage threshold at 3083988893696 bytes (95.000008% of system memory), total system memory bytes: 3246304026624, monitor interval: 250ms
[2026-09-03 21:58:28,340 I 79 79] (raylet) node_manager.cc:293: Initializing NodeManager node_id=5a1736abfe100329c9e05ff3a3f920e3696f0c41773d8bb025d15fe0
[2026-09-03 21:58:28,340 I 79 79] (raylet) grpc_server.cc:144: NodeManager server started, listening on port 35093.
[2026-09-03 21:58:28,344 I 79 149] (raylet) agent_manager.cc:81: Monitor agent process with name dashboard_agent
[2026-09-03 21:58:28,344 I 79 151] (raylet) agent_manager.cc:81: Monitor agent process with name runtime_env_agent
[2026-09-03 21:58:28,963 I 79 79] (raylet) metrics_agent_client.cc:45: Initializing exporter ...
[2026-09-03 21:58:28,963 I 79 79] (raylet) event.cc:499: Ray Event initialized for RAYLET
[2026-09-03 21:58:28,963 I 79 79] (raylet) event.cc:332: Set ray event level to warning
[2026-09-03 21:58:28,963 I 79 79] (raylet) main.cc:1156: Setting temp dir to: /tmp/ray
[2026-09-03 21:58:28,964 I 79 79] (raylet) node_manager.cc:349: Raylet of id, 5a1736abfe100329c9e05ff3a3f920e3696f0c41773d8bb025d15fe0 started. Raylet consists of node_manager and object_manager. node_manager address: 10.244.13.18:0 object_manager address: 10.244.13.18:45735 hostname: gpu-nodes-1
[2026-09-03 21:58:28,965 I 79 79] (raylet) node_manager.cc:486: [state-dump] NodeManager:
[state-dump] Node ID: 5a1736abfe100329c9e05ff3a3f920e3696f0c41773d8bb025d15fe0
[state-dump] Node name: 10.244.13.18
[state-dump] InitialConfigResources: {GPU: 8, accelerator_type:B200: 1, node:10.244.13.18: 1, object_store_memory: 4.29497e+09, CPU: 64, memory: 3.24185e+12}
[state-dump] ClusterLeaseManager:
[state-dump] ========== Node: 5a1736abfe100329c9e05ff3a3f920e3696f0c41773d8bb025d15fe0 =================
[state-dump] Infeasible queue length: 0
[state-dump] Schedule queue length: 0
[state-dump] Grant queue length: 0
[state-dump] num_waiting_for_resource: 0
[state-dump] num_waiting_for_plasma_memory: 0
[state-dump] num_waiting_for_remote_node_resources: 0
[state-dump] num_worker_not_started_by_job_config_not_exist: 0
[state-dump] num_worker_not_started_by_registration_timeout: 0
[state-dump] num_tasks_waiting_for_workers: 0
[state-dump] num_cancelled_leases: 0
[state-dump] cluster_resource_scheduler state: 
[state-dump] Local id: -1681695659902243193 Local resources: {"total":{memory: [32418548654080000], GPU: [10000, 10000, 10000, 10000, 10000, 10000, 10000, 10000], CPU: [640000], accelerator_type:B200: [10000], node:10.244.13.18: [10000], object_store_memory: [42949672960000]}, "available": {memory: [32418548654080000], GPU: [10000, 10000, 10000, 10000, 10000, 10000, 10000, 10000], CPU: [640000], accelerator_type:B200: [10000], node:10.244.13.18: [10000], object_store_memory: [42949672960000]}, "labels":{"ray.io/accelerator-type":"B200","ray.io/node-id":"5a1736abfe100329c9e05ff3a3f920e3696f0c41773d8bb025d15fe0"}} is_draining: 0 is_idle: 1 Cluster resources (at most 20 nodes are shown): node id: -1681695659902243193{"total":{GPU: 80000, accelerator_type:B200: 10000, node:10.244.13.18: 10000, object_store_memory: 42949672960000, CPU: 640000, memory: 32418548654080000}, "available": {GPU: 80000, accelerator_type:B200: 10000, node:10.244.13.18: 10000, object_store_memory: 42949672960000, CPU: 640000, memory: 32418548654080000}, "labels":{"ray.io/accelerator-type":"B200","ray.io/node-id":"5a1736abfe100329c9e05ff3a3f920e3696f0c41773d8bb025d15fe0"}, "is_draining": 0, "draining_deadline_timestamp_ms": -1} { "placement group locations": [], "node to bundles": []}
[state-dump] Waiting leases size: 0
[state-dump] Number of granted lease arguments: 0
[state-dump] Number of pinned lease arguments: 0
[state-dump] Total size of pinned lease arguments: 0
[state-dump] Number of total spilled leases: 0
[state-dump] Number of spilled waiting leases: 0
[state-dump] Number of spilled unschedulable leases: 0
[state-dump] Resource usage {
[state-dump] }
[state-dump] Backlog Size per scheduling descriptor :{workerId: num backlogs}:
[state-dump] 
[state-dump] Granted leases by scheduling class:
[state-dump] ==================================================
[state-dump] 
[state-dump] ClusterResources:
[state-dump] LocalObjectManager:
[state-dump] - num pinned objects: 0
[state-dump] - pinned objects size: 0
[state-dump] - num objects pending restore: 0
[state-dump] - num objects pending spill: 0
[state-dump] - num bytes pending spill: 0
[state-dump] - num bytes currently spilled: 0
[state-dump] - cumulative spill requests: 0
[state-dump] - cumulative restore requests: 0
[state-dump] - spilled objects pending delete: 0
[state-dump] 
[state-dump] ObjectManager:
[state-dump] - num local objects: 0
[state-dump] - num unfulfilled push requests: 0
[state-dump] - num object pull requests: 0
[state-dump] - num chunks received total: 0
[state-dump] - num chunks received failed (all): 0
[state-dump] - num chunks received failed / cancelled: 0
[state-dump] - num chunks received failed / plasma error: 0
[state-dump] Event stats:
[state-dump] Global stats: 0 total (0 active)
[state-dump] Queueing time: mean = -nanms, max = -0.00ms, min = 9223372036854.78ms, total = 0.00ms
[state-dump] Execution time:  mean = -nanms, total = 0.00ms
[state-dump] Event stats:
[state-dump] PushManager:
[state-dump] - num pushes remaining: 0
[state-dump] - num chunks in flight: 0
[state-dump] - num chunks remaining: 0
[state-dump] - max chunks allowed: 409
[state-dump] OwnershipBasedObjectDirectory:
[state-dump] - num listeners: 0
[state-dump] - cumulative location updates: 0
[state-dump] - num location updates per second: -nan
[state-dump] - num location lookups per second: -nan
[state-dump] - num locations added per second: -nan
[state-dump] - num locations removed per second: -nan
[state-dump] BufferPool:
[state-dump] - create buffer state map size: 0
[state-dump] PullManager:
[state-dump] - num bytes available for pulled objects: 4294967296
[state-dump] - num bytes being pulled (all): 0
[state-dump] - num bytes being pulled / pinned: 0
[state-dump] - get request bundles: BundlePullRequestQueue{0 total, 0 active, 0 inactive, 0 unpullable}
[state-dump] - wait request bundles: BundlePullRequestQueue{0 total, 0 active, 0 inactive, 0 unpullable}
[state-dump] - task request bundles: BundlePullRequestQueue{0 total, 0 active, 0 inactive, 0 unpullable}
[state-dump] - first get request bundle: N/A
[state-dump] - first wait request bundle: N/A
[state-dump] - first task request bundle: N/A
[state-dump] - num objects queued: 0
[state-dump] - num objects actively pulled (all): 0
[state-dump] - num objects actively pulled / pinned: 0
[state-dump] - num bundles being pulled: 0
[state-dump] - num pull retries: 0
[state-dump] - max timeout seconds: 0
[state-dump] - max timeout request is already processed. No entry.
[state-dump] 
[state-dump] WorkerPool:
[state-dump] - registered jobs: 0
[state-dump] - process_failed_job_config_missing: 0
[state-dump] - process_failed_rate_limited: 0
[state-dump] - process_failed_pending_registration: 0
[state-dump] - process_failed_runtime_env_setup_failed: 0
[state-dump] - num PYTHON workers: 0
[state-dump] - num PYTHON drivers: 0
[state-dump] - num PYTHON pending start requests: 0
[state-dump] - num PYTHON pending registration requests: 0
[state-dump] - num object spill callbacks queued: 0
[state-dump] - num object restore queued: 0
[state-dump] - num util functions queued: 0
[state-dump] - num idle workers: 0
[state-dump] LeaseDependencyManager:
[state-dump] - lease deps map size: 0
[state-dump] - get req map size: 0
[state-dump] - wait req map size: 0
[state-dump] - local objects map size: 0
[state-dump] WaitManager:
[state-dump] - num active wait requests: 0
[state-dump] Subscriber:
[state-dump] Channel WORKER_OBJECT_LOCATIONS_CHANNEL
[state-dump] - cumulative subscribe requests: 0
[state-dump] - cumulative unsubscribe requests: 0
[state-dump] - active subscribed publishers: 0
[state-dump] - cumulative published messages: 0
[state-dump] - cumulative processed messages: 0
[state-dump] Channel WORKER_REF_REMOVED_CHANNEL
[state-dump] - cumulative subscribe requests: 0
[state-dump] - cumulative unsubscribe requests: 0
[state-dump] - active subscribed publishers: 0
[state-dump] - cumulative published messages: 0
[state-dump] - cumulative processed messages: 0
[state-dump] num async plasma notifications: 0
[state-dump] Event stats:
[state-dump] Global stats: 31 total (14 active)
[state-dump] Queueing time: mean = 60.71ms, max = 624.32ms, min = 0.00ms, total = 1882.04ms
[state-dump] Execution time:  mean = 20.38ms, total = 631.80ms
[state-dump] Event stats:
[state-dump] 	PeriodicalRunner.RunFnPeriodically - 11 total (2 active, 1 running), Execution time: mean = 0.05ms, total = 0.60ms, Queueing time: mean = 170.46ms, max = 624.32ms, min = 0.02ms, total = 1875.02ms
[state-dump] 	event_loop_lag_probe - 2 total (0 active), Execution time: mean = 0.09ms, total = 0.17ms, Queueing time: mean = 3.50ms, max = 6.99ms, min = 0.00ms, total = 6.99ms
[state-dump] 	NodeManager.deadline_timer.debug_state_dump - 1 total (1 active), Execution time: mean = 0.00ms, total = 0.00ms, Queueing time: mean = 0.00ms, max = -0.00ms, min = 9223372036854.78ms, total = 0.00ms
[state-dump] 	NodeManager.deadline_timer.spill_objects_when_over_threshold - 1 total (1 active), Execution time: mean = 0.00ms, total = 0.00ms, Queueing time: mean = 0.00ms, max = -0.00ms, min = 9223372036854.78ms, total = 0.00ms
[state-dump] 	ray::rpc::NodeInfoGcsService.grpc_client.RegisterNode - 1 total (0 active), Execution time: mean = 0.80ms, total = 0.80ms, Queueing time: mean = 0.00ms, max = -0.00ms, min = 9223372036854.78ms, total = 0.00ms
[state-dump] 	NodeManager.deadline_timer.flush_free_objects - 1 total (1 active), Execution time: mean = 0.00ms, total = 0.00ms, Queueing time: mean = 0.00ms, max = -0.00ms, min = 9223372036854.78ms, total = 0.00ms
[state-dump] 	NodeManager.deadline_timer.record_metrics - 1 total (1 active), Execution time: mean = 0.00ms, total = 0.00ms, Queueing time: mean = 0.00ms, max = -0.00ms, min = 9223372036854.78ms, total = 0.00ms
[state-dump] 	NodeManager.GCTaskFailureReason - 1 total (1 active), Execution time: mean = 0.00ms, total = 0.00ms, Queueing time: mean = 0.00ms, max = -0.00ms, min = 9223372036854.78ms, total = 0.00ms
[state-dump] 	ray::rpc::InternalKVGcsService.grpc_client.GetInternalConfig - 1 total (0 active), Execution time: mean = 0.89ms, total = 0.89ms, Queueing time: mean = 0.00ms, max = -0.00ms, min = 9223372036854.78ms, total = 0.00ms
[state-dump] 	ray::rpc::ControlPlanePubSubGcsService.grpc_client.GcsSubscriberCommandBatch.OnReplyReceived - 1 total (1 active), Execution time: mean = 0.00ms, total = 0.00ms, Queueing time: mean = 0.00ms, max = -0.00ms, min = 9223372036854.78ms, total = 0.00ms
[state-dump] 	ReporterService.grpc_client.HealthCheck - 1 total (1 active), Execution time: mean = 0.00ms, total = 0.00ms, Queueing time: mean = 0.00ms, max = -0.00ms, min = 9223372036854.78ms, total = 0.00ms
[state-dump] 	ray::rpc::ControlPlanePubSubGcsService.grpc_client.GcsSubscriberPoll - 1 total (1 active), Execution time: mean = 0.00ms, total = 0.00ms, Queueing time: mean = 0.00ms, max = -0.00ms, min = 9223372036854.78ms, total = 0.00ms
[state-dump] 	ray::rpc::ControlPlanePubSubGcsService.grpc_client.GcsSubscriberCommandBatch - 1 total (0 active), Execution time: mean = 0.70ms, total = 0.70ms, Queueing time: mean = 0.00ms, max = -0.00ms, min = 9223372036854.78ms, total = 0.00ms
[state-dump] 	ray::rpc::NodeInfoGcsService.grpc_client.RegisterNode.OnReplyReceived - 1 total (0 active), Execution time: mean = 0.24ms, total = 0.24ms, Queueing time: mean = 0.01ms, max = 0.01ms, min = 0.01ms, total = 0.01ms
[state-dump] 	ray::rpc::InternalKVGcsService.grpc_client.GetInternalConfig.OnReplyReceived - 1 total (0 active), Execution time: mean = 628.39ms, total = 628.39ms, Queueing time: mean = 0.01ms, max = 0.01ms, min = 0.01ms, total = 0.01ms
[state-dump] 	ObjectManager.UpdateAvailableMemory - 1 total (0 active), Execution time: mean = 0.00ms, total = 0.00ms, Queueing time: mean = 0.00ms, max = 0.00ms, min = 0.00ms, total = 0.00ms
[state-dump] 	NodeManager.ScheduleAndGrantLeases - 1 total (1 active), Execution time: mean = 0.00ms, total = 0.00ms, Queueing time: mean = 0.00ms, max = -0.00ms, min = 9223372036854.78ms, total = 0.00ms
[state-dump] 	RayletWorkerPool.deadline_timer.kill_idle_workers - 1 total (1 active), Execution time: mean = 0.00ms, total = 0.00ms, Queueing time: mean = 0.00ms, max = -0.00ms, min = 9223372036854.78ms, total = 0.00ms
[state-dump] 	ClusterResourceManager.ResetRemoteNodeView - 1 total (1 active), Execution time: mean = 0.00ms, total = 0.00ms, Queueing time: mean = 0.00ms, max = -0.00ms, min = 9223372036854.78ms, total = 0.00ms
[state-dump] 	NodeManager.CheckForUnexpectedWorkerDisconnects - 1 total (1 active), Execution time: mean = 0.00ms, total = 0.00ms, Queueing time: mean = 0.00ms, max = -0.00ms, min = 9223372036854.78ms, total = 0.00ms
[state-dump] DebugString() time ms: 0
[state-dump] 
[state-dump] 
[2026-09-03 21:58:28,969 I 79 79] (raylet) accessor.cc:453: Received address and liveness notification for node, IsAlive = 1 node_id=b668a6c13d1b7186690b035979a815ca1ce93506fd27e5e4ac7a3f5d
[2026-09-03 21:58:28,969 I 79 79] (raylet) accessor.cc:453: Received address and liveness notification for node, IsAlive = 1 node_id=5a1736abfe100329c9e05ff3a3f920e3696f0c41773d8bb025d15fe0
[2026-09-03 21:58:29,153 I 79 79] (raylet) metrics_agent_client.cc:59: Exporter initialized.
[2026-09-03 21:58:32,368 I 79 79] (raylet) accessor.cc:453: Received address and liveness notification for node, IsAlive = 1 node_id=137ca386e65d980acbeff863eda6c65487ee6942bccc8db1236dc36e
[2026-09-03 21:58:35,951 I 79 79] (raylet) accessor.cc:453: Received address and liveness notification for node, IsAlive = 1 node_id=91950bc728379b818b838deb2fb43ac0b302dd8af091673234e82d95
[2026-09-03 21:59:04,385 I 79 79] (raylet) worker_pool.cc:531: Started worker process with pid 333 worker_id=396fbcac46ccfe864c935469bac0b4f2bbfd34b8e4e959db9cbbd18d
[2026-09-03 21:59:04,388 I 79 79] (raylet) worker_pool.cc:531: Started worker process with pid 334 worker_id=75b66bdcf9ec1cede3652b6b796b8ac7df3e5f4315a632a6b1e352cd
[2026-09-03 21:59:04,391 I 79 79] (raylet) worker_pool.cc:531: Started worker process with pid 335 worker_id=85d60e706b6d23032b014f4291f7479b189570a3b9ae805ffbd74dbf
[2026-09-03 21:59:04,394 I 79 79] (raylet) worker_pool.cc:531: Started worker process with pid 336 worker_id=12410717848b8ba171cb5ba4e06e07ea8d280da73e08185d79184ce2
[2026-09-03 21:59:04,397 I 79 79] (raylet) worker_pool.cc:531: Started worker process with pid 337 worker_id=264a569836caa45395fe29bb477fa97df894824711699fc027f0194c
[2026-09-03 21:59:04,399 I 79 79] (raylet) worker_pool.cc:531: Started worker process with pid 338 worker_id=3b787c6b06fdd7648c5fa2fb60a7a99f02662af0df160dd911bf0ac6
[2026-09-03 21:59:04,402 I 79 79] (raylet) worker_pool.cc:531: Started worker process with pid 339 worker_id=9f24c985ae7add4cb894479d9bbfe26690f3524eac0a93e40cdd3df3
[2026-09-03 21:59:04,404 I 79 79] (raylet) worker_pool.cc:531: Started worker process with pid 340 worker_id=267060081417f50b7d51866ce58b7d1067d8af8e405383b6b65cfede
[2026-09-03 21:59:04,688 I 79 102] (raylet) object_store.cc:37: Object store current usage 8e-09 / 4.29497 GB.
[2026-09-03 21:59:04,847 I 79 79] (raylet) node_manager.cc:3626: Received KillLocalActor RPC worker_id=267060081417f50b7d51866ce58b7d1067d8af8e405383b6b65cfede actor_id=26b5587822a5f64fe82d619101000000
[2026-09-03 21:59:04,847 I 79 79] (raylet) node_manager.cc:3626: Received KillLocalActor RPC worker_id=12410717848b8ba171cb5ba4e06e07ea8d280da73e08185d79184ce2 actor_id=84f96e9d4f0d4bc88750849d01000000
[2026-09-03 21:59:04,847 I 79 79] (raylet) node_manager.cc:3626: Received KillLocalActor RPC worker_id=396fbcac46ccfe864c935469bac0b4f2bbfd34b8e4e959db9cbbd18d actor_id=2306af9067f1980e120fdebd01000000
[2026-09-03 21:59:04,847 I 79 79] (raylet) node_manager.cc:3626: Received KillLocalActor RPC worker_id=264a569836caa45395fe29bb477fa97df894824711699fc027f0194c actor_id=9e190047b2467120ed2a2a6701000000
[2026-09-03 21:59:04,847 I 79 79] (raylet) node_manager.cc:3626: Received KillLocalActor RPC worker_id=3b787c6b06fdd7648c5fa2fb60a7a99f02662af0df160dd911bf0ac6 actor_id=607a86ebf7bfbd32f03fe43e01000000
[2026-09-03 21:59:04,848 I 79 79] (raylet) node_manager.cc:3626: Received KillLocalActor RPC worker_id=9f24c985ae7add4cb894479d9bbfe26690f3524eac0a93e40cdd3df3 actor_id=f180f3030b8718f920a7678b01000000
[2026-09-03 21:59:04,848 I 79 79] (raylet) node_manager.cc:3626: Received KillLocalActor RPC worker_id=75b66bdcf9ec1cede3652b6b796b8ac7df3e5f4315a632a6b1e352cd actor_id=019b2494678fd94a6059de2801000000
[2026-09-03 21:59:04,848 I 79 79] (raylet) node_manager.cc:3626: Received KillLocalActor RPC worker_id=85d60e706b6d23032b014f4291f7479b189570a3b9ae805ffbd74dbf actor_id=9e51135fad8392697176b8fe01000000
[2026-09-03 21:59:04,849 I 79 79] (raylet) node_manager.cc:1498: Disconnecting worker, graceful=true, disconnect_type=1, has_creation_task_exception=false worker_id=396fbcac46ccfe864c935469bac0b4f2bbfd34b8e4e959db9cbbd18d job_id=01000000
[2026-09-03 21:59:04,849 I 79 79] (raylet) node_manager.cc:1498: Disconnecting worker, graceful=true, disconnect_type=1, has_creation_task_exception=false worker_id=12410717848b8ba171cb5ba4e06e07ea8d280da73e08185d79184ce2 job_id=01000000
[2026-09-03 21:59:04,850 I 79 79] (raylet) node_manager.cc:1498: Disconnecting worker, graceful=true, disconnect_type=1, has_creation_task_exception=false worker_id=267060081417f50b7d51866ce58b7d1067d8af8e405383b6b65cfede job_id=01000000
[2026-09-03 21:59:04,850 I 79 79] (raylet) node_manager.cc:1498: Disconnecting worker, graceful=true, disconnect_type=1, has_creation_task_exception=false worker_id=3b787c6b06fdd7648c5fa2fb60a7a99f02662af0df160dd911bf0ac6 job_id=01000000
[2026-09-03 21:59:04,850 I 79 79] (raylet) node_manager.cc:1498: Disconnecting worker, graceful=true, disconnect_type=1, has_creation_task_exception=false worker_id=264a569836caa45395fe29bb477fa97df894824711699fc027f0194c job_id=01000000
[2026-09-03 21:59:04,850 I 79 79] (raylet) node_manager.cc:1498: Disconnecting worker, graceful=true, disconnect_type=1, has_creation_task_exception=false worker_id=85d60e706b6d23032b014f4291f7479b189570a3b9ae805ffbd74dbf job_id=01000000
[2026-09-03 21:59:04,852 I 79 79] (raylet) node_manager.cc:1498: Disconnecting worker, graceful=true, disconnect_type=1, has_creation_task_exception=false worker_id=9f24c985ae7add4cb894479d9bbfe26690f3524eac0a93e40cdd3df3 job_id=01000000
[2026-09-03 21:59:04,852 I 79 79] (raylet) node_manager.cc:1498: Disconnecting worker, graceful=true, disconnect_type=1, has_creation_task_exception=false worker_id=75b66bdcf9ec1cede3652b6b796b8ac7df3e5f4315a632a6b1e352cd job_id=01000000
[2026-09-03 21:59:04,860 W 79 102] (raylet) store.cc:366: Disconnecting client due to connection error with code 2: End of file
[2026-09-03 21:59:04,860 W 79 102] (raylet) store.cc:366: Disconnecting client due to connection error with code 2: End of file
[2026-09-03 21:59:04,861 W 79 102] (raylet) store.cc:366: Disconnecting client due to connection error with code 2: End of file
[2026-09-03 21:59:04,863 W 79 102] (raylet) store.cc:366: Disconnecting client due to connection error with code 2: End of file
[2026-09-03 21:59:04,863 W 79 102] (raylet) store.cc:366: Disconnecting client due to connection error with code 2: End of file
[2026-09-03 21:59:04,864 W 79 102] (raylet) store.cc:366: Disconnecting client due to connection error with code 2: End of file
[2026-09-03 21:59:04,867 W 79 102] (raylet) store.cc:366: Disconnecting client due to connection error with code 2: End of file
[2026-09-03 21:59:04,867 W 79 102] (raylet) store.cc:366: Disconnecting client due to connection error with code 2: End of file
[2026-09-03 21:59:05,000 I 79 79] (raylet) runtime_env_agent_client.cc:395: Create runtime env for job 01000000
[2026-09-03 21:59:05,003 I 79 79] (raylet) worker_pool.cc:531: Started worker process with pid 856 worker_id=5cc4ed1f0649d6976ed683211055eb3665137c692d18f2735c16f6ce
[2026-09-03 21:59:28,337 I 79 102] (raylet) store.cc:573: Plasma store debug dump: 
Current usage: 0 / 4.29497 GB
- num bytes created total: 72
0 pending objects of total size 0MB
- objects spillable: 0
- bytes spillable: 0
- objects unsealed: 0
- bytes unsealed: 0
- objects in use: 0
- bytes in use: 0
- objects evictable: 0
- bytes evictable: 0

- objects created by worker: 0
- bytes created by worker: 0
- objects restored: 0
- bytes restored: 0
- objects received: 0
- bytes received: 0
- objects errored: 0
- bytes errored: 0

[2026-09-03 21:59:28,969 I 79 79] (raylet) node_manager.cc:486: [state-dump] NodeManager:
[state-dump] Node ID: 5a1736abfe100329c9e05ff3a3f920e3696f0c41773d8bb025d15fe0
[state-dump] Node name: 10.244.13.18
[state-dump] InitialConfigResources: {GPU: 8, accelerator_type:B200: 1, node:10.244.13.18: 1, object_store_memory: 4.29497e+09, CPU: 64, memory: 3.24185e+12}
[state-dump] ClusterLeaseManager:
[state-dump] ========== Node: 5a1736abfe100329c9e05ff3a3f920e3696f0c41773d8bb025d15fe0 =================
[state-dump] Infeasible queue length: 0
[state-dump] Schedule queue length: 0
[state-dump] Grant queue length: 0
[state-dump] num_waiting_for_resource: 0
[state-dump] num_waiting_for_plasma_memory: 0
[state-dump] num_waiting_for_remote_node_resources: 0
[state-dump] num_worker_not_started_by_job_config_not_exist: 0
[state-dump] num_worker_not_started_by_registration_timeout: 0
[state-dump] num_tasks_waiting_for_workers: 0
[state-dump] num_cancelled_leases: 0
[state-dump] cluster_resource_scheduler state: 
[state-dump] Local id: -1681695659902243193 Local resources: {"total":{CPU_group_6_8614e87c67f590024f565ffa771501000000: [10000], CPU_group_7_8614e87c67f590024f565ffa771501000000: [10000], bundle_group_6_8614e87c67f590024f565ffa771501000000: [10000000], CPU: [640000], bundle_group_8614e87c67f590024f565ffa771501000000: [80000000], CPU_group_2_8614e87c67f590024f565ffa771501000000: [10000], bundle_group_7_8614e87c67f590024f565ffa771501000000: [10000000], CPU_group_8614e87c67f590024f565ffa771501000000: [80000], accelerator_type:B200: [10000], bundle_group_1_8614e87c67f590024f565ffa771501000000: [10000000], object_store_memory: [42949672960000], GPU_group_8614e87c67f590024f565ffa771501000000: [10000, 10000, 10000, 10000, 10000, 10000, 10000, 10000], bundle_group_5_8614e87c67f590024f565ffa771501000000: [10000000], GPU_group_5_8614e87c67f590024f565ffa771501000000: [0, 0, 0, 0, 10000, 0, 0, 0], GPU_group_3_8614e87c67f590024f565ffa771501000000: [0, 0, 10000, 0, 0, 0, 0, 0], CPU_group_3_8614e87c67f590024f565ffa771501000000: [10000], bundle_group_3_8614e87c67f590024f565ffa771501000000: [10000000], GPU_group_8_8614e87c67f590024f565ffa771501000000: [0, 0, 0, 0, 0, 0, 0, 10000], CPU_group_4_8614e87c67f590024f565ffa771501000000: [10000], CPU_group_8_8614e87c67f590024f565ffa771501000000: [10000], memory: [32418548654080000], bundle_group_2_8614e87c67f590024f565ffa771501000000: [10000000], bundle_group_8_8614e87c67f590024f565ffa771501000000: [10000000], GPU_group_2_8614e87c67f590024f565ffa771501000000: [0, 10000, 0, 0, 0, 0, 0, 0], GPU_group_4_8614e87c67f590024f565ffa771501000000: [0, 0, 0, 10000, 0, 0, 0, 0], GPU_group_6_8614e87c67f590024f565ffa771501000000: [0, 0, 0, 0, 0, 10000, 0, 0], GPU_group_1_8614e87c67f590024f565ffa771501000000: [10000, 0, 0, 0, 0, 0, 0, 0], node:10.244.13.18: [10000], CPU_group_5_8614e87c67f590024f565ffa771501000000: [10000], GPU_group_7_8614e87c67f590024f565ffa771501000000: [0, 0, 0, 0, 0, 0, 10000, 0], bundle_group_4_8614e87c67f590024f565ffa771501000000: [10000000], CPU_group_1_8614e87c67f590024f565ffa771501000000: [10000], GPU: [10000, 10000, 10000, 10000, 10000, 10000, 10000, 10000]}, "available": {CPU_group_6_8614e87c67f590024f565ffa771501000000: [10000], CPU_group_7_8614e87c67f590024f565ffa771501000000: [10000], bundle_group_6_8614e87c67f590024f565ffa771501000000: [10000000], CPU: [560000], bundle_group_8614e87c67f590024f565ffa771501000000: [79999990], CPU_group_2_8614e87c67f590024f565ffa771501000000: [10000], bundle_group_7_8614e87c67f590024f565ffa771501000000: [10000000], CPU_group_8614e87c67f590024f565ffa771501000000: [76000], accelerator_type:B200: [10000], bundle_group_1_8614e87c67f590024f565ffa771501000000: [9999990], object_store_memory: [42949672960000], GPU_group_8614e87c67f590024f565ffa771501000000: [6000, 10000, 10000, 10000, 10000, 10000, 10000, 10000], bundle_group_5_8614e87c67f590024f565ffa771501000000: [10000000], GPU_group_5_8614e87c67f590024f565ffa771501000000: [0, 0, 0, 0, 10000, 0, 0, 0], GPU_group_3_8614e87c67f590024f565ffa771501000000: [0, 0, 10000, 0, 0, 0, 0, 0], CPU_group_3_8614e87c67f590024f565ffa771501000000: [10000], bundle_group_3_8614e87c67f590024f565ffa771501000000: [10000000], GPU_group_8_8614e87c67f590024f565ffa771501000000: [0, 0, 0, 0, 0, 0, 0, 10000], CPU_group_4_8614e87c67f590024f565ffa771501000000: [10000], CPU_group_8_8614e87c67f590024f565ffa771501000000: [10000], memory: [32418548654080000], bundle_group_2_8614e87c67f590024f565ffa771501000000: [10000000], bundle_group_8_8614e87c67f590024f565ffa771501000000: [10000000], GPU_group_2_8614e87c67f590024f565ffa771501000000: [0, 10000, 0, 0, 0, 0, 0, 0], GPU_group_4_8614e87c67f590024f565ffa771501000000: [0, 0, 0, 10000, 0, 0, 0, 0], GPU_group_6_8614e87c67f590024f565ffa771501000000: [0, 0, 0, 0, 0, 10000, 0, 0], GPU_group_1_8614e87c67f590024f565ffa771501000000: [6000, 0, 0, 0, 0, 0, 0, 0], node:10.244.13.18: [10000], CPU_group_5_8614e87c67f590024f565ffa771501000000: [10000], GPU_group_7_8614e87c67f590024f565ffa771501000000: [0, 0, 0, 0, 0, 0, 10000, 0], bundle_group_4_8614e87c67f590024f565ffa771501000000: [10000000], CPU_group_1_8614e87c67f590024f565ffa771501000000: [6000], GPU: [0, 0, 0, 0, 0, 0, 0, 0]}, "labels":{"ray.io/accelerator-type":"B200","ray.io/node-id":"5a1736abfe100329c9e05ff3a3f920e3696f0c41773d8bb025d15fe0"}} is_draining: 0 is_idle: 0 Cluster resources (at most 20 nodes are shown): node id: -5100000704351949267{"total":{bundle_group_8614e87c67f590024f565ffa771501000000: 80000000, bundle_group_9_8614e87c67f590024f565ffa771501000000: 10000000, CPU_group_8614e87c67f590024f565ffa771501000000: 80000, GPU_group_10_8614e87c67f590024f565ffa771501000000: 10000, accelerator_type:B200: 10000, bundle_group_10_8614e87c67f590024f565ffa771501000000: 10000000, CPU_group_14_8614e87c67f590024f565ffa771501000000: 10000, bundle_group_15_8614e87c67f590024f565ffa771501000000: 10000000, CPU: 640000, GPU_group_13_8614e87c67f590024f565ffa771501000000: 10000, CPU_group_9_8614e87c67f590024f565ffa771501000000: 10000, GPU_group_15_8614e87c67f590024f565ffa771501000000: 10000, memory: 32397615636480000, bundle_group_14_8614e87c67f590024f565ffa771501000000: 10000000, bundle_group_13_8614e87c67f590024f565ffa771501000000: 10000000, CPU_group_12_8614e87c67f590024f565ffa771501000000: 10000, node:10.244.18.139: 10000, GPU_group_9_8614e87c67f590024f565ffa771501000000: 10000, object_store_memory: 42949672960000, GPU_group_8614e87c67f590024f565ffa771501000000: 80000, CPU_group_15_8614e87c67f590024f565ffa771501000000: 10000, bundle_group_12_8614e87c67f590024f565ffa771501000000: 10000000, CPU_group_10_8614e87c67f590024f565ffa771501000000: 10000, GPU_group_14_8614e87c67f590024f565ffa771501000000: 10000, node:__internal_head__: 10000, bundle_group_11_8614e87c67f590024f565ffa771501000000: 10000000, GPU_group_0_8614e87c67f590024f565ffa771501000000: 10000, GPU_group_12_8614e87c67f590024f565ffa771501000000: 10000, GPU_group_11_8614e87c67f590024f565ffa771501000000: 10000, bundle_group_0_8614e87c67f590024f565ffa771501000000: 10000000, GPU: 80000, CPU_group_0_8614e87c67f590024f565ffa771501000000: 10000, CPU_group_13_8614e87c67f590024f565ffa771501000000: 10000, CPU_group_11_8614e87c67f590024f565ffa771501000000: 10000}, "available": {bundle_group_8614e87c67f590024f565ffa771501000000: 80000000, bundle_group_9_8614e87c67f590024f565ffa771501000000: 10000000, CPU_group_8614e87c67f590024f565ffa771501000000: 80000, GPU_group_10_8614e87c67f590024f565ffa771501000000: 10000, accelerator_type:B200: 10000, bundle_group_10_8614e87c67f590024f565ffa771501000000: 10000000, CPU_group_14_8614e87c67f590024f565ffa771501000000: 10000, bundle_group_15_8614e87c67f590024f565ffa771501000000: 10000000, CPU: 550000, GPU_group_13_8614e87c67f590024f565ffa771501000000: 10000, CPU_group_9_8614e87c67f590024f565ffa771501000000: 10000, memory: 32397615636480000, GPU_group_15_8614e87c67f590024f565ffa771501000000: 10000, bundle_group_13_8614e87c67f590024f565ffa771501000000: 10000000, CPU_group_12_8614e87c67f590024f565ffa771501000000: 10000, bundle_group_14_8614e87c67f590024f565ffa771501000000: 10000000, node:10.244.18.139: 10000, object_store_memory: 42949672960000, CPU_group_15_8614e87c67f590024f565ffa771501000000: 10000, GPU_group_8614e87c67f590024f565ffa771501000000: 80000, GPU_group_9_8614e87c67f590024f565ffa771501000000: 10000, bundle_group_12_8614e87c67f590024f565ffa771501000000: 10000000, CPU_group_10_8614e87c67f590024f565ffa771501000000: 10000, GPU_group_14_8614e87c67f590024f565ffa771501000000: 10000, node:__internal_head__: 10000, bundle_group_11_8614e87c67f590024f565ffa771501000000: 10000000, GPU_group_0_8614e87c67f590024f565ffa771501000000: 10000, GPU_group_12_8614e87c67f590024f565ffa771501000000: 10000, GPU_group_11_8614e87c67f590024f565ffa771501000000: 10000, bundle_group_0_8614e87c67f590024f565ffa771501000000: 10000000, CPU_group_11_8614e87c67f590024f565ffa771501000000: 10000, CPU_group_13_8614e87c67f590024f565ffa771501000000: 10000, CPU_group_0_8614e87c67f590024f565ffa771501000000: 10000}, "labels":{"ray.io/accelerator-type":"B200","ray.io/node-id":"b668a6c13d1b7186690b035979a815ca1ce93506fd27e5e4ac7a3f5d"}, "is_draining": 0, "draining_deadline_timestamp_ms": -1}node id: 6958755133317569349{"total":{bundle_group_28_8614e87c67f590024f565ffa771501000000: 10000000, CPU_group_8614e87c67f590024f565ffa771501000000: 80000, accelerator_type:B200: 10000, bundle_group_8614e87c67f590024f565ffa771501000000: 80000000, GPU_group_27_8614e87c67f590024f565ffa771501000000: 10000, GPU_group_26_8614e87c67f590024f565ffa771501000000: 10000, GPU_group_25_8614e87c67f590024f565ffa771501000000: 10000, bundle_group_16_8614e87c67f590024f565ffa771501000000: 10000000, CPU: 640000, bundle_group_31_8614e87c67f590024f565ffa771501000000: 10000000, CPU_group_29_8614e87c67f590024f565ffa771501000000: 10000, CPU_group_30_8614e87c67f590024f565ffa771501000000: 10000, bundle_group_25_8614e87c67f590024f565ffa771501000000: 10000000, CPU_group_16_8614e87c67f590024f565ffa771501000000: 10000, GPU_group_16_8614e87c67f590024f565ffa771501000000: 10000, memory: 32418469068800000, GPU_group_29_8614e87c67f590024f565ffa771501000000: 10000, bundle_group_26_8614e87c67f590024f565ffa771501000000: 10000000, object_store_memory: 42949672960000, GPU_group_8614e87c67f590024f565ffa771501000000: 80000, node:10.244.180.242: 10000, GPU_group_31_8614e87c67f590024f565ffa771501000000: 10000, GPU_group_28_8614e87c67f590024f565ffa771501000000: 10000, GPU_group_30_8614e87c67f590024f565ffa771501000000: 10000, bundle_group_29_8614e87c67f590024f565ffa771501000000: 10000000, bundle_group_30_8614e87c67f590024f565ffa771501000000: 10000000, CPU_group_27_8614e87c67f590024f565ffa771501000000: 10000, CPU_group_26_8614e87c67f590024f565ffa771501000000: 10000, CPU_group_28_8614e87c67f590024f565ffa771501000000: 10000, GPU: 80000, CPU_group_25_8614e87c67f590024f565ffa771501000000: 10000, CPU_group_31_8614e87c67f590024f565ffa771501000000: 10000, bundle_group_27_8614e87c67f590024f565ffa771501000000: 10000000}, "available": {bundle_group_28_8614e87c67f590024f565ffa771501000000: 10000000, CPU_group_8614e87c67f590024f565ffa771501000000: 80000, accelerator_type:B200: 10000, bundle_group_8614e87c67f590024f565ffa771501000000: 80000000, GPU_group_27_8614e87c67f590024f565ffa771501000000: 10000, GPU_group_26_8614e87c67f590024f565ffa771501000000: 10000, GPU_group_25_8614e87c67f590024f565ffa771501000000: 10000, bundle_group_16_8614e87c67f590024f565ffa771501000000: 10000000, CPU: 560000, bundle_group_31_8614e87c67f590024f565ffa771501000000: 10000000, CPU_group_29_8614e87c67f590024f565ffa771501000000: 10000, CPU_group_30_8614e87c67f590024f565ffa771501000000: 10000, bundle_group_25_8614e87c67f590024f565ffa771501000000: 10000000, CPU_group_16_8614e87c67f590024f565ffa771501000000: 10000, GPU_group_16_8614e87c67f590024f565ffa771501000000: 10000, memory: 32418469068800000, GPU_group_29_8614e87c67f590024f565ffa771501000000: 10000, bundle_group_26_8614e87c67f590024f565ffa771501000000: 10000000, object_store_memory: 42949672960000, GPU_group_8614e87c67f590024f565ffa771501000000: 80000, GPU_group_31_8614e87c67f590024f565ffa771501000000: 10000, node:10.244.180.242: 10000, GPU_group_28_8614e87c67f590024f565ffa771501000000: 10000, GPU_group_30_8614e87c67f590024f565ffa771501000000: 10000, bundle_group_29_8614e87c67f590024f565ffa771501000000: 10000000, bundle_group_30_8614e87c67f590024f565ffa771501000000: 10000000, CPU_group_27_8614e87c67f590024f565ffa771501000000: 10000, CPU_group_26_8614e87c67f590024f565ffa771501000000: 10000, CPU_group_28_8614e87c67f590024f565ffa771501000000: 10000, CPU_group_25_8614e87c67f590024f565ffa771501000000: 10000, CPU_group_31_8614e87c67f590024f565ffa771501000000: 10000, bundle_group_27_8614e87c67f590024f565ffa771501000000: 10000000}, "labels":{"ray.io/accelerator-type":"B200","ray.io/node-id":"91950bc728379b818b838deb2fb43ac0b302dd8af091673234e82d95"}, "is_draining": 0, "draining_deadline_timestamp_ms": -1}node id: -1681695659902243193{"total":{CPU_group_4_8614e87c67f590024f565ffa771501000000: 10000, node:10.244.13.18: 10000, memory: 32418548654080000, CPU_group_8_8614e87c67f590024f565ffa771501000000: 10000, GPU_group_2_8614e87c67f590024f565ffa771501000000: 10000, bundle_group_2_8614e87c67f590024f565ffa771501000000: 10000000, object_store_memory: 42949672960000, bundle_group_1_8614e87c67f590024f565ffa771501000000: 10000000, bundle_group_5_8614e87c67f590024f565ffa771501000000: 10000000, GPU_group_8614e87c67f590024f565ffa771501000000: 80000, GPU_group_5_8614e87c67f590024f565ffa771501000000: 10000, CPU_group_3_8614e87c67f590024f565ffa771501000000: 10000, bundle_group_3_8614e87c67f590024f565ffa771501000000: 10000000, GPU_group_8_8614e87c67f590024f565ffa771501000000: 10000, GPU_group_3_8614e87c67f590024f565ffa771501000000: 10000, bundle_group_8614e87c67f590024f565ffa771501000000: 80000000, CPU_group_2_8614e87c67f590024f565ffa771501000000: 10000, bundle_group_7_8614e87c67f590024f565ffa771501000000: 10000000, CPU_group_8614e87c67f590024f565ffa771501000000: 80000, accelerator_type:B200: 10000, CPU_group_7_8614e87c67f590024f565ffa771501000000: 10000, bundle_group_6_8614e87c67f590024f565ffa771501000000: 10000000, CPU: 640000, CPU_group_1_8614e87c67f590024f565ffa771501000000: 10000, GPU: 80000, CPU_group_6_8614e87c67f590024f565ffa771501000000: 10000, bundle_group_4_8614e87c67f590024f565ffa771501000000: 10000000, GPU_group_7_8614e87c67f590024f565ffa771501000000: 10000, CPU_group_5_8614e87c67f590024f565ffa771501000000: 10000, bundle_group_8_8614e87c67f590024f565ffa771501000000: 10000000, GPU_group_1_8614e87c67f590024f565ffa771501000000: 10000, GPU_group_6_8614e87c67f590024f565ffa771501000000: 10000, GPU_group_4_8614e87c67f590024f565ffa771501000000: 10000}, "available": {CPU_group_6_8614e87c67f590024f565ffa771501000000: 10000, CPU_group_1_8614e87c67f590024f565ffa771501000000: 6000, bundle_group_4_8614e87c67f590024f565ffa771501000000: 10000000, GPU_group_7_8614e87c67f590024f565ffa771501000000: 10000, CPU_group_5_8614e87c67f590024f565ffa771501000000: 10000, GPU_group_6_8614e87c67f590024f565ffa771501000000: 10000, GPU_group_4_8614e87c67f590024f565ffa771501000000: 10000, node:10.244.13.18: 10000, GPU_group_1_8614e87c67f590024f565ffa771501000000: 6000, GPU_group_2_8614e87c67f590024f565ffa771501000000: 10000, bundle_group_8_8614e87c67f590024f565ffa771501000000: 10000000, bundle_group_2_8614e87c67f590024f565ffa771501000000: 10000000, CPU_group_4_8614e87c67f590024f565ffa771501000000: 10000, CPU_group_8_8614e87c67f590024f565ffa771501000000: 10000, memory: 32418548654080000, CPU_group_3_8614e87c67f590024f565ffa771501000000: 10000, GPU_group_3_8614e87c67f590024f565ffa771501000000: 10000, GPU_group_8_8614e87c67f590024f565ffa771501000000: 10000, bundle_group_3_8614e87c67f590024f565ffa771501000000: 10000000, bundle_group_1_8614e87c67f590024f565ffa771501000000: 9999990, object_store_memory: 42949672960000, GPU_group_8614e87c67f590024f565ffa771501000000: 76000, bundle_group_5_8614e87c67f590024f565ffa771501000000: 10000000, GPU_group_5_8614e87c67f590024f565ffa771501000000: 10000, CPU_group_8614e87c67f590024f565ffa771501000000: 76000, accelerator_type:B200: 10000, bundle_group_8614e87c67f590024f565ffa771501000000: 79999990, CPU_group_2_8614e87c67f590024f565ffa771501000000: 10000, bundle_group_7_8614e87c67f590024f565ffa771501000000: 10000000, CPU: 560000, CPU_group_7_8614e87c67f590024f565ffa771501000000: 10000, bundle_group_6_8614e87c67f590024f565ffa771501000000: 10000000}, "labels":{"ray.io/node-id":"5a1736abfe100329c9e05ff3a3f920e3696f0c41773d8bb025d15fe0","ray.io/accelerator-type":"B200"}, "is_draining": 0, "draining_deadline_timestamp_ms": -1}node id: 346506708453796848{"total":{GPU_group_22_8614e87c67f590024f565ffa771501000000: 10000, GPU_group_23_8614e87c67f590024f565ffa771501000000: 10000, bundle_group_20_8614e87c67f590024f565ffa771501000000: 10000000, GPU: 80000, CPU_group_20_8614e87c67f590024f565ffa771501000000: 10000, bundle_group_24_8614e87c67f590024f565ffa771501000000: 10000000, GPU_group_20_8614e87c67f590024f565ffa771501000000: 10000, CPU_group_18_8614e87c67f590024f565ffa771501000000: 10000, CPU_group_21_8614e87c67f590024f565ffa771501000000: 10000, GPU_group_21_8614e87c67f590024f565ffa771501000000: 10000, bundle_group_19_8614e87c67f590024f565ffa771501000000: 10000000, CPU_group_22_8614e87c67f590024f565ffa771501000000: 10000, bundle_group_17_8614e87c67f590024f565ffa771501000000: 10000000, bundle_group_18_8614e87c67f590024f565ffa771501000000: 10000000, bundle_group_22_8614e87c67f590024f565ffa771501000000: 10000000, GPU_group_18_8614e87c67f590024f565ffa771501000000: 10000, CPU_group_23_8614e87c67f590024f565ffa771501000000: 10000, GPU_group_24_8614e87c67f590024f565ffa771501000000: 10000, GPU_group_17_8614e87c67f590024f565ffa771501000000: 10000, memory: 32418463825920000, CPU_group_17_8614e87c67f590024f565ffa771501000000: 10000, GPU_group_8614e87c67f590024f565ffa771501000000: 80000, bundle_group_23_8614e87c67f590024f565ffa771501000000: 10000000, bundle_group_21_8614e87c67f590024f565ffa771501000000: 10000000, object_store_memory: 42949672960000, node:10.244.218.62: 10000, bundle_group_8614e87c67f590024f565ffa771501000000: 80000000, accelerator_type:B200: 10000, GPU_group_19_8614e87c67f590024f565ffa771501000000: 10000, CPU_group_8614e87c67f590024f565ffa771501000000: 80000, CPU_group_24_8614e87c67f590024f565ffa771501000000: 10000, CPU: 640000, CPU_group_19_8614e87c67f590024f565ffa771501000000: 10000}, "available": {bundle_group_19_8614e87c67f590024f565ffa771501000000: 10000000, CPU_group_18_8614e87c67f590024f565ffa771501000000: 10000, bundle_group_8614e87c67f590024f565ffa771501000000: 80000000, CPU_group_8614e87c67f590024f565ffa771501000000: 80000, GPU_group_19_8614e87c67f590024f565ffa771501000000: 10000, accelerator_type:B200: 10000, CPU_group_24_8614e87c67f590024f565ffa771501000000: 10000, CPU_group_19_8614e87c67f590024f565ffa771501000000: 10000, CPU: 560000, memory: 32418463825920000, CPU_group_17_8614e87c67f590024f565ffa771501000000: 10000, bundle_group_21_8614e87c67f590024f565ffa771501000000: 10000000, object_store_memory: 42949672960000, bundle_group_23_8614e87c67f590024f565ffa771501000000: 10000000, GPU_group_8614e87c67f590024f565ffa771501000000: 80000, node:10.244.218.62: 10000, CPU_group_22_8614e87c67f590024f565ffa771501000000: 10000, bundle_group_17_8614e87c67f590024f565ffa771501000000: 10000000, bundle_group_18_8614e87c67f590024f565ffa771501000000: 10000000, CPU_group_23_8614e87c67f590024f565ffa771501000000: 10000, GPU_group_24_8614e87c67f590024f565ffa771501000000: 10000, bundle_group_22_8614e87c67f590024f565ffa771501000000: 10000000, GPU_group_18_8614e87c67f590024f565ffa771501000000: 10000, GPU_group_17_8614e87c67f590024f565ffa771501000000: 10000, GPU_group_22_8614e87c67f590024f565ffa771501000000: 10000, bundle_group_20_8614e87c67f590024f565ffa771501000000: 10000000, GPU_group_23_8614e87c67f590024f565ffa771501000000: 10000, GPU_group_20_8614e87c67f590024f565ffa771501000000: 10000, bundle_group_24_8614e87c67f590024f565ffa771501000000: 10000000, CPU_group_20_8614e87c67f590024f565ffa771501000000: 10000, GPU_group_21_8614e87c67f590024f565ffa771501000000: 10000, CPU_group_21_8614e87c67f590024f565ffa771501000000: 10000}, "labels":{"ray.io/accelerator-type":"B200","ray.io/node-id":"137ca386e65d980acbeff863eda6c65487ee6942bccc8db1236dc36e"}, "is_draining": 0, "draining_deadline_timestamp_ms": -1} { "placement group locations": [], "node to bundles": []}
[state-dump] Waiting leases size: 0
[state-dump] Number of granted lease arguments: 1
[state-dump] Number of pinned lease arguments: 0
[state-dump] Total size of pinned lease arguments: 0
[state-dump] Number of total spilled leases: 0
[state-dump] Number of spilled waiting leases: 0
[state-dump] Number of spilled unschedulable leases: 0
[state-dump] Resource usage {
[state-dump]     - (language=PYTHON actor_or_taskMegatronTrainRayActor.__init__ pid=856 worker_id=5cc4ed1f0649d6976ed683211055eb3665137c692d18f2735c16f6ce): {GPU_group_8614e87c67f590024f565ffa771501000000: 0.4, GPU_group_1_8614e87c67f590024f565ffa771501000000: 0.4, bundle_group_1_8614e87c67f590024f565ffa771501000000: 0.001, bundle_group_8614e87c67f590024f565ffa771501000000: 0.001, CPU_group_8614e87c67f590024f565ffa771501000000: 0.4, CPU_group_1_8614e87c67f590024f565ffa771501000000: 0.4}
[state-dump] }
[state-dump] Backlog Size per scheduling descriptor :{workerId: num backlogs}:
[state-dump] 
[state-dump] Granted leases by scheduling class:
[state-dump]     - {depth=1 function_descriptor={type=PythonFunctionDescriptor, module_name=miles.backends.megatron_utils.actor, class_name=MegatronTrainRayActor, function_name=__init__, function_hash=f81f6100b27d45e2ad2b1d6fc959b039} scheduling_strategy=placement_group_scheduling_strategy {
[state-dump]   placement_group_id: "\206\024\350|g\365\220\002OV_\372w\025\001\000\000\000"
[state-dump]   placement_group_bundle_index: 1
[state-dump] }
[state-dump]  resource_set={GPU_group_8614e87c67f590024f565ffa771501000000 : 0.4, GPU_group_1_8614e87c67f590024f565ffa771501000000 : 0.4, bundle_group_1_8614e87c67f590024f565ffa771501000000 : 0.001, CPU_group_8614e87c67f590024f565ffa771501000000 : 0.4, CPU_group_1_8614e87c67f590024f565ffa771501000000 : 0.4, bundle_group_8614e87c67f590024f565ffa771501000000 : 0.001, }label_selector={}}fallback_strategy=[]: 1/18446744073709551615
[state-dump] ==================================================
[state-dump] 
[state-dump] ClusterResources:
[state-dump] LocalObjectManager:
[state-dump] - num pinned objects: 0
[state-dump] - pinned objects size: 0
[state-dump] - num objects pending restore: 0
[state-dump] - num objects pending spill: 0
[state-dump] - num bytes pending spill: 0
[state-dump] - num bytes currently spilled: 0
[state-dump] - cumulative spill requests: 0
[state-dump] - cumulative restore requests: 0
[state-dump] - spilled objects pending delete: 0
[state-dump] 
[state-dump] ObjectManager:
[state-dump] - num local objects: 0
[state-dump] - num unfulfilled push requests: 0
[state-dump] - num object pull requests: 0
[state-dump] - num chunks received total: 0
[state-dump] - num chunks received failed (all): 0
[state-dump] - num chunks received failed / cancelled: 0
[state-dump] - num chunks received failed / plasma error: 0
[state-dump] Event stats:
[state-dump] Global stats: 0 total (0 active)
[state-dump] Queueing time: mean = -nanms, max = -0.00ms, min = 9223372036854.78ms, total = 0.00ms
[state-dump] Execution time:  mean = -nanms, total = 0.00ms
[state-dump] Event stats:
[state-dump] PushManager:
[state-dump] - num pushes remaining: 0
[state-dump] - num chunks in flight: 0
[state-dump] - num chunks remaining: 0
[state-dump] - max chunks allowed: 409
[state-dump] OwnershipBasedObjectDirectory:
[state-dump] - num listeners: 0
[state-dump] - cumulative location updates: 0
[state-dump] - num location updates per second: 0.000
[state-dump] - num location lookups per second: 0.000
[state-dump] - num locations added per second: 0.000
[state-dump] - num locations removed per second: 0.000
[state-dump] BufferPool:
[state-dump] - create buffer state map size: 0
[state-dump] PullManager:
[state-dump] - num bytes available for pulled objects: 4294967296
[state-dump] - num bytes being pulled (all): 0
[state-dump] - num bytes being pulled / pinned: 0
[state-dump] - get request bundles: BundlePullRequestQueue{0 total, 0 active, 0 inactive, 0 unpullable}
[state-dump] - wait request bundles: BundlePullRequestQueue{0 total, 0 active, 0 inactive, 0 unpullable}
[state-dump] - task request bundles: BundlePullRequestQueue{0 total, 0 active, 0 inactive, 0 unpullable}
[state-dump] - first get request bundle: N/A
[state-dump] - first wait request bundle: N/A
[state-dump] - first task request bundle: N/A
[state-dump] - num objects queued: 0
[state-dump] - num objects actively pulled (all): 0
[state-dump] - num objects actively pulled / pinned: 0
[state-dump] - num bundles being pulled: 0
[state-dump] - num pull retries: 0
[state-dump] - max timeout seconds: 0
[state-dump] - max timeout request is already processed. No entry.
[state-dump] 
[state-dump] WorkerPool:
[state-dump] - registered jobs: 1
[state-dump] - process_failed_job_config_missing: 0
[state-dump] - process_failed_rate_limited: 0
[state-dump] - process_failed_pending_registration: 0
[state-dump] - process_failed_runtime_env_setup_failed: 0
[state-dump] - num PYTHON workers: 1
[state-dump] - num PYTHON drivers: 0
[state-dump] - num PYTHON pending start requests: 0
[state-dump] - num PYTHON pending registration requests: 0
[state-dump] - num object spill callbacks queued: 0
[state-dump] - num object restore queued: 0
[state-dump] - num util functions queued: 0
[state-dump] - num idle workers: 0
[state-dump] LeaseDependencyManager:
[state-dump] - lease deps map size: 0
[state-dump] - get req map size: 0
[state-dump] - wait req map size: 0
[state-dump] - local objects map size: 0
[state-dump] WaitManager:
[state-dump] - num active wait requests: 0
[state-dump] Subscriber:
[state-dump] Channel WORKER_OBJECT_LOCATIONS_CHANNEL
[state-dump] - cumulative subscribe requests: 0
[state-dump] - cumulative unsubscribe requests: 0
[state-dump] - active subscribed publishers: 0
[state-dump] - cumulative published messages: 0
[state-dump] - cumulative processed messages: 0
[state-dump] Channel WORKER_REF_REMOVED_CHANNEL
[state-dump] - cumulative subscribe requests: 0
[state-dump] - cumulative unsubscribe requests: 0
[state-dump] - active subscribed publishers: 0
[state-dump] - cumulative published messages: 0
[state-dump] - cumulative processed messages: 0
[state-dump] num async plasma notifications: 0
[state-dump] Event stats:
[state-dump] Global stats: 2907 total (15 active)
[state-dump] Queueing time: mean = 1.16ms, max = 624.32ms, min = 0.00ms, total = 3364.72ms
[state-dump] Execution time:  mean = 13.91ms, total = 40450.16ms
[state-dump] Event stats:
[state-dump] 	ObjectManager.UpdateAvailableMemory - 600 total (0 active), Execution time: mean = 0.00ms, total = 0.60ms, Queueing time: mean = 0.01ms, max = 0.05ms, min = 0.00ms, total = 4.80ms
[state-dump] 	NodeManager.CheckGC - 600 total (1 active), Execution time: mean = 0.00ms, total = 0.49ms, Queueing time: mean = 0.06ms, max = 18.59ms, min = 0.00ms, total = 34.60ms
[state-dump] 	RaySyncer.BroadcastMessageIfNewVersion - 600 total (1 active), Execution time: mean = 0.00ms, total = 1.93ms, Queueing time: mean = 0.06ms, max = 18.59ms, min = 0.00ms, total = 33.22ms
[state-dump] 	RayletWorkerPool.deadline_timer.kill_idle_workers - 300 total (1 active), Execution time: mean = 0.00ms, total = 0.53ms, Queueing time: mean = 0.13ms, max = 23.53ms, min = 0.00ms, total = 39.28ms
[state-dump] 	NodeManager.CheckForUnexpectedWorkerDisconnects - 61 total (1 active), Execution time: mean = 0.00ms, total = 0.29ms, Queueing time: mean = 0.02ms, max = 0.14ms, min = 0.00ms, total = 1.02ms
[state-dump] 	NodeManager.ScheduleAndGrantLeases - 61 total (1 active), Execution time: mean = 0.00ms, total = 0.27ms, Queueing time: mean = 0.02ms, max = 0.14ms, min = 0.00ms, total = 1.05ms
[state-dump] 	NodeManagerService.grpc_server.GetResourceLoad - 60 total (0 active), Execution time: mean = 0.37ms, total = 22.22ms, Queueing time: mean = 0.00ms, max = -0.00ms, min = 9223372036854.78ms, total = 0.00ms
[state-dump] 	NodeManagerService.grpc_server.GetResourceLoad.HandleRequestImpl - 60 total (0 active), Execution time: mean = 0.06ms, total = 3.85ms, Queueing time: mean = 0.02ms, max = 0.04ms, min = 0.01ms, total = 1.39ms
[state-dump] 	NodeManager.deadline_timer.flush_free_objects - 60 total (1 active), Execution time: mean = 0.00ms, total = 0.13ms, Queueing time: mean = 0.63ms, max = 23.80ms, min = 0.00ms, total = 37.76ms
[state-dump] 	NodeManager.deadline_timer.spill_objects_when_over_threshold - 60 total (1 active), Execution time: mean = 0.00ms, total = 0.07ms, Queueing time: mean = 0.63ms, max = 23.80ms, min = 0.00ms, total = 37.78ms
[state-dump] 	ClientConnection.async_read.ProcessMessageHeader - 44 total (1 active), Execution time: mean = 0.00ms, total = 0.13ms, Queueing time: mean = 25.77ms, max = 139.52ms, min = 0.01ms, total = 1133.69ms
[state-dump] 	ClientConnection.async_read.ProcessMessage - 43 total (0 active), Execution time: mean = 0.60ms, total = 25.94ms, Queueing time: mean = 0.08ms, max = 2.49ms, min = 0.00ms, total = 3.45ms
[state-dump] 	Subscriber.HandlePublishedMessage_GCS_WORKER_DELTA_CHANNEL - 32 total (0 active), Execution time: mean = 0.00ms, total = 0.02ms, Queueing time: mean = 0.07ms, max = 0.10ms, min = 0.03ms, total = 2.39ms
[state-dump] 	 - 21 total (0 active), Execution time: mean = 0.06ms, total = 1.26ms, Queueing time: mean = 0.96ms, max = 19.87ms, min = 0.00ms, total = 20.20ms
[state-dump] 	ClusterResourceManager.ResetRemoteNodeView - 21 total (1 active), Execution time: mean = 0.00ms, total = 0.05ms, Queueing time: mean = 0.02ms, max = 0.03ms, min = 0.01ms, total = 0.33ms
[state-dump] 	RaySyncer.BroadcastMessage - 21 total (0 active), Execution time: mean = 0.07ms, total = 1.47ms, Queueing time: mean = 0.00ms, max = 0.00ms, min = 0.00ms, total = 0.01ms
[state-dump] 	ray::rpc::ControlPlanePubSubGcsService.grpc_client.GcsSubscriberPoll - 13 total (1 active), Execution time: mean = 2762.41ms, total = 35911.36ms, Queueing time: mean = 0.00ms, max = -0.00ms, min = 9223372036854.78ms, total = 0.00ms
[state-dump] 	PeriodicalRunner.RunFnPeriodically - 13 total (0 active), Execution time: mean = 0.29ms, total = 3.82ms, Queueing time: mean = 144.58ms, max = 624.32ms, min = 0.02ms, total = 1879.51ms
[state-dump] 	NodeManagerService.grpc_server.GetAgentPIDs - 12 total (0 active), Execution time: mean = 0.49ms, total = 5.90ms, Queueing time: mean = 0.00ms, max = -0.00ms, min = 9223372036854.78ms, total = 0.00ms
[state-dump] 	NodeManagerService.grpc_server.GetAgentPIDs.HandleRequestImpl - 12 total (0 active), Execution time: mean = 0.14ms, total = 1.67ms, Queueing time: mean = 0.03ms, max = 0.08ms, min = 0.02ms, total = 0.37ms
[state-dump] 	NodeManagerService.grpc_server.GetWorkerPIDs - 12 total (0 active), Execution time: mean = 0.42ms, total = 5.00ms, Queueing time: mean = 0.00ms, max = -0.00ms, min = 9223372036854.78ms, total = 0.00ms
[state-dump] 	NodeManager.deadline_timer.record_metrics - 12 total (1 active), Execution time: mean = 0.15ms, total = 1.80ms, Queueing time: mean = 3.00ms, max = 23.64ms, min = 0.00ms, total = 35.95ms
[state-dump] 	NodeManagerService.grpc_server.GetWorkerPIDs.HandleRequestImpl - 12 total (0 active), Execution time: mean = 0.02ms, total = 0.26ms, Queueing time: mean = 0.14ms, max = 1.54ms, min = 0.01ms, total = 1.72ms
[state-dump] 	ray::rpc::ControlPlanePubSubGcsService.grpc_client.GcsSubscriberPoll.OnReplyReceived - 12 total (0 active), Execution time: mean = 0.10ms, total = 1.25ms, Queueing time: mean = 0.03ms, max = 0.19ms, min = 0.00ms, total = 0.31ms
[state-dump] 	ObjectManager.ObjectDeleted - 9 total (0 active), Execution time: mean = 0.01ms, total = 0.05ms, Queueing time: mean = 0.01ms, max = 0.02ms, min = 0.01ms, total = 0.10ms
[state-dump] 	NodeManagerService.grpc_server.RequestWorkerLease - 9 total (0 active), Execution time: mean = 357.82ms, total = 3220.40ms, Queueing time: mean = 0.00ms, max = -0.00ms, min = 9223372036854.78ms, total = 0.00ms
[state-dump] 	ClientConnection.async_write.DoAsyncWrites - 9 total (0 active), Execution time: mean = 0.00ms, total = 0.01ms, Queueing time: mean = 0.01ms, max = 0.02ms, min = 0.00ms, total = 0.11ms
[state-dump] 	NodeManagerService.grpc_server.GetSystemConfig.HandleRequestImpl - 9 total (0 active), Execution time: mean = 0.01ms, total = 0.12ms, Queueing time: mean = 0.01ms, max = 0.04ms, min = 0.01ms, total = 0.12ms
[state-dump] 	ObjectManager.ObjectAdded - 9 total (0 active), Execution time: mean = 0.01ms, total = 0.06ms, Queueing time: mean = 0.01ms, max = 0.01ms, min = 0.00ms, total = 0.07ms
[state-dump] 	NodeManagerService.grpc_server.GetSystemConfig - 9 total (0 active), Execution time: mean = 0.25ms, total = 2.21ms, Queueing time: mean = 0.00ms, max = -0.00ms, min = 9223372036854.78ms, total = 0.00ms
[state-dump] 	NodeManagerService.grpc_server.RequestWorkerLease.HandleRequestImpl - 9 total (0 active), Execution time: mean = 2.54ms, total = 22.87ms, Queueing time: mean = 8.83ms, max = 17.83ms, min = 0.01ms, total = 79.43ms
[state-dump] 	CoreWorkerService.grpc_client.KillActor - 8 total (0 active), Execution time: mean = 15.95ms, total = 127.59ms, Queueing time: mean = 0.00ms, max = -0.00ms, min = 9223372036854.78ms, total = 0.00ms
[state-dump] 	NodeManagerService.grpc_server.KillLocalActor.HandleRequestImpl - 8 total (0 active), Execution time: mean = 0.17ms, total = 1.35ms, Queueing time: mean = 0.52ms, max = 0.65ms, min = 0.03ms, total = 4.17ms
[state-dump] 	NodeManagerService.grpc_server.KillLocalActor - 8 total (0 active), Execution time: mean = 16.68ms, total = 133.42ms, Queueing time: mean = 0.00ms, max = -0.00ms, min = 9223372036854.78ms, total = 0.00ms
[state-dump] 	CoreWorkerService.grpc_client.KillActor.OnReplyReceived - 8 total (0 active), Execution time: mean = 0.05ms, total = 0.41ms, Queueing time: mean = 0.02ms, max = 0.12ms, min = 0.00ms, total = 0.16ms
[state-dump] 	ray::rpc::WorkerInfoGcsService.grpc_client.ReportWorkerFailure.OnReplyReceived - 8 total (0 active), Execution time: mean = 0.01ms, total = 0.07ms, Queueing time: mean = 0.05ms, max = 0.18ms, min = 0.00ms, total = 0.41ms
[state-dump] 	event_loop_lag_probe - 8 total (0 active), Execution time: mean = 0.03ms, total = 0.24ms, Queueing time: mean = 0.88ms, max = 6.99ms, min = 0.00ms, total = 7.01ms
[state-dump] 	ray::rpc::WorkerInfoGcsService.grpc_client.ReportWorkerFailure - 8 total (0 active), Execution time: mean = 9.66ms, total = 77.30ms, Queueing time: mean = 0.00ms, max = -0.00ms, min = 9223372036854.78ms, total = 0.00ms
[state-dump] 	NodeManager.deadline_timer.debug_state_dump - 6 total (1 active), Execution time: mean = 6.18ms, total = 37.10ms, Queueing time: mean = 0.01ms, max = 0.01ms, min = 0.00ms, total = 0.03ms
[state-dump] 	NodeManagerService.grpc_server.GetNodeStats.HandleRequestImpl - 4 total (0 active), Execution time: mean = 0.14ms, total = 0.58ms, Queueing time: mean = 0.03ms, max = 0.04ms, min = 0.02ms, total = 0.10ms
[state-dump] 	NodeManagerService.grpc_server.GetNodeStats - 4 total (0 active), Execution time: mean = 1.05ms, total = 4.22ms, Queueing time: mean = 0.00ms, max = -0.00ms, min = 9223372036854.78ms, total = 0.00ms
[state-dump] 	CoreWorkerService.grpc_client.GetCoreWorkerStats - 2 total (0 active), Execution time: mean = 1.21ms, total = 2.43ms, Queueing time: mean = 0.00ms, max = -0.00ms, min = 9223372036854.78ms, total = 0.00ms
[state-dump] 	Subscriber.HandlePublishedMessage_GCS_NODE_ADDRESS_AND_LIVENESS_CHANNEL - 2 total (0 active), Execution time: mean = 0.11ms, total = 0.23ms, Queueing time: mean = 0.25ms, max = 0.27ms, min = 0.23ms, total = 0.50ms
[state-dump] 	RaySyncerRegister - 2 total (0 active), Execution time: mean = 0.00ms, total = 0.00ms, Queueing time: mean = 0.00ms, max = 0.00ms, min = 0.00ms, total = 0.00ms
[state-dump] 	ray::rpc::ControlPlanePubSubGcsService.grpc_client.GcsSubscriberCommandBatch.OnReplyReceived - 2 total (0 active), Execution time: mean = 0.05ms, total = 0.09ms, Queueing time: mean = 1.63ms, max = 3.14ms, min = 0.11ms, total = 3.25ms
[state-dump] 	ray::rpc::ControlPlanePubSubGcsService.grpc_client.GcsSubscriberCommandBatch - 2 total (0 active), Execution time: mean = 0.72ms, total = 1.43ms, Queueing time: mean = 0.00ms, max = -0.00ms, min = 9223372036854.78ms, total = 0.00ms
[state-dump] 	CoreWorkerService.grpc_client.GetCoreWorkerStats.OnReplyReceived - 2 total (0 active), Execution time: mean = 0.05ms, total = 0.09ms, Queueing time: mean = 0.02ms, max = 0.02ms, min = 0.01ms, total = 0.03ms
[state-dump] 	NodeManager.GCTaskFailureReason - 1 total (1 active), Execution time: mean = 0.00ms, total = 0.00ms, Queueing time: mean = 0.00ms, max = -0.00ms, min = 9223372036854.78ms, total = 0.00ms
[state-dump] 	ReporterService.grpc_client.HealthCheck.OnReplyReceived - 1 total (0 active), Execution time: mean = 0.13ms, total = 0.13ms, Queueing time: mean = 0.02ms, max = 0.02ms, min = 0.02ms, total = 0.02ms
[state-dump] 	NodeManager.deadline_timer.print_event_loop_stats - 1 total (1 active, 1 running), Execution time: mean = 0.00ms, total = 0.00ms, Queueing time: mean = 0.00ms, max = -0.00ms, min = 9223372036854.78ms, total = 0.00ms
[state-dump] 	ReporterService.grpc_client.HealthCheck - 1 total (0 active), Execution time: mean = 190.29ms, total = 190.29ms, Queueing time: mean = 0.00ms, max = -0.00ms, min = 9223372036854.78ms, total = 0.00ms
[state-dump] 	ray::rpc::NodeInfoGcsService.grpc_client.RegisterNode - 1 total (0 active), Execution time: mean = 0.80ms, total = 0.80ms, Queueing time: mean = 0.00ms, max = -0.00ms, min = 9223372036854.78ms, total = 0.00ms
[state-dump] 	NodeManager.GcsCheckAlive - 1 total (1 active), Execution time: mean = 0.00ms, total = 0.00ms, Queueing time: mean = 0.00ms, max = -0.00ms, min = 9223372036854.78ms, total = 0.00ms
[state-dump] 	ray::rpc::NodeInfoGcsService.grpc_client.CheckAlive.OnReplyReceived - 1 total (0 active), Execution time: mean = 0.01ms, total = 0.01ms, Queueing time: mean = 0.01ms, max = 0.01ms, min = 0.01ms, total = 0.01ms
[state-dump] 	ray::rpc::NodeInfoGcsService.grpc_client.CheckAlive - 1 total (0 active), Execution time: mean = 0.66ms, total = 0.66ms, Queueing time: mean = 0.00ms, max = -0.00ms, min = 9223372036854.78ms, total = 0.00ms
[state-dump] 	NodeManagerService.grpc_server.PrepareBundleResources.HandleRequestImpl - 1 total (0 active), Execution time: mean = 0.85ms, total = 0.85ms, Queueing time: mean = 0.03ms, max = 0.03ms, min = 0.03ms, total = 0.03ms
[state-dump] 	NodeManagerService.grpc_server.PrepareBundleResources - 1 total (0 active), Execution time: mean = 1.19ms, total = 1.19ms, Queueing time: mean = 0.00ms, max = -0.00ms, min = 9223372036854.78ms, total = 0.00ms
[state-dump] 	NodeManagerService.grpc_server.CommitBundleResources - 1 total (0 active), Execution time: mean = 1.45ms, total = 1.45ms, Queueing time: mean = 0.00ms, max = -0.00ms, min = 9223372036854.78ms, total = 0.00ms
[state-dump] 	ray::rpc::InternalKVGcsService.grpc_client.GetInternalConfig - 1 total (0 active), Execution time: mean = 0.89ms, total = 0.89ms, Queueing time: mean = 0.00ms, max = -0.00ms, min = 9223372036854.78ms, total = 0.00ms
[state-dump] 	ray::rpc::NodeInfoGcsService.grpc_client.GetAllNodeAddressAndLiveness.OnReplyReceived - 1 total (0 active), Execution time: mean = 0.11ms, total = 0.11ms, Queueing time: mean = 0.01ms, max = 0.01ms, min = 0.01ms, total = 0.01ms
[state-dump] 	ray::rpc::JobInfoGcsService.grpc_client.GetAllJobInfo.OnReplyReceived - 1 total (0 active), Execution time: mean = 0.01ms, total = 0.01ms, Queueing time: mean = 0.01ms, max = 0.01ms, min = 0.01ms, total = 0.01ms
[state-dump] 	ray::rpc::NodeInfoGcsService.grpc_client.RegisterNode.OnReplyReceived - 1 total (0 active), Execution time: mean = 0.24ms, total = 0.24ms, Queueing time: mean = 0.01ms, max = 0.01ms, min = 0.01ms, total = 0.01ms
[state-dump] 	Subscriber.HandlePublishedMessage_GCS_JOB_CHANNEL - 1 total (0 active), Execution time: mean = 0.04ms, total = 0.04ms, Queueing time: mean = 0.28ms, max = 0.28ms, min = 0.28ms, total = 0.28ms
[state-dump] 	ray::rpc::JobInfoGcsService.grpc_client.GetAllJobInfo - 1 total (0 active), Execution time: mean = 0.69ms, total = 0.69ms, Queueing time: mean = 0.00ms, max = -0.00ms, min = 9223372036854.78ms, total = 0.00ms
[state-dump] 	NodeManagerService.grpc_server.CommitBundleResources.HandleRequestImpl - 1 total (0 active), Execution time: mean = 1.11ms, total = 1.11ms, Queueing time: mean = 0.03ms, max = 0.03ms, min = 0.03ms, total = 0.03ms
[state-dump] 	ray::rpc::NodeInfoGcsService.grpc_client.GetAllNodeAddressAndLiveness - 1 total (0 active), Execution time: mean = 0.75ms, total = 0.75ms, Queueing time: mean = 0.00ms, max = -0.00ms, min = 9223372036854.78ms, total = 0.00ms
[state-dump] 	ray::rpc::InternalKVGcsService.grpc_client.GetInternalConfig.OnReplyReceived - 1 total (0 active), Execution time: mean = 628.39ms, total = 628.39ms, Queueing time: mean = 0.01ms, max = 0.01ms, min = 0.01ms, total = 0.01ms
[state-dump] DebugString() time ms: 0
[state-dump] 
[state-dump] 
[2026-09-03 21:59:32,808 I 79 79] (raylet) runtime_env_agent_client.cc:395: Create runtime env for job 01000000
[2026-09-03 21:59:32,812 I 79 79] (raylet) worker_pool.cc:531: Started worker process with pid 959 worker_id=cdcada990c364655aa3c0f9c6bccf0203189a4361f0949466abeece3
[2026-09-03 21:59:32,813 I 79 79] (raylet) runtime_env_agent_client.cc:395: Create runtime env for job 01000000
[2026-09-03 21:59:32,815 I 79 79] (raylet) worker_pool.cc:531: Started worker process with pid 960 worker_id=a9bc9faf934d79652d9f51f4b3a8ae687f183aad5e231512ece05a0e
[2026-09-03 21:59:32,816 I 79 79] (raylet) runtime_env_agent_client.cc:395: Create runtime env for job 01000000
[2026-09-03 21:59:32,818 I 79 79] (raylet) worker_pool.cc:531: Started worker process with pid 961 worker_id=ec06ade875864bdbb80ae3f1b19a8be1abd78ad89338d48eb1d001af
[2026-09-03 21:59:32,819 I 79 79] (raylet) runtime_env_agent_client.cc:395: Create runtime env for job 01000000
[2026-09-03 21:59:32,821 I 79 79] (raylet) worker_pool.cc:531: Started worker process with pid 962 worker_id=ca6cb88024162bf07716ce2c88c2fb4113d3b1e347331c5dd5e35cfb
[2026-09-03 21:59:32,821 I 79 79] (raylet) runtime_env_agent_client.cc:395: Create runtime env for job 01000000
[2026-09-03 21:59:32,824 I 79 79] (raylet) worker_pool.cc:531: Started worker process with pid 963 worker_id=062ee74904ba1e2a3b770071417d9b3415af75b383dc6c62f90e84d8
[2026-09-03 21:59:32,824 I 79 79] (raylet) runtime_env_agent_client.cc:395: Create runtime env for job 01000000
[2026-09-03 21:59:32,827 I 79 79] (raylet) worker_pool.cc:531: Started worker process with pid 964 worker_id=a6daf3a2ba673f0b1ab7f9b6574c645d591c1c94493d7905906c216f
[2026-09-03 21:59:32,827 I 79 79] (raylet) runtime_env_agent_client.cc:395: Create runtime env for job 01000000
[2026-09-03 21:59:32,830 I 79 79] (raylet) worker_pool.cc:531: Started worker process with pid 965 worker_id=136546f248884d2dc9fd21b946db50be3709536bcc5ac432a4424196
[2026-09-03 22:00:28,337 I 79 102] (raylet) store.cc:573: Plasma store debug dump: 
Current usage: 0 / 4.29497 GB
- num bytes created total: 128
0 pending objects of total size 0MB
- objects spillable: 0
- bytes spillable: 0
- objects unsealed: 0
- bytes unsealed: 0
- objects in use: 0
- bytes in use: 0
- objects evictable: 0
- bytes evictable: 0

- objects created by worker: 0
- bytes created by worker: 0
- objects restored: 0
- bytes restored: 0
- objects received: 0
- bytes received: 0
- objects errored: 0
- bytes errored: 0

[2026-09-03 22:00:28,970 I 79 79] (raylet) node_manager.cc:486: [state-dump] NodeManager:
[state-dump] Node ID: 5a1736abfe100329c9e05ff3a3f920e3696f0c41773d8bb025d15fe0
[state-dump] Node name: 10.244.13.18
[state-dump] InitialConfigResources: {GPU: 8, accelerator_type:B200: 1, node:10.244.13.18: 1, object_store_memory: 4.29497e+09, CPU: 64, memory: 3.24185e+12}
[state-dump] ClusterLeaseManager:
[state-dump] ========== Node: 5a1736abfe100329c9e05ff3a3f920e3696f0c41773d8bb025d15fe0 =================
[state-dump] Infeasible queue length: 0
[state-dump] Schedule queue length: 0
[state-dump] Grant queue length: 0
[state-dump] num_waiting_for_resource: 0
[state-dump] num_waiting_for_plasma_memory: 0
[state-dump] num_waiting_for_remote_node_resources: 0
[state-dump] num_worker_not_started_by_job_config_not_exist: 0
[state-dump] num_worker_not_started_by_registration_timeout: 0
[state-dump] num_tasks_waiting_for_workers: 0
[state-dump] num_cancelled_leases: 0
[state-dump] cluster_resource_scheduler state: 
[state-dump] Local id: -1681695659902243193 Local resources: {"total":{CPU_group_6_8614e87c67f590024f565ffa771501000000: [10000], CPU_group_7_8614e87c67f590024f565ffa771501000000: [10000], bundle_group_6_8614e87c67f590024f565ffa771501000000: [10000000], CPU: [640000], bundle_group_8614e87c67f590024f565ffa771501000000: [80000000], CPU_group_2_8614e87c67f590024f565ffa771501000000: [10000], bundle_group_7_8614e87c67f590024f565ffa771501000000: [10000000], CPU_group_8614e87c67f590024f565ffa771501000000: [80000], accelerator_type:B200: [10000], bundle_group_1_8614e87c67f590024f565ffa771501000000: [10000000], object_store_memory: [42949672960000], GPU_group_8614e87c67f590024f565ffa771501000000: [10000, 10000, 10000, 10000, 10000, 10000, 10000, 10000], bundle_group_5_8614e87c67f590024f565ffa771501000000: [10000000], GPU_group_5_8614e87c67f590024f565ffa771501000000: [0, 0, 0, 0, 10000, 0, 0, 0], GPU_group_3_8614e87c67f590024f565ffa771501000000: [0, 0, 10000, 0, 0, 0, 0, 0], CPU_group_3_8614e87c67f590024f565ffa771501000000: [10000], bundle_group_3_8614e87c67f590024f565ffa771501000000: [10000000], GPU_group_8_8614e87c67f590024f565ffa771501000000: [0, 0, 0, 0, 0, 0, 0, 10000], CPU_group_4_8614e87c67f590024f565ffa771501000000: [10000], CPU_group_8_8614e87c67f590024f565ffa771501000000: [10000], memory: [32418548654080000], bundle_group_2_8614e87c67f590024f565ffa771501000000: [10000000], bundle_group_8_8614e87c67f590024f565ffa771501000000: [10000000], GPU_group_2_8614e87c67f590024f565ffa771501000000: [0, 10000, 0, 0, 0, 0, 0, 0], GPU_group_4_8614e87c67f590024f565ffa771501000000: [0, 0, 0, 10000, 0, 0, 0, 0], GPU_group_6_8614e87c67f590024f565ffa771501000000: [0, 0, 0, 0, 0, 10000, 0, 0], GPU_group_1_8614e87c67f590024f565ffa771501000000: [10000, 0, 0, 0, 0, 0, 0, 0], node:10.244.13.18: [10000], CPU_group_5_8614e87c67f590024f565ffa771501000000: [10000], GPU_group_7_8614e87c67f590024f565ffa771501000000: [0, 0, 0, 0, 0, 0, 10000, 0], bundle_group_4_8614e87c67f590024f565ffa771501000000: [10000000], CPU_group_1_8614e87c67f590024f565ffa771501000000: [10000], GPU: [10000, 10000, 10000, 10000, 10000, 10000, 10000, 10000]}, "available": {CPU_group_6_8614e87c67f590024f565ffa771501000000: [6000], CPU_group_7_8614e87c67f590024f565ffa771501000000: [6000], bundle_group_6_8614e87c67f590024f565ffa771501000000: [9999990], CPU: [560000], bundle_group_8614e87c67f590024f565ffa771501000000: [79999920], CPU_group_2_8614e87c67f590024f565ffa771501000000: [6000], bundle_group_7_8614e87c67f590024f565ffa771501000000: [9999990], CPU_group_8614e87c67f590024f565ffa771501000000: [48000], accelerator_type:B200: [10000], bundle_group_1_8614e87c67f590024f565ffa771501000000: [9999990], object_store_memory: [42949672960000], GPU_group_8614e87c67f590024f565ffa771501000000: [6000, 6000, 6000, 6000, 6000, 6000, 6000, 6000], bundle_group_5_8614e87c67f590024f565ffa771501000000: [9999990], GPU_group_5_8614e87c67f590024f565ffa771501000000: [0, 0, 0, 0, 6000, 0, 0, 0], GPU_group_3_8614e87c67f590024f565ffa771501000000: [0, 0, 6000, 0, 0, 0, 0, 0], CPU_group_3_8614e87c67f590024f565ffa771501000000: [6000], bundle_group_3_8614e87c67f590024f565ffa771501000000: [9999990], GPU_group_8_8614e87c67f590024f565ffa771501000000: [0, 0, 0, 0, 0, 0, 0, 6000], CPU_group_4_8614e87c67f590024f565ffa771501000000: [6000], CPU_group_8_8614e87c67f590024f565ffa771501000000: [6000], memory: [32418548654080000], bundle_group_2_8614e87c67f590024f565ffa771501000000: [9999990], bundle_group_8_8614e87c67f590024f565ffa771501000000: [9999990], GPU_group_2_8614e87c67f590024f565ffa771501000000: [0, 6000, 0, 0, 0, 0, 0, 0], GPU_group_4_8614e87c67f590024f565ffa771501000000: [0, 0, 0, 6000, 0, 0, 0, 0], GPU_group_6_8614e87c67f590024f565ffa771501000000: [0, 0, 0, 0, 0, 6000, 0, 0], GPU_group_1_8614e87c67f590024f565ffa771501000000: [6000, 0, 0, 0, 0, 0, 0, 0], node:10.244.13.18: [10000], CPU_group_5_8614e87c67f590024f565ffa771501000000: [6000], GPU_group_7_8614e87c67f590024f565ffa771501000000: [0, 0, 0, 0, 0, 0, 6000, 0], bundle_group_4_8614e87c67f590024f565ffa771501000000: [9999990], CPU_group_1_8614e87c67f590024f565ffa771501000000: [6000], GPU: [0, 0, 0, 0, 0, 0, 0, 0]}, "labels":{"ray.io/accelerator-type":"B200","ray.io/node-id":"5a1736abfe100329c9e05ff3a3f920e3696f0c41773d8bb025d15fe0"}} is_draining: 0 is_idle: 0 Cluster resources (at most 20 nodes are shown): node id: -5100000704351949267{"total":{bundle_group_8614e87c67f590024f565ffa771501000000: 80000000, GPU_group_10_8614e87c67f590024f565ffa771501000000: 10000, accelerator_type:B200: 10000, bundle_group_9_8614e87c67f590024f565ffa771501000000: 10000000, CPU_group_8614e87c67f590024f565ffa771501000000: 80000, bundle_group_15_8614e87c67f590024f565ffa771501000000: 10000000, CPU_group_14_8614e87c67f590024f565ffa771501000000: 10000, bundle_group_10_8614e87c67f590024f565ffa771501000000: 10000000, CPU: 640000, GPU_group_13_8614e87c67f590024f565ffa771501000000: 10000, memory: 32397615636480000, GPU_group_15_8614e87c67f590024f565ffa771501000000: 10000, CPU_group_9_8614e87c67f590024f565ffa771501000000: 10000, CPU_group_12_8614e87c67f590024f565ffa771501000000: 10000, bundle_group_13_8614e87c67f590024f565ffa771501000000: 10000000, bundle_group_14_8614e87c67f590024f565ffa771501000000: 10000000, GPU_group_8614e87c67f590024f565ffa771501000000: 80000, CPU_group_15_8614e87c67f590024f565ffa771501000000: 10000, GPU_group_9_8614e87c67f590024f565ffa771501000000: 10000, object_store_memory: 42949672960000, node:10.244.18.139: 10000, bundle_group_12_8614e87c67f590024f565ffa771501000000: 10000000, CPU_group_10_8614e87c67f590024f565ffa771501000000: 10000, GPU_group_14_8614e87c67f590024f565ffa771501000000: 10000, bundle_group_11_8614e87c67f590024f565ffa771501000000: 10000000, node:__internal_head__: 10000, GPU_group_0_8614e87c67f590024f565ffa771501000000: 10000, GPU_group_12_8614e87c67f590024f565ffa771501000000: 10000, GPU_group_11_8614e87c67f590024f565ffa771501000000: 10000, GPU: 80000, bundle_group_0_8614e87c67f590024f565ffa771501000000: 10000000, CPU_group_13_8614e87c67f590024f565ffa771501000000: 10000, CPU_group_0_8614e87c67f590024f565ffa771501000000: 10000, CPU_group_11_8614e87c67f590024f565ffa771501000000: 10000}, "available": {bundle_group_8614e87c67f590024f565ffa771501000000: 79999920, bundle_group_9_8614e87c67f590024f565ffa771501000000: 9999990, CPU_group_8614e87c67f590024f565ffa771501000000: 48000, GPU_group_10_8614e87c67f590024f565ffa771501000000: 6000, accelerator_type:B200: 10000, bundle_group_10_8614e87c67f590024f565ffa771501000000: 9999990, bundle_group_15_8614e87c67f590024f565ffa771501000000: 9999990, CPU_group_14_8614e87c67f590024f565ffa771501000000: 6000, CPU: 550000, GPU_group_13_8614e87c67f590024f565ffa771501000000: 6000, GPU_group_15_8614e87c67f590024f565ffa771501000000: 6000, CPU_group_9_8614e87c67f590024f565ffa771501000000: 6000, memory: 32397615636480000, bundle_group_13_8614e87c67f590024f565ffa771501000000: 9999990, bundle_group_14_8614e87c67f590024f565ffa771501000000: 9999990, CPU_group_12_8614e87c67f590024f565ffa771501000000: 6000, GPU_group_9_8614e87c67f590024f565ffa771501000000: 6000, object_store_memory: 42949672960000, GPU_group_8614e87c67f590024f565ffa771501000000: 48000, node:10.244.18.139: 10000, CPU_group_15_8614e87c67f590024f565ffa771501000000: 6000, bundle_group_12_8614e87c67f590024f565ffa771501000000: 9999990, CPU_group_10_8614e87c67f590024f565ffa771501000000: 6000, GPU_group_14_8614e87c67f590024f565ffa771501000000: 6000, node:__internal_head__: 10000, bundle_group_11_8614e87c67f590024f565ffa771501000000: 9999990, GPU_group_12_8614e87c67f590024f565ffa771501000000: 6000, GPU_group_0_8614e87c67f590024f565ffa771501000000: 6000, bundle_group_0_8614e87c67f590024f565ffa771501000000: 9999990, GPU_group_11_8614e87c67f590024f565ffa771501000000: 6000, CPU_group_13_8614e87c67f590024f565ffa771501000000: 6000, CPU_group_11_8614e87c67f590024f565ffa771501000000: 6000, CPU_group_0_8614e87c67f590024f565ffa771501000000: 6000}, "labels":{"ray.io/node-id":"b668a6c13d1b7186690b035979a815ca1ce93506fd27e5e4ac7a3f5d","ray.io/accelerator-type":"B200"}, "is_draining": 0, "draining_deadline_timestamp_ms": -1}node id: 6958755133317569349{"total":{bundle_group_28_8614e87c67f590024f565ffa771501000000: 10000000, CPU_group_8614e87c67f590024f565ffa771501000000: 80000, accelerator_type:B200: 10000, bundle_group_8614e87c67f590024f565ffa771501000000: 80000000, GPU_group_27_8614e87c67f590024f565ffa771501000000: 10000, GPU_group_26_8614e87c67f590024f565ffa771501000000: 10000, GPU_group_25_8614e87c67f590024f565ffa771501000000: 10000, bundle_group_16_8614e87c67f590024f565ffa771501000000: 10000000, CPU: 640000, bundle_group_31_8614e87c67f590024f565ffa771501000000: 10000000, CPU_group_29_8614e87c67f590024f565ffa771501000000: 10000, CPU_group_30_8614e87c67f590024f565ffa771501000000: 10000, bundle_group_25_8614e87c67f590024f565ffa771501000000: 10000000, CPU_group_16_8614e87c67f590024f565ffa771501000000: 10000, GPU_group_16_8614e87c67f590024f565ffa771501000000: 10000, memory: 32418469068800000, GPU_group_29_8614e87c67f590024f565ffa771501000000: 10000, bundle_group_26_8614e87c67f590024f565ffa771501000000: 10000000, object_store_memory: 42949672960000, GPU_group_8614e87c67f590024f565ffa771501000000: 80000, node:10.244.180.242: 10000, GPU_group_31_8614e87c67f590024f565ffa771501000000: 10000, GPU_group_28_8614e87c67f590024f565ffa771501000000: 10000, bundle_group_29_8614e87c67f590024f565ffa771501000000: 10000000, GPU_group_30_8614e87c67f590024f565ffa771501000000: 10000, bundle_group_30_8614e87c67f590024f565ffa771501000000: 10000000, CPU_group_27_8614e87c67f590024f565ffa771501000000: 10000, CPU_group_26_8614e87c67f590024f565ffa771501000000: 10000, GPU: 80000, CPU_group_28_8614e87c67f590024f565ffa771501000000: 10000, CPU_group_25_8614e87c67f590024f565ffa771501000000: 10000, CPU_group_31_8614e87c67f590024f565ffa771501000000: 10000, bundle_group_27_8614e87c67f590024f565ffa771501000000: 10000000}, "available": {bundle_group_28_8614e87c67f590024f565ffa771501000000: 10000000, CPU_group_8614e87c67f590024f565ffa771501000000: 78000, accelerator_type:B200: 10000, bundle_group_8614e87c67f590024f565ffa771501000000: 79999990, GPU_group_27_8614e87c67f590024f565ffa771501000000: 10000, GPU_group_26_8614e87c67f590024f565ffa771501000000: 10000, GPU_group_25_8614e87c67f590024f565ffa771501000000: 10000, bundle_group_16_8614e87c67f590024f565ffa771501000000: 9999990, CPU: 560000, bundle_group_31_8614e87c67f590024f565ffa771501000000: 10000000, CPU_group_29_8614e87c67f590024f565ffa771501000000: 10000, CPU_group_30_8614e87c67f590024f565ffa771501000000: 10000, bundle_group_25_8614e87c67f590024f565ffa771501000000: 10000000, CPU_group_16_8614e87c67f590024f565ffa771501000000: 8000, GPU_group_16_8614e87c67f590024f565ffa771501000000: 8000, memory: 32418469068800000, GPU_group_29_8614e87c67f590024f565ffa771501000000: 10000, bundle_group_26_8614e87c67f590024f565ffa771501000000: 10000000, object_store_memory: 42949672960000, GPU_group_8614e87c67f590024f565ffa771501000000: 78000, GPU_group_31_8614e87c67f590024f565ffa771501000000: 10000, node:10.244.180.242: 10000, GPU_group_28_8614e87c67f590024f565ffa771501000000: 10000, bundle_group_29_8614e87c67f590024f565ffa771501000000: 10000000, GPU_group_30_8614e87c67f590024f565ffa771501000000: 10000, bundle_group_30_8614e87c67f590024f565ffa771501000000: 10000000, CPU_group_27_8614e87c67f590024f565ffa771501000000: 10000, CPU_group_26_8614e87c67f590024f565ffa771501000000: 10000, CPU_group_28_8614e87c67f590024f565ffa771501000000: 10000, CPU_group_25_8614e87c67f590024f565ffa771501000000: 10000, CPU_group_31_8614e87c67f590024f565ffa771501000000: 10000, bundle_group_27_8614e87c67f590024f565ffa771501000000: 10000000}, "labels":{"ray.io/node-id":"91950bc728379b818b838deb2fb43ac0b302dd8af091673234e82d95","ray.io/accelerator-type":"B200"}, "is_draining": 0, "draining_deadline_timestamp_ms": -1}node id: -1681695659902243193{"total":{bundle_group_8614e87c67f590024f565ffa771501000000: 80000000, CPU_group_2_8614e87c67f590024f565ffa771501000000: 10000, bundle_group_7_8614e87c67f590024f565ffa771501000000: 10000000, CPU_group_8614e87c67f590024f565ffa771501000000: 80000, accelerator_type:B200: 10000, CPU_group_7_8614e87c67f590024f565ffa771501000000: 10000, bundle_group_6_8614e87c67f590024f565ffa771501000000: 10000000, CPU: 640000, CPU_group_4_8614e87c67f590024f565ffa771501000000: 10000, memory: 32418548654080000, CPU_group_8_8614e87c67f590024f565ffa771501000000: 10000, bundle_group_2_8614e87c67f590024f565ffa771501000000: 10000000, object_store_memory: 42949672960000, bundle_group_1_8614e87c67f590024f565ffa771501000000: 10000000, bundle_group_5_8614e87c67f590024f565ffa771501000000: 10000000, GPU_group_8614e87c67f590024f565ffa771501000000: 80000, GPU_group_3_8614e87c67f590024f565ffa771501000000: 10000, GPU_group_5_8614e87c67f590024f565ffa771501000000: 10000, CPU_group_3_8614e87c67f590024f565ffa771501000000: 10000, GPU_group_8_8614e87c67f590024f565ffa771501000000: 10000, bundle_group_3_8614e87c67f590024f565ffa771501000000: 10000000, GPU_group_7_8614e87c67f590024f565ffa771501000000: 10000, CPU_group_5_8614e87c67f590024f565ffa771501000000: 10000, bundle_group_8_8614e87c67f590024f565ffa771501000000: 10000000, GPU_group_1_8614e87c67f590024f565ffa771501000000: 10000, GPU_group_6_8614e87c67f590024f565ffa771501000000: 10000, GPU_group_4_8614e87c67f590024f565ffa771501000000: 10000, node:10.244.13.18: 10000, GPU_group_2_8614e87c67f590024f565ffa771501000000: 10000, CPU_group_1_8614e87c67f590024f565ffa771501000000: 10000, GPU: 80000, CPU_group_6_8614e87c67f590024f565ffa771501000000: 10000, bundle_group_4_8614e87c67f590024f565ffa771501000000: 10000000}, "available": {bundle_group_8614e87c67f590024f565ffa771501000000: 79999920, CPU_group_2_8614e87c67f590024f565ffa771501000000: 6000, bundle_group_7_8614e87c67f590024f565ffa771501000000: 9999990, CPU_group_8614e87c67f590024f565ffa771501000000: 48000, accelerator_type:B200: 10000, CPU_group_7_8614e87c67f590024f565ffa771501000000: 6000, bundle_group_6_8614e87c67f590024f565ffa771501000000: 9999990, CPU: 560000, CPU_group_4_8614e87c67f590024f565ffa771501000000: 6000, memory: 32418548654080000, CPU_group_8_8614e87c67f590024f565ffa771501000000: 6000, bundle_group_2_8614e87c67f590024f565ffa771501000000: 9999990, object_store_memory: 42949672960000, bundle_group_1_8614e87c67f590024f565ffa771501000000: 9999990, bundle_group_5_8614e87c67f590024f565ffa771501000000: 9999990, GPU_group_8614e87c67f590024f565ffa771501000000: 48000, GPU_group_5_8614e87c67f590024f565ffa771501000000: 6000, bundle_group_3_8614e87c67f590024f565ffa771501000000: 9999990, GPU_group_3_8614e87c67f590024f565ffa771501000000: 6000, GPU_group_8_8614e87c67f590024f565ffa771501000000: 6000, CPU_group_3_8614e87c67f590024f565ffa771501000000: 6000, GPU_group_7_8614e87c67f590024f565ffa771501000000: 6000, CPU_group_5_8614e87c67f590024f565ffa771501000000: 6000, bundle_group_8_8614e87c67f590024f565ffa771501000000: 9999990, GPU_group_1_8614e87c67f590024f565ffa771501000000: 6000, GPU_group_6_8614e87c67f590024f565ffa771501000000: 6000, GPU_group_4_8614e87c67f590024f565ffa771501000000: 6000, node:10.244.13.18: 10000, GPU_group_2_8614e87c67f590024f565ffa771501000000: 6000, CPU_group_1_8614e87c67f590024f565ffa771501000000: 6000, CPU_group_6_8614e87c67f590024f565ffa771501000000: 6000, bundle_group_4_8614e87c67f590024f565ffa771501000000: 9999990}, "labels":{"ray.io/accelerator-type":"B200","ray.io/node-id":"5a1736abfe100329c9e05ff3a3f920e3696f0c41773d8bb025d15fe0"}, "is_draining": 0, "draining_deadline_timestamp_ms": -1}node id: 346506708453796848{"total":{GPU_group_22_8614e87c67f590024f565ffa771501000000: 10000, GPU_group_23_8614e87c67f590024f565ffa771501000000: 10000, bundle_group_20_8614e87c67f590024f565ffa771501000000: 10000000, GPU: 80000, CPU_group_20_8614e87c67f590024f565ffa771501000000: 10000, GPU_group_20_8614e87c67f590024f565ffa771501000000: 10000, bundle_group_24_8614e87c67f590024f565ffa771501000000: 10000000, CPU_group_18_8614e87c67f590024f565ffa771501000000: 10000, CPU_group_21_8614e87c67f590024f565ffa771501000000: 10000, GPU_group_21_8614e87c67f590024f565ffa771501000000: 10000, bundle_group_19_8614e87c67f590024f565ffa771501000000: 10000000, CPU_group_22_8614e87c67f590024f565ffa771501000000: 10000, bundle_group_17_8614e87c67f590024f565ffa771501000000: 10000000, bundle_group_18_8614e87c67f590024f565ffa771501000000: 10000000, bundle_group_22_8614e87c67f590024f565ffa771501000000: 10000000, GPU_group_24_8614e87c67f590024f565ffa771501000000: 10000, CPU_group_23_8614e87c67f590024f565ffa771501000000: 10000, GPU_group_17_8614e87c67f590024f565ffa771501000000: 10000, GPU_group_18_8614e87c67f590024f565ffa771501000000: 10000, memory: 32418463825920000, CPU_group_17_8614e87c67f590024f565ffa771501000000: 10000, GPU_group_8614e87c67f590024f565ffa771501000000: 80000, object_store_memory: 42949672960000, bundle_group_21_8614e87c67f590024f565ffa771501000000: 10000000, bundle_group_23_8614e87c67f590024f565ffa771501000000: 10000000, node:10.244.218.62: 10000, bundle_group_8614e87c67f590024f565ffa771501000000: 80000000, accelerator_type:B200: 10000, GPU_group_19_8614e87c67f590024f565ffa771501000000: 10000, CPU_group_8614e87c67f590024f565ffa771501000000: 80000, CPU_group_24_8614e87c67f590024f565ffa771501000000: 10000, CPU: 640000, CPU_group_19_8614e87c67f590024f565ffa771501000000: 10000}, "available": {bundle_group_8614e87c67f590024f565ffa771501000000: 79999990, CPU_group_18_8614e87c67f590024f565ffa771501000000: 10000, bundle_group_19_8614e87c67f590024f565ffa771501000000: 10000000, CPU_group_8614e87c67f590024f565ffa771501000000: 78000, GPU_group_19_8614e87c67f590024f565ffa771501000000: 10000, accelerator_type:B200: 10000, CPU_group_24_8614e87c67f590024f565ffa771501000000: 10000, CPU_group_19_8614e87c67f590024f565ffa771501000000: 10000, CPU: 560000, memory: 32418463825920000, CPU_group_17_8614e87c67f590024f565ffa771501000000: 8000, bundle_group_21_8614e87c67f590024f565ffa771501000000: 10000000, object_store_memory: 42949672960000, GPU_group_8614e87c67f590024f565ffa771501000000: 78000, bundle_group_23_8614e87c67f590024f565ffa771501000000: 10000000, node:10.244.218.62: 10000, CPU_group_22_8614e87c67f590024f565ffa771501000000: 10000, bundle_group_17_8614e87c67f590024f565ffa771501000000: 9999990, bundle_group_18_8614e87c67f590024f565ffa771501000000: 10000000, CPU_group_23_8614e87c67f590024f565ffa771501000000: 10000, GPU_group_24_8614e87c67f590024f565ffa771501000000: 10000, bundle_group_22_8614e87c67f590024f565ffa771501000000: 10000000, GPU_group_18_8614e87c67f590024f565ffa771501000000: 10000, GPU_group_17_8614e87c67f590024f565ffa771501000000: 8000, GPU_group_22_8614e87c67f590024f565ffa771501000000: 10000, bundle_group_20_8614e87c67f590024f565ffa771501000000: 10000000, GPU_group_23_8614e87c67f590024f565ffa771501000000: 10000, GPU_group_20_8614e87c67f590024f565ffa771501000000: 10000, CPU_group_20_8614e87c67f590024f565ffa771501000000: 10000, bundle_group_24_8614e87c67f590024f565ffa771501000000: 10000000, GPU_group_21_8614e87c67f590024f565ffa771501000000: 10000, CPU_group_21_8614e87c67f590024f565ffa771501000000: 10000}, "labels":{"ray.io/node-id":"137ca386e65d980acbeff863eda6c65487ee6942bccc8db1236dc36e","ray.io/accelerator-type":"B200"}, "is_draining": 0, "draining_deadline_timestamp_ms": -1} { "placement group locations": [], "node to bundles": []}
[state-dump] Waiting leases size: 0
[state-dump] Number of granted lease arguments: 0
[state-dump] Number of pinned lease arguments: 0
[state-dump] Total size of pinned lease arguments: 0
[state-dump] Number of total spilled leases: 0
[state-dump] Number of spilled waiting leases: 0
[state-dump] Number of spilled unschedulable leases: 0
[state-dump] Resource usage {
[state-dump]     - (language=PYTHON actor_or_taskMegatronTrainRayActor.__init__ pid=960 worker_id=a9bc9faf934d79652d9f51f4b3a8ae687f183aad5e231512ece05a0e): {bundle_group_7_8614e87c67f590024f565ffa771501000000: 0.001, CPU_group_8614e87c67f590024f565ffa771501000000: 0.4, GPU_group_7_8614e87c67f590024f565ffa771501000000: 0.4, bundle_group_8614e87c67f590024f565ffa771501000000: 0.001, CPU_group_7_8614e87c67f590024f565ffa771501000000: 0.4, GPU_group_8614e87c67f590024f565ffa771501000000: 0.4}
[state-dump]     - (language=PYTHON actor_or_taskMegatronTrainRayActor.__init__ pid=959 worker_id=cdcada990c364655aa3c0f9c6bccf0203189a4361f0949466abeece3): {GPU_group_6_8614e87c67f590024f565ffa771501000000: 0.4, bundle_group_6_8614e87c67f590024f565ffa771501000000: 0.001, GPU_group_8614e87c67f590024f565ffa771501000000: 0.4, bundle_group_8614e87c67f590024f565ffa771501000000: 0.001, CPU_group_6_8614e87c67f590024f565ffa771501000000: 0.4, CPU_group_8614e87c67f590024f565ffa771501000000: 0.4}
[state-dump]     - (language=PYTHON actor_or_taskMegatronTrainRayActor.__init__ pid=965 worker_id=136546f248884d2dc9fd21b946db50be3709536bcc5ac432a4424196): {bundle_group_5_8614e87c67f590024f565ffa771501000000: 0.001, GPU_group_8614e87c67f590024f565ffa771501000000: 0.4, GPU_group_5_8614e87c67f590024f565ffa771501000000: 0.4, bundle_group_8614e87c67f590024f565ffa771501000000: 0.001, CPU_group_5_8614e87c67f590024f565ffa771501000000: 0.4, CPU_group_8614e87c67f590024f565ffa771501000000: 0.4}
[state-dump]     - (language=PYTHON actor_or_taskMegatronTrainRayActor.__init__ pid=961 worker_id=ec06ade875864bdbb80ae3f1b19a8be1abd78ad89338d48eb1d001af): {CPU_group_8614e87c67f590024f565ffa771501000000: 0.4, GPU_group_8614e87c67f590024f565ffa771501000000: 0.4, CPU_group_4_8614e87c67f590024f565ffa771501000000: 0.4, bundle_group_4_8614e87c67f590024f565ffa771501000000: 0.001, bundle_group_8614e87c67f590024f565ffa771501000000: 0.001, GPU_group_4_8614e87c67f590024f565ffa771501000000: 0.4}
[state-dump]     - (language=PYTHON actor_or_taskMegatronTrainRayActor.__init__ pid=962 worker_id=ca6cb88024162bf07716ce2c88c2fb4113d3b1e347331c5dd5e35cfb): {GPU_group_3_8614e87c67f590024f565ffa771501000000: 0.4, GPU_group_8614e87c67f590024f565ffa771501000000: 0.4, CPU_group_8614e87c67f590024f565ffa771501000000: 0.4, bundle_group_8614e87c67f590024f565ffa771501000000: 0.001, bundle_group_3_8614e87c67f590024f565ffa771501000000: 0.001, CPU_group_3_8614e87c67f590024f565ffa771501000000: 0.4}
[state-dump]     - (language=PYTHON actor_or_taskMegatronTrainRayActor.__init__ pid=963 worker_id=062ee74904ba1e2a3b770071417d9b3415af75b383dc6c62f90e84d8): {CPU_group_2_8614e87c67f590024f565ffa771501000000: 0.4, bundle_group_8614e87c67f590024f565ffa771501000000: 0.001, GPU_group_8614e87c67f590024f565ffa771501000000: 0.4, CPU_group_8614e87c67f590024f565ffa771501000000: 0.4, GPU_group_2_8614e87c67f590024f565ffa771501000000: 0.4, bundle_group_2_8614e87c67f590024f565ffa771501000000: 0.001}
[state-dump]     - (language=PYTHON actor_or_taskMegatronTrainRayActor.__init__ pid=964 worker_id=a6daf3a2ba673f0b1ab7f9b6574c645d591c1c94493d7905906c216f): {CPU_group_8_8614e87c67f590024f565ffa771501000000: 0.4, CPU_group_8614e87c67f590024f565ffa771501000000: 0.4, GPU_group_8_8614e87c67f590024f565ffa771501000000: 0.4, bundle_group_8614e87c67f590024f565ffa771501000000: 0.001, bundle_group_8_8614e87c67f590024f565ffa771501000000: 0.001, GPU_group_8614e87c67f590024f565ffa771501000000: 0.4}
[state-dump]     - (language=PYTHON actor_or_taskMegatronTrainRayActor.__init__ pid=856 worker_id=5cc4ed1f0649d6976ed683211055eb3665137c692d18f2735c16f6ce): {GPU_group_8614e87c67f590024f565ffa771501000000: 0.4, GPU_group_1_8614e87c67f590024f565ffa771501000000: 0.4, bundle_group_1_8614e87c67f590024f565ffa771501000000: 0.001, bundle_group_8614e87c67f590024f565ffa771501000000: 0.001, CPU_group_8614e87c67f590024f565ffa771501000000: 0.4, CPU_group_1_8614e87c67f590024f565ffa771501000000: 0.4}
[state-dump] }
[state-dump] Backlog Size per scheduling descriptor :{workerId: num backlogs}:
[state-dump] 
[state-dump] Granted leases by scheduling class:
[state-dump] ==================================================
[state-dump] 
[state-dump] ClusterResources:
[state-dump] LocalObjectManager:
[state-dump] - num pinned objects: 0
[state-dump] - pinned objects size: 0
[state-dump] - num objects pending restore: 0
[state-dump] - num objects pending spill: 0
[state-dump] - num bytes pending spill: 0
[state-dump] - num bytes currently spilled: 0
[state-dump] - cumulative spill requests: 0
[state-dump] - cumulative restore requests: 0
[state-dump] - spilled objects pending delete: 0
[state-dump] 
[state-dump] ObjectManager:
[state-dump] - num local objects: 0
[state-dump] - num unfulfilled push requests: 0
[state-dump] - num object pull requests: 0
[state-dump] - num chunks received total: 0
[state-dump] - num chunks received failed (all): 0
[state-dump] - num chunks received failed / cancelled: 0
[state-dump] - num chunks received failed / plasma error: 0
[state-dump] Event stats:
[state-dump] Global stats: 0 total (0 active)
[state-dump] Queueing time: mean = -nanms, max = -0.00ms, min = 9223372036854.78ms, total = 0.00ms
[state-dump] Execution time:  mean = -nanms, total = 0.00ms
[state-dump] Event stats:
[state-dump] PushManager:
[state-dump] - num pushes remaining: 0
[state-dump] - num chunks in flight: 0
[state-dump] - num chunks remaining: 0
[state-dump] - max chunks allowed: 409
[state-dump] OwnershipBasedObjectDirectory:
[state-dump] - num listeners: 0
[state-dump] - cumulative location updates: 0
[state-dump] - num location updates per second: 0.000
[state-dump] - num location lookups per second: 0.000
[state-dump] - num locations added per second: 0.000
[state-dump] - num locations removed per second: 0.000
[state-dump] BufferPool:
[state-dump] - create buffer state map size: 0
[state-dump] PullManager:
[state-dump] - num bytes available for pulled objects: 4294967296
[state-dump] - num bytes being pulled (all): 0
[state-dump] - num bytes being pulled / pinned: 0
[state-dump] - get request bundles: BundlePullRequestQueue{0 total, 0 active, 0 inactive, 0 unpullable}
[state-dump] - wait request bundles: BundlePullRequestQueue{0 total, 0 active, 0 inactive, 0 unpullable}
[state-dump] - task request bundles: BundlePullRequestQueue{0 total, 0 active, 0 inactive, 0 unpullable}
[state-dump] - first get request bundle: N/A
[state-dump] - first wait request bundle: N/A
[state-dump] - first task request bundle: N/A
[state-dump] - num objects queued: 0
[state-dump] - num objects actively pulled (all): 0
[state-dump] - num objects actively pulled / pinned: 0
[state-dump] - num bundles being pulled: 0
[state-dump] - num pull retries: 0
[state-dump] - max timeout seconds: 0
[state-dump] - max timeout request is already processed. No entry.
[state-dump] 
[state-dump] WorkerPool:
[state-dump] - registered jobs: 1
[state-dump] - process_failed_job_config_missing: 0
[state-dump] - process_failed_rate_limited: 0
[state-dump] - process_failed_pending_registration: 0
[state-dump] - process_failed_runtime_env_setup_failed: 0
[state-dump] - num PYTHON workers: 8
[state-dump] - num PYTHON drivers: 0
[state-dump] - num PYTHON pending start requests: 0
[state-dump] - num PYTHON pending registration requests: 0
[state-dump] - num object spill callbacks queued: 0
[state-dump] - num object restore queued: 0
[state-dump] - num util functions queued: 0
[state-dump] - num idle workers: 0
[state-dump] LeaseDependencyManager:
[state-dump] - lease deps map size: 0
[state-dump] - get req map size: 0
[state-dump] - wait req map size: 0
[state-dump] - local objects map size: 0
[state-dump] WaitManager:
[state-dump] - num active wait requests: 0
[state-dump] Subscriber:
[state-dump] Channel WORKER_OBJECT_LOCATIONS_CHANNEL
[state-dump] - cumulative subscribe requests: 0
[state-dump] - cumulative unsubscribe requests: 0
[state-dump] - active subscribed publishers: 0
[state-dump] - cumulative published messages: 0
[state-dump] - cumulative processed messages: 0
[state-dump] Channel WORKER_REF_REMOVED_CHANNEL
[state-dump] - cumulative subscribe requests: 0
[state-dump] - cumulative unsubscribe requests: 0
[state-dump] - active subscribed publishers: 0
[state-dump] - cumulative published messages: 0
[state-dump] - cumulative processed messages: 0
[state-dump] num async plasma notifications: 0
[state-dump] Event stats:
[state-dump] Global stats: 5657 total (22 active)
[state-dump] Queueing time: mean = 31.54ms, max = 27206.99ms, min = 0.00ms, total = 178401.79ms
[state-dump] Execution time:  mean = 7.93ms, total = 44841.83ms
[state-dump] Event stats:
[state-dump] 	ObjectManager.UpdateAvailableMemory - 1200 total (0 active), Execution time: mean = 0.00ms, total = 1.27ms, Queueing time: mean = 0.01ms, max = 0.16ms, min = 0.00ms, total = 12.27ms
[state-dump] 	RaySyncer.BroadcastMessageIfNewVersion - 1200 total (1 active), Execution time: mean = 0.00ms, total = 2.86ms, Queueing time: mean = 0.04ms, max = 18.59ms, min = 0.00ms, total = 42.99ms
[state-dump] 	NodeManager.CheckGC - 1200 total (1 active), Execution time: mean = 0.00ms, total = 1.55ms, Queueing time: mean = 0.04ms, max = 18.59ms, min = 0.00ms, total = 44.45ms
[state-dump] 	RayletWorkerPool.deadline_timer.kill_idle_workers - 600 total (1 active), Execution time: mean = 0.00ms, total = 1.35ms, Queueing time: mean = 0.07ms, max = 23.53ms, min = 0.00ms, total = 43.67ms
[state-dump] 	NodeManager.CheckForUnexpectedWorkerDisconnects - 121 total (1 active), Execution time: mean = 0.01ms, total = 1.08ms, Queueing time: mean = 0.01ms, max = 0.14ms, min = 0.00ms, total = 1.37ms
[state-dump] 	NodeManager.ScheduleAndGrantLeases - 121 total (1 active), Execution time: mean = 0.00ms, total = 0.54ms, Queueing time: mean = 0.02ms, max = 0.14ms, min = 0.00ms, total = 1.91ms
[state-dump] 	NodeManager.deadline_timer.spill_objects_when_over_threshold - 120 total (1 active), Execution time: mean = 0.00ms, total = 0.16ms, Queueing time: mean = 0.34ms, max = 23.80ms, min = 0.00ms, total = 41.22ms
[state-dump] 	NodeManager.deadline_timer.flush_free_objects - 120 total (1 active), Execution time: mean = 0.00ms, total = 0.22ms, Queueing time: mean = 0.34ms, max = 23.80ms, min = 0.00ms, total = 41.20ms
[state-dump] 	NodeManagerService.grpc_server.GetResourceLoad - 120 total (0 active), Execution time: mean = 0.38ms, total = 45.11ms, Queueing time: mean = 0.00ms, max = -0.00ms, min = 9223372036854.78ms, total = 0.00ms
[state-dump] 	NodeManagerService.grpc_server.GetResourceLoad.HandleRequestImpl - 120 total (0 active), Execution time: mean = 0.08ms, total = 9.48ms, Queueing time: mean = 0.02ms, max = 0.04ms, min = 0.01ms, total = 2.41ms
[state-dump] 	ClientConnection.async_read.ProcessMessageHeader - 80 total (8 active), Execution time: mean = 0.00ms, total = 0.28ms, Queueing time: mean = 2201.48ms, max = 27206.99ms, min = 0.01ms, total = 176118.00ms
[state-dump] 	ClientConnection.async_read.ProcessMessage - 72 total (0 active), Execution time: mean = 0.39ms, total = 27.79ms, Queueing time: mean = 0.05ms, max = 2.49ms, min = 0.00ms, total = 3.70ms
[state-dump] 	ClusterResourceManager.ResetRemoteNodeView - 41 total (1 active), Execution time: mean = 0.00ms, total = 0.11ms, Queueing time: mean = 0.02ms, max = 0.06ms, min = 0.01ms, total = 0.67ms
[state-dump] 	CoreWorkerService.grpc_client.GetCoreWorkerStats - 34 total (0 active), Execution time: mean = 0.66ms, total = 22.59ms, Queueing time: mean = 0.00ms, max = -0.00ms, min = 9223372036854.78ms, total = 0.00ms
[state-dump] 	CoreWorkerService.grpc_client.GetCoreWorkerStats.OnReplyReceived - 34 total (0 active), Execution time: mean = 0.02ms, total = 0.54ms, Queueing time: mean = 0.02ms, max = 0.06ms, min = 0.01ms, total = 0.59ms
[state-dump] 	Subscriber.HandlePublishedMessage_GCS_WORKER_DELTA_CHANNEL - 32 total (0 active), Execution time: mean = 0.00ms, total = 0.02ms, Queueing time: mean = 0.07ms, max = 0.10ms, min = 0.03ms, total = 2.39ms
[state-dump] 	 - 27 total (0 active), Execution time: mean = 0.08ms, total = 2.19ms, Queueing time: mean = 0.77ms, max = 19.87ms, min = 0.00ms, total = 20.67ms
[state-dump] 	RaySyncer.BroadcastMessage - 27 total (0 active), Execution time: mean = 0.09ms, total = 2.32ms, Queueing time: mean = 0.00ms, max = 0.00ms, min = 0.00ms, total = 0.01ms
[state-dump] 	NodeManager.deadline_timer.record_metrics - 24 total (1 active), Execution time: mean = 0.17ms, total = 4.05ms, Queueing time: mean = 1.55ms, max = 23.64ms, min = 0.00ms, total = 37.21ms
[state-dump] 	NodeManagerService.grpc_server.GetAgentPIDs.HandleRequestImpl - 23 total (0 active), Execution time: mean = 0.08ms, total = 1.78ms, Queueing time: mean = 0.04ms, max = 0.08ms, min = 0.00ms, total = 0.83ms
[state-dump] 	NodeManagerService.grpc_server.GetWorkerPIDs.HandleRequestImpl - 23 total (0 active), Execution time: mean = 0.03ms, total = 0.60ms, Queueing time: mean = 0.08ms, max = 1.54ms, min = 0.01ms, total = 1.93ms
[state-dump] 	NodeManagerService.grpc_server.GetAgentPIDs - 23 total (0 active), Execution time: mean = 0.41ms, total = 9.43ms, Queueing time: mean = 0.00ms, max = -0.00ms, min = 9223372036854.78ms, total = 0.00ms
[state-dump] 	NodeManagerService.grpc_server.GetWorkerPIDs - 23 total (0 active), Execution time: mean = 0.36ms, total = 8.38ms, Queueing time: mean = 0.00ms, max = -0.00ms, min = 9223372036854.78ms, total = 0.00ms
[state-dump] 	NodeManagerService.grpc_server.RequestWorkerLease - 16 total (0 active), Execution time: mean = 470.59ms, total = 7529.45ms, Queueing time: mean = 0.00ms, max = -0.00ms, min = 9223372036854.78ms, total = 0.00ms
[state-dump] 	ObjectManager.ObjectDeleted - 16 total (0 active), Execution time: mean = 0.01ms, total = 0.10ms, Queueing time: mean = 0.01ms, max = 0.03ms, min = 0.01ms, total = 0.20ms
[state-dump] 	ClientConnection.async_write.DoAsyncWrites - 16 total (0 active), Execution time: mean = 0.00ms, total = 0.01ms, Queueing time: mean = 0.01ms, max = 0.02ms, min = 0.00ms, total = 0.18ms
[state-dump] 	NodeManagerService.grpc_server.GetSystemConfig.HandleRequestImpl - 16 total (0 active), Execution time: mean = 0.01ms, total = 0.23ms, Queueing time: mean = 0.01ms, max = 0.04ms, min = 0.01ms, total = 0.20ms
[state-dump] 	NodeManagerService.grpc_server.RequestWorkerLease.HandleRequestImpl - 16 total (0 active), Execution time: mean = 1.47ms, total = 23.55ms, Queueing time: mean = 5.43ms, max = 17.83ms, min = 0.01ms, total = 86.81ms
[state-dump] 	ObjectManager.ObjectAdded - 16 total (0 active), Execution time: mean = 0.01ms, total = 0.11ms, Queueing time: mean = 0.01ms, max = 0.12ms, min = 0.00ms, total = 0.23ms
[state-dump] 	NodeManagerService.grpc_server.GetSystemConfig - 16 total (0 active), Execution time: mean = 0.22ms, total = 3.49ms, Queueing time: mean = 0.00ms, max = -0.00ms, min = 9223372036854.78ms, total = 0.00ms
[state-dump] 	event_loop_lag_probe - 14 total (0 active), Execution time: mean = 0.02ms, total = 0.34ms, Queueing time: mean = 0.50ms, max = 6.99ms, min = 0.00ms, total = 7.05ms
[state-dump] 	PeriodicalRunner.RunFnPeriodically - 13 total (0 active), Execution time: mean = 0.29ms, total = 3.82ms, Queueing time: mean = 144.58ms, max = 624.32ms, min = 0.02ms, total = 1879.51ms
[state-dump] 	ray::rpc::ControlPlanePubSubGcsService.grpc_client.GcsSubscriberPoll - 13 total (1 active), Execution time: mean = 2762.41ms, total = 35911.36ms, Queueing time: mean = 0.00ms, max = -0.00ms, min = 9223372036854.78ms, total = 0.00ms
[state-dump] 	ray::rpc::ControlPlanePubSubGcsService.grpc_client.GcsSubscriberPoll.OnReplyReceived - 12 total (0 active), Execution time: mean = 0.10ms, total = 1.25ms, Queueing time: mean = 0.03ms, max = 0.19ms, min = 0.00ms, total = 0.31ms
[state-dump] 	NodeManager.deadline_timer.debug_state_dump - 12 total (1 active), Execution time: mean = 3.41ms, total = 40.88ms, Queueing time: mean = 0.01ms, max = 0.02ms, min = 0.00ms, total = 0.11ms
[state-dump] 	NodeManagerService.grpc_server.GetNodeStats.HandleRequestImpl - 8 total (0 active), Execution time: mean = 0.34ms, total = 2.68ms, Queueing time: mean = 0.02ms, max = 0.04ms, min = 0.02ms, total = 0.19ms
[state-dump] 	NodeManagerService.grpc_server.KillLocalActor - 8 total (0 active), Execution time: mean = 16.68ms, total = 133.42ms, Queueing time: mean = 0.00ms, max = -0.00ms, min = 9223372036854.78ms, total = 0.00ms
[state-dump] 	NodeManagerService.grpc_server.KillLocalActor.HandleRequestImpl - 8 total (0 active), Execution time: mean = 0.17ms, total = 1.35ms, Queueing time: mean = 0.52ms, max = 0.65ms, min = 0.03ms, total = 4.17ms
[state-dump] 	ray::rpc::WorkerInfoGcsService.grpc_client.ReportWorkerFailure.OnReplyReceived - 8 total (0 active), Execution time: mean = 0.01ms, total = 0.07ms, Queueing time: mean = 0.05ms, max = 0.18ms, min = 0.00ms, total = 0.41ms
[state-dump] 	ray::rpc::WorkerInfoGcsService.grpc_client.ReportWorkerFailure - 8 total (0 active), Execution time: mean = 9.66ms, total = 77.30ms, Queueing time: mean = 0.00ms, max = -0.00ms, min = 9223372036854.78ms, total = 0.00ms
[state-dump] 	CoreWorkerService.grpc_client.KillActor.OnReplyReceived - 8 total (0 active), Execution time: mean = 0.05ms, total = 0.41ms, Queueing time: mean = 0.02ms, max = 0.12ms, min = 0.00ms, total = 0.16ms
[state-dump] 	NodeManagerService.grpc_server.GetNodeStats - 8 total (0 active), Execution time: mean = 1.22ms, total = 9.78ms, Queueing time: mean = 0.00ms, max = -0.00ms, min = 9223372036854.78ms, total = 0.00ms
[state-dump] 	CoreWorkerService.grpc_client.KillActor - 8 total (0 active), Execution time: mean = 15.95ms, total = 127.59ms, Queueing time: mean = 0.00ms, max = -0.00ms, min = 9223372036854.78ms, total = 0.00ms
[state-dump] 	ray::rpc::NodeInfoGcsService.grpc_client.CheckAlive.OnReplyReceived - 2 total (0 active), Execution time: mean = 0.01ms, total = 0.03ms, Queueing time: mean = 0.01ms, max = 0.01ms, min = 0.01ms, total = 0.01ms
[state-dump] 	Subscriber.HandlePublishedMessage_GCS_NODE_ADDRESS_AND_LIVENESS_CHANNEL - 2 total (0 active), Execution time: mean = 0.11ms, total = 0.23ms, Queueing time: mean = 0.25ms, max = 0.27ms, min = 0.23ms, total = 0.50ms
[state-dump] 	ray::rpc::ControlPlanePubSubGcsService.grpc_client.GcsSubscriberCommandBatch.OnReplyReceived - 2 total (0 active), Execution time: mean = 0.05ms, total = 0.09ms, Queueing time: mean = 1.63ms, max = 3.14ms, min = 0.11ms, total = 3.25ms
[state-dump] 	ray::rpc::NodeInfoGcsService.grpc_client.CheckAlive - 2 total (0 active), Execution time: mean = 0.67ms, total = 1.35ms, Queueing time: mean = 0.00ms, max = -0.00ms, min = 9223372036854.78ms, total = 0.00ms
[state-dump] 	ray::rpc::ControlPlanePubSubGcsService.grpc_client.GcsSubscriberCommandBatch - 2 total (0 active), Execution time: mean = 0.72ms, total = 1.43ms, Queueing time: mean = 0.00ms, max = -0.00ms, min = 9223372036854.78ms, total = 0.00ms
[state-dump] 	NodeManager.GcsCheckAlive - 2 total (1 active), Execution time: mean = 0.08ms, total = 0.16ms, Queueing time: mean = 0.31ms, max = 0.62ms, min = 0.62ms, total = 0.62ms
[state-dump] 	RaySyncerRegister - 2 total (0 active), Execution time: mean = 0.00ms, total = 0.00ms, Queueing time: mean = 0.00ms, max = 0.00ms, min = 0.00ms, total = 0.00ms
[state-dump] 	NodeManager.deadline_timer.print_event_loop_stats - 2 total (1 active, 1 running), Execution time: mean = 0.35ms, total = 0.71ms, Queueing time: mean = 0.00ms, max = 0.01ms, min = 0.01ms, total = 0.01ms
[state-dump] 	NodeManager.GCTaskFailureReason - 1 total (1 active), Execution time: mean = 0.00ms, total = 0.00ms, Queueing time: mean = 0.00ms, max = -0.00ms, min = 9223372036854.78ms, total = 0.00ms
[state-dump] 	ReporterService.grpc_client.HealthCheck.OnReplyReceived - 1 total (0 active), Execution time: mean = 0.13ms, total = 0.13ms, Queueing time: mean = 0.02ms, max = 0.02ms, min = 0.02ms, total = 0.02ms
[state-dump] 	ReporterService.grpc_client.HealthCheck - 1 total (0 active), Execution time: mean = 190.29ms, total = 190.29ms, Queueing time: mean = 0.00ms, max = -0.00ms, min = 9223372036854.78ms, total = 0.00ms
[state-dump] 	ray::rpc::NodeInfoGcsService.grpc_client.RegisterNode - 1 total (0 active), Execution time: mean = 0.80ms, total = 0.80ms, Queueing time: mean = 0.00ms, max = -0.00ms, min = 9223372036854.78ms, total = 0.00ms
[state-dump] 	NodeManagerService.grpc_server.PrepareBundleResources.HandleRequestImpl - 1 total (0 active), Execution time: mean = 0.85ms, total = 0.85ms, Queueing time: mean = 0.03ms, max = 0.03ms, min = 0.03ms, total = 0.03ms
[state-dump] 	NodeManagerService.grpc_server.PrepareBundleResources - 1 total (0 active), Execution time: mean = 1.19ms, total = 1.19ms, Queueing time: mean = 0.00ms, max = -0.00ms, min = 9223372036854.78ms, total = 0.00ms
[state-dump] 	NodeManagerService.grpc_server.CommitBundleResources - 1 total (0 active), Execution time: mean = 1.45ms, total = 1.45ms, Queueing time: mean = 0.00ms, max = -0.00ms, min = 9223372036854.78ms, total = 0.00ms
[state-dump] 	ray::rpc::InternalKVGcsService.grpc_client.GetInternalConfig - 1 total (0 active), Execution time: mean = 0.89ms, total = 0.89ms, Queueing time: mean = 0.00ms, max = -0.00ms, min = 9223372036854.78ms, total = 0.00ms
[state-dump] 	ray::rpc::NodeInfoGcsService.grpc_client.GetAllNodeAddressAndLiveness.OnReplyReceived - 1 total (0 active), Execution time: mean = 0.11ms, total = 0.11ms, Queueing time: mean = 0.01ms, max = 0.01ms, min = 0.01ms, total = 0.01ms
[state-dump] 	ray::rpc::JobInfoGcsService.grpc_client.GetAllJobInfo.OnReplyReceived - 1 total (0 active), Execution time: mean = 0.01ms, total = 0.01ms, Queueing time: mean = 0.01ms, max = 0.01ms, min = 0.01ms, total = 0.01ms
[state-dump] 	ray::rpc::NodeInfoGcsService.grpc_client.RegisterNode.OnReplyReceived - 1 total (0 active), Execution time: mean = 0.24ms, total = 0.24ms, Queueing time: mean = 0.01ms, max = 0.01ms, min = 0.01ms, total = 0.01ms
[state-dump] 	Subscriber.HandlePublishedMessage_GCS_JOB_CHANNEL - 1 total (0 active), Execution time: mean = 0.04ms, total = 0.04ms, Queueing time: mean = 0.28ms, max = 0.28ms, min = 0.28ms, total = 0.28ms
[state-dump] 	ray::rpc::JobInfoGcsService.grpc_client.GetAllJobInfo - 1 total (0 active), Execution time: mean = 0.69ms, total = 0.69ms, Queueing time: mean = 0.00ms, max = -0.00ms, min = 9223372036854.78ms, total = 0.00ms
[state-dump] 	NodeManagerService.grpc_server.CommitBundleResources.HandleRequestImpl - 1 total (0 active), Execution time: mean = 1.11ms, total = 1.11ms, Queueing time: mean = 0.03ms, max = 0.03ms, min = 0.03ms, total = 0.03ms
[state-dump] 	ray::rpc::NodeInfoGcsService.grpc_client.GetAllNodeAddressAndLiveness - 1 total (0 active), Execution time: mean = 0.75ms, total = 0.75ms, Queueing time: mean = 0.00ms, max = -0.00ms, min = 9223372036854.78ms, total = 0.00ms
[state-dump] 	ray::rpc::InternalKVGcsService.grpc_client.GetInternalConfig.OnReplyReceived - 1 total (0 active), Execution time: mean = 628.39ms, total = 628.39ms, Queueing time: mean = 0.01ms, max = 0.01ms, min = 0.01ms, total = 0.01ms
[state-dump] DebugString() time ms: 0
[state-dump] 
[state-dump] 
[2026-09-03 22:01:28,337 I 79 102] (raylet) store.cc:573: Plasma store debug dump: 
Current usage: 0 / 4.29497 GB
- num bytes created total: 128
0 pending objects of total size 0MB
- objects spillable: 0
- bytes spillable: 0
- objects unsealed: 0
- bytes unsealed: 0
- objects in use: 0
- bytes in use: 0
- objects evictable: 0
- bytes evictable: 0

- objects created by worker: 0
- bytes created by worker: 0
- objects restored: 0
- bytes restored: 0
- objects received: 0
- bytes received: 0
- objects errored: 0
- bytes errored: 0

[2026-09-03 22:01:28,970 I 79 79] (raylet) node_manager.cc:486: [state-dump] NodeManager:
[state-dump] Node ID: 5a1736abfe100329c9e05ff3a3f920e3696f0c41773d8bb025d15fe0
[state-dump] Node name: 10.244.13.18
[state-dump] InitialConfigResources: {GPU: 8, accelerator_type:B200: 1, node:10.244.13.18: 1, object_store_memory: 4.29497e+09, CPU: 64, memory: 3.24185e+12}
[state-dump] ClusterLeaseManager:
[state-dump] ========== Node: 5a1736abfe100329c9e05ff3a3f920e3696f0c41773d8bb025d15fe0 =================
[state-dump] Infeasible queue length: 0
[state-dump] Schedule queue length: 0
[state-dump] Grant queue length: 0
[state-dump] num_waiting_for_resource: 0
[state-dump] num_waiting_for_plasma_memory: 0
[state-dump] num_waiting_for_remote_node_resources: 0
[state-dump] num_worker_not_started_by_job_config_not_exist: 0
[state-dump] num_worker_not_started_by_registration_timeout: 0
[state-dump] num_tasks_waiting_for_workers: 0
[state-dump] num_cancelled_leases: 0
[state-dump] cluster_resource_scheduler state: 
[state-dump] Local id: -1681695659902243193 Local resources: {"total":{CPU_group_6_8614e87c67f590024f565ffa771501000000: [10000], CPU_group_7_8614e87c67f590024f565ffa771501000000: [10000], bundle_group_6_8614e87c67f590024f565ffa771501000000: [10000000], CPU: [640000], bundle_group_8614e87c67f590024f565ffa771501000000: [80000000], CPU_group_2_8614e87c67f590024f565ffa771501000000: [10000], bundle_group_7_8614e87c67f590024f565ffa771501000000: [10000000], CPU_group_8614e87c67f590024f565ffa771501000000: [80000], accelerator_type:B200: [10000], bundle_group_1_8614e87c67f590024f565ffa771501000000: [10000000], object_store_memory: [42949672960000], GPU_group_8614e87c67f590024f565ffa771501000000: [10000, 10000, 10000, 10000, 10000, 10000, 10000, 10000], bundle_group_5_8614e87c67f590024f565ffa771501000000: [10000000], GPU_group_5_8614e87c67f590024f565ffa771501000000: [0, 0, 0, 0, 10000, 0, 0, 0], GPU_group_3_8614e87c67f590024f565ffa771501000000: [0, 0, 10000, 0, 0, 0, 0, 0], CPU_group_3_8614e87c67f590024f565ffa771501000000: [10000], bundle_group_3_8614e87c67f590024f565ffa771501000000: [10000000], GPU_group_8_8614e87c67f590024f565ffa771501000000: [0, 0, 0, 0, 0, 0, 0, 10000], CPU_group_4_8614e87c67f590024f565ffa771501000000: [10000], CPU_group_8_8614e87c67f590024f565ffa771501000000: [10000], memory: [32418548654080000], bundle_group_2_8614e87c67f590024f565ffa771501000000: [10000000], bundle_group_8_8614e87c67f590024f565ffa771501000000: [10000000], GPU_group_2_8614e87c67f590024f565ffa771501000000: [0, 10000, 0, 0, 0, 0, 0, 0], GPU_group_4_8614e87c67f590024f565ffa771501000000: [0, 0, 0, 10000, 0, 0, 0, 0], GPU_group_6_8614e87c67f590024f565ffa771501000000: [0, 0, 0, 0, 0, 10000, 0, 0], GPU_group_1_8614e87c67f590024f565ffa771501000000: [10000, 0, 0, 0, 0, 0, 0, 0], node:10.244.13.18: [10000], CPU_group_5_8614e87c67f590024f565ffa771501000000: [10000], GPU_group_7_8614e87c67f590024f565ffa771501000000: [0, 0, 0, 0, 0, 0, 10000, 0], bundle_group_4_8614e87c67f590024f565ffa771501000000: [10000000], CPU_group_1_8614e87c67f590024f565ffa771501000000: [10000], GPU: [10000, 10000, 10000, 10000, 10000, 10000, 10000, 10000]}, "available": {CPU_group_6_8614e87c67f590024f565ffa771501000000: [6000], CPU_group_7_8614e87c67f590024f565ffa771501000000: [6000], bundle_group_6_8614e87c67f590024f565ffa771501000000: [9999990], CPU: [560000], bundle_group_8614e87c67f590024f565ffa771501000000: [79999920], CPU_group_2_8614e87c67f590024f565ffa771501000000: [6000], bundle_group_7_8614e87c67f590024f565ffa771501000000: [9999990], CPU_group_8614e87c67f590024f565ffa771501000000: [48000], accelerator_type:B200: [10000], bundle_group_1_8614e87c67f590024f565ffa771501000000: [9999990], object_store_memory: [42949672960000], GPU_group_8614e87c67f590024f565ffa771501000000: [6000, 6000, 6000, 6000, 6000, 6000, 6000, 6000], bundle_group_5_8614e87c67f590024f565ffa771501000000: [9999990], GPU_group_5_8614e87c67f590024f565ffa771501000000: [0, 0, 0, 0, 6000, 0, 0, 0], GPU_group_3_8614e87c67f590024f565ffa771501000000: [0, 0, 6000, 0, 0, 0, 0, 0], CPU_group_3_8614e87c67f590024f565ffa771501000000: [6000], bundle_group_3_8614e87c67f590024f565ffa771501000000: [9999990], GPU_group_8_8614e87c67f590024f565ffa771501000000: [0, 0, 0, 0, 0, 0, 0, 6000], CPU_group_4_8614e87c67f590024f565ffa771501000000: [6000], CPU_group_8_8614e87c67f590024f565ffa771501000000: [6000], memory: [32418548654080000], bundle_group_2_8614e87c67f590024f565ffa771501000000: [9999990], bundle_group_8_8614e87c67f590024f565ffa771501000000: [9999990], GPU_group_2_8614e87c67f590024f565ffa771501000000: [0, 6000, 0, 0, 0, 0, 0, 0], GPU_group_4_8614e87c67f590024f565ffa771501000000: [0, 0, 0, 6000, 0, 0, 0, 0], GPU_group_6_8614e87c67f590024f565ffa771501000000: [0, 0, 0, 0, 0, 6000, 0, 0], GPU_group_1_8614e87c67f590024f565ffa771501000000: [6000, 0, 0, 0, 0, 0, 0, 0], node:10.244.13.18: [10000], CPU_group_5_8614e87c67f590024f565ffa771501000000: [6000], GPU_group_7_8614e87c67f590024f565ffa771501000000: [0, 0, 0, 0, 0, 0, 6000, 0], bundle_group_4_8614e87c67f590024f565ffa771501000000: [9999990], CPU_group_1_8614e87c67f590024f565ffa771501000000: [6000], GPU: [0, 0, 0, 0, 0, 0, 0, 0]}, "labels":{"ray.io/accelerator-type":"B200","ray.io/node-id":"5a1736abfe100329c9e05ff3a3f920e3696f0c41773d8bb025d15fe0"}} is_draining: 0 is_idle: 0 Cluster resources (at most 20 nodes are shown): node id: -5100000704351949267{"total":{bundle_group_8614e87c67f590024f565ffa771501000000: 80000000, GPU_group_10_8614e87c67f590024f565ffa771501000000: 10000, accelerator_type:B200: 10000, bundle_group_9_8614e87c67f590024f565ffa771501000000: 10000000, CPU_group_8614e87c67f590024f565ffa771501000000: 80000, bundle_group_15_8614e87c67f590024f565ffa771501000000: 10000000, CPU_group_14_8614e87c67f590024f565ffa771501000000: 10000, bundle_group_10_8614e87c67f590024f565ffa771501000000: 10000000, CPU: 640000, GPU_group_13_8614e87c67f590024f565ffa771501000000: 10000, memory: 32397615636480000, GPU_group_15_8614e87c67f590024f565ffa771501000000: 10000, CPU_group_9_8614e87c67f590024f565ffa771501000000: 10000, CPU_group_12_8614e87c67f590024f565ffa771501000000: 10000, bundle_group_13_8614e87c67f590024f565ffa771501000000: 10000000, bundle_group_14_8614e87c67f590024f565ffa771501000000: 10000000, GPU_group_8614e87c67f590024f565ffa771501000000: 80000, CPU_group_15_8614e87c67f590024f565ffa771501000000: 10000, GPU_group_9_8614e87c67f590024f565ffa771501000000: 10000, object_store_memory: 42949672960000, node:10.244.18.139: 10000, bundle_group_12_8614e87c67f590024f565ffa771501000000: 10000000, CPU_group_10_8614e87c67f590024f565ffa771501000000: 10000, GPU_group_14_8614e87c67f590024f565ffa771501000000: 10000, bundle_group_11_8614e87c67f590024f565ffa771501000000: 10000000, node:__internal_head__: 10000, GPU_group_0_8614e87c67f590024f565ffa771501000000: 10000, GPU_group_12_8614e87c67f590024f565ffa771501000000: 10000, GPU_group_11_8614e87c67f590024f565ffa771501000000: 10000, GPU: 80000, bundle_group_0_8614e87c67f590024f565ffa771501000000: 10000000, CPU_group_13_8614e87c67f590024f565ffa771501000000: 10000, CPU_group_0_8614e87c67f590024f565ffa771501000000: 10000, CPU_group_11_8614e87c67f590024f565ffa771501000000: 10000}, "available": {bundle_group_8614e87c67f590024f565ffa771501000000: 79999920, bundle_group_9_8614e87c67f590024f565ffa771501000000: 9999990, CPU_group_8614e87c67f590024f565ffa771501000000: 48000, GPU_group_10_8614e87c67f590024f565ffa771501000000: 6000, accelerator_type:B200: 10000, bundle_group_10_8614e87c67f590024f565ffa771501000000: 9999990, bundle_group_15_8614e87c67f590024f565ffa771501000000: 9999990, CPU_group_14_8614e87c67f590024f565ffa771501000000: 6000, CPU: 550000, GPU_group_13_8614e87c67f590024f565ffa771501000000: 6000, GPU_group_15_8614e87c67f590024f565ffa771501000000: 6000, CPU_group_9_8614e87c67f590024f565ffa771501000000: 6000, memory: 32397615636480000, bundle_group_13_8614e87c67f590024f565ffa771501000000: 9999990, bundle_group_14_8614e87c67f590024f565ffa771501000000: 9999990, CPU_group_12_8614e87c67f590024f565ffa771501000000: 6000, GPU_group_9_8614e87c67f590024f565ffa771501000000: 6000, object_store_memory: 42949672960000, GPU_group_8614e87c67f590024f565ffa771501000000: 48000, node:10.244.18.139: 10000, CPU_group_15_8614e87c67f590024f565ffa771501000000: 6000, bundle_group_12_8614e87c67f590024f565ffa771501000000: 9999990, CPU_group_10_8614e87c67f590024f565ffa771501000000: 6000, GPU_group_14_8614e87c67f590024f565ffa771501000000: 6000, node:__internal_head__: 10000, bundle_group_11_8614e87c67f590024f565ffa771501000000: 9999990, GPU_group_12_8614e87c67f590024f565ffa771501000000: 6000, GPU_group_0_8614e87c67f590024f565ffa771501000000: 6000, bundle_group_0_8614e87c67f590024f565ffa771501000000: 9999990, GPU_group_11_8614e87c67f590024f565ffa771501000000: 6000, CPU_group_13_8614e87c67f590024f565ffa771501000000: 6000, CPU_group_11_8614e87c67f590024f565ffa771501000000: 6000, CPU_group_0_8614e87c67f590024f565ffa771501000000: 6000}, "labels":{"ray.io/node-id":"b668a6c13d1b7186690b035979a815ca1ce93506fd27e5e4ac7a3f5d","ray.io/accelerator-type":"B200"}, "is_draining": 0, "draining_deadline_timestamp_ms": -1}node id: 6958755133317569349{"total":{bundle_group_28_8614e87c67f590024f565ffa771501000000: 10000000, CPU_group_8614e87c67f590024f565ffa771501000000: 80000, accelerator_type:B200: 10000, bundle_group_8614e87c67f590024f565ffa771501000000: 80000000, GPU_group_27_8614e87c67f590024f565ffa771501000000: 10000, GPU_group_26_8614e87c67f590024f565ffa771501000000: 10000, GPU_group_25_8614e87c67f590024f565ffa771501000000: 10000, bundle_group_16_8614e87c67f590024f565ffa771501000000: 10000000, CPU: 640000, bundle_group_31_8614e87c67f590024f565ffa771501000000: 10000000, CPU_group_29_8614e87c67f590024f565ffa771501000000: 10000, CPU_group_30_8614e87c67f590024f565ffa771501000000: 10000, bundle_group_25_8614e87c67f590024f565ffa771501000000: 10000000, CPU_group_16_8614e87c67f590024f565ffa771501000000: 10000, GPU_group_16_8614e87c67f590024f565ffa771501000000: 10000, memory: 32418469068800000, GPU_group_29_8614e87c67f590024f565ffa771501000000: 10000, bundle_group_26_8614e87c67f590024f565ffa771501000000: 10000000, object_store_memory: 42949672960000, GPU_group_8614e87c67f590024f565ffa771501000000: 80000, node:10.244.180.242: 10000, GPU_group_31_8614e87c67f590024f565ffa771501000000: 10000, GPU_group_28_8614e87c67f590024f565ffa771501000000: 10000, bundle_group_29_8614e87c67f590024f565ffa771501000000: 10000000, GPU_group_30_8614e87c67f590024f565ffa771501000000: 10000, bundle_group_30_8614e87c67f590024f565ffa771501000000: 10000000, CPU_group_27_8614e87c67f590024f565ffa771501000000: 10000, CPU_group_26_8614e87c67f590024f565ffa771501000000: 10000, GPU: 80000, CPU_group_28_8614e87c67f590024f565ffa771501000000: 10000, CPU_group_25_8614e87c67f590024f565ffa771501000000: 10000, CPU_group_31_8614e87c67f590024f565ffa771501000000: 10000, bundle_group_27_8614e87c67f590024f565ffa771501000000: 10000000}, "available": {bundle_group_28_8614e87c67f590024f565ffa771501000000: 10000000, CPU_group_8614e87c67f590024f565ffa771501000000: 78000, accelerator_type:B200: 10000, bundle_group_8614e87c67f590024f565ffa771501000000: 79999990, GPU_group_27_8614e87c67f590024f565ffa771501000000: 10000, GPU_group_26_8614e87c67f590024f565ffa771501000000: 10000, GPU_group_25_8614e87c67f590024f565ffa771501000000: 10000, bundle_group_16_8614e87c67f590024f565ffa771501000000: 9999990, CPU: 560000, bundle_group_31_8614e87c67f590024f565ffa771501000000: 10000000, CPU_group_29_8614e87c67f590024f565ffa771501000000: 10000, CPU_group_30_8614e87c67f590024f565ffa771501000000: 10000, bundle_group_25_8614e87c67f590024f565ffa771501000000: 10000000, CPU_group_16_8614e87c67f590024f565ffa771501000000: 8000, GPU_group_16_8614e87c67f590024f565ffa771501000000: 8000, memory: 32418469068800000, GPU_group_29_8614e87c67f590024f565ffa771501000000: 10000, bundle_group_26_8614e87c67f590024f565ffa771501000000: 10000000, object_store_memory: 42949672960000, GPU_group_8614e87c67f590024f565ffa771501000000: 78000, GPU_group_31_8614e87c67f590024f565ffa771501000000: 10000, node:10.244.180.242: 10000, GPU_group_28_8614e87c67f590024f565ffa771501000000: 10000, bundle_group_29_8614e87c67f590024f565ffa771501000000: 10000000, GPU_group_30_8614e87c67f590024f565ffa771501000000: 10000, bundle_group_30_8614e87c67f590024f565ffa771501000000: 10000000, CPU_group_27_8614e87c67f590024f565ffa771501000000: 10000, CPU_group_26_8614e87c67f590024f565ffa771501000000: 10000, CPU_group_28_8614e87c67f590024f565ffa771501000000: 10000, CPU_group_25_8614e87c67f590024f565ffa771501000000: 10000, CPU_group_31_8614e87c67f590024f565ffa771501000000: 10000, bundle_group_27_8614e87c67f590024f565ffa771501000000: 10000000}, "labels":{"ray.io/node-id":"91950bc728379b818b838deb2fb43ac0b302dd8af091673234e82d95","ray.io/accelerator-type":"B200"}, "is_draining": 0, "draining_deadline_timestamp_ms": -1}node id: -1681695659902243193{"total":{bundle_group_8614e87c67f590024f565ffa771501000000: 80000000, CPU_group_2_8614e87c67f590024f565ffa771501000000: 10000, bundle_group_7_8614e87c67f590024f565ffa771501000000: 10000000, CPU_group_8614e87c67f590024f565ffa771501000000: 80000, accelerator_type:B200: 10000, CPU_group_7_8614e87c67f590024f565ffa771501000000: 10000, bundle_group_6_8614e87c67f590024f565ffa771501000000: 10000000, CPU: 640000, CPU_group_4_8614e87c67f590024f565ffa771501000000: 10000, memory: 32418548654080000, CPU_group_8_8614e87c67f590024f565ffa771501000000: 10000, bundle_group_2_8614e87c67f590024f565ffa771501000000: 10000000, object_store_memory: 42949672960000, bundle_group_1_8614e87c67f590024f565ffa771501000000: 10000000, bundle_group_5_8614e87c67f590024f565ffa771501000000: 10000000, GPU_group_8614e87c67f590024f565ffa771501000000: 80000, GPU_group_3_8614e87c67f590024f565ffa771501000000: 10000, GPU_group_5_8614e87c67f590024f565ffa771501000000: 10000, CPU_group_3_8614e87c67f590024f565ffa771501000000: 10000, GPU_group_8_8614e87c67f590024f565ffa771501000000: 10000, bundle_group_3_8614e87c67f590024f565ffa771501000000: 10000000, GPU_group_7_8614e87c67f590024f565ffa771501000000: 10000, CPU_group_5_8614e87c67f590024f565ffa771501000000: 10000, bundle_group_8_8614e87c67f590024f565ffa771501000000: 10000000, GPU_group_1_8614e87c67f590024f565ffa771501000000: 10000, GPU_group_6_8614e87c67f590024f565ffa771501000000: 10000, GPU_group_4_8614e87c67f590024f565ffa771501000000: 10000, node:10.244.13.18: 10000, GPU_group_2_8614e87c67f590024f565ffa771501000000: 10000, CPU_group_1_8614e87c67f590024f565ffa771501000000: 10000, GPU: 80000, CPU_group_6_8614e87c67f590024f565ffa771501000000: 10000, bundle_group_4_8614e87c67f590024f565ffa771501000000: 10000000}, "available": {bundle_group_8614e87c67f590024f565ffa771501000000: 79999920, CPU_group_2_8614e87c67f590024f565ffa771501000000: 6000, bundle_group_7_8614e87c67f590024f565ffa771501000000: 9999990, CPU_group_8614e87c67f590024f565ffa771501000000: 48000, accelerator_type:B200: 10000, CPU_group_7_8614e87c67f590024f565ffa771501000000: 6000, bundle_group_6_8614e87c67f590024f565ffa771501000000: 9999990, CPU: 560000, CPU_group_4_8614e87c67f590024f565ffa771501000000: 6000, memory: 32418548654080000, CPU_group_8_8614e87c67f590024f565ffa771501000000: 6000, bundle_group_2_8614e87c67f590024f565ffa771501000000: 9999990, object_store_memory: 42949672960000, bundle_group_1_8614e87c67f590024f565ffa771501000000: 9999990, bundle_group_5_8614e87c67f590024f565ffa771501000000: 9999990, GPU_group_8614e87c67f590024f565ffa771501000000: 48000, GPU_group_5_8614e87c67f590024f565ffa771501000000: 6000, bundle_group_3_8614e87c67f590024f565ffa771501000000: 9999990, GPU_group_3_8614e87c67f590024f565ffa771501000000: 6000, GPU_group_8_8614e87c67f590024f565ffa771501000000: 6000, CPU_group_3_8614e87c67f590024f565ffa771501000000: 6000, GPU_group_7_8614e87c67f590024f565ffa771501000000: 6000, CPU_group_5_8614e87c67f590024f565ffa771501000000: 6000, bundle_group_8_8614e87c67f590024f565ffa771501000000: 9999990, GPU_group_1_8614e87c67f590024f565ffa771501000000: 6000, GPU_group_6_8614e87c67f590024f565ffa771501000000: 6000, GPU_group_4_8614e87c67f590024f565ffa771501000000: 6000, node:10.244.13.18: 10000, GPU_group_2_8614e87c67f590024f565ffa771501000000: 6000, CPU_group_1_8614e87c67f590024f565ffa771501000000: 6000, CPU_group_6_8614e87c67f590024f565ffa771501000000: 6000, bundle_group_4_8614e87c67f590024f565ffa771501000000: 9999990}, "labels":{"ray.io/accelerator-type":"B200","ray.io/node-id":"5a1736abfe100329c9e05ff3a3f920e3696f0c41773d8bb025d15fe0"}, "is_draining": 0, "draining_deadline_timestamp_ms": -1}node id: 346506708453796848{"total":{GPU_group_22_8614e87c67f590024f565ffa771501000000: 10000, GPU_group_23_8614e87c67f590024f565ffa771501000000: 10000, bundle_group_20_8614e87c67f590024f565ffa771501000000: 10000000, GPU: 80000, CPU_group_20_8614e87c67f590024f565ffa771501000000: 10000, GPU_group_20_8614e87c67f590024f565ffa771501000000: 10000, bundle_group_24_8614e87c67f590024f565ffa771501000000: 10000000, CPU_group_18_8614e87c67f590024f565ffa771501000000: 10000, CPU_group_21_8614e87c67f590024f565ffa771501000000: 10000, GPU_group_21_8614e87c67f590024f565ffa771501000000: 10000, bundle_group_19_8614e87c67f590024f565ffa771501000000: 10000000, CPU_group_22_8614e87c67f590024f565ffa771501000000: 10000, bundle_group_17_8614e87c67f590024f565ffa771501000000: 10000000, bundle_group_18_8614e87c67f590024f565ffa771501000000: 10000000, bundle_group_22_8614e87c67f590024f565ffa771501000000: 10000000, GPU_group_24_8614e87c67f590024f565ffa771501000000: 10000, CPU_group_23_8614e87c67f590024f565ffa771501000000: 10000, GPU_group_17_8614e87c67f590024f565ffa771501000000: 10000, GPU_group_18_8614e87c67f590024f565ffa771501000000: 10000, memory: 32418463825920000, CPU_group_17_8614e87c67f590024f565ffa771501000000: 10000, GPU_group_8614e87c67f590024f565ffa771501000000: 80000, object_store_memory: 42949672960000, bundle_group_21_8614e87c67f590024f565ffa771501000000: 10000000, bundle_group_23_8614e87c67f590024f565ffa771501000000: 10000000, node:10.244.218.62: 10000, bundle_group_8614e87c67f590024f565ffa771501000000: 80000000, accelerator_type:B200: 10000, GPU_group_19_8614e87c67f590024f565ffa771501000000: 10000, CPU_group_8614e87c67f590024f565ffa771501000000: 80000, CPU_group_24_8614e87c67f590024f565ffa771501000000: 10000, CPU: 640000, CPU_group_19_8614e87c67f590024f565ffa771501000000: 10000}, "available": {bundle_group_8614e87c67f590024f565ffa771501000000: 79999990, CPU_group_18_8614e87c67f590024f565ffa771501000000: 10000, bundle_group_19_8614e87c67f590024f565ffa771501000000: 10000000, CPU_group_8614e87c67f590024f565ffa771501000000: 78000, GPU_group_19_8614e87c67f590024f565ffa771501000000: 10000, accelerator_type:B200: 10000, CPU_group_24_8614e87c67f590024f565ffa771501000000: 10000, CPU_group_19_8614e87c67f590024f565ffa771501000000: 10000, CPU: 560000, memory: 32418463825920000, CPU_group_17_8614e87c67f590024f565ffa771501000000: 8000, bundle_group_21_8614e87c67f590024f565ffa771501000000: 10000000, object_store_memory: 42949672960000, GPU_group_8614e87c67f590024f565ffa771501000000: 78000, bundle_group_23_8614e87c67f590024f565ffa771501000000: 10000000, node:10.244.218.62: 10000, CPU_group_22_8614e87c67f590024f565ffa771501000000: 10000, bundle_group_17_8614e87c67f590024f565ffa771501000000: 9999990, bundle_group_18_8614e87c67f590024f565ffa771501000000: 10000000, CPU_group_23_8614e87c67f590024f565ffa771501000000: 10000, GPU_group_24_8614e87c67f590024f565ffa771501000000: 10000, bundle_group_22_8614e87c67f590024f565ffa771501000000: 10000000, GPU_group_18_8614e87c67f590024f565ffa771501000000: 10000, GPU_group_17_8614e87c67f590024f565ffa771501000000: 8000, GPU_group_22_8614e87c67f590024f565ffa771501000000: 10000, bundle_group_20_8614e87c67f590024f565ffa771501000000: 10000000, GPU_group_23_8614e87c67f590024f565ffa771501000000: 10000, GPU_group_20_8614e87c67f590024f565ffa771501000000: 10000, CPU_group_20_8614e87c67f590024f565ffa771501000000: 10000, bundle_group_24_8614e87c67f590024f565ffa771501000000: 10000000, GPU_group_21_8614e87c67f590024f565ffa771501000000: 10000, CPU_group_21_8614e87c67f590024f565ffa771501000000: 10000}, "labels":{"ray.io/node-id":"137ca386e65d980acbeff863eda6c65487ee6942bccc8db1236dc36e","ray.io/accelerator-type":"B200"}, "is_draining": 0, "draining_deadline_timestamp_ms": -1} { "placement group locations": [], "node to bundles": []}
[state-dump] Waiting leases size: 0
[state-dump] Number of granted lease arguments: 0
[state-dump] Number of pinned lease arguments: 0
[state-dump] Total size of pinned lease arguments: 0
[state-dump] Number of total spilled leases: 0
[state-dump] Number of spilled waiting leases: 0
[state-dump] Number of spilled unschedulable leases: 0
[state-dump] Resource usage {
[state-dump]     - (language=PYTHON actor_or_taskMegatronTrainRayActor.__init__ pid=960 worker_id=a9bc9faf934d79652d9f51f4b3a8ae687f183aad5e231512ece05a0e): {bundle_group_7_8614e87c67f590024f565ffa771501000000: 0.001, CPU_group_8614e87c67f590024f565ffa771501000000: 0.4, GPU_group_7_8614e87c67f590024f565ffa771501000000: 0.4, bundle_group_8614e87c67f590024f565ffa771501000000: 0.001, CPU_group_7_8614e87c67f590024f565ffa771501000000: 0.4, GPU_group_8614e87c67f590024f565ffa771501000000: 0.4}
[state-dump]     - (language=PYTHON actor_or_taskMegatronTrainRayActor.__init__ pid=959 worker_id=cdcada990c364655aa3c0f9c6bccf0203189a4361f0949466abeece3): {GPU_group_6_8614e87c67f590024f565ffa771501000000: 0.4, bundle_group_6_8614e87c67f590024f565ffa771501000000: 0.001, GPU_group_8614e87c67f590024f565ffa771501000000: 0.4, bundle_group_8614e87c67f590024f565ffa771501000000: 0.001, CPU_group_6_8614e87c67f590024f565ffa771501000000: 0.4, CPU_group_8614e87c67f590024f565ffa771501000000: 0.4}
[state-dump]     - (language=PYTHON actor_or_taskMegatronTrainRayActor.__init__ pid=965 worker_id=136546f248884d2dc9fd21b946db50be3709536bcc5ac432a4424196): {bundle_group_5_8614e87c67f590024f565ffa771501000000: 0.001, GPU_group_8614e87c67f590024f565ffa771501000000: 0.4, GPU_group_5_8614e87c67f590024f565ffa771501000000: 0.4, bundle_group_8614e87c67f590024f565ffa771501000000: 0.001, CPU_group_5_8614e87c67f590024f565ffa771501000000: 0.4, CPU_group_8614e87c67f590024f565ffa771501000000: 0.4}
[state-dump]     - (language=PYTHON actor_or_taskMegatronTrainRayActor.__init__ pid=961 worker_id=ec06ade875864bdbb80ae3f1b19a8be1abd78ad89338d48eb1d001af): {CPU_group_8614e87c67f590024f565ffa771501000000: 0.4, GPU_group_8614e87c67f590024f565ffa771501000000: 0.4, CPU_group_4_8614e87c67f590024f565ffa771501000000: 0.4, bundle_group_4_8614e87c67f590024f565ffa771501000000: 0.001, bundle_group_8614e87c67f590024f565ffa771501000000: 0.001, GPU_group_4_8614e87c67f590024f565ffa771501000000: 0.4}
[state-dump]     - (language=PYTHON actor_or_taskMegatronTrainRayActor.__init__ pid=962 worker_id=ca6cb88024162bf07716ce2c88c2fb4113d3b1e347331c5dd5e35cfb): {GPU_group_3_8614e87c67f590024f565ffa771501000000: 0.4, GPU_group_8614e87c67f590024f565ffa771501000000: 0.4, CPU_group_8614e87c67f590024f565ffa771501000000: 0.4, bundle_group_8614e87c67f590024f565ffa771501000000: 0.001, bundle_group_3_8614e87c67f590024f565ffa771501000000: 0.001, CPU_group_3_8614e87c67f590024f565ffa771501000000: 0.4}
[state-dump]     - (language=PYTHON actor_or_taskMegatronTrainRayActor.__init__ pid=963 worker_id=062ee74904ba1e2a3b770071417d9b3415af75b383dc6c62f90e84d8): {CPU_group_2_8614e87c67f590024f565ffa771501000000: 0.4, bundle_group_8614e87c67f590024f565ffa771501000000: 0.001, GPU_group_8614e87c67f590024f565ffa771501000000: 0.4, CPU_group_8614e87c67f590024f565ffa771501000000: 0.4, GPU_group_2_8614e87c67f590024f565ffa771501000000: 0.4, bundle_group_2_8614e87c67f590024f565ffa771501000000: 0.001}
[state-dump]     - (language=PYTHON actor_or_taskMegatronTrainRayActor.__init__ pid=964 worker_id=a6daf3a2ba673f0b1ab7f9b6574c645d591c1c94493d7905906c216f): {CPU_group_8_8614e87c67f590024f565ffa771501000000: 0.4, CPU_group_8614e87c67f590024f565ffa771501000000: 0.4, GPU_group_8_8614e87c67f590024f565ffa771501000000: 0.4, bundle_group_8614e87c67f590024f565ffa771501000000: 0.001, bundle_group_8_8614e87c67f590024f565ffa771501000000: 0.001, GPU_group_8614e87c67f590024f565ffa771501000000: 0.4}
[state-dump]     - (language=PYTHON actor_or_taskMegatronTrainRayActor.__init__ pid=856 worker_id=5cc4ed1f0649d6976ed683211055eb3665137c692d18f2735c16f6ce): {GPU_group_8614e87c67f590024f565ffa771501000000: 0.4, GPU_group_1_8614e87c67f590024f565ffa771501000000: 0.4, bundle_group_1_8614e87c67f590024f565ffa771501000000: 0.001, bundle_group_8614e87c67f590024f565ffa771501000000: 0.001, CPU_group_8614e87c67f590024f565ffa771501000000: 0.4, CPU_group_1_8614e87c67f590024f565ffa771501000000: 0.4}
[state-dump] }
[state-dump] Backlog Size per scheduling descriptor :{workerId: num backlogs}:
[state-dump] 
[state-dump] Granted leases by scheduling class:
[state-dump] ==================================================
[state-dump] 
[state-dump] ClusterResources:
[state-dump] LocalObjectManager:
[state-dump] - num pinned objects: 0
[state-dump] - pinned objects size: 0
[state-dump] - num objects pending restore: 0
[state-dump] - num objects pending spill: 0
[state-dump] - num bytes pending spill: 0
[state-dump] - num bytes currently spilled: 0
[state-dump] - cumulative spill requests: 0
[state-dump] - cumulative restore requests: 0
[state-dump] - spilled objects pending delete: 0
[state-dump] 
[state-dump] ObjectManager:
[state-dump] - num local objects: 0
[state-dump] - num unfulfilled push requests: 0
[state-dump] - num object pull requests: 0
[state-dump] - num chunks received total: 0
[state-dump] - num chunks received failed (all): 0
[state-dump] - num chunks received failed / cancelled: 0
[state-dump] - num chunks received failed / plasma error: 0
[state-dump] Event stats:
[state-dump] Global stats: 0 total (0 active)
[state-dump] Queueing time: mean = -nanms, max = -0.00ms, min = 9223372036854.78ms, total = 0.00ms
[state-dump] Execution time:  mean = -nanms, total = 0.00ms
[state-dump] Event stats:
[state-dump] PushManager:
[state-dump] - num pushes remaining: 0
[state-dump] - num chunks in flight: 0
[state-dump] - num chunks remaining: 0
[state-dump] - max chunks allowed: 409
[state-dump] OwnershipBasedObjectDirectory:
[state-dump] - num listeners: 0
[state-dump] - cumulative location updates: 0
[state-dump] - num location updates per second: 0.000
[state-dump] - num location lookups per second: 0.000
[state-dump] - num locations added per second: 0.000
[state-dump] - num locations removed per second: 0.000
[state-dump] BufferPool:
[state-dump] - create buffer state map size: 0
[state-dump] PullManager:
[state-dump] - num bytes available for pulled objects: 4294967296
[state-dump] - num bytes being pulled (all): 0
[state-dump] - num bytes being pulled / pinned: 0
[state-dump] - get request bundles: BundlePullRequestQueue{0 total, 0 active, 0 inactive, 0 unpullable}
[state-dump] - wait request bundles: BundlePullRequestQueue{0 total, 0 active, 0 inactive, 0 unpullable}
[state-dump] - task request bundles: BundlePullRequestQueue{0 total, 0 active, 0 inactive, 0 unpullable}
[state-dump] - first get request bundle: N/A
[state-dump] - first wait request bundle: N/A
[state-dump] - first task request bundle: N/A
[state-dump] - num objects queued: 0
[state-dump] - num objects actively pulled (all): 0
[state-dump] - num objects actively pulled / pinned: 0
[state-dump] - num bundles being pulled: 0
[state-dump] - num pull retries: 0
[state-dump] - max timeout seconds: 0
[state-dump] - max timeout request is already processed. No entry.
[state-dump] 
[state-dump] WorkerPool:
[state-dump] - registered jobs: 1
[state-dump] - process_failed_job_config_missing: 0
[state-dump] - process_failed_rate_limited: 0
[state-dump] - process_failed_pending_registration: 0
[state-dump] - process_failed_runtime_env_setup_failed: 0
[state-dump] - num PYTHON workers: 8
[state-dump] - num PYTHON drivers: 0
[state-dump] - num PYTHON pending start requests: 0
[state-dump] - num PYTHON pending registration requests: 0
[state-dump] - num object spill callbacks queued: 0
[state-dump] - num object restore queued: 0
[state-dump] - num util functions queued: 0
[state-dump] - num idle workers: 0
[state-dump] LeaseDependencyManager:
[state-dump] - lease deps map size: 0
[state-dump] - get req map size: 0
[state-dump] - wait req map size: 0
[state-dump] - local objects map size: 0
[state-dump] WaitManager:
[state-dump] - num active wait requests: 0
[state-dump] Subscriber:
[state-dump] Channel WORKER_OBJECT_LOCATIONS_CHANNEL
[state-dump] - cumulative subscribe requests: 0
[state-dump] - cumulative unsubscribe requests: 0
[state-dump] - active subscribed publishers: 0
[state-dump] - cumulative published messages: 0
[state-dump] - cumulative processed messages: 0
[state-dump] Channel WORKER_REF_REMOVED_CHANNEL
[state-dump] - cumulative subscribe requests: 0
[state-dump] - cumulative unsubscribe requests: 0
[state-dump] - active subscribed publishers: 0
[state-dump] - cumulative published messages: 0
[state-dump] - cumulative processed messages: 0
[state-dump] num async plasma notifications: 0
[state-dump] Event stats:
[state-dump] Global stats: 8285 total (22 active)
[state-dump] Queueing time: mean = 21.54ms, max = 27206.99ms, min = 0.00ms, total = 178462.30ms
[state-dump] Execution time:  mean = 5.42ms, total = 44935.30ms
[state-dump] Event stats:
[state-dump] 	ObjectManager.UpdateAvailableMemory - 1800 total (0 active), Execution time: mean = 0.00ms, total = 2.12ms, Queueing time: mean = 0.01ms, max = 0.16ms, min = 0.00ms, total = 18.53ms
[state-dump] 	RaySyncer.BroadcastMessageIfNewVersion - 1800 total (1 active), Execution time: mean = 0.00ms, total = 4.42ms, Queueing time: mean = 0.03ms, max = 18.59ms, min = 0.00ms, total = 57.40ms
[state-dump] 	NodeManager.CheckGC - 1800 total (1 active), Execution time: mean = 0.00ms, total = 3.33ms, Queueing time: mean = 0.03ms, max = 18.59ms, min = 0.00ms, total = 58.88ms
[state-dump] 	RayletWorkerPool.deadline_timer.kill_idle_workers - 900 total (1 active), Execution time: mean = 0.00ms, total = 2.75ms, Queueing time: mean = 0.06ms, max = 23.53ms, min = 0.00ms, total = 50.90ms
[state-dump] 	NodeManager.CheckForUnexpectedWorkerDisconnects - 181 total (1 active), Execution time: mean = 0.01ms, total = 2.15ms, Queueing time: mean = 0.01ms, max = 0.14ms, min = 0.00ms, total = 1.98ms
[state-dump] 	NodeManager.ScheduleAndGrantLeases - 181 total (1 active), Execution time: mean = 0.01ms, total = 1.00ms, Queueing time: mean = 0.02ms, max = 0.14ms, min = 0.00ms, total = 3.21ms
[state-dump] 	NodeManager.deadline_timer.spill_objects_when_over_threshold - 180 total (1 active), Execution time: mean = 0.00ms, total = 0.36ms, Queueing time: mean = 0.25ms, max = 23.80ms, min = 0.00ms, total = 45.72ms
[state-dump] 	NodeManager.deadline_timer.flush_free_objects - 180 total (1 active), Execution time: mean = 0.00ms, total = 0.34ms, Queueing time: mean = 0.25ms, max = 23.80ms, min = 0.00ms, total = 45.74ms
[state-dump] 	NodeManagerService.grpc_server.GetResourceLoad - 180 total (0 active), Execution time: mean = 0.38ms, total = 69.18ms, Queueing time: mean = 0.00ms, max = -0.00ms, min = 9223372036854.78ms, total = 0.00ms
[state-dump] 	NodeManagerService.grpc_server.GetResourceLoad.HandleRequestImpl - 180 total (0 active), Execution time: mean = 0.09ms, total = 16.05ms, Queueing time: mean = 0.02ms, max = 0.04ms, min = 0.01ms, total = 3.87ms
[state-dump] 	ClientConnection.async_read.ProcessMessageHeader - 80 total (8 active), Execution time: mean = 0.00ms, total = 0.28ms, Queueing time: mean = 2201.48ms, max = 27206.99ms, min = 0.01ms, total = 176118.00ms
[state-dump] 	ClientConnection.async_read.ProcessMessage - 72 total (0 active), Execution time: mean = 0.39ms, total = 27.79ms, Queueing time: mean = 0.05ms, max = 2.49ms, min = 0.00ms, total = 3.70ms
[state-dump] 	CoreWorkerService.grpc_client.GetCoreWorkerStats - 66 total (0 active), Execution time: mean = 0.77ms, total = 50.81ms, Queueing time: mean = 0.00ms, max = -0.00ms, min = 9223372036854.78ms, total = 0.00ms
[state-dump] 	CoreWorkerService.grpc_client.GetCoreWorkerStats.OnReplyReceived - 66 total (0 active), Execution time: mean = 0.02ms, total = 1.14ms, Queueing time: mean = 0.04ms, max = 0.13ms, min = 0.01ms, total = 2.74ms
[state-dump] 	ClusterResourceManager.ResetRemoteNodeView - 61 total (1 active), Execution time: mean = 0.00ms, total = 0.18ms, Queueing time: mean = 0.02ms, max = 0.06ms, min = 0.01ms, total = 1.14ms
[state-dump] 	NodeManager.deadline_timer.record_metrics - 36 total (1 active), Execution time: mean = 0.20ms, total = 7.32ms, Queueing time: mean = 1.07ms, max = 23.64ms, min = 0.00ms, total = 38.56ms
[state-dump] 	NodeManagerService.grpc_server.GetAgentPIDs.HandleRequestImpl - 35 total (0 active), Execution time: mean = 0.06ms, total = 1.93ms, Queueing time: mean = 0.04ms, max = 0.11ms, min = 0.00ms, total = 1.50ms
[state-dump] 	NodeManagerService.grpc_server.GetWorkerPIDs.HandleRequestImpl - 35 total (0 active), Execution time: mean = 0.03ms, total = 1.11ms, Queueing time: mean = 0.06ms, max = 1.54ms, min = 0.01ms, total = 2.19ms
[state-dump] 	NodeManagerService.grpc_server.GetAgentPIDs - 35 total (0 active), Execution time: mean = 0.38ms, total = 13.36ms, Queueing time: mean = 0.00ms, max = -0.00ms, min = 9223372036854.78ms, total = 0.00ms
[state-dump] 	NodeManagerService.grpc_server.GetWorkerPIDs - 35 total (0 active), Execution time: mean = 0.33ms, total = 11.59ms, Queueing time: mean = 0.00ms, max = -0.00ms, min = 9223372036854.78ms, total = 0.00ms
[state-dump] 	Subscriber.HandlePublishedMessage_GCS_WORKER_DELTA_CHANNEL - 32 total (0 active), Execution time: mean = 0.00ms, total = 0.02ms, Queueing time: mean = 0.07ms, max = 0.10ms, min = 0.03ms, total = 2.39ms
[state-dump] 	 - 27 total (0 active), Execution time: mean = 0.08ms, total = 2.19ms, Queueing time: mean = 0.77ms, max = 19.87ms, min = 0.00ms, total = 20.67ms
[state-dump] 	RaySyncer.BroadcastMessage - 27 total (0 active), Execution time: mean = 0.09ms, total = 2.32ms, Queueing time: mean = 0.00ms, max = 0.00ms, min = 0.00ms, total = 0.01ms
[state-dump] 	event_loop_lag_probe - 20 total (0 active), Execution time: mean = 0.02ms, total = 0.43ms, Queueing time: mean = 0.35ms, max = 6.99ms, min = 0.00ms, total = 7.07ms
[state-dump] 	NodeManager.deadline_timer.debug_state_dump - 18 total (1 active), Execution time: mean = 2.50ms, total = 44.91ms, Queueing time: mean = 0.01ms, max = 0.03ms, min = 0.00ms, total = 0.20ms
[state-dump] 	NodeManagerService.grpc_server.RequestWorkerLease - 16 total (0 active), Execution time: mean = 470.59ms, total = 7529.45ms, Queueing time: mean = 0.00ms, max = -0.00ms, min = 9223372036854.78ms, total = 0.00ms
[state-dump] 	ObjectManager.ObjectDeleted - 16 total (0 active), Execution time: mean = 0.01ms, total = 0.10ms, Queueing time: mean = 0.01ms, max = 0.03ms, min = 0.01ms, total = 0.20ms
[state-dump] 	ClientConnection.async_write.DoAsyncWrites - 16 total (0 active), Execution time: mean = 0.00ms, total = 0.01ms, Queueing time: mean = 0.01ms, max = 0.02ms, min = 0.00ms, total = 0.18ms
[state-dump] 	NodeManagerService.grpc_server.GetSystemConfig.HandleRequestImpl - 16 total (0 active), Execution time: mean = 0.01ms, total = 0.23ms, Queueing time: mean = 0.01ms, max = 0.04ms, min = 0.01ms, total = 0.20ms
[state-dump] 	ObjectManager.ObjectAdded - 16 total (0 active), Execution time: mean = 0.01ms, total = 0.11ms, Queueing time: mean = 0.01ms, max = 0.12ms, min = 0.00ms, total = 0.23ms
[state-dump] 	NodeManagerService.grpc_server.RequestWorkerLease.HandleRequestImpl - 16 total (0 active), Execution time: mean = 1.47ms, total = 23.55ms, Queueing time: mean = 5.43ms, max = 17.83ms, min = 0.01ms, total = 86.81ms
[state-dump] 	NodeManagerService.grpc_server.GetSystemConfig - 16 total (0 active), Execution time: mean = 0.22ms, total = 3.49ms, Queueing time: mean = 0.00ms, max = -0.00ms, min = 9223372036854.78ms, total = 0.00ms
[state-dump] 	PeriodicalRunner.RunFnPeriodically - 13 total (0 active), Execution time: mean = 0.29ms, total = 3.82ms, Queueing time: mean = 144.58ms, max = 624.32ms, min = 0.02ms, total = 1879.51ms
[state-dump] 	ray::rpc::ControlPlanePubSubGcsService.grpc_client.GcsSubscriberPoll - 13 total (1 active), Execution time: mean = 2762.41ms, total = 35911.36ms, Queueing time: mean = 0.00ms, max = -0.00ms, min = 9223372036854.78ms, total = 0.00ms
[state-dump] 	NodeManagerService.grpc_server.GetNodeStats - 12 total (0 active), Execution time: mean = 1.42ms, total = 17.08ms, Queueing time: mean = 0.00ms, max = -0.00ms, min = 9223372036854.78ms, total = 0.00ms
[state-dump] 	ray::rpc::ControlPlanePubSubGcsService.grpc_client.GcsSubscriberPoll.OnReplyReceived - 12 total (0 active), Execution time: mean = 0.10ms, total = 1.25ms, Queueing time: mean = 0.03ms, max = 0.19ms, min = 0.00ms, total = 0.31ms
[state-dump] 	NodeManagerService.grpc_server.GetNodeStats.HandleRequestImpl - 12 total (0 active), Execution time: mean = 0.42ms, total = 5.06ms, Queueing time: mean = 0.03ms, max = 0.05ms, min = 0.02ms, total = 0.34ms
[state-dump] 	ray::rpc::WorkerInfoGcsService.grpc_client.ReportWorkerFailure - 8 total (0 active), Execution time: mean = 9.66ms, total = 77.30ms, Queueing time: mean = 0.00ms, max = -0.00ms, min = 9223372036854.78ms, total = 0.00ms
[state-dump] 	NodeManagerService.grpc_server.KillLocalActor - 8 total (0 active), Execution time: mean = 16.68ms, total = 133.42ms, Queueing time: mean = 0.00ms, max = -0.00ms, min = 9223372036854.78ms, total = 0.00ms
[state-dump] 	NodeManagerService.grpc_server.KillLocalActor.HandleRequestImpl - 8 total (0 active), Execution time: mean = 0.17ms, total = 1.35ms, Queueing time: mean = 0.52ms, max = 0.65ms, min = 0.03ms, total = 4.17ms
[state-dump] 	ray::rpc::WorkerInfoGcsService.grpc_client.ReportWorkerFailure.OnReplyReceived - 8 total (0 active), Execution time: mean = 0.01ms, total = 0.07ms, Queueing time: mean = 0.05ms, max = 0.18ms, min = 0.00ms, total = 0.41ms
[state-dump] 	CoreWorkerService.grpc_client.KillActor.OnReplyReceived - 8 total (0 active), Execution time: mean = 0.05ms, total = 0.41ms, Queueing time: mean = 0.02ms, max = 0.12ms, min = 0.00ms, total = 0.16ms
[state-dump] 	CoreWorkerService.grpc_client.KillActor - 8 total (0 active), Execution time: mean = 15.95ms, total = 127.59ms, Queueing time: mean = 0.00ms, max = -0.00ms, min = 9223372036854.78ms, total = 0.00ms
[state-dump] 	ray::rpc::NodeInfoGcsService.grpc_client.CheckAlive.OnReplyReceived - 3 total (0 active), Execution time: mean = 0.02ms, total = 0.05ms, Queueing time: mean = 0.01ms, max = 0.01ms, min = 0.01ms, total = 0.03ms
[state-dump] 	NodeManager.GcsCheckAlive - 3 total (1 active), Execution time: mean = 0.11ms, total = 0.32ms, Queueing time: mean = 0.41ms, max = 0.62ms, min = 0.62ms, total = 1.23ms
[state-dump] 	ray::rpc::NodeInfoGcsService.grpc_client.CheckAlive - 3 total (0 active), Execution time: mean = 0.68ms, total = 2.04ms, Queueing time: mean = 0.00ms, max = -0.00ms, min = 9223372036854.78ms, total = 0.00ms
[state-dump] 	NodeManager.deadline_timer.print_event_loop_stats - 3 total (1 active, 1 running), Execution time: mean = 0.49ms, total = 1.48ms, Queueing time: mean = 0.00ms, max = 0.01ms, min = 0.01ms, total = 0.01ms
[state-dump] 	Subscriber.HandlePublishedMessage_GCS_NODE_ADDRESS_AND_LIVENESS_CHANNEL - 2 total (0 active), Execution time: mean = 0.11ms, total = 0.23ms, Queueing time: mean = 0.25ms, max = 0.27ms, min = 0.23ms, total = 0.50ms
[state-dump] 	ray::rpc::ControlPlanePubSubGcsService.grpc_client.GcsSubscriberCommandBatch - 2 total (0 active), Execution time: mean = 0.72ms, total = 1.43ms, Queueing time: mean = 0.00ms, max = -0.00ms, min = 9223372036854.78ms, total = 0.00ms
[state-dump] 	ray::rpc::ControlPlanePubSubGcsService.grpc_client.GcsSubscriberCommandBatch.OnReplyReceived - 2 total (0 active), Execution time: mean = 0.05ms, total = 0.09ms, Queueing time: mean = 1.63ms, max = 3.14ms, min = 0.11ms, total = 3.25ms
[state-dump] 	RaySyncerRegister - 2 total (0 active), Execution time: mean = 0.00ms, total = 0.00ms, Queueing time: mean = 0.00ms, max = 0.00ms, min = 0.00ms, total = 0.00ms
[state-dump] 	ReporterService.grpc_client.HealthCheck.OnReplyReceived - 1 total (0 active), Execution time: mean = 0.13ms, total = 0.13ms, Queueing time: mean = 0.02ms, max = 0.02ms, min = 0.02ms, total = 0.02ms
[state-dump] 	NodeManager.GCTaskFailureReason - 1 total (1 active), Execution time: mean = 0.00ms, total = 0.00ms, Queueing time: mean = 0.00ms, max = -0.00ms, min = 9223372036854.78ms, total = 0.00ms
[state-dump] 	ReporterService.grpc_client.HealthCheck - 1 total (0 active), Execution time: mean = 190.29ms, total = 190.29ms, Queueing time: mean = 0.00ms, max = -0.00ms, min = 9223372036854.78ms, total = 0.00ms
[state-dump] 	ray::rpc::NodeInfoGcsService.grpc_client.RegisterNode - 1 total (0 active), Execution time: mean = 0.80ms, total = 0.80ms, Queueing time: mean = 0.00ms, max = -0.00ms, min = 9223372036854.78ms, total = 0.00ms
[state-dump] 	NodeManagerService.grpc_server.PrepareBundleResources.HandleRequestImpl - 1 total (0 active), Execution time: mean = 0.85ms, total = 0.85ms, Queueing time: mean = 0.03ms, max = 0.03ms, min = 0.03ms, total = 0.03ms
[state-dump] 	NodeManagerService.grpc_server.PrepareBundleResources - 1 total (0 active), Execution time: mean = 1.19ms, total = 1.19ms, Queueing time: mean = 0.00ms, max = -0.00ms, min = 9223372036854.78ms, total = 0.00ms
[state-dump] 	NodeManagerService.grpc_server.CommitBundleResources - 1 total (0 active), Execution time: mean = 1.45ms, total = 1.45ms, Queueing time: mean = 0.00ms, max = -0.00ms, min = 9223372036854.78ms, total = 0.00ms
[state-dump] 	ray::rpc::InternalKVGcsService.grpc_client.GetInternalConfig - 1 total (0 active), Execution time: mean = 0.89ms, total = 0.89ms, Queueing time: mean = 0.00ms, max = -0.00ms, min = 9223372036854.78ms, total = 0.00ms
[state-dump] 	ray::rpc::NodeInfoGcsService.grpc_client.GetAllNodeAddressAndLiveness.OnReplyReceived - 1 total (0 active), Execution time: mean = 0.11ms, total = 0.11ms, Queueing time: mean = 0.01ms, max = 0.01ms, min = 0.01ms, total = 0.01ms
[state-dump] 	ray::rpc::JobInfoGcsService.grpc_client.GetAllJobInfo.OnReplyReceived - 1 total (0 active), Execution time: mean = 0.01ms, total = 0.01ms, Queueing time: mean = 0.01ms, max = 0.01ms, min = 0.01ms, total = 0.01ms
[state-dump] 	ray::rpc::NodeInfoGcsService.grpc_client.RegisterNode.OnReplyReceived - 1 total (0 active), Execution time: mean = 0.24ms, total = 0.24ms, Queueing time: mean = 0.01ms, max = 0.01ms, min = 0.01ms, total = 0.01ms
[state-dump] 	Subscriber.HandlePublishedMessage_GCS_JOB_CHANNEL - 1 total (0 active), Execution time: mean = 0.04ms, total = 0.04ms, Queueing time: mean = 0.28ms, max = 0.28ms, min = 0.28ms, total = 0.28ms
[state-dump] 	ray::rpc::JobInfoGcsService.grpc_client.GetAllJobInfo - 1 total (0 active), Execution time: mean = 0.69ms, total = 0.69ms, Queueing time: mean = 0.00ms, max = -0.00ms, min = 9223372036854.78ms, total = 0.00ms
[state-dump] 	NodeManagerService.grpc_server.CommitBundleResources.HandleRequestImpl - 1 total (0 active), Execution time: mean = 1.11ms, total = 1.11ms, Queueing time: mean = 0.03ms, max = 0.03ms, min = 0.03ms, total = 0.03ms
[state-dump] 	ray::rpc::NodeInfoGcsService.grpc_client.GetAllNodeAddressAndLiveness - 1 total (0 active), Execution time: mean = 0.75ms, total = 0.75ms, Queueing time: mean = 0.00ms, max = -0.00ms, min = 9223372036854.78ms, total = 0.00ms
[state-dump] 	ray::rpc::InternalKVGcsService.grpc_client.GetInternalConfig.OnReplyReceived - 1 total (0 active), Execution time: mean = 628.39ms, total = 628.39ms, Queueing time: mean = 0.01ms, max = 0.01ms, min = 0.01ms, total = 0.01ms
[state-dump] DebugString() time ms: 0
[state-dump] 
[state-dump] 
[2026-09-03 22:02:28,337 I 79 102] (raylet) store.cc:573: Plasma store debug dump: 
Current usage: 0 / 4.29497 GB
- num bytes created total: 128
0 pending objects of total size 0MB
- objects spillable: 0
- bytes spillable: 0
- objects unsealed: 0
- bytes unsealed: 0
- objects in use: 0
- bytes in use: 0
- objects evictable: 0
- bytes evictable: 0

- objects created by worker: 0
- bytes created by worker: 0
- objects restored: 0
- bytes restored: 0
- objects received: 0
- bytes received: 0
- objects errored: 0
- bytes errored: 0

[2026-09-03 22:02:28,971 I 79 79] (raylet) node_manager.cc:486: [state-dump] NodeManager:
[state-dump] Node ID: 5a1736abfe100329c9e05ff3a3f920e3696f0c41773d8bb025d15fe0
[state-dump] Node name: 10.244.13.18
[state-dump] InitialConfigResources: {GPU: 8, accelerator_type:B200: 1, node:10.244.13.18: 1, object_store_memory: 4.29497e+09, CPU: 64, memory: 3.24185e+12}
[state-dump] ClusterLeaseManager:
[state-dump] ========== Node: 5a1736abfe100329c9e05ff3a3f920e3696f0c41773d8bb025d15fe0 =================
[state-dump] Infeasible queue length: 0
[state-dump] Schedule queue length: 0
[state-dump] Grant queue length: 0
[state-dump] num_waiting_for_resource: 0
[state-dump] num_waiting_for_plasma_memory: 0
[state-dump] num_waiting_for_remote_node_resources: 0
[state-dump] num_worker_not_started_by_job_config_not_exist: 0
[state-dump] num_worker_not_started_by_registration_timeout: 0
[state-dump] num_tasks_waiting_for_workers: 0
[state-dump] num_cancelled_leases: 0
[state-dump] cluster_resource_scheduler state: 
[state-dump] Local id: -1681695659902243193 Local resources: {"total":{CPU_group_6_8614e87c67f590024f565ffa771501000000: [10000], CPU_group_7_8614e87c67f590024f565ffa771501000000: [10000], bundle_group_6_8614e87c67f590024f565ffa771501000000: [10000000], CPU: [640000], bundle_group_8614e87c67f590024f565ffa771501000000: [80000000], CPU_group_2_8614e87c67f590024f565ffa771501000000: [10000], bundle_group_7_8614e87c67f590024f565ffa771501000000: [10000000], CPU_group_8614e87c67f590024f565ffa771501000000: [80000], accelerator_type:B200: [10000], bundle_group_1_8614e87c67f590024f565ffa771501000000: [10000000], object_store_memory: [42949672960000], GPU_group_8614e87c67f590024f565ffa771501000000: [10000, 10000, 10000, 10000, 10000, 10000, 10000, 10000], bundle_group_5_8614e87c67f590024f565ffa771501000000: [10000000], GPU_group_5_8614e87c67f590024f565ffa771501000000: [0, 0, 0, 0, 10000, 0, 0, 0], GPU_group_3_8614e87c67f590024f565ffa771501000000: [0, 0, 10000, 0, 0, 0, 0, 0], CPU_group_3_8614e87c67f590024f565ffa771501000000: [10000], bundle_group_3_8614e87c67f590024f565ffa771501000000: [10000000], GPU_group_8_8614e87c67f590024f565ffa771501000000: [0, 0, 0, 0, 0, 0, 0, 10000], CPU_group_4_8614e87c67f590024f565ffa771501000000: [10000], CPU_group_8_8614e87c67f590024f565ffa771501000000: [10000], memory: [32418548654080000], bundle_group_2_8614e87c67f590024f565ffa771501000000: [10000000], bundle_group_8_8614e87c67f590024f565ffa771501000000: [10000000], GPU_group_2_8614e87c67f590024f565ffa771501000000: [0, 10000, 0, 0, 0, 0, 0, 0], GPU_group_4_8614e87c67f590024f565ffa771501000000: [0, 0, 0, 10000, 0, 0, 0, 0], GPU_group_6_8614e87c67f590024f565ffa771501000000: [0, 0, 0, 0, 0, 10000, 0, 0], GPU_group_1_8614e87c67f590024f565ffa771501000000: [10000, 0, 0, 0, 0, 0, 0, 0], node:10.244.13.18: [10000], CPU_group_5_8614e87c67f590024f565ffa771501000000: [10000], GPU_group_7_8614e87c67f590024f565ffa771501000000: [0, 0, 0, 0, 0, 0, 10000, 0], bundle_group_4_8614e87c67f590024f565ffa771501000000: [10000000], CPU_group_1_8614e87c67f590024f565ffa771501000000: [10000], GPU: [10000, 10000, 10000, 10000, 10000, 10000, 10000, 10000]}, "available": {CPU_group_6_8614e87c67f590024f565ffa771501000000: [6000], CPU_group_7_8614e87c67f590024f565ffa771501000000: [6000], bundle_group_6_8614e87c67f590024f565ffa771501000000: [9999990], CPU: [560000], bundle_group_8614e87c67f590024f565ffa771501000000: [79999920], CPU_group_2_8614e87c67f590024f565ffa771501000000: [6000], bundle_group_7_8614e87c67f590024f565ffa771501000000: [9999990], CPU_group_8614e87c67f590024f565ffa771501000000: [48000], accelerator_type:B200: [10000], bundle_group_1_8614e87c67f590024f565ffa771501000000: [9999990], object_store_memory: [42949672960000], GPU_group_8614e87c67f590024f565ffa771501000000: [6000, 6000, 6000, 6000, 6000, 6000, 6000, 6000], bundle_group_5_8614e87c67f590024f565ffa771501000000: [9999990], GPU_group_5_8614e87c67f590024f565ffa771501000000: [0, 0, 0, 0, 6000, 0, 0, 0], GPU_group_3_8614e87c67f590024f565ffa771501000000: [0, 0, 6000, 0, 0, 0, 0, 0], CPU_group_3_8614e87c67f590024f565ffa771501000000: [6000], bundle_group_3_8614e87c67f590024f565ffa771501000000: [9999990], GPU_group_8_8614e87c67f590024f565ffa771501000000: [0, 0, 0, 0, 0, 0, 0, 6000], CPU_group_4_8614e87c67f590024f565ffa771501000000: [6000], CPU_group_8_8614e87c67f590024f565ffa771501000000: [6000], memory: [32418548654080000], bundle_group_2_8614e87c67f590024f565ffa771501000000: [9999990], bundle_group_8_8614e87c67f590024f565ffa771501000000: [9999990], GPU_group_2_8614e87c67f590024f565ffa771501000000: [0, 6000, 0, 0, 0, 0, 0, 0], GPU_group_4_8614e87c67f590024f565ffa771501000000: [0, 0, 0, 6000, 0, 0, 0, 0], GPU_group_6_8614e87c67f590024f565ffa771501000000: [0, 0, 0, 0, 0, 6000, 0, 0], GPU_group_1_8614e87c67f590024f565ffa771501000000: [6000, 0, 0, 0, 0, 0, 0, 0], node:10.244.13.18: [10000], CPU_group_5_8614e87c67f590024f565ffa771501000000: [6000], GPU_group_7_8614e87c67f590024f565ffa771501000000: [0, 0, 0, 0, 0, 0, 6000, 0], bundle_group_4_8614e87c67f590024f565ffa771501000000: [9999990], CPU_group_1_8614e87c67f590024f565ffa771501000000: [6000], GPU: [0, 0, 0, 0, 0, 0, 0, 0]}, "labels":{"ray.io/accelerator-type":"B200","ray.io/node-id":"5a1736abfe100329c9e05ff3a3f920e3696f0c41773d8bb025d15fe0"}} is_draining: 0 is_idle: 0 Cluster resources (at most 20 nodes are shown): node id: -5100000704351949267{"total":{CPU_group_9_8614e87c67f590024f565ffa771501000000: 10000, GPU_group_15_8614e87c67f590024f565ffa771501000000: 10000, GPU_group_0_8614e87c67f590024f565ffa771501000000: 10000, GPU_group_12_8614e87c67f590024f565ffa771501000000: 10000, node:__internal_head__: 10000, bundle_group_11_8614e87c67f590024f565ffa771501000000: 10000000, GPU_group_14_8614e87c67f590024f565ffa771501000000: 10000, CPU_group_10_8614e87c67f590024f565ffa771501000000: 10000, CPU_group_0_8614e87c67f590024f565ffa771501000000: 10000, CPU_group_13_8614e87c67f590024f565ffa771501000000: 10000, GPU_group_11_8614e87c67f590024f565ffa771501000000: 10000, GPU: 80000, bundle_group_0_8614e87c67f590024f565ffa771501000000: 10000000, CPU_group_11_8614e87c67f590024f565ffa771501000000: 10000, CPU: 640000, GPU_group_13_8614e87c67f590024f565ffa771501000000: 10000, CPU_group_14_8614e87c67f590024f565ffa771501000000: 10000, bundle_group_10_8614e87c67f590024f565ffa771501000000: 10000000, bundle_group_15_8614e87c67f590024f565ffa771501000000: 10000000, bundle_group_9_8614e87c67f590024f565ffa771501000000: 10000000, CPU_group_8614e87c67f590024f565ffa771501000000: 80000, GPU_group_10_8614e87c67f590024f565ffa771501000000: 10000, accelerator_type:B200: 10000, bundle_group_8614e87c67f590024f565ffa771501000000: 80000000, bundle_group_12_8614e87c67f590024f565ffa771501000000: 10000000, node:10.244.18.139: 10000, object_store_memory: 42949672960000, GPU_group_9_8614e87c67f590024f565ffa771501000000: 10000, GPU_group_8614e87c67f590024f565ffa771501000000: 80000, CPU_group_15_8614e87c67f590024f565ffa771501000000: 10000, bundle_group_13_8614e87c67f590024f565ffa771501000000: 10000000, CPU_group_12_8614e87c67f590024f565ffa771501000000: 10000, bundle_group_14_8614e87c67f590024f565ffa771501000000: 10000000, memory: 32397615636480000}, "available": {GPU_group_15_8614e87c67f590024f565ffa771501000000: 6000, CPU_group_9_8614e87c67f590024f565ffa771501000000: 6000, GPU_group_12_8614e87c67f590024f565ffa771501000000: 6000, GPU_group_0_8614e87c67f590024f565ffa771501000000: 6000, node:__internal_head__: 10000, bundle_group_11_8614e87c67f590024f565ffa771501000000: 9999990, GPU_group_14_8614e87c67f590024f565ffa771501000000: 6000, CPU_group_10_8614e87c67f590024f565ffa771501000000: 6000, CPU_group_0_8614e87c67f590024f565ffa771501000000: 6000, CPU_group_11_8614e87c67f590024f565ffa771501000000: 6000, GPU_group_11_8614e87c67f590024f565ffa771501000000: 6000, bundle_group_0_8614e87c67f590024f565ffa771501000000: 9999990, CPU_group_13_8614e87c67f590024f565ffa771501000000: 6000, CPU: 540000, GPU_group_13_8614e87c67f590024f565ffa771501000000: 6000, CPU_group_14_8614e87c67f590024f565ffa771501000000: 6000, bundle_group_10_8614e87c67f590024f565ffa771501000000: 9999990, bundle_group_15_8614e87c67f590024f565ffa771501000000: 9999990, bundle_group_9_8614e87c67f590024f565ffa771501000000: 9999990, CPU_group_8614e87c67f590024f565ffa771501000000: 48000, GPU_group_10_8614e87c67f590024f565ffa771501000000: 6000, accelerator_type:B200: 10000, bundle_group_8614e87c67f590024f565ffa771501000000: 79999920, bundle_group_12_8614e87c67f590024f565ffa771501000000: 9999990, object_store_memory: 42949672960000, GPU_group_9_8614e87c67f590024f565ffa771501000000: 6000, node:10.244.18.139: 10000, GPU_group_8614e87c67f590024f565ffa771501000000: 48000, CPU_group_15_8614e87c67f590024f565ffa771501000000: 6000, bundle_group_13_8614e87c67f590024f565ffa771501000000: 9999990, bundle_group_14_8614e87c67f590024f565ffa771501000000: 9999990, CPU_group_12_8614e87c67f590024f565ffa771501000000: 6000, memory: 32397615636480000}, "labels":{"ray.io/accelerator-type":"B200","ray.io/node-id":"b668a6c13d1b7186690b035979a815ca1ce93506fd27e5e4ac7a3f5d"}, "is_draining": 0, "draining_deadline_timestamp_ms": -1}node id: 6958755133317569349{"total":{bundle_group_28_8614e87c67f590024f565ffa771501000000: 10000000, CPU_group_8614e87c67f590024f565ffa771501000000: 80000, accelerator_type:B200: 10000, bundle_group_8614e87c67f590024f565ffa771501000000: 80000000, GPU_group_27_8614e87c67f590024f565ffa771501000000: 10000, GPU_group_26_8614e87c67f590024f565ffa771501000000: 10000, GPU_group_25_8614e87c67f590024f565ffa771501000000: 10000, bundle_group_16_8614e87c67f590024f565ffa771501000000: 10000000, CPU: 640000, bundle_group_31_8614e87c67f590024f565ffa771501000000: 10000000, CPU_group_29_8614e87c67f590024f565ffa771501000000: 10000, CPU_group_30_8614e87c67f590024f565ffa771501000000: 10000, bundle_group_25_8614e87c67f590024f565ffa771501000000: 10000000, CPU_group_16_8614e87c67f590024f565ffa771501000000: 10000, GPU_group_16_8614e87c67f590024f565ffa771501000000: 10000, memory: 32418469068800000, GPU_group_29_8614e87c67f590024f565ffa771501000000: 10000, bundle_group_26_8614e87c67f590024f565ffa771501000000: 10000000, object_store_memory: 42949672960000, GPU_group_8614e87c67f590024f565ffa771501000000: 80000, node:10.244.180.242: 10000, GPU_group_31_8614e87c67f590024f565ffa771501000000: 10000, GPU_group_28_8614e87c67f590024f565ffa771501000000: 10000, bundle_group_29_8614e87c67f590024f565ffa771501000000: 10000000, GPU_group_30_8614e87c67f590024f565ffa771501000000: 10000, bundle_group_30_8614e87c67f590024f565ffa771501000000: 10000000, CPU_group_27_8614e87c67f590024f565ffa771501000000: 10000, CPU_group_26_8614e87c67f590024f565ffa771501000000: 10000, GPU: 80000, CPU_group_28_8614e87c67f590024f565ffa771501000000: 10000, CPU_group_25_8614e87c67f590024f565ffa771501000000: 10000, CPU_group_31_8614e87c67f590024f565ffa771501000000: 10000, bundle_group_27_8614e87c67f590024f565ffa771501000000: 10000000}, "available": {bundle_group_28_8614e87c67f590024f565ffa771501000000: 10000000, CPU_group_8614e87c67f590024f565ffa771501000000: 78000, accelerator_type:B200: 10000, bundle_group_8614e87c67f590024f565ffa771501000000: 79999990, GPU_group_27_8614e87c67f590024f565ffa771501000000: 10000, GPU_group_26_8614e87c67f590024f565ffa771501000000: 10000, GPU_group_25_8614e87c67f590024f565ffa771501000000: 10000, bundle_group_16_8614e87c67f590024f565ffa771501000000: 9999990, CPU: 560000, bundle_group_31_8614e87c67f590024f565ffa771501000000: 10000000, CPU_group_29_8614e87c67f590024f565ffa771501000000: 10000, CPU_group_30_8614e87c67f590024f565ffa771501000000: 10000, bundle_group_25_8614e87c67f590024f565ffa771501000000: 10000000, CPU_group_16_8614e87c67f590024f565ffa771501000000: 8000, GPU_group_16_8614e87c67f590024f565ffa771501000000: 8000, memory: 32418469068800000, GPU_group_29_8614e87c67f590024f565ffa771501000000: 10000, bundle_group_26_8614e87c67f590024f565ffa771501000000: 10000000, object_store_memory: 42949672960000, GPU_group_8614e87c67f590024f565ffa771501000000: 78000, GPU_group_31_8614e87c67f590024f565ffa771501000000: 10000, node:10.244.180.242: 10000, GPU_group_28_8614e87c67f590024f565ffa771501000000: 10000, bundle_group_29_8614e87c67f590024f565ffa771501000000: 10000000, GPU_group_30_8614e87c67f590024f565ffa771501000000: 10000, bundle_group_30_8614e87c67f590024f565ffa771501000000: 10000000, CPU_group_27_8614e87c67f590024f565ffa771501000000: 10000, CPU_group_26_8614e87c67f590024f565ffa771501000000: 10000, CPU_group_28_8614e87c67f590024f565ffa771501000000: 10000, CPU_group_25_8614e87c67f590024f565ffa771501000000: 10000, CPU_group_31_8614e87c67f590024f565ffa771501000000: 10000, bundle_group_27_8614e87c67f590024f565ffa771501000000: 10000000}, "labels":{"ray.io/node-id":"91950bc728379b818b838deb2fb43ac0b302dd8af091673234e82d95","ray.io/accelerator-type":"B200"}, "is_draining": 0, "draining_deadline_timestamp_ms": -1}node id: -1681695659902243193{"total":{bundle_group_8614e87c67f590024f565ffa771501000000: 80000000, CPU_group_2_8614e87c67f590024f565ffa771501000000: 10000, bundle_group_7_8614e87c67f590024f565ffa771501000000: 10000000, CPU_group_8614e87c67f590024f565ffa771501000000: 80000, accelerator_type:B200: 10000, CPU_group_7_8614e87c67f590024f565ffa771501000000: 10000, bundle_group_6_8614e87c67f590024f565ffa771501000000: 10000000, CPU: 640000, CPU_group_4_8614e87c67f590024f565ffa771501000000: 10000, memory: 32418548654080000, CPU_group_8_8614e87c67f590024f565ffa771501000000: 10000, bundle_group_2_8614e87c67f590024f565ffa771501000000: 10000000, object_store_memory: 42949672960000, bundle_group_1_8614e87c67f590024f565ffa771501000000: 10000000, bundle_group_5_8614e87c67f590024f565ffa771501000000: 10000000, GPU_group_8614e87c67f590024f565ffa771501000000: 80000, GPU_group_3_8614e87c67f590024f565ffa771501000000: 10000, GPU_group_5_8614e87c67f590024f565ffa771501000000: 10000, CPU_group_3_8614e87c67f590024f565ffa771501000000: 10000, GPU_group_8_8614e87c67f590024f565ffa771501000000: 10000, bundle_group_3_8614e87c67f590024f565ffa771501000000: 10000000, GPU_group_7_8614e87c67f590024f565ffa771501000000: 10000, CPU_group_5_8614e87c67f590024f565ffa771501000000: 10000, bundle_group_8_8614e87c67f590024f565ffa771501000000: 10000000, GPU_group_1_8614e87c67f590024f565ffa771501000000: 10000, GPU_group_6_8614e87c67f590024f565ffa771501000000: 10000, GPU_group_4_8614e87c67f590024f565ffa771501000000: 10000, node:10.244.13.18: 10000, GPU_group_2_8614e87c67f590024f565ffa771501000000: 10000, CPU_group_1_8614e87c67f590024f565ffa771501000000: 10000, GPU: 80000, CPU_group_6_8614e87c67f590024f565ffa771501000000: 10000, bundle_group_4_8614e87c67f590024f565ffa771501000000: 10000000}, "available": {bundle_group_8614e87c67f590024f565ffa771501000000: 79999920, CPU_group_2_8614e87c67f590024f565ffa771501000000: 6000, bundle_group_7_8614e87c67f590024f565ffa771501000000: 9999990, CPU_group_8614e87c67f590024f565ffa771501000000: 48000, accelerator_type:B200: 10000, CPU_group_7_8614e87c67f590024f565ffa771501000000: 6000, bundle_group_6_8614e87c67f590024f565ffa771501000000: 9999990, CPU: 560000, CPU_group_4_8614e87c67f590024f565ffa771501000000: 6000, memory: 32418548654080000, CPU_group_8_8614e87c67f590024f565ffa771501000000: 6000, bundle_group_2_8614e87c67f590024f565ffa771501000000: 9999990, object_store_memory: 42949672960000, bundle_group_1_8614e87c67f590024f565ffa771501000000: 9999990, bundle_group_5_8614e87c67f590024f565ffa771501000000: 9999990, GPU_group_8614e87c67f590024f565ffa771501000000: 48000, GPU_group_5_8614e87c67f590024f565ffa771501000000: 6000, bundle_group_3_8614e87c67f590024f565ffa771501000000: 9999990, GPU_group_3_8614e87c67f590024f565ffa771501000000: 6000, GPU_group_8_8614e87c67f590024f565ffa771501000000: 6000, CPU_group_3_8614e87c67f590024f565ffa771501000000: 6000, GPU_group_7_8614e87c67f590024f565ffa771501000000: 6000, CPU_group_5_8614e87c67f590024f565ffa771501000000: 6000, bundle_group_8_8614e87c67f590024f565ffa771501000000: 9999990, GPU_group_1_8614e87c67f590024f565ffa771501000000: 6000, GPU_group_6_8614e87c67f590024f565ffa771501000000: 6000, GPU_group_4_8614e87c67f590024f565ffa771501000000: 6000, node:10.244.13.18: 10000, GPU_group_2_8614e87c67f590024f565ffa771501000000: 6000, CPU_group_1_8614e87c67f590024f565ffa771501000000: 6000, CPU_group_6_8614e87c67f590024f565ffa771501000000: 6000, bundle_group_4_8614e87c67f590024f565ffa771501000000: 9999990}, "labels":{"ray.io/accelerator-type":"B200","ray.io/node-id":"5a1736abfe100329c9e05ff3a3f920e3696f0c41773d8bb025d15fe0"}, "is_draining": 0, "draining_deadline_timestamp_ms": -1}node id: 346506708453796848{"total":{GPU_group_22_8614e87c67f590024f565ffa771501000000: 10000, GPU_group_23_8614e87c67f590024f565ffa771501000000: 10000, bundle_group_20_8614e87c67f590024f565ffa771501000000: 10000000, GPU: 80000, CPU_group_20_8614e87c67f590024f565ffa771501000000: 10000, GPU_group_20_8614e87c67f590024f565ffa771501000000: 10000, bundle_group_24_8614e87c67f590024f565ffa771501000000: 10000000, CPU_group_18_8614e87c67f590024f565ffa771501000000: 10000, CPU_group_21_8614e87c67f590024f565ffa771501000000: 10000, GPU_group_21_8614e87c67f590024f565ffa771501000000: 10000, bundle_group_19_8614e87c67f590024f565ffa771501000000: 10000000, CPU_group_22_8614e87c67f590024f565ffa771501000000: 10000, bundle_group_17_8614e87c67f590024f565ffa771501000000: 10000000, bundle_group_18_8614e87c67f590024f565ffa771501000000: 10000000, bundle_group_22_8614e87c67f590024f565ffa771501000000: 10000000, GPU_group_24_8614e87c67f590024f565ffa771501000000: 10000, CPU_group_23_8614e87c67f590024f565ffa771501000000: 10000, GPU_group_17_8614e87c67f590024f565ffa771501000000: 10000, GPU_group_18_8614e87c67f590024f565ffa771501000000: 10000, memory: 32418463825920000, CPU_group_17_8614e87c67f590024f565ffa771501000000: 10000, GPU_group_8614e87c67f590024f565ffa771501000000: 80000, object_store_memory: 42949672960000, bundle_group_21_8614e87c67f590024f565ffa771501000000: 10000000, bundle_group_23_8614e87c67f590024f565ffa771501000000: 10000000, node:10.244.218.62: 10000, bundle_group_8614e87c67f590024f565ffa771501000000: 80000000, accelerator_type:B200: 10000, GPU_group_19_8614e87c67f590024f565ffa771501000000: 10000, CPU_group_8614e87c67f590024f565ffa771501000000: 80000, CPU_group_24_8614e87c67f590024f565ffa771501000000: 10000, CPU: 640000, CPU_group_19_8614e87c67f590024f565ffa771501000000: 10000}, "available": {bundle_group_8614e87c67f590024f565ffa771501000000: 79999990, CPU_group_18_8614e87c67f590024f565ffa771501000000: 10000, bundle_group_19_8614e87c67f590024f565ffa771501000000: 10000000, CPU_group_8614e87c67f590024f565ffa771501000000: 78000, GPU_group_19_8614e87c67f590024f565ffa771501000000: 10000, accelerator_type:B200: 10000, CPU_group_24_8614e87c67f590024f565ffa771501000000: 10000, CPU_group_19_8614e87c67f590024f565ffa771501000000: 10000, CPU: 560000, memory: 32418463825920000, CPU_group_17_8614e87c67f590024f565ffa771501000000: 8000, bundle_group_21_8614e87c67f590024f565ffa771501000000: 10000000, object_store_memory: 42949672960000, GPU_group_8614e87c67f590024f565ffa771501000000: 78000, bundle_group_23_8614e87c67f590024f565ffa771501000000: 10000000, node:10.244.218.62: 10000, CPU_group_22_8614e87c67f590024f565ffa771501000000: 10000, bundle_group_17_8614e87c67f590024f565ffa771501000000: 9999990, bundle_group_18_8614e87c67f590024f565ffa771501000000: 10000000, CPU_group_23_8614e87c67f590024f565ffa771501000000: 10000, GPU_group_24_8614e87c67f590024f565ffa771501000000: 10000, bundle_group_22_8614e87c67f590024f565ffa771501000000: 10000000, GPU_group_18_8614e87c67f590024f565ffa771501000000: 10000, GPU_group_17_8614e87c67f590024f565ffa771501000000: 8000, GPU_group_22_8614e87c67f590024f565ffa771501000000: 10000, bundle_group_20_8614e87c67f590024f565ffa771501000000: 10000000, GPU_group_23_8614e87c67f590024f565ffa771501000000: 10000, GPU_group_20_8614e87c67f590024f565ffa771501000000: 10000, CPU_group_20_8614e87c67f590024f565ffa771501000000: 10000, bundle_group_24_8614e87c67f590024f565ffa771501000000: 10000000, GPU_group_21_8614e87c67f590024f565ffa771501000000: 10000, CPU_group_21_8614e87c67f590024f565ffa771501000000: 10000}, "labels":{"ray.io/node-id":"137ca386e65d980acbeff863eda6c65487ee6942bccc8db1236dc36e","ray.io/accelerator-type":"B200"}, "is_draining": 0, "draining_deadline_timestamp_ms": -1} { "placement group locations": [], "node to bundles": []}
[state-dump] Waiting leases size: 0
[state-dump] Number of granted lease arguments: 0
[state-dump] Number of pinned lease arguments: 0
[state-dump] Total size of pinned lease arguments: 0
[state-dump] Number of total spilled leases: 0
[state-dump] Number of spilled waiting leases: 0
[state-dump] Number of spilled unschedulable leases: 0
[state-dump] Resource usage {
[state-dump]     - (language=PYTHON actor_or_taskMegatronTrainRayActor.__init__ pid=960 worker_id=a9bc9faf934d79652d9f51f4b3a8ae687f183aad5e231512ece05a0e): {bundle_group_7_8614e87c67f590024f565ffa771501000000: 0.001, CPU_group_8614e87c67f590024f565ffa771501000000: 0.4, GPU_group_7_8614e87c67f590024f565ffa771501000000: 0.4, bundle_group_8614e87c67f590024f565ffa771501000000: 0.001, CPU_group_7_8614e87c67f590024f565ffa771501000000: 0.4, GPU_group_8614e87c67f590024f565ffa771501000000: 0.4}
[state-dump]     - (language=PYTHON actor_or_taskMegatronTrainRayActor.__init__ pid=959 worker_id=cdcada990c364655aa3c0f9c6bccf0203189a4361f0949466abeece3): {GPU_group_6_8614e87c67f590024f565ffa771501000000: 0.4, bundle_group_6_8614e87c67f590024f565ffa771501000000: 0.001, GPU_group_8614e87c67f590024f565ffa771501000000: 0.4, bundle_group_8614e87c67f590024f565ffa771501000000: 0.001, CPU_group_6_8614e87c67f590024f565ffa771501000000: 0.4, CPU_group_8614e87c67f590024f565ffa771501000000: 0.4}
[state-dump]     - (language=PYTHON actor_or_taskMegatronTrainRayActor.__init__ pid=965 worker_id=136546f248884d2dc9fd21b946db50be3709536bcc5ac432a4424196): {bundle_group_5_8614e87c67f590024f565ffa771501000000: 0.001, GPU_group_8614e87c67f590024f565ffa771501000000: 0.4, GPU_group_5_8614e87c67f590024f565ffa771501000000: 0.4, bundle_group_8614e87c67f590024f565ffa771501000000: 0.001, CPU_group_5_8614e87c67f590024f565ffa771501000000: 0.4, CPU_group_8614e87c67f590024f565ffa771501000000: 0.4}
[state-dump]     - (language=PYTHON actor_or_taskMegatronTrainRayActor.__init__ pid=961 worker_id=ec06ade875864bdbb80ae3f1b19a8be1abd78ad89338d48eb1d001af): {CPU_group_8614e87c67f590024f565ffa771501000000: 0.4, GPU_group_8614e87c67f590024f565ffa771501000000: 0.4, CPU_group_4_8614e87c67f590024f565ffa771501000000: 0.4, bundle_group_4_8614e87c67f590024f565ffa771501000000: 0.001, bundle_group_8614e87c67f590024f565ffa771501000000: 0.001, GPU_group_4_8614e87c67f590024f565ffa771501000000: 0.4}
[state-dump]     - (language=PYTHON actor_or_taskMegatronTrainRayActor.__init__ pid=962 worker_id=ca6cb88024162bf07716ce2c88c2fb4113d3b1e347331c5dd5e35cfb): {GPU_group_3_8614e87c67f590024f565ffa771501000000: 0.4, GPU_group_8614e87c67f590024f565ffa771501000000: 0.4, CPU_group_8614e87c67f590024f565ffa771501000000: 0.4, bundle_group_8614e87c67f590024f565ffa771501000000: 0.001, bundle_group_3_8614e87c67f590024f565ffa771501000000: 0.001, CPU_group_3_8614e87c67f590024f565ffa771501000000: 0.4}
[state-dump]     - (language=PYTHON actor_or_taskMegatronTrainRayActor.__init__ pid=963 worker_id=062ee74904ba1e2a3b770071417d9b3415af75b383dc6c62f90e84d8): {CPU_group_2_8614e87c67f590024f565ffa771501000000: 0.4, bundle_group_8614e87c67f590024f565ffa771501000000: 0.001, GPU_group_8614e87c67f590024f565ffa771501000000: 0.4, CPU_group_8614e87c67f590024f565ffa771501000000: 0.4, GPU_group_2_8614e87c67f590024f565ffa771501000000: 0.4, bundle_group_2_8614e87c67f590024f565ffa771501000000: 0.001}
[state-dump]     - (language=PYTHON actor_or_taskMegatronTrainRayActor.__init__ pid=964 worker_id=a6daf3a2ba673f0b1ab7f9b6574c645d591c1c94493d7905906c216f): {CPU_group_8_8614e87c67f590024f565ffa771501000000: 0.4, CPU_group_8614e87c67f590024f565ffa771501000000: 0.4, GPU_group_8_8614e87c67f590024f565ffa771501000000: 0.4, bundle_group_8614e87c67f590024f565ffa771501000000: 0.001, bundle_group_8_8614e87c67f590024f565ffa771501000000: 0.001, GPU_group_8614e87c67f590024f565ffa771501000000: 0.4}
[state-dump]     - (language=PYTHON actor_or_taskMegatronTrainRayActor.__init__ pid=856 worker_id=5cc4ed1f0649d6976ed683211055eb3665137c692d18f2735c16f6ce): {GPU_group_8614e87c67f590024f565ffa771501000000: 0.4, GPU_group_1_8614e87c67f590024f565ffa771501000000: 0.4, bundle_group_1_8614e87c67f590024f565ffa771501000000: 0.001, bundle_group_8614e87c67f590024f565ffa771501000000: 0.001, CPU_group_8614e87c67f590024f565ffa771501000000: 0.4, CPU_group_1_8614e87c67f590024f565ffa771501000000: 0.4}
[state-dump] }
[state-dump] Backlog Size per scheduling descriptor :{workerId: num backlogs}:
[state-dump] 
[state-dump] Granted leases by scheduling class:
[state-dump] ==================================================
[state-dump] 
[state-dump] ClusterResources:
[state-dump] LocalObjectManager:
[state-dump] - num pinned objects: 0
[state-dump] - pinned objects size: 0
[state-dump] - num objects pending restore: 0
[state-dump] - num objects pending spill: 0
[state-dump] - num bytes pending spill: 0
[state-dump] - num bytes currently spilled: 0
[state-dump] - cumulative spill requests: 0
[state-dump] - cumulative restore requests: 0
[state-dump] - spilled objects pending delete: 0
[state-dump] 
[state-dump] ObjectManager:
[state-dump] - num local objects: 0
[state-dump] - num unfulfilled push requests: 0
[state-dump] - num object pull requests: 0
[state-dump] - num chunks received total: 0
[state-dump] - num chunks received failed (all): 0
[state-dump] - num chunks received failed / cancelled: 0
[state-dump] - num chunks received failed / plasma error: 0
[state-dump] Event stats:
[state-dump] Global stats: 0 total (0 active)
[state-dump] Queueing time: mean = -nanms, max = -0.00ms, min = 9223372036854.78ms, total = 0.00ms
[state-dump] Execution time:  mean = -nanms, total = 0.00ms
[state-dump] Event stats:
[state-dump] PushManager:
[state-dump] - num pushes remaining: 0
[state-dump] - num chunks in flight: 0
[state-dump] - num chunks remaining: 0
[state-dump] - max chunks allowed: 409
[state-dump] OwnershipBasedObjectDirectory:
[state-dump] - num listeners: 0
[state-dump] - cumulative location updates: 0
[state-dump] - num location updates per second: 0.000
[state-dump] - num location lookups per second: 0.000
[state-dump] - num locations added per second: 0.000
[state-dump] - num locations removed per second: 0.000
[state-dump] BufferPool:
[state-dump] - create buffer state map size: 0
[state-dump] PullManager:
[state-dump] - num bytes available for pulled objects: 4294967296
[state-dump] - num bytes being pulled (all): 0
[state-dump] - num bytes being pulled / pinned: 0
[state-dump] - get request bundles: BundlePullRequestQueue{0 total, 0 active, 0 inactive, 0 unpullable}
[state-dump] - wait request bundles: BundlePullRequestQueue{0 total, 0 active, 0 inactive, 0 unpullable}
[state-dump] - task request bundles: BundlePullRequestQueue{0 total, 0 active, 0 inactive, 0 unpullable}
[state-dump] - first get request bundle: N/A
[state-dump] - first wait request bundle: N/A
[state-dump] - first task request bundle: N/A
[state-dump] - num objects queued: 0
[state-dump] - num objects actively pulled (all): 0
[state-dump] - num objects actively pulled / pinned: 0
[state-dump] - num bundles being pulled: 0
[state-dump] - num pull retries: 0
[state-dump] - max timeout seconds: 0
[state-dump] - max timeout request is already processed. No entry.
[state-dump] 
[state-dump] WorkerPool:
[state-dump] - registered jobs: 1
[state-dump] - process_failed_job_config_missing: 0
[state-dump] - process_failed_rate_limited: 0
[state-dump] - process_failed_pending_registration: 0
[state-dump] - process_failed_runtime_env_setup_failed: 0
[state-dump] - num PYTHON workers: 8
[state-dump] - num PYTHON drivers: 0
[state-dump] - num PYTHON pending start requests: 0
[state-dump] - num PYTHON pending registration requests: 0
[state-dump] - num object spill callbacks queued: 0
[state-dump] - num object restore queued: 0
[state-dump] - num util functions queued: 0
[state-dump] - num idle workers: 0
[state-dump] LeaseDependencyManager:
[state-dump] - lease deps map size: 0
[state-dump] - get req map size: 0
[state-dump] - wait req map size: 0
[state-dump] - local objects map size: 0
[state-dump] WaitManager:
[state-dump] - num active wait requests: 0
[state-dump] Subscriber:
[state-dump] Channel WORKER_OBJECT_LOCATIONS_CHANNEL
[state-dump] - cumulative subscribe requests: 0
[state-dump] - cumulative unsubscribe requests: 0
[state-dump] - active subscribed publishers: 0
[state-dump] - cumulative published messages: 0
[state-dump] - cumulative processed messages: 0
[state-dump] Channel WORKER_REF_REMOVED_CHANNEL
[state-dump] - cumulative subscribe requests: 0
[state-dump] - cumulative unsubscribe requests: 0
[state-dump] - active subscribed publishers: 0
[state-dump] - cumulative published messages: 0
[state-dump] - cumulative processed messages: 0
[state-dump] num async plasma notifications: 0
[state-dump] Event stats:
[state-dump] Global stats: 10911 total (22 active)
[state-dump] Queueing time: mean = 16.36ms, max = 27206.99ms, min = 0.00ms, total = 178517.24ms
[state-dump] Execution time:  mean = 4.13ms, total = 45013.51ms
[state-dump] Event stats:
[state-dump] 	ObjectManager.UpdateAvailableMemory - 2400 total (0 active), Execution time: mean = 0.00ms, total = 2.62ms, Queueing time: mean = 0.01ms, max = 0.16ms, min = 0.00ms, total = 24.18ms
[state-dump] 	RaySyncer.BroadcastMessageIfNewVersion - 2400 total (1 active), Execution time: mean = 0.00ms, total = 5.18ms, Queueing time: mean = 0.03ms, max = 18.59ms, min = 0.00ms, total = 72.00ms
[state-dump] 	NodeManager.CheckGC - 2400 total (1 active), Execution time: mean = 0.00ms, total = 4.22ms, Queueing time: mean = 0.03ms, max = 18.59ms, min = 0.00ms, total = 73.52ms
[state-dump] 	RayletWorkerPool.deadline_timer.kill_idle_workers - 1200 total (1 active), Execution time: mean = 0.00ms, total = 3.23ms, Queueing time: mean = 0.05ms, max = 23.53ms, min = 0.00ms, total = 56.70ms
[state-dump] 	NodeManager.CheckForUnexpectedWorkerDisconnects - 241 total (1 active), Execution time: mean = 0.01ms, total = 2.64ms, Queueing time: mean = 0.01ms, max = 0.14ms, min = 0.00ms, total = 2.96ms
[state-dump] 	NodeManager.ScheduleAndGrantLeases - 241 total (1 active), Execution time: mean = 0.00ms, total = 1.18ms, Queueing time: mean = 0.02ms, max = 0.14ms, min = 0.00ms, total = 4.52ms
[state-dump] 	NodeManager.deadline_timer.spill_objects_when_over_threshold - 240 total (1 active), Execution time: mean = 0.00ms, total = 0.43ms, Queueing time: mean = 0.20ms, max = 23.80ms, min = 0.00ms, total = 48.99ms
[state-dump] 	NodeManager.deadline_timer.flush_free_objects - 240 total (1 active), Execution time: mean = 0.00ms, total = 0.40ms, Queueing time: mean = 0.20ms, max = 23.80ms, min = 0.00ms, total = 49.01ms
[state-dump] 	NodeManagerService.grpc_server.GetResourceLoad - 240 total (0 active), Execution time: mean = 0.37ms, total = 88.76ms, Queueing time: mean = 0.00ms, max = -0.00ms, min = 9223372036854.78ms, total = 0.00ms
[state-dump] 	NodeManagerService.grpc_server.GetResourceLoad.HandleRequestImpl - 240 total (0 active), Execution time: mean = 0.09ms, total = 20.80ms, Queueing time: mean = 0.02ms, max = 0.04ms, min = 0.00ms, total = 5.11ms
[state-dump] 	CoreWorkerService.grpc_client.GetCoreWorkerStats - 98 total (0 active), Execution time: mean = 0.79ms, total = 77.35ms, Queueing time: mean = 0.00ms, max = -0.00ms, min = 9223372036854.78ms, total = 0.00ms
[state-dump] 	CoreWorkerService.grpc_client.GetCoreWorkerStats.OnReplyReceived - 98 total (0 active), Execution time: mean = 0.02ms, total = 1.74ms, Queueing time: mean = 0.05ms, max = 0.13ms, min = 0.01ms, total = 4.63ms
[state-dump] 	ClusterResourceManager.ResetRemoteNodeView - 81 total (1 active), Execution time: mean = 0.00ms, total = 0.23ms, Queueing time: mean = 0.02ms, max = 0.06ms, min = 0.01ms, total = 1.53ms
[state-dump] 	ClientConnection.async_read.ProcessMessageHeader - 80 total (8 active), Execution time: mean = 0.00ms, total = 0.28ms, Queueing time: mean = 2201.48ms, max = 27206.99ms, min = 0.01ms, total = 176118.00ms
[state-dump] 	ClientConnection.async_read.ProcessMessage - 72 total (0 active), Execution time: mean = 0.39ms, total = 27.79ms, Queueing time: mean = 0.05ms, max = 2.49ms, min = 0.00ms, total = 3.70ms
[state-dump] 	NodeManager.deadline_timer.record_metrics - 48 total (1 active), Execution time: mean = 0.22ms, total = 10.38ms, Queueing time: mean = 0.81ms, max = 23.64ms, min = 0.00ms, total = 38.88ms
[state-dump] 	NodeManagerService.grpc_server.GetAgentPIDs.HandleRequestImpl - 46 total (0 active), Execution time: mean = 0.04ms, total = 2.06ms, Queueing time: mean = 0.04ms, max = 0.11ms, min = 0.00ms, total = 1.96ms
[state-dump] 	NodeManagerService.grpc_server.GetWorkerPIDs.HandleRequestImpl - 46 total (0 active), Execution time: mean = 0.03ms, total = 1.37ms, Queueing time: mean = 0.05ms, max = 1.54ms, min = 0.01ms, total = 2.46ms
[state-dump] 	NodeManagerService.grpc_server.GetAgentPIDs - 46 total (0 active), Execution time: mean = 0.35ms, total = 16.20ms, Queueing time: mean = 0.00ms, max = -0.00ms, min = 9223372036854.78ms, total = 0.00ms
[state-dump] 	NodeManagerService.grpc_server.GetWorkerPIDs - 46 total (0 active), Execution time: mean = 0.31ms, total = 14.43ms, Queueing time: mean = 0.00ms, max = -0.00ms, min = 9223372036854.78ms, total = 0.00ms
[state-dump] 	Subscriber.HandlePublishedMessage_GCS_WORKER_DELTA_CHANNEL - 32 total (0 active), Execution time: mean = 0.00ms, total = 0.02ms, Queueing time: mean = 0.07ms, max = 0.10ms, min = 0.03ms, total = 2.39ms
[state-dump] 	 - 28 total (0 active), Execution time: mean = 0.08ms, total = 2.34ms, Queueing time: mean = 0.74ms, max = 19.87ms, min = 0.00ms, total = 20.69ms
[state-dump] 	RaySyncer.BroadcastMessage - 28 total (0 active), Execution time: mean = 0.09ms, total = 2.42ms, Queueing time: mean = 0.00ms, max = 0.00ms, min = 0.00ms, total = 0.01ms
[state-dump] 	event_loop_lag_probe - 26 total (0 active), Execution time: mean = 0.02ms, total = 0.50ms, Queueing time: mean = 0.27ms, max = 6.99ms, min = 0.00ms, total = 7.09ms
[state-dump] 	NodeManager.deadline_timer.debug_state_dump - 24 total (1 active), Execution time: mean = 2.02ms, total = 48.58ms, Queueing time: mean = 0.01ms, max = 0.03ms, min = 0.00ms, total = 0.27ms
[state-dump] 	NodeManagerService.grpc_server.RequestWorkerLease - 16 total (0 active), Execution time: mean = 470.59ms, total = 7529.45ms, Queueing time: mean = 0.00ms, max = -0.00ms, min = 9223372036854.78ms, total = 0.00ms
[state-dump] 	NodeManagerService.grpc_server.GetNodeStats.HandleRequestImpl - 16 total (0 active), Execution time: mean = 0.44ms, total = 7.11ms, Queueing time: mean = 0.03ms, max = 0.05ms, min = 0.02ms, total = 0.46ms
[state-dump] 	ClientConnection.async_write.DoAsyncWrites - 16 total (0 active), Execution time: mean = 0.00ms, total = 0.01ms, Queueing time: mean = 0.01ms, max = 0.02ms, min = 0.00ms, total = 0.18ms
[state-dump] 	ObjectManager.ObjectDeleted - 16 total (0 active), Execution time: mean = 0.01ms, total = 0.10ms, Queueing time: mean = 0.01ms, max = 0.03ms, min = 0.01ms, total = 0.20ms
[state-dump] 	NodeManagerService.grpc_server.GetSystemConfig.HandleRequestImpl - 16 total (0 active), Execution time: mean = 0.01ms, total = 0.23ms, Queueing time: mean = 0.01ms, max = 0.04ms, min = 0.01ms, total = 0.20ms
[state-dump] 	NodeManagerService.grpc_server.RequestWorkerLease.HandleRequestImpl - 16 total (0 active), Execution time: mean = 1.47ms, total = 23.55ms, Queueing time: mean = 5.43ms, max = 17.83ms, min = 0.01ms, total = 86.81ms
[state-dump] 	NodeManagerService.grpc_server.GetSystemConfig - 16 total (0 active), Execution time: mean = 0.22ms, total = 3.49ms, Queueing time: mean = 0.00ms, max = -0.00ms, min = 9223372036854.78ms, total = 0.00ms
[state-dump] 	ObjectManager.ObjectAdded - 16 total (0 active), Execution time: mean = 0.01ms, total = 0.11ms, Queueing time: mean = 0.01ms, max = 0.12ms, min = 0.00ms, total = 0.23ms
[state-dump] 	NodeManagerService.grpc_server.GetNodeStats - 16 total (0 active), Execution time: mean = 1.47ms, total = 23.45ms, Queueing time: mean = 0.00ms, max = -0.00ms, min = 9223372036854.78ms, total = 0.00ms
[state-dump] 	PeriodicalRunner.RunFnPeriodically - 13 total (0 active), Execution time: mean = 0.29ms, total = 3.82ms, Queueing time: mean = 144.58ms, max = 624.32ms, min = 0.02ms, total = 1879.51ms
[state-dump] 	ray::rpc::ControlPlanePubSubGcsService.grpc_client.GcsSubscriberPoll - 13 total (1 active), Execution time: mean = 2762.41ms, total = 35911.36ms, Queueing time: mean = 0.00ms, max = -0.00ms, min = 9223372036854.78ms, total = 0.00ms
[state-dump] 	ray::rpc::ControlPlanePubSubGcsService.grpc_client.GcsSubscriberPoll.OnReplyReceived - 12 total (0 active), Execution time: mean = 0.10ms, total = 1.25ms, Queueing time: mean = 0.03ms, max = 0.19ms, min = 0.00ms, total = 0.31ms
[state-dump] 	CoreWorkerService.grpc_client.KillActor.OnReplyReceived - 8 total (0 active), Execution time: mean = 0.05ms, total = 0.41ms, Queueing time: mean = 0.02ms, max = 0.12ms, min = 0.00ms, total = 0.16ms
[state-dump] 	ray::rpc::WorkerInfoGcsService.grpc_client.ReportWorkerFailure - 8 total (0 active), Execution time: mean = 9.66ms, total = 77.30ms, Queueing time: mean = 0.00ms, max = -0.00ms, min = 9223372036854.78ms, total = 0.00ms
[state-dump] 	ray::rpc::WorkerInfoGcsService.grpc_client.ReportWorkerFailure.OnReplyReceived - 8 total (0 active), Execution time: mean = 0.01ms, total = 0.07ms, Queueing time: mean = 0.05ms, max = 0.18ms, min = 0.00ms, total = 0.41ms
[state-dump] 	CoreWorkerService.grpc_client.KillActor - 8 total (0 active), Execution time: mean = 15.95ms, total = 127.59ms, Queueing time: mean = 0.00ms, max = -0.00ms, min = 9223372036854.78ms, total = 0.00ms
[state-dump] 	NodeManagerService.grpc_server.KillLocalActor.HandleRequestImpl - 8 total (0 active), Execution time: mean = 0.17ms, total = 1.35ms, Queueing time: mean = 0.52ms, max = 0.65ms, min = 0.03ms, total = 4.17ms
[state-dump] 	NodeManagerService.grpc_server.KillLocalActor - 8 total (0 active), Execution time: mean = 16.68ms, total = 133.42ms, Queueing time: mean = 0.00ms, max = -0.00ms, min = 9223372036854.78ms, total = 0.00ms
[state-dump] 	ray::rpc::NodeInfoGcsService.grpc_client.CheckAlive - 4 total (0 active), Execution time: mean = 0.71ms, total = 2.84ms, Queueing time: mean = 0.00ms, max = -0.00ms, min = 9223372036854.78ms, total = 0.00ms
[state-dump] 	ray::rpc::NodeInfoGcsService.grpc_client.CheckAlive.OnReplyReceived - 4 total (0 active), Execution time: mean = 0.02ms, total = 0.08ms, Queueing time: mean = 0.01ms, max = 0.01ms, min = 0.01ms, total = 0.04ms
[state-dump] 	NodeManager.GcsCheckAlive - 4 total (1 active), Execution time: mean = 0.11ms, total = 0.45ms, Queueing time: mean = 0.45ms, max = 0.62ms, min = 0.58ms, total = 1.81ms
[state-dump] 	NodeManager.deadline_timer.print_event_loop_stats - 4 total (1 active, 1 running), Execution time: mean = 0.55ms, total = 2.21ms, Queueing time: mean = 0.00ms, max = 0.01ms, min = 0.00ms, total = 0.01ms
[state-dump] 	Subscriber.HandlePublishedMessage_GCS_NODE_ADDRESS_AND_LIVENESS_CHANNEL - 2 total (0 active), Execution time: mean = 0.11ms, total = 0.23ms, Queueing time: mean = 0.25ms, max = 0.27ms, min = 0.23ms, total = 0.50ms
[state-dump] 	ray::rpc::ControlPlanePubSubGcsService.grpc_client.GcsSubscriberCommandBatch - 2 total (0 active), Execution time: mean = 0.72ms, total = 1.43ms, Queueing time: mean = 0.00ms, max = -0.00ms, min = 9223372036854.78ms, total = 0.00ms
[state-dump] 	ray::rpc::ControlPlanePubSubGcsService.grpc_client.GcsSubscriberCommandBatch.OnReplyReceived - 2 total (0 active), Execution time: mean = 0.05ms, total = 0.09ms, Queueing time: mean = 1.63ms, max = 3.14ms, min = 0.11ms, total = 3.25ms
[state-dump] 	RaySyncerRegister - 2 total (0 active), Execution time: mean = 0.00ms, total = 0.00ms, Queueing time: mean = 0.00ms, max = 0.00ms, min = 0.00ms, total = 0.00ms
[state-dump] 	ReporterService.grpc_client.HealthCheck - 1 total (0 active), Execution time: mean = 190.29ms, total = 190.29ms, Queueing time: mean = 0.00ms, max = -0.00ms, min = 9223372036854.78ms, total = 0.00ms
[state-dump] 	ReporterService.grpc_client.HealthCheck.OnReplyReceived - 1 total (0 active), Execution time: mean = 0.13ms, total = 0.13ms, Queueing time: mean = 0.02ms, max = 0.02ms, min = 0.02ms, total = 0.02ms
[state-dump] 	NodeManager.GCTaskFailureReason - 1 total (1 active), Execution time: mean = 0.00ms, total = 0.00ms, Queueing time: mean = 0.00ms, max = -0.00ms, min = 9223372036854.78ms, total = 0.00ms
[state-dump] 	ray::rpc::NodeInfoGcsService.grpc_client.RegisterNode - 1 total (0 active), Execution time: mean = 0.80ms, total = 0.80ms, Queueing time: mean = 0.00ms, max = -0.00ms, min = 9223372036854.78ms, total = 0.00ms
[state-dump] 	NodeManagerService.grpc_server.PrepareBundleResources.HandleRequestImpl - 1 total (0 active), Execution time: mean = 0.85ms, total = 0.85ms, Queueing time: mean = 0.03ms, max = 0.03ms, min = 0.03ms, total = 0.03ms
[state-dump] 	NodeManagerService.grpc_server.PrepareBundleResources - 1 total (0 active), Execution time: mean = 1.19ms, total = 1.19ms, Queueing time: mean = 0.00ms, max = -0.00ms, min = 9223372036854.78ms, total = 0.00ms
[state-dump] 	NodeManagerService.grpc_server.CommitBundleResources - 1 total (0 active), Execution time: mean = 1.45ms, total = 1.45ms, Queueing time: mean = 0.00ms, max = -0.00ms, min = 9223372036854.78ms, total = 0.00ms
[state-dump] 	ray::rpc::InternalKVGcsService.grpc_client.GetInternalConfig - 1 total (0 active), Execution time: mean = 0.89ms, total = 0.89ms, Queueing time: mean = 0.00ms, max = -0.00ms, min = 9223372036854.78ms, total = 0.00ms
[state-dump] 	ray::rpc::NodeInfoGcsService.grpc_client.GetAllNodeAddressAndLiveness.OnReplyReceived - 1 total (0 active), Execution time: mean = 0.11ms, total = 0.11ms, Queueing time: mean = 0.01ms, max = 0.01ms, min = 0.01ms, total = 0.01ms
[state-dump] 	ray::rpc::JobInfoGcsService.grpc_client.GetAllJobInfo.OnReplyReceived - 1 total (0 active), Execution time: mean = 0.01ms, total = 0.01ms, Queueing time: mean = 0.01ms, max = 0.01ms, min = 0.01ms, total = 0.01ms
[state-dump] 	ray::rpc::NodeInfoGcsService.grpc_client.RegisterNode.OnReplyReceived - 1 total (0 active), Execution time: mean = 0.24ms, total = 0.24ms, Queueing time: mean = 0.01ms, max = 0.01ms, min = 0.01ms, total = 0.01ms
[state-dump] 	Subscriber.HandlePublishedMessage_GCS_JOB_CHANNEL - 1 total (0 active), Execution time: mean = 0.04ms, total = 0.04ms, Queueing time: mean = 0.28ms, max = 0.28ms, min = 0.28ms, total = 0.28ms
[state-dump] 	ray::rpc::JobInfoGcsService.grpc_client.GetAllJobInfo - 1 total (0 active), Execution time: mean = 0.69ms, total = 0.69ms, Queueing time: mean = 0.00ms, max = -0.00ms, min = 9223372036854.78ms, total = 0.00ms
[state-dump] 	NodeManagerService.grpc_server.CommitBundleResources.HandleRequestImpl - 1 total (0 active), Execution time: mean = 1.11ms, total = 1.11ms, Queueing time: mean = 0.03ms, max = 0.03ms, min = 0.03ms, total = 0.03ms
[state-dump] 	ray::rpc::NodeInfoGcsService.grpc_client.GetAllNodeAddressAndLiveness - 1 total (0 active), Execution time: mean = 0.75ms, total = 0.75ms, Queueing time: mean = 0.00ms, max = -0.00ms, min = 9223372036854.78ms, total = 0.00ms
[state-dump] 	ray::rpc::InternalKVGcsService.grpc_client.GetInternalConfig.OnReplyReceived - 1 total (0 active), Execution time: mean = 628.39ms, total = 628.39ms, Queueing time: mean = 0.01ms, max = 0.01ms, min = 0.01ms, total = 0.01ms
[state-dump] DebugString() time ms: 0
[state-dump] 
[state-dump] 
[2026-09-03 22:03:28,337 I 79 102] (raylet) store.cc:573: Plasma store debug dump: 
Current usage: 0 / 4.29497 GB
- num bytes created total: 128
0 pending objects of total size 0MB
- objects spillable: 0
- bytes spillable: 0
- objects unsealed: 0
- bytes unsealed: 0
- objects in use: 0
- bytes in use: 0
- objects evictable: 0
- bytes evictable: 0

- objects created by worker: 0
- bytes created by worker: 0
- objects restored: 0
- bytes restored: 0
- objects received: 0
- bytes received: 0
- objects errored: 0
- bytes errored: 0

[2026-09-03 22:03:28,972 I 79 79] (raylet) node_manager.cc:486: [state-dump] NodeManager:
[state-dump] Node ID: 5a1736abfe100329c9e05ff3a3f920e3696f0c41773d8bb025d15fe0
[state-dump] Node name: 10.244.13.18
[state-dump] InitialConfigResources: {GPU: 8, accelerator_type:B200: 1, node:10.244.13.18: 1, object_store_memory: 4.29497e+09, CPU: 64, memory: 3.24185e+12}
[state-dump] ClusterLeaseManager:
[state-dump] ========== Node: 5a1736abfe100329c9e05ff3a3f920e3696f0c41773d8bb025d15fe0 =================
[state-dump] Infeasible queue length: 0
[state-dump] Schedule queue length: 0
[state-dump] Grant queue length: 0
[state-dump] num_waiting_for_resource: 0
[state-dump] num_waiting_for_plasma_memory: 0
[state-dump] num_waiting_for_remote_node_resources: 0
[state-dump] num_worker_not_started_by_job_config_not_exist: 0
[state-dump] num_worker_not_started_by_registration_timeout: 0
[state-dump] num_tasks_waiting_for_workers: 0
[state-dump] num_cancelled_leases: 0
[state-dump] cluster_resource_scheduler state: 
[state-dump] Local id: -1681695659902243193 Local resources: {"total":{CPU_group_6_8614e87c67f590024f565ffa771501000000: [10000], CPU_group_7_8614e87c67f590024f565ffa771501000000: [10000], bundle_group_6_8614e87c67f590024f565ffa771501000000: [10000000], CPU: [640000], bundle_group_8614e87c67f590024f565ffa771501000000: [80000000], CPU_group_2_8614e87c67f590024f565ffa771501000000: [10000], bundle_group_7_8614e87c67f590024f565ffa771501000000: [10000000], CPU_group_8614e87c67f590024f565ffa771501000000: [80000], accelerator_type:B200: [10000], bundle_group_1_8614e87c67f590024f565ffa771501000000: [10000000], object_store_memory: [42949672960000], GPU_group_8614e87c67f590024f565ffa771501000000: [10000, 10000, 10000, 10000, 10000, 10000, 10000, 10000], bundle_group_5_8614e87c67f590024f565ffa771501000000: [10000000], GPU_group_5_8614e87c67f590024f565ffa771501000000: [0, 0, 0, 0, 10000, 0, 0, 0], GPU_group_3_8614e87c67f590024f565ffa771501000000: [0, 0, 10000, 0, 0, 0, 0, 0], CPU_group_3_8614e87c67f590024f565ffa771501000000: [10000], bundle_group_3_8614e87c67f590024f565ffa771501000000: [10000000], GPU_group_8_8614e87c67f590024f565ffa771501000000: [0, 0, 0, 0, 0, 0, 0, 10000], CPU_group_4_8614e87c67f590024f565ffa771501000000: [10000], CPU_group_8_8614e87c67f590024f565ffa771501000000: [10000], memory: [32418548654080000], bundle_group_2_8614e87c67f590024f565ffa771501000000: [10000000], bundle_group_8_8614e87c67f590024f565ffa771501000000: [10000000], GPU_group_2_8614e87c67f590024f565ffa771501000000: [0, 10000, 0, 0, 0, 0, 0, 0], GPU_group_4_8614e87c67f590024f565ffa771501000000: [0, 0, 0, 10000, 0, 0, 0, 0], GPU_group_6_8614e87c67f590024f565ffa771501000000: [0, 0, 0, 0, 0, 10000, 0, 0], GPU_group_1_8614e87c67f590024f565ffa771501000000: [10000, 0, 0, 0, 0, 0, 0, 0], node:10.244.13.18: [10000], CPU_group_5_8614e87c67f590024f565ffa771501000000: [10000], GPU_group_7_8614e87c67f590024f565ffa771501000000: [0, 0, 0, 0, 0, 0, 10000, 0], bundle_group_4_8614e87c67f590024f565ffa771501000000: [10000000], CPU_group_1_8614e87c67f590024f565ffa771501000000: [10000], GPU: [10000, 10000, 10000, 10000, 10000, 10000, 10000, 10000]}, "available": {CPU_group_6_8614e87c67f590024f565ffa771501000000: [6000], CPU_group_7_8614e87c67f590024f565ffa771501000000: [6000], bundle_group_6_8614e87c67f590024f565ffa771501000000: [9999990], CPU: [560000], bundle_group_8614e87c67f590024f565ffa771501000000: [79999920], CPU_group_2_8614e87c67f590024f565ffa771501000000: [6000], bundle_group_7_8614e87c67f590024f565ffa771501000000: [9999990], CPU_group_8614e87c67f590024f565ffa771501000000: [48000], accelerator_type:B200: [10000], bundle_group_1_8614e87c67f590024f565ffa771501000000: [9999990], object_store_memory: [42949672960000], GPU_group_8614e87c67f590024f565ffa771501000000: [6000, 6000, 6000, 6000, 6000, 6000, 6000, 6000], bundle_group_5_8614e87c67f590024f565ffa771501000000: [9999990], GPU_group_5_8614e87c67f590024f565ffa771501000000: [0, 0, 0, 0, 6000, 0, 0, 0], GPU_group_3_8614e87c67f590024f565ffa771501000000: [0, 0, 6000, 0, 0, 0, 0, 0], CPU_group_3_8614e87c67f590024f565ffa771501000000: [6000], bundle_group_3_8614e87c67f590024f565ffa771501000000: [9999990], GPU_group_8_8614e87c67f590024f565ffa771501000000: [0, 0, 0, 0, 0, 0, 0, 6000], CPU_group_4_8614e87c67f590024f565ffa771501000000: [6000], CPU_group_8_8614e87c67f590024f565ffa771501000000: [6000], memory: [32418548654080000], bundle_group_2_8614e87c67f590024f565ffa771501000000: [9999990], bundle_group_8_8614e87c67f590024f565ffa771501000000: [9999990], GPU_group_2_8614e87c67f590024f565ffa771501000000: [0, 6000, 0, 0, 0, 0, 0, 0], GPU_group_4_8614e87c67f590024f565ffa771501000000: [0, 0, 0, 6000, 0, 0, 0, 0], GPU_group_6_8614e87c67f590024f565ffa771501000000: [0, 0, 0, 0, 0, 6000, 0, 0], GPU_group_1_8614e87c67f590024f565ffa771501000000: [6000, 0, 0, 0, 0, 0, 0, 0], node:10.244.13.18: [10000], CPU_group_5_8614e87c67f590024f565ffa771501000000: [6000], GPU_group_7_8614e87c67f590024f565ffa771501000000: [0, 0, 0, 0, 0, 0, 6000, 0], bundle_group_4_8614e87c67f590024f565ffa771501000000: [9999990], CPU_group_1_8614e87c67f590024f565ffa771501000000: [6000], GPU: [0, 0, 0, 0, 0, 0, 0, 0]}, "labels":{"ray.io/accelerator-type":"B200","ray.io/node-id":"5a1736abfe100329c9e05ff3a3f920e3696f0c41773d8bb025d15fe0"}} is_draining: 0 is_idle: 0 Cluster resources (at most 20 nodes are shown): node id: -5100000704351949267{"total":{CPU_group_9_8614e87c67f590024f565ffa771501000000: 10000, GPU_group_15_8614e87c67f590024f565ffa771501000000: 10000, GPU_group_0_8614e87c67f590024f565ffa771501000000: 10000, GPU_group_12_8614e87c67f590024f565ffa771501000000: 10000, node:__internal_head__: 10000, bundle_group_11_8614e87c67f590024f565ffa771501000000: 10000000, GPU_group_14_8614e87c67f590024f565ffa771501000000: 10000, CPU_group_10_8614e87c67f590024f565ffa771501000000: 10000, CPU_group_0_8614e87c67f590024f565ffa771501000000: 10000, CPU_group_13_8614e87c67f590024f565ffa771501000000: 10000, GPU_group_11_8614e87c67f590024f565ffa771501000000: 10000, GPU: 80000, bundle_group_0_8614e87c67f590024f565ffa771501000000: 10000000, CPU_group_11_8614e87c67f590024f565ffa771501000000: 10000, CPU: 640000, GPU_group_13_8614e87c67f590024f565ffa771501000000: 10000, CPU_group_14_8614e87c67f590024f565ffa771501000000: 10000, bundle_group_10_8614e87c67f590024f565ffa771501000000: 10000000, bundle_group_15_8614e87c67f590024f565ffa771501000000: 10000000, bundle_group_9_8614e87c67f590024f565ffa771501000000: 10000000, CPU_group_8614e87c67f590024f565ffa771501000000: 80000, GPU_group_10_8614e87c67f590024f565ffa771501000000: 10000, accelerator_type:B200: 10000, bundle_group_8614e87c67f590024f565ffa771501000000: 80000000, bundle_group_12_8614e87c67f590024f565ffa771501000000: 10000000, node:10.244.18.139: 10000, object_store_memory: 42949672960000, GPU_group_9_8614e87c67f590024f565ffa771501000000: 10000, GPU_group_8614e87c67f590024f565ffa771501000000: 80000, CPU_group_15_8614e87c67f590024f565ffa771501000000: 10000, bundle_group_13_8614e87c67f590024f565ffa771501000000: 10000000, CPU_group_12_8614e87c67f590024f565ffa771501000000: 10000, bundle_group_14_8614e87c67f590024f565ffa771501000000: 10000000, memory: 32397615636480000}, "available": {GPU_group_15_8614e87c67f590024f565ffa771501000000: 6000, CPU_group_9_8614e87c67f590024f565ffa771501000000: 6000, GPU_group_12_8614e87c67f590024f565ffa771501000000: 6000, GPU_group_0_8614e87c67f590024f565ffa771501000000: 6000, node:__internal_head__: 10000, bundle_group_11_8614e87c67f590024f565ffa771501000000: 9999990, GPU_group_14_8614e87c67f590024f565ffa771501000000: 6000, CPU_group_10_8614e87c67f590024f565ffa771501000000: 6000, CPU_group_0_8614e87c67f590024f565ffa771501000000: 6000, CPU_group_11_8614e87c67f590024f565ffa771501000000: 6000, GPU_group_11_8614e87c67f590024f565ffa771501000000: 6000, bundle_group_0_8614e87c67f590024f565ffa771501000000: 9999990, CPU_group_13_8614e87c67f590024f565ffa771501000000: 6000, CPU: 540000, GPU_group_13_8614e87c67f590024f565ffa771501000000: 6000, CPU_group_14_8614e87c67f590024f565ffa771501000000: 6000, bundle_group_10_8614e87c67f590024f565ffa771501000000: 9999990, bundle_group_15_8614e87c67f590024f565ffa771501000000: 9999990, bundle_group_9_8614e87c67f590024f565ffa771501000000: 9999990, CPU_group_8614e87c67f590024f565ffa771501000000: 48000, GPU_group_10_8614e87c67f590024f565ffa771501000000: 6000, accelerator_type:B200: 10000, bundle_group_8614e87c67f590024f565ffa771501000000: 79999920, bundle_group_12_8614e87c67f590024f565ffa771501000000: 9999990, object_store_memory: 42949672960000, GPU_group_9_8614e87c67f590024f565ffa771501000000: 6000, node:10.244.18.139: 10000, GPU_group_8614e87c67f590024f565ffa771501000000: 48000, CPU_group_15_8614e87c67f590024f565ffa771501000000: 6000, bundle_group_13_8614e87c67f590024f565ffa771501000000: 9999990, bundle_group_14_8614e87c67f590024f565ffa771501000000: 9999990, CPU_group_12_8614e87c67f590024f565ffa771501000000: 6000, memory: 32397615636480000}, "labels":{"ray.io/accelerator-type":"B200","ray.io/node-id":"b668a6c13d1b7186690b035979a815ca1ce93506fd27e5e4ac7a3f5d"}, "is_draining": 0, "draining_deadline_timestamp_ms": -1}node id: 6958755133317569349{"total":{bundle_group_28_8614e87c67f590024f565ffa771501000000: 10000000, CPU_group_8614e87c67f590024f565ffa771501000000: 80000, accelerator_type:B200: 10000, bundle_group_8614e87c67f590024f565ffa771501000000: 80000000, GPU_group_27_8614e87c67f590024f565ffa771501000000: 10000, GPU_group_26_8614e87c67f590024f565ffa771501000000: 10000, GPU_group_25_8614e87c67f590024f565ffa771501000000: 10000, bundle_group_16_8614e87c67f590024f565ffa771501000000: 10000000, CPU: 640000, bundle_group_31_8614e87c67f590024f565ffa771501000000: 10000000, CPU_group_29_8614e87c67f590024f565ffa771501000000: 10000, CPU_group_30_8614e87c67f590024f565ffa771501000000: 10000, bundle_group_25_8614e87c67f590024f565ffa771501000000: 10000000, CPU_group_16_8614e87c67f590024f565ffa771501000000: 10000, GPU_group_16_8614e87c67f590024f565ffa771501000000: 10000, memory: 32418469068800000, GPU_group_29_8614e87c67f590024f565ffa771501000000: 10000, bundle_group_26_8614e87c67f590024f565ffa771501000000: 10000000, object_store_memory: 42949672960000, GPU_group_8614e87c67f590024f565ffa771501000000: 80000, node:10.244.180.242: 10000, GPU_group_31_8614e87c67f590024f565ffa771501000000: 10000, GPU_group_28_8614e87c67f590024f565ffa771501000000: 10000, bundle_group_29_8614e87c67f590024f565ffa771501000000: 10000000, GPU_group_30_8614e87c67f590024f565ffa771501000000: 10000, bundle_group_30_8614e87c67f590024f565ffa771501000000: 10000000, CPU_group_27_8614e87c67f590024f565ffa771501000000: 10000, CPU_group_26_8614e87c67f590024f565ffa771501000000: 10000, GPU: 80000, CPU_group_28_8614e87c67f590024f565ffa771501000000: 10000, CPU_group_25_8614e87c67f590024f565ffa771501000000: 10000, CPU_group_31_8614e87c67f590024f565ffa771501000000: 10000, bundle_group_27_8614e87c67f590024f565ffa771501000000: 10000000}, "available": {bundle_group_28_8614e87c67f590024f565ffa771501000000: 10000000, CPU_group_8614e87c67f590024f565ffa771501000000: 78000, accelerator_type:B200: 10000, bundle_group_8614e87c67f590024f565ffa771501000000: 79999990, GPU_group_27_8614e87c67f590024f565ffa771501000000: 10000, GPU_group_26_8614e87c67f590024f565ffa771501000000: 10000, GPU_group_25_8614e87c67f590024f565ffa771501000000: 10000, bundle_group_16_8614e87c67f590024f565ffa771501000000: 9999990, CPU: 560000, bundle_group_31_8614e87c67f590024f565ffa771501000000: 10000000, CPU_group_29_8614e87c67f590024f565ffa771501000000: 10000, CPU_group_30_8614e87c67f590024f565ffa771501000000: 10000, bundle_group_25_8614e87c67f590024f565ffa771501000000: 10000000, CPU_group_16_8614e87c67f590024f565ffa771501000000: 8000, GPU_group_16_8614e87c67f590024f565ffa771501000000: 8000, memory: 32418469068800000, GPU_group_29_8614e87c67f590024f565ffa771501000000: 10000, bundle_group_26_8614e87c67f590024f565ffa771501000000: 10000000, object_store_memory: 42949672960000, GPU_group_8614e87c67f590024f565ffa771501000000: 78000, GPU_group_31_8614e87c67f590024f565ffa771501000000: 10000, node:10.244.180.242: 10000, GPU_group_28_8614e87c67f590024f565ffa771501000000: 10000, bundle_group_29_8614e87c67f590024f565ffa771501000000: 10000000, GPU_group_30_8614e87c67f590024f565ffa771501000000: 10000, bundle_group_30_8614e87c67f590024f565ffa771501000000: 10000000, CPU_group_27_8614e87c67f590024f565ffa771501000000: 10000, CPU_group_26_8614e87c67f590024f565ffa771501000000: 10000, CPU_group_28_8614e87c67f590024f565ffa771501000000: 10000, CPU_group_25_8614e87c67f590024f565ffa771501000000: 10000, CPU_group_31_8614e87c67f590024f565ffa771501000000: 10000, bundle_group_27_8614e87c67f590024f565ffa771501000000: 10000000}, "labels":{"ray.io/node-id":"91950bc728379b818b838deb2fb43ac0b302dd8af091673234e82d95","ray.io/accelerator-type":"B200"}, "is_draining": 0, "draining_deadline_timestamp_ms": -1}node id: -1681695659902243193{"total":{bundle_group_8614e87c67f590024f565ffa771501000000: 80000000, CPU_group_2_8614e87c67f590024f565ffa771501000000: 10000, bundle_group_7_8614e87c67f590024f565ffa771501000000: 10000000, CPU_group_8614e87c67f590024f565ffa771501000000: 80000, accelerator_type:B200: 10000, CPU_group_7_8614e87c67f590024f565ffa771501000000: 10000, bundle_group_6_8614e87c67f590024f565ffa771501000000: 10000000, CPU: 640000, CPU_group_4_8614e87c67f590024f565ffa771501000000: 10000, memory: 32418548654080000, CPU_group_8_8614e87c67f590024f565ffa771501000000: 10000, bundle_group_2_8614e87c67f590024f565ffa771501000000: 10000000, object_store_memory: 42949672960000, bundle_group_1_8614e87c67f590024f565ffa771501000000: 10000000, bundle_group_5_8614e87c67f590024f565ffa771501000000: 10000000, GPU_group_8614e87c67f590024f565ffa771501000000: 80000, GPU_group_3_8614e87c67f590024f565ffa771501000000: 10000, GPU_group_5_8614e87c67f590024f565ffa771501000000: 10000, CPU_group_3_8614e87c67f590024f565ffa771501000000: 10000, GPU_group_8_8614e87c67f590024f565ffa771501000000: 10000, bundle_group_3_8614e87c67f590024f565ffa771501000000: 10000000, GPU_group_7_8614e87c67f590024f565ffa771501000000: 10000, CPU_group_5_8614e87c67f590024f565ffa771501000000: 10000, bundle_group_8_8614e87c67f590024f565ffa771501000000: 10000000, GPU_group_1_8614e87c67f590024f565ffa771501000000: 10000, GPU_group_6_8614e87c67f590024f565ffa771501000000: 10000, GPU_group_4_8614e87c67f590024f565ffa771501000000: 10000, node:10.244.13.18: 10000, GPU_group_2_8614e87c67f590024f565ffa771501000000: 10000, CPU_group_1_8614e87c67f590024f565ffa771501000000: 10000, GPU: 80000, CPU_group_6_8614e87c67f590024f565ffa771501000000: 10000, bundle_group_4_8614e87c67f590024f565ffa771501000000: 10000000}, "available": {bundle_group_8614e87c67f590024f565ffa771501000000: 79999920, CPU_group_2_8614e87c67f590024f565ffa771501000000: 6000, bundle_group_7_8614e87c67f590024f565ffa771501000000: 9999990, CPU_group_8614e87c67f590024f565ffa771501000000: 48000, accelerator_type:B200: 10000, CPU_group_7_8614e87c67f590024f565ffa771501000000: 6000, bundle_group_6_8614e87c67f590024f565ffa771501000000: 9999990, CPU: 560000, CPU_group_4_8614e87c67f590024f565ffa771501000000: 6000, memory: 32418548654080000, CPU_group_8_8614e87c67f590024f565ffa771501000000: 6000, bundle_group_2_8614e87c67f590024f565ffa771501000000: 9999990, object_store_memory: 42949672960000, bundle_group_1_8614e87c67f590024f565ffa771501000000: 9999990, bundle_group_5_8614e87c67f590024f565ffa771501000000: 9999990, GPU_group_8614e87c67f590024f565ffa771501000000: 48000, GPU_group_5_8614e87c67f590024f565ffa771501000000: 6000, bundle_group_3_8614e87c67f590024f565ffa771501000000: 9999990, GPU_group_3_8614e87c67f590024f565ffa771501000000: 6000, GPU_group_8_8614e87c67f590024f565ffa771501000000: 6000, CPU_group_3_8614e87c67f590024f565ffa771501000000: 6000, GPU_group_7_8614e87c67f590024f565ffa771501000000: 6000, CPU_group_5_8614e87c67f590024f565ffa771501000000: 6000, bundle_group_8_8614e87c67f590024f565ffa771501000000: 9999990, GPU_group_1_8614e87c67f590024f565ffa771501000000: 6000, GPU_group_6_8614e87c67f590024f565ffa771501000000: 6000, GPU_group_4_8614e87c67f590024f565ffa771501000000: 6000, node:10.244.13.18: 10000, GPU_group_2_8614e87c67f590024f565ffa771501000000: 6000, CPU_group_1_8614e87c67f590024f565ffa771501000000: 6000, CPU_group_6_8614e87c67f590024f565ffa771501000000: 6000, bundle_group_4_8614e87c67f590024f565ffa771501000000: 9999990}, "labels":{"ray.io/accelerator-type":"B200","ray.io/node-id":"5a1736abfe100329c9e05ff3a3f920e3696f0c41773d8bb025d15fe0"}, "is_draining": 0, "draining_deadline_timestamp_ms": -1}node id: 346506708453796848{"total":{GPU_group_22_8614e87c67f590024f565ffa771501000000: 10000, GPU_group_23_8614e87c67f590024f565ffa771501000000: 10000, bundle_group_20_8614e87c67f590024f565ffa771501000000: 10000000, GPU: 80000, CPU_group_20_8614e87c67f590024f565ffa771501000000: 10000, GPU_group_20_8614e87c67f590024f565ffa771501000000: 10000, bundle_group_24_8614e87c67f590024f565ffa771501000000: 10000000, CPU_group_18_8614e87c67f590024f565ffa771501000000: 10000, CPU_group_21_8614e87c67f590024f565ffa771501000000: 10000, GPU_group_21_8614e87c67f590024f565ffa771501000000: 10000, bundle_group_19_8614e87c67f590024f565ffa771501000000: 10000000, CPU_group_22_8614e87c67f590024f565ffa771501000000: 10000, bundle_group_17_8614e87c67f590024f565ffa771501000000: 10000000, bundle_group_18_8614e87c67f590024f565ffa771501000000: 10000000, bundle_group_22_8614e87c67f590024f565ffa771501000000: 10000000, GPU_group_24_8614e87c67f590024f565ffa771501000000: 10000, CPU_group_23_8614e87c67f590024f565ffa771501000000: 10000, GPU_group_17_8614e87c67f590024f565ffa771501000000: 10000, GPU_group_18_8614e87c67f590024f565ffa771501000000: 10000, memory: 32418463825920000, CPU_group_17_8614e87c67f590024f565ffa771501000000: 10000, GPU_group_8614e87c67f590024f565ffa771501000000: 80000, object_store_memory: 42949672960000, bundle_group_21_8614e87c67f590024f565ffa771501000000: 10000000, bundle_group_23_8614e87c67f590024f565ffa771501000000: 10000000, node:10.244.218.62: 10000, bundle_group_8614e87c67f590024f565ffa771501000000: 80000000, accelerator_type:B200: 10000, GPU_group_19_8614e87c67f590024f565ffa771501000000: 10000, CPU_group_8614e87c67f590024f565ffa771501000000: 80000, CPU_group_24_8614e87c67f590024f565ffa771501000000: 10000, CPU: 640000, CPU_group_19_8614e87c67f590024f565ffa771501000000: 10000}, "available": {bundle_group_8614e87c67f590024f565ffa771501000000: 79999990, CPU_group_18_8614e87c67f590024f565ffa771501000000: 10000, bundle_group_19_8614e87c67f590024f565ffa771501000000: 10000000, CPU_group_8614e87c67f590024f565ffa771501000000: 78000, GPU_group_19_8614e87c67f590024f565ffa771501000000: 10000, accelerator_type:B200: 10000, CPU_group_24_8614e87c67f590024f565ffa771501000000: 10000, CPU_group_19_8614e87c67f590024f565ffa771501000000: 10000, CPU: 560000, memory: 32418463825920000, CPU_group_17_8614e87c67f590024f565ffa771501000000: 8000, bundle_group_21_8614e87c67f590024f565ffa771501000000: 10000000, object_store_memory: 42949672960000, GPU_group_8614e87c67f590024f565ffa771501000000: 78000, bundle_group_23_8614e87c67f590024f565ffa771501000000: 10000000, node:10.244.218.62: 10000, CPU_group_22_8614e87c67f590024f565ffa771501000000: 10000, bundle_group_17_8614e87c67f590024f565ffa771501000000: 9999990, bundle_group_18_8614e87c67f590024f565ffa771501000000: 10000000, CPU_group_23_8614e87c67f590024f565ffa771501000000: 10000, GPU_group_24_8614e87c67f590024f565ffa771501000000: 10000, bundle_group_22_8614e87c67f590024f565ffa771501000000: 10000000, GPU_group_18_8614e87c67f590024f565ffa771501000000: 10000, GPU_group_17_8614e87c67f590024f565ffa771501000000: 8000, GPU_group_22_8614e87c67f590024f565ffa771501000000: 10000, bundle_group_20_8614e87c67f590024f565ffa771501000000: 10000000, GPU_group_23_8614e87c67f590024f565ffa771501000000: 10000, GPU_group_20_8614e87c67f590024f565ffa771501000000: 10000, CPU_group_20_8614e87c67f590024f565ffa771501000000: 10000, bundle_group_24_8614e87c67f590024f565ffa771501000000: 10000000, GPU_group_21_8614e87c67f590024f565ffa771501000000: 10000, CPU_group_21_8614e87c67f590024f565ffa771501000000: 10000}, "labels":{"ray.io/node-id":"137ca386e65d980acbeff863eda6c65487ee6942bccc8db1236dc36e","ray.io/accelerator-type":"B200"}, "is_draining": 0, "draining_deadline_timestamp_ms": -1} { "placement group locations": [], "node to bundles": []}
[state-dump] Waiting leases size: 0
[state-dump] Number of granted lease arguments: 0
[state-dump] Number of pinned lease arguments: 0
[state-dump] Total size of pinned lease arguments: 0
[state-dump] Number of total spilled leases: 0
[state-dump] Number of spilled waiting leases: 0
[state-dump] Number of spilled unschedulable leases: 0
[state-dump] Resource usage {
[state-dump]     - (language=PYTHON actor_or_taskMegatronTrainRayActor.__init__ pid=960 worker_id=a9bc9faf934d79652d9f51f4b3a8ae687f183aad5e231512ece05a0e): {bundle_group_7_8614e87c67f590024f565ffa771501000000: 0.001, CPU_group_8614e87c67f590024f565ffa771501000000: 0.4, GPU_group_7_8614e87c67f590024f565ffa771501000000: 0.4, bundle_group_8614e87c67f590024f565ffa771501000000: 0.001, CPU_group_7_8614e87c67f590024f565ffa771501000000: 0.4, GPU_group_8614e87c67f590024f565ffa771501000000: 0.4}
[state-dump]     - (language=PYTHON actor_or_taskMegatronTrainRayActor.__init__ pid=959 worker_id=cdcada990c364655aa3c0f9c6bccf0203189a4361f0949466abeece3): {GPU_group_6_8614e87c67f590024f565ffa771501000000: 0.4, bundle_group_6_8614e87c67f590024f565ffa771501000000: 0.001, GPU_group_8614e87c67f590024f565ffa771501000000: 0.4, bundle_group_8614e87c67f590024f565ffa771501000000: 0.001, CPU_group_6_8614e87c67f590024f565ffa771501000000: 0.4, CPU_group_8614e87c67f590024f565ffa771501000000: 0.4}
[state-dump]     - (language=PYTHON actor_or_taskMegatronTrainRayActor.__init__ pid=965 worker_id=136546f248884d2dc9fd21b946db50be3709536bcc5ac432a4424196): {bundle_group_5_8614e87c67f590024f565ffa771501000000: 0.001, GPU_group_8614e87c67f590024f565ffa771501000000: 0.4, GPU_group_5_8614e87c67f590024f565ffa771501000000: 0.4, bundle_group_8614e87c67f590024f565ffa771501000000: 0.001, CPU_group_5_8614e87c67f590024f565ffa771501000000: 0.4, CPU_group_8614e87c67f590024f565ffa771501000000: 0.4}
[state-dump]     - (language=PYTHON actor_or_taskMegatronTrainRayActor.__init__ pid=961 worker_id=ec06ade875864bdbb80ae3f1b19a8be1abd78ad89338d48eb1d001af): {CPU_group_8614e87c67f590024f565ffa771501000000: 0.4, GPU_group_8614e87c67f590024f565ffa771501000000: 0.4, CPU_group_4_8614e87c67f590024f565ffa771501000000: 0.4, bundle_group_4_8614e87c67f590024f565ffa771501000000: 0.001, bundle_group_8614e87c67f590024f565ffa771501000000: 0.001, GPU_group_4_8614e87c67f590024f565ffa771501000000: 0.4}
[state-dump]     - (language=PYTHON actor_or_taskMegatronTrainRayActor.__init__ pid=962 worker_id=ca6cb88024162bf07716ce2c88c2fb4113d3b1e347331c5dd5e35cfb): {GPU_group_3_8614e87c67f590024f565ffa771501000000: 0.4, GPU_group_8614e87c67f590024f565ffa771501000000: 0.4, CPU_group_8614e87c67f590024f565ffa771501000000: 0.4, bundle_group_8614e87c67f590024f565ffa771501000000: 0.001, bundle_group_3_8614e87c67f590024f565ffa771501000000: 0.001, CPU_group_3_8614e87c67f590024f565ffa771501000000: 0.4}
[state-dump]     - (language=PYTHON actor_or_taskMegatronTrainRayActor.__init__ pid=963 worker_id=062ee74904ba1e2a3b770071417d9b3415af75b383dc6c62f90e84d8): {CPU_group_2_8614e87c67f590024f565ffa771501000000: 0.4, bundle_group_8614e87c67f590024f565ffa771501000000: 0.001, GPU_group_8614e87c67f590024f565ffa771501000000: 0.4, CPU_group_8614e87c67f590024f565ffa771501000000: 0.4, GPU_group_2_8614e87c67f590024f565ffa771501000000: 0.4, bundle_group_2_8614e87c67f590024f565ffa771501000000: 0.001}
[state-dump]     - (language=PYTHON actor_or_taskMegatronTrainRayActor.__init__ pid=964 worker_id=a6daf3a2ba673f0b1ab7f9b6574c645d591c1c94493d7905906c216f): {CPU_group_8_8614e87c67f590024f565ffa771501000000: 0.4, CPU_group_8614e87c67f590024f565ffa771501000000: 0.4, GPU_group_8_8614e87c67f590024f565ffa771501000000: 0.4, bundle_group_8614e87c67f590024f565ffa771501000000: 0.001, bundle_group_8_8614e87c67f590024f565ffa771501000000: 0.001, GPU_group_8614e87c67f590024f565ffa771501000000: 0.4}
[state-dump]     - (language=PYTHON actor_or_taskMegatronTrainRayActor.__init__ pid=856 worker_id=5cc4ed1f0649d6976ed683211055eb3665137c692d18f2735c16f6ce): {GPU_group_8614e87c67f590024f565ffa771501000000: 0.4, GPU_group_1_8614e87c67f590024f565ffa771501000000: 0.4, bundle_group_1_8614e87c67f590024f565ffa771501000000: 0.001, bundle_group_8614e87c67f590024f565ffa771501000000: 0.001, CPU_group_8614e87c67f590024f565ffa771501000000: 0.4, CPU_group_1_8614e87c67f590024f565ffa771501000000: 0.4}
[state-dump] }
[state-dump] Backlog Size per scheduling descriptor :{workerId: num backlogs}:
[state-dump] 
[state-dump] Granted leases by scheduling class:
[state-dump] ==================================================
[state-dump] 
[state-dump] ClusterResources:
[state-dump] LocalObjectManager:
[state-dump] - num pinned objects: 0
[state-dump] - pinned objects size: 0
[state-dump] - num objects pending restore: 0
[state-dump] - num objects pending spill: 0
[state-dump] - num bytes pending spill: 0
[state-dump] - num bytes currently spilled: 0
[state-dump] - cumulative spill requests: 0
[state-dump] - cumulative restore requests: 0
[state-dump] - spilled objects pending delete: 0
[state-dump] 
[state-dump] ObjectManager:
[state-dump] - num local objects: 0
[state-dump] - num unfulfilled push requests: 0
[state-dump] - num object pull requests: 0
[state-dump] - num chunks received total: 0
[state-dump] - num chunks received failed (all): 0
[state-dump] - num chunks received failed / cancelled: 0
[state-dump] - num chunks received failed / plasma error: 0
[state-dump] Event stats:
[state-dump] Global stats: 0 total (0 active)
[state-dump] Queueing time: mean = -nanms, max = -0.00ms, min = 9223372036854.78ms, total = 0.00ms
[state-dump] Execution time:  mean = -nanms, total = 0.00ms
[state-dump] Event stats:
[state-dump] PushManager:
[state-dump] - num pushes remaining: 0
[state-dump] - num chunks in flight: 0
[state-dump] - num chunks remaining: 0
[state-dump] - max chunks allowed: 409
[state-dump] OwnershipBasedObjectDirectory:
[state-dump] - num listeners: 0
[state-dump] - cumulative location updates: 0
[state-dump] - num location updates per second: 0.000
[state-dump] - num location lookups per second: 0.000
[state-dump] - num locations added per second: 0.000
[state-dump] - num locations removed per second: 0.000
[state-dump] BufferPool:
[state-dump] - create buffer state map size: 0
[state-dump] PullManager:
[state-dump] - num bytes available for pulled objects: 4294967296
[state-dump] - num bytes being pulled (all): 0
[state-dump] - num bytes being pulled / pinned: 0
[state-dump] - get request bundles: BundlePullRequestQueue{0 total, 0 active, 0 inactive, 0 unpullable}
[state-dump] - wait request bundles: BundlePullRequestQueue{0 total, 0 active, 0 inactive, 0 unpullable}
[state-dump] - task request bundles: BundlePullRequestQueue{0 total, 0 active, 0 inactive, 0 unpullable}
[state-dump] - first get request bundle: N/A
[state-dump] - first wait request bundle: N/A
[state-dump] - first task request bundle: N/A
[state-dump] - num objects queued: 0
[state-dump] - num objects actively pulled (all): 0
[state-dump] - num objects actively pulled / pinned: 0
[state-dump] - num bundles being pulled: 0
[state-dump] - num pull retries: 0
[state-dump] - max timeout seconds: 0
[state-dump] - max timeout request is already processed. No entry.
[state-dump] 
[state-dump] WorkerPool:
[state-dump] - registered jobs: 1
[state-dump] - process_failed_job_config_missing: 0
[state-dump] - process_failed_rate_limited: 0
[state-dump] - process_failed_pending_registration: 0
[state-dump] - process_failed_runtime_env_setup_failed: 0
[state-dump] - num PYTHON workers: 8
[state-dump] - num PYTHON drivers: 0
[state-dump] - num PYTHON pending start requests: 0
[state-dump] - num PYTHON pending registration requests: 0
[state-dump] - num object spill callbacks queued: 0
[state-dump] - num object restore queued: 0
[state-dump] - num util functions queued: 0
[state-dump] - num idle workers: 0
[state-dump] LeaseDependencyManager:
[state-dump] - lease deps map size: 0
[state-dump] - get req map size: 0
[state-dump] - wait req map size: 0
[state-dump] - local objects map size: 0
[state-dump] WaitManager:
[state-dump] - num active wait requests: 0
[state-dump] Subscriber:
[state-dump] Channel WORKER_OBJECT_LOCATIONS_CHANNEL
[state-dump] - cumulative subscribe requests: 0
[state-dump] - cumulative unsubscribe requests: 0
[state-dump] - active subscribed publishers: 0
[state-dump] - cumulative published messages: 0
[state-dump] - cumulative processed messages: 0
[state-dump] Channel WORKER_REF_REMOVED_CHANNEL
[state-dump] - cumulative subscribe requests: 0
[state-dump] - cumulative unsubscribe requests: 0
[state-dump] - active subscribed publishers: 0
[state-dump] - cumulative published messages: 0
[state-dump] - cumulative processed messages: 0
[state-dump] num async plasma notifications: 0
[state-dump] Event stats:
[state-dump] Global stats: 13539 total (22 active)
[state-dump] Queueing time: mean = 13.19ms, max = 27206.99ms, min = -0.02ms, total = 178571.77ms
[state-dump] Execution time:  mean = 3.33ms, total = 45092.03ms
[state-dump] Event stats:
[state-dump] 	ObjectManager.UpdateAvailableMemory - 3000 total (0 active), Execution time: mean = 0.00ms, total = 3.09ms, Queueing time: mean = 0.01ms, max = 0.16ms, min = 0.00ms, total = 29.15ms
[state-dump] 	RaySyncer.BroadcastMessageIfNewVersion - 3000 total (1 active), Execution time: mean = 0.00ms, total = 5.85ms, Queueing time: mean = 0.03ms, max = 18.59ms, min = 0.00ms, total = 86.02ms
[state-dump] 	NodeManager.CheckGC - 3000 total (1 active), Execution time: mean = 0.00ms, total = 5.24ms, Queueing time: mean = 0.03ms, max = 18.59ms, min = 0.00ms, total = 87.50ms
[state-dump] 	RayletWorkerPool.deadline_timer.kill_idle_workers - 1500 total (1 active), Execution time: mean = 0.00ms, total = 3.79ms, Queueing time: mean = 0.04ms, max = 23.53ms, min = -0.02ms, total = 62.86ms
[state-dump] 	NodeManager.CheckForUnexpectedWorkerDisconnects - 301 total (1 active), Execution time: mean = 0.01ms, total = 3.23ms, Queueing time: mean = 0.01ms, max = 0.14ms, min = 0.00ms, total = 3.93ms
[state-dump] 	NodeManager.ScheduleAndGrantLeases - 301 total (1 active), Execution time: mean = 0.00ms, total = 1.39ms, Queueing time: mean = 0.02ms, max = 0.14ms, min = 0.00ms, total = 5.88ms
[state-dump] 	NodeManager.deadline_timer.spill_objects_when_over_threshold - 300 total (1 active), Execution time: mean = 0.00ms, total = 0.50ms, Queueing time: mean = 0.18ms, max = 23.80ms, min = 0.00ms, total = 52.76ms
[state-dump] 	NodeManager.deadline_timer.flush_free_objects - 300 total (1 active), Execution time: mean = 0.00ms, total = 0.50ms, Queueing time: mean = 0.18ms, max = 23.80ms, min = 0.00ms, total = 52.76ms
[state-dump] 	NodeManagerService.grpc_server.GetResourceLoad - 300 total (0 active), Execution time: mean = 0.36ms, total = 108.34ms, Queueing time: mean = 0.00ms, max = -0.00ms, min = 9223372036854.78ms, total = 0.00ms
[state-dump] 	NodeManagerService.grpc_server.GetResourceLoad.HandleRequestImpl - 300 total (0 active), Execution time: mean = 0.09ms, total = 26.21ms, Queueing time: mean = 0.02ms, max = 0.06ms, min = 0.00ms, total = 6.34ms
[state-dump] 	CoreWorkerService.grpc_client.GetCoreWorkerStats - 130 total (0 active), Execution time: mean = 0.79ms, total = 102.15ms, Queueing time: mean = 0.00ms, max = -0.00ms, min = 9223372036854.78ms, total = 0.00ms
[state-dump] 	CoreWorkerService.grpc_client.GetCoreWorkerStats.OnReplyReceived - 130 total (0 active), Execution time: mean = 0.02ms, total = 2.35ms, Queueing time: mean = 0.05ms, max = 0.13ms, min = 0.01ms, total = 6.26ms
[state-dump] 	ClusterResourceManager.ResetRemoteNodeView - 101 total (1 active), Execution time: mean = 0.00ms, total = 0.27ms, Queueing time: mean = 0.02ms, max = 0.06ms, min = 0.01ms, total = 1.98ms
[state-dump] 	ClientConnection.async_read.ProcessMessageHeader - 80 total (8 active), Execution time: mean = 0.00ms, total = 0.28ms, Queueing time: mean = 2201.48ms, max = 27206.99ms, min = 0.01ms, total = 176118.00ms
[state-dump] 	ClientConnection.async_read.ProcessMessage - 72 total (0 active), Execution time: mean = 0.39ms, total = 27.79ms, Queueing time: mean = 0.05ms, max = 2.49ms, min = 0.00ms, total = 3.70ms
[state-dump] 	NodeManager.deadline_timer.record_metrics - 60 total (1 active), Execution time: mean = 0.23ms, total = 13.57ms, Queueing time: mean = 0.66ms, max = 23.64ms, min = 0.00ms, total = 39.49ms
[state-dump] 	NodeManagerService.grpc_server.GetAgentPIDs.HandleRequestImpl - 58 total (0 active), Execution time: mean = 0.04ms, total = 2.20ms, Queueing time: mean = 0.04ms, max = 0.11ms, min = 0.00ms, total = 2.44ms
[state-dump] 	NodeManagerService.grpc_server.GetWorkerPIDs.HandleRequestImpl - 58 total (0 active), Execution time: mean = 0.03ms, total = 1.68ms, Queueing time: mean = 0.05ms, max = 1.54ms, min = 0.01ms, total = 2.80ms
[state-dump] 	NodeManagerService.grpc_server.GetAgentPIDs - 58 total (0 active), Execution time: mean = 0.34ms, total = 19.89ms, Queueing time: mean = 0.00ms, max = -0.00ms, min = 9223372036854.78ms, total = 0.00ms
[state-dump] 	NodeManagerService.grpc_server.GetWorkerPIDs - 58 total (0 active), Execution time: mean = 0.31ms, total = 17.86ms, Queueing time: mean = 0.00ms, max = -0.00ms, min = 9223372036854.78ms, total = 0.00ms
[state-dump] 	event_loop_lag_probe - 32 total (0 active), Execution time: mean = 0.02ms, total = 0.57ms, Queueing time: mean = 0.22ms, max = 6.99ms, min = 0.00ms, total = 7.10ms
[state-dump] 	Subscriber.HandlePublishedMessage_GCS_WORKER_DELTA_CHANNEL - 32 total (0 active), Execution time: mean = 0.00ms, total = 0.02ms, Queueing time: mean = 0.07ms, max = 0.10ms, min = 0.03ms, total = 2.39ms
[state-dump] 	NodeManager.deadline_timer.debug_state_dump - 30 total (1 active), Execution time: mean = 1.73ms, total = 52.04ms, Queueing time: mean = 0.01ms, max = 0.03ms, min = 0.00ms, total = 0.34ms
[state-dump] 	 - 28 total (0 active), Execution time: mean = 0.08ms, total = 2.34ms, Queueing time: mean = 0.74ms, max = 19.87ms, min = 0.00ms, total = 20.69ms
[state-dump] 	RaySyncer.BroadcastMessage - 28 total (0 active), Execution time: mean = 0.09ms, total = 2.42ms, Queueing time: mean = 0.00ms, max = 0.00ms, min = 0.00ms, total = 0.01ms
[state-dump] 	NodeManagerService.grpc_server.GetNodeStats.HandleRequestImpl - 20 total (0 active), Execution time: mean = 0.46ms, total = 9.27ms, Queueing time: mean = 0.03ms, max = 0.05ms, min = 0.01ms, total = 0.55ms
[state-dump] 	NodeManagerService.grpc_server.GetNodeStats - 20 total (0 active), Execution time: mean = 1.48ms, total = 29.62ms, Queueing time: mean = 0.00ms, max = -0.00ms, min = 9223372036854.78ms, total = 0.00ms
[state-dump] 	ObjectManager.ObjectDeleted - 16 total (0 active), Execution time: mean = 0.01ms, total = 0.10ms, Queueing time: mean = 0.01ms, max = 0.03ms, min = 0.01ms, total = 0.20ms
[state-dump] 	NodeManagerService.grpc_server.GetSystemConfig.HandleRequestImpl - 16 total (0 active), Execution time: mean = 0.01ms, total = 0.23ms, Queueing time: mean = 0.01ms, max = 0.04ms, min = 0.01ms, total = 0.20ms
[state-dump] 	ObjectManager.ObjectAdded - 16 total (0 active), Execution time: mean = 0.01ms, total = 0.11ms, Queueing time: mean = 0.01ms, max = 0.12ms, min = 0.00ms, total = 0.23ms
[state-dump] 	NodeManagerService.grpc_server.GetSystemConfig - 16 total (0 active), Execution time: mean = 0.22ms, total = 3.49ms, Queueing time: mean = 0.00ms, max = -0.00ms, min = 9223372036854.78ms, total = 0.00ms
[state-dump] 	NodeManagerService.grpc_server.RequestWorkerLease.HandleRequestImpl - 16 total (0 active), Execution time: mean = 1.47ms, total = 23.55ms, Queueing time: mean = 5.43ms, max = 17.83ms, min = 0.01ms, total = 86.81ms
[state-dump] 	NodeManagerService.grpc_server.RequestWorkerLease - 16 total (0 active), Execution time: mean = 470.59ms, total = 7529.45ms, Queueing time: mean = 0.00ms, max = -0.00ms, min = 9223372036854.78ms, total = 0.00ms
[state-dump] 	ClientConnection.async_write.DoAsyncWrites - 16 total (0 active), Execution time: mean = 0.00ms, total = 0.01ms, Queueing time: mean = 0.01ms, max = 0.02ms, min = 0.00ms, total = 0.18ms
[state-dump] 	PeriodicalRunner.RunFnPeriodically - 13 total (0 active), Execution time: mean = 0.29ms, total = 3.82ms, Queueing time: mean = 144.58ms, max = 624.32ms, min = 0.02ms, total = 1879.51ms
[state-dump] 	ray::rpc::ControlPlanePubSubGcsService.grpc_client.GcsSubscriberPoll - 13 total (1 active), Execution time: mean = 2762.41ms, total = 35911.36ms, Queueing time: mean = 0.00ms, max = -0.00ms, min = 9223372036854.78ms, total = 0.00ms
[state-dump] 	ray::rpc::ControlPlanePubSubGcsService.grpc_client.GcsSubscriberPoll.OnReplyReceived - 12 total (0 active), Execution time: mean = 0.10ms, total = 1.25ms, Queueing time: mean = 0.03ms, max = 0.19ms, min = 0.00ms, total = 0.31ms
[state-dump] 	ray::rpc::WorkerInfoGcsService.grpc_client.ReportWorkerFailure - 8 total (0 active), Execution time: mean = 9.66ms, total = 77.30ms, Queueing time: mean = 0.00ms, max = -0.00ms, min = 9223372036854.78ms, total = 0.00ms
[state-dump] 	NodeManagerService.grpc_server.KillLocalActor - 8 total (0 active), Execution time: mean = 16.68ms, total = 133.42ms, Queueing time: mean = 0.00ms, max = -0.00ms, min = 9223372036854.78ms, total = 0.00ms
[state-dump] 	NodeManagerService.grpc_server.KillLocalActor.HandleRequestImpl - 8 total (0 active), Execution time: mean = 0.17ms, total = 1.35ms, Queueing time: mean = 0.52ms, max = 0.65ms, min = 0.03ms, total = 4.17ms
[state-dump] 	ray::rpc::WorkerInfoGcsService.grpc_client.ReportWorkerFailure.OnReplyReceived - 8 total (0 active), Execution time: mean = 0.01ms, total = 0.07ms, Queueing time: mean = 0.05ms, max = 0.18ms, min = 0.00ms, total = 0.41ms
[state-dump] 	CoreWorkerService.grpc_client.KillActor.OnReplyReceived - 8 total (0 active), Execution time: mean = 0.05ms, total = 0.41ms, Queueing time: mean = 0.02ms, max = 0.12ms, min = 0.00ms, total = 0.16ms
[state-dump] 	CoreWorkerService.grpc_client.KillActor - 8 total (0 active), Execution time: mean = 15.95ms, total = 127.59ms, Queueing time: mean = 0.00ms, max = -0.00ms, min = 9223372036854.78ms, total = 0.00ms
[state-dump] 	ray::rpc::NodeInfoGcsService.grpc_client.CheckAlive.OnReplyReceived - 5 total (0 active), Execution time: mean = 0.02ms, total = 0.10ms, Queueing time: mean = 0.01ms, max = 0.01ms, min = 0.01ms, total = 0.05ms
[state-dump] 	NodeManager.GcsCheckAlive - 5 total (1 active), Execution time: mean = 0.12ms, total = 0.59ms, Queueing time: mean = 0.49ms, max = 0.62ms, min = 0.58ms, total = 2.43ms
[state-dump] 	ray::rpc::NodeInfoGcsService.grpc_client.CheckAlive - 5 total (0 active), Execution time: mean = 0.74ms, total = 3.71ms, Queueing time: mean = 0.00ms, max = -0.00ms, min = 9223372036854.78ms, total = 0.00ms
[state-dump] 	NodeManager.deadline_timer.print_event_loop_stats - 5 total (1 active, 1 running), Execution time: mean = 0.59ms, total = 2.95ms, Queueing time: mean = 0.00ms, max = 0.01ms, min = 0.00ms, total = 0.02ms
[state-dump] 	Subscriber.HandlePublishedMessage_GCS_NODE_ADDRESS_AND_LIVENESS_CHANNEL - 2 total (0 active), Execution time: mean = 0.11ms, total = 0.23ms, Queueing time: mean = 0.25ms, max = 0.27ms, min = 0.23ms, total = 0.50ms
[state-dump] 	ray::rpc::ControlPlanePubSubGcsService.grpc_client.GcsSubscriberCommandBatch - 2 total (0 active), Execution time: mean = 0.72ms, total = 1.43ms, Queueing time: mean = 0.00ms, max = -0.00ms, min = 9223372036854.78ms, total = 0.00ms
[state-dump] 	ray::rpc::ControlPlanePubSubGcsService.grpc_client.GcsSubscriberCommandBatch.OnReplyReceived - 2 total (0 active), Execution time: mean = 0.05ms, total = 0.09ms, Queueing time: mean = 1.63ms, max = 3.14ms, min = 0.11ms, total = 3.25ms
[state-dump] 	RaySyncerRegister - 2 total (0 active), Execution time: mean = 0.00ms, total = 0.00ms, Queueing time: mean = 0.00ms, max = 0.00ms, min = 0.00ms, total = 0.00ms
[state-dump] 	ReporterService.grpc_client.HealthCheck.OnReplyReceived - 1 total (0 active), Execution time: mean = 0.13ms, total = 0.13ms, Queueing time: mean = 0.02ms, max = 0.02ms, min = 0.02ms, total = 0.02ms
[state-dump] 	NodeManager.GCTaskFailureReason - 1 total (1 active), Execution time: mean = 0.00ms, total = 0.00ms, Queueing time: mean = 0.00ms, max = -0.00ms, min = 9223372036854.78ms, total = 0.00ms
[state-dump] 	ReporterService.grpc_client.HealthCheck - 1 total (0 active), Execution time: mean = 190.29ms, total = 190.29ms, Queueing time: mean = 0.00ms, max = -0.00ms, min = 9223372036854.78ms, total = 0.00ms
[state-dump] 	ray::rpc::NodeInfoGcsService.grpc_client.RegisterNode - 1 total (0 active), Execution time: mean = 0.80ms, total = 0.80ms, Queueing time: mean = 0.00ms, max = -0.00ms, min = 9223372036854.78ms, total = 0.00ms
[state-dump] 	NodeManagerService.grpc_server.PrepareBundleResources.HandleRequestImpl - 1 total (0 active), Execution time: mean = 0.85ms, total = 0.85ms, Queueing time: mean = 0.03ms, max = 0.03ms, min = 0.03ms, total = 0.03ms
[state-dump] 	NodeManagerService.grpc_server.PrepareBundleResources - 1 total (0 active), Execution time: mean = 1.19ms, total = 1.19ms, Queueing time: mean = 0.00ms, max = -0.00ms, min = 9223372036854.78ms, total = 0.00ms
[state-dump] 	NodeManagerService.grpc_server.CommitBundleResources - 1 total (0 active), Execution time: mean = 1.45ms, total = 1.45ms, Queueing time: mean = 0.00ms, max = -0.00ms, min = 9223372036854.78ms, total = 0.00ms
[state-dump] 	ray::rpc::InternalKVGcsService.grpc_client.GetInternalConfig - 1 total (0 active), Execution time: mean = 0.89ms, total = 0.89ms, Queueing time: mean = 0.00ms, max = -0.00ms, min = 9223372036854.78ms, total = 0.00ms
[state-dump] 	ray::rpc::NodeInfoGcsService.grpc_client.GetAllNodeAddressAndLiveness.OnReplyReceived - 1 total (0 active), Execution time: mean = 0.11ms, total = 0.11ms, Queueing time: mean = 0.01ms, max = 0.01ms, min = 0.01ms, total = 0.01ms
[state-dump] 	ray::rpc::JobInfoGcsService.grpc_client.GetAllJobInfo.OnReplyReceived - 1 total (0 active), Execution time: mean = 0.01ms, total = 0.01ms, Queueing time: mean = 0.01ms, max = 0.01ms, min = 0.01ms, total = 0.01ms
[state-dump] 	ray::rpc::NodeInfoGcsService.grpc_client.RegisterNode.OnReplyReceived - 1 total (0 active), Execution time: mean = 0.24ms, total = 0.24ms, Queueing time: mean = 0.01ms, max = 0.01ms, min = 0.01ms, total = 0.01ms
[state-dump] 	Subscriber.HandlePublishedMessage_GCS_JOB_CHANNEL - 1 total (0 active), Execution time: mean = 0.04ms, total = 0.04ms, Queueing time: mean = 0.28ms, max = 0.28ms, min = 0.28ms, total = 0.28ms
[state-dump] 	ray::rpc::JobInfoGcsService.grpc_client.GetAllJobInfo - 1 total (0 active), Execution time: mean = 0.69ms, total = 0.69ms, Queueing time: mean = 0.00ms, max = -0.00ms, min = 9223372036854.78ms, total = 0.00ms
[state-dump] 	NodeManagerService.grpc_server.CommitBundleResources.HandleRequestImpl - 1 total (0 active), Execution time: mean = 1.11ms, total = 1.11ms, Queueing time: mean = 0.03ms, max = 0.03ms, min = 0.03ms, total = 0.03ms
[state-dump] 	ray::rpc::NodeInfoGcsService.grpc_client.GetAllNodeAddressAndLiveness - 1 total (0 active), Execution time: mean = 0.75ms, total = 0.75ms, Queueing time: mean = 0.00ms, max = -0.00ms, min = 9223372036854.78ms, total = 0.00ms
[state-dump] 	ray::rpc::InternalKVGcsService.grpc_client.GetInternalConfig.OnReplyReceived - 1 total (0 active), Execution time: mean = 628.39ms, total = 628.39ms, Queueing time: mean = 0.01ms, max = 0.01ms, min = 0.01ms, total = 0.01ms
[state-dump] DebugString() time ms: 0
[state-dump] 
[state-dump] 
[2026-09-03 22:04:28,338 I 79 102] (raylet) store.cc:573: Plasma store debug dump: 
Current usage: 0 / 4.29497 GB
- num bytes created total: 128
0 pending objects of total size 0MB
- objects spillable: 0
- bytes spillable: 0
- objects unsealed: 0
- bytes unsealed: 0
- objects in use: 0
- bytes in use: 0
- objects evictable: 0
- bytes evictable: 0

- objects created by worker: 0
- bytes created by worker: 0
- objects restored: 0
- bytes restored: 0
- objects received: 0
- bytes received: 0
- objects errored: 0
- bytes errored: 0

[2026-09-03 22:04:28,973 I 79 79] (raylet) node_manager.cc:486: [state-dump] NodeManager:
[state-dump] Node ID: 5a1736abfe100329c9e05ff3a3f920e3696f0c41773d8bb025d15fe0
[state-dump] Node name: 10.244.13.18
[state-dump] InitialConfigResources: {GPU: 8, accelerator_type:B200: 1, node:10.244.13.18: 1, object_store_memory: 4.29497e+09, CPU: 64, memory: 3.24185e+12}
[state-dump] ClusterLeaseManager:
[state-dump] ========== Node: 5a1736abfe100329c9e05ff3a3f920e3696f0c41773d8bb025d15fe0 =================
[state-dump] Infeasible queue length: 0
[state-dump] Schedule queue length: 0
[state-dump] Grant queue length: 0
[state-dump] num_waiting_for_resource: 0
[state-dump] num_waiting_for_plasma_memory: 0
[state-dump] num_waiting_for_remote_node_resources: 0
[state-dump] num_worker_not_started_by_job_config_not_exist: 0
[state-dump] num_worker_not_started_by_registration_timeout: 0
[state-dump] num_tasks_waiting_for_workers: 0
[state-dump] num_cancelled_leases: 0
[state-dump] cluster_resource_scheduler state: 
[state-dump] Local id: -1681695659902243193 Local resources: {"total":{CPU_group_6_8614e87c67f590024f565ffa771501000000: [10000], CPU_group_7_8614e87c67f590024f565ffa771501000000: [10000], bundle_group_6_8614e87c67f590024f565ffa771501000000: [10000000], CPU: [640000], bundle_group_8614e87c67f590024f565ffa771501000000: [80000000], CPU_group_2_8614e87c67f590024f565ffa771501000000: [10000], bundle_group_7_8614e87c67f590024f565ffa771501000000: [10000000], CPU_group_8614e87c67f590024f565ffa771501000000: [80000], accelerator_type:B200: [10000], bundle_group_1_8614e87c67f590024f565ffa771501000000: [10000000], object_store_memory: [42949672960000], GPU_group_8614e87c67f590024f565ffa771501000000: [10000, 10000, 10000, 10000, 10000, 10000, 10000, 10000], bundle_group_5_8614e87c67f590024f565ffa771501000000: [10000000], GPU_group_5_8614e87c67f590024f565ffa771501000000: [0, 0, 0, 0, 10000, 0, 0, 0], GPU_group_3_8614e87c67f590024f565ffa771501000000: [0, 0, 10000, 0, 0, 0, 0, 0], CPU_group_3_8614e87c67f590024f565ffa771501000000: [10000], bundle_group_3_8614e87c67f590024f565ffa771501000000: [10000000], GPU_group_8_8614e87c67f590024f565ffa771501000000: [0, 0, 0, 0, 0, 0, 0, 10000], CPU_group_4_8614e87c67f590024f565ffa771501000000: [10000], CPU_group_8_8614e87c67f590024f565ffa771501000000: [10000], memory: [32418548654080000], bundle_group_2_8614e87c67f590024f565ffa771501000000: [10000000], bundle_group_8_8614e87c67f590024f565ffa771501000000: [10000000], GPU_group_2_8614e87c67f590024f565ffa771501000000: [0, 10000, 0, 0, 0, 0, 0, 0], GPU_group_4_8614e87c67f590024f565ffa771501000000: [0, 0, 0, 10000, 0, 0, 0, 0], GPU_group_6_8614e87c67f590024f565ffa771501000000: [0, 0, 0, 0, 0, 10000, 0, 0], GPU_group_1_8614e87c67f590024f565ffa771501000000: [10000, 0, 0, 0, 0, 0, 0, 0], node:10.244.13.18: [10000], CPU_group_5_8614e87c67f590024f565ffa771501000000: [10000], GPU_group_7_8614e87c67f590024f565ffa771501000000: [0, 0, 0, 0, 0, 0, 10000, 0], bundle_group_4_8614e87c67f590024f565ffa771501000000: [10000000], CPU_group_1_8614e87c67f590024f565ffa771501000000: [10000], GPU: [10000, 10000, 10000, 10000, 10000, 10000, 10000, 10000]}, "available": {CPU_group_6_8614e87c67f590024f565ffa771501000000: [6000], CPU_group_7_8614e87c67f590024f565ffa771501000000: [6000], bundle_group_6_8614e87c67f590024f565ffa771501000000: [9999990], CPU: [560000], bundle_group_8614e87c67f590024f565ffa771501000000: [79999920], CPU_group_2_8614e87c67f590024f565ffa771501000000: [6000], bundle_group_7_8614e87c67f590024f565ffa771501000000: [9999990], CPU_group_8614e87c67f590024f565ffa771501000000: [48000], accelerator_type:B200: [10000], bundle_group_1_8614e87c67f590024f565ffa771501000000: [9999990], object_store_memory: [42949672960000], GPU_group_8614e87c67f590024f565ffa771501000000: [6000, 6000, 6000, 6000, 6000, 6000, 6000, 6000], bundle_group_5_8614e87c67f590024f565ffa771501000000: [9999990], GPU_group_5_8614e87c67f590024f565ffa771501000000: [0, 0, 0, 0, 6000, 0, 0, 0], GPU_group_3_8614e87c67f590024f565ffa771501000000: [0, 0, 6000, 0, 0, 0, 0, 0], CPU_group_3_8614e87c67f590024f565ffa771501000000: [6000], bundle_group_3_8614e87c67f590024f565ffa771501000000: [9999990], GPU_group_8_8614e87c67f590024f565ffa771501000000: [0, 0, 0, 0, 0, 0, 0, 6000], CPU_group_4_8614e87c67f590024f565ffa771501000000: [6000], CPU_group_8_8614e87c67f590024f565ffa771501000000: [6000], memory: [32418548654080000], bundle_group_2_8614e87c67f590024f565ffa771501000000: [9999990], bundle_group_8_8614e87c67f590024f565ffa771501000000: [9999990], GPU_group_2_8614e87c67f590024f565ffa771501000000: [0, 6000, 0, 0, 0, 0, 0, 0], GPU_group_4_8614e87c67f590024f565ffa771501000000: [0, 0, 0, 6000, 0, 0, 0, 0], GPU_group_6_8614e87c67f590024f565ffa771501000000: [0, 0, 0, 0, 0, 6000, 0, 0], GPU_group_1_8614e87c67f590024f565ffa771501000000: [6000, 0, 0, 0, 0, 0, 0, 0], node:10.244.13.18: [10000], CPU_group_5_8614e87c67f590024f565ffa771501000000: [6000], GPU_group_7_8614e87c67f590024f565ffa771501000000: [0, 0, 0, 0, 0, 0, 6000, 0], bundle_group_4_8614e87c67f590024f565ffa771501000000: [9999990], CPU_group_1_8614e87c67f590024f565ffa771501000000: [6000], GPU: [0, 0, 0, 0, 0, 0, 0, 0]}, "labels":{"ray.io/accelerator-type":"B200","ray.io/node-id":"5a1736abfe100329c9e05ff3a3f920e3696f0c41773d8bb025d15fe0"}} is_draining: 0 is_idle: 0 Cluster resources (at most 20 nodes are shown): node id: -5100000704351949267{"total":{CPU_group_9_8614e87c67f590024f565ffa771501000000: 10000, GPU_group_15_8614e87c67f590024f565ffa771501000000: 10000, GPU_group_0_8614e87c67f590024f565ffa771501000000: 10000, GPU_group_12_8614e87c67f590024f565ffa771501000000: 10000, node:__internal_head__: 10000, bundle_group_11_8614e87c67f590024f565ffa771501000000: 10000000, GPU_group_14_8614e87c67f590024f565ffa771501000000: 10000, CPU_group_10_8614e87c67f590024f565ffa771501000000: 10000, CPU_group_0_8614e87c67f590024f565ffa771501000000: 10000, CPU_group_13_8614e87c67f590024f565ffa771501000000: 10000, GPU_group_11_8614e87c67f590024f565ffa771501000000: 10000, GPU: 80000, bundle_group_0_8614e87c67f590024f565ffa771501000000: 10000000, CPU_group_11_8614e87c67f590024f565ffa771501000000: 10000, CPU: 640000, GPU_group_13_8614e87c67f590024f565ffa771501000000: 10000, CPU_group_14_8614e87c67f590024f565ffa771501000000: 10000, bundle_group_10_8614e87c67f590024f565ffa771501000000: 10000000, bundle_group_15_8614e87c67f590024f565ffa771501000000: 10000000, bundle_group_9_8614e87c67f590024f565ffa771501000000: 10000000, CPU_group_8614e87c67f590024f565ffa771501000000: 80000, GPU_group_10_8614e87c67f590024f565ffa771501000000: 10000, accelerator_type:B200: 10000, bundle_group_8614e87c67f590024f565ffa771501000000: 80000000, bundle_group_12_8614e87c67f590024f565ffa771501000000: 10000000, node:10.244.18.139: 10000, object_store_memory: 42949672960000, GPU_group_9_8614e87c67f590024f565ffa771501000000: 10000, GPU_group_8614e87c67f590024f565ffa771501000000: 80000, CPU_group_15_8614e87c67f590024f565ffa771501000000: 10000, bundle_group_13_8614e87c67f590024f565ffa771501000000: 10000000, CPU_group_12_8614e87c67f590024f565ffa771501000000: 10000, bundle_group_14_8614e87c67f590024f565ffa771501000000: 10000000, memory: 32397615636480000}, "available": {GPU_group_15_8614e87c67f590024f565ffa771501000000: 6000, CPU_group_9_8614e87c67f590024f565ffa771501000000: 6000, GPU_group_12_8614e87c67f590024f565ffa771501000000: 6000, GPU_group_0_8614e87c67f590024f565ffa771501000000: 6000, node:__internal_head__: 10000, bundle_group_11_8614e87c67f590024f565ffa771501000000: 9999990, GPU_group_14_8614e87c67f590024f565ffa771501000000: 6000, CPU_group_10_8614e87c67f590024f565ffa771501000000: 6000, CPU_group_0_8614e87c67f590024f565ffa771501000000: 6000, CPU_group_11_8614e87c67f590024f565ffa771501000000: 6000, GPU_group_11_8614e87c67f590024f565ffa771501000000: 6000, bundle_group_0_8614e87c67f590024f565ffa771501000000: 9999990, CPU_group_13_8614e87c67f590024f565ffa771501000000: 6000, CPU: 540000, GPU_group_13_8614e87c67f590024f565ffa771501000000: 6000, CPU_group_14_8614e87c67f590024f565ffa771501000000: 6000, bundle_group_10_8614e87c67f590024f565ffa771501000000: 9999990, bundle_group_15_8614e87c67f590024f565ffa771501000000: 9999990, bundle_group_9_8614e87c67f590024f565ffa771501000000: 9999990, CPU_group_8614e87c67f590024f565ffa771501000000: 48000, GPU_group_10_8614e87c67f590024f565ffa771501000000: 6000, accelerator_type:B200: 10000, bundle_group_8614e87c67f590024f565ffa771501000000: 79999920, bundle_group_12_8614e87c67f590024f565ffa771501000000: 9999990, object_store_memory: 42949672960000, GPU_group_9_8614e87c67f590024f565ffa771501000000: 6000, node:10.244.18.139: 10000, GPU_group_8614e87c67f590024f565ffa771501000000: 48000, CPU_group_15_8614e87c67f590024f565ffa771501000000: 6000, bundle_group_13_8614e87c67f590024f565ffa771501000000: 9999990, bundle_group_14_8614e87c67f590024f565ffa771501000000: 9999990, CPU_group_12_8614e87c67f590024f565ffa771501000000: 6000, memory: 32397615636480000}, "labels":{"ray.io/accelerator-type":"B200","ray.io/node-id":"b668a6c13d1b7186690b035979a815ca1ce93506fd27e5e4ac7a3f5d"}, "is_draining": 0, "draining_deadline_timestamp_ms": -1}node id: 6958755133317569349{"total":{bundle_group_28_8614e87c67f590024f565ffa771501000000: 10000000, CPU_group_8614e87c67f590024f565ffa771501000000: 80000, accelerator_type:B200: 10000, bundle_group_8614e87c67f590024f565ffa771501000000: 80000000, GPU_group_27_8614e87c67f590024f565ffa771501000000: 10000, GPU_group_26_8614e87c67f590024f565ffa771501000000: 10000, GPU_group_25_8614e87c67f590024f565ffa771501000000: 10000, bundle_group_16_8614e87c67f590024f565ffa771501000000: 10000000, CPU: 640000, bundle_group_31_8614e87c67f590024f565ffa771501000000: 10000000, CPU_group_29_8614e87c67f590024f565ffa771501000000: 10000, CPU_group_30_8614e87c67f590024f565ffa771501000000: 10000, bundle_group_25_8614e87c67f590024f565ffa771501000000: 10000000, CPU_group_16_8614e87c67f590024f565ffa771501000000: 10000, GPU_group_16_8614e87c67f590024f565ffa771501000000: 10000, memory: 32418469068800000, GPU_group_29_8614e87c67f590024f565ffa771501000000: 10000, bundle_group_26_8614e87c67f590024f565ffa771501000000: 10000000, object_store_memory: 42949672960000, GPU_group_8614e87c67f590024f565ffa771501000000: 80000, node:10.244.180.242: 10000, GPU_group_31_8614e87c67f590024f565ffa771501000000: 10000, GPU_group_28_8614e87c67f590024f565ffa771501000000: 10000, bundle_group_29_8614e87c67f590024f565ffa771501000000: 10000000, GPU_group_30_8614e87c67f590024f565ffa771501000000: 10000, bundle_group_30_8614e87c67f590024f565ffa771501000000: 10000000, CPU_group_27_8614e87c67f590024f565ffa771501000000: 10000, CPU_group_26_8614e87c67f590024f565ffa771501000000: 10000, GPU: 80000, CPU_group_28_8614e87c67f590024f565ffa771501000000: 10000, CPU_group_25_8614e87c67f590024f565ffa771501000000: 10000, CPU_group_31_8614e87c67f590024f565ffa771501000000: 10000, bundle_group_27_8614e87c67f590024f565ffa771501000000: 10000000}, "available": {bundle_group_28_8614e87c67f590024f565ffa771501000000: 10000000, CPU_group_8614e87c67f590024f565ffa771501000000: 78000, accelerator_type:B200: 10000, bundle_group_8614e87c67f590024f565ffa771501000000: 79999990, GPU_group_27_8614e87c67f590024f565ffa771501000000: 10000, GPU_group_26_8614e87c67f590024f565ffa771501000000: 10000, GPU_group_25_8614e87c67f590024f565ffa771501000000: 10000, bundle_group_16_8614e87c67f590024f565ffa771501000000: 9999990, CPU: 560000, bundle_group_31_8614e87c67f590024f565ffa771501000000: 10000000, CPU_group_29_8614e87c67f590024f565ffa771501000000: 10000, CPU_group_30_8614e87c67f590024f565ffa771501000000: 10000, bundle_group_25_8614e87c67f590024f565ffa771501000000: 10000000, CPU_group_16_8614e87c67f590024f565ffa771501000000: 8000, GPU_group_16_8614e87c67f590024f565ffa771501000000: 8000, memory: 32418469068800000, GPU_group_29_8614e87c67f590024f565ffa771501000000: 10000, bundle_group_26_8614e87c67f590024f565ffa771501000000: 10000000, object_store_memory: 42949672960000, GPU_group_8614e87c67f590024f565ffa771501000000: 78000, GPU_group_31_8614e87c67f590024f565ffa771501000000: 10000, node:10.244.180.242: 10000, GPU_group_28_8614e87c67f590024f565ffa771501000000: 10000, bundle_group_29_8614e87c67f590024f565ffa771501000000: 10000000, GPU_group_30_8614e87c67f590024f565ffa771501000000: 10000, bundle_group_30_8614e87c67f590024f565ffa771501000000: 10000000, CPU_group_27_8614e87c67f590024f565ffa771501000000: 10000, CPU_group_26_8614e87c67f590024f565ffa771501000000: 10000, CPU_group_28_8614e87c67f590024f565ffa771501000000: 10000, CPU_group_25_8614e87c67f590024f565ffa771501000000: 10000, CPU_group_31_8614e87c67f590024f565ffa771501000000: 10000, bundle_group_27_8614e87c67f590024f565ffa771501000000: 10000000}, "labels":{"ray.io/node-id":"91950bc728379b818b838deb2fb43ac0b302dd8af091673234e82d95","ray.io/accelerator-type":"B200"}, "is_draining": 0, "draining_deadline_timestamp_ms": -1}node id: -1681695659902243193{"total":{bundle_group_8614e87c67f590024f565ffa771501000000: 80000000, CPU_group_2_8614e87c67f590024f565ffa771501000000: 10000, bundle_group_7_8614e87c67f590024f565ffa771501000000: 10000000, CPU_group_8614e87c67f590024f565ffa771501000000: 80000, accelerator_type:B200: 10000, CPU_group_7_8614e87c67f590024f565ffa771501000000: 10000, bundle_group_6_8614e87c67f590024f565ffa771501000000: 10000000, CPU: 640000, CPU_group_4_8614e87c67f590024f565ffa771501000000: 10000, memory: 32418548654080000, CPU_group_8_8614e87c67f590024f565ffa771501000000: 10000, bundle_group_2_8614e87c67f590024f565ffa771501000000: 10000000, object_store_memory: 42949672960000, bundle_group_1_8614e87c67f590024f565ffa771501000000: 10000000, bundle_group_5_8614e87c67f590024f565ffa771501000000: 10000000, GPU_group_8614e87c67f590024f565ffa771501000000: 80000, GPU_group_3_8614e87c67f590024f565ffa771501000000: 10000, GPU_group_5_8614e87c67f590024f565ffa771501000000: 10000, CPU_group_3_8614e87c67f590024f565ffa771501000000: 10000, GPU_group_8_8614e87c67f590024f565ffa771501000000: 10000, bundle_group_3_8614e87c67f590024f565ffa771501000000: 10000000, GPU_group_7_8614e87c67f590024f565ffa771501000000: 10000, CPU_group_5_8614e87c67f590024f565ffa771501000000: 10000, bundle_group_8_8614e87c67f590024f565ffa771501000000: 10000000, GPU_group_1_8614e87c67f590024f565ffa771501000000: 10000, GPU_group_6_8614e87c67f590024f565ffa771501000000: 10000, GPU_group_4_8614e87c67f590024f565ffa771501000000: 10000, node:10.244.13.18: 10000, GPU_group_2_8614e87c67f590024f565ffa771501000000: 10000, CPU_group_1_8614e87c67f590024f565ffa771501000000: 10000, GPU: 80000, CPU_group_6_8614e87c67f590024f565ffa771501000000: 10000, bundle_group_4_8614e87c67f590024f565ffa771501000000: 10000000}, "available": {bundle_group_8614e87c67f590024f565ffa771501000000: 79999920, CPU_group_2_8614e87c67f590024f565ffa771501000000: 6000, bundle_group_7_8614e87c67f590024f565ffa771501000000: 9999990, CPU_group_8614e87c67f590024f565ffa771501000000: 48000, accelerator_type:B200: 10000, CPU_group_7_8614e87c67f590024f565ffa771501000000: 6000, bundle_group_6_8614e87c67f590024f565ffa771501000000: 9999990, CPU: 560000, CPU_group_4_8614e87c67f590024f565ffa771501000000: 6000, memory: 32418548654080000, CPU_group_8_8614e87c67f590024f565ffa771501000000: 6000, bundle_group_2_8614e87c67f590024f565ffa771501000000: 9999990, object_store_memory: 42949672960000, bundle_group_1_8614e87c67f590024f565ffa771501000000: 9999990, bundle_group_5_8614e87c67f590024f565ffa771501000000: 9999990, GPU_group_8614e87c67f590024f565ffa771501000000: 48000, GPU_group_5_8614e87c67f590024f565ffa771501000000: 6000, bundle_group_3_8614e87c67f590024f565ffa771501000000: 9999990, GPU_group_3_8614e87c67f590024f565ffa771501000000: 6000, GPU_group_8_8614e87c67f590024f565ffa771501000000: 6000, CPU_group_3_8614e87c67f590024f565ffa771501000000: 6000, GPU_group_7_8614e87c67f590024f565ffa771501000000: 6000, CPU_group_5_8614e87c67f590024f565ffa771501000000: 6000, bundle_group_8_8614e87c67f590024f565ffa771501000000: 9999990, GPU_group_1_8614e87c67f590024f565ffa771501000000: 6000, GPU_group_6_8614e87c67f590024f565ffa771501000000: 6000, GPU_group_4_8614e87c67f590024f565ffa771501000000: 6000, node:10.244.13.18: 10000, GPU_group_2_8614e87c67f590024f565ffa771501000000: 6000, CPU_group_1_8614e87c67f590024f565ffa771501000000: 6000, CPU_group_6_8614e87c67f590024f565ffa771501000000: 6000, bundle_group_4_8614e87c67f590024f565ffa771501000000: 9999990}, "labels":{"ray.io/accelerator-type":"B200","ray.io/node-id":"5a1736abfe100329c9e05ff3a3f920e3696f0c41773d8bb025d15fe0"}, "is_draining": 0, "draining_deadline_timestamp_ms": -1}node id: 346506708453796848{"total":{GPU_group_22_8614e87c67f590024f565ffa771501000000: 10000, GPU_group_23_8614e87c67f590024f565ffa771501000000: 10000, bundle_group_20_8614e87c67f590024f565ffa771501000000: 10000000, GPU: 80000, CPU_group_20_8614e87c67f590024f565ffa771501000000: 10000, GPU_group_20_8614e87c67f590024f565ffa771501000000: 10000, bundle_group_24_8614e87c67f590024f565ffa771501000000: 10000000, CPU_group_18_8614e87c67f590024f565ffa771501000000: 10000, CPU_group_21_8614e87c67f590024f565ffa771501000000: 10000, GPU_group_21_8614e87c67f590024f565ffa771501000000: 10000, bundle_group_19_8614e87c67f590024f565ffa771501000000: 10000000, CPU_group_22_8614e87c67f590024f565ffa771501000000: 10000, bundle_group_17_8614e87c67f590024f565ffa771501000000: 10000000, bundle_group_18_8614e87c67f590024f565ffa771501000000: 10000000, bundle_group_22_8614e87c67f590024f565ffa771501000000: 10000000, GPU_group_24_8614e87c67f590024f565ffa771501000000: 10000, CPU_group_23_8614e87c67f590024f565ffa771501000000: 10000, GPU_group_17_8614e87c67f590024f565ffa771501000000: 10000, GPU_group_18_8614e87c67f590024f565ffa771501000000: 10000, memory: 32418463825920000, CPU_group_17_8614e87c67f590024f565ffa771501000000: 10000, GPU_group_8614e87c67f590024f565ffa771501000000: 80000, object_store_memory: 42949672960000, bundle_group_21_8614e87c67f590024f565ffa771501000000: 10000000, bundle_group_23_8614e87c67f590024f565ffa771501000000: 10000000, node:10.244.218.62: 10000, bundle_group_8614e87c67f590024f565ffa771501000000: 80000000, accelerator_type:B200: 10000, GPU_group_19_8614e87c67f590024f565ffa771501000000: 10000, CPU_group_8614e87c67f590024f565ffa771501000000: 80000, CPU_group_24_8614e87c67f590024f565ffa771501000000: 10000, CPU: 640000, CPU_group_19_8614e87c67f590024f565ffa771501000000: 10000}, "available": {bundle_group_8614e87c67f590024f565ffa771501000000: 79999990, CPU_group_18_8614e87c67f590024f565ffa771501000000: 10000, bundle_group_19_8614e87c67f590024f565ffa771501000000: 10000000, CPU_group_8614e87c67f590024f565ffa771501000000: 78000, GPU_group_19_8614e87c67f590024f565ffa771501000000: 10000, accelerator_type:B200: 10000, CPU_group_24_8614e87c67f590024f565ffa771501000000: 10000, CPU_group_19_8614e87c67f590024f565ffa771501000000: 10000, CPU: 560000, memory: 32418463825920000, CPU_group_17_8614e87c67f590024f565ffa771501000000: 8000, bundle_group_21_8614e87c67f590024f565ffa771501000000: 10000000, object_store_memory: 42949672960000, GPU_group_8614e87c67f590024f565ffa771501000000: 78000, bundle_group_23_8614e87c67f590024f565ffa771501000000: 10000000, node:10.244.218.62: 10000, CPU_group_22_8614e87c67f590024f565ffa771501000000: 10000, bundle_group_17_8614e87c67f590024f565ffa771501000000: 9999990, bundle_group_18_8614e87c67f590024f565ffa771501000000: 10000000, CPU_group_23_8614e87c67f590024f565ffa771501000000: 10000, GPU_group_24_8614e87c67f590024f565ffa771501000000: 10000, bundle_group_22_8614e87c67f590024f565ffa771501000000: 10000000, GPU_group_18_8614e87c67f590024f565ffa771501000000: 10000, GPU_group_17_8614e87c67f590024f565ffa771501000000: 8000, GPU_group_22_8614e87c67f590024f565ffa771501000000: 10000, bundle_group_20_8614e87c67f590024f565ffa771501000000: 10000000, GPU_group_23_8614e87c67f590024f565ffa771501000000: 10000, GPU_group_20_8614e87c67f590024f565ffa771501000000: 10000, CPU_group_20_8614e87c67f590024f565ffa771501000000: 10000, bundle_group_24_8614e87c67f590024f565ffa771501000000: 10000000, GPU_group_21_8614e87c67f590024f565ffa771501000000: 10000, CPU_group_21_8614e87c67f590024f565ffa771501000000: 10000}, "labels":{"ray.io/node-id":"137ca386e65d980acbeff863eda6c65487ee6942bccc8db1236dc36e","ray.io/accelerator-type":"B200"}, "is_draining": 0, "draining_deadline_timestamp_ms": -1} { "placement group locations": [], "node to bundles": []}
[state-dump] Waiting leases size: 0
[state-dump] Number of granted lease arguments: 0
[state-dump] Number of pinned lease arguments: 0
[state-dump] Total size of pinned lease arguments: 0
[state-dump] Number of total spilled leases: 0
[state-dump] Number of spilled waiting leases: 0
[state-dump] Number of spilled unschedulable leases: 0
[state-dump] Resource usage {
[state-dump]     - (language=PYTHON actor_or_taskMegatronTrainRayActor.__init__ pid=960 worker_id=a9bc9faf934d79652d9f51f4b3a8ae687f183aad5e231512ece05a0e): {bundle_group_7_8614e87c67f590024f565ffa771501000000: 0.001, CPU_group_8614e87c67f590024f565ffa771501000000: 0.4, GPU_group_7_8614e87c67f590024f565ffa771501000000: 0.4, bundle_group_8614e87c67f590024f565ffa771501000000: 0.001, CPU_group_7_8614e87c67f590024f565ffa771501000000: 0.4, GPU_group_8614e87c67f590024f565ffa771501000000: 0.4}
[state-dump]     - (language=PYTHON actor_or_taskMegatronTrainRayActor.__init__ pid=959 worker_id=cdcada990c364655aa3c0f9c6bccf0203189a4361f0949466abeece3): {GPU_group_6_8614e87c67f590024f565ffa771501000000: 0.4, bundle_group_6_8614e87c67f590024f565ffa771501000000: 0.001, GPU_group_8614e87c67f590024f565ffa771501000000: 0.4, bundle_group_8614e87c67f590024f565ffa771501000000: 0.001, CPU_group_6_8614e87c67f590024f565ffa771501000000: 0.4, CPU_group_8614e87c67f590024f565ffa771501000000: 0.4}
[state-dump]     - (language=PYTHON actor_or_taskMegatronTrainRayActor.__init__ pid=965 worker_id=136546f248884d2dc9fd21b946db50be3709536bcc5ac432a4424196): {bundle_group_5_8614e87c67f590024f565ffa771501000000: 0.001, GPU_group_8614e87c67f590024f565ffa771501000000: 0.4, GPU_group_5_8614e87c67f590024f565ffa771501000000: 0.4, bundle_group_8614e87c67f590024f565ffa771501000000: 0.001, CPU_group_5_8614e87c67f590024f565ffa771501000000: 0.4, CPU_group_8614e87c67f590024f565ffa771501000000: 0.4}
[state-dump]     - (language=PYTHON actor_or_taskMegatronTrainRayActor.__init__ pid=961 worker_id=ec06ade875864bdbb80ae3f1b19a8be1abd78ad89338d48eb1d001af): {CPU_group_8614e87c67f590024f565ffa771501000000: 0.4, GPU_group_8614e87c67f590024f565ffa771501000000: 0.4, CPU_group_4_8614e87c67f590024f565ffa771501000000: 0.4, bundle_group_4_8614e87c67f590024f565ffa771501000000: 0.001, bundle_group_8614e87c67f590024f565ffa771501000000: 0.001, GPU_group_4_8614e87c67f590024f565ffa771501000000: 0.4}
[state-dump]     - (language=PYTHON actor_or_taskMegatronTrainRayActor.__init__ pid=962 worker_id=ca6cb88024162bf07716ce2c88c2fb4113d3b1e347331c5dd5e35cfb): {GPU_group_3_8614e87c67f590024f565ffa771501000000: 0.4, GPU_group_8614e87c67f590024f565ffa771501000000: 0.4, CPU_group_8614e87c67f590024f565ffa771501000000: 0.4, bundle_group_8614e87c67f590024f565ffa771501000000: 0.001, bundle_group_3_8614e87c67f590024f565ffa771501000000: 0.001, CPU_group_3_8614e87c67f590024f565ffa771501000000: 0.4}
[state-dump]     - (language=PYTHON actor_or_taskMegatronTrainRayActor.__init__ pid=963 worker_id=062ee74904ba1e2a3b770071417d9b3415af75b383dc6c62f90e84d8): {CPU_group_2_8614e87c67f590024f565ffa771501000000: 0.4, bundle_group_8614e87c67f590024f565ffa771501000000: 0.001, GPU_group_8614e87c67f590024f565ffa771501000000: 0.4, CPU_group_8614e87c67f590024f565ffa771501000000: 0.4, GPU_group_2_8614e87c67f590024f565ffa771501000000: 0.4, bundle_group_2_8614e87c67f590024f565ffa771501000000: 0.001}
[state-dump]     - (language=PYTHON actor_or_taskMegatronTrainRayActor.__init__ pid=964 worker_id=a6daf3a2ba673f0b1ab7f9b6574c645d591c1c94493d7905906c216f): {CPU_group_8_8614e87c67f590024f565ffa771501000000: 0.4, CPU_group_8614e87c67f590024f565ffa771501000000: 0.4, GPU_group_8_8614e87c67f590024f565ffa771501000000: 0.4, bundle_group_8614e87c67f590024f565ffa771501000000: 0.001, bundle_group_8_8614e87c67f590024f565ffa771501000000: 0.001, GPU_group_8614e87c67f590024f565ffa771501000000: 0.4}
[state-dump]     - (language=PYTHON actor_or_taskMegatronTrainRayActor.__init__ pid=856 worker_id=5cc4ed1f0649d6976ed683211055eb3665137c692d18f2735c16f6ce): {GPU_group_8614e87c67f590024f565ffa771501000000: 0.4, GPU_group_1_8614e87c67f590024f565ffa771501000000: 0.4, bundle_group_1_8614e87c67f590024f565ffa771501000000: 0.001, bundle_group_8614e87c67f590024f565ffa771501000000: 0.001, CPU_group_8614e87c67f590024f565ffa771501000000: 0.4, CPU_group_1_8614e87c67f590024f565ffa771501000000: 0.4}
[state-dump] }
[state-dump] Backlog Size per scheduling descriptor :{workerId: num backlogs}:
[state-dump] 
[state-dump] Granted leases by scheduling class:
[state-dump] ==================================================
[state-dump] 
[state-dump] ClusterResources:
[state-dump] LocalObjectManager:
[state-dump] - num pinned objects: 0
[state-dump] - pinned objects size: 0
[state-dump] - num objects pending restore: 0
[state-dump] - num objects pending spill: 0
[state-dump] - num bytes pending spill: 0
[state-dump] - num bytes currently spilled: 0
[state-dump] - cumulative spill requests: 0
[state-dump] - cumulative restore requests: 0
[state-dump] - spilled objects pending delete: 0
[state-dump] 
[state-dump] ObjectManager:
[state-dump] - num local objects: 0
[state-dump] - num unfulfilled push requests: 0
[state-dump] - num object pull requests: 0
[state-dump] - num chunks received total: 0
[state-dump] - num chunks received failed (all): 0
[state-dump] - num chunks received failed / cancelled: 0
[state-dump] - num chunks received failed / plasma error: 0
[state-dump] Event stats:
[state-dump] Global stats: 0 total (0 active)
[state-dump] Queueing time: mean = -nanms, max = -0.00ms, min = 9223372036854.78ms, total = 0.00ms
[state-dump] Execution time:  mean = -nanms, total = 0.00ms
[state-dump] Event stats:
[state-dump] PushManager:
[state-dump] - num pushes remaining: 0
[state-dump] - num chunks in flight: 0
[state-dump] - num chunks remaining: 0
[state-dump] - max chunks allowed: 409
[state-dump] OwnershipBasedObjectDirectory:
[state-dump] - num listeners: 0
[state-dump] - cumulative location updates: 0
[state-dump] - num location updates per second: 0.000
[state-dump] - num location lookups per second: 0.000
[state-dump] - num locations added per second: 0.000
[state-dump] - num locations removed per second: 0.000
[state-dump] BufferPool:
[state-dump] - create buffer state map size: 0
[state-dump] PullManager:
[state-dump] - num bytes available for pulled objects: 4294967296
[state-dump] - num bytes being pulled (all): 0
[state-dump] - num bytes being pulled / pinned: 0
[state-dump] - get request bundles: BundlePullRequestQueue{0 total, 0 active, 0 inactive, 0 unpullable}
[state-dump] - wait request bundles: BundlePullRequestQueue{0 total, 0 active, 0 inactive, 0 unpullable}
[state-dump] - task request bundles: BundlePullRequestQueue{0 total, 0 active, 0 inactive, 0 unpullable}
[state-dump] - first get request bundle: N/A
[state-dump] - first wait request bundle: N/A
[state-dump] - first task request bundle: N/A
[state-dump] - num objects queued: 0
[state-dump] - num objects actively pulled (all): 0
[state-dump] - num objects actively pulled / pinned: 0
[state-dump] - num bundles being pulled: 0
[state-dump] - num pull retries: 0
[state-dump] - max timeout seconds: 0
[state-dump] - max timeout request is already processed. No entry.
[state-dump] 
[state-dump] WorkerPool:
[state-dump] - registered jobs: 1
[state-dump] - process_failed_job_config_missing: 0
[state-dump] - process_failed_rate_limited: 0
[state-dump] - process_failed_pending_registration: 0
[state-dump] - process_failed_runtime_env_setup_failed: 0
[state-dump] - num PYTHON workers: 8
[state-dump] - num PYTHON drivers: 0
[state-dump] - num PYTHON pending start requests: 0
[state-dump] - num PYTHON pending registration requests: 0
[state-dump] - num object spill callbacks queued: 0
[state-dump] - num object restore queued: 0
[state-dump] - num util functions queued: 0
[state-dump] - num idle workers: 0
[state-dump] LeaseDependencyManager:
[state-dump] - lease deps map size: 0
[state-dump] - get req map size: 0
[state-dump] - wait req map size: 0
[state-dump] - local objects map size: 0
[state-dump] WaitManager:
[state-dump] - num active wait requests: 0
[state-dump] Subscriber:
[state-dump] Channel WORKER_OBJECT_LOCATIONS_CHANNEL
[state-dump] - cumulative subscribe requests: 0
[state-dump] - cumulative unsubscribe requests: 0
[state-dump] - active subscribed publishers: 0
[state-dump] - cumulative published messages: 0
[state-dump] - cumulative processed messages: 0
[state-dump] Channel WORKER_REF_REMOVED_CHANNEL
[state-dump] - cumulative subscribe requests: 0
[state-dump] - cumulative unsubscribe requests: 0
[state-dump] - active subscribed publishers: 0
[state-dump] - cumulative published messages: 0
[state-dump] - cumulative processed messages: 0
[state-dump] num async plasma notifications: 0
[state-dump] Event stats:
[state-dump] Global stats: 16160 total (22 active)
[state-dump] Queueing time: mean = 11.05ms, max = 27206.99ms, min = -0.02ms, total = 178623.99ms
[state-dump] Execution time:  mean = 2.80ms, total = 45172.80ms
[state-dump] Event stats:
[state-dump] 	ObjectManager.UpdateAvailableMemory - 3599 total (0 active), Execution time: mean = 0.00ms, total = 3.61ms, Queueing time: mean = 0.01ms, max = 0.16ms, min = 0.00ms, total = 34.18ms
[state-dump] 	RaySyncer.BroadcastMessageIfNewVersion - 3599 total (1 active), Execution time: mean = 0.00ms, total = 6.53ms, Queueing time: mean = 0.03ms, max = 18.59ms, min = 0.00ms, total = 99.54ms
[state-dump] 	NodeManager.CheckGC - 3599 total (1 active), Execution time: mean = 0.00ms, total = 6.32ms, Queueing time: mean = 0.03ms, max = 18.59ms, min = 0.00ms, total = 100.95ms
[state-dump] 	RayletWorkerPool.deadline_timer.kill_idle_workers - 1800 total (1 active), Execution time: mean = 0.00ms, total = 4.36ms, Queueing time: mean = 0.04ms, max = 23.53ms, min = -0.02ms, total = 69.49ms
[state-dump] 	NodeManager.deadline_timer.spill_objects_when_over_threshold - 360 total (1 active), Execution time: mean = 0.00ms, total = 0.58ms, Queueing time: mean = 0.16ms, max = 23.80ms, min = 0.00ms, total = 56.03ms
[state-dump] 	NodeManager.deadline_timer.flush_free_objects - 360 total (1 active), Execution time: mean = 0.00ms, total = 0.61ms, Queueing time: mean = 0.16ms, max = 23.80ms, min = 0.00ms, total = 56.02ms
[state-dump] 	NodeManager.CheckForUnexpectedWorkerDisconnects - 360 total (1 active), Execution time: mean = 0.01ms, total = 3.92ms, Queueing time: mean = 0.01ms, max = 0.14ms, min = 0.00ms, total = 4.73ms
[state-dump] 	NodeManager.ScheduleAndGrantLeases - 360 total (1 active), Execution time: mean = 0.00ms, total = 1.64ms, Queueing time: mean = 0.02ms, max = 0.14ms, min = 0.00ms, total = 7.14ms
[state-dump] 	NodeManagerService.grpc_server.GetResourceLoad - 359 total (0 active), Execution time: mean = 0.36ms, total = 128.79ms, Queueing time: mean = 0.00ms, max = -0.00ms, min = 9223372036854.78ms, total = 0.00ms
[state-dump] 	NodeManagerService.grpc_server.GetResourceLoad.HandleRequestImpl - 359 total (0 active), Execution time: mean = 0.09ms, total = 32.17ms, Queueing time: mean = 0.02ms, max = 0.06ms, min = 0.00ms, total = 7.54ms
[state-dump] 	CoreWorkerService.grpc_client.GetCoreWorkerStats - 162 total (0 active), Execution time: mean = 0.78ms, total = 126.95ms, Queueing time: mean = 0.00ms, max = -0.00ms, min = 9223372036854.78ms, total = 0.00ms
[state-dump] 	CoreWorkerService.grpc_client.GetCoreWorkerStats.OnReplyReceived - 162 total (0 active), Execution time: mean = 0.02ms, total = 2.99ms, Queueing time: mean = 0.05ms, max = 0.13ms, min = 0.01ms, total = 7.68ms
[state-dump] 	ClusterResourceManager.ResetRemoteNodeView - 121 total (1 active), Execution time: mean = 0.00ms, total = 0.33ms, Queueing time: mean = 0.02ms, max = 0.15ms, min = 0.01ms, total = 2.52ms
[state-dump] 	ClientConnection.async_read.ProcessMessageHeader - 80 total (8 active), Execution time: mean = 0.00ms, total = 0.28ms, Queueing time: mean = 2201.48ms, max = 27206.99ms, min = 0.01ms, total = 176118.00ms
[state-dump] 	ClientConnection.async_read.ProcessMessage - 72 total (0 active), Execution time: mean = 0.39ms, total = 27.79ms, Queueing time: mean = 0.05ms, max = 2.49ms, min = 0.00ms, total = 3.70ms
[state-dump] 	NodeManager.deadline_timer.record_metrics - 72 total (1 active), Execution time: mean = 0.23ms, total = 16.77ms, Queueing time: mean = 0.55ms, max = 23.64ms, min = 0.00ms, total = 39.65ms
[state-dump] 	NodeManagerService.grpc_server.GetAgentPIDs.HandleRequestImpl - 70 total (0 active), Execution time: mean = 0.03ms, total = 2.40ms, Queueing time: mean = 0.04ms, max = 0.11ms, min = 0.00ms, total = 2.99ms
[state-dump] 	NodeManagerService.grpc_server.GetWorkerPIDs.HandleRequestImpl - 70 total (0 active), Execution time: mean = 0.03ms, total = 2.09ms, Queueing time: mean = 0.04ms, max = 1.54ms, min = 0.01ms, total = 3.10ms
[state-dump] 	NodeManagerService.grpc_server.GetAgentPIDs - 70 total (0 active), Execution time: mean = 0.34ms, total = 23.88ms, Queueing time: mean = 0.00ms, max = -0.00ms, min = 9223372036854.78ms, total = 0.00ms
[state-dump] 	NodeManagerService.grpc_server.GetWorkerPIDs - 70 total (0 active), Execution time: mean = 0.31ms, total = 21.53ms, Queueing time: mean = 0.00ms, max = -0.00ms, min = 9223372036854.78ms, total = 0.00ms
[state-dump] 	event_loop_lag_probe - 38 total (0 active), Execution time: mean = 0.02ms, total = 0.67ms, Queueing time: mean = 0.19ms, max = 6.99ms, min = 0.00ms, total = 7.12ms
[state-dump] 	NodeManager.deadline_timer.debug_state_dump - 36 total (1 active), Execution time: mean = 1.55ms, total = 55.63ms, Queueing time: mean = 0.01ms, max = 0.03ms, min = 0.00ms, total = 0.40ms
[state-dump] 	Subscriber.HandlePublishedMessage_GCS_WORKER_DELTA_CHANNEL - 32 total (0 active), Execution time: mean = 0.00ms, total = 0.02ms, Queueing time: mean = 0.07ms, max = 0.10ms, min = 0.03ms, total = 2.39ms
[state-dump] 	 - 28 total (0 active), Execution time: mean = 0.08ms, total = 2.34ms, Queueing time: mean = 0.74ms, max = 19.87ms, min = 0.00ms, total = 20.69ms
[state-dump] 	RaySyncer.BroadcastMessage - 28 total (0 active), Execution time: mean = 0.09ms, total = 2.42ms, Queueing time: mean = 0.00ms, max = 0.00ms, min = 0.00ms, total = 0.01ms
[state-dump] 	NodeManagerService.grpc_server.GetNodeStats.HandleRequestImpl - 24 total (0 active), Execution time: mean = 0.47ms, total = 11.31ms, Queueing time: mean = 0.03ms, max = 0.05ms, min = 0.01ms, total = 0.65ms
[state-dump] 	NodeManagerService.grpc_server.GetNodeStats - 24 total (0 active), Execution time: mean = 1.49ms, total = 35.65ms, Queueing time: mean = 0.00ms, max = -0.00ms, min = 9223372036854.78ms, total = 0.00ms
[state-dump] 	ObjectManager.ObjectDeleted - 16 total (0 active), Execution time: mean = 0.01ms, total = 0.10ms, Queueing time: mean = 0.01ms, max = 0.03ms, min = 0.01ms, total = 0.20ms
[state-dump] 	NodeManagerService.grpc_server.GetSystemConfig.HandleRequestImpl - 16 total (0 active), Execution time: mean = 0.01ms, total = 0.23ms, Queueing time: mean = 0.01ms, max = 0.04ms, min = 0.01ms, total = 0.20ms
[state-dump] 	ObjectManager.ObjectAdded - 16 total (0 active), Execution time: mean = 0.01ms, total = 0.11ms, Queueing time: mean = 0.01ms, max = 0.12ms, min = 0.00ms, total = 0.23ms
[state-dump] 	NodeManagerService.grpc_server.GetSystemConfig - 16 total (0 active), Execution time: mean = 0.22ms, total = 3.49ms, Queueing time: mean = 0.00ms, max = -0.00ms, min = 9223372036854.78ms, total = 0.00ms
[state-dump] 	NodeManagerService.grpc_server.RequestWorkerLease.HandleRequestImpl - 16 total (0 active), Execution time: mean = 1.47ms, total = 23.55ms, Queueing time: mean = 5.43ms, max = 17.83ms, min = 0.01ms, total = 86.81ms
[state-dump] 	NodeManagerService.grpc_server.RequestWorkerLease - 16 total (0 active), Execution time: mean = 470.59ms, total = 7529.45ms, Queueing time: mean = 0.00ms, max = -0.00ms, min = 9223372036854.78ms, total = 0.00ms
[state-dump] 	ClientConnection.async_write.DoAsyncWrites - 16 total (0 active), Execution time: mean = 0.00ms, total = 0.01ms, Queueing time: mean = 0.01ms, max = 0.02ms, min = 0.00ms, total = 0.18ms
[state-dump] 	PeriodicalRunner.RunFnPeriodically - 13 total (0 active), Execution time: mean = 0.29ms, total = 3.82ms, Queueing time: mean = 144.58ms, max = 624.32ms, min = 0.02ms, total = 1879.51ms
[state-dump] 	ray::rpc::ControlPlanePubSubGcsService.grpc_client.GcsSubscriberPoll - 13 total (1 active), Execution time: mean = 2762.41ms, total = 35911.36ms, Queueing time: mean = 0.00ms, max = -0.00ms, min = 9223372036854.78ms, total = 0.00ms
[state-dump] 	ray::rpc::ControlPlanePubSubGcsService.grpc_client.GcsSubscriberPoll.OnReplyReceived - 12 total (0 active), Execution time: mean = 0.10ms, total = 1.25ms, Queueing time: mean = 0.03ms, max = 0.19ms, min = 0.00ms, total = 0.31ms
[state-dump] 	ray::rpc::WorkerInfoGcsService.grpc_client.ReportWorkerFailure - 8 total (0 active), Execution time: mean = 9.66ms, total = 77.30ms, Queueing time: mean = 0.00ms, max = -0.00ms, min = 9223372036854.78ms, total = 0.00ms
[state-dump] 	NodeManagerService.grpc_server.KillLocalActor - 8 total (0 active), Execution time: mean = 16.68ms, total = 133.42ms, Queueing time: mean = 0.00ms, max = -0.00ms, min = 9223372036854.78ms, total = 0.00ms
[state-dump] 	NodeManagerService.grpc_server.KillLocalActor.HandleRequestImpl - 8 total (0 active), Execution time: mean = 0.17ms, total = 1.35ms, Queueing time: mean = 0.52ms, max = 0.65ms, min = 0.03ms, total = 4.17ms
[state-dump] 	ray::rpc::WorkerInfoGcsService.grpc_client.ReportWorkerFailure.OnReplyReceived - 8 total (0 active), Execution time: mean = 0.01ms, total = 0.07ms, Queueing time: mean = 0.05ms, max = 0.18ms, min = 0.00ms, total = 0.41ms
[state-dump] 	CoreWorkerService.grpc_client.KillActor.OnReplyReceived - 8 total (0 active), Execution time: mean = 0.05ms, total = 0.41ms, Queueing time: mean = 0.02ms, max = 0.12ms, min = 0.00ms, total = 0.16ms
[state-dump] 	CoreWorkerService.grpc_client.KillActor - 8 total (0 active), Execution time: mean = 15.95ms, total = 127.59ms, Queueing time: mean = 0.00ms, max = -0.00ms, min = 9223372036854.78ms, total = 0.00ms
[state-dump] 	ray::rpc::NodeInfoGcsService.grpc_client.CheckAlive.OnReplyReceived - 6 total (0 active), Execution time: mean = 0.02ms, total = 0.12ms, Queueing time: mean = 0.01ms, max = 0.01ms, min = 0.01ms, total = 0.06ms
[state-dump] 	NodeManager.GcsCheckAlive - 6 total (1 active), Execution time: mean = 0.12ms, total = 0.74ms, Queueing time: mean = 0.51ms, max = 0.63ms, min = 0.58ms, total = 3.06ms
[state-dump] 	ray::rpc::NodeInfoGcsService.grpc_client.CheckAlive - 6 total (0 active), Execution time: mean = 0.74ms, total = 4.45ms, Queueing time: mean = 0.00ms, max = -0.00ms, min = 9223372036854.78ms, total = 0.00ms
[state-dump] 	NodeManager.deadline_timer.print_event_loop_stats - 6 total (1 active, 1 running), Execution time: mean = 0.62ms, total = 3.72ms, Queueing time: mean = 0.00ms, max = 0.01ms, min = 0.00ms, total = 0.02ms
[state-dump] 	Subscriber.HandlePublishedMessage_GCS_NODE_ADDRESS_AND_LIVENESS_CHANNEL - 2 total (0 active), Execution time: mean = 0.11ms, total = 0.23ms, Queueing time: mean = 0.25ms, max = 0.27ms, min = 0.23ms, total = 0.50ms
[state-dump] 	ray::rpc::ControlPlanePubSubGcsService.grpc_client.GcsSubscriberCommandBatch - 2 total (0 active), Execution time: mean = 0.72ms, total = 1.43ms, Queueing time: mean = 0.00ms, max = -0.00ms, min = 9223372036854.78ms, total = 0.00ms
[state-dump] 	ray::rpc::ControlPlanePubSubGcsService.grpc_client.GcsSubscriberCommandBatch.OnReplyReceived - 2 total (0 active), Execution time: mean = 0.05ms, total = 0.09ms, Queueing time: mean = 1.63ms, max = 3.14ms, min = 0.11ms, total = 3.25ms
[state-dump] 	RaySyncerRegister - 2 total (0 active), Execution time: mean = 0.00ms, total = 0.00ms, Queueing time: mean = 0.00ms, max = 0.00ms, min = 0.00ms, total = 0.00ms
[state-dump] 	ReporterService.grpc_client.HealthCheck.OnReplyReceived - 1 total (0 active), Execution time: mean = 0.13ms, total = 0.13ms, Queueing time: mean = 0.02ms, max = 0.02ms, min = 0.02ms, total = 0.02ms
[state-dump] 	NodeManager.GCTaskFailureReason - 1 total (1 active), Execution time: mean = 0.00ms, total = 0.00ms, Queueing time: mean = 0.00ms, max = -0.00ms, min = 9223372036854.78ms, total = 0.00ms
[state-dump] 	ReporterService.grpc_client.HealthCheck - 1 total (0 active), Execution time: mean = 190.29ms, total = 190.29ms, Queueing time: mean = 0.00ms, max = -0.00ms, min = 9223372036854.78ms, total = 0.00ms
[state-dump] 	ray::rpc::NodeInfoGcsService.grpc_client.RegisterNode - 1 total (0 active), Execution time: mean = 0.80ms, total = 0.80ms, Queueing time: mean = 0.00ms, max = -0.00ms, min = 9223372036854.78ms, total = 0.00ms
[state-dump] 	NodeManagerService.grpc_server.PrepareBundleResources.HandleRequestImpl - 1 total (0 active), Execution time: mean = 0.85ms, total = 0.85ms, Queueing time: mean = 0.03ms, max = 0.03ms, min = 0.03ms, total = 0.03ms
[state-dump] 	NodeManagerService.grpc_server.PrepareBundleResources - 1 total (0 active), Execution time: mean = 1.19ms, total = 1.19ms, Queueing time: mean = 0.00ms, max = -0.00ms, min = 9223372036854.78ms, total = 0.00ms
[state-dump] 	NodeManagerService.grpc_server.CommitBundleResources - 1 total (0 active), Execution time: mean = 1.45ms, total = 1.45ms, Queueing time: mean = 0.00ms, max = -0.00ms, min = 9223372036854.78ms, total = 0.00ms
[state-dump] 	ray::rpc::InternalKVGcsService.grpc_client.GetInternalConfig - 1 total (0 active), Execution time: mean = 0.89ms, total = 0.89ms, Queueing time: mean = 0.00ms, max = -0.00ms, min = 9223372036854.78ms, total = 0.00ms
[state-dump] 	ray::rpc::NodeInfoGcsService.grpc_client.GetAllNodeAddressAndLiveness.OnReplyReceived - 1 total (0 active), Execution time: mean = 0.11ms, total = 0.11ms, Queueing time: mean = 0.01ms, max = 0.01ms, min = 0.01ms, total = 0.01ms
[state-dump] 	ray::rpc::JobInfoGcsService.grpc_client.GetAllJobInfo.OnReplyReceived - 1 total (0 active), Execution time: mean = 0.01ms, total = 0.01ms, Queueing time: mean = 0.01ms, max = 0.01ms, min = 0.01ms, total = 0.01ms
[state-dump] 	ray::rpc::NodeInfoGcsService.grpc_client.RegisterNode.OnReplyReceived - 1 total (0 active), Execution time: mean = 0.24ms, total = 0.24ms, Queueing time: mean = 0.01ms, max = 0.01ms, min = 0.01ms, total = 0.01ms
[state-dump] 	Subscriber.HandlePublishedMessage_GCS_JOB_CHANNEL - 1 total (0 active), Execution time: mean = 0.04ms, total = 0.04ms, Queueing time: mean = 0.28ms, max = 0.28ms, min = 0.28ms, total = 0.28ms
[state-dump] 	ray::rpc::JobInfoGcsService.grpc_client.GetAllJobInfo - 1 total (0 active), Execution time: mean = 0.69ms, total = 0.69ms, Queueing time: mean = 0.00ms, max = -0.00ms, min = 9223372036854.78ms, total = 0.00ms
[state-dump] 	NodeManagerService.grpc_server.CommitBundleResources.HandleRequestImpl - 1 total (0 active), Execution time: mean = 1.11ms, total = 1.11ms, Queueing time: mean = 0.03ms, max = 0.03ms, min = 0.03ms, total = 0.03ms
[state-dump] 	ray::rpc::NodeInfoGcsService.grpc_client.GetAllNodeAddressAndLiveness - 1 total (0 active), Execution time: mean = 0.75ms, total = 0.75ms, Queueing time: mean = 0.00ms, max = -0.00ms, min = 9223372036854.78ms, total = 0.00ms
[state-dump] 	ray::rpc::InternalKVGcsService.grpc_client.GetInternalConfig.OnReplyReceived - 1 total (0 active), Execution time: mean = 628.39ms, total = 628.39ms, Queueing time: mean = 0.01ms, max = 0.01ms, min = 0.01ms, total = 0.01ms
[state-dump] DebugString() time ms: 0
[state-dump] 
[state-dump] 
[2026-09-03 22:05:00,266 I 79 79] (raylet) grpc_client_manager.h:65: Starting gRPC client manager with enable_multiple_conns=1, num_clients=2
[2026-09-03 22:05:28,338 I 79 102] (raylet) store.cc:573: Plasma store debug dump: 
Current usage: 0.000539599 / 4.29497 GB
- num bytes created total: 539727
0 pending objects of total size 0MB
- objects spillable: 0
- bytes spillable: 0
- objects unsealed: 0
- bytes unsealed: 0
- objects in use: 0
- bytes in use: 0
- objects evictable: 8
- bytes evictable: 539599

- objects created by worker: 0
- bytes created by worker: 0
- objects restored: 0
- bytes restored: 0
- objects received: 8
- bytes received: 539599
- objects errored: 0
- bytes errored: 0

[2026-09-03 22:05:28,974 I 79 79] (raylet) node_manager.cc:486: [state-dump] NodeManager:
[state-dump] Node ID: 5a1736abfe100329c9e05ff3a3f920e3696f0c41773d8bb025d15fe0
[state-dump] Node name: 10.244.13.18
[state-dump] InitialConfigResources: {GPU: 8, accelerator_type:B200: 1, node:10.244.13.18: 1, object_store_memory: 4.29497e+09, CPU: 64, memory: 3.24185e+12}
[state-dump] ClusterLeaseManager:
[state-dump] ========== Node: 5a1736abfe100329c9e05ff3a3f920e3696f0c41773d8bb025d15fe0 =================
[state-dump] Infeasible queue length: 0
[state-dump] Schedule queue length: 0
[state-dump] Grant queue length: 0
[state-dump] num_waiting_for_resource: 0
[state-dump] num_waiting_for_plasma_memory: 0
[state-dump] num_waiting_for_remote_node_resources: 0
[state-dump] num_worker_not_started_by_job_config_not_exist: 0
[state-dump] num_worker_not_started_by_registration_timeout: 0
[state-dump] num_tasks_waiting_for_workers: 0
[state-dump] num_cancelled_leases: 0
[state-dump] cluster_resource_scheduler state: 
[state-dump] Local id: -1681695659902243193 Local resources: {"total":{CPU_group_6_8614e87c67f590024f565ffa771501000000: [10000], CPU_group_7_8614e87c67f590024f565ffa771501000000: [10000], bundle_group_6_8614e87c67f590024f565ffa771501000000: [10000000], CPU: [640000], bundle_group_8614e87c67f590024f565ffa771501000000: [80000000], CPU_group_2_8614e87c67f590024f565ffa771501000000: [10000], bundle_group_7_8614e87c67f590024f565ffa771501000000: [10000000], CPU_group_8614e87c67f590024f565ffa771501000000: [80000], accelerator_type:B200: [10000], bundle_group_1_8614e87c67f590024f565ffa771501000000: [10000000], object_store_memory: [42949672960000], GPU_group_8614e87c67f590024f565ffa771501000000: [10000, 10000, 10000, 10000, 10000, 10000, 10000, 10000], bundle_group_5_8614e87c67f590024f565ffa771501000000: [10000000], GPU_group_5_8614e87c67f590024f565ffa771501000000: [0, 0, 0, 0, 10000, 0, 0, 0], GPU_group_3_8614e87c67f590024f565ffa771501000000: [0, 0, 10000, 0, 0, 0, 0, 0], CPU_group_3_8614e87c67f590024f565ffa771501000000: [10000], bundle_group_3_8614e87c67f590024f565ffa771501000000: [10000000], GPU_group_8_8614e87c67f590024f565ffa771501000000: [0, 0, 0, 0, 0, 0, 0, 10000], CPU_group_4_8614e87c67f590024f565ffa771501000000: [10000], CPU_group_8_8614e87c67f590024f565ffa771501000000: [10000], memory: [32418548654080000], bundle_group_2_8614e87c67f590024f565ffa771501000000: [10000000], bundle_group_8_8614e87c67f590024f565ffa771501000000: [10000000], GPU_group_2_8614e87c67f590024f565ffa771501000000: [0, 10000, 0, 0, 0, 0, 0, 0], GPU_group_4_8614e87c67f590024f565ffa771501000000: [0, 0, 0, 10000, 0, 0, 0, 0], GPU_group_6_8614e87c67f590024f565ffa771501000000: [0, 0, 0, 0, 0, 10000, 0, 0], GPU_group_1_8614e87c67f590024f565ffa771501000000: [10000, 0, 0, 0, 0, 0, 0, 0], node:10.244.13.18: [10000], CPU_group_5_8614e87c67f590024f565ffa771501000000: [10000], GPU_group_7_8614e87c67f590024f565ffa771501000000: [0, 0, 0, 0, 0, 0, 10000, 0], bundle_group_4_8614e87c67f590024f565ffa771501000000: [10000000], CPU_group_1_8614e87c67f590024f565ffa771501000000: [10000], GPU: [10000, 10000, 10000, 10000, 10000, 10000, 10000, 10000]}, "available": {CPU_group_6_8614e87c67f590024f565ffa771501000000: [6000], CPU_group_7_8614e87c67f590024f565ffa771501000000: [6000], bundle_group_6_8614e87c67f590024f565ffa771501000000: [9999990], CPU: [560000], bundle_group_8614e87c67f590024f565ffa771501000000: [79999920], CPU_group_2_8614e87c67f590024f565ffa771501000000: [6000], bundle_group_7_8614e87c67f590024f565ffa771501000000: [9999990], CPU_group_8614e87c67f590024f565ffa771501000000: [48000], accelerator_type:B200: [10000], bundle_group_1_8614e87c67f590024f565ffa771501000000: [9999990], object_store_memory: [42949672960000], GPU_group_8614e87c67f590024f565ffa771501000000: [6000, 6000, 6000, 6000, 6000, 6000, 6000, 6000], bundle_group_5_8614e87c67f590024f565ffa771501000000: [9999990], GPU_group_5_8614e87c67f590024f565ffa771501000000: [0, 0, 0, 0, 6000, 0, 0, 0], GPU_group_3_8614e87c67f590024f565ffa771501000000: [0, 0, 6000, 0, 0, 0, 0, 0], CPU_group_3_8614e87c67f590024f565ffa771501000000: [6000], bundle_group_3_8614e87c67f590024f565ffa771501000000: [9999990], GPU_group_8_8614e87c67f590024f565ffa771501000000: [0, 0, 0, 0, 0, 0, 0, 6000], CPU_group_4_8614e87c67f590024f565ffa771501000000: [6000], CPU_group_8_8614e87c67f590024f565ffa771501000000: [6000], memory: [32418548654080000], bundle_group_2_8614e87c67f590024f565ffa771501000000: [9999990], bundle_group_8_8614e87c67f590024f565ffa771501000000: [9999990], GPU_group_2_8614e87c67f590024f565ffa771501000000: [0, 6000, 0, 0, 0, 0, 0, 0], GPU_group_4_8614e87c67f590024f565ffa771501000000: [0, 0, 0, 6000, 0, 0, 0, 0], GPU_group_6_8614e87c67f590024f565ffa771501000000: [0, 0, 0, 0, 0, 6000, 0, 0], GPU_group_1_8614e87c67f590024f565ffa771501000000: [6000, 0, 0, 0, 0, 0, 0, 0], node:10.244.13.18: [10000], CPU_group_5_8614e87c67f590024f565ffa771501000000: [6000], GPU_group_7_8614e87c67f590024f565ffa771501000000: [0, 0, 0, 0, 0, 0, 6000, 0], bundle_group_4_8614e87c67f590024f565ffa771501000000: [9999990], CPU_group_1_8614e87c67f590024f565ffa771501000000: [6000], GPU: [0, 0, 0, 0, 0, 0, 0, 0]}, "labels":{"ray.io/accelerator-type":"B200","ray.io/node-id":"5a1736abfe100329c9e05ff3a3f920e3696f0c41773d8bb025d15fe0"}} is_draining: 0 is_idle: 0 Cluster resources (at most 20 nodes are shown): node id: -5100000704351949267{"total":{memory: 32397615636480000, GPU_group_12_8614e87c67f590024f565ffa771501000000: 10000, GPU_group_0_8614e87c67f590024f565ffa771501000000: 10000, bundle_group_11_8614e87c67f590024f565ffa771501000000: 10000000, node:__internal_head__: 10000, GPU_group_14_8614e87c67f590024f565ffa771501000000: 10000, CPU_group_10_8614e87c67f590024f565ffa771501000000: 10000, CPU_group_13_8614e87c67f590024f565ffa771501000000: 10000, CPU_group_0_8614e87c67f590024f565ffa771501000000: 10000, CPU_group_11_8614e87c67f590024f565ffa771501000000: 10000, GPU: 80000, GPU_group_11_8614e87c67f590024f565ffa771501000000: 10000, bundle_group_0_8614e87c67f590024f565ffa771501000000: 10000000, CPU: 640000, GPU_group_13_8614e87c67f590024f565ffa771501000000: 10000, bundle_group_15_8614e87c67f590024f565ffa771501000000: 10000000, CPU_group_14_8614e87c67f590024f565ffa771501000000: 10000, bundle_group_10_8614e87c67f590024f565ffa771501000000: 10000000, GPU_group_10_8614e87c67f590024f565ffa771501000000: 10000, accelerator_type:B200: 10000, bundle_group_9_8614e87c67f590024f565ffa771501000000: 10000000, CPU_group_8614e87c67f590024f565ffa771501000000: 80000, bundle_group_8614e87c67f590024f565ffa771501000000: 80000000, bundle_group_12_8614e87c67f590024f565ffa771501000000: 10000000, GPU_group_8614e87c67f590024f565ffa771501000000: 80000, GPU_group_9_8614e87c67f590024f565ffa771501000000: 10000, object_store_memory: 42949672960000, node:10.244.18.139: 10000, CPU_group_15_8614e87c67f590024f565ffa771501000000: 10000, bundle_group_13_8614e87c67f590024f565ffa771501000000: 10000000, CPU_group_12_8614e87c67f590024f565ffa771501000000: 10000, GPU_group_15_8614e87c67f590024f565ffa771501000000: 10000, CPU_group_9_8614e87c67f590024f565ffa771501000000: 10000, bundle_group_14_8614e87c67f590024f565ffa771501000000: 10000000}, "available": {CPU_group_9_8614e87c67f590024f565ffa771501000000: 6000, GPU_group_12_8614e87c67f590024f565ffa771501000000: 6000, GPU_group_0_8614e87c67f590024f565ffa771501000000: 6000, bundle_group_11_8614e87c67f590024f565ffa771501000000: 9999990, node:__internal_head__: 10000, GPU_group_14_8614e87c67f590024f565ffa771501000000: 6000, CPU_group_10_8614e87c67f590024f565ffa771501000000: 6000, CPU_group_13_8614e87c67f590024f565ffa771501000000: 6000, CPU_group_0_8614e87c67f590024f565ffa771501000000: 6000, CPU_group_11_8614e87c67f590024f565ffa771501000000: 6000, bundle_group_0_8614e87c67f590024f565ffa771501000000: 9999990, GPU_group_11_8614e87c67f590024f565ffa771501000000: 6000, CPU: 540000, GPU_group_13_8614e87c67f590024f565ffa771501000000: 6000, bundle_group_15_8614e87c67f590024f565ffa771501000000: 9999990, bundle_group_10_8614e87c67f590024f565ffa771501000000: 9999990, CPU_group_14_8614e87c67f590024f565ffa771501000000: 6000, GPU_group_10_8614e87c67f590024f565ffa771501000000: 6000, accelerator_type:B200: 10000, bundle_group_9_8614e87c67f590024f565ffa771501000000: 9999990, CPU_group_8614e87c67f590024f565ffa771501000000: 48000, bundle_group_8614e87c67f590024f565ffa771501000000: 79999920, bundle_group_12_8614e87c67f590024f565ffa771501000000: 9999990, GPU_group_8614e87c67f590024f565ffa771501000000: 48000, GPU_group_9_8614e87c67f590024f565ffa771501000000: 6000, object_store_memory: 42941099220000, node:10.244.18.139: 10000, CPU_group_15_8614e87c67f590024f565ffa771501000000: 6000, bundle_group_13_8614e87c67f590024f565ffa771501000000: 9999990, CPU_group_12_8614e87c67f590024f565ffa771501000000: 6000, GPU_group_15_8614e87c67f590024f565ffa771501000000: 6000, memory: 32397615636480000, bundle_group_14_8614e87c67f590024f565ffa771501000000: 9999990}, "labels":{"ray.io/accelerator-type":"B200","ray.io/node-id":"b668a6c13d1b7186690b035979a815ca1ce93506fd27e5e4ac7a3f5d"}, "is_draining": 0, "draining_deadline_timestamp_ms": -1}node id: 6958755133317569349{"total":{bundle_group_28_8614e87c67f590024f565ffa771501000000: 10000000, CPU_group_8614e87c67f590024f565ffa771501000000: 80000, accelerator_type:B200: 10000, bundle_group_8614e87c67f590024f565ffa771501000000: 80000000, GPU_group_27_8614e87c67f590024f565ffa771501000000: 10000, GPU_group_26_8614e87c67f590024f565ffa771501000000: 10000, GPU_group_25_8614e87c67f590024f565ffa771501000000: 10000, bundle_group_16_8614e87c67f590024f565ffa771501000000: 10000000, CPU: 640000, bundle_group_31_8614e87c67f590024f565ffa771501000000: 10000000, CPU_group_29_8614e87c67f590024f565ffa771501000000: 10000, CPU_group_30_8614e87c67f590024f565ffa771501000000: 10000, bundle_group_25_8614e87c67f590024f565ffa771501000000: 10000000, CPU_group_16_8614e87c67f590024f565ffa771501000000: 10000, GPU_group_16_8614e87c67f590024f565ffa771501000000: 10000, memory: 32418469068800000, GPU_group_29_8614e87c67f590024f565ffa771501000000: 10000, bundle_group_26_8614e87c67f590024f565ffa771501000000: 10000000, object_store_memory: 42949672960000, GPU_group_8614e87c67f590024f565ffa771501000000: 80000, node:10.244.180.242: 10000, GPU_group_31_8614e87c67f590024f565ffa771501000000: 10000, GPU_group_28_8614e87c67f590024f565ffa771501000000: 10000, bundle_group_29_8614e87c67f590024f565ffa771501000000: 10000000, GPU_group_30_8614e87c67f590024f565ffa771501000000: 10000, bundle_group_30_8614e87c67f590024f565ffa771501000000: 10000000, CPU_group_27_8614e87c67f590024f565ffa771501000000: 10000, CPU_group_26_8614e87c67f590024f565ffa771501000000: 10000, GPU: 80000, CPU_group_28_8614e87c67f590024f565ffa771501000000: 10000, CPU_group_25_8614e87c67f590024f565ffa771501000000: 10000, CPU_group_31_8614e87c67f590024f565ffa771501000000: 10000, bundle_group_27_8614e87c67f590024f565ffa771501000000: 10000000}, "available": {bundle_group_28_8614e87c67f590024f565ffa771501000000: 10000000, CPU_group_8614e87c67f590024f565ffa771501000000: 78000, accelerator_type:B200: 10000, bundle_group_8614e87c67f590024f565ffa771501000000: 79999990, GPU_group_27_8614e87c67f590024f565ffa771501000000: 10000, GPU_group_26_8614e87c67f590024f565ffa771501000000: 10000, GPU_group_25_8614e87c67f590024f565ffa771501000000: 10000, bundle_group_16_8614e87c67f590024f565ffa771501000000: 9999990, CPU: 560000, bundle_group_31_8614e87c67f590024f565ffa771501000000: 10000000, CPU_group_29_8614e87c67f590024f565ffa771501000000: 10000, CPU_group_30_8614e87c67f590024f565ffa771501000000: 10000, bundle_group_25_8614e87c67f590024f565ffa771501000000: 10000000, CPU_group_16_8614e87c67f590024f565ffa771501000000: 8000, GPU_group_16_8614e87c67f590024f565ffa771501000000: 8000, memory: 32418469068800000, GPU_group_29_8614e87c67f590024f565ffa771501000000: 10000, bundle_group_26_8614e87c67f590024f565ffa771501000000: 10000000, object_store_memory: 42949672960000, GPU_group_8614e87c67f590024f565ffa771501000000: 78000, GPU_group_31_8614e87c67f590024f565ffa771501000000: 10000, node:10.244.180.242: 10000, GPU_group_28_8614e87c67f590024f565ffa771501000000: 10000, bundle_group_29_8614e87c67f590024f565ffa771501000000: 10000000, GPU_group_30_8614e87c67f590024f565ffa771501000000: 10000, bundle_group_30_8614e87c67f590024f565ffa771501000000: 10000000, CPU_group_27_8614e87c67f590024f565ffa771501000000: 10000, CPU_group_26_8614e87c67f590024f565ffa771501000000: 10000, CPU_group_28_8614e87c67f590024f565ffa771501000000: 10000, CPU_group_25_8614e87c67f590024f565ffa771501000000: 10000, CPU_group_31_8614e87c67f590024f565ffa771501000000: 10000, bundle_group_27_8614e87c67f590024f565ffa771501000000: 10000000}, "labels":{"ray.io/node-id":"91950bc728379b818b838deb2fb43ac0b302dd8af091673234e82d95","ray.io/accelerator-type":"B200"}, "is_draining": 0, "draining_deadline_timestamp_ms": -1}node id: -1681695659902243193{"total":{bundle_group_8614e87c67f590024f565ffa771501000000: 80000000, CPU_group_2_8614e87c67f590024f565ffa771501000000: 10000, bundle_group_7_8614e87c67f590024f565ffa771501000000: 10000000, CPU_group_8614e87c67f590024f565ffa771501000000: 80000, accelerator_type:B200: 10000, CPU_group_7_8614e87c67f590024f565ffa771501000000: 10000, bundle_group_6_8614e87c67f590024f565ffa771501000000: 10000000, CPU: 640000, CPU_group_4_8614e87c67f590024f565ffa771501000000: 10000, memory: 32418548654080000, CPU_group_8_8614e87c67f590024f565ffa771501000000: 10000, bundle_group_2_8614e87c67f590024f565ffa771501000000: 10000000, object_store_memory: 42949672960000, bundle_group_1_8614e87c67f590024f565ffa771501000000: 10000000, bundle_group_5_8614e87c67f590024f565ffa771501000000: 10000000, GPU_group_8614e87c67f590024f565ffa771501000000: 80000, GPU_group_3_8614e87c67f590024f565ffa771501000000: 10000, GPU_group_5_8614e87c67f590024f565ffa771501000000: 10000, CPU_group_3_8614e87c67f590024f565ffa771501000000: 10000, GPU_group_8_8614e87c67f590024f565ffa771501000000: 10000, bundle_group_3_8614e87c67f590024f565ffa771501000000: 10000000, GPU_group_7_8614e87c67f590024f565ffa771501000000: 10000, CPU_group_5_8614e87c67f590024f565ffa771501000000: 10000, bundle_group_8_8614e87c67f590024f565ffa771501000000: 10000000, GPU_group_1_8614e87c67f590024f565ffa771501000000: 10000, GPU_group_6_8614e87c67f590024f565ffa771501000000: 10000, GPU_group_4_8614e87c67f590024f565ffa771501000000: 10000, node:10.244.13.18: 10000, GPU_group_2_8614e87c67f590024f565ffa771501000000: 10000, CPU_group_1_8614e87c67f590024f565ffa771501000000: 10000, GPU: 80000, CPU_group_6_8614e87c67f590024f565ffa771501000000: 10000, bundle_group_4_8614e87c67f590024f565ffa771501000000: 10000000}, "available": {bundle_group_8614e87c67f590024f565ffa771501000000: 79999920, CPU_group_2_8614e87c67f590024f565ffa771501000000: 6000, bundle_group_7_8614e87c67f590024f565ffa771501000000: 9999990, CPU_group_8614e87c67f590024f565ffa771501000000: 48000, accelerator_type:B200: 10000, CPU_group_7_8614e87c67f590024f565ffa771501000000: 6000, bundle_group_6_8614e87c67f590024f565ffa771501000000: 9999990, CPU: 560000, CPU_group_4_8614e87c67f590024f565ffa771501000000: 6000, memory: 32418548654080000, CPU_group_8_8614e87c67f590024f565ffa771501000000: 6000, bundle_group_2_8614e87c67f590024f565ffa771501000000: 9999990, object_store_memory: 42949672960000, bundle_group_1_8614e87c67f590024f565ffa771501000000: 9999990, bundle_group_5_8614e87c67f590024f565ffa771501000000: 9999990, GPU_group_8614e87c67f590024f565ffa771501000000: 48000, GPU_group_5_8614e87c67f590024f565ffa771501000000: 6000, bundle_group_3_8614e87c67f590024f565ffa771501000000: 9999990, GPU_group_3_8614e87c67f590024f565ffa771501000000: 6000, GPU_group_8_8614e87c67f590024f565ffa771501000000: 6000, CPU_group_3_8614e87c67f590024f565ffa771501000000: 6000, GPU_group_7_8614e87c67f590024f565ffa771501000000: 6000, CPU_group_5_8614e87c67f590024f565ffa771501000000: 6000, bundle_group_8_8614e87c67f590024f565ffa771501000000: 9999990, GPU_group_1_8614e87c67f590024f565ffa771501000000: 6000, GPU_group_6_8614e87c67f590024f565ffa771501000000: 6000, GPU_group_4_8614e87c67f590024f565ffa771501000000: 6000, node:10.244.13.18: 10000, GPU_group_2_8614e87c67f590024f565ffa771501000000: 6000, CPU_group_1_8614e87c67f590024f565ffa771501000000: 6000, CPU_group_6_8614e87c67f590024f565ffa771501000000: 6000, bundle_group_4_8614e87c67f590024f565ffa771501000000: 9999990}, "labels":{"ray.io/accelerator-type":"B200","ray.io/node-id":"5a1736abfe100329c9e05ff3a3f920e3696f0c41773d8bb025d15fe0"}, "is_draining": 0, "draining_deadline_timestamp_ms": -1}node id: 346506708453796848{"total":{GPU_group_22_8614e87c67f590024f565ffa771501000000: 10000, GPU_group_23_8614e87c67f590024f565ffa771501000000: 10000, bundle_group_20_8614e87c67f590024f565ffa771501000000: 10000000, GPU: 80000, CPU_group_20_8614e87c67f590024f565ffa771501000000: 10000, GPU_group_20_8614e87c67f590024f565ffa771501000000: 10000, bundle_group_24_8614e87c67f590024f565ffa771501000000: 10000000, CPU_group_18_8614e87c67f590024f565ffa771501000000: 10000, CPU_group_21_8614e87c67f590024f565ffa771501000000: 10000, GPU_group_21_8614e87c67f590024f565ffa771501000000: 10000, bundle_group_19_8614e87c67f590024f565ffa771501000000: 10000000, CPU_group_22_8614e87c67f590024f565ffa771501000000: 10000, bundle_group_17_8614e87c67f590024f565ffa771501000000: 10000000, bundle_group_18_8614e87c67f590024f565ffa771501000000: 10000000, bundle_group_22_8614e87c67f590024f565ffa771501000000: 10000000, GPU_group_24_8614e87c67f590024f565ffa771501000000: 10000, CPU_group_23_8614e87c67f590024f565ffa771501000000: 10000, GPU_group_17_8614e87c67f590024f565ffa771501000000: 10000, GPU_group_18_8614e87c67f590024f565ffa771501000000: 10000, memory: 32418463825920000, CPU_group_17_8614e87c67f590024f565ffa771501000000: 10000, GPU_group_8614e87c67f590024f565ffa771501000000: 80000, object_store_memory: 42949672960000, bundle_group_21_8614e87c67f590024f565ffa771501000000: 10000000, bundle_group_23_8614e87c67f590024f565ffa771501000000: 10000000, node:10.244.218.62: 10000, bundle_group_8614e87c67f590024f565ffa771501000000: 80000000, accelerator_type:B200: 10000, GPU_group_19_8614e87c67f590024f565ffa771501000000: 10000, CPU_group_8614e87c67f590024f565ffa771501000000: 80000, CPU_group_24_8614e87c67f590024f565ffa771501000000: 10000, CPU: 640000, CPU_group_19_8614e87c67f590024f565ffa771501000000: 10000}, "available": {bundle_group_8614e87c67f590024f565ffa771501000000: 79999990, CPU_group_18_8614e87c67f590024f565ffa771501000000: 10000, bundle_group_19_8614e87c67f590024f565ffa771501000000: 10000000, CPU_group_8614e87c67f590024f565ffa771501000000: 78000, GPU_group_19_8614e87c67f590024f565ffa771501000000: 10000, accelerator_type:B200: 10000, CPU_group_24_8614e87c67f590024f565ffa771501000000: 10000, CPU_group_19_8614e87c67f590024f565ffa771501000000: 10000, CPU: 560000, memory: 32418463825920000, CPU_group_17_8614e87c67f590024f565ffa771501000000: 8000, bundle_group_21_8614e87c67f590024f565ffa771501000000: 10000000, object_store_memory: 42949672960000, GPU_group_8614e87c67f590024f565ffa771501000000: 78000, bundle_group_23_8614e87c67f590024f565ffa771501000000: 10000000, node:10.244.218.62: 10000, CPU_group_22_8614e87c67f590024f565ffa771501000000: 10000, bundle_group_17_8614e87c67f590024f565ffa771501000000: 9999990, bundle_group_18_8614e87c67f590024f565ffa771501000000: 10000000, CPU_group_23_8614e87c67f590024f565ffa771501000000: 10000, GPU_group_24_8614e87c67f590024f565ffa771501000000: 10000, bundle_group_22_8614e87c67f590024f565ffa771501000000: 10000000, GPU_group_18_8614e87c67f590024f565ffa771501000000: 10000, GPU_group_17_8614e87c67f590024f565ffa771501000000: 8000, GPU_group_22_8614e87c67f590024f565ffa771501000000: 10000, bundle_group_20_8614e87c67f590024f565ffa771501000000: 10000000, GPU_group_23_8614e87c67f590024f565ffa771501000000: 10000, GPU_group_20_8614e87c67f590024f565ffa771501000000: 10000, CPU_group_20_8614e87c67f590024f565ffa771501000000: 10000, bundle_group_24_8614e87c67f590024f565ffa771501000000: 10000000, GPU_group_21_8614e87c67f590024f565ffa771501000000: 10000, CPU_group_21_8614e87c67f590024f565ffa771501000000: 10000}, "labels":{"ray.io/node-id":"137ca386e65d980acbeff863eda6c65487ee6942bccc8db1236dc36e","ray.io/accelerator-type":"B200"}, "is_draining": 0, "draining_deadline_timestamp_ms": -1} { "placement group locations": [], "node to bundles": []}
[state-dump] Waiting leases size: 0
[state-dump] Number of granted lease arguments: 0
[state-dump] Number of pinned lease arguments: 0
[state-dump] Total size of pinned lease arguments: 0
[state-dump] Number of total spilled leases: 0
[state-dump] Number of spilled waiting leases: 0
[state-dump] Number of spilled unschedulable leases: 0
[state-dump] Resource usage {
[state-dump]     - (language=PYTHON actor_or_taskMegatronTrainRayActor.__init__ pid=960 worker_id=a9bc9faf934d79652d9f51f4b3a8ae687f183aad5e231512ece05a0e): {bundle_group_7_8614e87c67f590024f565ffa771501000000: 0.001, CPU_group_8614e87c67f590024f565ffa771501000000: 0.4, GPU_group_7_8614e87c67f590024f565ffa771501000000: 0.4, bundle_group_8614e87c67f590024f565ffa771501000000: 0.001, CPU_group_7_8614e87c67f590024f565ffa771501000000: 0.4, GPU_group_8614e87c67f590024f565ffa771501000000: 0.4}
[state-dump]     - (language=PYTHON actor_or_taskMegatronTrainRayActor.__init__ pid=959 worker_id=cdcada990c364655aa3c0f9c6bccf0203189a4361f0949466abeece3): {GPU_group_6_8614e87c67f590024f565ffa771501000000: 0.4, bundle_group_6_8614e87c67f590024f565ffa771501000000: 0.001, GPU_group_8614e87c67f590024f565ffa771501000000: 0.4, bundle_group_8614e87c67f590024f565ffa771501000000: 0.001, CPU_group_6_8614e87c67f590024f565ffa771501000000: 0.4, CPU_group_8614e87c67f590024f565ffa771501000000: 0.4}
[state-dump]     - (language=PYTHON actor_or_taskMegatronTrainRayActor.__init__ pid=965 worker_id=136546f248884d2dc9fd21b946db50be3709536bcc5ac432a4424196): {bundle_group_5_8614e87c67f590024f565ffa771501000000: 0.001, GPU_group_8614e87c67f590024f565ffa771501000000: 0.4, GPU_group_5_8614e87c67f590024f565ffa771501000000: 0.4, bundle_group_8614e87c67f590024f565ffa771501000000: 0.001, CPU_group_5_8614e87c67f590024f565ffa771501000000: 0.4, CPU_group_8614e87c67f590024f565ffa771501000000: 0.4}
[state-dump]     - (language=PYTHON actor_or_taskMegatronTrainRayActor.__init__ pid=961 worker_id=ec06ade875864bdbb80ae3f1b19a8be1abd78ad89338d48eb1d001af): {CPU_group_8614e87c67f590024f565ffa771501000000: 0.4, GPU_group_8614e87c67f590024f565ffa771501000000: 0.4, CPU_group_4_8614e87c67f590024f565ffa771501000000: 0.4, bundle_group_4_8614e87c67f590024f565ffa771501000000: 0.001, bundle_group_8614e87c67f590024f565ffa771501000000: 0.001, GPU_group_4_8614e87c67f590024f565ffa771501000000: 0.4}
[state-dump]     - (language=PYTHON actor_or_taskMegatronTrainRayActor.__init__ pid=962 worker_id=ca6cb88024162bf07716ce2c88c2fb4113d3b1e347331c5dd5e35cfb): {GPU_group_3_8614e87c67f590024f565ffa771501000000: 0.4, GPU_group_8614e87c67f590024f565ffa771501000000: 0.4, CPU_group_8614e87c67f590024f565ffa771501000000: 0.4, bundle_group_8614e87c67f590024f565ffa771501000000: 0.001, bundle_group_3_8614e87c67f590024f565ffa771501000000: 0.001, CPU_group_3_8614e87c67f590024f565ffa771501000000: 0.4}
[state-dump]     - (language=PYTHON actor_or_taskMegatronTrainRayActor.__init__ pid=963 worker_id=062ee74904ba1e2a3b770071417d9b3415af75b383dc6c62f90e84d8): {CPU_group_2_8614e87c67f590024f565ffa771501000000: 0.4, bundle_group_8614e87c67f590024f565ffa771501000000: 0.001, GPU_group_8614e87c67f590024f565ffa771501000000: 0.4, CPU_group_8614e87c67f590024f565ffa771501000000: 0.4, GPU_group_2_8614e87c67f590024f565ffa771501000000: 0.4, bundle_group_2_8614e87c67f590024f565ffa771501000000: 0.001}
[state-dump]     - (language=PYTHON actor_or_taskMegatronTrainRayActor.__init__ pid=964 worker_id=a6daf3a2ba673f0b1ab7f9b6574c645d591c1c94493d7905906c216f): {CPU_group_8_8614e87c67f590024f565ffa771501000000: 0.4, CPU_group_8614e87c67f590024f565ffa771501000000: 0.4, GPU_group_8_8614e87c67f590024f565ffa771501000000: 0.4, bundle_group_8614e87c67f590024f565ffa771501000000: 0.001, bundle_group_8_8614e87c67f590024f565ffa771501000000: 0.001, GPU_group_8614e87c67f590024f565ffa771501000000: 0.4}
[state-dump]     - (language=PYTHON actor_or_taskMegatronTrainRayActor.__init__ pid=856 worker_id=5cc4ed1f0649d6976ed683211055eb3665137c692d18f2735c16f6ce): {GPU_group_8614e87c67f590024f565ffa771501000000: 0.4, GPU_group_1_8614e87c67f590024f565ffa771501000000: 0.4, bundle_group_1_8614e87c67f590024f565ffa771501000000: 0.001, bundle_group_8614e87c67f590024f565ffa771501000000: 0.001, CPU_group_8614e87c67f590024f565ffa771501000000: 0.4, CPU_group_1_8614e87c67f590024f565ffa771501000000: 0.4}
[state-dump] }
[state-dump] Backlog Size per scheduling descriptor :{workerId: num backlogs}:
[state-dump] 
[state-dump] Granted leases by scheduling class:
[state-dump] ==================================================
[state-dump] 
[state-dump] ClusterResources:
[state-dump] LocalObjectManager:
[state-dump] - num pinned objects: 0
[state-dump] - pinned objects size: 0
[state-dump] - num objects pending restore: 0
[state-dump] - num objects pending spill: 0
[state-dump] - num bytes pending spill: 0
[state-dump] - num bytes currently spilled: 0
[state-dump] - cumulative spill requests: 0
[state-dump] - cumulative restore requests: 0
[state-dump] - spilled objects pending delete: 0
[state-dump] 
[state-dump] ObjectManager:
[state-dump] - num local objects: 8
[state-dump] - num unfulfilled push requests: 0
[state-dump] - num object pull requests: 0
[state-dump] - num chunks received total: 8
[state-dump] - num chunks received failed (all): 0
[state-dump] - num chunks received failed / cancelled: 0
[state-dump] - num chunks received failed / plasma error: 0
[state-dump] Event stats:
[state-dump] Global stats: 24 total (0 active)
[state-dump] Queueing time: mean = 0.02ms, max = 0.06ms, min = 0.01ms, total = 0.50ms
[state-dump] Execution time:  mean = 1.51ms, total = 36.31ms
[state-dump] Event stats:
[state-dump] 	ObjectManagerService.grpc_server.Push - 8 total (0 active), Execution time: mean = 2.21ms, total = 17.65ms, Queueing time: mean = 0.00ms, max = -0.00ms, min = 9223372036854.78ms, total = 0.00ms
[state-dump] 	ObjectManagerService.grpc_server.Push.HandleRequestImpl - 8 total (0 active), Execution time: mean = 2.02ms, total = 16.17ms, Queueing time: mean = 0.02ms, max = 0.04ms, min = 0.01ms, total = 0.18ms
[state-dump] 	ObjectManager.SendPull - 8 total (0 active), Execution time: mean = 0.31ms, total = 2.49ms, Queueing time: mean = 0.04ms, max = 0.06ms, min = 0.01ms, total = 0.32ms
[state-dump] PushManager:
[state-dump] - num pushes remaining: 0
[state-dump] - num chunks in flight: 0
[state-dump] - num chunks remaining: 0
[state-dump] - max chunks allowed: 409
[state-dump] OwnershipBasedObjectDirectory:
[state-dump] - num listeners: 0
[state-dump] - cumulative location updates: 9
[state-dump] - num location updates per second: 0.000
[state-dump] - num location lookups per second: 0.000
[state-dump] - num locations added per second: 0.000
[state-dump] - num locations removed per second: 0.000
[state-dump] BufferPool:
[state-dump] - create buffer state map size: 0
[state-dump] PullManager:
[state-dump] - num bytes available for pulled objects: 4294967296
[state-dump] - num bytes being pulled (all): 0
[state-dump] - num bytes being pulled / pinned: 0
[state-dump] - get request bundles: BundlePullRequestQueue{0 total, 0 active, 0 inactive, 0 unpullable}
[state-dump] - wait request bundles: BundlePullRequestQueue{0 total, 0 active, 0 inactive, 0 unpullable}
[state-dump] - task request bundles: BundlePullRequestQueue{0 total, 0 active, 0 inactive, 0 unpullable}
[state-dump] - first get request bundle: N/A
[state-dump] - first wait request bundle: N/A
[state-dump] - first task request bundle: N/A
[state-dump] - num objects queued: 0
[state-dump] - num objects actively pulled (all): 0
[state-dump] - num objects actively pulled / pinned: 0
[state-dump] - num bundles being pulled: 0
[state-dump] - num pull retries: 0
[state-dump] - max timeout seconds: 10
[state-dump] - max timeout request is already processed. No entry.
[state-dump] 
[state-dump] WorkerPool:
[state-dump] - registered jobs: 1
[state-dump] - process_failed_job_config_missing: 0
[state-dump] - process_failed_rate_limited: 0
[state-dump] - process_failed_pending_registration: 0
[state-dump] - process_failed_runtime_env_setup_failed: 0
[state-dump] - num PYTHON workers: 8
[state-dump] - num PYTHON drivers: 0
[state-dump] - num PYTHON pending start requests: 0
[state-dump] - num PYTHON pending registration requests: 0
[state-dump] - num object spill callbacks queued: 0
[state-dump] - num object restore queued: 0
[state-dump] - num util functions queued: 0
[state-dump] - num idle workers: 0
[state-dump] LeaseDependencyManager:
[state-dump] - lease deps map size: 0
[state-dump] - get req map size: 0
[state-dump] - wait req map size: 0
[state-dump] - local objects map size: 8
[state-dump] WaitManager:
[state-dump] - num active wait requests: 0
[state-dump] Subscriber:
[state-dump] Channel WORKER_OBJECT_LOCATIONS_CHANNEL
[state-dump] - cumulative subscribe requests: 8
[state-dump] - cumulative unsubscribe requests: 8
[state-dump] - active subscribed publishers: 0
[state-dump] - cumulative published messages: 11
[state-dump] - cumulative processed messages: 10
[state-dump] Channel WORKER_REF_REMOVED_CHANNEL
[state-dump] - cumulative subscribe requests: 0
[state-dump] - cumulative unsubscribe requests: 0
[state-dump] - active subscribed publishers: 0
[state-dump] - cumulative published messages: 0
[state-dump] - cumulative processed messages: 0
[state-dump] num async plasma notifications: 0
[state-dump] Event stats:
[state-dump] Global stats: 18882 total (22 active)
[state-dump] Queueing time: mean = 140.15ms, max = 327445.13ms, min = -0.02ms, total = 2646338.82ms
[state-dump] Execution time:  mean = 2.40ms, total = 45328.43ms
[state-dump] Event stats:
[state-dump] 	ObjectManager.UpdateAvailableMemory - 4199 total (0 active), Execution time: mean = 0.00ms, total = 4.07ms, Queueing time: mean = 0.01ms, max = 0.16ms, min = 0.00ms, total = 38.26ms
[state-dump] 	NodeManager.CheckGC - 4199 total (1 active), Execution time: mean = 0.00ms, total = 7.07ms, Queueing time: mean = 0.03ms, max = 18.59ms, min = 0.00ms, total = 114.42ms
[state-dump] 	RaySyncer.BroadcastMessageIfNewVersion - 4199 total (1 active), Execution time: mean = 0.00ms, total = 7.56ms, Queueing time: mean = 0.03ms, max = 18.59ms, min = 0.00ms, total = 112.74ms
[state-dump] 	RayletWorkerPool.deadline_timer.kill_idle_workers - 2100 total (1 active), Execution time: mean = 0.00ms, total = 4.95ms, Queueing time: mean = 0.04ms, max = 23.53ms, min = -0.02ms, total = 75.27ms
[state-dump] 	NodeManager.deadline_timer.spill_objects_when_over_threshold - 420 total (1 active), Execution time: mean = 0.00ms, total = 0.65ms, Queueing time: mean = 0.14ms, max = 23.80ms, min = 0.00ms, total = 59.38ms
[state-dump] 	NodeManager.deadline_timer.flush_free_objects - 420 total (1 active), Execution time: mean = 0.00ms, total = 0.73ms, Queueing time: mean = 0.14ms, max = 23.80ms, min = 0.00ms, total = 59.33ms
[state-dump] 	NodeManager.CheckForUnexpectedWorkerDisconnects - 420 total (1 active), Execution time: mean = 0.01ms, total = 4.71ms, Queueing time: mean = 0.01ms, max = 0.64ms, min = 0.00ms, total = 6.00ms
[state-dump] 	NodeManager.ScheduleAndGrantLeases - 420 total (1 active), Execution time: mean = 0.00ms, total = 1.93ms, Queueing time: mean = 0.02ms, max = 0.65ms, min = 0.00ms, total = 8.91ms
[state-dump] 	NodeManagerService.grpc_server.GetResourceLoad - 419 total (0 active), Execution time: mean = 0.36ms, total = 150.11ms, Queueing time: mean = 0.00ms, max = -0.00ms, min = 9223372036854.78ms, total = 0.00ms
[state-dump] 	NodeManagerService.grpc_server.GetResourceLoad.HandleRequestImpl - 419 total (0 active), Execution time: mean = 0.09ms, total = 37.65ms, Queueing time: mean = 0.02ms, max = 0.06ms, min = 0.00ms, total = 8.97ms
[state-dump] 	CoreWorkerService.grpc_client.GetCoreWorkerStats - 194 total (0 active), Execution time: mean = 0.76ms, total = 147.60ms, Queueing time: mean = 0.00ms, max = -0.00ms, min = 9223372036854.78ms, total = 0.00ms
[state-dump] 	CoreWorkerService.grpc_client.GetCoreWorkerStats.OnReplyReceived - 194 total (0 active), Execution time: mean = 0.02ms, total = 3.45ms, Queueing time: mean = 0.04ms, max = 0.13ms, min = 0.00ms, total = 8.55ms
[state-dump] 	ClusterResourceManager.ResetRemoteNodeView - 141 total (1 active), Execution time: mean = 0.00ms, total = 0.38ms, Queueing time: mean = 0.02ms, max = 0.15ms, min = 0.00ms, total = 2.88ms
[state-dump] 	ClientConnection.async_read.ProcessMessageHeader - 96 total (8 active), Execution time: mean = 0.00ms, total = 0.39ms, Queueing time: mean = 27539.22ms, max = 327445.13ms, min = 0.01ms, total = 2643765.41ms
[state-dump] 	ClientConnection.async_read.ProcessMessage - 88 total (0 active), Execution time: mean = 0.33ms, total = 29.19ms, Queueing time: mean = 0.08ms, max = 2.49ms, min = 0.00ms, total = 6.94ms
[state-dump] 	NodeManager.deadline_timer.record_metrics - 84 total (1 active), Execution time: mean = 0.23ms, total = 19.53ms, Queueing time: mean = 0.48ms, max = 23.64ms, min = 0.00ms, total = 40.34ms
[state-dump] 	NodeManagerService.grpc_server.GetAgentPIDs - 81 total (0 active), Execution time: mean = 0.34ms, total = 27.40ms, Queueing time: mean = 0.00ms, max = -0.00ms, min = 9223372036854.78ms, total = 0.00ms
[state-dump] 	NodeManagerService.grpc_server.GetWorkerPIDs.HandleRequestImpl - 81 total (0 active), Execution time: mean = 0.03ms, total = 2.48ms, Queueing time: mean = 0.04ms, max = 1.54ms, min = 0.01ms, total = 3.37ms
[state-dump] 	NodeManagerService.grpc_server.GetAgentPIDs.HandleRequestImpl - 81 total (0 active), Execution time: mean = 0.03ms, total = 2.53ms, Queueing time: mean = 0.04ms, max = 0.11ms, min = 0.00ms, total = 3.45ms
[state-dump] 	NodeManagerService.grpc_server.GetWorkerPIDs - 81 total (0 active), Execution time: mean = 0.31ms, total = 25.03ms, Queueing time: mean = 0.00ms, max = -0.00ms, min = 9223372036854.78ms, total = 0.00ms
[state-dump] 	event_loop_lag_probe - 44 total (0 active), Execution time: mean = 0.02ms, total = 0.75ms, Queueing time: mean = 0.16ms, max = 6.99ms, min = 0.00ms, total = 7.14ms
[state-dump] 	NodeManager.deadline_timer.debug_state_dump - 42 total (1 active), Execution time: mean = 1.41ms, total = 59.13ms, Queueing time: mean = 0.01ms, max = 0.03ms, min = 0.00ms, total = 0.48ms
[state-dump] 	Subscriber.HandlePublishedMessage_GCS_WORKER_DELTA_CHANNEL - 32 total (0 active), Execution time: mean = 0.00ms, total = 0.02ms, Queueing time: mean = 0.07ms, max = 0.10ms, min = 0.03ms, total = 2.39ms
[state-dump] 	 - 29 total (0 active), Execution time: mean = 0.09ms, total = 2.55ms, Queueing time: mean = 0.71ms, max = 19.87ms, min = 0.00ms, total = 20.71ms
[state-dump] 	RaySyncer.BroadcastMessage - 29 total (0 active), Execution time: mean = 0.09ms, total = 2.60ms, Queueing time: mean = 0.00ms, max = 0.00ms, min = 0.00ms, total = 0.01ms
[state-dump] 	NodeManagerService.grpc_server.GetNodeStats.HandleRequestImpl - 28 total (0 active), Execution time: mean = 0.46ms, total = 12.81ms, Queueing time: mean = 0.03ms, max = 0.05ms, min = 0.01ms, total = 0.74ms
[state-dump] 	NodeManagerService.grpc_server.GetNodeStats - 28 total (0 active), Execution time: mean = 1.45ms, total = 40.57ms, Queueing time: mean = 0.00ms, max = -0.00ms, min = 9223372036854.78ms, total = 0.00ms
[state-dump] 	ObjectManager.ObjectAdded - 24 total (0 active), Execution time: mean = 0.06ms, total = 1.44ms, Queueing time: mean = 0.18ms, max = 0.89ms, min = 0.00ms, total = 4.35ms
[state-dump] 	NodeManagerService.grpc_server.RequestWorkerLease - 16 total (0 active), Execution time: mean = 470.59ms, total = 7529.45ms, Queueing time: mean = 0.00ms, max = -0.00ms, min = 9223372036854.78ms, total = 0.00ms
[state-dump] 	ObjectManager.ObjectDeleted - 16 total (0 active), Execution time: mean = 0.01ms, total = 0.10ms, Queueing time: mean = 0.01ms, max = 0.03ms, min = 0.01ms, total = 0.20ms
[state-dump] 	ClientConnection.async_write.DoAsyncWrites - 16 total (0 active), Execution time: mean = 0.00ms, total = 0.01ms, Queueing time: mean = 0.01ms, max = 0.02ms, min = 0.00ms, total = 0.18ms
[state-dump] 	NodeManagerService.grpc_server.GetSystemConfig - 16 total (0 active), Execution time: mean = 0.22ms, total = 3.49ms, Queueing time: mean = 0.00ms, max = -0.00ms, min = 9223372036854.78ms, total = 0.00ms
[state-dump] 	NodeManagerService.grpc_server.RequestWorkerLease.HandleRequestImpl - 16 total (0 active), Execution time: mean = 1.47ms, total = 23.55ms, Queueing time: mean = 5.43ms, max = 17.83ms, min = 0.01ms, total = 86.81ms
[state-dump] 	NodeManagerService.grpc_server.GetSystemConfig.HandleRequestImpl - 16 total (0 active), Execution time: mean = 0.01ms, total = 0.23ms, Queueing time: mean = 0.01ms, max = 0.04ms, min = 0.01ms, total = 0.20ms
[state-dump] 	ray::rpc::ControlPlanePubSubGcsService.grpc_client.GcsSubscriberPoll - 13 total (1 active), Execution time: mean = 2762.41ms, total = 35911.36ms, Queueing time: mean = 0.00ms, max = -0.00ms, min = 9223372036854.78ms, total = 0.00ms
[state-dump] 	PeriodicalRunner.RunFnPeriodically - 13 total (0 active), Execution time: mean = 0.29ms, total = 3.82ms, Queueing time: mean = 144.58ms, max = 624.32ms, min = 0.02ms, total = 1879.51ms
[state-dump] 	ray::rpc::ControlPlanePubSubGcsService.grpc_client.GcsSubscriberPoll.OnReplyReceived - 12 total (0 active), Execution time: mean = 0.10ms, total = 1.25ms, Queueing time: mean = 0.03ms, max = 0.19ms, min = 0.00ms, total = 0.31ms
[state-dump] 	Subscriber.HandlePublishedMessage_WORKER_OBJECT_LOCATIONS_CHANNEL - 10 total (0 active), Execution time: mean = 0.09ms, total = 0.86ms, Queueing time: mean = 0.41ms, max = 0.69ms, min = 0.09ms, total = 4.09ms
[state-dump] 	ObjectManagerService.grpc_client.Pull.OnReplyReceived - 8 total (0 active), Execution time: mean = 0.02ms, total = 0.13ms, Queueing time: mean = 0.05ms, max = 0.09ms, min = 0.02ms, total = 0.38ms
[state-dump] 	NodeManagerService.grpc_server.KillLocalActor - 8 total (0 active), Execution time: mean = 16.68ms, total = 133.42ms, Queueing time: mean = 0.00ms, max = -0.00ms, min = 9223372036854.78ms, total = 0.00ms
[state-dump] 	ray::rpc::WorkerInfoGcsService.grpc_client.ReportWorkerFailure.OnReplyReceived - 8 total (0 active), Execution time: mean = 0.01ms, total = 0.07ms, Queueing time: mean = 0.05ms, max = 0.18ms, min = 0.00ms, total = 0.41ms
[state-dump] 	NodeManagerService.grpc_server.KillLocalActor.HandleRequestImpl - 8 total (0 active), Execution time: mean = 0.17ms, total = 1.35ms, Queueing time: mean = 0.52ms, max = 0.65ms, min = 0.03ms, total = 4.17ms
[state-dump] 	ray::rpc::WorkerInfoGcsService.grpc_client.ReportWorkerFailure - 8 total (0 active), Execution time: mean = 9.66ms, total = 77.30ms, Queueing time: mean = 0.00ms, max = -0.00ms, min = 9223372036854.78ms, total = 0.00ms
[state-dump] 	ObjectManagerService.grpc_client.Pull - 8 total (0 active), Execution time: mean = 1.85ms, total = 14.82ms, Queueing time: mean = 0.00ms, max = -0.00ms, min = 9223372036854.78ms, total = 0.00ms
[state-dump] 	CoreWorkerService.grpc_client.KillActor.OnReplyReceived - 8 total (0 active), Execution time: mean = 0.05ms, total = 0.41ms, Queueing time: mean = 0.02ms, max = 0.12ms, min = 0.00ms, total = 0.16ms
[state-dump] 	CoreWorkerService.grpc_client.KillActor - 8 total (0 active), Execution time: mean = 15.95ms, total = 127.59ms, Queueing time: mean = 0.00ms, max = -0.00ms, min = 9223372036854.78ms, total = 0.00ms
[state-dump] 	ray::rpc::NodeInfoGcsService.grpc_client.CheckAlive - 7 total (0 active), Execution time: mean = 0.75ms, total = 5.24ms, Queueing time: mean = 0.00ms, max = -0.00ms, min = 9223372036854.78ms, total = 0.00ms
[state-dump] 	ray::rpc::NodeInfoGcsService.grpc_client.CheckAlive.OnReplyReceived - 7 total (0 active), Execution time: mean = 0.02ms, total = 0.14ms, Queueing time: mean = 0.01ms, max = 0.01ms, min = 0.01ms, total = 0.07ms
[state-dump] 	NodeManager.deadline_timer.print_event_loop_stats - 7 total (1 active, 1 running), Execution time: mean = 0.65ms, total = 4.54ms, Queueing time: mean = 0.00ms, max = 0.01ms, min = 0.00ms, total = 0.03ms
[state-dump] 	NodeManager.GcsCheckAlive - 7 total (1 active), Execution time: mean = 0.13ms, total = 0.92ms, Queueing time: mean = 0.53ms, max = 0.68ms, min = 0.58ms, total = 3.73ms
[state-dump] 	CoreWorkerService.grpc_client.PubsubLongPolling.OnReplyReceived - 6 total (0 active), Execution time: mean = 0.12ms, total = 0.73ms, Queueing time: mean = 0.34ms, max = 0.79ms, min = 0.01ms, total = 2.03ms
[state-dump] 	CoreWorkerService.grpc_client.PubsubLongPolling - 6 total (0 active), Execution time: mean = 5.37ms, total = 32.25ms, Queueing time: mean = 0.00ms, max = -0.00ms, min = 9223372036854.78ms, total = 0.00ms
[state-dump] 	CoreWorkerService.grpc_client.PubsubCommandBatch.OnReplyReceived - 5 total (0 active), Execution time: mean = 0.13ms, total = 0.65ms, Queueing time: mean = 0.16ms, max = 0.38ms, min = 0.01ms, total = 0.80ms
[state-dump] 	CoreWorkerService.grpc_client.PubsubCommandBatch - 5 total (0 active), Execution time: mean = 5.47ms, total = 27.34ms, Queueing time: mean = 0.00ms, max = -0.00ms, min = 9223372036854.78ms, total = 0.00ms
[state-dump] 	CoreWorkerService.grpc_client.UpdateObjectLocationBatch - 4 total (0 active), Execution time: mean = 0.33ms, total = 1.30ms, Queueing time: mean = 0.00ms, max = -0.00ms, min = 9223372036854.78ms, total = 0.00ms
[state-dump] 	CoreWorkerService.grpc_client.UpdateObjectLocationBatch.OnReplyReceived - 4 total (0 active), Execution time: mean = 0.04ms, total = 0.16ms, Queueing time: mean = 0.39ms, max = 0.82ms, min = 0.04ms, total = 1.56ms
[state-dump] 	Subscriber.HandlePublishedMessage_GCS_NODE_ADDRESS_AND_LIVENESS_CHANNEL - 2 total (0 active), Execution time: mean = 0.11ms, total = 0.23ms, Queueing time: mean = 0.25ms, max = 0.27ms, min = 0.23ms, total = 0.50ms
[state-dump] 	RaySyncerRegister - 2 total (0 active), Execution time: mean = 0.00ms, total = 0.00ms, Queueing time: mean = 0.00ms, max = 0.00ms, min = 0.00ms, total = 0.00ms
[state-dump] 	ray::rpc::ControlPlanePubSubGcsService.grpc_client.GcsSubscriberCommandBatch - 2 total (0 active), Execution time: mean = 0.72ms, total = 1.43ms, Queueing time: mean = 0.00ms, max = -0.00ms, min = 9223372036854.78ms, total = 0.00ms
[state-dump] 	ray::rpc::ControlPlanePubSubGcsService.grpc_client.GcsSubscriberCommandBatch.OnReplyReceived - 2 total (0 active), Execution time: mean = 0.05ms, total = 0.09ms, Queueing time: mean = 1.63ms, max = 3.14ms, min = 0.11ms, total = 3.25ms
[state-dump] 	NodeManager.GCTaskFailureReason - 1 total (1 active), Execution time: mean = 0.00ms, total = 0.00ms, Queueing time: mean = 0.00ms, max = -0.00ms, min = 9223372036854.78ms, total = 0.00ms
[state-dump] 	ReporterService.grpc_client.HealthCheck.OnReplyReceived - 1 total (0 active), Execution time: mean = 0.13ms, total = 0.13ms, Queueing time: mean = 0.02ms, max = 0.02ms, min = 0.02ms, total = 0.02ms
[state-dump] 	ReporterService.grpc_client.HealthCheck - 1 total (0 active), Execution time: mean = 190.29ms, total = 190.29ms, Queueing time: mean = 0.00ms, max = -0.00ms, min = 9223372036854.78ms, total = 0.00ms
[state-dump] 	ray::rpc::NodeInfoGcsService.grpc_client.RegisterNode - 1 total (0 active), Execution time: mean = 0.80ms, total = 0.80ms, Queueing time: mean = 0.00ms, max = -0.00ms, min = 9223372036854.78ms, total = 0.00ms
[state-dump] 	NodeManagerService.grpc_server.PrepareBundleResources.HandleRequestImpl - 1 total (0 active), Execution time: mean = 0.85ms, total = 0.85ms, Queueing time: mean = 0.03ms, max = 0.03ms, min = 0.03ms, total = 0.03ms
[state-dump] 	NodeManagerService.grpc_server.PrepareBundleResources - 1 total (0 active), Execution time: mean = 1.19ms, total = 1.19ms, Queueing time: mean = 0.00ms, max = -0.00ms, min = 9223372036854.78ms, total = 0.00ms
[state-dump] 	NodeManagerService.grpc_server.CommitBundleResources - 1 total (0 active), Execution time: mean = 1.45ms, total = 1.45ms, Queueing time: mean = 0.00ms, max = -0.00ms, min = 9223372036854.78ms, total = 0.00ms
[state-dump] 	ray::rpc::InternalKVGcsService.grpc_client.GetInternalConfig - 1 total (0 active), Execution time: mean = 0.89ms, total = 0.89ms, Queueing time: mean = 0.00ms, max = -0.00ms, min = 9223372036854.78ms, total = 0.00ms
[state-dump] 	ray::rpc::NodeInfoGcsService.grpc_client.GetAllNodeAddressAndLiveness.OnReplyReceived - 1 total (0 active), Execution time: mean = 0.11ms, total = 0.11ms, Queueing time: mean = 0.01ms, max = 0.01ms, min = 0.01ms, total = 0.01ms
[state-dump] 	ray::rpc::JobInfoGcsService.grpc_client.GetAllJobInfo.OnReplyReceived - 1 total (0 active), Execution time: mean = 0.01ms, total = 0.01ms, Queueing time: mean = 0.01ms, max = 0.01ms, min = 0.01ms, total = 0.01ms
[state-dump] 	ray::rpc::NodeInfoGcsService.grpc_client.RegisterNode.OnReplyReceived - 1 total (0 active), Execution time: mean = 0.24ms, total = 0.24ms, Queueing time: mean = 0.01ms, max = 0.01ms, min = 0.01ms, total = 0.01ms
[state-dump] 	Subscriber.HandlePublishedMessage_GCS_JOB_CHANNEL - 1 total (0 active), Execution time: mean = 0.04ms, total = 0.04ms, Queueing time: mean = 0.28ms, max = 0.28ms, min = 0.28ms, total = 0.28ms
[state-dump] 	ray::rpc::JobInfoGcsService.grpc_client.GetAllJobInfo - 1 total (0 active), Execution time: mean = 0.69ms, total = 0.69ms, Queueing time: mean = 0.00ms, max = -0.00ms, min = 9223372036854.78ms, total = 0.00ms
[state-dump] 	NodeManagerService.grpc_server.CommitBundleResources.HandleRequestImpl - 1 total (0 active), Execution time: mean = 1.11ms, total = 1.11ms, Queueing time: mean = 0.03ms, max = 0.03ms, min = 0.03ms, total = 0.03ms
[state-dump] 	ray::rpc::NodeInfoGcsService.grpc_client.GetAllNodeAddressAndLiveness - 1 total (0 active), Execution time: mean = 0.75ms, total = 0.75ms, Queueing time: mean = 0.00ms, max = -0.00ms, min = 9223372036854.78ms, total = 0.00ms
[state-dump] 	ray::rpc::InternalKVGcsService.grpc_client.GetInternalConfig.OnReplyReceived - 1 total (0 active), Execution time: mean = 628.39ms, total = 628.39ms, Queueing time: mean = 0.01ms, max = 0.01ms, min = 0.01ms, total = 0.01ms
[state-dump] DebugString() time ms: 0
[state-dump] 
[state-dump] 
[2026-09-03 22:06:28,338 I 79 102] (raylet) store.cc:573: Plasma store debug dump: 
Current usage: 0.000539599 / 4.29497 GB
- num bytes created total: 539727
0 pending objects of total size 0MB
- objects spillable: 0
- bytes spillable: 0
- objects unsealed: 0
- bytes unsealed: 0
- objects in use: 0
- bytes in use: 0
- objects evictable: 8
- bytes evictable: 539599

- objects created by worker: 0
- bytes created by worker: 0
- objects restored: 0
- bytes restored: 0
- objects received: 8
- bytes received: 539599
- objects errored: 0
- bytes errored: 0

[2026-09-03 22:06:28,974 I 79 79] (raylet) node_manager.cc:486: [state-dump] NodeManager:
[state-dump] Node ID: 5a1736abfe100329c9e05ff3a3f920e3696f0c41773d8bb025d15fe0
[state-dump] Node name: 10.244.13.18
[state-dump] InitialConfigResources: {GPU: 8, accelerator_type:B200: 1, node:10.244.13.18: 1, object_store_memory: 4.29497e+09, CPU: 64, memory: 3.24185e+12}
[state-dump] ClusterLeaseManager:
[state-dump] ========== Node: 5a1736abfe100329c9e05ff3a3f920e3696f0c41773d8bb025d15fe0 =================
[state-dump] Infeasible queue length: 0
[state-dump] Schedule queue length: 0
[state-dump] Grant queue length: 0
[state-dump] num_waiting_for_resource: 0
[state-dump] num_waiting_for_plasma_memory: 0
[state-dump] num_waiting_for_remote_node_resources: 0
[state-dump] num_worker_not_started_by_job_config_not_exist: 0
[state-dump] num_worker_not_started_by_registration_timeout: 0
[state-dump] num_tasks_waiting_for_workers: 0
[state-dump] num_cancelled_leases: 0
[state-dump] cluster_resource_scheduler state: 
[state-dump] Local id: -1681695659902243193 Local resources: {"total":{CPU_group_6_8614e87c67f590024f565ffa771501000000: [10000], CPU_group_7_8614e87c67f590024f565ffa771501000000: [10000], bundle_group_6_8614e87c67f590024f565ffa771501000000: [10000000], CPU: [640000], bundle_group_8614e87c67f590024f565ffa771501000000: [80000000], CPU_group_2_8614e87c67f590024f565ffa771501000000: [10000], bundle_group_7_8614e87c67f590024f565ffa771501000000: [10000000], CPU_group_8614e87c67f590024f565ffa771501000000: [80000], accelerator_type:B200: [10000], bundle_group_1_8614e87c67f590024f565ffa771501000000: [10000000], object_store_memory: [42949672960000], GPU_group_8614e87c67f590024f565ffa771501000000: [10000, 10000, 10000, 10000, 10000, 10000, 10000, 10000], bundle_group_5_8614e87c67f590024f565ffa771501000000: [10000000], GPU_group_5_8614e87c67f590024f565ffa771501000000: [0, 0, 0, 0, 10000, 0, 0, 0], GPU_group_3_8614e87c67f590024f565ffa771501000000: [0, 0, 10000, 0, 0, 0, 0, 0], CPU_group_3_8614e87c67f590024f565ffa771501000000: [10000], bundle_group_3_8614e87c67f590024f565ffa771501000000: [10000000], GPU_group_8_8614e87c67f590024f565ffa771501000000: [0, 0, 0, 0, 0, 0, 0, 10000], CPU_group_4_8614e87c67f590024f565ffa771501000000: [10000], CPU_group_8_8614e87c67f590024f565ffa771501000000: [10000], memory: [32418548654080000], bundle_group_2_8614e87c67f590024f565ffa771501000000: [10000000], bundle_group_8_8614e87c67f590024f565ffa771501000000: [10000000], GPU_group_2_8614e87c67f590024f565ffa771501000000: [0, 10000, 0, 0, 0, 0, 0, 0], GPU_group_4_8614e87c67f590024f565ffa771501000000: [0, 0, 0, 10000, 0, 0, 0, 0], GPU_group_6_8614e87c67f590024f565ffa771501000000: [0, 0, 0, 0, 0, 10000, 0, 0], GPU_group_1_8614e87c67f590024f565ffa771501000000: [10000, 0, 0, 0, 0, 0, 0, 0], node:10.244.13.18: [10000], CPU_group_5_8614e87c67f590024f565ffa771501000000: [10000], GPU_group_7_8614e87c67f590024f565ffa771501000000: [0, 0, 0, 0, 0, 0, 10000, 0], bundle_group_4_8614e87c67f590024f565ffa771501000000: [10000000], CPU_group_1_8614e87c67f590024f565ffa771501000000: [10000], GPU: [10000, 10000, 10000, 10000, 10000, 10000, 10000, 10000]}, "available": {CPU_group_6_8614e87c67f590024f565ffa771501000000: [6000], CPU_group_7_8614e87c67f590024f565ffa771501000000: [6000], bundle_group_6_8614e87c67f590024f565ffa771501000000: [9999990], CPU: [560000], bundle_group_8614e87c67f590024f565ffa771501000000: [79999920], CPU_group_2_8614e87c67f590024f565ffa771501000000: [6000], bundle_group_7_8614e87c67f590024f565ffa771501000000: [9999990], CPU_group_8614e87c67f590024f565ffa771501000000: [48000], accelerator_type:B200: [10000], bundle_group_1_8614e87c67f590024f565ffa771501000000: [9999990], object_store_memory: [42949672960000], GPU_group_8614e87c67f590024f565ffa771501000000: [6000, 6000, 6000, 6000, 6000, 6000, 6000, 6000], bundle_group_5_8614e87c67f590024f565ffa771501000000: [9999990], GPU_group_5_8614e87c67f590024f565ffa771501000000: [0, 0, 0, 0, 6000, 0, 0, 0], GPU_group_3_8614e87c67f590024f565ffa771501000000: [0, 0, 6000, 0, 0, 0, 0, 0], CPU_group_3_8614e87c67f590024f565ffa771501000000: [6000], bundle_group_3_8614e87c67f590024f565ffa771501000000: [9999990], GPU_group_8_8614e87c67f590024f565ffa771501000000: [0, 0, 0, 0, 0, 0, 0, 6000], CPU_group_4_8614e87c67f590024f565ffa771501000000: [6000], CPU_group_8_8614e87c67f590024f565ffa771501000000: [6000], memory: [32418548654080000], bundle_group_2_8614e87c67f590024f565ffa771501000000: [9999990], bundle_group_8_8614e87c67f590024f565ffa771501000000: [9999990], GPU_group_2_8614e87c67f590024f565ffa771501000000: [0, 6000, 0, 0, 0, 0, 0, 0], GPU_group_4_8614e87c67f590024f565ffa771501000000: [0, 0, 0, 6000, 0, 0, 0, 0], GPU_group_6_8614e87c67f590024f565ffa771501000000: [0, 0, 0, 0, 0, 6000, 0, 0], GPU_group_1_8614e87c67f590024f565ffa771501000000: [6000, 0, 0, 0, 0, 0, 0, 0], node:10.244.13.18: [10000], CPU_group_5_8614e87c67f590024f565ffa771501000000: [6000], GPU_group_7_8614e87c67f590024f565ffa771501000000: [0, 0, 0, 0, 0, 0, 6000, 0], bundle_group_4_8614e87c67f590024f565ffa771501000000: [9999990], CPU_group_1_8614e87c67f590024f565ffa771501000000: [6000], GPU: [0, 0, 0, 0, 0, 0, 0, 0]}, "labels":{"ray.io/accelerator-type":"B200","ray.io/node-id":"5a1736abfe100329c9e05ff3a3f920e3696f0c41773d8bb025d15fe0"}} is_draining: 0 is_idle: 0 Cluster resources (at most 20 nodes are shown): node id: -5100000704351949267{"total":{memory: 32397615636480000, GPU_group_12_8614e87c67f590024f565ffa771501000000: 10000, GPU_group_0_8614e87c67f590024f565ffa771501000000: 10000, bundle_group_11_8614e87c67f590024f565ffa771501000000: 10000000, node:__internal_head__: 10000, GPU_group_14_8614e87c67f590024f565ffa771501000000: 10000, CPU_group_10_8614e87c67f590024f565ffa771501000000: 10000, CPU_group_13_8614e87c67f590024f565ffa771501000000: 10000, CPU_group_0_8614e87c67f590024f565ffa771501000000: 10000, CPU_group_11_8614e87c67f590024f565ffa771501000000: 10000, GPU: 80000, GPU_group_11_8614e87c67f590024f565ffa771501000000: 10000, bundle_group_0_8614e87c67f590024f565ffa771501000000: 10000000, CPU: 640000, GPU_group_13_8614e87c67f590024f565ffa771501000000: 10000, bundle_group_15_8614e87c67f590024f565ffa771501000000: 10000000, CPU_group_14_8614e87c67f590024f565ffa771501000000: 10000, bundle_group_10_8614e87c67f590024f565ffa771501000000: 10000000, GPU_group_10_8614e87c67f590024f565ffa771501000000: 10000, accelerator_type:B200: 10000, bundle_group_9_8614e87c67f590024f565ffa771501000000: 10000000, CPU_group_8614e87c67f590024f565ffa771501000000: 80000, bundle_group_8614e87c67f590024f565ffa771501000000: 80000000, bundle_group_12_8614e87c67f590024f565ffa771501000000: 10000000, GPU_group_8614e87c67f590024f565ffa771501000000: 80000, GPU_group_9_8614e87c67f590024f565ffa771501000000: 10000, object_store_memory: 42949672960000, node:10.244.18.139: 10000, CPU_group_15_8614e87c67f590024f565ffa771501000000: 10000, bundle_group_13_8614e87c67f590024f565ffa771501000000: 10000000, CPU_group_12_8614e87c67f590024f565ffa771501000000: 10000, GPU_group_15_8614e87c67f590024f565ffa771501000000: 10000, CPU_group_9_8614e87c67f590024f565ffa771501000000: 10000, bundle_group_14_8614e87c67f590024f565ffa771501000000: 10000000}, "available": {CPU_group_9_8614e87c67f590024f565ffa771501000000: 6000, GPU_group_12_8614e87c67f590024f565ffa771501000000: 6000, GPU_group_0_8614e87c67f590024f565ffa771501000000: 6000, bundle_group_11_8614e87c67f590024f565ffa771501000000: 9999990, node:__internal_head__: 10000, GPU_group_14_8614e87c67f590024f565ffa771501000000: 6000, CPU_group_10_8614e87c67f590024f565ffa771501000000: 6000, CPU_group_13_8614e87c67f590024f565ffa771501000000: 6000, CPU_group_0_8614e87c67f590024f565ffa771501000000: 6000, CPU_group_11_8614e87c67f590024f565ffa771501000000: 6000, bundle_group_0_8614e87c67f590024f565ffa771501000000: 9999990, GPU_group_11_8614e87c67f590024f565ffa771501000000: 6000, CPU: 540000, GPU_group_13_8614e87c67f590024f565ffa771501000000: 6000, bundle_group_15_8614e87c67f590024f565ffa771501000000: 9999990, bundle_group_10_8614e87c67f590024f565ffa771501000000: 9999990, CPU_group_14_8614e87c67f590024f565ffa771501000000: 6000, GPU_group_10_8614e87c67f590024f565ffa771501000000: 6000, accelerator_type:B200: 10000, bundle_group_9_8614e87c67f590024f565ffa771501000000: 9999990, CPU_group_8614e87c67f590024f565ffa771501000000: 48000, bundle_group_8614e87c67f590024f565ffa771501000000: 79999920, bundle_group_12_8614e87c67f590024f565ffa771501000000: 9999990, GPU_group_8614e87c67f590024f565ffa771501000000: 48000, GPU_group_9_8614e87c67f590024f565ffa771501000000: 6000, object_store_memory: 42941099220000, node:10.244.18.139: 10000, CPU_group_15_8614e87c67f590024f565ffa771501000000: 6000, bundle_group_13_8614e87c67f590024f565ffa771501000000: 9999990, CPU_group_12_8614e87c67f590024f565ffa771501000000: 6000, GPU_group_15_8614e87c67f590024f565ffa771501000000: 6000, memory: 32397615636480000, bundle_group_14_8614e87c67f590024f565ffa771501000000: 9999990}, "labels":{"ray.io/accelerator-type":"B200","ray.io/node-id":"b668a6c13d1b7186690b035979a815ca1ce93506fd27e5e4ac7a3f5d"}, "is_draining": 0, "draining_deadline_timestamp_ms": -1}node id: 6958755133317569349{"total":{bundle_group_28_8614e87c67f590024f565ffa771501000000: 10000000, CPU_group_8614e87c67f590024f565ffa771501000000: 80000, accelerator_type:B200: 10000, bundle_group_8614e87c67f590024f565ffa771501000000: 80000000, GPU_group_27_8614e87c67f590024f565ffa771501000000: 10000, GPU_group_26_8614e87c67f590024f565ffa771501000000: 10000, GPU_group_25_8614e87c67f590024f565ffa771501000000: 10000, bundle_group_16_8614e87c67f590024f565ffa771501000000: 10000000, CPU: 640000, bundle_group_31_8614e87c67f590024f565ffa771501000000: 10000000, CPU_group_29_8614e87c67f590024f565ffa771501000000: 10000, CPU_group_30_8614e87c67f590024f565ffa771501000000: 10000, bundle_group_25_8614e87c67f590024f565ffa771501000000: 10000000, CPU_group_16_8614e87c67f590024f565ffa771501000000: 10000, GPU_group_16_8614e87c67f590024f565ffa771501000000: 10000, memory: 32418469068800000, GPU_group_29_8614e87c67f590024f565ffa771501000000: 10000, bundle_group_26_8614e87c67f590024f565ffa771501000000: 10000000, object_store_memory: 42949672960000, GPU_group_8614e87c67f590024f565ffa771501000000: 80000, node:10.244.180.242: 10000, GPU_group_31_8614e87c67f590024f565ffa771501000000: 10000, GPU_group_28_8614e87c67f590024f565ffa771501000000: 10000, bundle_group_29_8614e87c67f590024f565ffa771501000000: 10000000, GPU_group_30_8614e87c67f590024f565ffa771501000000: 10000, bundle_group_30_8614e87c67f590024f565ffa771501000000: 10000000, CPU_group_27_8614e87c67f590024f565ffa771501000000: 10000, CPU_group_26_8614e87c67f590024f565ffa771501000000: 10000, GPU: 80000, CPU_group_28_8614e87c67f590024f565ffa771501000000: 10000, CPU_group_25_8614e87c67f590024f565ffa771501000000: 10000, CPU_group_31_8614e87c67f590024f565ffa771501000000: 10000, bundle_group_27_8614e87c67f590024f565ffa771501000000: 10000000}, "available": {bundle_group_28_8614e87c67f590024f565ffa771501000000: 10000000, CPU_group_8614e87c67f590024f565ffa771501000000: 78000, accelerator_type:B200: 10000, bundle_group_8614e87c67f590024f565ffa771501000000: 79999990, GPU_group_27_8614e87c67f590024f565ffa771501000000: 10000, GPU_group_26_8614e87c67f590024f565ffa771501000000: 10000, GPU_group_25_8614e87c67f590024f565ffa771501000000: 10000, bundle_group_16_8614e87c67f590024f565ffa771501000000: 9999990, CPU: 560000, bundle_group_31_8614e87c67f590024f565ffa771501000000: 10000000, CPU_group_29_8614e87c67f590024f565ffa771501000000: 10000, CPU_group_30_8614e87c67f590024f565ffa771501000000: 10000, bundle_group_25_8614e87c67f590024f565ffa771501000000: 10000000, CPU_group_16_8614e87c67f590024f565ffa771501000000: 8000, GPU_group_16_8614e87c67f590024f565ffa771501000000: 8000, memory: 32418469068800000, GPU_group_29_8614e87c67f590024f565ffa771501000000: 10000, bundle_group_26_8614e87c67f590024f565ffa771501000000: 10000000, object_store_memory: 42949672960000, GPU_group_8614e87c67f590024f565ffa771501000000: 78000, GPU_group_31_8614e87c67f590024f565ffa771501000000: 10000, node:10.244.180.242: 10000, GPU_group_28_8614e87c67f590024f565ffa771501000000: 10000, bundle_group_29_8614e87c67f590024f565ffa771501000000: 10000000, GPU_group_30_8614e87c67f590024f565ffa771501000000: 10000, bundle_group_30_8614e87c67f590024f565ffa771501000000: 10000000, CPU_group_27_8614e87c67f590024f565ffa771501000000: 10000, CPU_group_26_8614e87c67f590024f565ffa771501000000: 10000, CPU_group_28_8614e87c67f590024f565ffa771501000000: 10000, CPU_group_25_8614e87c67f590024f565ffa771501000000: 10000, CPU_group_31_8614e87c67f590024f565ffa771501000000: 10000, bundle_group_27_8614e87c67f590024f565ffa771501000000: 10000000}, "labels":{"ray.io/node-id":"91950bc728379b818b838deb2fb43ac0b302dd8af091673234e82d95","ray.io/accelerator-type":"B200"}, "is_draining": 0, "draining_deadline_timestamp_ms": -1}node id: -1681695659902243193{"total":{bundle_group_8614e87c67f590024f565ffa771501000000: 80000000, CPU_group_2_8614e87c67f590024f565ffa771501000000: 10000, bundle_group_7_8614e87c67f590024f565ffa771501000000: 10000000, CPU_group_8614e87c67f590024f565ffa771501000000: 80000, accelerator_type:B200: 10000, CPU_group_7_8614e87c67f590024f565ffa771501000000: 10000, bundle_group_6_8614e87c67f590024f565ffa771501000000: 10000000, CPU: 640000, CPU_group_4_8614e87c67f590024f565ffa771501000000: 10000, memory: 32418548654080000, CPU_group_8_8614e87c67f590024f565ffa771501000000: 10000, bundle_group_2_8614e87c67f590024f565ffa771501000000: 10000000, object_store_memory: 42949672960000, bundle_group_1_8614e87c67f590024f565ffa771501000000: 10000000, bundle_group_5_8614e87c67f590024f565ffa771501000000: 10000000, GPU_group_8614e87c67f590024f565ffa771501000000: 80000, GPU_group_3_8614e87c67f590024f565ffa771501000000: 10000, GPU_group_5_8614e87c67f590024f565ffa771501000000: 10000, CPU_group_3_8614e87c67f590024f565ffa771501000000: 10000, GPU_group_8_8614e87c67f590024f565ffa771501000000: 10000, bundle_group_3_8614e87c67f590024f565ffa771501000000: 10000000, GPU_group_7_8614e87c67f590024f565ffa771501000000: 10000, CPU_group_5_8614e87c67f590024f565ffa771501000000: 10000, bundle_group_8_8614e87c67f590024f565ffa771501000000: 10000000, GPU_group_1_8614e87c67f590024f565ffa771501000000: 10000, GPU_group_6_8614e87c67f590024f565ffa771501000000: 10000, GPU_group_4_8614e87c67f590024f565ffa771501000000: 10000, node:10.244.13.18: 10000, GPU_group_2_8614e87c67f590024f565ffa771501000000: 10000, CPU_group_1_8614e87c67f590024f565ffa771501000000: 10000, GPU: 80000, CPU_group_6_8614e87c67f590024f565ffa771501000000: 10000, bundle_group_4_8614e87c67f590024f565ffa771501000000: 10000000}, "available": {bundle_group_8614e87c67f590024f565ffa771501000000: 79999920, CPU_group_2_8614e87c67f590024f565ffa771501000000: 6000, bundle_group_7_8614e87c67f590024f565ffa771501000000: 9999990, CPU_group_8614e87c67f590024f565ffa771501000000: 48000, accelerator_type:B200: 10000, CPU_group_7_8614e87c67f590024f565ffa771501000000: 6000, bundle_group_6_8614e87c67f590024f565ffa771501000000: 9999990, CPU: 560000, CPU_group_4_8614e87c67f590024f565ffa771501000000: 6000, memory: 32418548654080000, CPU_group_8_8614e87c67f590024f565ffa771501000000: 6000, bundle_group_2_8614e87c67f590024f565ffa771501000000: 9999990, object_store_memory: 42949672960000, bundle_group_1_8614e87c67f590024f565ffa771501000000: 9999990, bundle_group_5_8614e87c67f590024f565ffa771501000000: 9999990, GPU_group_8614e87c67f590024f565ffa771501000000: 48000, GPU_group_5_8614e87c67f590024f565ffa771501000000: 6000, bundle_group_3_8614e87c67f590024f565ffa771501000000: 9999990, GPU_group_3_8614e87c67f590024f565ffa771501000000: 6000, GPU_group_8_8614e87c67f590024f565ffa771501000000: 6000, CPU_group_3_8614e87c67f590024f565ffa771501000000: 6000, GPU_group_7_8614e87c67f590024f565ffa771501000000: 6000, CPU_group_5_8614e87c67f590024f565ffa771501000000: 6000, bundle_group_8_8614e87c67f590024f565ffa771501000000: 9999990, GPU_group_1_8614e87c67f590024f565ffa771501000000: 6000, GPU_group_6_8614e87c67f590024f565ffa771501000000: 6000, GPU_group_4_8614e87c67f590024f565ffa771501000000: 6000, node:10.244.13.18: 10000, GPU_group_2_8614e87c67f590024f565ffa771501000000: 6000, CPU_group_1_8614e87c67f590024f565ffa771501000000: 6000, CPU_group_6_8614e87c67f590024f565ffa771501000000: 6000, bundle_group_4_8614e87c67f590024f565ffa771501000000: 9999990}, "labels":{"ray.io/accelerator-type":"B200","ray.io/node-id":"5a1736abfe100329c9e05ff3a3f920e3696f0c41773d8bb025d15fe0"}, "is_draining": 0, "draining_deadline_timestamp_ms": -1}node id: 346506708453796848{"total":{GPU_group_22_8614e87c67f590024f565ffa771501000000: 10000, GPU_group_23_8614e87c67f590024f565ffa771501000000: 10000, bundle_group_20_8614e87c67f590024f565ffa771501000000: 10000000, GPU: 80000, CPU_group_20_8614e87c67f590024f565ffa771501000000: 10000, GPU_group_20_8614e87c67f590024f565ffa771501000000: 10000, bundle_group_24_8614e87c67f590024f565ffa771501000000: 10000000, CPU_group_18_8614e87c67f590024f565ffa771501000000: 10000, CPU_group_21_8614e87c67f590024f565ffa771501000000: 10000, GPU_group_21_8614e87c67f590024f565ffa771501000000: 10000, bundle_group_19_8614e87c67f590024f565ffa771501000000: 10000000, CPU_group_22_8614e87c67f590024f565ffa771501000000: 10000, bundle_group_17_8614e87c67f590024f565ffa771501000000: 10000000, bundle_group_18_8614e87c67f590024f565ffa771501000000: 10000000, bundle_group_22_8614e87c67f590024f565ffa771501000000: 10000000, GPU_group_24_8614e87c67f590024f565ffa771501000000: 10000, CPU_group_23_8614e87c67f590024f565ffa771501000000: 10000, GPU_group_17_8614e87c67f590024f565ffa771501000000: 10000, GPU_group_18_8614e87c67f590024f565ffa771501000000: 10000, memory: 32418463825920000, CPU_group_17_8614e87c67f590024f565ffa771501000000: 10000, GPU_group_8614e87c67f590024f565ffa771501000000: 80000, object_store_memory: 42949672960000, bundle_group_21_8614e87c67f590024f565ffa771501000000: 10000000, bundle_group_23_8614e87c67f590024f565ffa771501000000: 10000000, node:10.244.218.62: 10000, bundle_group_8614e87c67f590024f565ffa771501000000: 80000000, accelerator_type:B200: 10000, GPU_group_19_8614e87c67f590024f565ffa771501000000: 10000, CPU_group_8614e87c67f590024f565ffa771501000000: 80000, CPU_group_24_8614e87c67f590024f565ffa771501000000: 10000, CPU: 640000, CPU_group_19_8614e87c67f590024f565ffa771501000000: 10000}, "available": {bundle_group_8614e87c67f590024f565ffa771501000000: 79999990, CPU_group_18_8614e87c67f590024f565ffa771501000000: 10000, bundle_group_19_8614e87c67f590024f565ffa771501000000: 10000000, CPU_group_8614e87c67f590024f565ffa771501000000: 78000, GPU_group_19_8614e87c67f590024f565ffa771501000000: 10000, accelerator_type:B200: 10000, CPU_group_24_8614e87c67f590024f565ffa771501000000: 10000, CPU_group_19_8614e87c67f590024f565ffa771501000000: 10000, CPU: 560000, memory: 32418463825920000, CPU_group_17_8614e87c67f590024f565ffa771501000000: 8000, bundle_group_21_8614e87c67f590024f565ffa771501000000: 10000000, object_store_memory: 42949672960000, GPU_group_8614e87c67f590024f565ffa771501000000: 78000, bundle_group_23_8614e87c67f590024f565ffa771501000000: 10000000, node:10.244.218.62: 10000, CPU_group_22_8614e87c67f590024f565ffa771501000000: 10000, bundle_group_17_8614e87c67f590024f565ffa771501000000: 9999990, bundle_group_18_8614e87c67f590024f565ffa771501000000: 10000000, CPU_group_23_8614e87c67f590024f565ffa771501000000: 10000, GPU_group_24_8614e87c67f590024f565ffa771501000000: 10000, bundle_group_22_8614e87c67f590024f565ffa771501000000: 10000000, GPU_group_18_8614e87c67f590024f565ffa771501000000: 10000, GPU_group_17_8614e87c67f590024f565ffa771501000000: 8000, GPU_group_22_8614e87c67f590024f565ffa771501000000: 10000, bundle_group_20_8614e87c67f590024f565ffa771501000000: 10000000, GPU_group_23_8614e87c67f590024f565ffa771501000000: 10000, GPU_group_20_8614e87c67f590024f565ffa771501000000: 10000, CPU_group_20_8614e87c67f590024f565ffa771501000000: 10000, bundle_group_24_8614e87c67f590024f565ffa771501000000: 10000000, GPU_group_21_8614e87c67f590024f565ffa771501000000: 10000, CPU_group_21_8614e87c67f590024f565ffa771501000000: 10000}, "labels":{"ray.io/node-id":"137ca386e65d980acbeff863eda6c65487ee6942bccc8db1236dc36e","ray.io/accelerator-type":"B200"}, "is_draining": 0, "draining_deadline_timestamp_ms": -1} { "placement group locations": [], "node to bundles": []}
[state-dump] Waiting leases size: 0
[state-dump] Number of granted lease arguments: 0
[state-dump] Number of pinned lease arguments: 0
[state-dump] Total size of pinned lease arguments: 0
[state-dump] Number of total spilled leases: 0
[state-dump] Number of spilled waiting leases: 0
[state-dump] Number of spilled unschedulable leases: 0
[state-dump] Resource usage {
[state-dump]     - (language=PYTHON actor_or_taskMegatronTrainRayActor.__init__ pid=960 worker_id=a9bc9faf934d79652d9f51f4b3a8ae687f183aad5e231512ece05a0e): {bundle_group_7_8614e87c67f590024f565ffa771501000000: 0.001, CPU_group_8614e87c67f590024f565ffa771501000000: 0.4, GPU_group_7_8614e87c67f590024f565ffa771501000000: 0.4, bundle_group_8614e87c67f590024f565ffa771501000000: 0.001, CPU_group_7_8614e87c67f590024f565ffa771501000000: 0.4, GPU_group_8614e87c67f590024f565ffa771501000000: 0.4}
[state-dump]     - (language=PYTHON actor_or_taskMegatronTrainRayActor.__init__ pid=959 worker_id=cdcada990c364655aa3c0f9c6bccf0203189a4361f0949466abeece3): {GPU_group_6_8614e87c67f590024f565ffa771501000000: 0.4, bundle_group_6_8614e87c67f590024f565ffa771501000000: 0.001, GPU_group_8614e87c67f590024f565ffa771501000000: 0.4, bundle_group_8614e87c67f590024f565ffa771501000000: 0.001, CPU_group_6_8614e87c67f590024f565ffa771501000000: 0.4, CPU_group_8614e87c67f590024f565ffa771501000000: 0.4}
[state-dump]     - (language=PYTHON actor_or_taskMegatronTrainRayActor.__init__ pid=965 worker_id=136546f248884d2dc9fd21b946db50be3709536bcc5ac432a4424196): {bundle_group_5_8614e87c67f590024f565ffa771501000000: 0.001, GPU_group_8614e87c67f590024f565ffa771501000000: 0.4, GPU_group_5_8614e87c67f590024f565ffa771501000000: 0.4, bundle_group_8614e87c67f590024f565ffa771501000000: 0.001, CPU_group_5_8614e87c67f590024f565ffa771501000000: 0.4, CPU_group_8614e87c67f590024f565ffa771501000000: 0.4}
[state-dump]     - (language=PYTHON actor_or_taskMegatronTrainRayActor.__init__ pid=961 worker_id=ec06ade875864bdbb80ae3f1b19a8be1abd78ad89338d48eb1d001af): {CPU_group_8614e87c67f590024f565ffa771501000000: 0.4, GPU_group_8614e87c67f590024f565ffa771501000000: 0.4, CPU_group_4_8614e87c67f590024f565ffa771501000000: 0.4, bundle_group_4_8614e87c67f590024f565ffa771501000000: 0.001, bundle_group_8614e87c67f590024f565ffa771501000000: 0.001, GPU_group_4_8614e87c67f590024f565ffa771501000000: 0.4}
[state-dump]     - (language=PYTHON actor_or_taskMegatronTrainRayActor.__init__ pid=962 worker_id=ca6cb88024162bf07716ce2c88c2fb4113d3b1e347331c5dd5e35cfb): {GPU_group_3_8614e87c67f590024f565ffa771501000000: 0.4, GPU_group_8614e87c67f590024f565ffa771501000000: 0.4, CPU_group_8614e87c67f590024f565ffa771501000000: 0.4, bundle_group_8614e87c67f590024f565ffa771501000000: 0.001, bundle_group_3_8614e87c67f590024f565ffa771501000000: 0.001, CPU_group_3_8614e87c67f590024f565ffa771501000000: 0.4}
[state-dump]     - (language=PYTHON actor_or_taskMegatronTrainRayActor.__init__ pid=963 worker_id=062ee74904ba1e2a3b770071417d9b3415af75b383dc6c62f90e84d8): {CPU_group_2_8614e87c67f590024f565ffa771501000000: 0.4, bundle_group_8614e87c67f590024f565ffa771501000000: 0.001, GPU_group_8614e87c67f590024f565ffa771501000000: 0.4, CPU_group_8614e87c67f590024f565ffa771501000000: 0.4, GPU_group_2_8614e87c67f590024f565ffa771501000000: 0.4, bundle_group_2_8614e87c67f590024f565ffa771501000000: 0.001}
[state-dump]     - (language=PYTHON actor_or_taskMegatronTrainRayActor.__init__ pid=964 worker_id=a6daf3a2ba673f0b1ab7f9b6574c645d591c1c94493d7905906c216f): {CPU_group_8_8614e87c67f590024f565ffa771501000000: 0.4, CPU_group_8614e87c67f590024f565ffa771501000000: 0.4, GPU_group_8_8614e87c67f590024f565ffa771501000000: 0.4, bundle_group_8614e87c67f590024f565ffa771501000000: 0.001, bundle_group_8_8614e87c67f590024f565ffa771501000000: 0.001, GPU_group_8614e87c67f590024f565ffa771501000000: 0.4}
[state-dump]     - (language=PYTHON actor_or_taskMegatronTrainRayActor.__init__ pid=856 worker_id=5cc4ed1f0649d6976ed683211055eb3665137c692d18f2735c16f6ce): {GPU_group_8614e87c67f590024f565ffa771501000000: 0.4, GPU_group_1_8614e87c67f590024f565ffa771501000000: 0.4, bundle_group_1_8614e87c67f590024f565ffa771501000000: 0.001, bundle_group_8614e87c67f590024f565ffa771501000000: 0.001, CPU_group_8614e87c67f590024f565ffa771501000000: 0.4, CPU_group_1_8614e87c67f590024f565ffa771501000000: 0.4}
[state-dump] }
[state-dump] Backlog Size per scheduling descriptor :{workerId: num backlogs}:
[state-dump] 
[state-dump] Granted leases by scheduling class:
[state-dump] ==================================================
[state-dump] 
[state-dump] ClusterResources:
[state-dump] LocalObjectManager:
[state-dump] - num pinned objects: 0
[state-dump] - pinned objects size: 0
[state-dump] - num objects pending restore: 0
[state-dump] - num objects pending spill: 0
[state-dump] - num bytes pending spill: 0
[state-dump] - num bytes currently spilled: 0
[state-dump] - cumulative spill requests: 0
[state-dump] - cumulative restore requests: 0
[state-dump] - spilled objects pending delete: 0
[state-dump] 
[state-dump] ObjectManager:
[state-dump] - num local objects: 8
[state-dump] - num unfulfilled push requests: 0
[state-dump] - num object pull requests: 0
[state-dump] - num chunks received total: 8
[state-dump] - num chunks received failed (all): 0
[state-dump] - num chunks received failed / cancelled: 0
[state-dump] - num chunks received failed / plasma error: 0
[state-dump] Event stats:
[state-dump] Global stats: 24 total (0 active)
[state-dump] Queueing time: mean = 0.02ms, max = 0.06ms, min = 0.01ms, total = 0.50ms
[state-dump] Execution time:  mean = 1.51ms, total = 36.31ms
[state-dump] Event stats:
[state-dump] 	ObjectManagerService.grpc_server.Push - 8 total (0 active), Execution time: mean = 2.21ms, total = 17.65ms, Queueing time: mean = 0.00ms, max = -0.00ms, min = 9223372036854.78ms, total = 0.00ms
[state-dump] 	ObjectManagerService.grpc_server.Push.HandleRequestImpl - 8 total (0 active), Execution time: mean = 2.02ms, total = 16.17ms, Queueing time: mean = 0.02ms, max = 0.04ms, min = 0.01ms, total = 0.18ms
[state-dump] 	ObjectManager.SendPull - 8 total (0 active), Execution time: mean = 0.31ms, total = 2.49ms, Queueing time: mean = 0.04ms, max = 0.06ms, min = 0.01ms, total = 0.32ms
[state-dump] PushManager:
[state-dump] - num pushes remaining: 0
[state-dump] - num chunks in flight: 0
[state-dump] - num chunks remaining: 0
[state-dump] - max chunks allowed: 409
[state-dump] OwnershipBasedObjectDirectory:
[state-dump] - num listeners: 0
[state-dump] - cumulative location updates: 9
[state-dump] - num location updates per second: 0.000
[state-dump] - num location lookups per second: 0.000
[state-dump] - num locations added per second: 0.000
[state-dump] - num locations removed per second: 0.000
[state-dump] BufferPool:
[state-dump] - create buffer state map size: 0
[state-dump] PullManager:
[state-dump] - num bytes available for pulled objects: 4294967296
[state-dump] - num bytes being pulled (all): 0
[state-dump] - num bytes being pulled / pinned: 0
[state-dump] - get request bundles: BundlePullRequestQueue{0 total, 0 active, 0 inactive, 0 unpullable}
[state-dump] - wait request bundles: BundlePullRequestQueue{0 total, 0 active, 0 inactive, 0 unpullable}
[state-dump] - task request bundles: BundlePullRequestQueue{0 total, 0 active, 0 inactive, 0 unpullable}
[state-dump] - first get request bundle: N/A
[state-dump] - first wait request bundle: N/A
[state-dump] - first task request bundle: N/A
[state-dump] - num objects queued: 0
[state-dump] - num objects actively pulled (all): 0
[state-dump] - num objects actively pulled / pinned: 0
[state-dump] - num bundles being pulled: 0
[state-dump] - num pull retries: 0
[state-dump] - max timeout seconds: 10
[state-dump] - max timeout request is already processed. No entry.
[state-dump] 
[state-dump] WorkerPool:
[state-dump] - registered jobs: 1
[state-dump] - process_failed_job_config_missing: 0
[state-dump] - process_failed_rate_limited: 0
[state-dump] - process_failed_pending_registration: 0
[state-dump] - process_failed_runtime_env_setup_failed: 0
[state-dump] - num PYTHON workers: 8
[state-dump] - num PYTHON drivers: 0
[state-dump] - num PYTHON pending start requests: 0
[state-dump] - num PYTHON pending registration requests: 0
[state-dump] - num object spill callbacks queued: 0
[state-dump] - num object restore queued: 0
[state-dump] - num util functions queued: 0
[state-dump] - num idle workers: 0
[state-dump] LeaseDependencyManager:
[state-dump] - lease deps map size: 0
[state-dump] - get req map size: 0
[state-dump] - wait req map size: 0
[state-dump] - local objects map size: 8
[state-dump] WaitManager:
[state-dump] - num active wait requests: 0
[state-dump] Subscriber:
[state-dump] Channel WORKER_OBJECT_LOCATIONS_CHANNEL
[state-dump] - cumulative subscribe requests: 8
[state-dump] - cumulative unsubscribe requests: 8
[state-dump] - active subscribed publishers: 0
[state-dump] - cumulative published messages: 11
[state-dump] - cumulative processed messages: 10
[state-dump] Channel WORKER_REF_REMOVED_CHANNEL
[state-dump] - cumulative subscribe requests: 0
[state-dump] - cumulative unsubscribe requests: 0
[state-dump] - active subscribed publishers: 0
[state-dump] - cumulative published messages: 0
[state-dump] - cumulative processed messages: 0
[state-dump] num async plasma notifications: 0
[state-dump] Event stats:
[state-dump] Global stats: 21506 total (22 active)
[state-dump] Queueing time: mean = 123.06ms, max = 327445.13ms, min = -0.02ms, total = 2646426.89ms
[state-dump] Execution time:  mean = 2.11ms, total = 45414.80ms
[state-dump] Event stats:
[state-dump] 	ObjectManager.UpdateAvailableMemory - 4799 total (0 active), Execution time: mean = 0.00ms, total = 4.52ms, Queueing time: mean = 0.01ms, max = 0.16ms, min = 0.00ms, total = 40.87ms
[state-dump] 	NodeManager.CheckGC - 4799 total (1 active), Execution time: mean = 0.00ms, total = 8.06ms, Queueing time: mean = 0.03ms, max = 18.59ms, min = -0.01ms, total = 123.07ms
[state-dump] 	RaySyncer.BroadcastMessageIfNewVersion - 4799 total (1 active), Execution time: mean = 0.00ms, total = 8.37ms, Queueing time: mean = 0.03ms, max = 18.59ms, min = 0.00ms, total = 121.39ms
[state-dump] 	RayletWorkerPool.deadline_timer.kill_idle_workers - 2400 total (1 active), Execution time: mean = 0.00ms, total = 5.56ms, Queueing time: mean = 0.03ms, max = 23.53ms, min = -0.02ms, total = 78.99ms
[state-dump] 	NodeManager.deadline_timer.spill_objects_when_over_threshold - 480 total (1 active), Execution time: mean = 0.00ms, total = 0.72ms, Queueing time: mean = 0.17ms, max = 23.80ms, min = 0.00ms, total = 79.84ms
[state-dump] 	NodeManager.deadline_timer.flush_free_objects - 480 total (1 active), Execution time: mean = 0.00ms, total = 0.87ms, Queueing time: mean = 0.17ms, max = 23.80ms, min = 0.00ms, total = 79.73ms
[state-dump] 	NodeManager.CheckForUnexpectedWorkerDisconnects - 480 total (1 active), Execution time: mean = 0.01ms, total = 5.69ms, Queueing time: mean = 0.01ms, max = 0.64ms, min = 0.00ms, total = 6.29ms
[state-dump] 	NodeManager.ScheduleAndGrantLeases - 480 total (1 active), Execution time: mean = 0.00ms, total = 2.29ms, Queueing time: mean = 0.02ms, max = 0.65ms, min = 0.00ms, total = 9.83ms
[state-dump] 	NodeManagerService.grpc_server.GetResourceLoad - 479 total (0 active), Execution time: mean = 0.36ms, total = 170.71ms, Queueing time: mean = 0.00ms, max = -0.00ms, min = 9223372036854.78ms, total = 0.00ms
[state-dump] 	NodeManagerService.grpc_server.GetResourceLoad.HandleRequestImpl - 479 total (0 active), Execution time: mean = 0.09ms, total = 42.59ms, Queueing time: mean = 0.02ms, max = 0.06ms, min = 0.00ms, total = 10.10ms
[state-dump] 	CoreWorkerService.grpc_client.GetCoreWorkerStats - 226 total (0 active), Execution time: mean = 0.73ms, total = 165.75ms, Queueing time: mean = 0.00ms, max = -0.00ms, min = 9223372036854.78ms, total = 0.00ms
[state-dump] 	CoreWorkerService.grpc_client.GetCoreWorkerStats.OnReplyReceived - 226 total (0 active), Execution time: mean = 0.02ms, total = 3.81ms, Queueing time: mean = 0.04ms, max = 0.13ms, min = 0.00ms, total = 9.74ms
[state-dump] 	ClusterResourceManager.ResetRemoteNodeView - 161 total (1 active), Execution time: mean = 0.00ms, total = 0.42ms, Queueing time: mean = 0.02ms, max = 0.15ms, min = 0.00ms, total = 3.17ms
[state-dump] 	NodeManager.deadline_timer.record_metrics - 96 total (1 active), Execution time: mean = 0.23ms, total = 21.60ms, Queueing time: mean = 0.61ms, max = 23.64ms, min = 0.00ms, total = 58.79ms
[state-dump] 	ClientConnection.async_read.ProcessMessageHeader - 96 total (8 active), Execution time: mean = 0.00ms, total = 0.39ms, Queueing time: mean = 27539.22ms, max = 327445.13ms, min = 0.01ms, total = 2643765.41ms
[state-dump] 	NodeManagerService.grpc_server.GetAgentPIDs - 92 total (0 active), Execution time: mean = 0.33ms, total = 30.60ms, Queueing time: mean = 0.00ms, max = -0.00ms, min = 9223372036854.78ms, total = 0.00ms
[state-dump] 	NodeManagerService.grpc_server.GetWorkerPIDs.HandleRequestImpl - 92 total (0 active), Execution time: mean = 0.03ms, total = 2.75ms, Queueing time: mean = 0.04ms, max = 1.54ms, min = 0.01ms, total = 3.59ms
[state-dump] 	NodeManagerService.grpc_server.GetAgentPIDs.HandleRequestImpl - 92 total (0 active), Execution time: mean = 0.03ms, total = 2.62ms, Queueing time: mean = 0.04ms, max = 0.11ms, min = 0.00ms, total = 3.80ms
[state-dump] 	NodeManagerService.grpc_server.GetWorkerPIDs - 92 total (0 active), Execution time: mean = 0.31ms, total = 28.93ms, Queueing time: mean = 0.00ms, max = -0.00ms, min = 9223372036854.78ms, total = 0.00ms
[state-dump] 	ClientConnection.async_read.ProcessMessage - 88 total (0 active), Execution time: mean = 0.33ms, total = 29.19ms, Queueing time: mean = 0.08ms, max = 2.49ms, min = 0.00ms, total = 6.94ms
[state-dump] 	event_loop_lag_probe - 50 total (0 active), Execution time: mean = 0.02ms, total = 0.82ms, Queueing time: mean = 0.14ms, max = 6.99ms, min = 0.00ms, total = 7.15ms
[state-dump] 	NodeManager.deadline_timer.debug_state_dump - 48 total (1 active), Execution time: mean = 1.66ms, total = 79.59ms, Queueing time: mean = 0.01ms, max = 0.03ms, min = 0.00ms, total = 0.54ms
[state-dump] 	Subscriber.HandlePublishedMessage_GCS_WORKER_DELTA_CHANNEL - 32 total (0 active), Execution time: mean = 0.00ms, total = 0.02ms, Queueing time: mean = 0.07ms, max = 0.10ms, min = 0.03ms, total = 2.39ms
[state-dump] 	NodeManagerService.grpc_server.GetNodeStats.HandleRequestImpl - 32 total (0 active), Execution time: mean = 0.44ms, total = 14.20ms, Queueing time: mean = 0.03ms, max = 0.05ms, min = 0.01ms, total = 0.82ms
[state-dump] 	NodeManagerService.grpc_server.GetNodeStats - 32 total (0 active), Execution time: mean = 1.42ms, total = 45.32ms, Queueing time: mean = 0.00ms, max = -0.00ms, min = 9223372036854.78ms, total = 0.00ms
[state-dump] 	 - 29 total (0 active), Execution time: mean = 0.09ms, total = 2.55ms, Queueing time: mean = 0.71ms, max = 19.87ms, min = 0.00ms, total = 20.71ms
[state-dump] 	RaySyncer.BroadcastMessage - 29 total (0 active), Execution time: mean = 0.09ms, total = 2.60ms, Queueing time: mean = 0.00ms, max = 0.00ms, min = 0.00ms, total = 0.01ms
[state-dump] 	ObjectManager.ObjectAdded - 24 total (0 active), Execution time: mean = 0.06ms, total = 1.44ms, Queueing time: mean = 0.18ms, max = 0.89ms, min = 0.00ms, total = 4.35ms
[state-dump] 	NodeManagerService.grpc_server.RequestWorkerLease - 16 total (0 active), Execution time: mean = 470.59ms, total = 7529.45ms, Queueing time: mean = 0.00ms, max = -0.00ms, min = 9223372036854.78ms, total = 0.00ms
[state-dump] 	ObjectManager.ObjectDeleted - 16 total (0 active), Execution time: mean = 0.01ms, total = 0.10ms, Queueing time: mean = 0.01ms, max = 0.03ms, min = 0.01ms, total = 0.20ms
[state-dump] 	ClientConnection.async_write.DoAsyncWrites - 16 total (0 active), Execution time: mean = 0.00ms, total = 0.01ms, Queueing time: mean = 0.01ms, max = 0.02ms, min = 0.00ms, total = 0.18ms
[state-dump] 	NodeManagerService.grpc_server.GetSystemConfig - 16 total (0 active), Execution time: mean = 0.22ms, total = 3.49ms, Queueing time: mean = 0.00ms, max = -0.00ms, min = 9223372036854.78ms, total = 0.00ms
[state-dump] 	NodeManagerService.grpc_server.GetSystemConfig.HandleRequestImpl - 16 total (0 active), Execution time: mean = 0.01ms, total = 0.23ms, Queueing time: mean = 0.01ms, max = 0.04ms, min = 0.01ms, total = 0.20ms
[state-dump] 	NodeManagerService.grpc_server.RequestWorkerLease.HandleRequestImpl - 16 total (0 active), Execution time: mean = 1.47ms, total = 23.55ms, Queueing time: mean = 5.43ms, max = 17.83ms, min = 0.01ms, total = 86.81ms
[state-dump] 	ray::rpc::ControlPlanePubSubGcsService.grpc_client.GcsSubscriberPoll - 13 total (1 active), Execution time: mean = 2762.41ms, total = 35911.36ms, Queueing time: mean = 0.00ms, max = -0.00ms, min = 9223372036854.78ms, total = 0.00ms
[state-dump] 	PeriodicalRunner.RunFnPeriodically - 13 total (0 active), Execution time: mean = 0.29ms, total = 3.82ms, Queueing time: mean = 144.58ms, max = 624.32ms, min = 0.02ms, total = 1879.51ms
[state-dump] 	ray::rpc::ControlPlanePubSubGcsService.grpc_client.GcsSubscriberPoll.OnReplyReceived - 12 total (0 active), Execution time: mean = 0.10ms, total = 1.25ms, Queueing time: mean = 0.03ms, max = 0.19ms, min = 0.00ms, total = 0.31ms
[state-dump] 	Subscriber.HandlePublishedMessage_WORKER_OBJECT_LOCATIONS_CHANNEL - 10 total (0 active), Execution time: mean = 0.09ms, total = 0.86ms, Queueing time: mean = 0.41ms, max = 0.69ms, min = 0.09ms, total = 4.09ms
[state-dump] 	ObjectManagerService.grpc_client.Pull.OnReplyReceived - 8 total (0 active), Execution time: mean = 0.02ms, total = 0.13ms, Queueing time: mean = 0.05ms, max = 0.09ms, min = 0.02ms, total = 0.38ms
[state-dump] 	NodeManager.GcsCheckAlive - 8 total (1 active), Execution time: mean = 0.13ms, total = 1.07ms, Queueing time: mean = 0.54ms, max = 0.68ms, min = 0.58ms, total = 4.31ms
[state-dump] 	NodeManagerService.grpc_server.KillLocalActor - 8 total (0 active), Execution time: mean = 16.68ms, total = 133.42ms, Queueing time: mean = 0.00ms, max = -0.00ms, min = 9223372036854.78ms, total = 0.00ms
[state-dump] 	ray::rpc::WorkerInfoGcsService.grpc_client.ReportWorkerFailure.OnReplyReceived - 8 total (0 active), Execution time: mean = 0.01ms, total = 0.07ms, Queueing time: mean = 0.05ms, max = 0.18ms, min = 0.00ms, total = 0.41ms
[state-dump] 	NodeManagerService.grpc_server.KillLocalActor.HandleRequestImpl - 8 total (0 active), Execution time: mean = 0.17ms, total = 1.35ms, Queueing time: mean = 0.52ms, max = 0.65ms, min = 0.03ms, total = 4.17ms
[state-dump] 	ray::rpc::WorkerInfoGcsService.grpc_client.ReportWorkerFailure - 8 total (0 active), Execution time: mean = 9.66ms, total = 77.30ms, Queueing time: mean = 0.00ms, max = -0.00ms, min = 9223372036854.78ms, total = 0.00ms
[state-dump] 	ray::rpc::NodeInfoGcsService.grpc_client.CheckAlive.OnReplyReceived - 8 total (0 active), Execution time: mean = 0.02ms, total = 0.16ms, Queueing time: mean = 0.01ms, max = 0.01ms, min = 0.01ms, total = 0.08ms
[state-dump] 	ObjectManagerService.grpc_client.Pull - 8 total (0 active), Execution time: mean = 1.85ms, total = 14.82ms, Queueing time: mean = 0.00ms, max = -0.00ms, min = 9223372036854.78ms, total = 0.00ms
[state-dump] 	ray::rpc::NodeInfoGcsService.grpc_client.CheckAlive - 8 total (0 active), Execution time: mean = 0.74ms, total = 5.94ms, Queueing time: mean = 0.00ms, max = -0.00ms, min = 9223372036854.78ms, total = 0.00ms
[state-dump] 	CoreWorkerService.grpc_client.KillActor.OnReplyReceived - 8 total (0 active), Execution time: mean = 0.05ms, total = 0.41ms, Queueing time: mean = 0.02ms, max = 0.12ms, min = 0.00ms, total = 0.16ms
[state-dump] 	NodeManager.deadline_timer.print_event_loop_stats - 8 total (1 active, 1 running), Execution time: mean = 0.66ms, total = 5.30ms, Queueing time: mean = 0.00ms, max = 0.01ms, min = 0.00ms, total = 0.03ms
[state-dump] 	CoreWorkerService.grpc_client.KillActor - 8 total (0 active), Execution time: mean = 15.95ms, total = 127.59ms, Queueing time: mean = 0.00ms, max = -0.00ms, min = 9223372036854.78ms, total = 0.00ms
[state-dump] 	CoreWorkerService.grpc_client.PubsubLongPolling.OnReplyReceived - 6 total (0 active), Execution time: mean = 0.12ms, total = 0.73ms, Queueing time: mean = 0.34ms, max = 0.79ms, min = 0.01ms, total = 2.03ms
[state-dump] 	CoreWorkerService.grpc_client.PubsubLongPolling - 6 total (0 active), Execution time: mean = 5.37ms, total = 32.25ms, Queueing time: mean = 0.00ms, max = -0.00ms, min = 9223372036854.78ms, total = 0.00ms
[state-dump] 	CoreWorkerService.grpc_client.PubsubCommandBatch.OnReplyReceived - 5 total (0 active), Execution time: mean = 0.13ms, total = 0.65ms, Queueing time: mean = 0.16ms, max = 0.38ms, min = 0.01ms, total = 0.80ms
[state-dump] 	CoreWorkerService.grpc_client.PubsubCommandBatch - 5 total (0 active), Execution time: mean = 5.47ms, total = 27.34ms, Queueing time: mean = 0.00ms, max = -0.00ms, min = 9223372036854.78ms, total = 0.00ms
[state-dump] 	CoreWorkerService.grpc_client.UpdateObjectLocationBatch - 4 total (0 active), Execution time: mean = 0.33ms, total = 1.30ms, Queueing time: mean = 0.00ms, max = -0.00ms, min = 9223372036854.78ms, total = 0.00ms
[state-dump] 	CoreWorkerService.grpc_client.UpdateObjectLocationBatch.OnReplyReceived - 4 total (0 active), Execution time: mean = 0.04ms, total = 0.16ms, Queueing time: mean = 0.39ms, max = 0.82ms, min = 0.04ms, total = 1.56ms
[state-dump] 	Subscriber.HandlePublishedMessage_GCS_NODE_ADDRESS_AND_LIVENESS_CHANNEL - 2 total (0 active), Execution time: mean = 0.11ms, total = 0.23ms, Queueing time: mean = 0.25ms, max = 0.27ms, min = 0.23ms, total = 0.50ms
[state-dump] 	RaySyncerRegister - 2 total (0 active), Execution time: mean = 0.00ms, total = 0.00ms, Queueing time: mean = 0.00ms, max = 0.00ms, min = 0.00ms, total = 0.00ms
[state-dump] 	ray::rpc::ControlPlanePubSubGcsService.grpc_client.GcsSubscriberCommandBatch - 2 total (0 active), Execution time: mean = 0.72ms, total = 1.43ms, Queueing time: mean = 0.00ms, max = -0.00ms, min = 9223372036854.78ms, total = 0.00ms
[state-dump] 	ray::rpc::ControlPlanePubSubGcsService.grpc_client.GcsSubscriberCommandBatch.OnReplyReceived - 2 total (0 active), Execution time: mean = 0.05ms, total = 0.09ms, Queueing time: mean = 1.63ms, max = 3.14ms, min = 0.11ms, total = 3.25ms
[state-dump] 	NodeManager.GCTaskFailureReason - 1 total (1 active), Execution time: mean = 0.00ms, total = 0.00ms, Queueing time: mean = 0.00ms, max = -0.00ms, min = 9223372036854.78ms, total = 0.00ms
[state-dump] 	ReporterService.grpc_client.HealthCheck.OnReplyReceived - 1 total (0 active), Execution time: mean = 0.13ms, total = 0.13ms, Queueing time: mean = 0.02ms, max = 0.02ms, min = 0.02ms, total = 0.02ms
[state-dump] 	ReporterService.grpc_client.HealthCheck - 1 total (0 active), Execution time: mean = 190.29ms, total = 190.29ms, Queueing time: mean = 0.00ms, max = -0.00ms, min = 9223372036854.78ms, total = 0.00ms
[state-dump] 	ray::rpc::NodeInfoGcsService.grpc_client.RegisterNode - 1 total (0 active), Execution time: mean = 0.80ms, total = 0.80ms, Queueing time: mean = 0.00ms, max = -0.00ms, min = 9223372036854.78ms, total = 0.00ms
[state-dump] 	NodeManagerService.grpc_server.PrepareBundleResources.HandleRequestImpl - 1 total (0 active), Execution time: mean = 0.85ms, total = 0.85ms, Queueing time: mean = 0.03ms, max = 0.03ms, min = 0.03ms, total = 0.03ms
[state-dump] 	NodeManagerService.grpc_server.PrepareBundleResources - 1 total (0 active), Execution time: mean = 1.19ms, total = 1.19ms, Queueing time: mean = 0.00ms, max = -0.00ms, min = 9223372036854.78ms, total = 0.00ms
[state-dump] 	NodeManagerService.grpc_server.CommitBundleResources - 1 total (0 active), Execution time: mean = 1.45ms, total = 1.45ms, Queueing time: mean = 0.00ms, max = -0.00ms, min = 9223372036854.78ms, total = 0.00ms
[state-dump] 	ray::rpc::InternalKVGcsService.grpc_client.GetInternalConfig - 1 total (0 active), Execution time: mean = 0.89ms, total = 0.89ms, Queueing time: mean = 0.00ms, max = -0.00ms, min = 9223372036854.78ms, total = 0.00ms
[state-dump] 	ray::rpc::NodeInfoGcsService.grpc_client.GetAllNodeAddressAndLiveness.OnReplyReceived - 1 total (0 active), Execution time: mean = 0.11ms, total = 0.11ms, Queueing time: mean = 0.01ms, max = 0.01ms, min = 0.01ms, total = 0.01ms
[state-dump] 	ray::rpc::JobInfoGcsService.grpc_client.GetAllJobInfo.OnReplyReceived - 1 total (0 active), Execution time: mean = 0.01ms, total = 0.01ms, Queueing time: mean = 0.01ms, max = 0.01ms, min = 0.01ms, total = 0.01ms
[state-dump] 	ray::rpc::NodeInfoGcsService.grpc_client.RegisterNode.OnReplyReceived - 1 total (0 active), Execution time: mean = 0.24ms, total = 0.24ms, Queueing time: mean = 0.01ms, max = 0.01ms, min = 0.01ms, total = 0.01ms
[state-dump] 	Subscriber.HandlePublishedMessage_GCS_JOB_CHANNEL - 1 total (0 active), Execution time: mean = 0.04ms, total = 0.04ms, Queueing time: mean = 0.28ms, max = 0.28ms, min = 0.28ms, total = 0.28ms
[state-dump] 	ray::rpc::JobInfoGcsService.grpc_client.GetAllJobInfo - 1 total (0 active), Execution time: mean = 0.69ms, total = 0.69ms, Queueing time: mean = 0.00ms, max = -0.00ms, min = 9223372036854.78ms, total = 0.00ms
[state-dump] 	NodeManagerService.grpc_server.CommitBundleResources.HandleRequestImpl - 1 total (0 active), Execution time: mean = 1.11ms, total = 1.11ms, Queueing time: mean = 0.03ms, max = 0.03ms, min = 0.03ms, total = 0.03ms
[state-dump] 	ray::rpc::NodeInfoGcsService.grpc_client.GetAllNodeAddressAndLiveness - 1 total (0 active), Execution time: mean = 0.75ms, total = 0.75ms, Queueing time: mean = 0.00ms, max = -0.00ms, min = 9223372036854.78ms, total = 0.00ms
[state-dump] 	ray::rpc::InternalKVGcsService.grpc_client.GetInternalConfig.OnReplyReceived - 1 total (0 active), Execution time: mean = 628.39ms, total = 628.39ms, Queueing time: mean = 0.01ms, max = 0.01ms, min = 0.01ms, total = 0.01ms
[state-dump] DebugString() time ms: 0
[state-dump] 
[state-dump] 
[2026-09-03 22:07:28,338 I 79 102] (raylet) store.cc:573: Plasma store debug dump: 
Current usage: 0.000539599 / 4.29497 GB
- num bytes created total: 539727
0 pending objects of total size 0MB
- objects spillable: 0
- bytes spillable: 0
- objects unsealed: 0
- bytes unsealed: 0
- objects in use: 0
- bytes in use: 0
- objects evictable: 8
- bytes evictable: 539599

- objects created by worker: 0
- bytes created by worker: 0
- objects restored: 0
- bytes restored: 0
- objects received: 8
- bytes received: 539599
- objects errored: 0
- bytes errored: 0

[2026-09-03 22:07:28,975 I 79 79] (raylet) node_manager.cc:486: [state-dump] NodeManager:
[state-dump] Node ID: 5a1736abfe100329c9e05ff3a3f920e3696f0c41773d8bb025d15fe0
[state-dump] Node name: 10.244.13.18
[state-dump] InitialConfigResources: {GPU: 8, accelerator_type:B200: 1, node:10.244.13.18: 1, object_store_memory: 4.29497e+09, CPU: 64, memory: 3.24185e+12}
[state-dump] ClusterLeaseManager:
[state-dump] ========== Node: 5a1736abfe100329c9e05ff3a3f920e3696f0c41773d8bb025d15fe0 =================
[state-dump] Infeasible queue length: 0
[state-dump] Schedule queue length: 0
[state-dump] Grant queue length: 0
[state-dump] num_waiting_for_resource: 0
[state-dump] num_waiting_for_plasma_memory: 0
[state-dump] num_waiting_for_remote_node_resources: 0
[state-dump] num_worker_not_started_by_job_config_not_exist: 0
[state-dump] num_worker_not_started_by_registration_timeout: 0
[state-dump] num_tasks_waiting_for_workers: 0
[state-dump] num_cancelled_leases: 0
[state-dump] cluster_resource_scheduler state: 
[state-dump] Local id: -1681695659902243193 Local resources: {"total":{CPU_group_6_8614e87c67f590024f565ffa771501000000: [10000], CPU_group_7_8614e87c67f590024f565ffa771501000000: [10000], bundle_group_6_8614e87c67f590024f565ffa771501000000: [10000000], CPU: [640000], bundle_group_8614e87c67f590024f565ffa771501000000: [80000000], CPU_group_2_8614e87c67f590024f565ffa771501000000: [10000], bundle_group_7_8614e87c67f590024f565ffa771501000000: [10000000], CPU_group_8614e87c67f590024f565ffa771501000000: [80000], accelerator_type:B200: [10000], bundle_group_1_8614e87c67f590024f565ffa771501000000: [10000000], object_store_memory: [42949672960000], GPU_group_8614e87c67f590024f565ffa771501000000: [10000, 10000, 10000, 10000, 10000, 10000, 10000, 10000], bundle_group_5_8614e87c67f590024f565ffa771501000000: [10000000], GPU_group_5_8614e87c67f590024f565ffa771501000000: [0, 0, 0, 0, 10000, 0, 0, 0], GPU_group_3_8614e87c67f590024f565ffa771501000000: [0, 0, 10000, 0, 0, 0, 0, 0], CPU_group_3_8614e87c67f590024f565ffa771501000000: [10000], bundle_group_3_8614e87c67f590024f565ffa771501000000: [10000000], GPU_group_8_8614e87c67f590024f565ffa771501000000: [0, 0, 0, 0, 0, 0, 0, 10000], CPU_group_4_8614e87c67f590024f565ffa771501000000: [10000], CPU_group_8_8614e87c67f590024f565ffa771501000000: [10000], memory: [32418548654080000], bundle_group_2_8614e87c67f590024f565ffa771501000000: [10000000], bundle_group_8_8614e87c67f590024f565ffa771501000000: [10000000], GPU_group_2_8614e87c67f590024f565ffa771501000000: [0, 10000, 0, 0, 0, 0, 0, 0], GPU_group_4_8614e87c67f590024f565ffa771501000000: [0, 0, 0, 10000, 0, 0, 0, 0], GPU_group_6_8614e87c67f590024f565ffa771501000000: [0, 0, 0, 0, 0, 10000, 0, 0], GPU_group_1_8614e87c67f590024f565ffa771501000000: [10000, 0, 0, 0, 0, 0, 0, 0], node:10.244.13.18: [10000], CPU_group_5_8614e87c67f590024f565ffa771501000000: [10000], GPU_group_7_8614e87c67f590024f565ffa771501000000: [0, 0, 0, 0, 0, 0, 10000, 0], bundle_group_4_8614e87c67f590024f565ffa771501000000: [10000000], CPU_group_1_8614e87c67f590024f565ffa771501000000: [10000], GPU: [10000, 10000, 10000, 10000, 10000, 10000, 10000, 10000]}, "available": {CPU_group_6_8614e87c67f590024f565ffa771501000000: [6000], CPU_group_7_8614e87c67f590024f565ffa771501000000: [6000], bundle_group_6_8614e87c67f590024f565ffa771501000000: [9999990], CPU: [560000], bundle_group_8614e87c67f590024f565ffa771501000000: [79999920], CPU_group_2_8614e87c67f590024f565ffa771501000000: [6000], bundle_group_7_8614e87c67f590024f565ffa771501000000: [9999990], CPU_group_8614e87c67f590024f565ffa771501000000: [48000], accelerator_type:B200: [10000], bundle_group_1_8614e87c67f590024f565ffa771501000000: [9999990], object_store_memory: [42949672960000], GPU_group_8614e87c67f590024f565ffa771501000000: [6000, 6000, 6000, 6000, 6000, 6000, 6000, 6000], bundle_group_5_8614e87c67f590024f565ffa771501000000: [9999990], GPU_group_5_8614e87c67f590024f565ffa771501000000: [0, 0, 0, 0, 6000, 0, 0, 0], GPU_group_3_8614e87c67f590024f565ffa771501000000: [0, 0, 6000, 0, 0, 0, 0, 0], CPU_group_3_8614e87c67f590024f565ffa771501000000: [6000], bundle_group_3_8614e87c67f590024f565ffa771501000000: [9999990], GPU_group_8_8614e87c67f590024f565ffa771501000000: [0, 0, 0, 0, 0, 0, 0, 6000], CPU_group_4_8614e87c67f590024f565ffa771501000000: [6000], CPU_group_8_8614e87c67f590024f565ffa771501000000: [6000], memory: [32418548654080000], bundle_group_2_8614e87c67f590024f565ffa771501000000: [9999990], bundle_group_8_8614e87c67f590024f565ffa771501000000: [9999990], GPU_group_2_8614e87c67f590024f565ffa771501000000: [0, 6000, 0, 0, 0, 0, 0, 0], GPU_group_4_8614e87c67f590024f565ffa771501000000: [0, 0, 0, 6000, 0, 0, 0, 0], GPU_group_6_8614e87c67f590024f565ffa771501000000: [0, 0, 0, 0, 0, 6000, 0, 0], GPU_group_1_8614e87c67f590024f565ffa771501000000: [6000, 0, 0, 0, 0, 0, 0, 0], node:10.244.13.18: [10000], CPU_group_5_8614e87c67f590024f565ffa771501000000: [6000], GPU_group_7_8614e87c67f590024f565ffa771501000000: [0, 0, 0, 0, 0, 0, 6000, 0], bundle_group_4_8614e87c67f590024f565ffa771501000000: [9999990], CPU_group_1_8614e87c67f590024f565ffa771501000000: [6000], GPU: [0, 0, 0, 0, 0, 0, 0, 0]}, "labels":{"ray.io/accelerator-type":"B200","ray.io/node-id":"5a1736abfe100329c9e05ff3a3f920e3696f0c41773d8bb025d15fe0"}} is_draining: 0 is_idle: 0 Cluster resources (at most 20 nodes are shown): node id: -5100000704351949267{"total":{memory: 32397615636480000, GPU_group_12_8614e87c67f590024f565ffa771501000000: 10000, GPU_group_0_8614e87c67f590024f565ffa771501000000: 10000, bundle_group_11_8614e87c67f590024f565ffa771501000000: 10000000, node:__internal_head__: 10000, GPU_group_14_8614e87c67f590024f565ffa771501000000: 10000, CPU_group_10_8614e87c67f590024f565ffa771501000000: 10000, CPU_group_13_8614e87c67f590024f565ffa771501000000: 10000, CPU_group_0_8614e87c67f590024f565ffa771501000000: 10000, CPU_group_11_8614e87c67f590024f565ffa771501000000: 10000, GPU: 80000, GPU_group_11_8614e87c67f590024f565ffa771501000000: 10000, bundle_group_0_8614e87c67f590024f565ffa771501000000: 10000000, CPU: 640000, GPU_group_13_8614e87c67f590024f565ffa771501000000: 10000, bundle_group_15_8614e87c67f590024f565ffa771501000000: 10000000, CPU_group_14_8614e87c67f590024f565ffa771501000000: 10000, bundle_group_10_8614e87c67f590024f565ffa771501000000: 10000000, GPU_group_10_8614e87c67f590024f565ffa771501000000: 10000, accelerator_type:B200: 10000, bundle_group_9_8614e87c67f590024f565ffa771501000000: 10000000, CPU_group_8614e87c67f590024f565ffa771501000000: 80000, bundle_group_8614e87c67f590024f565ffa771501000000: 80000000, bundle_group_12_8614e87c67f590024f565ffa771501000000: 10000000, GPU_group_8614e87c67f590024f565ffa771501000000: 80000, GPU_group_9_8614e87c67f590024f565ffa771501000000: 10000, object_store_memory: 42949672960000, node:10.244.18.139: 10000, CPU_group_15_8614e87c67f590024f565ffa771501000000: 10000, bundle_group_13_8614e87c67f590024f565ffa771501000000: 10000000, CPU_group_12_8614e87c67f590024f565ffa771501000000: 10000, GPU_group_15_8614e87c67f590024f565ffa771501000000: 10000, CPU_group_9_8614e87c67f590024f565ffa771501000000: 10000, bundle_group_14_8614e87c67f590024f565ffa771501000000: 10000000}, "available": {CPU_group_9_8614e87c67f590024f565ffa771501000000: 6000, GPU_group_12_8614e87c67f590024f565ffa771501000000: 6000, GPU_group_0_8614e87c67f590024f565ffa771501000000: 6000, bundle_group_11_8614e87c67f590024f565ffa771501000000: 9999990, node:__internal_head__: 10000, GPU_group_14_8614e87c67f590024f565ffa771501000000: 6000, CPU_group_10_8614e87c67f590024f565ffa771501000000: 6000, CPU_group_13_8614e87c67f590024f565ffa771501000000: 6000, CPU_group_0_8614e87c67f590024f565ffa771501000000: 6000, CPU_group_11_8614e87c67f590024f565ffa771501000000: 6000, bundle_group_0_8614e87c67f590024f565ffa771501000000: 9999990, GPU_group_11_8614e87c67f590024f565ffa771501000000: 6000, CPU: 540000, GPU_group_13_8614e87c67f590024f565ffa771501000000: 6000, bundle_group_15_8614e87c67f590024f565ffa771501000000: 9999990, bundle_group_10_8614e87c67f590024f565ffa771501000000: 9999990, CPU_group_14_8614e87c67f590024f565ffa771501000000: 6000, GPU_group_10_8614e87c67f590024f565ffa771501000000: 6000, accelerator_type:B200: 10000, bundle_group_9_8614e87c67f590024f565ffa771501000000: 9999990, CPU_group_8614e87c67f590024f565ffa771501000000: 48000, bundle_group_8614e87c67f590024f565ffa771501000000: 79999920, bundle_group_12_8614e87c67f590024f565ffa771501000000: 9999990, GPU_group_8614e87c67f590024f565ffa771501000000: 48000, GPU_group_9_8614e87c67f590024f565ffa771501000000: 6000, object_store_memory: 42941099220000, node:10.244.18.139: 10000, CPU_group_15_8614e87c67f590024f565ffa771501000000: 6000, bundle_group_13_8614e87c67f590024f565ffa771501000000: 9999990, CPU_group_12_8614e87c67f590024f565ffa771501000000: 6000, GPU_group_15_8614e87c67f590024f565ffa771501000000: 6000, memory: 32397615636480000, bundle_group_14_8614e87c67f590024f565ffa771501000000: 9999990}, "labels":{"ray.io/accelerator-type":"B200","ray.io/node-id":"b668a6c13d1b7186690b035979a815ca1ce93506fd27e5e4ac7a3f5d"}, "is_draining": 0, "draining_deadline_timestamp_ms": -1}node id: 6958755133317569349{"total":{bundle_group_28_8614e87c67f590024f565ffa771501000000: 10000000, CPU_group_8614e87c67f590024f565ffa771501000000: 80000, accelerator_type:B200: 10000, bundle_group_8614e87c67f590024f565ffa771501000000: 80000000, GPU_group_27_8614e87c67f590024f565ffa771501000000: 10000, GPU_group_26_8614e87c67f590024f565ffa771501000000: 10000, GPU_group_25_8614e87c67f590024f565ffa771501000000: 10000, bundle_group_16_8614e87c67f590024f565ffa771501000000: 10000000, CPU: 640000, bundle_group_31_8614e87c67f590024f565ffa771501000000: 10000000, CPU_group_29_8614e87c67f590024f565ffa771501000000: 10000, CPU_group_30_8614e87c67f590024f565ffa771501000000: 10000, bundle_group_25_8614e87c67f590024f565ffa771501000000: 10000000, CPU_group_16_8614e87c67f590024f565ffa771501000000: 10000, GPU_group_16_8614e87c67f590024f565ffa771501000000: 10000, memory: 32418469068800000, GPU_group_29_8614e87c67f590024f565ffa771501000000: 10000, bundle_group_26_8614e87c67f590024f565ffa771501000000: 10000000, object_store_memory: 42949672960000, GPU_group_8614e87c67f590024f565ffa771501000000: 80000, node:10.244.180.242: 10000, GPU_group_31_8614e87c67f590024f565ffa771501000000: 10000, GPU_group_28_8614e87c67f590024f565ffa771501000000: 10000, bundle_group_29_8614e87c67f590024f565ffa771501000000: 10000000, GPU_group_30_8614e87c67f590024f565ffa771501000000: 10000, bundle_group_30_8614e87c67f590024f565ffa771501000000: 10000000, CPU_group_27_8614e87c67f590024f565ffa771501000000: 10000, CPU_group_26_8614e87c67f590024f565ffa771501000000: 10000, GPU: 80000, CPU_group_28_8614e87c67f590024f565ffa771501000000: 10000, CPU_group_25_8614e87c67f590024f565ffa771501000000: 10000, CPU_group_31_8614e87c67f590024f565ffa771501000000: 10000, bundle_group_27_8614e87c67f590024f565ffa771501000000: 10000000}, "available": {bundle_group_28_8614e87c67f590024f565ffa771501000000: 10000000, CPU_group_8614e87c67f590024f565ffa771501000000: 78000, accelerator_type:B200: 10000, bundle_group_8614e87c67f590024f565ffa771501000000: 79999990, GPU_group_27_8614e87c67f590024f565ffa771501000000: 10000, GPU_group_26_8614e87c67f590024f565ffa771501000000: 10000, GPU_group_25_8614e87c67f590024f565ffa771501000000: 10000, bundle_group_16_8614e87c67f590024f565ffa771501000000: 9999990, CPU: 560000, bundle_group_31_8614e87c67f590024f565ffa771501000000: 10000000, CPU_group_29_8614e87c67f590024f565ffa771501000000: 10000, CPU_group_30_8614e87c67f590024f565ffa771501000000: 10000, bundle_group_25_8614e87c67f590024f565ffa771501000000: 10000000, CPU_group_16_8614e87c67f590024f565ffa771501000000: 8000, GPU_group_16_8614e87c67f590024f565ffa771501000000: 8000, memory: 32418469068800000, GPU_group_29_8614e87c67f590024f565ffa771501000000: 10000, bundle_group_26_8614e87c67f590024f565ffa771501000000: 10000000, object_store_memory: 42949672960000, GPU_group_8614e87c67f590024f565ffa771501000000: 78000, GPU_group_31_8614e87c67f590024f565ffa771501000000: 10000, node:10.244.180.242: 10000, GPU_group_28_8614e87c67f590024f565ffa771501000000: 10000, bundle_group_29_8614e87c67f590024f565ffa771501000000: 10000000, GPU_group_30_8614e87c67f590024f565ffa771501000000: 10000, bundle_group_30_8614e87c67f590024f565ffa771501000000: 10000000, CPU_group_27_8614e87c67f590024f565ffa771501000000: 10000, CPU_group_26_8614e87c67f590024f565ffa771501000000: 10000, CPU_group_28_8614e87c67f590024f565ffa771501000000: 10000, CPU_group_25_8614e87c67f590024f565ffa771501000000: 10000, CPU_group_31_8614e87c67f590024f565ffa771501000000: 10000, bundle_group_27_8614e87c67f590024f565ffa771501000000: 10000000}, "labels":{"ray.io/node-id":"91950bc728379b818b838deb2fb43ac0b302dd8af091673234e82d95","ray.io/accelerator-type":"B200"}, "is_draining": 0, "draining_deadline_timestamp_ms": -1}node id: -1681695659902243193{"total":{bundle_group_8614e87c67f590024f565ffa771501000000: 80000000, CPU_group_2_8614e87c67f590024f565ffa771501000000: 10000, bundle_group_7_8614e87c67f590024f565ffa771501000000: 10000000, CPU_group_8614e87c67f590024f565ffa771501000000: 80000, accelerator_type:B200: 10000, CPU_group_7_8614e87c67f590024f565ffa771501000000: 10000, bundle_group_6_8614e87c67f590024f565ffa771501000000: 10000000, CPU: 640000, CPU_group_4_8614e87c67f590024f565ffa771501000000: 10000, memory: 32418548654080000, CPU_group_8_8614e87c67f590024f565ffa771501000000: 10000, bundle_group_2_8614e87c67f590024f565ffa771501000000: 10000000, object_store_memory: 42949672960000, bundle_group_1_8614e87c67f590024f565ffa771501000000: 10000000, bundle_group_5_8614e87c67f590024f565ffa771501000000: 10000000, GPU_group_8614e87c67f590024f565ffa771501000000: 80000, GPU_group_3_8614e87c67f590024f565ffa771501000000: 10000, GPU_group_5_8614e87c67f590024f565ffa771501000000: 10000, CPU_group_3_8614e87c67f590024f565ffa771501000000: 10000, GPU_group_8_8614e87c67f590024f565ffa771501000000: 10000, bundle_group_3_8614e87c67f590024f565ffa771501000000: 10000000, GPU_group_7_8614e87c67f590024f565ffa771501000000: 10000, CPU_group_5_8614e87c67f590024f565ffa771501000000: 10000, bundle_group_8_8614e87c67f590024f565ffa771501000000: 10000000, GPU_group_1_8614e87c67f590024f565ffa771501000000: 10000, GPU_group_6_8614e87c67f590024f565ffa771501000000: 10000, GPU_group_4_8614e87c67f590024f565ffa771501000000: 10000, node:10.244.13.18: 10000, GPU_group_2_8614e87c67f590024f565ffa771501000000: 10000, CPU_group_1_8614e87c67f590024f565ffa771501000000: 10000, GPU: 80000, CPU_group_6_8614e87c67f590024f565ffa771501000000: 10000, bundle_group_4_8614e87c67f590024f565ffa771501000000: 10000000}, "available": {bundle_group_8614e87c67f590024f565ffa771501000000: 79999920, CPU_group_2_8614e87c67f590024f565ffa771501000000: 6000, bundle_group_7_8614e87c67f590024f565ffa771501000000: 9999990, CPU_group_8614e87c67f590024f565ffa771501000000: 48000, accelerator_type:B200: 10000, CPU_group_7_8614e87c67f590024f565ffa771501000000: 6000, bundle_group_6_8614e87c67f590024f565ffa771501000000: 9999990, CPU: 560000, CPU_group_4_8614e87c67f590024f565ffa771501000000: 6000, memory: 32418548654080000, CPU_group_8_8614e87c67f590024f565ffa771501000000: 6000, bundle_group_2_8614e87c67f590024f565ffa771501000000: 9999990, object_store_memory: 42949672960000, bundle_group_1_8614e87c67f590024f565ffa771501000000: 9999990, bundle_group_5_8614e87c67f590024f565ffa771501000000: 9999990, GPU_group_8614e87c67f590024f565ffa771501000000: 48000, GPU_group_5_8614e87c67f590024f565ffa771501000000: 6000, bundle_group_3_8614e87c67f590024f565ffa771501000000: 9999990, GPU_group_3_8614e87c67f590024f565ffa771501000000: 6000, GPU_group_8_8614e87c67f590024f565ffa771501000000: 6000, CPU_group_3_8614e87c67f590024f565ffa771501000000: 6000, GPU_group_7_8614e87c67f590024f565ffa771501000000: 6000, CPU_group_5_8614e87c67f590024f565ffa771501000000: 6000, bundle_group_8_8614e87c67f590024f565ffa771501000000: 9999990, GPU_group_1_8614e87c67f590024f565ffa771501000000: 6000, GPU_group_6_8614e87c67f590024f565ffa771501000000: 6000, GPU_group_4_8614e87c67f590024f565ffa771501000000: 6000, node:10.244.13.18: 10000, GPU_group_2_8614e87c67f590024f565ffa771501000000: 6000, CPU_group_1_8614e87c67f590024f565ffa771501000000: 6000, CPU_group_6_8614e87c67f590024f565ffa771501000000: 6000, bundle_group_4_8614e87c67f590024f565ffa771501000000: 9999990}, "labels":{"ray.io/accelerator-type":"B200","ray.io/node-id":"5a1736abfe100329c9e05ff3a3f920e3696f0c41773d8bb025d15fe0"}, "is_draining": 0, "draining_deadline_timestamp_ms": -1}node id: 346506708453796848{"total":{GPU_group_22_8614e87c67f590024f565ffa771501000000: 10000, GPU_group_23_8614e87c67f590024f565ffa771501000000: 10000, bundle_group_20_8614e87c67f590024f565ffa771501000000: 10000000, GPU: 80000, CPU_group_20_8614e87c67f590024f565ffa771501000000: 10000, GPU_group_20_8614e87c67f590024f565ffa771501000000: 10000, bundle_group_24_8614e87c67f590024f565ffa771501000000: 10000000, CPU_group_18_8614e87c67f590024f565ffa771501000000: 10000, CPU_group_21_8614e87c67f590024f565ffa771501000000: 10000, GPU_group_21_8614e87c67f590024f565ffa771501000000: 10000, bundle_group_19_8614e87c67f590024f565ffa771501000000: 10000000, CPU_group_22_8614e87c67f590024f565ffa771501000000: 10000, bundle_group_17_8614e87c67f590024f565ffa771501000000: 10000000, bundle_group_18_8614e87c67f590024f565ffa771501000000: 10000000, bundle_group_22_8614e87c67f590024f565ffa771501000000: 10000000, GPU_group_24_8614e87c67f590024f565ffa771501000000: 10000, CPU_group_23_8614e87c67f590024f565ffa771501000000: 10000, GPU_group_17_8614e87c67f590024f565ffa771501000000: 10000, GPU_group_18_8614e87c67f590024f565ffa771501000000: 10000, memory: 32418463825920000, CPU_group_17_8614e87c67f590024f565ffa771501000000: 10000, GPU_group_8614e87c67f590024f565ffa771501000000: 80000, object_store_memory: 42949672960000, bundle_group_21_8614e87c67f590024f565ffa771501000000: 10000000, bundle_group_23_8614e87c67f590024f565ffa771501000000: 10000000, node:10.244.218.62: 10000, bundle_group_8614e87c67f590024f565ffa771501000000: 80000000, accelerator_type:B200: 10000, GPU_group_19_8614e87c67f590024f565ffa771501000000: 10000, CPU_group_8614e87c67f590024f565ffa771501000000: 80000, CPU_group_24_8614e87c67f590024f565ffa771501000000: 10000, CPU: 640000, CPU_group_19_8614e87c67f590024f565ffa771501000000: 10000}, "available": {bundle_group_8614e87c67f590024f565ffa771501000000: 79999990, CPU_group_18_8614e87c67f590024f565ffa771501000000: 10000, bundle_group_19_8614e87c67f590024f565ffa771501000000: 10000000, CPU_group_8614e87c67f590024f565ffa771501000000: 78000, GPU_group_19_8614e87c67f590024f565ffa771501000000: 10000, accelerator_type:B200: 10000, CPU_group_24_8614e87c67f590024f565ffa771501000000: 10000, CPU_group_19_8614e87c67f590024f565ffa771501000000: 10000, CPU: 560000, memory: 32418463825920000, CPU_group_17_8614e87c67f590024f565ffa771501000000: 8000, bundle_group_21_8614e87c67f590024f565ffa771501000000: 10000000, object_store_memory: 42949672960000, GPU_group_8614e87c67f590024f565ffa771501000000: 78000, bundle_group_23_8614e87c67f590024f565ffa771501000000: 10000000, node:10.244.218.62: 10000, CPU_group_22_8614e87c67f590024f565ffa771501000000: 10000, bundle_group_17_8614e87c67f590024f565ffa771501000000: 9999990, bundle_group_18_8614e87c67f590024f565ffa771501000000: 10000000, CPU_group_23_8614e87c67f590024f565ffa771501000000: 10000, GPU_group_24_8614e87c67f590024f565ffa771501000000: 10000, bundle_group_22_8614e87c67f590024f565ffa771501000000: 10000000, GPU_group_18_8614e87c67f590024f565ffa771501000000: 10000, GPU_group_17_8614e87c67f590024f565ffa771501000000: 8000, GPU_group_22_8614e87c67f590024f565ffa771501000000: 10000, bundle_group_20_8614e87c67f590024f565ffa771501000000: 10000000, GPU_group_23_8614e87c67f590024f565ffa771501000000: 10000, GPU_group_20_8614e87c67f590024f565ffa771501000000: 10000, CPU_group_20_8614e87c67f590024f565ffa771501000000: 10000, bundle_group_24_8614e87c67f590024f565ffa771501000000: 10000000, GPU_group_21_8614e87c67f590024f565ffa771501000000: 10000, CPU_group_21_8614e87c67f590024f565ffa771501000000: 10000}, "labels":{"ray.io/node-id":"137ca386e65d980acbeff863eda6c65487ee6942bccc8db1236dc36e","ray.io/accelerator-type":"B200"}, "is_draining": 0, "draining_deadline_timestamp_ms": -1} { "placement group locations": [], "node to bundles": []}
[state-dump] Waiting leases size: 0
[state-dump] Number of granted lease arguments: 0
[state-dump] Number of pinned lease arguments: 0
[state-dump] Total size of pinned lease arguments: 0
[state-dump] Number of total spilled leases: 0
[state-dump] Number of spilled waiting leases: 0
[state-dump] Number of spilled unschedulable leases: 0
[state-dump] Resource usage {
[state-dump]     - (language=PYTHON actor_or_taskMegatronTrainRayActor.__init__ pid=960 worker_id=a9bc9faf934d79652d9f51f4b3a8ae687f183aad5e231512ece05a0e): {bundle_group_7_8614e87c67f590024f565ffa771501000000: 0.001, CPU_group_8614e87c67f590024f565ffa771501000000: 0.4, GPU_group_7_8614e87c67f590024f565ffa771501000000: 0.4, bundle_group_8614e87c67f590024f565ffa771501000000: 0.001, CPU_group_7_8614e87c67f590024f565ffa771501000000: 0.4, GPU_group_8614e87c67f590024f565ffa771501000000: 0.4}
[state-dump]     - (language=PYTHON actor_or_taskMegatronTrainRayActor.__init__ pid=959 worker_id=cdcada990c364655aa3c0f9c6bccf0203189a4361f0949466abeece3): {GPU_group_6_8614e87c67f590024f565ffa771501000000: 0.4, bundle_group_6_8614e87c67f590024f565ffa771501000000: 0.001, GPU_group_8614e87c67f590024f565ffa771501000000: 0.4, bundle_group_8614e87c67f590024f565ffa771501000000: 0.001, CPU_group_6_8614e87c67f590024f565ffa771501000000: 0.4, CPU_group_8614e87c67f590024f565ffa771501000000: 0.4}
[state-dump]     - (language=PYTHON actor_or_taskMegatronTrainRayActor.__init__ pid=965 worker_id=136546f248884d2dc9fd21b946db50be3709536bcc5ac432a4424196): {bundle_group_5_8614e87c67f590024f565ffa771501000000: 0.001, GPU_group_8614e87c67f590024f565ffa771501000000: 0.4, GPU_group_5_8614e87c67f590024f565ffa771501000000: 0.4, bundle_group_8614e87c67f590024f565ffa771501000000: 0.001, CPU_group_5_8614e87c67f590024f565ffa771501000000: 0.4, CPU_group_8614e87c67f590024f565ffa771501000000: 0.4}
[state-dump]     - (language=PYTHON actor_or_taskMegatronTrainRayActor.__init__ pid=961 worker_id=ec06ade875864bdbb80ae3f1b19a8be1abd78ad89338d48eb1d001af): {CPU_group_8614e87c67f590024f565ffa771501000000: 0.4, GPU_group_8614e87c67f590024f565ffa771501000000: 0.4, CPU_group_4_8614e87c67f590024f565ffa771501000000: 0.4, bundle_group_4_8614e87c67f590024f565ffa771501000000: 0.001, bundle_group_8614e87c67f590024f565ffa771501000000: 0.001, GPU_group_4_8614e87c67f590024f565ffa771501000000: 0.4}
[state-dump]     - (language=PYTHON actor_or_taskMegatronTrainRayActor.__init__ pid=962 worker_id=ca6cb88024162bf07716ce2c88c2fb4113d3b1e347331c5dd5e35cfb): {GPU_group_3_8614e87c67f590024f565ffa771501000000: 0.4, GPU_group_8614e87c67f590024f565ffa771501000000: 0.4, CPU_group_8614e87c67f590024f565ffa771501000000: 0.4, bundle_group_8614e87c67f590024f565ffa771501000000: 0.001, bundle_group_3_8614e87c67f590024f565ffa771501000000: 0.001, CPU_group_3_8614e87c67f590024f565ffa771501000000: 0.4}
[state-dump]     - (language=PYTHON actor_or_taskMegatronTrainRayActor.__init__ pid=963 worker_id=062ee74904ba1e2a3b770071417d9b3415af75b383dc6c62f90e84d8): {CPU_group_2_8614e87c67f590024f565ffa771501000000: 0.4, bundle_group_8614e87c67f590024f565ffa771501000000: 0.001, GPU_group_8614e87c67f590024f565ffa771501000000: 0.4, CPU_group_8614e87c67f590024f565ffa771501000000: 0.4, GPU_group_2_8614e87c67f590024f565ffa771501000000: 0.4, bundle_group_2_8614e87c67f590024f565ffa771501000000: 0.001}
[state-dump]     - (language=PYTHON actor_or_taskMegatronTrainRayActor.__init__ pid=964 worker_id=a6daf3a2ba673f0b1ab7f9b6574c645d591c1c94493d7905906c216f): {CPU_group_8_8614e87c67f590024f565ffa771501000000: 0.4, CPU_group_8614e87c67f590024f565ffa771501000000: 0.4, GPU_group_8_8614e87c67f590024f565ffa771501000000: 0.4, bundle_group_8614e87c67f590024f565ffa771501000000: 0.001, bundle_group_8_8614e87c67f590024f565ffa771501000000: 0.001, GPU_group_8614e87c67f590024f565ffa771501000000: 0.4}
[state-dump]     - (language=PYTHON actor_or_taskMegatronTrainRayActor.__init__ pid=856 worker_id=5cc4ed1f0649d6976ed683211055eb3665137c692d18f2735c16f6ce): {GPU_group_8614e87c67f590024f565ffa771501000000: 0.4, GPU_group_1_8614e87c67f590024f565ffa771501000000: 0.4, bundle_group_1_8614e87c67f590024f565ffa771501000000: 0.001, bundle_group_8614e87c67f590024f565ffa771501000000: 0.001, CPU_group_8614e87c67f590024f565ffa771501000000: 0.4, CPU_group_1_8614e87c67f590024f565ffa771501000000: 0.4}
[state-dump] }
[state-dump] Backlog Size per scheduling descriptor :{workerId: num backlogs}:
[state-dump] 
[state-dump] Granted leases by scheduling class:
[state-dump] ==================================================
[state-dump] 
[state-dump] ClusterResources:
[state-dump] LocalObjectManager:
[state-dump] - num pinned objects: 0
[state-dump] - pinned objects size: 0
[state-dump] - num objects pending restore: 0
[state-dump] - num objects pending spill: 0
[state-dump] - num bytes pending spill: 0
[state-dump] - num bytes currently spilled: 0
[state-dump] - cumulative spill requests: 0
[state-dump] - cumulative restore requests: 0
[state-dump] - spilled objects pending delete: 0
[state-dump] 
[state-dump] ObjectManager:
[state-dump] - num local objects: 8
[state-dump] - num unfulfilled push requests: 0
[state-dump] - num object pull requests: 0
[state-dump] - num chunks received total: 8
[state-dump] - num chunks received failed (all): 0
[state-dump] - num chunks received failed / cancelled: 0
[state-dump] - num chunks received failed / plasma error: 0
[state-dump] Event stats:
[state-dump] Global stats: 24 total (0 active)
[state-dump] Queueing time: mean = 0.02ms, max = 0.06ms, min = 0.01ms, total = 0.50ms
[state-dump] Execution time:  mean = 1.51ms, total = 36.31ms
[state-dump] Event stats:
[state-dump] 	ObjectManagerService.grpc_server.Push - 8 total (0 active), Execution time: mean = 2.21ms, total = 17.65ms, Queueing time: mean = 0.00ms, max = -0.00ms, min = 9223372036854.78ms, total = 0.00ms
[state-dump] 	ObjectManagerService.grpc_server.Push.HandleRequestImpl - 8 total (0 active), Execution time: mean = 2.02ms, total = 16.17ms, Queueing time: mean = 0.02ms, max = 0.04ms, min = 0.01ms, total = 0.18ms
[state-dump] 	ObjectManager.SendPull - 8 total (0 active), Execution time: mean = 0.31ms, total = 2.49ms, Queueing time: mean = 0.04ms, max = 0.06ms, min = 0.01ms, total = 0.32ms
[state-dump] PushManager:
[state-dump] - num pushes remaining: 0
[state-dump] - num chunks in flight: 0
[state-dump] - num chunks remaining: 0
[state-dump] - max chunks allowed: 409
[state-dump] OwnershipBasedObjectDirectory:
[state-dump] - num listeners: 0
[state-dump] - cumulative location updates: 9
[state-dump] - num location updates per second: 0.000
[state-dump] - num location lookups per second: 0.000
[state-dump] - num locations added per second: 0.000
[state-dump] - num locations removed per second: 0.000
[state-dump] BufferPool:
[state-dump] - create buffer state map size: 0
[state-dump] PullManager:
[state-dump] - num bytes available for pulled objects: 4294967296
[state-dump] - num bytes being pulled (all): 0
[state-dump] - num bytes being pulled / pinned: 0
[state-dump] - get request bundles: BundlePullRequestQueue{0 total, 0 active, 0 inactive, 0 unpullable}
[state-dump] - wait request bundles: BundlePullRequestQueue{0 total, 0 active, 0 inactive, 0 unpullable}
[state-dump] - task request bundles: BundlePullRequestQueue{0 total, 0 active, 0 inactive, 0 unpullable}
[state-dump] - first get request bundle: N/A
[state-dump] - first wait request bundle: N/A
[state-dump] - first task request bundle: N/A
[state-dump] - num objects queued: 0
[state-dump] - num objects actively pulled (all): 0
[state-dump] - num objects actively pulled / pinned: 0
[state-dump] - num bundles being pulled: 0
[state-dump] - num pull retries: 0
[state-dump] - max timeout seconds: 10
[state-dump] - max timeout request is already processed. No entry.
[state-dump] 
[state-dump] WorkerPool:
[state-dump] - registered jobs: 1
[state-dump] - process_failed_job_config_missing: 0
[state-dump] - process_failed_rate_limited: 0
[state-dump] - process_failed_pending_registration: 0
[state-dump] - process_failed_runtime_env_setup_failed: 0
[state-dump] - num PYTHON workers: 8
[state-dump] - num PYTHON drivers: 0
[state-dump] - num PYTHON pending start requests: 0
[state-dump] - num PYTHON pending registration requests: 0
[state-dump] - num object spill callbacks queued: 0
[state-dump] - num object restore queued: 0
[state-dump] - num util functions queued: 0
[state-dump] - num idle workers: 0
[state-dump] LeaseDependencyManager:
[state-dump] - lease deps map size: 0
[state-dump] - get req map size: 0
[state-dump] - wait req map size: 0
[state-dump] - local objects map size: 8
[state-dump] WaitManager:
[state-dump] - num active wait requests: 0
[state-dump] Subscriber:
[state-dump] Channel WORKER_OBJECT_LOCATIONS_CHANNEL
[state-dump] - cumulative subscribe requests: 8
[state-dump] - cumulative unsubscribe requests: 8
[state-dump] - active subscribed publishers: 0
[state-dump] - cumulative published messages: 11
[state-dump] - cumulative processed messages: 10
[state-dump] Channel WORKER_REF_REMOVED_CHANNEL
[state-dump] - cumulative subscribe requests: 0
[state-dump] - cumulative unsubscribe requests: 0
[state-dump] - active subscribed publishers: 0
[state-dump] - cumulative published messages: 0
[state-dump] - cumulative processed messages: 0
[state-dump] num async plasma notifications: 0
[state-dump] Event stats:
[state-dump] Global stats: 24130 total (22 active)
[state-dump] Queueing time: mean = 109.68ms, max = 327445.13ms, min = -0.02ms, total = 2646473.40ms
[state-dump] Execution time:  mean = 1.88ms, total = 45479.72ms
[state-dump] Event stats:
[state-dump] 	ObjectManager.UpdateAvailableMemory - 5399 total (0 active), Execution time: mean = 0.00ms, total = 5.10ms, Queueing time: mean = 0.01ms, max = 0.16ms, min = 0.00ms, total = 45.75ms
[state-dump] 	RaySyncer.BroadcastMessageIfNewVersion - 5399 total (1 active), Execution time: mean = 0.00ms, total = 9.27ms, Queueing time: mean = 0.02ms, max = 18.59ms, min = 0.00ms, total = 131.32ms
[state-dump] 	NodeManager.CheckGC - 5399 total (1 active), Execution time: mean = 0.00ms, total = 9.24ms, Queueing time: mean = 0.02ms, max = 18.59ms, min = -0.02ms, total = 132.92ms
[state-dump] 	RayletWorkerPool.deadline_timer.kill_idle_workers - 2700 total (1 active), Execution time: mean = 0.00ms, total = 6.20ms, Queueing time: mean = 0.03ms, max = 23.53ms, min = -0.02ms, total = 83.78ms
[state-dump] 	NodeManager.ScheduleAndGrantLeases - 540 total (1 active), Execution time: mean = 0.00ms, total = 2.58ms, Queueing time: mean = 0.02ms, max = 0.65ms, min = 0.00ms, total = 10.73ms
[state-dump] 	NodeManager.CheckForUnexpectedWorkerDisconnects - 540 total (1 active), Execution time: mean = 0.01ms, total = 6.51ms, Queueing time: mean = 0.01ms, max = 0.64ms, min = 0.00ms, total = 6.64ms
[state-dump] 	NodeManager.deadline_timer.flush_free_objects - 540 total (1 active), Execution time: mean = 0.00ms, total = 0.99ms, Queueing time: mean = 0.16ms, max = 23.80ms, min = 0.00ms, total = 84.67ms
[state-dump] 	NodeManager.deadline_timer.spill_objects_when_over_threshold - 540 total (1 active), Execution time: mean = 0.00ms, total = 0.80ms, Queueing time: mean = 0.16ms, max = 23.80ms, min = 0.00ms, total = 84.82ms
[state-dump] 	NodeManagerService.grpc_server.GetResourceLoad - 539 total (0 active), Execution time: mean = 0.35ms, total = 189.75ms, Queueing time: mean = 0.00ms, max = -0.00ms, min = 9223372036854.78ms, total = 0.00ms
[state-dump] 	NodeManagerService.grpc_server.GetResourceLoad.HandleRequestImpl - 539 total (0 active), Execution time: mean = 0.09ms, total = 47.62ms, Queueing time: mean = 0.02ms, max = 0.06ms, min = 0.00ms, total = 11.13ms
[state-dump] 	CoreWorkerService.grpc_client.GetCoreWorkerStats.OnReplyReceived - 258 total (0 active), Execution time: mean = 0.02ms, total = 4.12ms, Queueing time: mean = 0.04ms, max = 0.13ms, min = 0.00ms, total = 10.51ms
[state-dump] 	CoreWorkerService.grpc_client.GetCoreWorkerStats - 258 total (0 active), Execution time: mean = 0.70ms, total = 181.65ms, Queueing time: mean = 0.00ms, max = -0.00ms, min = 9223372036854.78ms, total = 0.00ms
[state-dump] 	ClusterResourceManager.ResetRemoteNodeView - 181 total (1 active), Execution time: mean = 0.00ms, total = 0.47ms, Queueing time: mean = 0.02ms, max = 0.15ms, min = 0.00ms, total = 3.47ms
[state-dump] 	NodeManager.deadline_timer.record_metrics - 108 total (1 active), Execution time: mean = 0.22ms, total = 24.24ms, Queueing time: mean = 0.57ms, max = 23.64ms, min = 0.00ms, total = 61.16ms
[state-dump] 	NodeManagerService.grpc_server.GetWorkerPIDs.HandleRequestImpl - 103 total (0 active), Execution time: mean = 0.03ms, total = 3.00ms, Queueing time: mean = 0.04ms, max = 1.54ms, min = 0.01ms, total = 3.76ms
[state-dump] 	NodeManagerService.grpc_server.GetAgentPIDs.HandleRequestImpl - 103 total (0 active), Execution time: mean = 0.03ms, total = 2.71ms, Queueing time: mean = 0.04ms, max = 0.11ms, min = 0.00ms, total = 4.09ms
[state-dump] 	NodeManagerService.grpc_server.GetAgentPIDs - 103 total (0 active), Execution time: mean = 0.32ms, total = 33.27ms, Queueing time: mean = 0.00ms, max = -0.00ms, min = 9223372036854.78ms, total = 0.00ms
[state-dump] 	NodeManagerService.grpc_server.GetWorkerPIDs - 103 total (0 active), Execution time: mean = 0.31ms, total = 31.47ms, Queueing time: mean = 0.00ms, max = -0.00ms, min = 9223372036854.78ms, total = 0.00ms
[state-dump] 	ClientConnection.async_read.ProcessMessageHeader - 96 total (8 active), Execution time: mean = 0.00ms, total = 0.39ms, Queueing time: mean = 27539.22ms, max = 327445.13ms, min = 0.01ms, total = 2643765.41ms
[state-dump] 	ClientConnection.async_read.ProcessMessage - 88 total (0 active), Execution time: mean = 0.33ms, total = 29.19ms, Queueing time: mean = 0.08ms, max = 2.49ms, min = 0.00ms, total = 6.94ms
[state-dump] 	event_loop_lag_probe - 56 total (0 active), Execution time: mean = 0.02ms, total = 0.92ms, Queueing time: mean = 0.13ms, max = 6.99ms, min = 0.00ms, total = 7.18ms
[state-dump] 	NodeManager.deadline_timer.debug_state_dump - 54 total (1 active), Execution time: mean = 1.56ms, total = 84.05ms, Queueing time: mean = 0.01ms, max = 0.03ms, min = 0.00ms, total = 0.63ms
[state-dump] 	NodeManagerService.grpc_server.GetNodeStats.HandleRequestImpl - 36 total (0 active), Execution time: mean = 0.43ms, total = 15.57ms, Queueing time: mean = 0.02ms, max = 0.05ms, min = 0.01ms, total = 0.87ms
[state-dump] 	NodeManagerService.grpc_server.GetNodeStats - 36 total (0 active), Execution time: mean = 1.37ms, total = 49.15ms, Queueing time: mean = 0.00ms, max = -0.00ms, min = 9223372036854.78ms, total = 0.00ms
[state-dump] 	Subscriber.HandlePublishedMessage_GCS_WORKER_DELTA_CHANNEL - 32 total (0 active), Execution time: mean = 0.00ms, total = 0.02ms, Queueing time: mean = 0.07ms, max = 0.10ms, min = 0.03ms, total = 2.39ms
[state-dump] 	 - 29 total (0 active), Execution time: mean = 0.09ms, total = 2.55ms, Queueing time: mean = 0.71ms, max = 19.87ms, min = 0.00ms, total = 20.71ms
[state-dump] 	RaySyncer.BroadcastMessage - 29 total (0 active), Execution time: mean = 0.09ms, total = 2.60ms, Queueing time: mean = 0.00ms, max = 0.00ms, min = 0.00ms, total = 0.01ms
[state-dump] 	ObjectManager.ObjectAdded - 24 total (0 active), Execution time: mean = 0.06ms, total = 1.44ms, Queueing time: mean = 0.18ms, max = 0.89ms, min = 0.00ms, total = 4.35ms
[state-dump] 	NodeManagerService.grpc_server.RequestWorkerLease - 16 total (0 active), Execution time: mean = 470.59ms, total = 7529.45ms, Queueing time: mean = 0.00ms, max = -0.00ms, min = 9223372036854.78ms, total = 0.00ms
[state-dump] 	ObjectManager.ObjectDeleted - 16 total (0 active), Execution time: mean = 0.01ms, total = 0.10ms, Queueing time: mean = 0.01ms, max = 0.03ms, min = 0.01ms, total = 0.20ms
[state-dump] 	ClientConnection.async_write.DoAsyncWrites - 16 total (0 active), Execution time: mean = 0.00ms, total = 0.01ms, Queueing time: mean = 0.01ms, max = 0.02ms, min = 0.00ms, total = 0.18ms
[state-dump] 	NodeManagerService.grpc_server.GetSystemConfig - 16 total (0 active), Execution time: mean = 0.22ms, total = 3.49ms, Queueing time: mean = 0.00ms, max = -0.00ms, min = 9223372036854.78ms, total = 0.00ms
[state-dump] 	NodeManagerService.grpc_server.RequestWorkerLease.HandleRequestImpl - 16 total (0 active), Execution time: mean = 1.47ms, total = 23.55ms, Queueing time: mean = 5.43ms, max = 17.83ms, min = 0.01ms, total = 86.81ms
[state-dump] 	NodeManagerService.grpc_server.GetSystemConfig.HandleRequestImpl - 16 total (0 active), Execution time: mean = 0.01ms, total = 0.23ms, Queueing time: mean = 0.01ms, max = 0.04ms, min = 0.01ms, total = 0.20ms
[state-dump] 	ray::rpc::ControlPlanePubSubGcsService.grpc_client.GcsSubscriberPoll - 13 total (1 active), Execution time: mean = 2762.41ms, total = 35911.36ms, Queueing time: mean = 0.00ms, max = -0.00ms, min = 9223372036854.78ms, total = 0.00ms
[state-dump] 	PeriodicalRunner.RunFnPeriodically - 13 total (0 active), Execution time: mean = 0.29ms, total = 3.82ms, Queueing time: mean = 144.58ms, max = 624.32ms, min = 0.02ms, total = 1879.51ms
[state-dump] 	ray::rpc::ControlPlanePubSubGcsService.grpc_client.GcsSubscriberPoll.OnReplyReceived - 12 total (0 active), Execution time: mean = 0.10ms, total = 1.25ms, Queueing time: mean = 0.03ms, max = 0.19ms, min = 0.00ms, total = 0.31ms
[state-dump] 	Subscriber.HandlePublishedMessage_WORKER_OBJECT_LOCATIONS_CHANNEL - 10 total (0 active), Execution time: mean = 0.09ms, total = 0.86ms, Queueing time: mean = 0.41ms, max = 0.69ms, min = 0.09ms, total = 4.09ms
[state-dump] 	ray::rpc::NodeInfoGcsService.grpc_client.CheckAlive.OnReplyReceived - 9 total (0 active), Execution time: mean = 0.02ms, total = 0.18ms, Queueing time: mean = 0.01ms, max = 0.01ms, min = 0.01ms, total = 0.09ms
[state-dump] 	ray::rpc::NodeInfoGcsService.grpc_client.CheckAlive - 9 total (0 active), Execution time: mean = 0.77ms, total = 6.90ms, Queueing time: mean = 0.00ms, max = -0.00ms, min = 9223372036854.78ms, total = 0.00ms
[state-dump] 	NodeManager.deadline_timer.print_event_loop_stats - 9 total (1 active, 1 running), Execution time: mean = 0.69ms, total = 6.19ms, Queueing time: mean = 0.01ms, max = 0.02ms, min = 0.00ms, total = 0.05ms
[state-dump] 	NodeManager.GcsCheckAlive - 9 total (1 active), Execution time: mean = 0.14ms, total = 1.29ms, Queueing time: mean = 0.56ms, max = 0.76ms, min = 0.58ms, total = 5.07ms
[state-dump] 	NodeManagerService.grpc_server.KillLocalActor.HandleRequestImpl - 8 total (0 active), Execution time: mean = 0.17ms, total = 1.35ms, Queueing time: mean = 0.52ms, max = 0.65ms, min = 0.03ms, total = 4.17ms
[state-dump] 	ray::rpc::WorkerInfoGcsService.grpc_client.ReportWorkerFailure.OnReplyReceived - 8 total (0 active), Execution time: mean = 0.01ms, total = 0.07ms, Queueing time: mean = 0.05ms, max = 0.18ms, min = 0.00ms, total = 0.41ms
[state-dump] 	ray::rpc::WorkerInfoGcsService.grpc_client.ReportWorkerFailure - 8 total (0 active), Execution time: mean = 9.66ms, total = 77.30ms, Queueing time: mean = 0.00ms, max = -0.00ms, min = 9223372036854.78ms, total = 0.00ms
[state-dump] 	NodeManagerService.grpc_server.KillLocalActor - 8 total (0 active), Execution time: mean = 16.68ms, total = 133.42ms, Queueing time: mean = 0.00ms, max = -0.00ms, min = 9223372036854.78ms, total = 0.00ms
[state-dump] 	ObjectManagerService.grpc_client.Pull.OnReplyReceived - 8 total (0 active), Execution time: mean = 0.02ms, total = 0.13ms, Queueing time: mean = 0.05ms, max = 0.09ms, min = 0.02ms, total = 0.38ms
[state-dump] 	ObjectManagerService.grpc_client.Pull - 8 total (0 active), Execution time: mean = 1.85ms, total = 14.82ms, Queueing time: mean = 0.00ms, max = -0.00ms, min = 9223372036854.78ms, total = 0.00ms
[state-dump] 	CoreWorkerService.grpc_client.KillActor.OnReplyReceived - 8 total (0 active), Execution time: mean = 0.05ms, total = 0.41ms, Queueing time: mean = 0.02ms, max = 0.12ms, min = 0.00ms, total = 0.16ms
[state-dump] 	CoreWorkerService.grpc_client.KillActor - 8 total (0 active), Execution time: mean = 15.95ms, total = 127.59ms, Queueing time: mean = 0.00ms, max = -0.00ms, min = 9223372036854.78ms, total = 0.00ms
[state-dump] 	CoreWorkerService.grpc_client.PubsubLongPolling.OnReplyReceived - 6 total (0 active), Execution time: mean = 0.12ms, total = 0.73ms, Queueing time: mean = 0.34ms, max = 0.79ms, min = 0.01ms, total = 2.03ms
[state-dump] 	CoreWorkerService.grpc_client.PubsubLongPolling - 6 total (0 active), Execution time: mean = 5.37ms, total = 32.25ms, Queueing time: mean = 0.00ms, max = -0.00ms, min = 9223372036854.78ms, total = 0.00ms
[state-dump] 	CoreWorkerService.grpc_client.PubsubCommandBatch.OnReplyReceived - 5 total (0 active), Execution time: mean = 0.13ms, total = 0.65ms, Queueing time: mean = 0.16ms, max = 0.38ms, min = 0.01ms, total = 0.80ms
[state-dump] 	CoreWorkerService.grpc_client.PubsubCommandBatch - 5 total (0 active), Execution time: mean = 5.47ms, total = 27.34ms, Queueing time: mean = 0.00ms, max = -0.00ms, min = 9223372036854.78ms, total = 0.00ms
[state-dump] 	CoreWorkerService.grpc_client.UpdateObjectLocationBatch - 4 total (0 active), Execution time: mean = 0.33ms, total = 1.30ms, Queueing time: mean = 0.00ms, max = -0.00ms, min = 9223372036854.78ms, total = 0.00ms
[state-dump] 	CoreWorkerService.grpc_client.UpdateObjectLocationBatch.OnReplyReceived - 4 total (0 active), Execution time: mean = 0.04ms, total = 0.16ms, Queueing time: mean = 0.39ms, max = 0.82ms, min = 0.04ms, total = 1.56ms
[state-dump] 	Subscriber.HandlePublishedMessage_GCS_NODE_ADDRESS_AND_LIVENESS_CHANNEL - 2 total (0 active), Execution time: mean = 0.11ms, total = 0.23ms, Queueing time: mean = 0.25ms, max = 0.27ms, min = 0.23ms, total = 0.50ms
[state-dump] 	RaySyncerRegister - 2 total (0 active), Execution time: mean = 0.00ms, total = 0.00ms, Queueing time: mean = 0.00ms, max = 0.00ms, min = 0.00ms, total = 0.00ms
[state-dump] 	ray::rpc::ControlPlanePubSubGcsService.grpc_client.GcsSubscriberCommandBatch - 2 total (0 active), Execution time: mean = 0.72ms, total = 1.43ms, Queueing time: mean = 0.00ms, max = -0.00ms, min = 9223372036854.78ms, total = 0.00ms
[state-dump] 	ray::rpc::ControlPlanePubSubGcsService.grpc_client.GcsSubscriberCommandBatch.OnReplyReceived - 2 total (0 active), Execution time: mean = 0.05ms, total = 0.09ms, Queueing time: mean = 1.63ms, max = 3.14ms, min = 0.11ms, total = 3.25ms
[state-dump] 	NodeManager.GCTaskFailureReason - 1 total (1 active), Execution time: mean = 0.00ms, total = 0.00ms, Queueing time: mean = 0.00ms, max = -0.00ms, min = 9223372036854.78ms, total = 0.00ms
[state-dump] 	ReporterService.grpc_client.HealthCheck.OnReplyReceived - 1 total (0 active), Execution time: mean = 0.13ms, total = 0.13ms, Queueing time: mean = 0.02ms, max = 0.02ms, min = 0.02ms, total = 0.02ms
[state-dump] 	ReporterService.grpc_client.HealthCheck - 1 total (0 active), Execution time: mean = 190.29ms, total = 190.29ms, Queueing time: mean = 0.00ms, max = -0.00ms, min = 9223372036854.78ms, total = 0.00ms
[state-dump] 	ray::rpc::NodeInfoGcsService.grpc_client.RegisterNode - 1 total (0 active), Execution time: mean = 0.80ms, total = 0.80ms, Queueing time: mean = 0.00ms, max = -0.00ms, min = 9223372036854.78ms, total = 0.00ms
[state-dump] 	NodeManagerService.grpc_server.PrepareBundleResources.HandleRequestImpl - 1 total (0 active), Execution time: mean = 0.85ms, total = 0.85ms, Queueing time: mean = 0.03ms, max = 0.03ms, min = 0.03ms, total = 0.03ms
[state-dump] 	NodeManagerService.grpc_server.PrepareBundleResources - 1 total (0 active), Execution time: mean = 1.19ms, total = 1.19ms, Queueing time: mean = 0.00ms, max = -0.00ms, min = 9223372036854.78ms, total = 0.00ms
[state-dump] 	NodeManagerService.grpc_server.CommitBundleResources - 1 total (0 active), Execution time: mean = 1.45ms, total = 1.45ms, Queueing time: mean = 0.00ms, max = -0.00ms, min = 9223372036854.78ms, total = 0.00ms
[state-dump] 	ray::rpc::InternalKVGcsService.grpc_client.GetInternalConfig - 1 total (0 active), Execution time: mean = 0.89ms, total = 0.89ms, Queueing time: mean = 0.00ms, max = -0.00ms, min = 9223372036854.78ms, total = 0.00ms
[state-dump] 	ray::rpc::NodeInfoGcsService.grpc_client.GetAllNodeAddressAndLiveness.OnReplyReceived - 1 total (0 active), Execution time: mean = 0.11ms, total = 0.11ms, Queueing time: mean = 0.01ms, max = 0.01ms, min = 0.01ms, total = 0.01ms
[state-dump] 	ray::rpc::JobInfoGcsService.grpc_client.GetAllJobInfo.OnReplyReceived - 1 total (0 active), Execution time: mean = 0.01ms, total = 0.01ms, Queueing time: mean = 0.01ms, max = 0.01ms, min = 0.01ms, total = 0.01ms
[state-dump] 	ray::rpc::NodeInfoGcsService.grpc_client.RegisterNode.OnReplyReceived - 1 total (0 active), Execution time: mean = 0.24ms, total = 0.24ms, Queueing time: mean = 0.01ms, max = 0.01ms, min = 0.01ms, total = 0.01ms
[state-dump] 	Subscriber.HandlePublishedMessage_GCS_JOB_CHANNEL - 1 total (0 active), Execution time: mean = 0.04ms, total = 0.04ms, Queueing time: mean = 0.28ms, max = 0.28ms, min = 0.28ms, total = 0.28ms
[state-dump] 	ray::rpc::JobInfoGcsService.grpc_client.GetAllJobInfo - 1 total (0 active), Execution time: mean = 0.69ms, total = 0.69ms, Queueing time: mean = 0.00ms, max = -0.00ms, min = 9223372036854.78ms, total = 0.00ms
[state-dump] 	NodeManagerService.grpc_server.CommitBundleResources.HandleRequestImpl - 1 total (0 active), Execution time: mean = 1.11ms, total = 1.11ms, Queueing time: mean = 0.03ms, max = 0.03ms, min = 0.03ms, total = 0.03ms
[state-dump] 	ray::rpc::NodeInfoGcsService.grpc_client.GetAllNodeAddressAndLiveness - 1 total (0 active), Execution time: mean = 0.75ms, total = 0.75ms, Queueing time: mean = 0.00ms, max = -0.00ms, min = 9223372036854.78ms, total = 0.00ms
[state-dump] 	ray::rpc::InternalKVGcsService.grpc_client.GetInternalConfig.OnReplyReceived - 1 total (0 active), Execution time: mean = 628.39ms, total = 628.39ms, Queueing time: mean = 0.01ms, max = 0.01ms, min = 0.01ms, total = 0.01ms
[state-dump] DebugString() time ms: 0
[state-dump] 
[state-dump] 
[2026-09-03 22:08:28,338 I 79 102] (raylet) store.cc:573: Plasma store debug dump: 
Current usage: 0.000539599 / 4.29497 GB
- num bytes created total: 539727
0 pending objects of total size 0MB
- objects spillable: 0
- bytes spillable: 0
- objects unsealed: 0
- bytes unsealed: 0
- objects in use: 0
- bytes in use: 0
- objects evictable: 8
- bytes evictable: 539599

- objects created by worker: 0
- bytes created by worker: 0
- objects restored: 0
- bytes restored: 0
- objects received: 8
- bytes received: 539599
- objects errored: 0
- bytes errored: 0

[2026-09-03 22:08:28,976 I 79 79] (raylet) node_manager.cc:486: [state-dump] NodeManager:
[state-dump] Node ID: 5a1736abfe100329c9e05ff3a3f920e3696f0c41773d8bb025d15fe0
[state-dump] Node name: 10.244.13.18
[state-dump] InitialConfigResources: {GPU: 8, accelerator_type:B200: 1, node:10.244.13.18: 1, object_store_memory: 4.29497e+09, CPU: 64, memory: 3.24185e+12}
[state-dump] ClusterLeaseManager:
[state-dump] ========== Node: 5a1736abfe100329c9e05ff3a3f920e3696f0c41773d8bb025d15fe0 =================
[state-dump] Infeasible queue length: 0
[state-dump] Schedule queue length: 0
[state-dump] Grant queue length: 0
[state-dump] num_waiting_for_resource: 0
[state-dump] num_waiting_for_plasma_memory: 0
[state-dump] num_waiting_for_remote_node_resources: 0
[state-dump] num_worker_not_started_by_job_config_not_exist: 0
[state-dump] num_worker_not_started_by_registration_timeout: 0
[state-dump] num_tasks_waiting_for_workers: 0
[state-dump] num_cancelled_leases: 0
[state-dump] cluster_resource_scheduler state: 
[state-dump] Local id: -1681695659902243193 Local resources: {"total":{CPU_group_6_8614e87c67f590024f565ffa771501000000: [10000], CPU_group_7_8614e87c67f590024f565ffa771501000000: [10000], bundle_group_6_8614e87c67f590024f565ffa771501000000: [10000000], CPU: [640000], bundle_group_8614e87c67f590024f565ffa771501000000: [80000000], CPU_group_2_8614e87c67f590024f565ffa771501000000: [10000], bundle_group_7_8614e87c67f590024f565ffa771501000000: [10000000], CPU_group_8614e87c67f590024f565ffa771501000000: [80000], accelerator_type:B200: [10000], bundle_group_1_8614e87c67f590024f565ffa771501000000: [10000000], object_store_memory: [42949672960000], GPU_group_8614e87c67f590024f565ffa771501000000: [10000, 10000, 10000, 10000, 10000, 10000, 10000, 10000], bundle_group_5_8614e87c67f590024f565ffa771501000000: [10000000], GPU_group_5_8614e87c67f590024f565ffa771501000000: [0, 0, 0, 0, 10000, 0, 0, 0], GPU_group_3_8614e87c67f590024f565ffa771501000000: [0, 0, 10000, 0, 0, 0, 0, 0], CPU_group_3_8614e87c67f590024f565ffa771501000000: [10000], bundle_group_3_8614e87c67f590024f565ffa771501000000: [10000000], GPU_group_8_8614e87c67f590024f565ffa771501000000: [0, 0, 0, 0, 0, 0, 0, 10000], CPU_group_4_8614e87c67f590024f565ffa771501000000: [10000], CPU_group_8_8614e87c67f590024f565ffa771501000000: [10000], memory: [32418548654080000], bundle_group_2_8614e87c67f590024f565ffa771501000000: [10000000], bundle_group_8_8614e87c67f590024f565ffa771501000000: [10000000], GPU_group_2_8614e87c67f590024f565ffa771501000000: [0, 10000, 0, 0, 0, 0, 0, 0], GPU_group_4_8614e87c67f590024f565ffa771501000000: [0, 0, 0, 10000, 0, 0, 0, 0], GPU_group_6_8614e87c67f590024f565ffa771501000000: [0, 0, 0, 0, 0, 10000, 0, 0], GPU_group_1_8614e87c67f590024f565ffa771501000000: [10000, 0, 0, 0, 0, 0, 0, 0], node:10.244.13.18: [10000], CPU_group_5_8614e87c67f590024f565ffa771501000000: [10000], GPU_group_7_8614e87c67f590024f565ffa771501000000: [0, 0, 0, 0, 0, 0, 10000, 0], bundle_group_4_8614e87c67f590024f565ffa771501000000: [10000000], CPU_group_1_8614e87c67f590024f565ffa771501000000: [10000], GPU: [10000, 10000, 10000, 10000, 10000, 10000, 10000, 10000]}, "available": {CPU_group_6_8614e87c67f590024f565ffa771501000000: [6000], CPU_group_7_8614e87c67f590024f565ffa771501000000: [6000], bundle_group_6_8614e87c67f590024f565ffa771501000000: [9999990], CPU: [560000], bundle_group_8614e87c67f590024f565ffa771501000000: [79999920], CPU_group_2_8614e87c67f590024f565ffa771501000000: [6000], bundle_group_7_8614e87c67f590024f565ffa771501000000: [9999990], CPU_group_8614e87c67f590024f565ffa771501000000: [48000], accelerator_type:B200: [10000], bundle_group_1_8614e87c67f590024f565ffa771501000000: [9999990], object_store_memory: [42949672960000], GPU_group_8614e87c67f590024f565ffa771501000000: [6000, 6000, 6000, 6000, 6000, 6000, 6000, 6000], bundle_group_5_8614e87c67f590024f565ffa771501000000: [9999990], GPU_group_5_8614e87c67f590024f565ffa771501000000: [0, 0, 0, 0, 6000, 0, 0, 0], GPU_group_3_8614e87c67f590024f565ffa771501000000: [0, 0, 6000, 0, 0, 0, 0, 0], CPU_group_3_8614e87c67f590024f565ffa771501000000: [6000], bundle_group_3_8614e87c67f590024f565ffa771501000000: [9999990], GPU_group_8_8614e87c67f590024f565ffa771501000000: [0, 0, 0, 0, 0, 0, 0, 6000], CPU_group_4_8614e87c67f590024f565ffa771501000000: [6000], CPU_group_8_8614e87c67f590024f565ffa771501000000: [6000], memory: [32418548654080000], bundle_group_2_8614e87c67f590024f565ffa771501000000: [9999990], bundle_group_8_8614e87c67f590024f565ffa771501000000: [9999990], GPU_group_2_8614e87c67f590024f565ffa771501000000: [0, 6000, 0, 0, 0, 0, 0, 0], GPU_group_4_8614e87c67f590024f565ffa771501000000: [0, 0, 0, 6000, 0, 0, 0, 0], GPU_group_6_8614e87c67f590024f565ffa771501000000: [0, 0, 0, 0, 0, 6000, 0, 0], GPU_group_1_8614e87c67f590024f565ffa771501000000: [6000, 0, 0, 0, 0, 0, 0, 0], node:10.244.13.18: [10000], CPU_group_5_8614e87c67f590024f565ffa771501000000: [6000], GPU_group_7_8614e87c67f590024f565ffa771501000000: [0, 0, 0, 0, 0, 0, 6000, 0], bundle_group_4_8614e87c67f590024f565ffa771501000000: [9999990], CPU_group_1_8614e87c67f590024f565ffa771501000000: [6000], GPU: [0, 0, 0, 0, 0, 0, 0, 0]}, "labels":{"ray.io/accelerator-type":"B200","ray.io/node-id":"5a1736abfe100329c9e05ff3a3f920e3696f0c41773d8bb025d15fe0"}} is_draining: 0 is_idle: 0 Cluster resources (at most 20 nodes are shown): node id: -5100000704351949267{"total":{memory: 32397615636480000, GPU_group_12_8614e87c67f590024f565ffa771501000000: 10000, GPU_group_0_8614e87c67f590024f565ffa771501000000: 10000, bundle_group_11_8614e87c67f590024f565ffa771501000000: 10000000, node:__internal_head__: 10000, GPU_group_14_8614e87c67f590024f565ffa771501000000: 10000, CPU_group_10_8614e87c67f590024f565ffa771501000000: 10000, CPU_group_13_8614e87c67f590024f565ffa771501000000: 10000, CPU_group_0_8614e87c67f590024f565ffa771501000000: 10000, CPU_group_11_8614e87c67f590024f565ffa771501000000: 10000, GPU: 80000, GPU_group_11_8614e87c67f590024f565ffa771501000000: 10000, bundle_group_0_8614e87c67f590024f565ffa771501000000: 10000000, CPU: 640000, GPU_group_13_8614e87c67f590024f565ffa771501000000: 10000, bundle_group_15_8614e87c67f590024f565ffa771501000000: 10000000, CPU_group_14_8614e87c67f590024f565ffa771501000000: 10000, bundle_group_10_8614e87c67f590024f565ffa771501000000: 10000000, GPU_group_10_8614e87c67f590024f565ffa771501000000: 10000, accelerator_type:B200: 10000, bundle_group_9_8614e87c67f590024f565ffa771501000000: 10000000, CPU_group_8614e87c67f590024f565ffa771501000000: 80000, bundle_group_8614e87c67f590024f565ffa771501000000: 80000000, bundle_group_12_8614e87c67f590024f565ffa771501000000: 10000000, GPU_group_8614e87c67f590024f565ffa771501000000: 80000, GPU_group_9_8614e87c67f590024f565ffa771501000000: 10000, object_store_memory: 42949672960000, node:10.244.18.139: 10000, CPU_group_15_8614e87c67f590024f565ffa771501000000: 10000, bundle_group_13_8614e87c67f590024f565ffa771501000000: 10000000, CPU_group_12_8614e87c67f590024f565ffa771501000000: 10000, GPU_group_15_8614e87c67f590024f565ffa771501000000: 10000, CPU_group_9_8614e87c67f590024f565ffa771501000000: 10000, bundle_group_14_8614e87c67f590024f565ffa771501000000: 10000000}, "available": {CPU_group_9_8614e87c67f590024f565ffa771501000000: 6000, GPU_group_12_8614e87c67f590024f565ffa771501000000: 6000, GPU_group_0_8614e87c67f590024f565ffa771501000000: 6000, bundle_group_11_8614e87c67f590024f565ffa771501000000: 9999990, node:__internal_head__: 10000, GPU_group_14_8614e87c67f590024f565ffa771501000000: 6000, CPU_group_10_8614e87c67f590024f565ffa771501000000: 6000, CPU_group_13_8614e87c67f590024f565ffa771501000000: 6000, CPU_group_0_8614e87c67f590024f565ffa771501000000: 6000, CPU_group_11_8614e87c67f590024f565ffa771501000000: 6000, bundle_group_0_8614e87c67f590024f565ffa771501000000: 9999990, GPU_group_11_8614e87c67f590024f565ffa771501000000: 6000, CPU: 540000, GPU_group_13_8614e87c67f590024f565ffa771501000000: 6000, bundle_group_15_8614e87c67f590024f565ffa771501000000: 9999990, bundle_group_10_8614e87c67f590024f565ffa771501000000: 9999990, CPU_group_14_8614e87c67f590024f565ffa771501000000: 6000, GPU_group_10_8614e87c67f590024f565ffa771501000000: 6000, accelerator_type:B200: 10000, bundle_group_9_8614e87c67f590024f565ffa771501000000: 9999990, CPU_group_8614e87c67f590024f565ffa771501000000: 48000, bundle_group_8614e87c67f590024f565ffa771501000000: 79999920, bundle_group_12_8614e87c67f590024f565ffa771501000000: 9999990, GPU_group_8614e87c67f590024f565ffa771501000000: 48000, GPU_group_9_8614e87c67f590024f565ffa771501000000: 6000, object_store_memory: 42941099220000, node:10.244.18.139: 10000, CPU_group_15_8614e87c67f590024f565ffa771501000000: 6000, bundle_group_13_8614e87c67f590024f565ffa771501000000: 9999990, CPU_group_12_8614e87c67f590024f565ffa771501000000: 6000, GPU_group_15_8614e87c67f590024f565ffa771501000000: 6000, memory: 32397615636480000, bundle_group_14_8614e87c67f590024f565ffa771501000000: 9999990}, "labels":{"ray.io/accelerator-type":"B200","ray.io/node-id":"b668a6c13d1b7186690b035979a815ca1ce93506fd27e5e4ac7a3f5d"}, "is_draining": 0, "draining_deadline_timestamp_ms": -1}node id: 6958755133317569349{"total":{bundle_group_28_8614e87c67f590024f565ffa771501000000: 10000000, CPU_group_8614e87c67f590024f565ffa771501000000: 80000, accelerator_type:B200: 10000, bundle_group_8614e87c67f590024f565ffa771501000000: 80000000, GPU_group_27_8614e87c67f590024f565ffa771501000000: 10000, GPU_group_26_8614e87c67f590024f565ffa771501000000: 10000, GPU_group_25_8614e87c67f590024f565ffa771501000000: 10000, bundle_group_16_8614e87c67f590024f565ffa771501000000: 10000000, CPU: 640000, bundle_group_31_8614e87c67f590024f565ffa771501000000: 10000000, CPU_group_29_8614e87c67f590024f565ffa771501000000: 10000, CPU_group_30_8614e87c67f590024f565ffa771501000000: 10000, bundle_group_25_8614e87c67f590024f565ffa771501000000: 10000000, CPU_group_16_8614e87c67f590024f565ffa771501000000: 10000, GPU_group_16_8614e87c67f590024f565ffa771501000000: 10000, memory: 32418469068800000, GPU_group_29_8614e87c67f590024f565ffa771501000000: 10000, bundle_group_26_8614e87c67f590024f565ffa771501000000: 10000000, object_store_memory: 42949672960000, GPU_group_8614e87c67f590024f565ffa771501000000: 80000, node:10.244.180.242: 10000, GPU_group_31_8614e87c67f590024f565ffa771501000000: 10000, GPU_group_28_8614e87c67f590024f565ffa771501000000: 10000, bundle_group_29_8614e87c67f590024f565ffa771501000000: 10000000, GPU_group_30_8614e87c67f590024f565ffa771501000000: 10000, bundle_group_30_8614e87c67f590024f565ffa771501000000: 10000000, CPU_group_27_8614e87c67f590024f565ffa771501000000: 10000, CPU_group_26_8614e87c67f590024f565ffa771501000000: 10000, GPU: 80000, CPU_group_28_8614e87c67f590024f565ffa771501000000: 10000, CPU_group_25_8614e87c67f590024f565ffa771501000000: 10000, CPU_group_31_8614e87c67f590024f565ffa771501000000: 10000, bundle_group_27_8614e87c67f590024f565ffa771501000000: 10000000}, "available": {bundle_group_28_8614e87c67f590024f565ffa771501000000: 10000000, CPU_group_8614e87c67f590024f565ffa771501000000: 78000, accelerator_type:B200: 10000, bundle_group_8614e87c67f590024f565ffa771501000000: 79999990, GPU_group_27_8614e87c67f590024f565ffa771501000000: 10000, GPU_group_26_8614e87c67f590024f565ffa771501000000: 10000, GPU_group_25_8614e87c67f590024f565ffa771501000000: 10000, bundle_group_16_8614e87c67f590024f565ffa771501000000: 9999990, CPU: 560000, bundle_group_31_8614e87c67f590024f565ffa771501000000: 10000000, CPU_group_29_8614e87c67f590024f565ffa771501000000: 10000, CPU_group_30_8614e87c67f590024f565ffa771501000000: 10000, bundle_group_25_8614e87c67f590024f565ffa771501000000: 10000000, CPU_group_16_8614e87c67f590024f565ffa771501000000: 8000, GPU_group_16_8614e87c67f590024f565ffa771501000000: 8000, memory: 32418469068800000, GPU_group_29_8614e87c67f590024f565ffa771501000000: 10000, bundle_group_26_8614e87c67f590024f565ffa771501000000: 10000000, object_store_memory: 42949672960000, GPU_group_8614e87c67f590024f565ffa771501000000: 78000, GPU_group_31_8614e87c67f590024f565ffa771501000000: 10000, node:10.244.180.242: 10000, GPU_group_28_8614e87c67f590024f565ffa771501000000: 10000, bundle_group_29_8614e87c67f590024f565ffa771501000000: 10000000, GPU_group_30_8614e87c67f590024f565ffa771501000000: 10000, bundle_group_30_8614e87c67f590024f565ffa771501000000: 10000000, CPU_group_27_8614e87c67f590024f565ffa771501000000: 10000, CPU_group_26_8614e87c67f590024f565ffa771501000000: 10000, CPU_group_28_8614e87c67f590024f565ffa771501000000: 10000, CPU_group_25_8614e87c67f590024f565ffa771501000000: 10000, CPU_group_31_8614e87c67f590024f565ffa771501000000: 10000, bundle_group_27_8614e87c67f590024f565ffa771501000000: 10000000}, "labels":{"ray.io/node-id":"91950bc728379b818b838deb2fb43ac0b302dd8af091673234e82d95","ray.io/accelerator-type":"B200"}, "is_draining": 0, "draining_deadline_timestamp_ms": -1}node id: -1681695659902243193{"total":{bundle_group_8614e87c67f590024f565ffa771501000000: 80000000, CPU_group_2_8614e87c67f590024f565ffa771501000000: 10000, bundle_group_7_8614e87c67f590024f565ffa771501000000: 10000000, CPU_group_8614e87c67f590024f565ffa771501000000: 80000, accelerator_type:B200: 10000, CPU_group_7_8614e87c67f590024f565ffa771501000000: 10000, bundle_group_6_8614e87c67f590024f565ffa771501000000: 10000000, CPU: 640000, CPU_group_4_8614e87c67f590024f565ffa771501000000: 10000, memory: 32418548654080000, CPU_group_8_8614e87c67f590024f565ffa771501000000: 10000, bundle_group_2_8614e87c67f590024f565ffa771501000000: 10000000, object_store_memory: 42949672960000, bundle_group_1_8614e87c67f590024f565ffa771501000000: 10000000, bundle_group_5_8614e87c67f590024f565ffa771501000000: 10000000, GPU_group_8614e87c67f590024f565ffa771501000000: 80000, GPU_group_3_8614e87c67f590024f565ffa771501000000: 10000, GPU_group_5_8614e87c67f590024f565ffa771501000000: 10000, CPU_group_3_8614e87c67f590024f565ffa771501000000: 10000, GPU_group_8_8614e87c67f590024f565ffa771501000000: 10000, bundle_group_3_8614e87c67f590024f565ffa771501000000: 10000000, GPU_group_7_8614e87c67f590024f565ffa771501000000: 10000, CPU_group_5_8614e87c67f590024f565ffa771501000000: 10000, bundle_group_8_8614e87c67f590024f565ffa771501000000: 10000000, GPU_group_1_8614e87c67f590024f565ffa771501000000: 10000, GPU_group_6_8614e87c67f590024f565ffa771501000000: 10000, GPU_group_4_8614e87c67f590024f565ffa771501000000: 10000, node:10.244.13.18: 10000, GPU_group_2_8614e87c67f590024f565ffa771501000000: 10000, CPU_group_1_8614e87c67f590024f565ffa771501000000: 10000, GPU: 80000, CPU_group_6_8614e87c67f590024f565ffa771501000000: 10000, bundle_group_4_8614e87c67f590024f565ffa771501000000: 10000000}, "available": {bundle_group_8614e87c67f590024f565ffa771501000000: 79999920, CPU_group_2_8614e87c67f590024f565ffa771501000000: 6000, bundle_group_7_8614e87c67f590024f565ffa771501000000: 9999990, CPU_group_8614e87c67f590024f565ffa771501000000: 48000, accelerator_type:B200: 10000, CPU_group_7_8614e87c67f590024f565ffa771501000000: 6000, bundle_group_6_8614e87c67f590024f565ffa771501000000: 9999990, CPU: 560000, CPU_group_4_8614e87c67f590024f565ffa771501000000: 6000, memory: 32418548654080000, CPU_group_8_8614e87c67f590024f565ffa771501000000: 6000, bundle_group_2_8614e87c67f590024f565ffa771501000000: 9999990, object_store_memory: 42949672960000, bundle_group_1_8614e87c67f590024f565ffa771501000000: 9999990, bundle_group_5_8614e87c67f590024f565ffa771501000000: 9999990, GPU_group_8614e87c67f590024f565ffa771501000000: 48000, GPU_group_5_8614e87c67f590024f565ffa771501000000: 6000, bundle_group_3_8614e87c67f590024f565ffa771501000000: 9999990, GPU_group_3_8614e87c67f590024f565ffa771501000000: 6000, GPU_group_8_8614e87c67f590024f565ffa771501000000: 6000, CPU_group_3_8614e87c67f590024f565ffa771501000000: 6000, GPU_group_7_8614e87c67f590024f565ffa771501000000: 6000, CPU_group_5_8614e87c67f590024f565ffa771501000000: 6000, bundle_group_8_8614e87c67f590024f565ffa771501000000: 9999990, GPU_group_1_8614e87c67f590024f565ffa771501000000: 6000, GPU_group_6_8614e87c67f590024f565ffa771501000000: 6000, GPU_group_4_8614e87c67f590024f565ffa771501000000: 6000, node:10.244.13.18: 10000, GPU_group_2_8614e87c67f590024f565ffa771501000000: 6000, CPU_group_1_8614e87c67f590024f565ffa771501000000: 6000, CPU_group_6_8614e87c67f590024f565ffa771501000000: 6000, bundle_group_4_8614e87c67f590024f565ffa771501000000: 9999990}, "labels":{"ray.io/accelerator-type":"B200","ray.io/node-id":"5a1736abfe100329c9e05ff3a3f920e3696f0c41773d8bb025d15fe0"}, "is_draining": 0, "draining_deadline_timestamp_ms": -1}node id: 346506708453796848{"total":{GPU_group_22_8614e87c67f590024f565ffa771501000000: 10000, GPU_group_23_8614e87c67f590024f565ffa771501000000: 10000, bundle_group_20_8614e87c67f590024f565ffa771501000000: 10000000, GPU: 80000, CPU_group_20_8614e87c67f590024f565ffa771501000000: 10000, GPU_group_20_8614e87c67f590024f565ffa771501000000: 10000, bundle_group_24_8614e87c67f590024f565ffa771501000000: 10000000, CPU_group_18_8614e87c67f590024f565ffa771501000000: 10000, CPU_group_21_8614e87c67f590024f565ffa771501000000: 10000, GPU_group_21_8614e87c67f590024f565ffa771501000000: 10000, bundle_group_19_8614e87c67f590024f565ffa771501000000: 10000000, CPU_group_22_8614e87c67f590024f565ffa771501000000: 10000, bundle_group_17_8614e87c67f590024f565ffa771501000000: 10000000, bundle_group_18_8614e87c67f590024f565ffa771501000000: 10000000, bundle_group_22_8614e87c67f590024f565ffa771501000000: 10000000, GPU_group_24_8614e87c67f590024f565ffa771501000000: 10000, CPU_group_23_8614e87c67f590024f565ffa771501000000: 10000, GPU_group_17_8614e87c67f590024f565ffa771501000000: 10000, GPU_group_18_8614e87c67f590024f565ffa771501000000: 10000, memory: 32418463825920000, CPU_group_17_8614e87c67f590024f565ffa771501000000: 10000, GPU_group_8614e87c67f590024f565ffa771501000000: 80000, object_store_memory: 42949672960000, bundle_group_21_8614e87c67f590024f565ffa771501000000: 10000000, bundle_group_23_8614e87c67f590024f565ffa771501000000: 10000000, node:10.244.218.62: 10000, bundle_group_8614e87c67f590024f565ffa771501000000: 80000000, accelerator_type:B200: 10000, GPU_group_19_8614e87c67f590024f565ffa771501000000: 10000, CPU_group_8614e87c67f590024f565ffa771501000000: 80000, CPU_group_24_8614e87c67f590024f565ffa771501000000: 10000, CPU: 640000, CPU_group_19_8614e87c67f590024f565ffa771501000000: 10000}, "available": {bundle_group_8614e87c67f590024f565ffa771501000000: 79999990, CPU_group_18_8614e87c67f590024f565ffa771501000000: 10000, bundle_group_19_8614e87c67f590024f565ffa771501000000: 10000000, CPU_group_8614e87c67f590024f565ffa771501000000: 78000, GPU_group_19_8614e87c67f590024f565ffa771501000000: 10000, accelerator_type:B200: 10000, CPU_group_24_8614e87c67f590024f565ffa771501000000: 10000, CPU_group_19_8614e87c67f590024f565ffa771501000000: 10000, CPU: 560000, memory: 32418463825920000, CPU_group_17_8614e87c67f590024f565ffa771501000000: 8000, bundle_group_21_8614e87c67f590024f565ffa771501000000: 10000000, object_store_memory: 42949672960000, GPU_group_8614e87c67f590024f565ffa771501000000: 78000, bundle_group_23_8614e87c67f590024f565ffa771501000000: 10000000, node:10.244.218.62: 10000, CPU_group_22_8614e87c67f590024f565ffa771501000000: 10000, bundle_group_17_8614e87c67f590024f565ffa771501000000: 9999990, bundle_group_18_8614e87c67f590024f565ffa771501000000: 10000000, CPU_group_23_8614e87c67f590024f565ffa771501000000: 10000, GPU_group_24_8614e87c67f590024f565ffa771501000000: 10000, bundle_group_22_8614e87c67f590024f565ffa771501000000: 10000000, GPU_group_18_8614e87c67f590024f565ffa771501000000: 10000, GPU_group_17_8614e87c67f590024f565ffa771501000000: 8000, GPU_group_22_8614e87c67f590024f565ffa771501000000: 10000, bundle_group_20_8614e87c67f590024f565ffa771501000000: 10000000, GPU_group_23_8614e87c67f590024f565ffa771501000000: 10000, GPU_group_20_8614e87c67f590024f565ffa771501000000: 10000, CPU_group_20_8614e87c67f590024f565ffa771501000000: 10000, bundle_group_24_8614e87c67f590024f565ffa771501000000: 10000000, GPU_group_21_8614e87c67f590024f565ffa771501000000: 10000, CPU_group_21_8614e87c67f590024f565ffa771501000000: 10000}, "labels":{"ray.io/node-id":"137ca386e65d980acbeff863eda6c65487ee6942bccc8db1236dc36e","ray.io/accelerator-type":"B200"}, "is_draining": 0, "draining_deadline_timestamp_ms": -1} { "placement group locations": [], "node to bundles": []}
[state-dump] Waiting leases size: 0
[state-dump] Number of granted lease arguments: 0
[state-dump] Number of pinned lease arguments: 0
[state-dump] Total size of pinned lease arguments: 0
[state-dump] Number of total spilled leases: 0
[state-dump] Number of spilled waiting leases: 0
[state-dump] Number of spilled unschedulable leases: 0
[state-dump] Resource usage {
[state-dump]     - (language=PYTHON actor_or_taskMegatronTrainRayActor.__init__ pid=960 worker_id=a9bc9faf934d79652d9f51f4b3a8ae687f183aad5e231512ece05a0e): {bundle_group_7_8614e87c67f590024f565ffa771501000000: 0.001, CPU_group_8614e87c67f590024f565ffa771501000000: 0.4, GPU_group_7_8614e87c67f590024f565ffa771501000000: 0.4, bundle_group_8614e87c67f590024f565ffa771501000000: 0.001, CPU_group_7_8614e87c67f590024f565ffa771501000000: 0.4, GPU_group_8614e87c67f590024f565ffa771501000000: 0.4}
[state-dump]     - (language=PYTHON actor_or_taskMegatronTrainRayActor.__init__ pid=959 worker_id=cdcada990c364655aa3c0f9c6bccf0203189a4361f0949466abeece3): {GPU_group_6_8614e87c67f590024f565ffa771501000000: 0.4, bundle_group_6_8614e87c67f590024f565ffa771501000000: 0.001, GPU_group_8614e87c67f590024f565ffa771501000000: 0.4, bundle_group_8614e87c67f590024f565ffa771501000000: 0.001, CPU_group_6_8614e87c67f590024f565ffa771501000000: 0.4, CPU_group_8614e87c67f590024f565ffa771501000000: 0.4}
[state-dump]     - (language=PYTHON actor_or_taskMegatronTrainRayActor.__init__ pid=965 worker_id=136546f248884d2dc9fd21b946db50be3709536bcc5ac432a4424196): {bundle_group_5_8614e87c67f590024f565ffa771501000000: 0.001, GPU_group_8614e87c67f590024f565ffa771501000000: 0.4, GPU_group_5_8614e87c67f590024f565ffa771501000000: 0.4, bundle_group_8614e87c67f590024f565ffa771501000000: 0.001, CPU_group_5_8614e87c67f590024f565ffa771501000000: 0.4, CPU_group_8614e87c67f590024f565ffa771501000000: 0.4}
[state-dump]     - (language=PYTHON actor_or_taskMegatronTrainRayActor.__init__ pid=961 worker_id=ec06ade875864bdbb80ae3f1b19a8be1abd78ad89338d48eb1d001af): {CPU_group_8614e87c67f590024f565ffa771501000000: 0.4, GPU_group_8614e87c67f590024f565ffa771501000000: 0.4, CPU_group_4_8614e87c67f590024f565ffa771501000000: 0.4, bundle_group_4_8614e87c67f590024f565ffa771501000000: 0.001, bundle_group_8614e87c67f590024f565ffa771501000000: 0.001, GPU_group_4_8614e87c67f590024f565ffa771501000000: 0.4}
[state-dump]     - (language=PYTHON actor_or_taskMegatronTrainRayActor.__init__ pid=962 worker_id=ca6cb88024162bf07716ce2c88c2fb4113d3b1e347331c5dd5e35cfb): {GPU_group_3_8614e87c67f590024f565ffa771501000000: 0.4, GPU_group_8614e87c67f590024f565ffa771501000000: 0.4, CPU_group_8614e87c67f590024f565ffa771501000000: 0.4, bundle_group_8614e87c67f590024f565ffa771501000000: 0.001, bundle_group_3_8614e87c67f590024f565ffa771501000000: 0.001, CPU_group_3_8614e87c67f590024f565ffa771501000000: 0.4}
[state-dump]     - (language=PYTHON actor_or_taskMegatronTrainRayActor.__init__ pid=963 worker_id=062ee74904ba1e2a3b770071417d9b3415af75b383dc6c62f90e84d8): {CPU_group_2_8614e87c67f590024f565ffa771501000000: 0.4, bundle_group_8614e87c67f590024f565ffa771501000000: 0.001, GPU_group_8614e87c67f590024f565ffa771501000000: 0.4, CPU_group_8614e87c67f590024f565ffa771501000000: 0.4, GPU_group_2_8614e87c67f590024f565ffa771501000000: 0.4, bundle_group_2_8614e87c67f590024f565ffa771501000000: 0.001}
[state-dump]     - (language=PYTHON actor_or_taskMegatronTrainRayActor.__init__ pid=964 worker_id=a6daf3a2ba673f0b1ab7f9b6574c645d591c1c94493d7905906c216f): {CPU_group_8_8614e87c67f590024f565ffa771501000000: 0.4, CPU_group_8614e87c67f590024f565ffa771501000000: 0.4, GPU_group_8_8614e87c67f590024f565ffa771501000000: 0.4, bundle_group_8614e87c67f590024f565ffa771501000000: 0.001, bundle_group_8_8614e87c67f590024f565ffa771501000000: 0.001, GPU_group_8614e87c67f590024f565ffa771501000000: 0.4}
[state-dump]     - (language=PYTHON actor_or_taskMegatronTrainRayActor.__init__ pid=856 worker_id=5cc4ed1f0649d6976ed683211055eb3665137c692d18f2735c16f6ce): {GPU_group_8614e87c67f590024f565ffa771501000000: 0.4, GPU_group_1_8614e87c67f590024f565ffa771501000000: 0.4, bundle_group_1_8614e87c67f590024f565ffa771501000000: 0.001, bundle_group_8614e87c67f590024f565ffa771501000000: 0.001, CPU_group_8614e87c67f590024f565ffa771501000000: 0.4, CPU_group_1_8614e87c67f590024f565ffa771501000000: 0.4}
[state-dump] }
[state-dump] Backlog Size per scheduling descriptor :{workerId: num backlogs}:
[state-dump] 
[state-dump] Granted leases by scheduling class:
[state-dump] ==================================================
[state-dump] 
[state-dump] ClusterResources:
[state-dump] LocalObjectManager:
[state-dump] - num pinned objects: 0
[state-dump] - pinned objects size: 0
[state-dump] - num objects pending restore: 0
[state-dump] - num objects pending spill: 0
[state-dump] - num bytes pending spill: 0
[state-dump] - num bytes currently spilled: 0
[state-dump] - cumulative spill requests: 0
[state-dump] - cumulative restore requests: 0
[state-dump] - spilled objects pending delete: 0
[state-dump] 
[state-dump] ObjectManager:
[state-dump] - num local objects: 8
[state-dump] - num unfulfilled push requests: 0
[state-dump] - num object pull requests: 0
[state-dump] - num chunks received total: 8
[state-dump] - num chunks received failed (all): 0
[state-dump] - num chunks received failed / cancelled: 0
[state-dump] - num chunks received failed / plasma error: 0
[state-dump] Event stats:
[state-dump] Global stats: 24 total (0 active)
[state-dump] Queueing time: mean = 0.02ms, max = 0.06ms, min = 0.01ms, total = 0.50ms
[state-dump] Execution time:  mean = 1.51ms, total = 36.31ms
[state-dump] Event stats:
[state-dump] 	ObjectManagerService.grpc_server.Push - 8 total (0 active), Execution time: mean = 2.21ms, total = 17.65ms, Queueing time: mean = 0.00ms, max = -0.00ms, min = 9223372036854.78ms, total = 0.00ms
[state-dump] 	ObjectManagerService.grpc_server.Push.HandleRequestImpl - 8 total (0 active), Execution time: mean = 2.02ms, total = 16.17ms, Queueing time: mean = 0.02ms, max = 0.04ms, min = 0.01ms, total = 0.18ms
[state-dump] 	ObjectManager.SendPull - 8 total (0 active), Execution time: mean = 0.31ms, total = 2.49ms, Queueing time: mean = 0.04ms, max = 0.06ms, min = 0.01ms, total = 0.32ms
[state-dump] PushManager:
[state-dump] - num pushes remaining: 0
[state-dump] - num chunks in flight: 0
[state-dump] - num chunks remaining: 0
[state-dump] - max chunks allowed: 409
[state-dump] OwnershipBasedObjectDirectory:
[state-dump] - num listeners: 0
[state-dump] - cumulative location updates: 9
[state-dump] - num location updates per second: 0.000
[state-dump] - num location lookups per second: 0.000
[state-dump] - num locations added per second: 0.000
[state-dump] - num locations removed per second: 0.000
[state-dump] BufferPool:
[state-dump] - create buffer state map size: 0
[state-dump] PullManager:
[state-dump] - num bytes available for pulled objects: 4294967296
[state-dump] - num bytes being pulled (all): 0
[state-dump] - num bytes being pulled / pinned: 0
[state-dump] - get request bundles: BundlePullRequestQueue{0 total, 0 active, 0 inactive, 0 unpullable}
[state-dump] - wait request bundles: BundlePullRequestQueue{0 total, 0 active, 0 inactive, 0 unpullable}
[state-dump] - task request bundles: BundlePullRequestQueue{0 total, 0 active, 0 inactive, 0 unpullable}
[state-dump] - first get request bundle: N/A
[state-dump] - first wait request bundle: N/A
[state-dump] - first task request bundle: N/A
[state-dump] - num objects queued: 0
[state-dump] - num objects actively pulled (all): 0
[state-dump] - num objects actively pulled / pinned: 0
[state-dump] - num bundles being pulled: 0
[state-dump] - num pull retries: 0
[state-dump] - max timeout seconds: 10
[state-dump] - max timeout request is already processed. No entry.
[state-dump] 
[state-dump] WorkerPool:
[state-dump] - registered jobs: 1
[state-dump] - process_failed_job_config_missing: 0
[state-dump] - process_failed_rate_limited: 0
[state-dump] - process_failed_pending_registration: 0
[state-dump] - process_failed_runtime_env_setup_failed: 0
[state-dump] - num PYTHON workers: 8
[state-dump] - num PYTHON drivers: 0
[state-dump] - num PYTHON pending start requests: 0
[state-dump] - num PYTHON pending registration requests: 0
[state-dump] - num object spill callbacks queued: 0
[state-dump] - num object restore queued: 0
[state-dump] - num util functions queued: 0
[state-dump] - num idle workers: 0
[state-dump] LeaseDependencyManager:
[state-dump] - lease deps map size: 0
[state-dump] - get req map size: 0
[state-dump] - wait req map size: 0
[state-dump] - local objects map size: 8
[state-dump] WaitManager:
[state-dump] - num active wait requests: 0
[state-dump] Subscriber:
[state-dump] Channel WORKER_OBJECT_LOCATIONS_CHANNEL
[state-dump] - cumulative subscribe requests: 8
[state-dump] - cumulative unsubscribe requests: 8
[state-dump] - active subscribed publishers: 0
[state-dump] - cumulative published messages: 11
[state-dump] - cumulative processed messages: 10
[state-dump] Channel WORKER_REF_REMOVED_CHANNEL
[state-dump] - cumulative subscribe requests: 0
[state-dump] - cumulative unsubscribe requests: 0
[state-dump] - active subscribed publishers: 0
[state-dump] - cumulative published messages: 0
[state-dump] - cumulative processed messages: 0
[state-dump] num async plasma notifications: 0
[state-dump] Event stats:
[state-dump] Global stats: 26752 total (22 active)
[state-dump] Queueing time: mean = 98.93ms, max = 327445.13ms, min = -0.02ms, total = 2646526.88ms
[state-dump] Execution time:  mean = 22.56ms, total = 603555.84ms
[state-dump] Event stats:
[state-dump] 	ObjectManager.UpdateAvailableMemory - 5999 total (0 active), Execution time: mean = 0.00ms, total = 5.63ms, Queueing time: mean = 0.01ms, max = 0.16ms, min = 0.00ms, total = 50.94ms
[state-dump] 	RaySyncer.BroadcastMessageIfNewVersion - 5999 total (1 active), Execution time: mean = 0.00ms, total = 10.03ms, Queueing time: mean = 0.02ms, max = 18.59ms, min = 0.00ms, total = 144.47ms
[state-dump] 	NodeManager.CheckGC - 5999 total (1 active), Execution time: mean = 0.00ms, total = 10.30ms, Queueing time: mean = 0.02ms, max = 18.59ms, min = -0.02ms, total = 146.03ms
[state-dump] 	RayletWorkerPool.deadline_timer.kill_idle_workers - 3000 total (1 active), Execution time: mean = 0.00ms, total = 6.72ms, Queueing time: mean = 0.03ms, max = 23.53ms, min = -0.02ms, total = 91.48ms
[state-dump] 	NodeManager.ScheduleAndGrantLeases - 600 total (1 active), Execution time: mean = 0.00ms, total = 2.79ms, Queueing time: mean = 0.02ms, max = 0.65ms, min = 0.00ms, total = 12.06ms
[state-dump] 	NodeManager.CheckForUnexpectedWorkerDisconnects - 600 total (1 active), Execution time: mean = 0.01ms, total = 7.12ms, Queueing time: mean = 0.01ms, max = 0.64ms, min = 0.00ms, total = 7.55ms
[state-dump] 	NodeManager.deadline_timer.flush_free_objects - 600 total (1 active), Execution time: mean = 0.00ms, total = 1.08ms, Queueing time: mean = 0.15ms, max = 23.80ms, min = 0.00ms, total = 88.29ms
[state-dump] 	NodeManager.deadline_timer.spill_objects_when_over_threshold - 600 total (1 active), Execution time: mean = 0.00ms, total = 0.87ms, Queueing time: mean = 0.15ms, max = 23.80ms, min = 0.00ms, total = 88.45ms
[state-dump] 	NodeManagerService.grpc_server.GetResourceLoad - 599 total (0 active), Execution time: mean = 0.35ms, total = 208.33ms, Queueing time: mean = 0.00ms, max = -0.00ms, min = 9223372036854.78ms, total = 0.00ms
[state-dump] 	NodeManagerService.grpc_server.GetResourceLoad.HandleRequestImpl - 599 total (0 active), Execution time: mean = 0.09ms, total = 52.78ms, Queueing time: mean = 0.02ms, max = 0.06ms, min = 0.00ms, total = 12.45ms
[state-dump] 	CoreWorkerService.grpc_client.GetCoreWorkerStats.OnReplyReceived - 290 total (0 active), Execution time: mean = 0.02ms, total = 4.51ms, Queueing time: mean = 0.04ms, max = 0.13ms, min = 0.00ms, total = 11.40ms
[state-dump] 	CoreWorkerService.grpc_client.GetCoreWorkerStats - 290 total (0 active), Execution time: mean = 0.69ms, total = 199.66ms, Queueing time: mean = 0.00ms, max = -0.00ms, min = 9223372036854.78ms, total = 0.00ms
[state-dump] 	ClusterResourceManager.ResetRemoteNodeView - 201 total (1 active), Execution time: mean = 0.00ms, total = 0.52ms, Queueing time: mean = 0.02ms, max = 0.25ms, min = 0.00ms, total = 4.21ms
[state-dump] 	NodeManager.deadline_timer.record_metrics - 120 total (1 active), Execution time: mean = 0.23ms, total = 27.26ms, Queueing time: mean = 0.52ms, max = 23.64ms, min = 0.00ms, total = 61.87ms
[state-dump] 	NodeManagerService.grpc_server.GetWorkerPIDs.HandleRequestImpl - 113 total (0 active), Execution time: mean = 0.03ms, total = 3.18ms, Queueing time: mean = 0.03ms, max = 1.54ms, min = 0.01ms, total = 3.92ms
[state-dump] 	NodeManagerService.grpc_server.GetAgentPIDs.HandleRequestImpl - 113 total (0 active), Execution time: mean = 0.02ms, total = 2.78ms, Queueing time: mean = 0.04ms, max = 0.11ms, min = 0.00ms, total = 4.32ms
[state-dump] 	NodeManagerService.grpc_server.GetAgentPIDs - 113 total (0 active), Execution time: mean = 0.31ms, total = 35.52ms, Queueing time: mean = 0.00ms, max = -0.00ms, min = 9223372036854.78ms, total = 0.00ms
[state-dump] 	NodeManagerService.grpc_server.GetWorkerPIDs - 113 total (0 active), Execution time: mean = 0.30ms, total = 33.73ms, Queueing time: mean = 0.00ms, max = -0.00ms, min = 9223372036854.78ms, total = 0.00ms
[state-dump] 	ClientConnection.async_read.ProcessMessageHeader - 96 total (8 active), Execution time: mean = 0.00ms, total = 0.39ms, Queueing time: mean = 27539.22ms, max = 327445.13ms, min = 0.01ms, total = 2643765.41ms
[state-dump] 	ClientConnection.async_read.ProcessMessage - 88 total (0 active), Execution time: mean = 0.33ms, total = 29.19ms, Queueing time: mean = 0.08ms, max = 2.49ms, min = 0.00ms, total = 6.94ms
[state-dump] 	event_loop_lag_probe - 62 total (0 active), Execution time: mean = 0.02ms, total = 1.01ms, Queueing time: mean = 0.12ms, max = 6.99ms, min = 0.00ms, total = 7.20ms
[state-dump] 	NodeManager.deadline_timer.debug_state_dump - 60 total (1 active), Execution time: mean = 1.47ms, total = 87.93ms, Queueing time: mean = 0.01ms, max = 0.03ms, min = 0.00ms, total = 0.73ms
[state-dump] 	NodeManagerService.grpc_server.GetNodeStats.HandleRequestImpl - 40 total (0 active), Execution time: mean = 0.43ms, total = 17.25ms, Queueing time: mean = 0.02ms, max = 0.05ms, min = 0.01ms, total = 0.95ms
[state-dump] 	NodeManagerService.grpc_server.GetNodeStats - 40 total (0 active), Execution time: mean = 1.35ms, total = 53.84ms, Queueing time: mean = 0.00ms, max = -0.00ms, min = 9223372036854.78ms, total = 0.00ms
[state-dump] 	Subscriber.HandlePublishedMessage_GCS_WORKER_DELTA_CHANNEL - 32 total (0 active), Execution time: mean = 0.00ms, total = 0.02ms, Queueing time: mean = 0.07ms, max = 0.10ms, min = 0.03ms, total = 2.39ms
[state-dump] 	 - 29 total (0 active), Execution time: mean = 0.09ms, total = 2.55ms, Queueing time: mean = 0.71ms, max = 19.87ms, min = 0.00ms, total = 20.71ms
[state-dump] 	RaySyncer.BroadcastMessage - 29 total (0 active), Execution time: mean = 0.09ms, total = 2.60ms, Queueing time: mean = 0.00ms, max = 0.00ms, min = 0.00ms, total = 0.01ms
[state-dump] 	ObjectManager.ObjectAdded - 24 total (0 active), Execution time: mean = 0.06ms, total = 1.44ms, Queueing time: mean = 0.18ms, max = 0.89ms, min = 0.00ms, total = 4.35ms
[state-dump] 	NodeManagerService.grpc_server.RequestWorkerLease - 16 total (0 active), Execution time: mean = 470.59ms, total = 7529.45ms, Queueing time: mean = 0.00ms, max = -0.00ms, min = 9223372036854.78ms, total = 0.00ms
[state-dump] 	ObjectManager.ObjectDeleted - 16 total (0 active), Execution time: mean = 0.01ms, total = 0.10ms, Queueing time: mean = 0.01ms, max = 0.03ms, min = 0.01ms, total = 0.20ms
[state-dump] 	ClientConnection.async_write.DoAsyncWrites - 16 total (0 active), Execution time: mean = 0.00ms, total = 0.01ms, Queueing time: mean = 0.01ms, max = 0.02ms, min = 0.00ms, total = 0.18ms
[state-dump] 	NodeManagerService.grpc_server.GetSystemConfig - 16 total (0 active), Execution time: mean = 0.22ms, total = 3.49ms, Queueing time: mean = 0.00ms, max = -0.00ms, min = 9223372036854.78ms, total = 0.00ms
[state-dump] 	NodeManagerService.grpc_server.RequestWorkerLease.HandleRequestImpl - 16 total (0 active), Execution time: mean = 1.47ms, total = 23.55ms, Queueing time: mean = 5.43ms, max = 17.83ms, min = 0.01ms, total = 86.81ms
[state-dump] 	NodeManagerService.grpc_server.GetSystemConfig.HandleRequestImpl - 16 total (0 active), Execution time: mean = 0.01ms, total = 0.23ms, Queueing time: mean = 0.01ms, max = 0.04ms, min = 0.01ms, total = 0.20ms
[state-dump] 	ray::rpc::ControlPlanePubSubGcsService.grpc_client.GcsSubscriberPoll - 14 total (1 active), Execution time: mean = 42422.96ms, total = 593921.38ms, Queueing time: mean = 0.00ms, max = -0.00ms, min = 9223372036854.78ms, total = 0.00ms
[state-dump] 	ray::rpc::ControlPlanePubSubGcsService.grpc_client.GcsSubscriberPoll.OnReplyReceived - 13 total (0 active), Execution time: mean = 0.12ms, total = 1.52ms, Queueing time: mean = 0.03ms, max = 0.19ms, min = 0.00ms, total = 0.34ms
[state-dump] 	PeriodicalRunner.RunFnPeriodically - 13 total (0 active), Execution time: mean = 0.29ms, total = 3.82ms, Queueing time: mean = 144.58ms, max = 624.32ms, min = 0.02ms, total = 1879.51ms
[state-dump] 	ray::rpc::NodeInfoGcsService.grpc_client.CheckAlive.OnReplyReceived - 10 total (0 active), Execution time: mean = 0.02ms, total = 0.20ms, Queueing time: mean = 0.01ms, max = 0.01ms, min = 0.01ms, total = 0.10ms
[state-dump] 	Subscriber.HandlePublishedMessage_WORKER_OBJECT_LOCATIONS_CHANNEL - 10 total (0 active), Execution time: mean = 0.09ms, total = 0.86ms, Queueing time: mean = 0.41ms, max = 0.69ms, min = 0.09ms, total = 4.09ms
[state-dump] 	ray::rpc::NodeInfoGcsService.grpc_client.CheckAlive - 10 total (0 active), Execution time: mean = 0.76ms, total = 7.65ms, Queueing time: mean = 0.00ms, max = -0.00ms, min = 9223372036854.78ms, total = 0.00ms
[state-dump] 	NodeManager.deadline_timer.print_event_loop_stats - 10 total (1 active, 1 running), Execution time: mean = 0.69ms, total = 6.92ms, Queueing time: mean = 0.01ms, max = 0.02ms, min = 0.00ms, total = 0.06ms
[state-dump] 	NodeManager.GcsCheckAlive - 10 total (1 active), Execution time: mean = 0.14ms, total = 1.44ms, Queueing time: mean = 0.56ms, max = 0.76ms, min = 0.52ms, total = 5.59ms
[state-dump] 	NodeManagerService.grpc_server.KillLocalActor.HandleRequestImpl - 8 total (0 active), Execution time: mean = 0.17ms, total = 1.35ms, Queueing time: mean = 0.52ms, max = 0.65ms, min = 0.03ms, total = 4.17ms
[state-dump] 	ray::rpc::WorkerInfoGcsService.grpc_client.ReportWorkerFailure.OnReplyReceived - 8 total (0 active), Execution time: mean = 0.01ms, total = 0.07ms, Queueing time: mean = 0.05ms, max = 0.18ms, min = 0.00ms, total = 0.41ms
[state-dump] 	ray::rpc::WorkerInfoGcsService.grpc_client.ReportWorkerFailure - 8 total (0 active), Execution time: mean = 9.66ms, total = 77.30ms, Queueing time: mean = 0.00ms, max = -0.00ms, min = 9223372036854.78ms, total = 0.00ms
[state-dump] 	NodeManagerService.grpc_server.KillLocalActor - 8 total (0 active), Execution time: mean = 16.68ms, total = 133.42ms, Queueing time: mean = 0.00ms, max = -0.00ms, min = 9223372036854.78ms, total = 0.00ms
[state-dump] 	ObjectManagerService.grpc_client.Pull.OnReplyReceived - 8 total (0 active), Execution time: mean = 0.02ms, total = 0.13ms, Queueing time: mean = 0.05ms, max = 0.09ms, min = 0.02ms, total = 0.38ms
[state-dump] 	ObjectManagerService.grpc_client.Pull - 8 total (0 active), Execution time: mean = 1.85ms, total = 14.82ms, Queueing time: mean = 0.00ms, max = -0.00ms, min = 9223372036854.78ms, total = 0.00ms
[state-dump] 	CoreWorkerService.grpc_client.KillActor.OnReplyReceived - 8 total (0 active), Execution time: mean = 0.05ms, total = 0.41ms, Queueing time: mean = 0.02ms, max = 0.12ms, min = 0.00ms, total = 0.16ms
[state-dump] 	CoreWorkerService.grpc_client.KillActor - 8 total (0 active), Execution time: mean = 15.95ms, total = 127.59ms, Queueing time: mean = 0.00ms, max = -0.00ms, min = 9223372036854.78ms, total = 0.00ms
[state-dump] 	CoreWorkerService.grpc_client.PubsubLongPolling.OnReplyReceived - 6 total (0 active), Execution time: mean = 0.12ms, total = 0.73ms, Queueing time: mean = 0.34ms, max = 0.79ms, min = 0.01ms, total = 2.03ms
[state-dump] 	CoreWorkerService.grpc_client.PubsubLongPolling - 6 total (0 active), Execution time: mean = 5.37ms, total = 32.25ms, Queueing time: mean = 0.00ms, max = -0.00ms, min = 9223372036854.78ms, total = 0.00ms
[state-dump] 	CoreWorkerService.grpc_client.PubsubCommandBatch.OnReplyReceived - 5 total (0 active), Execution time: mean = 0.13ms, total = 0.65ms, Queueing time: mean = 0.16ms, max = 0.38ms, min = 0.01ms, total = 0.80ms
[state-dump] 	CoreWorkerService.grpc_client.PubsubCommandBatch - 5 total (0 active), Execution time: mean = 5.47ms, total = 27.34ms, Queueing time: mean = 0.00ms, max = -0.00ms, min = 9223372036854.78ms, total = 0.00ms
[state-dump] 	CoreWorkerService.grpc_client.UpdateObjectLocationBatch - 4 total (0 active), Execution time: mean = 0.33ms, total = 1.30ms, Queueing time: mean = 0.00ms, max = -0.00ms, min = 9223372036854.78ms, total = 0.00ms
[state-dump] 	CoreWorkerService.grpc_client.UpdateObjectLocationBatch.OnReplyReceived - 4 total (0 active), Execution time: mean = 0.04ms, total = 0.16ms, Queueing time: mean = 0.39ms, max = 0.82ms, min = 0.04ms, total = 1.56ms
[state-dump] 	Subscriber.HandlePublishedMessage_GCS_NODE_ADDRESS_AND_LIVENESS_CHANNEL - 2 total (0 active), Execution time: mean = 0.11ms, total = 0.23ms, Queueing time: mean = 0.25ms, max = 0.27ms, min = 0.23ms, total = 0.50ms
[state-dump] 	RaySyncerRegister - 2 total (0 active), Execution time: mean = 0.00ms, total = 0.00ms, Queueing time: mean = 0.00ms, max = 0.00ms, min = 0.00ms, total = 0.00ms
[state-dump] 	ray::rpc::ControlPlanePubSubGcsService.grpc_client.GcsSubscriberCommandBatch - 2 total (0 active), Execution time: mean = 0.72ms, total = 1.43ms, Queueing time: mean = 0.00ms, max = -0.00ms, min = 9223372036854.78ms, total = 0.00ms
[state-dump] 	ray::rpc::ControlPlanePubSubGcsService.grpc_client.GcsSubscriberCommandBatch.OnReplyReceived - 2 total (0 active), Execution time: mean = 0.05ms, total = 0.09ms, Queueing time: mean = 1.63ms, max = 3.14ms, min = 0.11ms, total = 3.25ms
[state-dump] 	NodeManager.GCTaskFailureReason - 1 total (1 active), Execution time: mean = 0.00ms, total = 0.00ms, Queueing time: mean = 0.00ms, max = -0.00ms, min = 9223372036854.78ms, total = 0.00ms
[state-dump] 	ReporterService.grpc_client.HealthCheck.OnReplyReceived - 1 total (0 active), Execution time: mean = 0.13ms, total = 0.13ms, Queueing time: mean = 0.02ms, max = 0.02ms, min = 0.02ms, total = 0.02ms
[state-dump] 	ReporterService.grpc_client.HealthCheck - 1 total (0 active), Execution time: mean = 190.29ms, total = 190.29ms, Queueing time: mean = 0.00ms, max = -0.00ms, min = 9223372036854.78ms, total = 0.00ms
[state-dump] 	ray::rpc::NodeInfoGcsService.grpc_client.RegisterNode - 1 total (0 active), Execution time: mean = 0.80ms, total = 0.80ms, Queueing time: mean = 0.00ms, max = -0.00ms, min = 9223372036854.78ms, total = 0.00ms
[state-dump] 	NodeManagerService.grpc_server.PrepareBundleResources.HandleRequestImpl - 1 total (0 active), Execution time: mean = 0.85ms, total = 0.85ms, Queueing time: mean = 0.03ms, max = 0.03ms, min = 0.03ms, total = 0.03ms
[state-dump] 	NodeManagerService.grpc_server.PrepareBundleResources - 1 total (0 active), Execution time: mean = 1.19ms, total = 1.19ms, Queueing time: mean = 0.00ms, max = -0.00ms, min = 9223372036854.78ms, total = 0.00ms
[state-dump] 	NodeManagerService.grpc_server.CommitBundleResources - 1 total (0 active), Execution time: mean = 1.45ms, total = 1.45ms, Queueing time: mean = 0.00ms, max = -0.00ms, min = 9223372036854.78ms, total = 0.00ms
[state-dump] 	ray::rpc::InternalKVGcsService.grpc_client.GetInternalConfig - 1 total (0 active), Execution time: mean = 0.89ms, total = 0.89ms, Queueing time: mean = 0.00ms, max = -0.00ms, min = 9223372036854.78ms, total = 0.00ms
[state-dump] 	ray::rpc::NodeInfoGcsService.grpc_client.GetAllNodeAddressAndLiveness.OnReplyReceived - 1 total (0 active), Execution time: mean = 0.11ms, total = 0.11ms, Queueing time: mean = 0.01ms, max = 0.01ms, min = 0.01ms, total = 0.01ms
[state-dump] 	ray::rpc::JobInfoGcsService.grpc_client.GetAllJobInfo.OnReplyReceived - 1 total (0 active), Execution time: mean = 0.01ms, total = 0.01ms, Queueing time: mean = 0.01ms, max = 0.01ms, min = 0.01ms, total = 0.01ms
[state-dump] 	ray::rpc::NodeInfoGcsService.grpc_client.RegisterNode.OnReplyReceived - 1 total (0 active), Execution time: mean = 0.24ms, total = 0.24ms, Queueing time: mean = 0.01ms, max = 0.01ms, min = 0.01ms, total = 0.01ms
[state-dump] 	Subscriber.HandlePublishedMessage_GCS_JOB_CHANNEL - 1 total (0 active), Execution time: mean = 0.04ms, total = 0.04ms, Queueing time: mean = 0.28ms, max = 0.28ms, min = 0.28ms, total = 0.28ms
[state-dump] 	ray::rpc::JobInfoGcsService.grpc_client.GetAllJobInfo - 1 total (0 active), Execution time: mean = 0.69ms, total = 0.69ms, Queueing time: mean = 0.00ms, max = -0.00ms, min = 9223372036854.78ms, total = 0.00ms
[state-dump] 	NodeManagerService.grpc_server.CommitBundleResources.HandleRequestImpl - 1 total (0 active), Execution time: mean = 1.11ms, total = 1.11ms, Queueing time: mean = 0.03ms, max = 0.03ms, min = 0.03ms, total = 0.03ms
[state-dump] 	ray::rpc::NodeInfoGcsService.grpc_client.GetAllNodeAddressAndLiveness - 1 total (0 active), Execution time: mean = 0.75ms, total = 0.75ms, Queueing time: mean = 0.00ms, max = -0.00ms, min = 9223372036854.78ms, total = 0.00ms
[state-dump] 	ray::rpc::InternalKVGcsService.grpc_client.GetInternalConfig.OnReplyReceived - 1 total (0 active), Execution time: mean = 628.39ms, total = 628.39ms, Queueing time: mean = 0.01ms, max = 0.01ms, min = 0.01ms, total = 0.01ms
[state-dump] DebugString() time ms: 0
[state-dump] 
[state-dump] 
[2026-09-03 22:09:17,749 I 79 102] (raylet) object_store.cc:37: Object store current usage 0.00061506 / 4.29497 GB.
[2026-09-03 22:09:28,338 I 79 102] (raylet) store.cc:573: Plasma store debug dump: 
Current usage: 0.000543945 / 4.29497 GB
- num bytes created total: 1083672
0 pending objects of total size 0MB
- objects spillable: 0
- bytes spillable: 0
- objects unsealed: 0
- bytes unsealed: 0
- objects in use: 0
- bytes in use: 0
- objects evictable: 8
- bytes evictable: 543945

- objects created by worker: 0
- bytes created by worker: 0
- objects restored: 0
- bytes restored: 0
- objects received: 8
- bytes received: 543945
- objects errored: 0
- bytes errored: 0

[2026-09-03 22:09:28,977 I 79 79] (raylet) node_manager.cc:486: [state-dump] NodeManager:
[state-dump] Node ID: 5a1736abfe100329c9e05ff3a3f920e3696f0c41773d8bb025d15fe0
[state-dump] Node name: 10.244.13.18
[state-dump] InitialConfigResources: {GPU: 8, accelerator_type:B200: 1, node:10.244.13.18: 1, object_store_memory: 4.29497e+09, CPU: 64, memory: 3.24185e+12}
[state-dump] ClusterLeaseManager:
[state-dump] ========== Node: 5a1736abfe100329c9e05ff3a3f920e3696f0c41773d8bb025d15fe0 =================
[state-dump] Infeasible queue length: 0
[state-dump] Schedule queue length: 0
[state-dump] Grant queue length: 0
[state-dump] num_waiting_for_resource: 0
[state-dump] num_waiting_for_plasma_memory: 0
[state-dump] num_waiting_for_remote_node_resources: 0
[state-dump] num_worker_not_started_by_job_config_not_exist: 0
[state-dump] num_worker_not_started_by_registration_timeout: 0
[state-dump] num_tasks_waiting_for_workers: 0
[state-dump] num_cancelled_leases: 0
[state-dump] cluster_resource_scheduler state: 
[state-dump] Local id: -1681695659902243193 Local resources: {"total":{CPU_group_6_8614e87c67f590024f565ffa771501000000: [10000], CPU_group_7_8614e87c67f590024f565ffa771501000000: [10000], bundle_group_6_8614e87c67f590024f565ffa771501000000: [10000000], CPU: [640000], bundle_group_8614e87c67f590024f565ffa771501000000: [80000000], CPU_group_2_8614e87c67f590024f565ffa771501000000: [10000], bundle_group_7_8614e87c67f590024f565ffa771501000000: [10000000], CPU_group_8614e87c67f590024f565ffa771501000000: [80000], accelerator_type:B200: [10000], bundle_group_1_8614e87c67f590024f565ffa771501000000: [10000000], object_store_memory: [42949672960000], GPU_group_8614e87c67f590024f565ffa771501000000: [10000, 10000, 10000, 10000, 10000, 10000, 10000, 10000], bundle_group_5_8614e87c67f590024f565ffa771501000000: [10000000], GPU_group_5_8614e87c67f590024f565ffa771501000000: [0, 0, 0, 0, 10000, 0, 0, 0], GPU_group_3_8614e87c67f590024f565ffa771501000000: [0, 0, 10000, 0, 0, 0, 0, 0], CPU_group_3_8614e87c67f590024f565ffa771501000000: [10000], bundle_group_3_8614e87c67f590024f565ffa771501000000: [10000000], GPU_group_8_8614e87c67f590024f565ffa771501000000: [0, 0, 0, 0, 0, 0, 0, 10000], CPU_group_4_8614e87c67f590024f565ffa771501000000: [10000], CPU_group_8_8614e87c67f590024f565ffa771501000000: [10000], memory: [32418548654080000], bundle_group_2_8614e87c67f590024f565ffa771501000000: [10000000], bundle_group_8_8614e87c67f590024f565ffa771501000000: [10000000], GPU_group_2_8614e87c67f590024f565ffa771501000000: [0, 10000, 0, 0, 0, 0, 0, 0], GPU_group_4_8614e87c67f590024f565ffa771501000000: [0, 0, 0, 10000, 0, 0, 0, 0], GPU_group_6_8614e87c67f590024f565ffa771501000000: [0, 0, 0, 0, 0, 10000, 0, 0], GPU_group_1_8614e87c67f590024f565ffa771501000000: [10000, 0, 0, 0, 0, 0, 0, 0], node:10.244.13.18: [10000], CPU_group_5_8614e87c67f590024f565ffa771501000000: [10000], GPU_group_7_8614e87c67f590024f565ffa771501000000: [0, 0, 0, 0, 0, 0, 10000, 0], bundle_group_4_8614e87c67f590024f565ffa771501000000: [10000000], CPU_group_1_8614e87c67f590024f565ffa771501000000: [10000], GPU: [10000, 10000, 10000, 10000, 10000, 10000, 10000, 10000]}, "available": {CPU_group_6_8614e87c67f590024f565ffa771501000000: [6000], CPU_group_7_8614e87c67f590024f565ffa771501000000: [6000], bundle_group_6_8614e87c67f590024f565ffa771501000000: [9999990], CPU: [560000], bundle_group_8614e87c67f590024f565ffa771501000000: [79999920], CPU_group_2_8614e87c67f590024f565ffa771501000000: [6000], bundle_group_7_8614e87c67f590024f565ffa771501000000: [9999990], CPU_group_8614e87c67f590024f565ffa771501000000: [48000], accelerator_type:B200: [10000], bundle_group_1_8614e87c67f590024f565ffa771501000000: [9999990], object_store_memory: [42949672960000], GPU_group_8614e87c67f590024f565ffa771501000000: [6000, 6000, 6000, 6000, 6000, 6000, 6000, 6000], bundle_group_5_8614e87c67f590024f565ffa771501000000: [9999990], GPU_group_5_8614e87c67f590024f565ffa771501000000: [0, 0, 0, 0, 6000, 0, 0, 0], GPU_group_3_8614e87c67f590024f565ffa771501000000: [0, 0, 6000, 0, 0, 0, 0, 0], CPU_group_3_8614e87c67f590024f565ffa771501000000: [6000], bundle_group_3_8614e87c67f590024f565ffa771501000000: [9999990], GPU_group_8_8614e87c67f590024f565ffa771501000000: [0, 0, 0, 0, 0, 0, 0, 6000], CPU_group_4_8614e87c67f590024f565ffa771501000000: [6000], CPU_group_8_8614e87c67f590024f565ffa771501000000: [6000], memory: [32418548654080000], bundle_group_2_8614e87c67f590024f565ffa771501000000: [9999990], bundle_group_8_8614e87c67f590024f565ffa771501000000: [9999990], GPU_group_2_8614e87c67f590024f565ffa771501000000: [0, 6000, 0, 0, 0, 0, 0, 0], GPU_group_4_8614e87c67f590024f565ffa771501000000: [0, 0, 0, 6000, 0, 0, 0, 0], GPU_group_6_8614e87c67f590024f565ffa771501000000: [0, 0, 0, 0, 0, 6000, 0, 0], GPU_group_1_8614e87c67f590024f565ffa771501000000: [6000, 0, 0, 0, 0, 0, 0, 0], node:10.244.13.18: [10000], CPU_group_5_8614e87c67f590024f565ffa771501000000: [6000], GPU_group_7_8614e87c67f590024f565ffa771501000000: [0, 0, 0, 0, 0, 0, 6000, 0], bundle_group_4_8614e87c67f590024f565ffa771501000000: [9999990], CPU_group_1_8614e87c67f590024f565ffa771501000000: [6000], GPU: [0, 0, 0, 0, 0, 0, 0, 0]}, "labels":{"ray.io/accelerator-type":"B200","ray.io/node-id":"5a1736abfe100329c9e05ff3a3f920e3696f0c41773d8bb025d15fe0"}} is_draining: 0 is_idle: 0 Cluster resources (at most 20 nodes are shown): node id: -5100000704351949267{"total":{memory: 32397615636480000, GPU_group_12_8614e87c67f590024f565ffa771501000000: 10000, GPU_group_0_8614e87c67f590024f565ffa771501000000: 10000, bundle_group_11_8614e87c67f590024f565ffa771501000000: 10000000, node:__internal_head__: 10000, GPU_group_14_8614e87c67f590024f565ffa771501000000: 10000, CPU_group_10_8614e87c67f590024f565ffa771501000000: 10000, CPU_group_13_8614e87c67f590024f565ffa771501000000: 10000, CPU_group_0_8614e87c67f590024f565ffa771501000000: 10000, CPU_group_11_8614e87c67f590024f565ffa771501000000: 10000, GPU: 80000, GPU_group_11_8614e87c67f590024f565ffa771501000000: 10000, bundle_group_0_8614e87c67f590024f565ffa771501000000: 10000000, CPU: 640000, GPU_group_13_8614e87c67f590024f565ffa771501000000: 10000, bundle_group_15_8614e87c67f590024f565ffa771501000000: 10000000, CPU_group_14_8614e87c67f590024f565ffa771501000000: 10000, bundle_group_10_8614e87c67f590024f565ffa771501000000: 10000000, GPU_group_10_8614e87c67f590024f565ffa771501000000: 10000, accelerator_type:B200: 10000, bundle_group_9_8614e87c67f590024f565ffa771501000000: 10000000, CPU_group_8614e87c67f590024f565ffa771501000000: 80000, bundle_group_8614e87c67f590024f565ffa771501000000: 80000000, bundle_group_12_8614e87c67f590024f565ffa771501000000: 10000000, GPU_group_8614e87c67f590024f565ffa771501000000: 80000, GPU_group_9_8614e87c67f590024f565ffa771501000000: 10000, object_store_memory: 42949672960000, node:10.244.18.139: 10000, CPU_group_15_8614e87c67f590024f565ffa771501000000: 10000, bundle_group_13_8614e87c67f590024f565ffa771501000000: 10000000, CPU_group_12_8614e87c67f590024f565ffa771501000000: 10000, GPU_group_15_8614e87c67f590024f565ffa771501000000: 10000, CPU_group_9_8614e87c67f590024f565ffa771501000000: 10000, bundle_group_14_8614e87c67f590024f565ffa771501000000: 10000000}, "available": {CPU_group_9_8614e87c67f590024f565ffa771501000000: 6000, GPU_group_12_8614e87c67f590024f565ffa771501000000: 6000, GPU_group_0_8614e87c67f590024f565ffa771501000000: 6000, bundle_group_11_8614e87c67f590024f565ffa771501000000: 9999990, node:__internal_head__: 10000, GPU_group_14_8614e87c67f590024f565ffa771501000000: 6000, CPU_group_10_8614e87c67f590024f565ffa771501000000: 6000, CPU_group_13_8614e87c67f590024f565ffa771501000000: 6000, CPU_group_0_8614e87c67f590024f565ffa771501000000: 6000, CPU_group_11_8614e87c67f590024f565ffa771501000000: 6000, bundle_group_0_8614e87c67f590024f565ffa771501000000: 9999990, GPU_group_11_8614e87c67f590024f565ffa771501000000: 6000, GPU_group_13_8614e87c67f590024f565ffa771501000000: 6000, CPU: 540000, bundle_group_15_8614e87c67f590024f565ffa771501000000: 9999990, bundle_group_10_8614e87c67f590024f565ffa771501000000: 9999990, CPU_group_14_8614e87c67f590024f565ffa771501000000: 6000, accelerator_type:B200: 10000, GPU_group_10_8614e87c67f590024f565ffa771501000000: 6000, CPU_group_8614e87c67f590024f565ffa771501000000: 48000, bundle_group_9_8614e87c67f590024f565ffa771501000000: 9999990, bundle_group_8614e87c67f590024f565ffa771501000000: 79999920, bundle_group_12_8614e87c67f590024f565ffa771501000000: 9999990, GPU_group_8614e87c67f590024f565ffa771501000000: 48000, GPU_group_9_8614e87c67f590024f565ffa771501000000: 6000, node:10.244.18.139: 10000, CPU_group_15_8614e87c67f590024f565ffa771501000000: 6000, object_store_memory: 42940864540000, CPU_group_12_8614e87c67f590024f565ffa771501000000: 6000, bundle_group_14_8614e87c67f590024f565ffa771501000000: 9999990, bundle_group_13_8614e87c67f590024f565ffa771501000000: 9999990, GPU_group_15_8614e87c67f590024f565ffa771501000000: 6000, memory: 32397615636480000}, "labels":{"ray.io/node-id":"b668a6c13d1b7186690b035979a815ca1ce93506fd27e5e4ac7a3f5d","ray.io/accelerator-type":"B200"}, "is_draining": 0, "draining_deadline_timestamp_ms": -1}node id: 6958755133317569349{"total":{bundle_group_28_8614e87c67f590024f565ffa771501000000: 10000000, CPU_group_8614e87c67f590024f565ffa771501000000: 80000, accelerator_type:B200: 10000, bundle_group_8614e87c67f590024f565ffa771501000000: 80000000, GPU_group_27_8614e87c67f590024f565ffa771501000000: 10000, GPU_group_26_8614e87c67f590024f565ffa771501000000: 10000, GPU_group_25_8614e87c67f590024f565ffa771501000000: 10000, bundle_group_16_8614e87c67f590024f565ffa771501000000: 10000000, CPU: 640000, bundle_group_31_8614e87c67f590024f565ffa771501000000: 10000000, CPU_group_29_8614e87c67f590024f565ffa771501000000: 10000, CPU_group_30_8614e87c67f590024f565ffa771501000000: 10000, bundle_group_25_8614e87c67f590024f565ffa771501000000: 10000000, CPU_group_16_8614e87c67f590024f565ffa771501000000: 10000, GPU_group_16_8614e87c67f590024f565ffa771501000000: 10000, memory: 32418469068800000, GPU_group_29_8614e87c67f590024f565ffa771501000000: 10000, bundle_group_26_8614e87c67f590024f565ffa771501000000: 10000000, object_store_memory: 42949672960000, GPU_group_8614e87c67f590024f565ffa771501000000: 80000, node:10.244.180.242: 10000, GPU_group_31_8614e87c67f590024f565ffa771501000000: 10000, GPU_group_28_8614e87c67f590024f565ffa771501000000: 10000, bundle_group_29_8614e87c67f590024f565ffa771501000000: 10000000, GPU_group_30_8614e87c67f590024f565ffa771501000000: 10000, bundle_group_30_8614e87c67f590024f565ffa771501000000: 10000000, CPU_group_27_8614e87c67f590024f565ffa771501000000: 10000, CPU_group_26_8614e87c67f590024f565ffa771501000000: 10000, GPU: 80000, CPU_group_28_8614e87c67f590024f565ffa771501000000: 10000, CPU_group_25_8614e87c67f590024f565ffa771501000000: 10000, CPU_group_31_8614e87c67f590024f565ffa771501000000: 10000, bundle_group_27_8614e87c67f590024f565ffa771501000000: 10000000}, "available": {bundle_group_28_8614e87c67f590024f565ffa771501000000: 10000000, CPU_group_8614e87c67f590024f565ffa771501000000: 78000, accelerator_type:B200: 10000, bundle_group_8614e87c67f590024f565ffa771501000000: 79999990, GPU_group_27_8614e87c67f590024f565ffa771501000000: 10000, GPU_group_26_8614e87c67f590024f565ffa771501000000: 10000, GPU_group_25_8614e87c67f590024f565ffa771501000000: 10000, bundle_group_16_8614e87c67f590024f565ffa771501000000: 9999990, CPU: 560000, bundle_group_31_8614e87c67f590024f565ffa771501000000: 10000000, CPU_group_29_8614e87c67f590024f565ffa771501000000: 10000, CPU_group_30_8614e87c67f590024f565ffa771501000000: 10000, bundle_group_25_8614e87c67f590024f565ffa771501000000: 10000000, CPU_group_16_8614e87c67f590024f565ffa771501000000: 8000, GPU_group_16_8614e87c67f590024f565ffa771501000000: 8000, memory: 32418469068800000, GPU_group_29_8614e87c67f590024f565ffa771501000000: 10000, bundle_group_26_8614e87c67f590024f565ffa771501000000: 10000000, object_store_memory: 42949672960000, GPU_group_8614e87c67f590024f565ffa771501000000: 78000, GPU_group_31_8614e87c67f590024f565ffa771501000000: 10000, node:10.244.180.242: 10000, GPU_group_28_8614e87c67f590024f565ffa771501000000: 10000, bundle_group_29_8614e87c67f590024f565ffa771501000000: 10000000, GPU_group_30_8614e87c67f590024f565ffa771501000000: 10000, bundle_group_30_8614e87c67f590024f565ffa771501000000: 10000000, CPU_group_27_8614e87c67f590024f565ffa771501000000: 10000, CPU_group_26_8614e87c67f590024f565ffa771501000000: 10000, CPU_group_28_8614e87c67f590024f565ffa771501000000: 10000, CPU_group_25_8614e87c67f590024f565ffa771501000000: 10000, CPU_group_31_8614e87c67f590024f565ffa771501000000: 10000, bundle_group_27_8614e87c67f590024f565ffa771501000000: 10000000}, "labels":{"ray.io/node-id":"91950bc728379b818b838deb2fb43ac0b302dd8af091673234e82d95","ray.io/accelerator-type":"B200"}, "is_draining": 0, "draining_deadline_timestamp_ms": -1}node id: -1681695659902243193{"total":{bundle_group_8614e87c67f590024f565ffa771501000000: 80000000, CPU_group_2_8614e87c67f590024f565ffa771501000000: 10000, bundle_group_7_8614e87c67f590024f565ffa771501000000: 10000000, CPU_group_8614e87c67f590024f565ffa771501000000: 80000, accelerator_type:B200: 10000, CPU_group_7_8614e87c67f590024f565ffa771501000000: 10000, bundle_group_6_8614e87c67f590024f565ffa771501000000: 10000000, CPU: 640000, CPU_group_4_8614e87c67f590024f565ffa771501000000: 10000, memory: 32418548654080000, CPU_group_8_8614e87c67f590024f565ffa771501000000: 10000, bundle_group_2_8614e87c67f590024f565ffa771501000000: 10000000, object_store_memory: 42949672960000, bundle_group_1_8614e87c67f590024f565ffa771501000000: 10000000, bundle_group_5_8614e87c67f590024f565ffa771501000000: 10000000, GPU_group_8614e87c67f590024f565ffa771501000000: 80000, GPU_group_3_8614e87c67f590024f565ffa771501000000: 10000, GPU_group_5_8614e87c67f590024f565ffa771501000000: 10000, CPU_group_3_8614e87c67f590024f565ffa771501000000: 10000, GPU_group_8_8614e87c67f590024f565ffa771501000000: 10000, bundle_group_3_8614e87c67f590024f565ffa771501000000: 10000000, GPU_group_7_8614e87c67f590024f565ffa771501000000: 10000, CPU_group_5_8614e87c67f590024f565ffa771501000000: 10000, bundle_group_8_8614e87c67f590024f565ffa771501000000: 10000000, GPU_group_1_8614e87c67f590024f565ffa771501000000: 10000, GPU_group_6_8614e87c67f590024f565ffa771501000000: 10000, GPU_group_4_8614e87c67f590024f565ffa771501000000: 10000, node:10.244.13.18: 10000, GPU_group_2_8614e87c67f590024f565ffa771501000000: 10000, CPU_group_1_8614e87c67f590024f565ffa771501000000: 10000, GPU: 80000, CPU_group_6_8614e87c67f590024f565ffa771501000000: 10000, bundle_group_4_8614e87c67f590024f565ffa771501000000: 10000000}, "available": {bundle_group_8614e87c67f590024f565ffa771501000000: 79999920, CPU_group_2_8614e87c67f590024f565ffa771501000000: 6000, bundle_group_7_8614e87c67f590024f565ffa771501000000: 9999990, CPU_group_8614e87c67f590024f565ffa771501000000: 48000, accelerator_type:B200: 10000, CPU_group_7_8614e87c67f590024f565ffa771501000000: 6000, bundle_group_6_8614e87c67f590024f565ffa771501000000: 9999990, CPU: 560000, CPU_group_4_8614e87c67f590024f565ffa771501000000: 6000, memory: 32418548654080000, CPU_group_8_8614e87c67f590024f565ffa771501000000: 6000, bundle_group_2_8614e87c67f590024f565ffa771501000000: 9999990, object_store_memory: 42949672960000, bundle_group_1_8614e87c67f590024f565ffa771501000000: 9999990, bundle_group_5_8614e87c67f590024f565ffa771501000000: 9999990, GPU_group_8614e87c67f590024f565ffa771501000000: 48000, GPU_group_5_8614e87c67f590024f565ffa771501000000: 6000, bundle_group_3_8614e87c67f590024f565ffa771501000000: 9999990, GPU_group_3_8614e87c67f590024f565ffa771501000000: 6000, GPU_group_8_8614e87c67f590024f565ffa771501000000: 6000, CPU_group_3_8614e87c67f590024f565ffa771501000000: 6000, GPU_group_7_8614e87c67f590024f565ffa771501000000: 6000, CPU_group_5_8614e87c67f590024f565ffa771501000000: 6000, bundle_group_8_8614e87c67f590024f565ffa771501000000: 9999990, GPU_group_1_8614e87c67f590024f565ffa771501000000: 6000, GPU_group_6_8614e87c67f590024f565ffa771501000000: 6000, GPU_group_4_8614e87c67f590024f565ffa771501000000: 6000, node:10.244.13.18: 10000, GPU_group_2_8614e87c67f590024f565ffa771501000000: 6000, CPU_group_1_8614e87c67f590024f565ffa771501000000: 6000, CPU_group_6_8614e87c67f590024f565ffa771501000000: 6000, bundle_group_4_8614e87c67f590024f565ffa771501000000: 9999990}, "labels":{"ray.io/accelerator-type":"B200","ray.io/node-id":"5a1736abfe100329c9e05ff3a3f920e3696f0c41773d8bb025d15fe0"}, "is_draining": 0, "draining_deadline_timestamp_ms": -1}node id: 346506708453796848{"total":{GPU_group_22_8614e87c67f590024f565ffa771501000000: 10000, GPU_group_23_8614e87c67f590024f565ffa771501000000: 10000, bundle_group_20_8614e87c67f590024f565ffa771501000000: 10000000, GPU: 80000, CPU_group_20_8614e87c67f590024f565ffa771501000000: 10000, GPU_group_20_8614e87c67f590024f565ffa771501000000: 10000, bundle_group_24_8614e87c67f590024f565ffa771501000000: 10000000, CPU_group_18_8614e87c67f590024f565ffa771501000000: 10000, CPU_group_21_8614e87c67f590024f565ffa771501000000: 10000, GPU_group_21_8614e87c67f590024f565ffa771501000000: 10000, bundle_group_19_8614e87c67f590024f565ffa771501000000: 10000000, CPU_group_22_8614e87c67f590024f565ffa771501000000: 10000, bundle_group_17_8614e87c67f590024f565ffa771501000000: 10000000, bundle_group_18_8614e87c67f590024f565ffa771501000000: 10000000, bundle_group_22_8614e87c67f590024f565ffa771501000000: 10000000, GPU_group_24_8614e87c67f590024f565ffa771501000000: 10000, CPU_group_23_8614e87c67f590024f565ffa771501000000: 10000, GPU_group_17_8614e87c67f590024f565ffa771501000000: 10000, GPU_group_18_8614e87c67f590024f565ffa771501000000: 10000, memory: 32418463825920000, CPU_group_17_8614e87c67f590024f565ffa771501000000: 10000, GPU_group_8614e87c67f590024f565ffa771501000000: 80000, object_store_memory: 42949672960000, bundle_group_21_8614e87c67f590024f565ffa771501000000: 10000000, bundle_group_23_8614e87c67f590024f565ffa771501000000: 10000000, node:10.244.218.62: 10000, bundle_group_8614e87c67f590024f565ffa771501000000: 80000000, accelerator_type:B200: 10000, GPU_group_19_8614e87c67f590024f565ffa771501000000: 10000, CPU_group_8614e87c67f590024f565ffa771501000000: 80000, CPU_group_24_8614e87c67f590024f565ffa771501000000: 10000, CPU: 640000, CPU_group_19_8614e87c67f590024f565ffa771501000000: 10000}, "available": {bundle_group_8614e87c67f590024f565ffa771501000000: 79999990, CPU_group_18_8614e87c67f590024f565ffa771501000000: 10000, bundle_group_19_8614e87c67f590024f565ffa771501000000: 10000000, CPU_group_8614e87c67f590024f565ffa771501000000: 78000, GPU_group_19_8614e87c67f590024f565ffa771501000000: 10000, accelerator_type:B200: 10000, CPU_group_24_8614e87c67f590024f565ffa771501000000: 10000, CPU_group_19_8614e87c67f590024f565ffa771501000000: 10000, CPU: 560000, memory: 32418463825920000, CPU_group_17_8614e87c67f590024f565ffa771501000000: 8000, bundle_group_21_8614e87c67f590024f565ffa771501000000: 10000000, object_store_memory: 42949672960000, GPU_group_8614e87c67f590024f565ffa771501000000: 78000, bundle_group_23_8614e87c67f590024f565ffa771501000000: 10000000, node:10.244.218.62: 10000, CPU_group_22_8614e87c67f590024f565ffa771501000000: 10000, bundle_group_17_8614e87c67f590024f565ffa771501000000: 9999990, bundle_group_18_8614e87c67f590024f565ffa771501000000: 10000000, CPU_group_23_8614e87c67f590024f565ffa771501000000: 10000, GPU_group_24_8614e87c67f590024f565ffa771501000000: 10000, bundle_group_22_8614e87c67f590024f565ffa771501000000: 10000000, GPU_group_18_8614e87c67f590024f565ffa771501000000: 10000, GPU_group_17_8614e87c67f590024f565ffa771501000000: 8000, GPU_group_22_8614e87c67f590024f565ffa771501000000: 10000, bundle_group_20_8614e87c67f590024f565ffa771501000000: 10000000, GPU_group_23_8614e87c67f590024f565ffa771501000000: 10000, GPU_group_20_8614e87c67f590024f565ffa771501000000: 10000, CPU_group_20_8614e87c67f590024f565ffa771501000000: 10000, bundle_group_24_8614e87c67f590024f565ffa771501000000: 10000000, GPU_group_21_8614e87c67f590024f565ffa771501000000: 10000, CPU_group_21_8614e87c67f590024f565ffa771501000000: 10000}, "labels":{"ray.io/node-id":"137ca386e65d980acbeff863eda6c65487ee6942bccc8db1236dc36e","ray.io/accelerator-type":"B200"}, "is_draining": 0, "draining_deadline_timestamp_ms": -1} { "placement group locations": [], "node to bundles": []}
[state-dump] Waiting leases size: 0
[state-dump] Number of granted lease arguments: 0
[state-dump] Number of pinned lease arguments: 0
[state-dump] Total size of pinned lease arguments: 0
[state-dump] Number of total spilled leases: 0
[state-dump] Number of spilled waiting leases: 0
[state-dump] Number of spilled unschedulable leases: 0
[state-dump] Resource usage {
[state-dump]     - (language=PYTHON actor_or_taskMegatronTrainRayActor.__init__ pid=960 worker_id=a9bc9faf934d79652d9f51f4b3a8ae687f183aad5e231512ece05a0e): {bundle_group_7_8614e87c67f590024f565ffa771501000000: 0.001, CPU_group_8614e87c67f590024f565ffa771501000000: 0.4, GPU_group_7_8614e87c67f590024f565ffa771501000000: 0.4, bundle_group_8614e87c67f590024f565ffa771501000000: 0.001, CPU_group_7_8614e87c67f590024f565ffa771501000000: 0.4, GPU_group_8614e87c67f590024f565ffa771501000000: 0.4}
[state-dump]     - (language=PYTHON actor_or_taskMegatronTrainRayActor.__init__ pid=959 worker_id=cdcada990c364655aa3c0f9c6bccf0203189a4361f0949466abeece3): {GPU_group_6_8614e87c67f590024f565ffa771501000000: 0.4, bundle_group_6_8614e87c67f590024f565ffa771501000000: 0.001, GPU_group_8614e87c67f590024f565ffa771501000000: 0.4, bundle_group_8614e87c67f590024f565ffa771501000000: 0.001, CPU_group_6_8614e87c67f590024f565ffa771501000000: 0.4, CPU_group_8614e87c67f590024f565ffa771501000000: 0.4}
[state-dump]     - (language=PYTHON actor_or_taskMegatronTrainRayActor.__init__ pid=965 worker_id=136546f248884d2dc9fd21b946db50be3709536bcc5ac432a4424196): {bundle_group_5_8614e87c67f590024f565ffa771501000000: 0.001, GPU_group_8614e87c67f590024f565ffa771501000000: 0.4, GPU_group_5_8614e87c67f590024f565ffa771501000000: 0.4, bundle_group_8614e87c67f590024f565ffa771501000000: 0.001, CPU_group_5_8614e87c67f590024f565ffa771501000000: 0.4, CPU_group_8614e87c67f590024f565ffa771501000000: 0.4}
[state-dump]     - (language=PYTHON actor_or_taskMegatronTrainRayActor.__init__ pid=961 worker_id=ec06ade875864bdbb80ae3f1b19a8be1abd78ad89338d48eb1d001af): {CPU_group_8614e87c67f590024f565ffa771501000000: 0.4, GPU_group_8614e87c67f590024f565ffa771501000000: 0.4, CPU_group_4_8614e87c67f590024f565ffa771501000000: 0.4, bundle_group_4_8614e87c67f590024f565ffa771501000000: 0.001, bundle_group_8614e87c67f590024f565ffa771501000000: 0.001, GPU_group_4_8614e87c67f590024f565ffa771501000000: 0.4}
[state-dump]     - (language=PYTHON actor_or_taskMegatronTrainRayActor.__init__ pid=962 worker_id=ca6cb88024162bf07716ce2c88c2fb4113d3b1e347331c5dd5e35cfb): {GPU_group_3_8614e87c67f590024f565ffa771501000000: 0.4, GPU_group_8614e87c67f590024f565ffa771501000000: 0.4, CPU_group_8614e87c67f590024f565ffa771501000000: 0.4, bundle_group_8614e87c67f590024f565ffa771501000000: 0.001, bundle_group_3_8614e87c67f590024f565ffa771501000000: 0.001, CPU_group_3_8614e87c67f590024f565ffa771501000000: 0.4}
[state-dump]     - (language=PYTHON actor_or_taskMegatronTrainRayActor.__init__ pid=963 worker_id=062ee74904ba1e2a3b770071417d9b3415af75b383dc6c62f90e84d8): {CPU_group_2_8614e87c67f590024f565ffa771501000000: 0.4, bundle_group_8614e87c67f590024f565ffa771501000000: 0.001, GPU_group_8614e87c67f590024f565ffa771501000000: 0.4, CPU_group_8614e87c67f590024f565ffa771501000000: 0.4, GPU_group_2_8614e87c67f590024f565ffa771501000000: 0.4, bundle_group_2_8614e87c67f590024f565ffa771501000000: 0.001}
[state-dump]     - (language=PYTHON actor_or_taskMegatronTrainRayActor.__init__ pid=964 worker_id=a6daf3a2ba673f0b1ab7f9b6574c645d591c1c94493d7905906c216f): {CPU_group_8_8614e87c67f590024f565ffa771501000000: 0.4, CPU_group_8614e87c67f590024f565ffa771501000000: 0.4, GPU_group_8_8614e87c67f590024f565ffa771501000000: 0.4, bundle_group_8614e87c67f590024f565ffa771501000000: 0.001, bundle_group_8_8614e87c67f590024f565ffa771501000000: 0.001, GPU_group_8614e87c67f590024f565ffa771501000000: 0.4}
[state-dump]     - (language=PYTHON actor_or_taskMegatronTrainRayActor.__init__ pid=856 worker_id=5cc4ed1f0649d6976ed683211055eb3665137c692d18f2735c16f6ce): {GPU_group_8614e87c67f590024f565ffa771501000000: 0.4, GPU_group_1_8614e87c67f590024f565ffa771501000000: 0.4, bundle_group_1_8614e87c67f590024f565ffa771501000000: 0.001, bundle_group_8614e87c67f590024f565ffa771501000000: 0.001, CPU_group_8614e87c67f590024f565ffa771501000000: 0.4, CPU_group_1_8614e87c67f590024f565ffa771501000000: 0.4}
[state-dump] }
[state-dump] Backlog Size per scheduling descriptor :{workerId: num backlogs}:
[state-dump] 
[state-dump] Granted leases by scheduling class:
[state-dump] ==================================================
[state-dump] 
[state-dump] ClusterResources:
[state-dump] LocalObjectManager:
[state-dump] - num pinned objects: 0
[state-dump] - pinned objects size: 0
[state-dump] - num objects pending restore: 0
[state-dump] - num objects pending spill: 0
[state-dump] - num bytes pending spill: 0
[state-dump] - num bytes currently spilled: 0
[state-dump] - cumulative spill requests: 0
[state-dump] - cumulative restore requests: 0
[state-dump] - spilled objects pending delete: 0
[state-dump] 
[state-dump] ObjectManager:
[state-dump] - num local objects: 8
[state-dump] - num unfulfilled push requests: 0
[state-dump] - num object pull requests: 0
[state-dump] - num chunks received total: 16
[state-dump] - num chunks received failed (all): 0
[state-dump] - num chunks received failed / cancelled: 0
[state-dump] - num chunks received failed / plasma error: 0
[state-dump] Event stats:
[state-dump] Global stats: 48 total (0 active)
[state-dump] Queueing time: mean = 0.02ms, max = 0.06ms, min = 0.01ms, total = 0.77ms
[state-dump] Execution time:  mean = 0.93ms, total = 44.85ms
[state-dump] Event stats:
[state-dump] 	ObjectManagerService.grpc_server.Push - 16 total (0 active), Execution time: mean = 1.37ms, total = 21.88ms, Queueing time: mean = 0.00ms, max = -0.00ms, min = 9223372036854.78ms, total = 0.00ms
[state-dump] 	ObjectManagerService.grpc_server.Push.HandleRequestImpl - 16 total (0 active), Execution time: mean = 1.22ms, total = 19.45ms, Queueing time: mean = 0.02ms, max = 0.04ms, min = 0.01ms, total = 0.32ms
[state-dump] 	ObjectManager.SendPull - 16 total (0 active), Execution time: mean = 0.22ms, total = 3.52ms, Queueing time: mean = 0.03ms, max = 0.06ms, min = 0.01ms, total = 0.46ms
[state-dump] PushManager:
[state-dump] - num pushes remaining: 0
[state-dump] - num chunks in flight: 0
[state-dump] - num chunks remaining: 0
[state-dump] - max chunks allowed: 409
[state-dump] OwnershipBasedObjectDirectory:
[state-dump] - num listeners: 0
[state-dump] - cumulative location updates: 17
[state-dump] - num location updates per second: 0.000
[state-dump] - num location lookups per second: 0.000
[state-dump] - num locations added per second: 0.000
[state-dump] - num locations removed per second: 0.000
[state-dump] BufferPool:
[state-dump] - create buffer state map size: 0
[state-dump] PullManager:
[state-dump] - num bytes available for pulled objects: 4294967296
[state-dump] - num bytes being pulled (all): 0
[state-dump] - num bytes being pulled / pinned: 0
[state-dump] - get request bundles: BundlePullRequestQueue{0 total, 0 active, 0 inactive, 0 unpullable}
[state-dump] - wait request bundles: BundlePullRequestQueue{0 total, 0 active, 0 inactive, 0 unpullable}
[state-dump] - task request bundles: BundlePullRequestQueue{0 total, 0 active, 0 inactive, 0 unpullable}
[state-dump] - first get request bundle: N/A
[state-dump] - first wait request bundle: N/A
[state-dump] - first task request bundle: N/A
[state-dump] - num objects queued: 0
[state-dump] - num objects actively pulled (all): 0
[state-dump] - num objects actively pulled / pinned: 0
[state-dump] - num bundles being pulled: 0
[state-dump] - num pull retries: 0
[state-dump] - max timeout seconds: 10
[state-dump] - max timeout request is already processed. No entry.
[state-dump] 
[state-dump] WorkerPool:
[state-dump] - registered jobs: 1
[state-dump] - process_failed_job_config_missing: 0
[state-dump] - process_failed_rate_limited: 0
[state-dump] - process_failed_pending_registration: 0
[state-dump] - process_failed_runtime_env_setup_failed: 0
[state-dump] - num PYTHON workers: 8
[state-dump] - num PYTHON drivers: 0
[state-dump] - num PYTHON pending start requests: 0
[state-dump] - num PYTHON pending registration requests: 0
[state-dump] - num object spill callbacks queued: 0
[state-dump] - num object restore queued: 0
[state-dump] - num util functions queued: 0
[state-dump] - num idle workers: 0
[state-dump] LeaseDependencyManager:
[state-dump] - lease deps map size: 0
[state-dump] - get req map size: 0
[state-dump] - wait req map size: 0
[state-dump] - local objects map size: 8
[state-dump] WaitManager:
[state-dump] - num active wait requests: 0
[state-dump] Subscriber:
[state-dump] Channel WORKER_OBJECT_LOCATIONS_CHANNEL
[state-dump] - cumulative subscribe requests: 16
[state-dump] - cumulative unsubscribe requests: 16
[state-dump] - active subscribed publishers: 0
[state-dump] - cumulative published messages: 26
[state-dump] - cumulative processed messages: 18
[state-dump] Channel WORKER_REF_REMOVED_CHANNEL
[state-dump] - cumulative subscribe requests: 0
[state-dump] - cumulative unsubscribe requests: 0
[state-dump] - active subscribed publishers: 0
[state-dump] - cumulative published messages: 0
[state-dump] - cumulative processed messages: 0
[state-dump] num async plasma notifications: 0
[state-dump] Event stats:
[state-dump] Global stats: 29498 total (22 active)
[state-dump] Queueing time: mean = 159.55ms, max = 327445.13ms, min = -0.02ms, total = 4706398.05ms
[state-dump] Execution time:  mean = 20.46ms, total = 603643.79ms
[state-dump] Event stats:
[state-dump] 	ObjectManager.UpdateAvailableMemory - 6599 total (0 active), Execution time: mean = 0.00ms, total = 6.17ms, Queueing time: mean = 0.01ms, max = 0.16ms, min = 0.00ms, total = 56.41ms
[state-dump] 	NodeManager.CheckGC - 6599 total (1 active), Execution time: mean = 0.00ms, total = 11.36ms, Queueing time: mean = 0.02ms, max = 18.59ms, min = -0.02ms, total = 158.56ms
[state-dump] 	RaySyncer.BroadcastMessageIfNewVersion - 6599 total (1 active), Execution time: mean = 0.00ms, total = 10.70ms, Queueing time: mean = 0.02ms, max = 18.59ms, min = 0.00ms, total = 157.12ms
[state-dump] 	RayletWorkerPool.deadline_timer.kill_idle_workers - 3300 total (1 active), Execution time: mean = 0.00ms, total = 7.24ms, Queueing time: mean = 0.03ms, max = 23.53ms, min = -0.02ms, total = 97.48ms
[state-dump] 	NodeManager.deadline_timer.spill_objects_when_over_threshold - 660 total (1 active), Execution time: mean = 0.00ms, total = 0.94ms, Queueing time: mean = 0.14ms, max = 23.80ms, min = 0.00ms, total = 91.86ms
[state-dump] 	NodeManager.deadline_timer.flush_free_objects - 660 total (1 active), Execution time: mean = 0.00ms, total = 1.27ms, Queueing time: mean = 0.14ms, max = 23.80ms, min = 0.00ms, total = 91.59ms
[state-dump] 	NodeManager.CheckForUnexpectedWorkerDisconnects - 660 total (1 active), Execution time: mean = 0.01ms, total = 7.70ms, Queueing time: mean = 0.01ms, max = 0.64ms, min = 0.00ms, total = 8.36ms
[state-dump] 	NodeManager.ScheduleAndGrantLeases - 660 total (1 active), Execution time: mean = 0.00ms, total = 2.99ms, Queueing time: mean = 0.02ms, max = 0.65ms, min = 0.00ms, total = 13.24ms
[state-dump] 	NodeManagerService.grpc_server.GetResourceLoad - 659 total (0 active), Execution time: mean = 0.34ms, total = 226.69ms, Queueing time: mean = 0.00ms, max = -0.00ms, min = 9223372036854.78ms, total = 0.00ms
[state-dump] 	NodeManagerService.grpc_server.GetResourceLoad.HandleRequestImpl - 659 total (0 active), Execution time: mean = 0.09ms, total = 57.27ms, Queueing time: mean = 0.02ms, max = 0.24ms, min = 0.00ms, total = 13.88ms
[state-dump] 	CoreWorkerService.grpc_client.GetCoreWorkerStats - 322 total (0 active), Execution time: mean = 0.69ms, total = 221.34ms, Queueing time: mean = 0.00ms, max = -0.00ms, min = 9223372036854.78ms, total = 0.00ms
[state-dump] 	CoreWorkerService.grpc_client.GetCoreWorkerStats.OnReplyReceived - 322 total (0 active), Execution time: mean = 0.02ms, total = 5.00ms, Queueing time: mean = 0.04ms, max = 0.13ms, min = 0.00ms, total = 12.76ms
[state-dump] 	ClusterResourceManager.ResetRemoteNodeView - 221 total (1 active), Execution time: mean = 0.00ms, total = 0.56ms, Queueing time: mean = 0.02ms, max = 0.25ms, min = 0.00ms, total = 4.64ms
[state-dump] 	NodeManager.deadline_timer.record_metrics - 132 total (1 active), Execution time: mean = 0.23ms, total = 30.19ms, Queueing time: mean = 0.47ms, max = 23.64ms, min = 0.00ms, total = 62.44ms
[state-dump] 	NodeManagerService.grpc_server.GetAgentPIDs - 123 total (0 active), Execution time: mean = 0.31ms, total = 37.69ms, Queueing time: mean = 0.00ms, max = -0.00ms, min = 9223372036854.78ms, total = 0.00ms
[state-dump] 	NodeManagerService.grpc_server.GetWorkerPIDs.HandleRequestImpl - 123 total (0 active), Execution time: mean = 0.03ms, total = 3.34ms, Queueing time: mean = 0.03ms, max = 1.54ms, min = 0.01ms, total = 4.08ms
[state-dump] 	NodeManagerService.grpc_server.GetAgentPIDs.HandleRequestImpl - 123 total (0 active), Execution time: mean = 0.02ms, total = 2.86ms, Queueing time: mean = 0.04ms, max = 0.11ms, min = 0.00ms, total = 4.58ms
[state-dump] 	NodeManagerService.grpc_server.GetWorkerPIDs - 123 total (0 active), Execution time: mean = 0.29ms, total = 35.98ms, Queueing time: mean = 0.00ms, max = -0.00ms, min = 9223372036854.78ms, total = 0.00ms
[state-dump] 	ClientConnection.async_read.ProcessMessageHeader - 112 total (8 active), Execution time: mean = 0.00ms, total = 0.44ms, Queueing time: mean = 41996.24ms, max = 327445.13ms, min = 0.01ms, total = 4703578.85ms
[state-dump] 	ClientConnection.async_read.ProcessMessage - 104 total (0 active), Execution time: mean = 0.29ms, total = 30.02ms, Queueing time: mean = 0.08ms, max = 2.49ms, min = 0.00ms, total = 7.92ms
[state-dump] 	event_loop_lag_probe - 68 total (0 active), Execution time: mean = 0.02ms, total = 1.09ms, Queueing time: mean = 0.11ms, max = 6.99ms, min = 0.00ms, total = 7.22ms
[state-dump] 	NodeManager.deadline_timer.debug_state_dump - 66 total (1 active), Execution time: mean = 1.39ms, total = 91.56ms, Queueing time: mean = 0.01ms, max = 0.03ms, min = 0.00ms, total = 0.81ms
[state-dump] 	NodeManagerService.grpc_server.GetNodeStats.HandleRequestImpl - 44 total (0 active), Execution time: mean = 0.44ms, total = 19.20ms, Queueing time: mean = 0.02ms, max = 0.05ms, min = 0.01ms, total = 1.05ms
[state-dump] 	NodeManagerService.grpc_server.GetNodeStats - 44 total (0 active), Execution time: mean = 1.34ms, total = 59.15ms, Queueing time: mean = 0.00ms, max = -0.00ms, min = 9223372036854.78ms, total = 0.00ms
[state-dump] 	Subscriber.HandlePublishedMessage_GCS_WORKER_DELTA_CHANNEL - 32 total (0 active), Execution time: mean = 0.00ms, total = 0.02ms, Queueing time: mean = 0.07ms, max = 0.10ms, min = 0.03ms, total = 2.39ms
[state-dump] 	ObjectManager.ObjectAdded - 32 total (0 active), Execution time: mean = 0.07ms, total = 2.17ms, Queueing time: mean = 0.19ms, max = 0.89ms, min = 0.00ms, total = 6.18ms
[state-dump] 	 - 31 total (0 active), Execution time: mean = 0.09ms, total = 2.84ms, Queueing time: mean = 0.67ms, max = 19.87ms, min = 0.00ms, total = 20.75ms
[state-dump] 	RaySyncer.BroadcastMessage - 31 total (0 active), Execution time: mean = 0.09ms, total = 2.80ms, Queueing time: mean = 0.00ms, max = 0.00ms, min = 0.00ms, total = 0.01ms
[state-dump] 	ObjectManager.ObjectDeleted - 24 total (0 active), Execution time: mean = 0.01ms, total = 0.26ms, Queueing time: mean = 0.07ms, max = 0.22ms, min = 0.01ms, total = 1.74ms
[state-dump] 	Subscriber.HandlePublishedMessage_WORKER_OBJECT_LOCATIONS_CHANNEL - 18 total (0 active), Execution time: mean = 0.06ms, total = 1.05ms, Queueing time: mean = 0.27ms, max = 0.69ms, min = 0.03ms, total = 4.92ms
[state-dump] 	ClientConnection.async_write.DoAsyncWrites - 16 total (0 active), Execution time: mean = 0.00ms, total = 0.01ms, Queueing time: mean = 0.01ms, max = 0.02ms, min = 0.00ms, total = 0.18ms
[state-dump] 	NodeManagerService.grpc_server.GetSystemConfig - 16 total (0 active), Execution time: mean = 0.22ms, total = 3.49ms, Queueing time: mean = 0.00ms, max = -0.00ms, min = 9223372036854.78ms, total = 0.00ms
[state-dump] 	NodeManagerService.grpc_server.RequestWorkerLease - 16 total (0 active), Execution time: mean = 470.59ms, total = 7529.45ms, Queueing time: mean = 0.00ms, max = -0.00ms, min = 9223372036854.78ms, total = 0.00ms
[state-dump] 	NodeManagerService.grpc_server.RequestWorkerLease.HandleRequestImpl - 16 total (0 active), Execution time: mean = 1.47ms, total = 23.55ms, Queueing time: mean = 5.43ms, max = 17.83ms, min = 0.01ms, total = 86.81ms
[state-dump] 	ObjectManagerService.grpc_client.Pull.OnReplyReceived - 16 total (0 active), Execution time: mean = 0.01ms, total = 0.20ms, Queueing time: mean = 0.04ms, max = 0.21ms, min = 0.01ms, total = 0.65ms
[state-dump] 	NodeManagerService.grpc_server.GetSystemConfig.HandleRequestImpl - 16 total (0 active), Execution time: mean = 0.01ms, total = 0.23ms, Queueing time: mean = 0.01ms, max = 0.04ms, min = 0.01ms, total = 0.20ms
[state-dump] 	ObjectManagerService.grpc_client.Pull - 16 total (0 active), Execution time: mean = 1.30ms, total = 20.75ms, Queueing time: mean = 0.00ms, max = -0.00ms, min = 9223372036854.78ms, total = 0.00ms
[state-dump] 	ray::rpc::ControlPlanePubSubGcsService.grpc_client.GcsSubscriberPoll - 14 total (1 active), Execution time: mean = 42422.96ms, total = 593921.38ms, Queueing time: mean = 0.00ms, max = -0.00ms, min = 9223372036854.78ms, total = 0.00ms
[state-dump] 	ray::rpc::ControlPlanePubSubGcsService.grpc_client.GcsSubscriberPoll.OnReplyReceived - 13 total (0 active), Execution time: mean = 0.12ms, total = 1.52ms, Queueing time: mean = 0.03ms, max = 0.19ms, min = 0.00ms, total = 0.34ms
[state-dump] 	PeriodicalRunner.RunFnPeriodically - 13 total (0 active), Execution time: mean = 0.29ms, total = 3.82ms, Queueing time: mean = 144.58ms, max = 624.32ms, min = 0.02ms, total = 1879.51ms
[state-dump] 	CoreWorkerService.grpc_client.PubsubLongPolling.OnReplyReceived - 12 total (0 active), Execution time: mean = 0.08ms, total = 0.95ms, Queueing time: mean = 0.24ms, max = 0.79ms, min = 0.00ms, total = 2.84ms
[state-dump] 	CoreWorkerService.grpc_client.PubsubLongPolling - 12 total (0 active), Execution time: mean = 2.96ms, total = 35.57ms, Queueing time: mean = 0.00ms, max = -0.00ms, min = 9223372036854.78ms, total = 0.00ms
[state-dump] 	NodeManager.deadline_timer.print_event_loop_stats - 11 total (1 active, 1 running), Execution time: mean = 0.70ms, total = 7.73ms, Queueing time: mean = 0.01ms, max = 0.03ms, min = 0.00ms, total = 0.09ms
[state-dump] 	NodeManager.GcsCheckAlive - 11 total (1 active), Execution time: mean = 0.14ms, total = 1.58ms, Queueing time: mean = 0.57ms, max = 0.76ms, min = 0.52ms, total = 6.29ms
[state-dump] 	ray::rpc::NodeInfoGcsService.grpc_client.CheckAlive - 11 total (0 active), Execution time: mean = 0.76ms, total = 8.41ms, Queueing time: mean = 0.00ms, max = -0.00ms, min = 9223372036854.78ms, total = 0.00ms
[state-dump] 	ray::rpc::NodeInfoGcsService.grpc_client.CheckAlive.OnReplyReceived - 11 total (0 active), Execution time: mean = 0.02ms, total = 0.22ms, Queueing time: mean = 0.01ms, max = 0.01ms, min = 0.01ms, total = 0.11ms
[state-dump] 	CoreWorkerService.grpc_client.PubsubCommandBatch.OnReplyReceived - 10 total (0 active), Execution time: mean = 0.09ms, total = 0.88ms, Queueing time: mean = 0.10ms, max = 0.38ms, min = 0.00ms, total = 0.99ms
[state-dump] 	CoreWorkerService.grpc_client.UpdateObjectLocationBatch.OnReplyReceived - 10 total (0 active), Execution time: mean = 0.04ms, total = 0.37ms, Queueing time: mean = 0.22ms, max = 0.82ms, min = 0.01ms, total = 2.18ms
[state-dump] 	CoreWorkerService.grpc_client.UpdateObjectLocationBatch - 10 total (0 active), Execution time: mean = 0.35ms, total = 3.50ms, Queueing time: mean = 0.00ms, max = -0.00ms, min = 9223372036854.78ms, total = 0.00ms
[state-dump] 	CoreWorkerService.grpc_client.PubsubCommandBatch - 10 total (0 active), Execution time: mean = 2.94ms, total = 29.45ms, Queueing time: mean = 0.00ms, max = -0.00ms, min = 9223372036854.78ms, total = 0.00ms
[state-dump] 	NodeManagerService.grpc_server.KillLocalActor.HandleRequestImpl - 8 total (0 active), Execution time: mean = 0.17ms, total = 1.35ms, Queueing time: mean = 0.52ms, max = 0.65ms, min = 0.03ms, total = 4.17ms
[state-dump] 	NodeManagerService.grpc_server.FreeLocalObjects - 8 total (0 active), Execution time: mean = 0.25ms, total = 1.96ms, Queueing time: mean = 0.00ms, max = -0.00ms, min = 9223372036854.78ms, total = 0.00ms
[state-dump] 	NodeManagerService.grpc_server.KillLocalActor - 8 total (0 active), Execution time: mean = 16.68ms, total = 133.42ms, Queueing time: mean = 0.00ms, max = -0.00ms, min = 9223372036854.78ms, total = 0.00ms
[state-dump] 	ray::rpc::WorkerInfoGcsService.grpc_client.ReportWorkerFailure.OnReplyReceived - 8 total (0 active), Execution time: mean = 0.01ms, total = 0.07ms, Queueing time: mean = 0.05ms, max = 0.18ms, min = 0.00ms, total = 0.41ms
[state-dump] 	ray::rpc::WorkerInfoGcsService.grpc_client.ReportWorkerFailure - 8 total (0 active), Execution time: mean = 9.66ms, total = 77.30ms, Queueing time: mean = 0.00ms, max = -0.00ms, min = 9223372036854.78ms, total = 0.00ms
[state-dump] 	CoreWorkerService.grpc_client.KillActor - 8 total (0 active), Execution time: mean = 15.95ms, total = 127.59ms, Queueing time: mean = 0.00ms, max = -0.00ms, min = 9223372036854.78ms, total = 0.00ms
[state-dump] 	NodeManagerService.grpc_server.FreeLocalObjects.HandleRequestImpl - 8 total (0 active), Execution time: mean = 0.01ms, total = 0.07ms, Queueing time: mean = 0.01ms, max = 0.03ms, min = 0.01ms, total = 0.10ms
[state-dump] 	CoreWorkerService.grpc_client.KillActor.OnReplyReceived - 8 total (0 active), Execution time: mean = 0.05ms, total = 0.41ms, Queueing time: mean = 0.02ms, max = 0.12ms, min = 0.00ms, total = 0.16ms
[state-dump] 	RaySyncerRegister - 2 total (0 active), Execution time: mean = 0.00ms, total = 0.00ms, Queueing time: mean = 0.00ms, max = 0.00ms, min = 0.00ms, total = 0.00ms
[state-dump] 	Subscriber.HandlePublishedMessage_GCS_NODE_ADDRESS_AND_LIVENESS_CHANNEL - 2 total (0 active), Execution time: mean = 0.11ms, total = 0.23ms, Queueing time: mean = 0.25ms, max = 0.27ms, min = 0.23ms, total = 0.50ms
[state-dump] 	ray::rpc::ControlPlanePubSubGcsService.grpc_client.GcsSubscriberCommandBatch - 2 total (0 active), Execution time: mean = 0.72ms, total = 1.43ms, Queueing time: mean = 0.00ms, max = -0.00ms, min = 9223372036854.78ms, total = 0.00ms
[state-dump] 	ray::rpc::ControlPlanePubSubGcsService.grpc_client.GcsSubscriberCommandBatch.OnReplyReceived - 2 total (0 active), Execution time: mean = 0.05ms, total = 0.09ms, Queueing time: mean = 1.63ms, max = 3.14ms, min = 0.11ms, total = 3.25ms
[state-dump] 	ReporterService.grpc_client.HealthCheck.OnReplyReceived - 1 total (0 active), Execution time: mean = 0.13ms, total = 0.13ms, Queueing time: mean = 0.02ms, max = 0.02ms, min = 0.02ms, total = 0.02ms
[state-dump] 	ReporterService.grpc_client.HealthCheck - 1 total (0 active), Execution time: mean = 190.29ms, total = 190.29ms, Queueing time: mean = 0.00ms, max = -0.00ms, min = 9223372036854.78ms, total = 0.00ms
[state-dump] 	NodeManager.GCTaskFailureReason - 1 total (1 active), Execution time: mean = 0.00ms, total = 0.00ms, Queueing time: mean = 0.00ms, max = -0.00ms, min = 9223372036854.78ms, total = 0.00ms
[state-dump] 	ray::rpc::NodeInfoGcsService.grpc_client.RegisterNode - 1 total (0 active), Execution time: mean = 0.80ms, total = 0.80ms, Queueing time: mean = 0.00ms, max = -0.00ms, min = 9223372036854.78ms, total = 0.00ms
[state-dump] 	NodeManagerService.grpc_server.PrepareBundleResources.HandleRequestImpl - 1 total (0 active), Execution time: mean = 0.85ms, total = 0.85ms, Queueing time: mean = 0.03ms, max = 0.03ms, min = 0.03ms, total = 0.03ms
[state-dump] 	NodeManagerService.grpc_server.PrepareBundleResources - 1 total (0 active), Execution time: mean = 1.19ms, total = 1.19ms, Queueing time: mean = 0.00ms, max = -0.00ms, min = 9223372036854.78ms, total = 0.00ms
[state-dump] 	NodeManagerService.grpc_server.CommitBundleResources - 1 total (0 active), Execution time: mean = 1.45ms, total = 1.45ms, Queueing time: mean = 0.00ms, max = -0.00ms, min = 9223372036854.78ms, total = 0.00ms
[state-dump] 	ray::rpc::InternalKVGcsService.grpc_client.GetInternalConfig - 1 total (0 active), Execution time: mean = 0.89ms, total = 0.89ms, Queueing time: mean = 0.00ms, max = -0.00ms, min = 9223372036854.78ms, total = 0.00ms
[state-dump] 	ray::rpc::NodeInfoGcsService.grpc_client.GetAllNodeAddressAndLiveness.OnReplyReceived - 1 total (0 active), Execution time: mean = 0.11ms, total = 0.11ms, Queueing time: mean = 0.01ms, max = 0.01ms, min = 0.01ms, total = 0.01ms
[state-dump] 	ray::rpc::JobInfoGcsService.grpc_client.GetAllJobInfo.OnReplyReceived - 1 total (0 active), Execution time: mean = 0.01ms, total = 0.01ms, Queueing time: mean = 0.01ms, max = 0.01ms, min = 0.01ms, total = 0.01ms
[state-dump] 	ray::rpc::NodeInfoGcsService.grpc_client.RegisterNode.OnReplyReceived - 1 total (0 active), Execution time: mean = 0.24ms, total = 0.24ms, Queueing time: mean = 0.01ms, max = 0.01ms, min = 0.01ms, total = 0.01ms
[state-dump] 	Subscriber.HandlePublishedMessage_GCS_JOB_CHANNEL - 1 total (0 active), Execution time: mean = 0.04ms, total = 0.04ms, Queueing time: mean = 0.28ms, max = 0.28ms, min = 0.28ms, total = 0.28ms
[state-dump] 	ray::rpc::JobInfoGcsService.grpc_client.GetAllJobInfo - 1 total (0 active), Execution time: mean = 0.69ms, total = 0.69ms, Queueing time: mean = 0.00ms, max = -0.00ms, min = 9223372036854.78ms, total = 0.00ms
[state-dump] 	NodeManagerService.grpc_server.CommitBundleResources.HandleRequestImpl - 1 total (0 active), Execution time: mean = 1.11ms, total = 1.11ms, Queueing time: mean = 0.03ms, max = 0.03ms, min = 0.03ms, total = 0.03ms
[state-dump] 	ray::rpc::NodeInfoGcsService.grpc_client.GetAllNodeAddressAndLiveness - 1 total (0 active), Execution time: mean = 0.75ms, total = 0.75ms, Queueing time: mean = 0.00ms, max = -0.00ms, min = 9223372036854.78ms, total = 0.00ms
[state-dump] 	ray::rpc::InternalKVGcsService.grpc_client.GetInternalConfig.OnReplyReceived - 1 total (0 active), Execution time: mean = 628.39ms, total = 628.39ms, Queueing time: mean = 0.01ms, max = 0.01ms, min = 0.01ms, total = 0.01ms
[state-dump] DebugString() time ms: 0
[state-dump] 
[state-dump] 
[2026-09-03 22:10:00,294 I 79 79] (raylet) node_manager.cc:3626: Received KillLocalActor RPC worker_id=a6daf3a2ba673f0b1ab7f9b6574c645d591c1c94493d7905906c216f actor_id=c4eec97332b293f9513bde4b01000000
[2026-09-03 22:10:00,294 I 79 79] (raylet) node_manager.cc:3626: Received KillLocalActor RPC worker_id=a9bc9faf934d79652d9f51f4b3a8ae687f183aad5e231512ece05a0e actor_id=f07f7d9f2a0df6be72b52b5b01000000
[2026-09-03 22:10:00,297 I 79 79] (raylet) node_manager.cc:3626: Received KillLocalActor RPC worker_id=cdcada990c364655aa3c0f9c6bccf0203189a4361f0949466abeece3 actor_id=b267f0f8490348367a6e31ed01000000
[2026-09-03 22:10:00,298 I 79 79] (raylet) node_manager.cc:3626: Received KillLocalActor RPC worker_id=136546f248884d2dc9fd21b946db50be3709536bcc5ac432a4424196 actor_id=1fd2dfcfb0f8f5d6b86a6a0c01000000
[2026-09-03 22:10:00,298 I 79 79] (raylet) node_manager.cc:3626: Received KillLocalActor RPC worker_id=ec06ade875864bdbb80ae3f1b19a8be1abd78ad89338d48eb1d001af actor_id=ccd8108b3783c336f74a884e01000000
[2026-09-03 22:10:00,298 I 79 79] (raylet) node_manager.cc:3626: Received KillLocalActor RPC worker_id=ca6cb88024162bf07716ce2c88c2fb4113d3b1e347331c5dd5e35cfb actor_id=b5cb33e540b055295bff7da501000000
[2026-09-03 22:10:00,298 I 79 79] (raylet) node_manager.cc:3626: Received KillLocalActor RPC worker_id=062ee74904ba1e2a3b770071417d9b3415af75b383dc6c62f90e84d8 actor_id=6784a93199eaa53bf846c9c201000000
[2026-09-03 22:10:00,299 I 79 79] (raylet) node_manager.cc:3626: Received KillLocalActor RPC worker_id=5cc4ed1f0649d6976ed683211055eb3665137c692d18f2735c16f6ce actor_id=74a11b5286041e8799ee44f001000000
[2026-09-03 22:10:00,303 I 79 79] (raylet) node_manager.cc:1498: Disconnecting worker, graceful=true, disconnect_type=1, has_creation_task_exception=false worker_id=a9bc9faf934d79652d9f51f4b3a8ae687f183aad5e231512ece05a0e job_id=01000000
[2026-09-03 22:10:00,303 I 79 79] (raylet) node_manager.cc:1498: Disconnecting worker, graceful=true, disconnect_type=1, has_creation_task_exception=false worker_id=a6daf3a2ba673f0b1ab7f9b6574c645d591c1c94493d7905906c216f job_id=01000000
[2026-09-03 22:10:00,304 I 79 79] (raylet) node_manager.cc:1498: Disconnecting worker, graceful=true, disconnect_type=1, has_creation_task_exception=false worker_id=cdcada990c364655aa3c0f9c6bccf0203189a4361f0949466abeece3 job_id=01000000
[2026-09-03 22:10:00,305 I 79 79] (raylet) node_manager.cc:1498: Disconnecting worker, graceful=true, disconnect_type=1, has_creation_task_exception=false worker_id=136546f248884d2dc9fd21b946db50be3709536bcc5ac432a4424196 job_id=01000000
[2026-09-03 22:10:00,306 I 79 79] (raylet) node_manager.cc:1498: Disconnecting worker, graceful=true, disconnect_type=1, has_creation_task_exception=false worker_id=ec06ade875864bdbb80ae3f1b19a8be1abd78ad89338d48eb1d001af job_id=01000000
[2026-09-03 22:10:00,308 I 79 79] (raylet) node_manager.cc:1498: Disconnecting worker, graceful=true, disconnect_type=1, has_creation_task_exception=false worker_id=ca6cb88024162bf07716ce2c88c2fb4113d3b1e347331c5dd5e35cfb job_id=01000000
[2026-09-03 22:10:00,309 I 79 79] (raylet) node_manager.cc:1498: Disconnecting worker, graceful=true, disconnect_type=1, has_creation_task_exception=false worker_id=062ee74904ba1e2a3b770071417d9b3415af75b383dc6c62f90e84d8 job_id=01000000
[2026-09-03 22:10:00,309 I 79 79] (raylet) node_manager.cc:1498: Disconnecting worker, graceful=true, disconnect_type=1, has_creation_task_exception=false worker_id=5cc4ed1f0649d6976ed683211055eb3665137c692d18f2735c16f6ce job_id=01000000
[2026-09-03 22:10:00,311 W 79 102] (raylet) store.cc:366: Disconnecting client due to connection error with code 2: End of file
[2026-09-03 22:10:00,311 W 79 102] (raylet) store.cc:366: Disconnecting client due to connection error with code 2: End of file
[2026-09-03 22:10:00,312 W 79 102] (raylet) store.cc:366: Disconnecting client due to connection error with code 2: End of file
[2026-09-03 22:10:00,313 W 79 102] (raylet) store.cc:366: Disconnecting client due to connection error with code 2: End of file
[2026-09-03 22:10:00,314 W 79 102] (raylet) store.cc:366: Disconnecting client due to connection error with code 2: End of file
[2026-09-03 22:10:00,314 W 79 102] (raylet) store.cc:366: Disconnecting client due to connection error with code 2: End of file
[2026-09-03 22:10:00,315 W 79 102] (raylet) store.cc:366: Disconnecting client due to connection error with code 2: End of file
[2026-09-03 22:10:00,561 W 79 102] (raylet) store.cc:366: Disconnecting client due to connection error with code 2: End of file
[2026-09-03 22:10:00,815 I 79 79] (raylet) node_manager.cc:2054: Got request to remove 8 bundle(s) for placement group 8614e87c67f590024f565ffa771501000000
[2026-09-03 22:10:00,816 I 79 79] (raylet) worker_pool.cc:779: Job 01000000 already started in worker pool.
[2026-09-03 22:10:02,061 W 79 79] (raylet) retryable_grpc_client.cc:85: Core worker 10.244.18.139 has been unavailable for more than 1 seconds
[2026-09-03 22:10:02,063 I 79 79] (raylet) core_worker_client_pool.cc:55: Disconnecting core worker client because the worker is dead worker_id=e84ee228dd75a002ea6ee6f3f5e544f6a9e497346165feef037b7dc2 node_id=b668a6c13d1b7186690b035979a815ca1ce93506fd27e5e4ac7a3f5d
[2026-09-03 22:10:02,063 I 79 79] (raylet) ownership_object_directory.cc:250: Failed to get object location update. This should only happen if the worker / node is dead. worker_id=e84ee228dd75a002ea6ee6f3f5e544f6a9e497346165feef037b7dc2 node_id=5a1736abfe100329c9e05ff3a3f920e3696f0c41773d8bb025d15fe0
[2026-09-03 22:10:11,006 I 79 79] (raylet) node_manager.cc:124: SchedulePostExitProcessGroupCleanup: sending SIGKILL to pgid=965 worker_id=136546f248884d2dc9fd21b946db50be3709536bcc5ac432a4424196
[2026-09-03 22:10:16,042 I 79 79] (raylet) ray_syncer_bidi_reactor_base.h:243: Failed to read a message from node: 00000000000000000000000000000000000000000000000000000000
[2026-09-03 22:10:18,043 I 79 79] (raylet) ray_syncer.cc:108: Connection to the node was broken, reconnecting. node_id=00000000000000000000000000000000000000000000000000000000
[2026-09-03 22:10:18,043 I 79 79] (raylet) ray_syncer_bidi_reactor_base.h:243: Failed to read a message from node: 00000000000000000000000000000000000000000000000000000000
[2026-09-03 22:10:18,507 I 79 79] (raylet) node_manager.cc:124: SchedulePostExitProcessGroupCleanup: sending SIGKILL to pgid=964 worker_id=a6daf3a2ba673f0b1ab7f9b6574c645d591c1c94493d7905906c216f
[2026-09-03 22:10:18,507 I 79 79] (raylet) node_manager.cc:124: SchedulePostExitProcessGroupCleanup: sending SIGKILL to pgid=959 worker_id=cdcada990c364655aa3c0f9c6bccf0203189a4361f0949466abeece3
[2026-09-03 22:10:18,507 I 79 79] (raylet) node_manager.cc:124: SchedulePostExitProcessGroupCleanup: sending SIGKILL to pgid=960 worker_id=a9bc9faf934d79652d9f51f4b3a8ae687f183aad5e231512ece05a0e
[2026-09-03 22:10:18,509 I 79 79] (raylet) node_manager.cc:124: SchedulePostExitProcessGroupCleanup: sending SIGKILL to pgid=961 worker_id=ec06ade875864bdbb80ae3f1b19a8be1abd78ad89338d48eb1d001af
[2026-09-03 22:10:18,511 I 79 79] (raylet) node_manager.cc:124: SchedulePostExitProcessGroupCleanup: sending SIGKILL to pgid=962 worker_id=ca6cb88024162bf07716ce2c88c2fb4113d3b1e347331c5dd5e35cfb
[2026-09-03 22:10:18,511 I 79 79] (raylet) node_manager.cc:124: SchedulePostExitProcessGroupCleanup: sending SIGKILL to pgid=963 worker_id=062ee74904ba1e2a3b770071417d9b3415af75b383dc6c62f90e84d8
[2026-09-03 22:10:18,511 I 79 79] (raylet) node_manager.cc:124: SchedulePostExitProcessGroupCleanup: sending SIGKILL to pgid=856 worker_id=5cc4ed1f0649d6976ed683211055eb3665137c692d18f2735c16f6ce
[2026-09-03 22:10:20,043 I 79 79] (raylet) ray_syncer.cc:108: Connection to the node was broken, reconnecting. node_id=00000000000000000000000000000000000000000000000000000000
[2026-09-03 22:10:20,043 I 79 79] (raylet) ray_syncer_bidi_reactor_base.h:243: Failed to read a message from node: 00000000000000000000000000000000000000000000000000000000
[2026-09-03 22:10:22,043 I 79 79] (raylet) ray_syncer.cc:108: Connection to the node was broken, reconnecting. node_id=00000000000000000000000000000000000000000000000000000000
[2026-09-03 22:10:22,043 I 79 79] (raylet) ray_syncer_bidi_reactor_base.h:243: Failed to read a message from node: 00000000000000000000000000000000000000000000000000000000
[2026-09-03 22:10:24,044 I 79 79] (raylet) ray_syncer.cc:108: Connection to the node was broken, reconnecting. node_id=00000000000000000000000000000000000000000000000000000000
[2026-09-03 22:10:24,044 I 79 79] (raylet) ray_syncer_bidi_reactor_base.h:243: Failed to read a message from node: 00000000000000000000000000000000000000000000000000000000
[2026-09-03 22:10:26,044 I 79 79] (raylet) ray_syncer.cc:108: Connection to the node was broken, reconnecting. node_id=00000000000000000000000000000000000000000000000000000000
[2026-09-03 22:10:26,044 I 79 79] (raylet) ray_syncer_bidi_reactor_base.h:225: Failed to send a message to node: 00000000000000000000000000000000000000000000000000000000
[2026-09-03 22:10:26,044 I 79 79] (raylet) ray_syncer_bidi_reactor_base.h:243: Failed to read a message from node: 00000000000000000000000000000000000000000000000000000000
[2026-09-03 22:10:28,044 I 79 79] (raylet) ray_syncer.cc:108: Connection to the node was broken, reconnecting. node_id=00000000000000000000000000000000000000000000000000000000
[2026-09-03 22:10:28,044 I 79 79] (raylet) ray_syncer_bidi_reactor_base.h:243: Failed to read a message from node: 00000000000000000000000000000000000000000000000000000000
[2026-09-03 22:10:28,339 I 79 102] (raylet) store.cc:573: Plasma store debug dump: 
Current usage: 0 / 4.29497 GB
- num bytes created total: 1083672
0 pending objects of total size 0MB
- objects spillable: 0
- bytes spillable: 0
- objects unsealed: 0
- bytes unsealed: 0
- objects in use: 0
- bytes in use: 0
- objects evictable: 0
- bytes evictable: 0

- objects created by worker: 0
- bytes created by worker: 0
- objects restored: 0
- bytes restored: 0
- objects received: 0
- bytes received: 0
- objects errored: 0
- bytes errored: 0

[2026-09-03 22:10:28,977 I 79 79] (raylet) node_manager.cc:486: [state-dump] NodeManager:
[state-dump] Node ID: 5a1736abfe100329c9e05ff3a3f920e3696f0c41773d8bb025d15fe0
[state-dump] Node name: 10.244.13.18
[state-dump] InitialConfigResources: {GPU: 8, accelerator_type:B200: 1, node:10.244.13.18: 1, object_store_memory: 4.29497e+09, CPU: 64, memory: 3.24185e+12}
[state-dump] ClusterLeaseManager:
[state-dump] ========== Node: 5a1736abfe100329c9e05ff3a3f920e3696f0c41773d8bb025d15fe0 =================
[state-dump] Infeasible queue length: 0
[state-dump] Schedule queue length: 0
[state-dump] Grant queue length: 0
[state-dump] num_waiting_for_resource: 0
[state-dump] num_waiting_for_plasma_memory: 0
[state-dump] num_waiting_for_remote_node_resources: 0
[state-dump] num_worker_not_started_by_job_config_not_exist: 0
[state-dump] num_worker_not_started_by_registration_timeout: 0
[state-dump] num_tasks_waiting_for_workers: 0
[state-dump] num_cancelled_leases: 0
[state-dump] cluster_resource_scheduler state: 
[state-dump] Local id: -1681695659902243193 Local resources: {"total":{CPU: [640000], accelerator_type:B200: [10000], object_store_memory: [42949672960000], memory: [32418548654080000], node:10.244.13.18: [10000], GPU: [10000, 10000, 10000, 10000, 10000, 10000, 10000, 10000]}, "available": {CPU: [640000], accelerator_type:B200: [10000], object_store_memory: [42949672960000], memory: [32418548654080000], node:10.244.13.18: [10000], GPU: [10000, 10000, 10000, 10000, 10000, 10000, 10000, 10000]}, "labels":{"ray.io/accelerator-type":"B200","ray.io/node-id":"5a1736abfe100329c9e05ff3a3f920e3696f0c41773d8bb025d15fe0"}} is_draining: 0 is_idle: 1 Cluster resources (at most 20 nodes are shown): node id: -5100000704351949267{"total":{accelerator_type:B200: 10000, node:__internal_head__: 10000, node:10.244.18.139: 10000, memory: 32397615636480000, GPU: 80000, object_store_memory: 42949672960000, CPU: 640000}, "available": {memory: 32397615636480000, node:__internal_head__: 10000, GPU: 80000, accelerator_type:B200: 10000, CPU: 640000, node:10.244.18.139: 10000, object_store_memory: 42949672960000}, "labels":{"ray.io/accelerator-type":"B200","ray.io/node-id":"b668a6c13d1b7186690b035979a815ca1ce93506fd27e5e4ac7a3f5d"}, "is_draining": 0, "draining_deadline_timestamp_ms": -1}node id: 6958755133317569349{"total":{memory: 32418469068800000, node:10.244.180.242: 10000, object_store_memory: 42949672960000, GPU: 80000, accelerator_type:B200: 10000, CPU: 640000}, "available": {accelerator_type:B200: 10000, object_store_memory: 42949672960000, node:10.244.180.242: 10000, memory: 32418469068800000, GPU: 80000, CPU: 640000}, "labels":{"ray.io/accelerator-type":"B200","ray.io/node-id":"91950bc728379b818b838deb2fb43ac0b302dd8af091673234e82d95"}, "is_draining": 0, "draining_deadline_timestamp_ms": -1}node id: -1681695659902243193{"total":{CPU: 640000, object_store_memory: 42949672960000, accelerator_type:B200: 10000, memory: 32418548654080000, GPU: 80000, node:10.244.13.18: 10000}, "available": {object_store_memory: 42949672960000, CPU: 640000, memory: 32418548654080000, node:10.244.13.18: 10000, GPU: 80000, accelerator_type:B200: 10000}, "labels":{"ray.io/accelerator-type":"B200","ray.io/node-id":"5a1736abfe100329c9e05ff3a3f920e3696f0c41773d8bb025d15fe0"}, "is_draining": 0, "draining_deadline_timestamp_ms": -1}node id: 346506708453796848{"total":{accelerator_type:B200: 10000, object_store_memory: 42949672960000, memory: 32418463825920000, node:10.244.218.62: 10000, GPU: 80000, CPU: 640000}, "available": {object_store_memory: 42949672960000, accelerator_type:B200: 10000, CPU: 640000, GPU: 80000, node:10.244.218.62: 10000, memory: 32418463825920000}, "labels":{"ray.io/node-id":"137ca386e65d980acbeff863eda6c65487ee6942bccc8db1236dc36e","ray.io/accelerator-type":"B200"}, "is_draining": 0, "draining_deadline_timestamp_ms": -1} { "placement group locations": [], "node to bundles": []}
[state-dump] Waiting leases size: 0
[state-dump] Number of granted lease arguments: 0
[state-dump] Number of pinned lease arguments: 0
[state-dump] Total size of pinned lease arguments: 0
[state-dump] Number of total spilled leases: 0
[state-dump] Number of spilled waiting leases: 0
[state-dump] Number of spilled unschedulable leases: 0
[state-dump] Resource usage {
[state-dump] }
[state-dump] Backlog Size per scheduling descriptor :{workerId: num backlogs}:
[state-dump] 
[state-dump] Granted leases by scheduling class:
[state-dump] ==================================================
[state-dump] 
[state-dump] ClusterResources:
[state-dump] LocalObjectManager:
[state-dump] - num pinned objects: 0
[state-dump] - pinned objects size: 0
[state-dump] - num objects pending restore: 0
[state-dump] - num objects pending spill: 0
[state-dump] - num bytes pending spill: 0
[state-dump] - num bytes currently spilled: 0
[state-dump] - cumulative spill requests: 0
[state-dump] - cumulative restore requests: 0
[state-dump] - spilled objects pending delete: 0
[state-dump] 
[state-dump] ObjectManager:
[state-dump] - num local objects: 0
[state-dump] - num unfulfilled push requests: 0
[state-dump] - num object pull requests: 0
[state-dump] - num chunks received total: 16
[state-dump] - num chunks received failed (all): 0
[state-dump] - num chunks received failed / cancelled: 0
[state-dump] - num chunks received failed / plasma error: 0
[state-dump] Event stats:
[state-dump] Global stats: 48 total (0 active)
[state-dump] Queueing time: mean = 0.02ms, max = 0.06ms, min = 0.01ms, total = 0.77ms
[state-dump] Execution time:  mean = 0.93ms, total = 44.85ms
[state-dump] Event stats:
[state-dump] 	ObjectManagerService.grpc_server.Push - 16 total (0 active), Execution time: mean = 1.37ms, total = 21.88ms, Queueing time: mean = 0.00ms, max = -0.00ms, min = 9223372036854.78ms, total = 0.00ms
[state-dump] 	ObjectManagerService.grpc_server.Push.HandleRequestImpl - 16 total (0 active), Execution time: mean = 1.22ms, total = 19.45ms, Queueing time: mean = 0.02ms, max = 0.04ms, min = 0.01ms, total = 0.32ms
[state-dump] 	ObjectManager.SendPull - 16 total (0 active), Execution time: mean = 0.22ms, total = 3.52ms, Queueing time: mean = 0.03ms, max = 0.06ms, min = 0.01ms, total = 0.46ms
[state-dump] PushManager:
[state-dump] - num pushes remaining: 0
[state-dump] - num chunks in flight: 0
[state-dump] - num chunks remaining: 0
[state-dump] - max chunks allowed: 409
[state-dump] OwnershipBasedObjectDirectory:
[state-dump] - num listeners: 0
[state-dump] - cumulative location updates: 17
[state-dump] - num location updates per second: 0.000
[state-dump] - num location lookups per second: 0.000
[state-dump] - num locations added per second: 0.000
[state-dump] - num locations removed per second: 0.000
[state-dump] BufferPool:
[state-dump] - create buffer state map size: 0
[state-dump] PullManager:
[state-dump] - num bytes available for pulled objects: 4294967296
[state-dump] - num bytes being pulled (all): 0
[state-dump] - num bytes being pulled / pinned: 0
[state-dump] - get request bundles: BundlePullRequestQueue{0 total, 0 active, 0 inactive, 0 unpullable}
[state-dump] - wait request bundles: BundlePullRequestQueue{0 total, 0 active, 0 inactive, 0 unpullable}
[state-dump] - task request bundles: BundlePullRequestQueue{0 total, 0 active, 0 inactive, 0 unpullable}
[state-dump] - first get request bundle: N/A
[state-dump] - first wait request bundle: N/A
[state-dump] - first task request bundle: N/A
[state-dump] - num objects queued: 0
[state-dump] - num objects actively pulled (all): 0
[state-dump] - num objects actively pulled / pinned: 0
[state-dump] - num bundles being pulled: 0
[state-dump] - num pull retries: 0
[state-dump] - max timeout seconds: 10
[state-dump] - max timeout request is already processed. No entry.
[state-dump] 
[state-dump] WorkerPool:
[state-dump] - registered jobs: 0
[state-dump] - process_failed_job_config_missing: 0
[state-dump] - process_failed_rate_limited: 0
[state-dump] - process_failed_pending_registration: 0
[state-dump] - process_failed_runtime_env_setup_failed: 0
[state-dump] - num PYTHON workers: 0
[state-dump] - num PYTHON drivers: 0
[state-dump] - num PYTHON pending start requests: 0
[state-dump] - num PYTHON pending registration requests: 0
[state-dump] - num object spill callbacks queued: 0
[state-dump] - num object restore queued: 0
[state-dump] - num util functions queued: 0
[state-dump] - num idle workers: 0
[state-dump] LeaseDependencyManager:
[state-dump] - lease deps map size: 0
[state-dump] - get req map size: 0
[state-dump] - wait req map size: 0
[state-dump] - local objects map size: 0
[state-dump] WaitManager:
[state-dump] - num active wait requests: 0
[state-dump] Subscriber:
[state-dump] Channel WORKER_OBJECT_LOCATIONS_CHANNEL
[state-dump] - cumulative subscribe requests: 16
[state-dump] - cumulative unsubscribe requests: 16
[state-dump] - active subscribed publishers: 0
[state-dump] - cumulative published messages: 26
[state-dump] - cumulative processed messages: 18
[state-dump] Channel WORKER_REF_REMOVED_CHANNEL
[state-dump] - cumulative subscribe requests: 0
[state-dump] - cumulative unsubscribe requests: 0
[state-dump] - active subscribed publishers: 0
[state-dump] - cumulative published messages: 0
[state-dump] - cumulative processed messages: 0
[state-dump] num async plasma notifications: 0
[state-dump] Event stats:
[state-dump] Global stats: 32237 total (13 active)
[state-dump] Queueing time: mean = 156.56ms, max = 327445.13ms, min = -0.02ms, total = 5046895.23ms
[state-dump] Execution time:  mean = 22.24ms, total = 717103.62ms
[state-dump] Event stats:
[state-dump] 	NodeManager.CheckGC - 7199 total (1 active), Execution time: mean = 0.00ms, total = 12.16ms, Queueing time: mean = 0.02ms, max = 18.59ms, min = -0.02ms, total = 168.19ms
[state-dump] 	RaySyncer.BroadcastMessageIfNewVersion - 7199 total (1 active), Execution time: mean = 0.00ms, total = 12.02ms, Queueing time: mean = 0.02ms, max = 18.59ms, min = 0.00ms, total = 166.22ms
[state-dump] 	ObjectManager.UpdateAvailableMemory - 7199 total (0 active), Execution time: mean = 0.00ms, total = 6.69ms, Queueing time: mean = 0.01ms, max = 0.16ms, min = 0.00ms, total = 59.41ms
[state-dump] 	RayletWorkerPool.deadline_timer.kill_idle_workers - 3600 total (1 active), Execution time: mean = 0.00ms, total = 7.76ms, Queueing time: mean = 0.03ms, max = 23.53ms, min = -0.02ms, total = 102.38ms
[state-dump] 	NodeManager.deadline_timer.spill_objects_when_over_threshold - 720 total (1 active), Execution time: mean = 0.00ms, total = 1.00ms, Queueing time: mean = 0.13ms, max = 23.80ms, min = 0.00ms, total = 95.44ms
[state-dump] 	NodeManager.deadline_timer.flush_free_objects - 720 total (1 active), Execution time: mean = 0.00ms, total = 1.50ms, Queueing time: mean = 0.13ms, max = 23.80ms, min = 0.00ms, total = 95.00ms
[state-dump] 	NodeManager.ScheduleAndGrantLeases - 720 total (1 active), Execution time: mean = 0.00ms, total = 3.25ms, Queueing time: mean = 0.02ms, max = 0.65ms, min = 0.00ms, total = 14.13ms
[state-dump] 	NodeManager.CheckForUnexpectedWorkerDisconnects - 720 total (1 active), Execution time: mean = 0.01ms, total = 8.15ms, Queueing time: mean = 0.01ms, max = 0.64ms, min = 0.00ms, total = 9.01ms
[state-dump] 	NodeManagerService.grpc_server.GetResourceLoad - 706 total (0 active), Execution time: mean = 0.34ms, total = 240.16ms, Queueing time: mean = 0.00ms, max = -0.00ms, min = 9223372036854.78ms, total = 0.00ms
[state-dump] 	NodeManagerService.grpc_server.GetResourceLoad.HandleRequestImpl - 706 total (0 active), Execution time: mean = 0.08ms, total = 59.88ms, Queueing time: mean = 0.02ms, max = 0.24ms, min = 0.00ms, total = 14.72ms
[state-dump] 	CoreWorkerService.grpc_client.GetCoreWorkerStats.OnReplyReceived - 338 total (0 active), Execution time: mean = 0.02ms, total = 5.18ms, Queueing time: mean = 0.04ms, max = 0.13ms, min = 0.00ms, total = 13.19ms
[state-dump] 	CoreWorkerService.grpc_client.GetCoreWorkerStats - 338 total (0 active), Execution time: mean = 0.68ms, total = 230.62ms, Queueing time: mean = 0.00ms, max = -0.00ms, min = 9223372036854.78ms, total = 0.00ms
[state-dump] 	ClusterResourceManager.ResetRemoteNodeView - 241 total (1 active), Execution time: mean = 0.00ms, total = 0.59ms, Queueing time: mean = 0.02ms, max = 0.25ms, min = 0.00ms, total = 4.90ms
[state-dump] 	NodeManager.deadline_timer.record_metrics - 144 total (1 active), Execution time: mean = 0.22ms, total = 31.78ms, Queueing time: mean = 0.45ms, max = 23.64ms, min = 0.00ms, total = 64.26ms
[state-dump] 	NodeManagerService.grpc_server.GetWorkerPIDs - 130 total (0 active), Execution time: mean = 0.29ms, total = 37.92ms, Queueing time: mean = 0.00ms, max = -0.00ms, min = 9223372036854.78ms, total = 0.00ms
[state-dump] 	NodeManagerService.grpc_server.GetAgentPIDs - 130 total (0 active), Execution time: mean = 0.30ms, total = 39.16ms, Queueing time: mean = 0.00ms, max = -0.00ms, min = 9223372036854.78ms, total = 0.00ms
[state-dump] 	NodeManagerService.grpc_server.GetWorkerPIDs.HandleRequestImpl - 130 total (0 active), Execution time: mean = 0.03ms, total = 3.52ms, Queueing time: mean = 0.03ms, max = 1.54ms, min = 0.01ms, total = 4.20ms
[state-dump] 	NodeManagerService.grpc_server.GetAgentPIDs.HandleRequestImpl - 130 total (0 active), Execution time: mean = 0.02ms, total = 2.92ms, Queueing time: mean = 0.04ms, max = 0.11ms, min = 0.00ms, total = 4.84ms
[state-dump] 	ClientConnection.async_read.ProcessMessageHeader - 120 total (0 active), Execution time: mean = 0.00ms, total = 0.56ms, Queueing time: mean = 42033.51ms, max = 327445.13ms, min = 0.01ms, total = 5044021.02ms
[state-dump] 	ClientConnection.async_read.ProcessMessage - 120 total (0 active), Execution time: mean = 0.27ms, total = 32.39ms, Queueing time: mean = 0.07ms, max = 2.49ms, min = 0.00ms, total = 8.29ms
[state-dump] 	event_loop_lag_probe - 74 total (0 active), Execution time: mean = 0.02ms, total = 1.15ms, Queueing time: mean = 0.10ms, max = 6.99ms, min = 0.00ms, total = 7.23ms
[state-dump] 	NodeManager.deadline_timer.debug_state_dump - 72 total (1 active), Execution time: mean = 1.32ms, total = 95.07ms, Queueing time: mean = 0.01ms, max = 0.03ms, min = 0.00ms, total = 0.88ms
[state-dump] 	 - 66 total (0 active), Execution time: mean = 0.06ms, total = 4.02ms, Queueing time: mean = 0.32ms, max = 19.87ms, min = 0.00ms, total = 21.28ms
[state-dump] 	Subscriber.HandlePublishedMessage_GCS_WORKER_DELTA_CHANNEL - 53 total (0 active), Execution time: mean = 0.00ms, total = 0.05ms, Queueing time: mean = 0.14ms, max = 1.01ms, min = 0.03ms, total = 7.47ms
[state-dump] 	NodeManagerService.grpc_server.GetNodeStats.HandleRequestImpl - 47 total (0 active), Execution time: mean = 0.42ms, total = 19.88ms, Queueing time: mean = 0.02ms, max = 0.05ms, min = 0.01ms, total = 1.10ms
[state-dump] 	NodeManagerService.grpc_server.GetNodeStats - 47 total (0 active), Execution time: mean = 1.31ms, total = 61.36ms, Queueing time: mean = 0.00ms, max = -0.00ms, min = 9223372036854.78ms, total = 0.00ms
[state-dump] 	RaySyncer.BroadcastMessage - 39 total (0 active), Execution time: mean = 0.08ms, total = 3.25ms, Queueing time: mean = 0.00ms, max = 0.00ms, min = 0.00ms, total = 0.01ms
[state-dump] 	ObjectManager.ObjectDeleted - 32 total (0 active), Execution time: mean = 0.02ms, total = 0.79ms, Queueing time: mean = 0.18ms, max = 0.59ms, min = 0.01ms, total = 5.88ms
[state-dump] 	ObjectManager.ObjectAdded - 32 total (0 active), Execution time: mean = 0.07ms, total = 2.17ms, Queueing time: mean = 0.19ms, max = 0.89ms, min = 0.00ms, total = 6.18ms
[state-dump] 	ray::rpc::ControlPlanePubSubGcsService.grpc_client.GcsSubscriberPoll - 25 total (0 active), Execution time: mean = 28283.07ms, total = 707076.72ms, Queueing time: mean = 0.00ms, max = -0.00ms, min = 9223372036854.78ms, total = 0.00ms
[state-dump] 	ray::rpc::ControlPlanePubSubGcsService.grpc_client.GcsSubscriberPoll.OnReplyReceived - 25 total (0 active), Execution time: mean = 0.09ms, total = 2.35ms, Queueing time: mean = 0.05ms, max = 0.36ms, min = 0.00ms, total = 1.18ms
[state-dump] 	Subscriber.HandlePublishedMessage_WORKER_OBJECT_LOCATIONS_CHANNEL - 18 total (0 active), Execution time: mean = 0.06ms, total = 1.05ms, Queueing time: mean = 0.27ms, max = 0.69ms, min = 0.03ms, total = 4.92ms
[state-dump] 	NodeManagerService.grpc_server.FreeLocalObjects - 16 total (0 active), Execution time: mean = 0.26ms, total = 4.21ms, Queueing time: mean = 0.00ms, max = -0.00ms, min = 9223372036854.78ms, total = 0.00ms
[state-dump] 	NodeManagerService.grpc_server.GetSystemConfig.HandleRequestImpl - 16 total (0 active), Execution time: mean = 0.01ms, total = 0.23ms, Queueing time: mean = 0.01ms, max = 0.04ms, min = 0.01ms, total = 0.20ms
[state-dump] 	NodeManagerService.grpc_server.KillLocalActor.HandleRequestImpl - 16 total (0 active), Execution time: mean = 0.14ms, total = 2.28ms, Queueing time: mean = 0.28ms, max = 0.65ms, min = 0.00ms, total = 4.42ms
[state-dump] 	NodeManagerService.grpc_server.RequestWorkerLease.HandleRequestImpl - 16 total (0 active), Execution time: mean = 1.47ms, total = 23.55ms, Queueing time: mean = 5.43ms, max = 17.83ms, min = 0.01ms, total = 86.81ms
[state-dump] 	ray::rpc::WorkerInfoGcsService.grpc_client.ReportWorkerFailure.OnReplyReceived - 16 total (0 active), Execution time: mean = 0.01ms, total = 0.21ms, Queueing time: mean = 0.23ms, max = 0.50ms, min = 0.00ms, total = 3.67ms
[state-dump] 	NodeManagerService.grpc_server.KillLocalActor - 16 total (0 active), Execution time: mean = 15.22ms, total = 243.50ms, Queueing time: mean = 0.00ms, max = -0.00ms, min = 9223372036854.78ms, total = 0.00ms
[state-dump] 	ray::rpc::WorkerInfoGcsService.grpc_client.ReportWorkerFailure - 16 total (0 active), Execution time: mean = 6.64ms, total = 106.28ms, Queueing time: mean = 0.00ms, max = -0.00ms, min = 9223372036854.78ms, total = 0.00ms
[state-dump] 	NodeManagerService.grpc_server.RequestWorkerLease - 16 total (0 active), Execution time: mean = 470.59ms, total = 7529.45ms, Queueing time: mean = 0.00ms, max = -0.00ms, min = 9223372036854.78ms, total = 0.00ms
[state-dump] 	CoreWorkerService.grpc_client.KillActor - 16 total (0 active), Execution time: mean = 14.74ms, total = 235.90ms, Queueing time: mean = 0.00ms, max = -0.00ms, min = 9223372036854.78ms, total = 0.00ms
[state-dump] 	NodeManagerService.grpc_server.GetSystemConfig - 16 total (0 active), Execution time: mean = 0.22ms, total = 3.49ms, Queueing time: mean = 0.00ms, max = -0.00ms, min = 9223372036854.78ms, total = 0.00ms
[state-dump] 	ObjectManagerService.grpc_client.Pull - 16 total (0 active), Execution time: mean = 1.30ms, total = 20.75ms, Queueing time: mean = 0.00ms, max = -0.00ms, min = 9223372036854.78ms, total = 0.00ms
[state-dump] 	ObjectManagerService.grpc_client.Pull.OnReplyReceived - 16 total (0 active), Execution time: mean = 0.01ms, total = 0.20ms, Queueing time: mean = 0.04ms, max = 0.21ms, min = 0.01ms, total = 0.65ms
[state-dump] 	NodeManagerService.grpc_server.FreeLocalObjects.HandleRequestImpl - 16 total (0 active), Execution time: mean = 0.01ms, total = 0.14ms, Queueing time: mean = 0.02ms, max = 0.04ms, min = 0.01ms, total = 0.30ms
[state-dump] 	CoreWorkerService.grpc_client.KillActor.OnReplyReceived - 16 total (0 active), Execution time: mean = 0.07ms, total = 1.08ms, Queueing time: mean = 0.03ms, max = 0.12ms, min = 0.00ms, total = 0.49ms
[state-dump] 	ClientConnection.async_write.DoAsyncWrites - 16 total (0 active), Execution time: mean = 0.00ms, total = 0.01ms, Queueing time: mean = 0.01ms, max = 0.02ms, min = 0.00ms, total = 0.18ms
[state-dump] 	PeriodicalRunner.RunFnPeriodically - 13 total (0 active), Execution time: mean = 0.29ms, total = 3.82ms, Queueing time: mean = 144.58ms, max = 624.32ms, min = 0.02ms, total = 1879.51ms
[state-dump] 	CoreWorkerService.grpc_client.PubsubLongPolling - 12 total (0 active), Execution time: mean = 2.96ms, total = 35.57ms, Queueing time: mean = 0.00ms, max = -0.00ms, min = 9223372036854.78ms, total = 0.00ms
[state-dump] 	NodeManager.GcsCheckAlive - 12 total (1 active), Execution time: mean = 0.14ms, total = 1.68ms, Queueing time: mean = 0.58ms, max = 0.76ms, min = 0.52ms, total = 6.96ms
[state-dump] 	ray::rpc::NodeInfoGcsService.grpc_client.CheckAlive.OnReplyReceived - 12 total (0 active), Execution time: mean = 0.02ms, total = 0.24ms, Queueing time: mean = 0.01ms, max = 0.02ms, min = 0.01ms, total = 0.13ms
[state-dump] 	ray::rpc::NodeInfoGcsService.grpc_client.CheckAlive - 12 total (0 active), Execution time: mean = 0.75ms, total = 8.98ms, Queueing time: mean = 0.00ms, max = -0.00ms, min = 9223372036854.78ms, total = 0.00ms
[state-dump] 	NodeManager.deadline_timer.print_event_loop_stats - 12 total (1 active, 1 running), Execution time: mean = 0.71ms, total = 8.54ms, Queueing time: mean = 0.01ms, max = 0.03ms, min = 0.00ms, total = 0.10ms
[state-dump] 	CoreWorkerService.grpc_client.PubsubLongPolling.OnReplyReceived - 12 total (0 active), Execution time: mean = 0.08ms, total = 0.95ms, Queueing time: mean = 0.24ms, max = 0.79ms, min = 0.00ms, total = 2.84ms
[state-dump] 	CoreWorkerService.grpc_client.UpdateObjectLocationBatch - 11 total (0 active), Execution time: mean = 0.38ms, total = 4.23ms, Queueing time: mean = 0.00ms, max = -0.00ms, min = 9223372036854.78ms, total = 0.00ms
[state-dump] 	CoreWorkerService.grpc_client.UpdateObjectLocationBatch.OnReplyReceived - 11 total (0 active), Execution time: mean = 0.04ms, total = 0.40ms, Queueing time: mean = 0.20ms, max = 0.82ms, min = 0.01ms, total = 2.19ms
[state-dump] 	CoreWorkerService.grpc_client.PubsubCommandBatch.OnReplyReceived - 10 total (0 active), Execution time: mean = 0.09ms, total = 0.88ms, Queueing time: mean = 0.10ms, max = 0.38ms, min = 0.00ms, total = 0.99ms
[state-dump] 	CoreWorkerService.grpc_client.PubsubCommandBatch - 10 total (0 active), Execution time: mean = 2.94ms, total = 29.45ms, Queueing time: mean = 0.00ms, max = -0.00ms, min = 9223372036854.78ms, total = 0.00ms
[state-dump] 	Subscriber.HandlePublishedMessage_GCS_NODE_ADDRESS_AND_LIVENESS_CHANNEL - 2 total (0 active), Execution time: mean = 0.11ms, total = 0.23ms, Queueing time: mean = 0.25ms, max = 0.27ms, min = 0.23ms, total = 0.50ms
[state-dump] 	RaySyncerRegister - 2 total (0 active), Execution time: mean = 0.00ms, total = 0.00ms, Queueing time: mean = 0.00ms, max = 0.00ms, min = 0.00ms, total = 0.00ms
[state-dump] 	ray::rpc::ControlPlanePubSubGcsService.grpc_client.GcsSubscriberCommandBatch.OnReplyReceived - 2 total (0 active), Execution time: mean = 0.05ms, total = 0.09ms, Queueing time: mean = 1.63ms, max = 3.14ms, min = 0.11ms, total = 3.25ms
[state-dump] 	Subscriber.HandlePublishedMessage_GCS_JOB_CHANNEL - 2 total (0 active), Execution time: mean = 0.04ms, total = 0.08ms, Queueing time: mean = 0.16ms, max = 0.28ms, min = 0.05ms, total = 0.32ms
[state-dump] 	ray::rpc::ControlPlanePubSubGcsService.grpc_client.GcsSubscriberCommandBatch - 2 total (0 active), Execution time: mean = 0.72ms, total = 1.43ms, Queueing time: mean = 0.00ms, max = -0.00ms, min = 9223372036854.78ms, total = 0.00ms
[state-dump] 	ReporterService.grpc_client.HealthCheck.OnReplyReceived - 1 total (0 active), Execution time: mean = 0.13ms, total = 0.13ms, Queueing time: mean = 0.02ms, max = 0.02ms, min = 0.02ms, total = 0.02ms
[state-dump] 	NodeManager.GCTaskFailureReason - 1 total (1 active), Execution time: mean = 0.00ms, total = 0.00ms, Queueing time: mean = 0.00ms, max = -0.00ms, min = 9223372036854.78ms, total = 0.00ms
[state-dump] 	ReporterService.grpc_client.HealthCheck - 1 total (0 active), Execution time: mean = 190.29ms, total = 190.29ms, Queueing time: mean = 0.00ms, max = -0.00ms, min = 9223372036854.78ms, total = 0.00ms
[state-dump] 	ray::rpc::NodeInfoGcsService.grpc_client.GetAllNodeAddressAndLiveness.OnReplyReceived - 1 total (0 active), Execution time: mean = 0.11ms, total = 0.11ms, Queueing time: mean = 0.01ms, max = 0.01ms, min = 0.01ms, total = 0.01ms
[state-dump] 	ray::rpc::InternalKVGcsService.grpc_client.GetInternalConfig.OnReplyReceived - 1 total (0 active), Execution time: mean = 628.39ms, total = 628.39ms, Queueing time: mean = 0.01ms, max = 0.01ms, min = 0.01ms, total = 0.01ms
[state-dump] 	ray::rpc::NodeInfoGcsService.grpc_client.GetAllNodeAddressAndLiveness - 1 total (0 active), Execution time: mean = 0.75ms, total = 0.75ms, Queueing time: mean = 0.00ms, max = -0.00ms, min = 9223372036854.78ms, total = 0.00ms
[state-dump] 	NodeManagerService.grpc_server.CommitBundleResources.HandleRequestImpl - 1 total (0 active), Execution time: mean = 1.11ms, total = 1.11ms, Queueing time: mean = 0.03ms, max = 0.03ms, min = 0.03ms, total = 0.03ms
[state-dump] 	ray::rpc::JobInfoGcsService.grpc_client.GetAllJobInfo - 1 total (0 active), Execution time: mean = 0.69ms, total = 0.69ms, Queueing time: mean = 0.00ms, max = -0.00ms, min = 9223372036854.78ms, total = 0.00ms
[state-dump] 	~RetryableGrpcClient - 1 total (0 active), Execution time: mean = 0.02ms, total = 0.02ms, Queueing time: mean = 0.02ms, max = 0.02ms, min = 0.02ms, total = 0.02ms
[state-dump] 	NodeManagerService.grpc_client.IsLocalWorkerDead.OnReplyReceived - 1 total (0 active), Execution time: mean = 0.06ms, total = 0.06ms, Queueing time: mean = 0.01ms, max = 0.01ms, min = 0.01ms, total = 0.01ms
[state-dump] 	ray::rpc::NodeInfoGcsService.grpc_client.RegisterNode.OnReplyReceived - 1 total (0 active), Execution time: mean = 0.24ms, total = 0.24ms, Queueing time: mean = 0.01ms, max = 0.01ms, min = 0.01ms, total = 0.01ms
[state-dump] 	ray::rpc::JobInfoGcsService.grpc_client.GetAllJobInfo.OnReplyReceived - 1 total (0 active), Execution time: mean = 0.01ms, total = 0.01ms, Queueing time: mean = 0.01ms, max = 0.01ms, min = 0.01ms, total = 0.01ms
[state-dump] 	ray::rpc::NodeInfoGcsService.grpc_client.RegisterNode - 1 total (0 active), Execution time: mean = 0.80ms, total = 0.80ms, Queueing time: mean = 0.00ms, max = -0.00ms, min = 9223372036854.78ms, total = 0.00ms
[state-dump] 	ray::rpc::InternalKVGcsService.grpc_client.GetInternalConfig - 1 total (0 active), Execution time: mean = 0.89ms, total = 0.89ms, Queueing time: mean = 0.00ms, max = -0.00ms, min = 9223372036854.78ms, total = 0.00ms
[state-dump] 	NodeManagerService.grpc_server.CommitBundleResources - 1 total (0 active), Execution time: mean = 1.45ms, total = 1.45ms, Queueing time: mean = 0.00ms, max = -0.00ms, min = 9223372036854.78ms, total = 0.00ms
[state-dump] 	NodeManagerService.grpc_server.PrepareBundleResources - 1 total (0 active), Execution time: mean = 1.19ms, total = 1.19ms, Queueing time: mean = 0.00ms, max = -0.00ms, min = 9223372036854.78ms, total = 0.00ms
[state-dump] 	NodeManagerService.grpc_server.RemovePlacementGroupBundles - 1 total (0 active), Execution time: mean = 1.27ms, total = 1.27ms, Queueing time: mean = 0.00ms, max = -0.00ms, min = 9223372036854.78ms, total = 0.00ms
[state-dump] 	NodeManagerService.grpc_server.PrepareBundleResources.HandleRequestImpl - 1 total (0 active), Execution time: mean = 0.85ms, total = 0.85ms, Queueing time: mean = 0.03ms, max = 0.03ms, min = 0.03ms, total = 0.03ms
[state-dump] 	NodeManagerService.grpc_client.IsLocalWorkerDead - 1 total (0 active), Execution time: mean = 1.65ms, total = 1.65ms, Queueing time: mean = 0.00ms, max = -0.00ms, min = 9223372036854.78ms, total = 0.00ms
[state-dump] 	NodeManagerService.grpc_server.RemovePlacementGroupBundles.HandleRequestImpl - 1 total (0 active), Execution time: mean = 0.79ms, total = 0.79ms, Queueing time: mean = 0.23ms, max = 0.23ms, min = 0.23ms, total = 0.23ms
[state-dump] DebugString() time ms: 0
[state-dump] 
[state-dump] 
[2026-09-03 22:10:30,044 I 79 79] (raylet) ray_syncer.cc:108: Connection to the node was broken, reconnecting. node_id=00000000000000000000000000000000000000000000000000000000
[2026-09-03 22:10:30,045 I 79 79] (raylet) ray_syncer_bidi_reactor_base.h:243: Failed to read a message from node: 00000000000000000000000000000000000000000000000000000000
[2026-09-03 22:10:32,045 I 79 79] (raylet) ray_syncer.cc:108: Connection to the node was broken, reconnecting. node_id=00000000000000000000000000000000000000000000000000000000
[2026-09-03 22:10:32,045 I 79 79] (raylet) ray_syncer_bidi_reactor_base.h:243: Failed to read a message from node: 00000000000000000000000000000000000000000000000000000000
[2026-09-03 22:10:34,045 I 79 79] (raylet) ray_syncer.cc:108: Connection to the node was broken, reconnecting. node_id=00000000000000000000000000000000000000000000000000000000
[2026-09-03 22:10:34,045 I 79 79] (raylet) ray_syncer_bidi_reactor_base.h:243: Failed to read a message from node: 00000000000000000000000000000000000000000000000000000000
[2026-09-03 22:10:36,045 I 79 79] (raylet) ray_syncer.cc:108: Connection to the node was broken, reconnecting. node_id=00000000000000000000000000000000000000000000000000000000
[2026-09-03 22:10:36,046 I 79 79] (raylet) ray_syncer_bidi_reactor_base.h:225: Failed to send a message to node: 00000000000000000000000000000000000000000000000000000000
[2026-09-03 22:10:36,046 I 79 79] (raylet) ray_syncer_bidi_reactor_base.h:243: Failed to read a message from node: 00000000000000000000000000000000000000000000000000000000
[2026-09-03 22:10:38,046 I 79 79] (raylet) ray_syncer.cc:108: Connection to the node was broken, reconnecting. node_id=00000000000000000000000000000000000000000000000000000000
[2026-09-03 22:10:38,046 I 79 79] (raylet) ray_syncer_bidi_reactor_base.h:225: Failed to send a message to node: 00000000000000000000000000000000000000000000000000000000
[2026-09-03 22:10:38,046 I 79 79] (raylet) ray_syncer_bidi_reactor_base.h:243: Failed to read a message from node: 00000000000000000000000000000000000000000000000000000000
[2026-09-03 22:10:40,046 I 79 79] (raylet) ray_syncer.cc:108: Connection to the node was broken, reconnecting. node_id=00000000000000000000000000000000000000000000000000000000
[2026-09-03 22:10:40,047 I 79 79] (raylet) ray_syncer_bidi_reactor_base.h:243: Failed to read a message from node: 00000000000000000000000000000000000000000000000000000000
