[2026-09-04 00:57:40,834 I 79 79] (raylet) main.cc:281: Setting cluster ID to: 05e17e091239ae49d2433a97f5238295612d1196ebac1c29cbe92921
[2026-09-04 00:57:40,842 I 79 79] (raylet) main.cc:565: Per-worker process group cleanup is ENABLED, subreaper is DISABLED
[2026-09-04 00:57:40,842 I 79 79] (raylet) main.cc:703: Setting node ID node_id=82dfc8c23c51709b77aaa7de2deacf9d421699bfcaad6b6cc4f66c59
[2026-09-04 00:57:40,842 I 79 79] (raylet) store_runner.cc:50: Allowing the Plasma store to use up to 4.29497GB of memory.
[2026-09-04 00:57:40,842 I 79 79] (raylet) store_runner.cc:66: Starting object store with directory /dev/shm, fallback /tmp/ray/session_2026-09-04_00-57-27_976011_235, and huge page support disabled
[2026-09-04 00:57:40,842 I 79 102] (raylet) dlmalloc.cc:324: Setting dlmalloc config: plasma_directory=/dev/shm, fallback_directory=/tmp/ray/session_2026-09-04_00-57-27_976011_235, hugepage_enabled=0, fallback_enabled=1
[2026-09-04 00:57:40,842 I 79 102] (raylet) dlmalloc.cc:153: create_and_mmap_buffer(4294967304, /dev/shm/plasmaXXXXXX)
[2026-09-04 00:57:40,843 I 79 102] (raylet) store.cc:573: Plasma store debug dump: 
Current usage: 0 / 4.29497 GB
- num bytes created total: 0
0 pending objects of total size 0MB
- objects spillable: 0
- bytes spillable: 0
- objects unsealed: 0
- bytes unsealed: 0
- objects in use: 0
- bytes in use: 0
- objects evictable: 0
- bytes evictable: 0

- objects created by worker: 0
- bytes created by worker: 0
- objects restored: 0
- bytes restored: 0
- objects received: 0
- bytes received: 0
- objects errored: 0
- bytes errored: 0

[2026-09-04 00:57:40,845 I 79 79] (raylet) grpc_server.cc:144: ObjectManager server started, listening on port 38911.
[2026-09-04 00:57:40,846 I 79 79] (raylet) threshold_memory_monitor.cc:51: ThresholdMemoryMonitor initialized with usage threshold at 3083982077952 bytes (95.000000% of system memory), total system memory bytes: 3246296993792, monitor interval: 250ms
[2026-09-04 00:57:40,846 I 79 79] (raylet) node_manager.cc:293: Initializing NodeManager node_id=82dfc8c23c51709b77aaa7de2deacf9d421699bfcaad6b6cc4f66c59
[2026-09-04 00:57:40,846 I 79 79] (raylet) grpc_server.cc:144: NodeManager server started, listening on port 38307.
[2026-09-04 00:57:40,849 I 79 149] (raylet) agent_manager.cc:81: Monitor agent process with name dashboard_agent
[2026-09-04 00:57:40,849 I 79 151] (raylet) agent_manager.cc:81: Monitor agent process with name runtime_env_agent
[2026-09-04 00:57:41,470 I 79 79] (raylet) metrics_agent_client.cc:45: Initializing exporter ...
[2026-09-04 00:57:41,471 I 79 79] (raylet) event.cc:499: Ray Event initialized for RAYLET
[2026-09-04 00:57:41,471 I 79 79] (raylet) event.cc:332: Set ray event level to warning
[2026-09-04 00:57:41,471 I 79 79] (raylet) main.cc:1156: Setting temp dir to: /tmp/ray
[2026-09-04 00:57:41,472 I 79 79] (raylet) node_manager.cc:349: Raylet of id, 82dfc8c23c51709b77aaa7de2deacf9d421699bfcaad6b6cc4f66c59 started. Raylet consists of node_manager and object_manager. node_manager address: 10.244.180.242:0 object_manager address: 10.244.180.242:38911 hostname: gpu-nodes-3
[2026-09-04 00:57:41,473 I 79 79] (raylet) node_manager.cc:486: [state-dump] NodeManager:
[state-dump] Node ID: 82dfc8c23c51709b77aaa7de2deacf9d421699bfcaad6b6cc4f66c59
[state-dump] Node name: 10.244.180.242
[state-dump] InitialConfigResources: {node:10.244.180.242: 1, object_store_memory: 4.29497e+09, GPU: 8, CPU: 64, accelerator_type:B200: 1, memory: 3.24185e+12}
[state-dump] ClusterLeaseManager:
[state-dump] ========== Node: 82dfc8c23c51709b77aaa7de2deacf9d421699bfcaad6b6cc4f66c59 =================
[state-dump] Infeasible queue length: 0
[state-dump] Schedule queue length: 0
[state-dump] Grant queue length: 0
[state-dump] num_waiting_for_resource: 0
[state-dump] num_waiting_for_plasma_memory: 0
[state-dump] num_waiting_for_remote_node_resources: 0
[state-dump] num_worker_not_started_by_job_config_not_exist: 0
[state-dump] num_worker_not_started_by_registration_timeout: 0
[state-dump] num_tasks_waiting_for_workers: 0
[state-dump] num_cancelled_leases: 0
[state-dump] cluster_resource_scheduler state: 
[state-dump] Local id: -8170265163178445639 Local resources: {"total":{CPU: [640000], node:10.244.180.242: [10000], GPU: [10000, 10000, 10000, 10000, 10000, 10000, 10000, 10000], memory: [32418475745280000], accelerator_type:B200: [10000], object_store_memory: [42949672960000]}, "available": {CPU: [640000], node:10.244.180.242: [10000], GPU: [10000, 10000, 10000, 10000, 10000, 10000, 10000, 10000], memory: [32418475745280000], accelerator_type:B200: [10000], object_store_memory: [42949672960000]}, "labels":{"ray.io/node-id":"82dfc8c23c51709b77aaa7de2deacf9d421699bfcaad6b6cc4f66c59","ray.io/accelerator-type":"B200"}} is_draining: 0 is_idle: 1 Cluster resources (at most 20 nodes are shown): node id: -8170265163178445639{"total":{CPU: 640000, object_store_memory: 42949672960000, GPU: 80000, node:10.244.180.242: 10000, memory: 32418475745280000, accelerator_type:B200: 10000}, "available": {CPU: 640000, object_store_memory: 42949672960000, GPU: 80000, node:10.244.180.242: 10000, memory: 32418475745280000, accelerator_type:B200: 10000}, "labels":{"ray.io/node-id":"82dfc8c23c51709b77aaa7de2deacf9d421699bfcaad6b6cc4f66c59","ray.io/accelerator-type":"B200"}, "is_draining": 0, "draining_deadline_timestamp_ms": -1} { "placement group locations": [], "node to bundles": []}
[state-dump] Waiting leases size: 0
[state-dump] Number of granted lease arguments: 0
[state-dump] Number of pinned lease arguments: 0
[state-dump] Total size of pinned lease arguments: 0
[state-dump] Number of total spilled leases: 0
[state-dump] Number of spilled waiting leases: 0
[state-dump] Number of spilled unschedulable leases: 0
[state-dump] Resource usage {
[state-dump] }
[state-dump] Backlog Size per scheduling descriptor :{workerId: num backlogs}:
[state-dump] 
[state-dump] Granted leases by scheduling class:
[state-dump] ==================================================
[state-dump] 
[state-dump] ClusterResources:
[state-dump] LocalObjectManager:
[state-dump] - num pinned objects: 0
[state-dump] - pinned objects size: 0
[state-dump] - num objects pending restore: 0
[state-dump] - num objects pending spill: 0
[state-dump] - num bytes pending spill: 0
[state-dump] - num bytes currently spilled: 0
[state-dump] - cumulative spill requests: 0
[state-dump] - cumulative restore requests: 0
[state-dump] - spilled objects pending delete: 0
[state-dump] 
[state-dump] ObjectManager:
[state-dump] - num local objects: 0
[state-dump] - num unfulfilled push requests: 0
[state-dump] - num object pull requests: 0
[state-dump] - num chunks received total: 0
[state-dump] - num chunks received failed (all): 0
[state-dump] - num chunks received failed / cancelled: 0
[state-dump] - num chunks received failed / plasma error: 0
[state-dump] Event stats:
[state-dump] Global stats: 0 total (0 active)
[state-dump] Queueing time: mean = -nanms, max = -0.00ms, min = 9223372036854.78ms, total = 0.00ms
[state-dump] Execution time:  mean = -nanms, total = 0.00ms
[state-dump] Event stats:
[state-dump] PushManager:
[state-dump] - num pushes remaining: 0
[state-dump] - num chunks in flight: 0
[state-dump] - num chunks remaining: 0
[state-dump] - max chunks allowed: 409
[state-dump] OwnershipBasedObjectDirectory:
[state-dump] - num listeners: 0
[state-dump] - cumulative location updates: 0
[state-dump] - num location updates per second: -nan
[state-dump] - num location lookups per second: -nan
[state-dump] - num locations added per second: -nan
[state-dump] - num locations removed per second: -nan
[state-dump] BufferPool:
[state-dump] - create buffer state map size: 0
[state-dump] PullManager:
[state-dump] - num bytes available for pulled objects: 4294967296
[state-dump] - num bytes being pulled (all): 0
[state-dump] - num bytes being pulled / pinned: 0
[state-dump] - get request bundles: BundlePullRequestQueue{0 total, 0 active, 0 inactive, 0 unpullable}
[state-dump] - wait request bundles: BundlePullRequestQueue{0 total, 0 active, 0 inactive, 0 unpullable}
[state-dump] - task request bundles: BundlePullRequestQueue{0 total, 0 active, 0 inactive, 0 unpullable}
[state-dump] - first get request bundle: N/A
[state-dump] - first wait request bundle: N/A
[state-dump] - first task request bundle: N/A
[state-dump] - num objects queued: 0
[state-dump] - num objects actively pulled (all): 0
[state-dump] - num objects actively pulled / pinned: 0
[state-dump] - num bundles being pulled: 0
[state-dump] - num pull retries: 0
[state-dump] - max timeout seconds: 0
[state-dump] - max timeout request is already processed. No entry.
[state-dump] 
[state-dump] WorkerPool:
[state-dump] - registered jobs: 0
[state-dump] - process_failed_job_config_missing: 0
[state-dump] - process_failed_rate_limited: 0
[state-dump] - process_failed_pending_registration: 0
[state-dump] - process_failed_runtime_env_setup_failed: 0
[state-dump] - num PYTHON workers: 0
[state-dump] - num PYTHON drivers: 0
[state-dump] - num PYTHON pending start requests: 0
[state-dump] - num PYTHON pending registration requests: 0
[state-dump] - num object spill callbacks queued: 0
[state-dump] - num object restore queued: 0
[state-dump] - num util functions queued: 0
[state-dump] - num idle workers: 0
[state-dump] LeaseDependencyManager:
[state-dump] - lease deps map size: 0
[state-dump] - get req map size: 0
[state-dump] - wait req map size: 0
[state-dump] - local objects map size: 0
[state-dump] WaitManager:
[state-dump] - num active wait requests: 0
[state-dump] Subscriber:
[state-dump] Channel WORKER_OBJECT_LOCATIONS_CHANNEL
[state-dump] - cumulative subscribe requests: 0
[state-dump] - cumulative unsubscribe requests: 0
[state-dump] - active subscribed publishers: 0
[state-dump] - cumulative published messages: 0
[state-dump] - cumulative processed messages: 0
[state-dump] Channel WORKER_REF_REMOVED_CHANNEL
[state-dump] - cumulative subscribe requests: 0
[state-dump] - cumulative unsubscribe requests: 0
[state-dump] - active subscribed publishers: 0
[state-dump] - cumulative published messages: 0
[state-dump] - cumulative processed messages: 0
[state-dump] num async plasma notifications: 0
[state-dump] Event stats:
[state-dump] Global stats: 30 total (14 active)
[state-dump] Queueing time: mean = 62.92ms, max = 625.93ms, min = 0.00ms, total = 1887.52ms
[state-dump] Execution time:  mean = 21.09ms, total = 632.75ms
[state-dump] Event stats:
[state-dump] 	PeriodicalRunner.RunFnPeriodically - 11 total (2 active, 1 running), Execution time: mean = 0.06ms, total = 0.62ms, Queueing time: mean = 170.94ms, max = 625.93ms, min = 0.02ms, total = 1880.36ms
[state-dump] 	event_loop_lag_probe - 2 total (0 active), Execution time: mean = 0.02ms, total = 0.04ms, Queueing time: mean = 3.57ms, max = 7.13ms, min = 0.00ms, total = 7.14ms
[state-dump] 	ray::rpc::NodeInfoGcsService.grpc_client.RegisterNode.OnReplyReceived - 1 total (0 active), Execution time: mean = 0.39ms, total = 0.39ms, Queueing time: mean = 0.01ms, max = 0.01ms, min = 0.01ms, total = 0.01ms
[state-dump] 	ObjectManager.UpdateAvailableMemory - 1 total (0 active), Execution time: mean = 0.00ms, total = 0.00ms, Queueing time: mean = 0.00ms, max = 0.00ms, min = 0.00ms, total = 0.00ms
[state-dump] 	ray::rpc::InternalKVGcsService.grpc_client.GetInternalConfig - 1 total (0 active), Execution time: mean = 0.83ms, total = 0.83ms, Queueing time: mean = 0.00ms, max = -0.00ms, min = 9223372036854.78ms, total = 0.00ms
[state-dump] 	ReporterService.grpc_client.HealthCheck - 1 total (1 active), Execution time: mean = 0.00ms, total = 0.00ms, Queueing time: mean = 0.00ms, max = -0.00ms, min = 9223372036854.78ms, total = 0.00ms
[state-dump] 	NodeManager.deadline_timer.spill_objects_when_over_threshold - 1 total (1 active), Execution time: mean = 0.00ms, total = 0.00ms, Queueing time: mean = 0.00ms, max = -0.00ms, min = 9223372036854.78ms, total = 0.00ms
[state-dump] 	NodeManager.deadline_timer.flush_free_objects - 1 total (1 active), Execution time: mean = 0.00ms, total = 0.00ms, Queueing time: mean = 0.00ms, max = -0.00ms, min = 9223372036854.78ms, total = 0.00ms
[state-dump] 	RayletWorkerPool.deadline_timer.kill_idle_workers - 1 total (1 active), Execution time: mean = 0.00ms, total = 0.00ms, Queueing time: mean = 0.00ms, max = -0.00ms, min = 9223372036854.78ms, total = 0.00ms
[state-dump] 	ClusterResourceManager.ResetRemoteNodeView - 1 total (1 active), Execution time: mean = 0.00ms, total = 0.00ms, Queueing time: mean = 0.00ms, max = -0.00ms, min = 9223372036854.78ms, total = 0.00ms
[state-dump] 	ray::rpc::ControlPlanePubSubGcsService.grpc_client.GcsSubscriberCommandBatch - 1 total (1 active), Execution time: mean = 0.00ms, total = 0.00ms, Queueing time: mean = 0.00ms, max = -0.00ms, min = 9223372036854.78ms, total = 0.00ms
[state-dump] 	ray::rpc::InternalKVGcsService.grpc_client.GetInternalConfig.OnReplyReceived - 1 total (0 active), Execution time: mean = 629.71ms, total = 629.71ms, Queueing time: mean = 0.01ms, max = 0.01ms, min = 0.01ms, total = 0.01ms
[state-dump] 	NodeManager.deadline_timer.debug_state_dump - 1 total (1 active), Execution time: mean = 0.00ms, total = 0.00ms, Queueing time: mean = 0.00ms, max = -0.00ms, min = 9223372036854.78ms, total = 0.00ms
[state-dump] 	ray::rpc::NodeInfoGcsService.grpc_client.RegisterNode - 1 total (0 active), Execution time: mean = 1.17ms, total = 1.17ms, Queueing time: mean = 0.00ms, max = -0.00ms, min = 9223372036854.78ms, total = 0.00ms
[state-dump] 	ray::rpc::ControlPlanePubSubGcsService.grpc_client.GcsSubscriberPoll - 1 total (1 active), Execution time: mean = 0.00ms, total = 0.00ms, Queueing time: mean = 0.00ms, max = -0.00ms, min = 9223372036854.78ms, total = 0.00ms
[state-dump] 	NodeManager.deadline_timer.record_metrics - 1 total (1 active), Execution time: mean = 0.00ms, total = 0.00ms, Queueing time: mean = 0.00ms, max = -0.00ms, min = 9223372036854.78ms, total = 0.00ms
[state-dump] 	NodeManager.GCTaskFailureReason - 1 total (1 active), Execution time: mean = 0.00ms, total = 0.00ms, Queueing time: mean = 0.00ms, max = -0.00ms, min = 9223372036854.78ms, total = 0.00ms
[state-dump] 	NodeManager.CheckForUnexpectedWorkerDisconnects - 1 total (1 active), Execution time: mean = 0.00ms, total = 0.00ms, Queueing time: mean = 0.00ms, max = -0.00ms, min = 9223372036854.78ms, total = 0.00ms
[state-dump] 	NodeManager.ScheduleAndGrantLeases - 1 total (1 active), Execution time: mean = 0.00ms, total = 0.00ms, Queueing time: mean = 0.00ms, max = -0.00ms, min = 9223372036854.78ms, total = 0.00ms
[state-dump] DebugString() time ms: 0
[state-dump] 
[state-dump] 
[2026-09-04 00:57:41,474 I 79 79] (raylet) accessor.cc:453: Received address and liveness notification for node, IsAlive = 1 node_id=11215b0011fac4845f8eecab7d85f57fc12c4efc1ad3dce06ebdc204
[2026-09-04 00:57:41,474 I 79 79] (raylet) accessor.cc:453: Received address and liveness notification for node, IsAlive = 1 node_id=82dfc8c23c51709b77aaa7de2deacf9d421699bfcaad6b6cc4f66c59
[2026-09-04 00:57:41,474 I 79 79] (raylet) accessor.cc:453: Received address and liveness notification for node, IsAlive = 1 node_id=4296a17b2364b071e4782261814dd77feed7cb4e5a4de14ab32d253a
[2026-09-04 00:57:41,474 I 79 79] (raylet) accessor.cc:453: Received address and liveness notification for node, IsAlive = 1 node_id=90dc8450878fe5de358e116e0b8657e06554d0d69bbf5603e4880a55
[2026-09-04 00:57:41,603 I 79 79] (raylet) metrics_agent_client.cc:59: Exporter initialized.
[2026-09-04 00:58:09,187 I 79 79] (raylet) worker_pool.cc:531: Started worker process with pid 333 worker_id=7b3ab0f55e6ef4a74af8a54beee70ca6d47d7429bff872089555b996
[2026-09-04 00:58:09,191 I 79 79] (raylet) worker_pool.cc:531: Started worker process with pid 334 worker_id=ac98bf0ad609c752527f4f64657ff8333a4c939416d96b4132747ace
[2026-09-04 00:58:09,195 I 79 79] (raylet) worker_pool.cc:531: Started worker process with pid 335 worker_id=f517785ceee21b8a3d47dee4d67eaaced09403786e1796ee6657316b
[2026-09-04 00:58:09,198 I 79 79] (raylet) worker_pool.cc:531: Started worker process with pid 336 worker_id=3fd2674075eca3a47c525c520e9f752d45176cf07a087f1e7f4cef7f
[2026-09-04 00:58:09,202 I 79 79] (raylet) worker_pool.cc:531: Started worker process with pid 337 worker_id=b0165a17609a012df75d8f98ec9655991b03be1a4f41630d7fdd6a87
[2026-09-04 00:58:09,204 I 79 79] (raylet) worker_pool.cc:531: Started worker process with pid 338 worker_id=4ec1f6216b50db50e4e8c8247f854f3c1de21c5064803f3d44dd3bca
[2026-09-04 00:58:09,208 I 79 79] (raylet) worker_pool.cc:531: Started worker process with pid 339 worker_id=1936de1ffdc49f731dcbd74993e263704dda714c9da43338a05c6607
[2026-09-04 00:58:09,210 I 79 79] (raylet) worker_pool.cc:531: Started worker process with pid 340 worker_id=b0ec94458ca8c2f5bcf10271036eceb41bc3a9752c08ea00637b9b16
[2026-09-04 00:58:09,499 I 79 102] (raylet) object_store.cc:37: Object store current usage 8e-09 / 4.29497 GB.
[2026-09-04 00:58:09,687 I 79 79] (raylet) node_manager.cc:3626: Received KillLocalActor RPC worker_id=f517785ceee21b8a3d47dee4d67eaaced09403786e1796ee6657316b actor_id=e677360c79f66e87f072ad2a01000000
[2026-09-04 00:58:09,687 I 79 79] (raylet) node_manager.cc:3626: Received KillLocalActor RPC worker_id=ac98bf0ad609c752527f4f64657ff8333a4c939416d96b4132747ace actor_id=b2c1b38eb188b8c0b59008e501000000
[2026-09-04 00:58:09,687 I 79 79] (raylet) node_manager.cc:3626: Received KillLocalActor RPC worker_id=4ec1f6216b50db50e4e8c8247f854f3c1de21c5064803f3d44dd3bca actor_id=20ac1716c4bc59e66578784b01000000
[2026-09-04 00:58:09,687 I 79 79] (raylet) node_manager.cc:3626: Received KillLocalActor RPC worker_id=b0ec94458ca8c2f5bcf10271036eceb41bc3a9752c08ea00637b9b16 actor_id=dc0fcaf450a7bf0bb872e10c01000000
[2026-09-04 00:58:09,687 I 79 79] (raylet) node_manager.cc:3626: Received KillLocalActor RPC worker_id=1936de1ffdc49f731dcbd74993e263704dda714c9da43338a05c6607 actor_id=78aa329ab347937972c1830b01000000
[2026-09-04 00:58:09,687 I 79 79] (raylet) node_manager.cc:3626: Received KillLocalActor RPC worker_id=7b3ab0f55e6ef4a74af8a54beee70ca6d47d7429bff872089555b996 actor_id=70e74e297694af8f0a8cb5dd01000000
[2026-09-04 00:58:09,688 I 79 79] (raylet) node_manager.cc:3626: Received KillLocalActor RPC worker_id=b0165a17609a012df75d8f98ec9655991b03be1a4f41630d7fdd6a87 actor_id=54ac5a50cf3b59993a575a0601000000
[2026-09-04 00:58:09,688 I 79 79] (raylet) node_manager.cc:3626: Received KillLocalActor RPC worker_id=3fd2674075eca3a47c525c520e9f752d45176cf07a087f1e7f4cef7f actor_id=4bdaf9822da7f67a5fee8dd001000000
[2026-09-04 00:58:09,689 I 79 79] (raylet) node_manager.cc:1498: Disconnecting worker, graceful=true, disconnect_type=1, has_creation_task_exception=false worker_id=4ec1f6216b50db50e4e8c8247f854f3c1de21c5064803f3d44dd3bca job_id=01000000
[2026-09-04 00:58:09,707 I 79 79] (raylet) node_manager.cc:1498: Disconnecting worker, graceful=true, disconnect_type=1, has_creation_task_exception=false worker_id=f517785ceee21b8a3d47dee4d67eaaced09403786e1796ee6657316b job_id=01000000
[2026-09-04 00:58:09,707 I 79 79] (raylet) node_manager.cc:1498: Disconnecting worker, graceful=true, disconnect_type=1, has_creation_task_exception=false worker_id=ac98bf0ad609c752527f4f64657ff8333a4c939416d96b4132747ace job_id=01000000
[2026-09-04 00:58:09,707 I 79 79] (raylet) node_manager.cc:1498: Disconnecting worker, graceful=true, disconnect_type=1, has_creation_task_exception=false worker_id=b0165a17609a012df75d8f98ec9655991b03be1a4f41630d7fdd6a87 job_id=01000000
[2026-09-04 00:58:09,707 I 79 79] (raylet) node_manager.cc:1498: Disconnecting worker, graceful=true, disconnect_type=1, has_creation_task_exception=false worker_id=1936de1ffdc49f731dcbd74993e263704dda714c9da43338a05c6607 job_id=01000000
[2026-09-04 00:58:09,707 I 79 79] (raylet) node_manager.cc:1498: Disconnecting worker, graceful=true, disconnect_type=1, has_creation_task_exception=false worker_id=b0ec94458ca8c2f5bcf10271036eceb41bc3a9752c08ea00637b9b16 job_id=01000000
[2026-09-04 00:58:09,710 I 79 79] (raylet) node_manager.cc:1498: Disconnecting worker, graceful=true, disconnect_type=1, has_creation_task_exception=false worker_id=7b3ab0f55e6ef4a74af8a54beee70ca6d47d7429bff872089555b996 job_id=01000000
[2026-09-04 00:58:09,710 I 79 79] (raylet) node_manager.cc:1498: Disconnecting worker, graceful=true, disconnect_type=1, has_creation_task_exception=false worker_id=3fd2674075eca3a47c525c520e9f752d45176cf07a087f1e7f4cef7f job_id=01000000
[2026-09-04 00:58:09,715 W 79 102] (raylet) store.cc:366: Disconnecting client due to connection error with code 2: End of file
[2026-09-04 00:58:09,717 W 79 102] (raylet) store.cc:366: Disconnecting client due to connection error with code 2: End of file
[2026-09-04 00:58:09,718 W 79 102] (raylet) store.cc:366: Disconnecting client due to connection error with code 2: End of file
[2026-09-04 00:58:09,721 W 79 102] (raylet) store.cc:366: Disconnecting client due to connection error with code 2: End of file
[2026-09-04 00:58:09,721 W 79 102] (raylet) store.cc:366: Disconnecting client due to connection error with code 2: End of file
[2026-09-04 00:58:09,722 W 79 102] (raylet) store.cc:366: Disconnecting client due to connection error with code 2: End of file
[2026-09-04 00:58:09,722 W 79 102] (raylet) store.cc:366: Disconnecting client due to connection error with code 2: End of file
[2026-09-04 00:58:09,722 W 79 102] (raylet) store.cc:366: Disconnecting client due to connection error with code 2: End of file
[2026-09-04 00:58:40,843 I 79 102] (raylet) store.cc:573: Plasma store debug dump: 
Current usage: 0 / 4.29497 GB
- num bytes created total: 64
0 pending objects of total size 0MB
- objects spillable: 0
- bytes spillable: 0
- objects unsealed: 0
- bytes unsealed: 0
- objects in use: 0
- bytes in use: 0
- objects evictable: 0
- bytes evictable: 0

- objects created by worker: 0
- bytes created by worker: 0
- objects restored: 0
- bytes restored: 0
- objects received: 0
- bytes received: 0
- objects errored: 0
- bytes errored: 0

[2026-09-04 00:58:41,474 I 79 79] (raylet) node_manager.cc:486: [state-dump] NodeManager:
[state-dump] Node ID: 82dfc8c23c51709b77aaa7de2deacf9d421699bfcaad6b6cc4f66c59
[state-dump] Node name: 10.244.180.242
[state-dump] InitialConfigResources: {node:10.244.180.242: 1, object_store_memory: 4.29497e+09, GPU: 8, CPU: 64, accelerator_type:B200: 1, memory: 3.24185e+12}
[state-dump] ClusterLeaseManager:
[state-dump] ========== Node: 82dfc8c23c51709b77aaa7de2deacf9d421699bfcaad6b6cc4f66c59 =================
[state-dump] Infeasible queue length: 0
[state-dump] Schedule queue length: 0
[state-dump] Grant queue length: 0
[state-dump] num_waiting_for_resource: 0
[state-dump] num_waiting_for_plasma_memory: 0
[state-dump] num_waiting_for_remote_node_resources: 0
[state-dump] num_worker_not_started_by_job_config_not_exist: 0
[state-dump] num_worker_not_started_by_registration_timeout: 0
[state-dump] num_tasks_waiting_for_workers: 0
[state-dump] num_cancelled_leases: 0
[state-dump] cluster_resource_scheduler state: 
[state-dump] Local id: -8170265163178445639 Local resources: {"total":{node:10.244.180.242: [10000], GPU_group_19_41b56c6dcd1a3ea16b3ee9c698c601000000: [0, 0, 10000, 0, 0, 0, 0, 0], CPU: [640000], GPU_group_24_41b56c6dcd1a3ea16b3ee9c698c601000000: [0, 0, 0, 0, 0, 0, 0, 10000], CPU_group_19_41b56c6dcd1a3ea16b3ee9c698c601000000: [10000], GPU_group_23_41b56c6dcd1a3ea16b3ee9c698c601000000: [0, 0, 0, 0, 0, 0, 10000, 0], bundle_group_22_41b56c6dcd1a3ea16b3ee9c698c601000000: [10000000], GPU_group_17_41b56c6dcd1a3ea16b3ee9c698c601000000: [10000, 0, 0, 0, 0, 0, 0, 0], accelerator_type:B200: [10000], bundle_group_18_41b56c6dcd1a3ea16b3ee9c698c601000000: [10000000], CPU_group_17_41b56c6dcd1a3ea16b3ee9c698c601000000: [10000], memory: [32418475745280000], object_store_memory: [42949672960000], GPU_group_18_41b56c6dcd1a3ea16b3ee9c698c601000000: [0, 10000, 0, 0, 0, 0, 0, 0], CPU_group_41b56c6dcd1a3ea16b3ee9c698c601000000: [80000], bundle_group_41b56c6dcd1a3ea16b3ee9c698c601000000: [80000000], bundle_group_17_41b56c6dcd1a3ea16b3ee9c698c601000000: [10000000], CPU_group_20_41b56c6dcd1a3ea16b3ee9c698c601000000: [10000], GPU_group_20_41b56c6dcd1a3ea16b3ee9c698c601000000: [0, 0, 0, 10000, 0, 0, 0, 0], bundle_group_19_41b56c6dcd1a3ea16b3ee9c698c601000000: [10000000], bundle_group_23_41b56c6dcd1a3ea16b3ee9c698c601000000: [10000000], CPU_group_24_41b56c6dcd1a3ea16b3ee9c698c601000000: [10000], CPU_group_22_41b56c6dcd1a3ea16b3ee9c698c601000000: [10000], GPU_group_22_41b56c6dcd1a3ea16b3ee9c698c601000000: [0, 0, 0, 0, 0, 10000, 0, 0], CPU_group_23_41b56c6dcd1a3ea16b3ee9c698c601000000: [10000], CPU_group_21_41b56c6dcd1a3ea16b3ee9c698c601000000: [10000], GPU: [10000, 10000, 10000, 10000, 10000, 10000, 10000, 10000], bundle_group_21_41b56c6dcd1a3ea16b3ee9c698c601000000: [10000000], bundle_group_24_41b56c6dcd1a3ea16b3ee9c698c601000000: [10000000], GPU_group_41b56c6dcd1a3ea16b3ee9c698c601000000: [10000, 10000, 10000, 10000, 10000, 10000, 10000, 10000], GPU_group_21_41b56c6dcd1a3ea16b3ee9c698c601000000: [0, 0, 0, 0, 10000, 0, 0, 0], CPU_group_18_41b56c6dcd1a3ea16b3ee9c698c601000000: [10000], bundle_group_20_41b56c6dcd1a3ea16b3ee9c698c601000000: [10000000]}, "available": {GPU_group_19_41b56c6dcd1a3ea16b3ee9c698c601000000: [0, 0, 10000, 0, 0, 0, 0, 0], node:10.244.180.242: [10000], GPU_group_17_41b56c6dcd1a3ea16b3ee9c698c601000000: [10000, 0, 0, 0, 0, 0, 0, 0], bundle_group_22_41b56c6dcd1a3ea16b3ee9c698c601000000: [10000000], accelerator_type:B200: [10000], CPU_group_19_41b56c6dcd1a3ea16b3ee9c698c601000000: [10000], GPU_group_23_41b56c6dcd1a3ea16b3ee9c698c601000000: [0, 0, 0, 0, 0, 0, 10000, 0], bundle_group_18_41b56c6dcd1a3ea16b3ee9c698c601000000: [10000000], CPU: [560000], GPU_group_24_41b56c6dcd1a3ea16b3ee9c698c601000000: [0, 0, 0, 0, 0, 0, 0, 10000], memory: [32418475745280000], CPU_group_17_41b56c6dcd1a3ea16b3ee9c698c601000000: [10000], CPU_group_24_41b56c6dcd1a3ea16b3ee9c698c601000000: [10000], GPU_group_18_41b56c6dcd1a3ea16b3ee9c698c601000000: [0, 10000, 0, 0, 0, 0, 0, 0], object_store_memory: [42949672960000], GPU_group_20_41b56c6dcd1a3ea16b3ee9c698c601000000: [0, 0, 0, 10000, 0, 0, 0, 0], CPU_group_20_41b56c6dcd1a3ea16b3ee9c698c601000000: [10000], bundle_group_23_41b56c6dcd1a3ea16b3ee9c698c601000000: [10000000], bundle_group_41b56c6dcd1a3ea16b3ee9c698c601000000: [80000000], bundle_group_17_41b56c6dcd1a3ea16b3ee9c698c601000000: [10000000], CPU_group_21_41b56c6dcd1a3ea16b3ee9c698c601000000: [10000], CPU_group_41b56c6dcd1a3ea16b3ee9c698c601000000: [80000], GPU_group_22_41b56c6dcd1a3ea16b3ee9c698c601000000: [0, 0, 0, 0, 0, 10000, 0, 0], bundle_group_19_41b56c6dcd1a3ea16b3ee9c698c601000000: [10000000], CPU_group_23_41b56c6dcd1a3ea16b3ee9c698c601000000: [10000], CPU_group_22_41b56c6dcd1a3ea16b3ee9c698c601000000: [10000], GPU_group_41b56c6dcd1a3ea16b3ee9c698c601000000: [10000, 10000, 10000, 10000, 10000, 10000, 10000, 10000], bundle_group_21_41b56c6dcd1a3ea16b3ee9c698c601000000: [10000000], GPU: [0, 0, 0, 0, 0, 0, 0, 0], bundle_group_24_41b56c6dcd1a3ea16b3ee9c698c601000000: [10000000], bundle_group_20_41b56c6dcd1a3ea16b3ee9c698c601000000: [10000000], CPU_group_18_41b56c6dcd1a3ea16b3ee9c698c601000000: [10000], GPU_group_21_41b56c6dcd1a3ea16b3ee9c698c601000000: [0, 0, 0, 0, 10000, 0, 0, 0]}, "labels":{"ray.io/node-id":"82dfc8c23c51709b77aaa7de2deacf9d421699bfcaad6b6cc4f66c59","ray.io/accelerator-type":"B200"}} is_draining: 0 is_idle: 0 Cluster resources (at most 20 nodes are shown): node id: -8170265163178445639{"total":{GPU_group_23_41b56c6dcd1a3ea16b3ee9c698c601000000: 10000, GPU_group_17_41b56c6dcd1a3ea16b3ee9c698c601000000: 10000, GPU: 80000, bundle_group_21_41b56c6dcd1a3ea16b3ee9c698c601000000: 10000000, bundle_group_24_41b56c6dcd1a3ea16b3ee9c698c601000000: 10000000, GPU_group_41b56c6dcd1a3ea16b3ee9c698c601000000: 80000, GPU_group_21_41b56c6dcd1a3ea16b3ee9c698c601000000: 10000, CPU_group_18_41b56c6dcd1a3ea16b3ee9c698c601000000: 10000, bundle_group_20_41b56c6dcd1a3ea16b3ee9c698c601000000: 10000000, CPU_group_41b56c6dcd1a3ea16b3ee9c698c601000000: 80000, bundle_group_41b56c6dcd1a3ea16b3ee9c698c601000000: 80000000, bundle_group_23_41b56c6dcd1a3ea16b3ee9c698c601000000: 10000000, bundle_group_17_41b56c6dcd1a3ea16b3ee9c698c601000000: 10000000, GPU_group_20_41b56c6dcd1a3ea16b3ee9c698c601000000: 10000, CPU_group_20_41b56c6dcd1a3ea16b3ee9c698c601000000: 10000, bundle_group_19_41b56c6dcd1a3ea16b3ee9c698c601000000: 10000000, CPU_group_22_41b56c6dcd1a3ea16b3ee9c698c601000000: 10000, GPU_group_22_41b56c6dcd1a3ea16b3ee9c698c601000000: 10000, CPU_group_23_41b56c6dcd1a3ea16b3ee9c698c601000000: 10000, CPU_group_21_41b56c6dcd1a3ea16b3ee9c698c601000000: 10000, CPU_group_17_41b56c6dcd1a3ea16b3ee9c698c601000000: 10000, memory: 32418475745280000, GPU_group_18_41b56c6dcd1a3ea16b3ee9c698c601000000: 10000, CPU_group_24_41b56c6dcd1a3ea16b3ee9c698c601000000: 10000, object_store_memory: 42949672960000, node:10.244.180.242: 10000, GPU_group_19_41b56c6dcd1a3ea16b3ee9c698c601000000: 10000, CPU: 640000, GPU_group_24_41b56c6dcd1a3ea16b3ee9c698c601000000: 10000, CPU_group_19_41b56c6dcd1a3ea16b3ee9c698c601000000: 10000, accelerator_type:B200: 10000, bundle_group_22_41b56c6dcd1a3ea16b3ee9c698c601000000: 10000000, bundle_group_18_41b56c6dcd1a3ea16b3ee9c698c601000000: 10000000}, "available": {GPU_group_20_41b56c6dcd1a3ea16b3ee9c698c601000000: 10000, CPU_group_41b56c6dcd1a3ea16b3ee9c698c601000000: 80000, bundle_group_41b56c6dcd1a3ea16b3ee9c698c601000000: 80000000, bundle_group_23_41b56c6dcd1a3ea16b3ee9c698c601000000: 10000000, CPU_group_20_41b56c6dcd1a3ea16b3ee9c698c601000000: 10000, bundle_group_19_41b56c6dcd1a3ea16b3ee9c698c601000000: 10000000, GPU_group_22_41b56c6dcd1a3ea16b3ee9c698c601000000: 10000, CPU_group_23_41b56c6dcd1a3ea16b3ee9c698c601000000: 10000, CPU_group_21_41b56c6dcd1a3ea16b3ee9c698c601000000: 10000, bundle_group_17_41b56c6dcd1a3ea16b3ee9c698c601000000: 10000000, CPU_group_22_41b56c6dcd1a3ea16b3ee9c698c601000000: 10000, bundle_group_21_41b56c6dcd1a3ea16b3ee9c698c601000000: 10000000, GPU_group_41b56c6dcd1a3ea16b3ee9c698c601000000: 80000, bundle_group_24_41b56c6dcd1a3ea16b3ee9c698c601000000: 10000000, bundle_group_20_41b56c6dcd1a3ea16b3ee9c698c601000000: 10000000, GPU_group_21_41b56c6dcd1a3ea16b3ee9c698c601000000: 10000, CPU_group_18_41b56c6dcd1a3ea16b3ee9c698c601000000: 10000, GPU_group_19_41b56c6dcd1a3ea16b3ee9c698c601000000: 10000, node:10.244.180.242: 10000, accelerator_type:B200: 10000, bundle_group_22_41b56c6dcd1a3ea16b3ee9c698c601000000: 10000000, GPU_group_17_41b56c6dcd1a3ea16b3ee9c698c601000000: 10000, bundle_group_18_41b56c6dcd1a3ea16b3ee9c698c601000000: 10000000, GPU_group_24_41b56c6dcd1a3ea16b3ee9c698c601000000: 10000, CPU: 560000, GPU_group_23_41b56c6dcd1a3ea16b3ee9c698c601000000: 10000, memory: 32418475745280000, CPU_group_19_41b56c6dcd1a3ea16b3ee9c698c601000000: 10000, CPU_group_17_41b56c6dcd1a3ea16b3ee9c698c601000000: 10000, object_store_memory: 42949672960000, CPU_group_24_41b56c6dcd1a3ea16b3ee9c698c601000000: 10000, GPU_group_18_41b56c6dcd1a3ea16b3ee9c698c601000000: 10000}, "labels":{"ray.io/node-id":"82dfc8c23c51709b77aaa7de2deacf9d421699bfcaad6b6cc4f66c59","ray.io/accelerator-type":"B200"}, "is_draining": 0, "draining_deadline_timestamp_ms": -1}node id: -1351780445297854484{"total":{GPU_group_11_41b56c6dcd1a3ea16b3ee9c698c601000000: 10000, bundle_group_10_41b56c6dcd1a3ea16b3ee9c698c601000000: 10000000, CPU_group_15_41b56c6dcd1a3ea16b3ee9c698c601000000: 10000, GPU_group_13_41b56c6dcd1a3ea16b3ee9c698c601000000: 10000, CPU_group_12_41b56c6dcd1a3ea16b3ee9c698c601000000: 10000, bundle_group_12_41b56c6dcd1a3ea16b3ee9c698c601000000: 10000000, GPU: 80000, GPU_group_41b56c6dcd1a3ea16b3ee9c698c601000000: 80000, GPU_group_15_41b56c6dcd1a3ea16b3ee9c698c601000000: 10000, bundle_group_9_41b56c6dcd1a3ea16b3ee9c698c601000000: 10000000, GPU_group_12_41b56c6dcd1a3ea16b3ee9c698c601000000: 10000, CPU_group_13_41b56c6dcd1a3ea16b3ee9c698c601000000: 10000, bundle_group_41b56c6dcd1a3ea16b3ee9c698c601000000: 80000000, CPU_group_41b56c6dcd1a3ea16b3ee9c698c601000000: 80000, CPU_group_10_41b56c6dcd1a3ea16b3ee9c698c601000000: 10000, CPU_group_11_41b56c6dcd1a3ea16b3ee9c698c601000000: 10000, bundle_group_0_41b56c6dcd1a3ea16b3ee9c698c601000000: 10000000, bundle_group_14_41b56c6dcd1a3ea16b3ee9c698c601000000: 10000000, GPU_group_0_41b56c6dcd1a3ea16b3ee9c698c601000000: 10000, GPU_group_14_41b56c6dcd1a3ea16b3ee9c698c601000000: 10000, GPU_group_9_41b56c6dcd1a3ea16b3ee9c698c601000000: 10000, CPU_group_14_41b56c6dcd1a3ea16b3ee9c698c601000000: 10000, object_store_memory: 42949672960000, GPU_group_10_41b56c6dcd1a3ea16b3ee9c698c601000000: 10000, bundle_group_15_41b56c6dcd1a3ea16b3ee9c698c601000000: 10000000, CPU_group_9_41b56c6dcd1a3ea16b3ee9c698c601000000: 10000, bundle_group_13_41b56c6dcd1a3ea16b3ee9c698c601000000: 10000000, node:10.244.218.62: 10000, memory: 32418477711360000, CPU: 640000, accelerator_type:B200: 10000, CPU_group_0_41b56c6dcd1a3ea16b3ee9c698c601000000: 10000, bundle_group_11_41b56c6dcd1a3ea16b3ee9c698c601000000: 10000000}, "available": {GPU_group_11_41b56c6dcd1a3ea16b3ee9c698c601000000: 10000, GPU_group_13_41b56c6dcd1a3ea16b3ee9c698c601000000: 10000, CPU_group_15_41b56c6dcd1a3ea16b3ee9c698c601000000: 10000, CPU_group_12_41b56c6dcd1a3ea16b3ee9c698c601000000: 10000, bundle_group_12_41b56c6dcd1a3ea16b3ee9c698c601000000: 10000000, GPU_group_41b56c6dcd1a3ea16b3ee9c698c601000000: 80000, GPU_group_15_41b56c6dcd1a3ea16b3ee9c698c601000000: 10000, bundle_group_9_41b56c6dcd1a3ea16b3ee9c698c601000000: 10000000, GPU_group_12_41b56c6dcd1a3ea16b3ee9c698c601000000: 10000, CPU_group_13_41b56c6dcd1a3ea16b3ee9c698c601000000: 10000, CPU_group_41b56c6dcd1a3ea16b3ee9c698c601000000: 80000, bundle_group_41b56c6dcd1a3ea16b3ee9c698c601000000: 80000000, CPU_group_10_41b56c6dcd1a3ea16b3ee9c698c601000000: 10000, CPU_group_11_41b56c6dcd1a3ea16b3ee9c698c601000000: 10000, bundle_group_0_41b56c6dcd1a3ea16b3ee9c698c601000000: 10000000, GPU_group_0_41b56c6dcd1a3ea16b3ee9c698c601000000: 10000, bundle_group_14_41b56c6dcd1a3ea16b3ee9c698c601000000: 10000000, CPU_group_14_41b56c6dcd1a3ea16b3ee9c698c601000000: 10000, GPU_group_14_41b56c6dcd1a3ea16b3ee9c698c601000000: 10000, bundle_group_13_41b56c6dcd1a3ea16b3ee9c698c601000000: 10000000, GPU_group_9_41b56c6dcd1a3ea16b3ee9c698c601000000: 10000, bundle_group_15_41b56c6dcd1a3ea16b3ee9c698c601000000: 10000000, GPU_group_10_41b56c6dcd1a3ea16b3ee9c698c601000000: 10000, CPU_group_9_41b56c6dcd1a3ea16b3ee9c698c601000000: 10000, object_store_memory: 42949672960000, node:10.244.218.62: 10000, memory: 32418477711360000, CPU: 560000, accelerator_type:B200: 10000, CPU_group_0_41b56c6dcd1a3ea16b3ee9c698c601000000: 10000, bundle_group_11_41b56c6dcd1a3ea16b3ee9c698c601000000: 10000000, bundle_group_10_41b56c6dcd1a3ea16b3ee9c698c601000000: 10000000}, "labels":{"ray.io/accelerator-type":"B200","ray.io/node-id":"90dc8450878fe5de358e116e0b8657e06554d0d69bbf5603e4880a55"}, "is_draining": 0, "draining_deadline_timestamp_ms": -1}node id: 4273633132855142460{"total":{bundle_group_8_41b56c6dcd1a3ea16b3ee9c698c601000000: 10000000, CPU_group_7_41b56c6dcd1a3ea16b3ee9c698c601000000: 10000, GPU: 80000, CPU_group_6_41b56c6dcd1a3ea16b3ee9c698c601000000: 10000, CPU_group_3_41b56c6dcd1a3ea16b3ee9c698c601000000: 10000, GPU_group_41b56c6dcd1a3ea16b3ee9c698c601000000: 80000, node:10.244.13.18: 10000, bundle_group_3_41b56c6dcd1a3ea16b3ee9c698c601000000: 10000000, CPU_group_2_41b56c6dcd1a3ea16b3ee9c698c601000000: 10000, GPU_group_1_41b56c6dcd1a3ea16b3ee9c698c601000000: 10000, GPU_group_7_41b56c6dcd1a3ea16b3ee9c698c601000000: 10000, GPU_group_4_41b56c6dcd1a3ea16b3ee9c698c601000000: 10000, CPU_group_5_41b56c6dcd1a3ea16b3ee9c698c601000000: 10000, bundle_group_1_41b56c6dcd1a3ea16b3ee9c698c601000000: 10000000, CPU_group_4_41b56c6dcd1a3ea16b3ee9c698c601000000: 10000, bundle_group_7_41b56c6dcd1a3ea16b3ee9c698c601000000: 10000000, bundle_group_41b56c6dcd1a3ea16b3ee9c698c601000000: 80000000, CPU_group_41b56c6dcd1a3ea16b3ee9c698c601000000: 80000, bundle_group_2_41b56c6dcd1a3ea16b3ee9c698c601000000: 10000000, object_store_memory: 42949672960000, bundle_group_4_41b56c6dcd1a3ea16b3ee9c698c601000000: 10000000, GPU_group_5_41b56c6dcd1a3ea16b3ee9c698c601000000: 10000, GPU_group_6_41b56c6dcd1a3ea16b3ee9c698c601000000: 10000, GPU_group_2_41b56c6dcd1a3ea16b3ee9c698c601000000: 10000, memory: 32418533744640000, bundle_group_5_41b56c6dcd1a3ea16b3ee9c698c601000000: 10000000, CPU_group_1_41b56c6dcd1a3ea16b3ee9c698c601000000: 10000, GPU_group_3_41b56c6dcd1a3ea16b3ee9c698c601000000: 10000, CPU: 640000, bundle_group_6_41b56c6dcd1a3ea16b3ee9c698c601000000: 10000000, accelerator_type:B200: 10000, GPU_group_8_41b56c6dcd1a3ea16b3ee9c698c601000000: 10000, CPU_group_8_41b56c6dcd1a3ea16b3ee9c698c601000000: 10000}, "available": {bundle_group_8_41b56c6dcd1a3ea16b3ee9c698c601000000: 9999990, CPU_group_7_41b56c6dcd1a3ea16b3ee9c698c601000000: 6000, CPU_group_3_41b56c6dcd1a3ea16b3ee9c698c601000000: 6000, CPU_group_6_41b56c6dcd1a3ea16b3ee9c698c601000000: 6000, GPU_group_41b56c6dcd1a3ea16b3ee9c698c601000000: 48000, bundle_group_3_41b56c6dcd1a3ea16b3ee9c698c601000000: 9999990, node:10.244.13.18: 10000, CPU_group_2_41b56c6dcd1a3ea16b3ee9c698c601000000: 6000, GPU_group_1_41b56c6dcd1a3ea16b3ee9c698c601000000: 6000, GPU_group_4_41b56c6dcd1a3ea16b3ee9c698c601000000: 6000, GPU_group_7_41b56c6dcd1a3ea16b3ee9c698c601000000: 6000, bundle_group_1_41b56c6dcd1a3ea16b3ee9c698c601000000: 9999990, CPU_group_4_41b56c6dcd1a3ea16b3ee9c698c601000000: 6000, CPU_group_41b56c6dcd1a3ea16b3ee9c698c601000000: 48000, bundle_group_41b56c6dcd1a3ea16b3ee9c698c601000000: 79999920, bundle_group_7_41b56c6dcd1a3ea16b3ee9c698c601000000: 9999990, CPU_group_5_41b56c6dcd1a3ea16b3ee9c698c601000000: 6000, bundle_group_2_41b56c6dcd1a3ea16b3ee9c698c601000000: 9999990, object_store_memory: 42949672960000, GPU_group_5_41b56c6dcd1a3ea16b3ee9c698c601000000: 6000, bundle_group_4_41b56c6dcd1a3ea16b3ee9c698c601000000: 9999990, GPU_group_6_41b56c6dcd1a3ea16b3ee9c698c601000000: 6000, GPU_group_2_41b56c6dcd1a3ea16b3ee9c698c601000000: 6000, memory: 32418533744640000, bundle_group_5_41b56c6dcd1a3ea16b3ee9c698c601000000: 9999990, CPU_group_1_41b56c6dcd1a3ea16b3ee9c698c601000000: 6000, GPU_group_3_41b56c6dcd1a3ea16b3ee9c698c601000000: 6000, CPU: 560000, accelerator_type:B200: 10000, bundle_group_6_41b56c6dcd1a3ea16b3ee9c698c601000000: 9999990, CPU_group_8_41b56c6dcd1a3ea16b3ee9c698c601000000: 6000, GPU_group_8_41b56c6dcd1a3ea16b3ee9c698c601000000: 6000}, "labels":{"ray.io/node-id":"4296a17b2364b071e4782261814dd77feed7cb4e5a4de14ab32d253a","ray.io/accelerator-type":"B200"}, "is_draining": 0, "draining_deadline_timestamp_ms": -1}node id: -7973918255608480324{"total":{bundle_group_27_41b56c6dcd1a3ea16b3ee9c698c601000000: 10000000, bundle_group_29_41b56c6dcd1a3ea16b3ee9c698c601000000: 10000000, bundle_group_41b56c6dcd1a3ea16b3ee9c698c601000000: 80000000, CPU_group_41b56c6dcd1a3ea16b3ee9c698c601000000: 80000, GPU_group_27_41b56c6dcd1a3ea16b3ee9c698c601000000: 10000, GPU_group_16_41b56c6dcd1a3ea16b3ee9c698c601000000: 10000, CPU_group_31_41b56c6dcd1a3ea16b3ee9c698c601000000: 10000, node:__internal_head__: 10000, GPU_group_41b56c6dcd1a3ea16b3ee9c698c601000000: 80000, bundle_group_28_41b56c6dcd1a3ea16b3ee9c698c601000000: 10000000, GPU: 80000, bundle_group_30_41b56c6dcd1a3ea16b3ee9c698c601000000: 10000000, CPU_group_27_41b56c6dcd1a3ea16b3ee9c698c601000000: 10000, CPU_group_26_41b56c6dcd1a3ea16b3ee9c698c601000000: 10000, bundle_group_25_41b56c6dcd1a3ea16b3ee9c698c601000000: 10000000, GPU_group_29_41b56c6dcd1a3ea16b3ee9c698c601000000: 10000, GPU_group_28_41b56c6dcd1a3ea16b3ee9c698c601000000: 10000, CPU_group_29_41b56c6dcd1a3ea16b3ee9c698c601000000: 10000, CPU_group_25_41b56c6dcd1a3ea16b3ee9c698c601000000: 10000, CPU_group_30_41b56c6dcd1a3ea16b3ee9c698c601000000: 10000, accelerator_type:B200: 10000, bundle_group_26_41b56c6dcd1a3ea16b3ee9c698c601000000: 10000000, bundle_group_31_41b56c6dcd1a3ea16b3ee9c698c601000000: 10000000, GPU_group_30_41b56c6dcd1a3ea16b3ee9c698c601000000: 10000, CPU: 640000, bundle_group_16_41b56c6dcd1a3ea16b3ee9c698c601000000: 10000000, CPU_group_28_41b56c6dcd1a3ea16b3ee9c698c601000000: 10000, memory: 32397589872640000, GPU_group_31_41b56c6dcd1a3ea16b3ee9c698c601000000: 10000, CPU_group_16_41b56c6dcd1a3ea16b3ee9c698c601000000: 10000, GPU_group_25_41b56c6dcd1a3ea16b3ee9c698c601000000: 10000, node:10.244.18.139: 10000, object_store_memory: 42949672960000, GPU_group_26_41b56c6dcd1a3ea16b3ee9c698c601000000: 10000}, "available": {CPU_group_27_41b56c6dcd1a3ea16b3ee9c698c601000000: 6000, GPU_group_29_41b56c6dcd1a3ea16b3ee9c698c601000000: 6000, CPU_group_26_41b56c6dcd1a3ea16b3ee9c698c601000000: 6000, bundle_group_30_41b56c6dcd1a3ea16b3ee9c698c601000000: 9999990, GPU_group_41b56c6dcd1a3ea16b3ee9c698c601000000: 48000, bundle_group_28_41b56c6dcd1a3ea16b3ee9c698c601000000: 9999990, CPU_group_31_41b56c6dcd1a3ea16b3ee9c698c601000000: 6000, node:__internal_head__: 10000, bundle_group_41b56c6dcd1a3ea16b3ee9c698c601000000: 79999920, CPU_group_41b56c6dcd1a3ea16b3ee9c698c601000000: 48000, GPU_group_16_41b56c6dcd1a3ea16b3ee9c698c601000000: 6000, GPU_group_27_41b56c6dcd1a3ea16b3ee9c698c601000000: 6000, bundle_group_27_41b56c6dcd1a3ea16b3ee9c698c601000000: 9999990, bundle_group_29_41b56c6dcd1a3ea16b3ee9c698c601000000: 9999990, GPU_group_25_41b56c6dcd1a3ea16b3ee9c698c601000000: 6000, node:10.244.18.139: 10000, object_store_memory: 42949672960000, GPU_group_26_41b56c6dcd1a3ea16b3ee9c698c601000000: 6000, CPU_group_16_41b56c6dcd1a3ea16b3ee9c698c601000000: 6000, CPU_group_28_41b56c6dcd1a3ea16b3ee9c698c601000000: 6000, memory: 32397589872640000, GPU_group_31_41b56c6dcd1a3ea16b3ee9c698c601000000: 6000, CPU: 550000, GPU_group_30_41b56c6dcd1a3ea16b3ee9c698c601000000: 6000, bundle_group_16_41b56c6dcd1a3ea16b3ee9c698c601000000: 9999990, accelerator_type:B200: 10000, bundle_group_31_41b56c6dcd1a3ea16b3ee9c698c601000000: 9999990, bundle_group_26_41b56c6dcd1a3ea16b3ee9c698c601000000: 9999990, CPU_group_29_41b56c6dcd1a3ea16b3ee9c698c601000000: 6000, GPU_group_28_41b56c6dcd1a3ea16b3ee9c698c601000000: 6000, CPU_group_25_41b56c6dcd1a3ea16b3ee9c698c601000000: 6000, CPU_group_30_41b56c6dcd1a3ea16b3ee9c698c601000000: 6000, bundle_group_25_41b56c6dcd1a3ea16b3ee9c698c601000000: 9999990}, "labels":{"ray.io/node-id":"11215b0011fac4845f8eecab7d85f57fc12c4efc1ad3dce06ebdc204","ray.io/accelerator-type":"B200"}, "is_draining": 0, "draining_deadline_timestamp_ms": -1} { "placement group locations": [], "node to bundles": []}
[state-dump] Waiting leases size: 0
[state-dump] Number of granted lease arguments: 0
[state-dump] Number of pinned lease arguments: 0
[state-dump] Total size of pinned lease arguments: 0
[state-dump] Number of total spilled leases: 0
[state-dump] Number of spilled waiting leases: 0
[state-dump] Number of spilled unschedulable leases: 0
[state-dump] Resource usage {
[state-dump] }
[state-dump] Backlog Size per scheduling descriptor :{workerId: num backlogs}:
[state-dump] 
[state-dump] Granted leases by scheduling class:
[state-dump] ==================================================
[state-dump] 
[state-dump] ClusterResources:
[state-dump] LocalObjectManager:
[state-dump] - num pinned objects: 0
[state-dump] - pinned objects size: 0
[state-dump] - num objects pending restore: 0
[state-dump] - num objects pending spill: 0
[state-dump] - num bytes pending spill: 0
[state-dump] - num bytes currently spilled: 0
[state-dump] - cumulative spill requests: 0
[state-dump] - cumulative restore requests: 0
[state-dump] - spilled objects pending delete: 0
[state-dump] 
[state-dump] ObjectManager:
[state-dump] - num local objects: 0
[state-dump] - num unfulfilled push requests: 0
[state-dump] - num object pull requests: 0
[state-dump] - num chunks received total: 0
[state-dump] - num chunks received failed (all): 0
[state-dump] - num chunks received failed / cancelled: 0
[state-dump] - num chunks received failed / plasma error: 0
[state-dump] Event stats:
[state-dump] Global stats: 0 total (0 active)
[state-dump] Queueing time: mean = -nanms, max = -0.00ms, min = 9223372036854.78ms, total = 0.00ms
[state-dump] Execution time:  mean = -nanms, total = 0.00ms
[state-dump] Event stats:
[state-dump] PushManager:
[state-dump] - num pushes remaining: 0
[state-dump] - num chunks in flight: 0
[state-dump] - num chunks remaining: 0
[state-dump] - max chunks allowed: 409
[state-dump] OwnershipBasedObjectDirectory:
[state-dump] - num listeners: 0
[state-dump] - cumulative location updates: 0
[state-dump] - num location updates per second: 0.000
[state-dump] - num location lookups per second: 0.000
[state-dump] - num locations added per second: 0.000
[state-dump] - num locations removed per second: 0.000
[state-dump] BufferPool:
[state-dump] - create buffer state map size: 0
[state-dump] PullManager:
[state-dump] - num bytes available for pulled objects: 4294967296
[state-dump] - num bytes being pulled (all): 0
[state-dump] - num bytes being pulled / pinned: 0
[state-dump] - get request bundles: BundlePullRequestQueue{0 total, 0 active, 0 inactive, 0 unpullable}
[state-dump] - wait request bundles: BundlePullRequestQueue{0 total, 0 active, 0 inactive, 0 unpullable}
[state-dump] - task request bundles: BundlePullRequestQueue{0 total, 0 active, 0 inactive, 0 unpullable}
[state-dump] - first get request bundle: N/A
[state-dump] - first wait request bundle: N/A
[state-dump] - first task request bundle: N/A
[state-dump] - num objects queued: 0
[state-dump] - num objects actively pulled (all): 0
[state-dump] - num objects actively pulled / pinned: 0
[state-dump] - num bundles being pulled: 0
[state-dump] - num pull retries: 0
[state-dump] - max timeout seconds: 0
[state-dump] - max timeout request is already processed. No entry.
[state-dump] 
[state-dump] WorkerPool:
[state-dump] - registered jobs: 1
[state-dump] - process_failed_job_config_missing: 0
[state-dump] - process_failed_rate_limited: 0
[state-dump] - process_failed_pending_registration: 0
[state-dump] - process_failed_runtime_env_setup_failed: 0
[state-dump] - num PYTHON workers: 0
[state-dump] - num PYTHON drivers: 0
[state-dump] - num PYTHON pending start requests: 0
[state-dump] - num PYTHON pending registration requests: 0
[state-dump] - num object spill callbacks queued: 0
[state-dump] - num object restore queued: 0
[state-dump] - num util functions queued: 0
[state-dump] - num idle workers: 0
[state-dump] LeaseDependencyManager:
[state-dump] - lease deps map size: 0
[state-dump] - get req map size: 0
[state-dump] - wait req map size: 0
[state-dump] - local objects map size: 0
[state-dump] WaitManager:
[state-dump] - num active wait requests: 0
[state-dump] Subscriber:
[state-dump] Channel WORKER_OBJECT_LOCATIONS_CHANNEL
[state-dump] - cumulative subscribe requests: 0
[state-dump] - cumulative unsubscribe requests: 0
[state-dump] - active subscribed publishers: 0
[state-dump] - cumulative published messages: 0
[state-dump] - cumulative processed messages: 0
[state-dump] Channel WORKER_REF_REMOVED_CHANNEL
[state-dump] - cumulative subscribe requests: 0
[state-dump] - cumulative unsubscribe requests: 0
[state-dump] - active subscribed publishers: 0
[state-dump] - cumulative published messages: 0
[state-dump] - cumulative processed messages: 0
[state-dump] num async plasma notifications: 0
[state-dump] Event stats:
[state-dump] Global stats: 2892 total (14 active)
[state-dump] Queueing time: mean = 1.28ms, max = 625.93ms, min = 0.00ms, total = 3711.73ms
[state-dump] Execution time:  mean = 11.21ms, total = 32420.73ms
[state-dump] Event stats:
[state-dump] 	ObjectManager.UpdateAvailableMemory - 600 total (0 active), Execution time: mean = 0.00ms, total = 0.66ms, Queueing time: mean = 0.01ms, max = 0.05ms, min = 0.00ms, total = 7.97ms
[state-dump] 	RaySyncer.BroadcastMessageIfNewVersion - 600 total (1 active), Execution time: mean = 0.00ms, total = 1.35ms, Queueing time: mean = 0.06ms, max = 9.14ms, min = 0.00ms, total = 35.17ms
[state-dump] 	NodeManager.CheckGC - 600 total (1 active), Execution time: mean = 0.00ms, total = 0.42ms, Queueing time: mean = 0.06ms, max = 9.14ms, min = 0.00ms, total = 36.06ms
[state-dump] 	RayletWorkerPool.deadline_timer.kill_idle_workers - 300 total (1 active), Execution time: mean = 0.00ms, total = 0.54ms, Queueing time: mean = 0.02ms, max = 0.05ms, min = 0.00ms, total = 4.97ms
[state-dump] 	NodeManager.CheckForUnexpectedWorkerDisconnects - 61 total (1 active), Execution time: mean = 0.00ms, total = 0.12ms, Queueing time: mean = 0.01ms, max = 0.04ms, min = 0.00ms, total = 0.77ms
[state-dump] 	NodeManager.ScheduleAndGrantLeases - 61 total (1 active), Execution time: mean = 0.00ms, total = 0.15ms, Queueing time: mean = 0.01ms, max = 0.04ms, min = 0.00ms, total = 0.76ms
[state-dump] 	NodeManager.deadline_timer.flush_free_objects - 60 total (1 active), Execution time: mean = 0.00ms, total = 0.04ms, Queueing time: mean = 0.60ms, max = 12.00ms, min = 0.00ms, total = 36.15ms
[state-dump] 	NodeManagerService.grpc_server.GetResourceLoad.HandleRequestImpl - 60 total (0 active), Execution time: mean = 0.05ms, total = 3.25ms, Queueing time: mean = 0.02ms, max = 0.04ms, min = 0.01ms, total = 1.46ms
[state-dump] 	NodeManagerService.grpc_server.GetResourceLoad - 60 total (0 active), Execution time: mean = 0.36ms, total = 21.86ms, Queueing time: mean = 0.00ms, max = -0.00ms, min = 9223372036854.78ms, total = 0.00ms
[state-dump] 	NodeManager.deadline_timer.spill_objects_when_over_threshold - 60 total (1 active), Execution time: mean = 0.00ms, total = 0.06ms, Queueing time: mean = 0.60ms, max = 12.00ms, min = 0.00ms, total = 36.13ms
[state-dump] 	ClientConnection.async_read.ProcessMessageHeader - 40 total (0 active), Execution time: mean = 0.00ms, total = 0.13ms, Queueing time: mean = 36.78ms, max = 190.50ms, min = 0.01ms, total = 1471.29ms
[state-dump] 	ClientConnection.async_read.ProcessMessage - 40 total (0 active), Execution time: mean = 0.92ms, total = 36.67ms, Queueing time: mean = 0.17ms, max = 2.97ms, min = 0.00ms, total = 6.97ms
[state-dump] 	Subscriber.HandlePublishedMessage_GCS_WORKER_DELTA_CHANNEL - 32 total (0 active), Execution time: mean = 0.00ms, total = 0.03ms, Queueing time: mean = 0.09ms, max = 0.26ms, min = 0.03ms, total = 2.85ms
[state-dump] 	RaySyncer.BroadcastMessage - 23 total (0 active), Execution time: mean = 0.05ms, total = 1.23ms, Queueing time: mean = 0.00ms, max = 0.00ms, min = 0.00ms, total = 0.01ms
[state-dump] 	 - 22 total (0 active), Execution time: mean = 0.06ms, total = 1.38ms, Queueing time: mean = 0.17ms, max = 3.28ms, min = 0.00ms, total = 3.67ms
[state-dump] 	ClusterResourceManager.ResetRemoteNodeView - 21 total (1 active), Execution time: mean = 0.00ms, total = 0.04ms, Queueing time: mean = 0.01ms, max = 0.03ms, min = 0.01ms, total = 0.28ms
[state-dump] 	ray::rpc::ControlPlanePubSubGcsService.grpc_client.GcsSubscriberPoll - 14 total (1 active), Execution time: mean = 2016.44ms, total = 28230.10ms, Queueing time: mean = 0.00ms, max = -0.00ms, min = 9223372036854.78ms, total = 0.00ms
[state-dump] 	ray::rpc::ControlPlanePubSubGcsService.grpc_client.GcsSubscriberPoll.OnReplyReceived - 13 total (0 active), Execution time: mean = 0.07ms, total = 0.93ms, Queueing time: mean = 1.22ms, max = 12.66ms, min = 0.00ms, total = 15.80ms
[state-dump] 	PeriodicalRunner.RunFnPeriodically - 13 total (0 active), Execution time: mean = 0.08ms, total = 1.01ms, Queueing time: mean = 144.77ms, max = 625.93ms, min = 0.02ms, total = 1882.07ms
[state-dump] 	NodeManagerService.grpc_server.GetAgentPIDs - 12 total (0 active), Execution time: mean = 0.38ms, total = 4.58ms, Queueing time: mean = 0.00ms, max = -0.00ms, min = 9223372036854.78ms, total = 0.00ms
[state-dump] 	NodeManagerService.grpc_server.GetWorkerPIDs - 12 total (0 active), Execution time: mean = 0.38ms, total = 4.62ms, Queueing time: mean = 0.00ms, max = -0.00ms, min = 9223372036854.78ms, total = 0.00ms
[state-dump] 	NodeManagerService.grpc_server.GetWorkerPIDs.HandleRequestImpl - 12 total (0 active), Execution time: mean = 0.02ms, total = 0.21ms, Queueing time: mean = 0.13ms, max = 1.27ms, min = 0.02ms, total = 1.52ms
[state-dump] 	NodeManagerService.grpc_server.GetAgentPIDs.HandleRequestImpl - 12 total (0 active), Execution time: mean = 0.12ms, total = 1.41ms, Queueing time: mean = 0.03ms, max = 0.07ms, min = 0.00ms, total = 0.31ms
[state-dump] 	NodeManager.deadline_timer.record_metrics - 12 total (1 active), Execution time: mean = 0.18ms, total = 2.18ms, Queueing time: mean = 2.83ms, max = 11.73ms, min = 0.01ms, total = 33.95ms
[state-dump] 	NodeManagerService.grpc_server.RequestWorkerLease - 8 total (0 active), Execution time: mean = 340.95ms, total = 2727.60ms, Queueing time: mean = 0.00ms, max = -0.00ms, min = 9223372036854.78ms, total = 0.00ms
[state-dump] 	CoreWorkerService.grpc_client.KillActor.OnReplyReceived - 8 total (0 active), Execution time: mean = 0.06ms, total = 0.47ms, Queueing time: mean = 0.00ms, max = 0.00ms, min = 0.00ms, total = 0.03ms
[state-dump] 	NodeManagerService.grpc_server.GetSystemConfig - 8 total (0 active), Execution time: mean = 0.23ms, total = 1.88ms, Queueing time: mean = 0.00ms, max = -0.00ms, min = 9223372036854.78ms, total = 0.00ms
[state-dump] 	NodeManagerService.grpc_server.GetSystemConfig.HandleRequestImpl - 8 total (0 active), Execution time: mean = 0.01ms, total = 0.12ms, Queueing time: mean = 0.02ms, max = 0.03ms, min = 0.00ms, total = 0.14ms
[state-dump] 	ClientConnection.async_write.DoAsyncWrites - 8 total (0 active), Execution time: mean = 0.00ms, total = 0.01ms, Queueing time: mean = 0.01ms, max = 0.03ms, min = 0.01ms, total = 0.12ms
[state-dump] 	CoreWorkerService.grpc_client.KillActor - 8 total (0 active), Execution time: mean = 32.59ms, total = 260.73ms, Queueing time: mean = 0.00ms, max = -0.00ms, min = 9223372036854.78ms, total = 0.00ms
[state-dump] 	NodeManagerService.grpc_server.RequestWorkerLease.HandleRequestImpl - 8 total (0 active), Execution time: mean = 3.55ms, total = 28.40ms, Queueing time: mean = 13.89ms, max = 25.54ms, min = 0.02ms, total = 111.12ms
[state-dump] 	NodeManagerService.grpc_server.KillLocalActor - 8 total (0 active), Execution time: mean = 33.11ms, total = 264.91ms, Queueing time: mean = 0.00ms, max = -0.00ms, min = 9223372036854.78ms, total = 0.00ms
[state-dump] 	ray::rpc::WorkerInfoGcsService.grpc_client.ReportWorkerFailure.OnReplyReceived - 8 total (0 active), Execution time: mean = 0.01ms, total = 0.08ms, Queueing time: mean = 1.38ms, max = 2.84ms, min = 0.01ms, total = 11.02ms
[state-dump] 	event_loop_lag_probe - 8 total (0 active), Execution time: mean = 0.01ms, total = 0.10ms, Queueing time: mean = 0.89ms, max = 7.13ms, min = 0.00ms, total = 7.15ms
[state-dump] 	ObjectManager.ObjectAdded - 8 total (0 active), Execution time: mean = 0.01ms, total = 0.08ms, Queueing time: mean = 0.01ms, max = 0.01ms, min = 0.01ms, total = 0.07ms
[state-dump] 	ray::rpc::WorkerInfoGcsService.grpc_client.ReportWorkerFailure - 8 total (0 active), Execution time: mean = 1.55ms, total = 12.39ms, Queueing time: mean = 0.00ms, max = -0.00ms, min = 9223372036854.78ms, total = 0.00ms
[state-dump] 	NodeManagerService.grpc_server.KillLocalActor.HandleRequestImpl - 8 total (0 active), Execution time: mean = 0.16ms, total = 1.24ms, Queueing time: mean = 0.36ms, max = 0.46ms, min = 0.01ms, total = 2.87ms
[state-dump] 	ObjectManager.ObjectDeleted - 8 total (0 active), Execution time: mean = 0.01ms, total = 0.05ms, Queueing time: mean = 0.01ms, max = 0.01ms, min = 0.01ms, total = 0.09ms
[state-dump] 	NodeManager.deadline_timer.debug_state_dump - 6 total (1 active), Execution time: mean = 5.97ms, total = 35.82ms, Queueing time: mean = 0.01ms, max = 0.01ms, min = 0.00ms, total = 0.04ms
[state-dump] 	NodeManagerService.grpc_server.GetNodeStats - 4 total (0 active), Execution time: mean = 0.35ms, total = 1.41ms, Queueing time: mean = 0.00ms, max = -0.00ms, min = 9223372036854.78ms, total = 0.00ms
[state-dump] 	NodeManagerService.grpc_server.GetNodeStats.HandleRequestImpl - 4 total (0 active), Execution time: mean = 0.02ms, total = 0.08ms, Queueing time: mean = 0.02ms, max = 0.02ms, min = 0.01ms, total = 0.08ms
[state-dump] 	RaySyncerRegister - 2 total (0 active), Execution time: mean = 0.00ms, total = 0.00ms, Queueing time: mean = 0.00ms, max = 0.00ms, min = 0.00ms, total = 0.00ms
[state-dump] 	ray::rpc::ControlPlanePubSubGcsService.grpc_client.GcsSubscriberCommandBatch - 2 total (0 active), Execution time: mean = 0.73ms, total = 1.46ms, Queueing time: mean = 0.00ms, max = -0.00ms, min = 9223372036854.78ms, total = 0.00ms
[state-dump] 	ray::rpc::ControlPlanePubSubGcsService.grpc_client.GcsSubscriberCommandBatch.OnReplyReceived - 2 total (0 active), Execution time: mean = 0.04ms, total = 0.08ms, Queueing time: mean = 0.21ms, max = 0.25ms, min = 0.16ms, total = 0.41ms
[state-dump] 	NodeManagerService.grpc_server.CommitBundleResources.HandleRequestImpl - 1 total (0 active), Execution time: mean = 1.15ms, total = 1.15ms, Queueing time: mean = 0.03ms, max = 0.03ms, min = 0.03ms, total = 0.03ms
[state-dump] 	ray::rpc::InternalKVGcsService.grpc_client.GetInternalConfig.OnReplyReceived - 1 total (0 active), Execution time: mean = 629.71ms, total = 629.71ms, Queueing time: mean = 0.01ms, max = 0.01ms, min = 0.01ms, total = 0.01ms
[state-dump] 	NodeManager.GcsCheckAlive - 1 total (1 active), Execution time: mean = 0.00ms, total = 0.00ms, Queueing time: mean = 0.00ms, max = -0.00ms, min = 9223372036854.78ms, total = 0.00ms
[state-dump] 	ray::rpc::NodeInfoGcsService.grpc_client.CheckAlive.OnReplyReceived - 1 total (0 active), Execution time: mean = 0.01ms, total = 0.01ms, Queueing time: mean = 0.01ms, max = 0.01ms, min = 0.01ms, total = 0.01ms
[state-dump] 	ray::rpc::JobInfoGcsService.grpc_client.GetAllJobInfo.OnReplyReceived - 1 total (0 active), Execution time: mean = 0.01ms, total = 0.01ms, Queueing time: mean = 0.02ms, max = 0.02ms, min = 0.02ms, total = 0.02ms
[state-dump] 	NodeManagerService.grpc_server.CommitBundleResources - 1 total (0 active), Execution time: mean = 1.41ms, total = 1.41ms, Queueing time: mean = 0.00ms, max = -0.00ms, min = 9223372036854.78ms, total = 0.00ms
[state-dump] 	ray::rpc::NodeInfoGcsService.grpc_client.GetAllNodeAddressAndLiveness.OnReplyReceived - 1 total (0 active), Execution time: mean = 0.16ms, total = 0.16ms, Queueing time: mean = 0.01ms, max = 0.01ms, min = 0.01ms, total = 0.01ms
[state-dump] 	ray::rpc::NodeInfoGcsService.grpc_client.RegisterNode - 1 total (0 active), Execution time: mean = 1.17ms, total = 1.17ms, Queueing time: mean = 0.00ms, max = -0.00ms, min = 9223372036854.78ms, total = 0.00ms
[state-dump] 	NodeManagerService.grpc_server.PrepareBundleResources - 1 total (0 active), Execution time: mean = 1.10ms, total = 1.10ms, Queueing time: mean = 0.00ms, max = -0.00ms, min = 9223372036854.78ms, total = 0.00ms
[state-dump] 	Subscriber.HandlePublishedMessage_GCS_JOB_CHANNEL - 1 total (0 active), Execution time: mean = 0.04ms, total = 0.04ms, Queueing time: mean = 0.30ms, max = 0.30ms, min = 0.30ms, total = 0.30ms
[state-dump] 	ray::rpc::NodeInfoGcsService.grpc_client.GetAllNodeAddressAndLiveness - 1 total (0 active), Execution time: mean = 0.70ms, total = 0.70ms, Queueing time: mean = 0.00ms, max = -0.00ms, min = 9223372036854.78ms, total = 0.00ms
[state-dump] 	NodeManager.deadline_timer.print_event_loop_stats - 1 total (1 active, 1 running), Execution time: mean = 0.00ms, total = 0.00ms, Queueing time: mean = 0.00ms, max = -0.00ms, min = 9223372036854.78ms, total = 0.00ms
[state-dump] 	ray::rpc::JobInfoGcsService.grpc_client.GetAllJobInfo - 1 total (0 active), Execution time: mean = 0.56ms, total = 0.56ms, Queueing time: mean = 0.00ms, max = -0.00ms, min = 9223372036854.78ms, total = 0.00ms
[state-dump] 	ray::rpc::NodeInfoGcsService.grpc_client.RegisterNode.OnReplyReceived - 1 total (0 active), Execution time: mean = 0.39ms, total = 0.39ms, Queueing time: mean = 0.01ms, max = 0.01ms, min = 0.01ms, total = 0.01ms
[state-dump] 	ray::rpc::NodeInfoGcsService.grpc_client.CheckAlive - 1 total (0 active), Execution time: mean = 0.55ms, total = 0.55ms, Queueing time: mean = 0.00ms, max = -0.00ms, min = 9223372036854.78ms, total = 0.00ms
[state-dump] 	NodeManager.GCTaskFailureReason - 1 total (1 active), Execution time: mean = 0.00ms, total = 0.00ms, Queueing time: mean = 0.00ms, max = -0.00ms, min = 9223372036854.78ms, total = 0.00ms
[state-dump] 	ReporterService.grpc_client.HealthCheck.OnReplyReceived - 1 total (0 active), Execution time: mean = 0.15ms, total = 0.15ms, Queueing time: mean = 0.02ms, max = 0.02ms, min = 0.02ms, total = 0.02ms
[state-dump] 	ray::rpc::InternalKVGcsService.grpc_client.GetInternalConfig - 1 total (0 active), Execution time: mean = 0.83ms, total = 0.83ms, Queueing time: mean = 0.00ms, max = -0.00ms, min = 9223372036854.78ms, total = 0.00ms
[state-dump] 	ReporterService.grpc_client.HealthCheck - 1 total (0 active), Execution time: mean = 132.11ms, total = 132.11ms, Queueing time: mean = 0.00ms, max = -0.00ms, min = 9223372036854.78ms, total = 0.00ms
[state-dump] 	NodeManagerService.grpc_server.PrepareBundleResources.HandleRequestImpl - 1 total (0 active), Execution time: mean = 0.84ms, total = 0.84ms, Queueing time: mean = 0.03ms, max = 0.03ms, min = 0.03ms, total = 0.03ms
[state-dump] DebugString() time ms: 0
[state-dump] 
[state-dump] 
[2026-09-04 00:58:46,824 I 79 79] (raylet) runtime_env_agent_client.cc:395: Create runtime env for job 01000000
[2026-09-04 00:58:46,829 I 79 79] (raylet) worker_pool.cc:531: Started worker process with pid 858 worker_id=650a17a0e0c4cd2270b368052022e6d017baf108cd0e6d39cfd281fe
[2026-09-04 00:59:40,843 I 79 102] (raylet) store.cc:573: Plasma store debug dump: 
Current usage: 0 / 4.29497 GB
- num bytes created total: 72
0 pending objects of total size 0MB
- objects spillable: 0
- bytes spillable: 0
- objects unsealed: 0
- bytes unsealed: 0
- objects in use: 0
- bytes in use: 0
- objects evictable: 0
- bytes evictable: 0

- objects created by worker: 0
- bytes created by worker: 0
- objects restored: 0
- bytes restored: 0
- objects received: 0
- bytes received: 0
- objects errored: 0
- bytes errored: 0

[2026-09-04 00:59:41,486 I 79 79] (raylet) node_manager.cc:486: [state-dump] NodeManager:
[state-dump] Node ID: 82dfc8c23c51709b77aaa7de2deacf9d421699bfcaad6b6cc4f66c59
[state-dump] Node name: 10.244.180.242
[state-dump] InitialConfigResources: {node:10.244.180.242: 1, object_store_memory: 4.29497e+09, GPU: 8, CPU: 64, accelerator_type:B200: 1, memory: 3.24185e+12}
[state-dump] ClusterLeaseManager:
[state-dump] ========== Node: 82dfc8c23c51709b77aaa7de2deacf9d421699bfcaad6b6cc4f66c59 =================
[state-dump] Infeasible queue length: 0
[state-dump] Schedule queue length: 0
[state-dump] Grant queue length: 0
[state-dump] num_waiting_for_resource: 0
[state-dump] num_waiting_for_plasma_memory: 0
[state-dump] num_waiting_for_remote_node_resources: 0
[state-dump] num_worker_not_started_by_job_config_not_exist: 0
[state-dump] num_worker_not_started_by_registration_timeout: 0
[state-dump] num_tasks_waiting_for_workers: 0
[state-dump] num_cancelled_leases: 0
[state-dump] cluster_resource_scheduler state: 
[state-dump] Local id: -8170265163178445639 Local resources: {"total":{node:10.244.180.242: [10000], GPU_group_19_41b56c6dcd1a3ea16b3ee9c698c601000000: [0, 0, 10000, 0, 0, 0, 0, 0], CPU: [640000], GPU_group_24_41b56c6dcd1a3ea16b3ee9c698c601000000: [0, 0, 0, 0, 0, 0, 0, 10000], CPU_group_19_41b56c6dcd1a3ea16b3ee9c698c601000000: [10000], GPU_group_23_41b56c6dcd1a3ea16b3ee9c698c601000000: [0, 0, 0, 0, 0, 0, 10000, 0], bundle_group_22_41b56c6dcd1a3ea16b3ee9c698c601000000: [10000000], GPU_group_17_41b56c6dcd1a3ea16b3ee9c698c601000000: [10000, 0, 0, 0, 0, 0, 0, 0], accelerator_type:B200: [10000], bundle_group_18_41b56c6dcd1a3ea16b3ee9c698c601000000: [10000000], CPU_group_17_41b56c6dcd1a3ea16b3ee9c698c601000000: [10000], memory: [32418475745280000], object_store_memory: [42949672960000], GPU_group_18_41b56c6dcd1a3ea16b3ee9c698c601000000: [0, 10000, 0, 0, 0, 0, 0, 0], CPU_group_41b56c6dcd1a3ea16b3ee9c698c601000000: [80000], bundle_group_41b56c6dcd1a3ea16b3ee9c698c601000000: [80000000], bundle_group_17_41b56c6dcd1a3ea16b3ee9c698c601000000: [10000000], CPU_group_20_41b56c6dcd1a3ea16b3ee9c698c601000000: [10000], GPU_group_20_41b56c6dcd1a3ea16b3ee9c698c601000000: [0, 0, 0, 10000, 0, 0, 0, 0], bundle_group_19_41b56c6dcd1a3ea16b3ee9c698c601000000: [10000000], bundle_group_23_41b56c6dcd1a3ea16b3ee9c698c601000000: [10000000], CPU_group_24_41b56c6dcd1a3ea16b3ee9c698c601000000: [10000], CPU_group_22_41b56c6dcd1a3ea16b3ee9c698c601000000: [10000], GPU_group_22_41b56c6dcd1a3ea16b3ee9c698c601000000: [0, 0, 0, 0, 0, 10000, 0, 0], CPU_group_23_41b56c6dcd1a3ea16b3ee9c698c601000000: [10000], CPU_group_21_41b56c6dcd1a3ea16b3ee9c698c601000000: [10000], GPU: [10000, 10000, 10000, 10000, 10000, 10000, 10000, 10000], bundle_group_21_41b56c6dcd1a3ea16b3ee9c698c601000000: [10000000], bundle_group_24_41b56c6dcd1a3ea16b3ee9c698c601000000: [10000000], GPU_group_41b56c6dcd1a3ea16b3ee9c698c601000000: [10000, 10000, 10000, 10000, 10000, 10000, 10000, 10000], GPU_group_21_41b56c6dcd1a3ea16b3ee9c698c601000000: [0, 0, 0, 0, 10000, 0, 0, 0], CPU_group_18_41b56c6dcd1a3ea16b3ee9c698c601000000: [10000], bundle_group_20_41b56c6dcd1a3ea16b3ee9c698c601000000: [10000000]}, "available": {GPU_group_19_41b56c6dcd1a3ea16b3ee9c698c601000000: [0, 0, 10000, 0, 0, 0, 0, 0], node:10.244.180.242: [10000], GPU_group_17_41b56c6dcd1a3ea16b3ee9c698c601000000: [8000, 0, 0, 0, 0, 0, 0, 0], bundle_group_22_41b56c6dcd1a3ea16b3ee9c698c601000000: [10000000], accelerator_type:B200: [10000], CPU_group_19_41b56c6dcd1a3ea16b3ee9c698c601000000: [10000], GPU_group_23_41b56c6dcd1a3ea16b3ee9c698c601000000: [0, 0, 0, 0, 0, 0, 10000, 0], bundle_group_18_41b56c6dcd1a3ea16b3ee9c698c601000000: [10000000], CPU: [560000], GPU_group_24_41b56c6dcd1a3ea16b3ee9c698c601000000: [0, 0, 0, 0, 0, 0, 0, 10000], memory: [32418475745280000], CPU_group_17_41b56c6dcd1a3ea16b3ee9c698c601000000: [8000], CPU_group_24_41b56c6dcd1a3ea16b3ee9c698c601000000: [10000], GPU_group_18_41b56c6dcd1a3ea16b3ee9c698c601000000: [0, 10000, 0, 0, 0, 0, 0, 0], object_store_memory: [42949672960000], GPU_group_20_41b56c6dcd1a3ea16b3ee9c698c601000000: [0, 0, 0, 10000, 0, 0, 0, 0], CPU_group_20_41b56c6dcd1a3ea16b3ee9c698c601000000: [10000], bundle_group_23_41b56c6dcd1a3ea16b3ee9c698c601000000: [10000000], bundle_group_41b56c6dcd1a3ea16b3ee9c698c601000000: [79999990], bundle_group_17_41b56c6dcd1a3ea16b3ee9c698c601000000: [9999990], CPU_group_21_41b56c6dcd1a3ea16b3ee9c698c601000000: [10000], CPU_group_41b56c6dcd1a3ea16b3ee9c698c601000000: [78000], GPU_group_22_41b56c6dcd1a3ea16b3ee9c698c601000000: [0, 0, 0, 0, 0, 10000, 0, 0], bundle_group_19_41b56c6dcd1a3ea16b3ee9c698c601000000: [10000000], CPU_group_23_41b56c6dcd1a3ea16b3ee9c698c601000000: [10000], CPU_group_22_41b56c6dcd1a3ea16b3ee9c698c601000000: [10000], GPU_group_41b56c6dcd1a3ea16b3ee9c698c601000000: [8000, 10000, 10000, 10000, 10000, 10000, 10000, 10000], bundle_group_21_41b56c6dcd1a3ea16b3ee9c698c601000000: [10000000], GPU: [0, 0, 0, 0, 0, 0, 0, 0], bundle_group_24_41b56c6dcd1a3ea16b3ee9c698c601000000: [10000000], bundle_group_20_41b56c6dcd1a3ea16b3ee9c698c601000000: [10000000], CPU_group_18_41b56c6dcd1a3ea16b3ee9c698c601000000: [10000], GPU_group_21_41b56c6dcd1a3ea16b3ee9c698c601000000: [0, 0, 0, 0, 10000, 0, 0, 0]}, "labels":{"ray.io/node-id":"82dfc8c23c51709b77aaa7de2deacf9d421699bfcaad6b6cc4f66c59","ray.io/accelerator-type":"B200"}} is_draining: 0 is_idle: 0 Cluster resources (at most 20 nodes are shown): node id: -8170265163178445639{"total":{GPU: 80000, bundle_group_24_41b56c6dcd1a3ea16b3ee9c698c601000000: 10000000, GPU_group_17_41b56c6dcd1a3ea16b3ee9c698c601000000: 10000, bundle_group_18_41b56c6dcd1a3ea16b3ee9c698c601000000: 10000000, bundle_group_22_41b56c6dcd1a3ea16b3ee9c698c601000000: 10000000, GPU_group_24_41b56c6dcd1a3ea16b3ee9c698c601000000: 10000, CPU: 640000, CPU_group_19_41b56c6dcd1a3ea16b3ee9c698c601000000: 10000, GPU_group_23_41b56c6dcd1a3ea16b3ee9c698c601000000: 10000, accelerator_type:B200: 10000, GPU_group_19_41b56c6dcd1a3ea16b3ee9c698c601000000: 10000, node:10.244.180.242: 10000, GPU_group_18_41b56c6dcd1a3ea16b3ee9c698c601000000: 10000, CPU_group_24_41b56c6dcd1a3ea16b3ee9c698c601000000: 10000, object_store_memory: 42949672960000, memory: 32418475745280000, CPU_group_17_41b56c6dcd1a3ea16b3ee9c698c601000000: 10000, GPU_group_22_41b56c6dcd1a3ea16b3ee9c698c601000000: 10000, CPU_group_23_41b56c6dcd1a3ea16b3ee9c698c601000000: 10000, CPU_group_21_41b56c6dcd1a3ea16b3ee9c698c601000000: 10000, CPU_group_22_41b56c6dcd1a3ea16b3ee9c698c601000000: 10000, GPU_group_20_41b56c6dcd1a3ea16b3ee9c698c601000000: 10000, CPU_group_41b56c6dcd1a3ea16b3ee9c698c601000000: 80000, bundle_group_41b56c6dcd1a3ea16b3ee9c698c601000000: 80000000, bundle_group_23_41b56c6dcd1a3ea16b3ee9c698c601000000: 10000000, CPU_group_20_41b56c6dcd1a3ea16b3ee9c698c601000000: 10000, bundle_group_17_41b56c6dcd1a3ea16b3ee9c698c601000000: 10000000, bundle_group_19_41b56c6dcd1a3ea16b3ee9c698c601000000: 10000000, bundle_group_20_41b56c6dcd1a3ea16b3ee9c698c601000000: 10000000, GPU_group_21_41b56c6dcd1a3ea16b3ee9c698c601000000: 10000, CPU_group_18_41b56c6dcd1a3ea16b3ee9c698c601000000: 10000, bundle_group_21_41b56c6dcd1a3ea16b3ee9c698c601000000: 10000000, GPU_group_41b56c6dcd1a3ea16b3ee9c698c601000000: 80000}, "available": {bundle_group_22_41b56c6dcd1a3ea16b3ee9c698c601000000: 10000000, bundle_group_18_41b56c6dcd1a3ea16b3ee9c698c601000000: 10000000, bundle_group_24_41b56c6dcd1a3ea16b3ee9c698c601000000: 10000000, bundle_group_21_41b56c6dcd1a3ea16b3ee9c698c601000000: 10000000, GPU_group_41b56c6dcd1a3ea16b3ee9c698c601000000: 78000, GPU_group_21_41b56c6dcd1a3ea16b3ee9c698c601000000: 10000, CPU_group_18_41b56c6dcd1a3ea16b3ee9c698c601000000: 10000, bundle_group_20_41b56c6dcd1a3ea16b3ee9c698c601000000: 10000000, CPU_group_41b56c6dcd1a3ea16b3ee9c698c601000000: 78000, bundle_group_17_41b56c6dcd1a3ea16b3ee9c698c601000000: 9999990, bundle_group_23_41b56c6dcd1a3ea16b3ee9c698c601000000: 10000000, CPU_group_20_41b56c6dcd1a3ea16b3ee9c698c601000000: 10000, bundle_group_19_41b56c6dcd1a3ea16b3ee9c698c601000000: 10000000, GPU_group_20_41b56c6dcd1a3ea16b3ee9c698c601000000: 10000, bundle_group_41b56c6dcd1a3ea16b3ee9c698c601000000: 79999990, CPU_group_22_41b56c6dcd1a3ea16b3ee9c698c601000000: 10000, GPU_group_22_41b56c6dcd1a3ea16b3ee9c698c601000000: 10000, CPU_group_23_41b56c6dcd1a3ea16b3ee9c698c601000000: 10000, CPU_group_21_41b56c6dcd1a3ea16b3ee9c698c601000000: 10000, CPU_group_17_41b56c6dcd1a3ea16b3ee9c698c601000000: 8000, memory: 32418475745280000, object_store_memory: 42949672960000, CPU_group_24_41b56c6dcd1a3ea16b3ee9c698c601000000: 10000, GPU_group_18_41b56c6dcd1a3ea16b3ee9c698c601000000: 10000, node:10.244.180.242: 10000, GPU_group_19_41b56c6dcd1a3ea16b3ee9c698c601000000: 10000, GPU_group_24_41b56c6dcd1a3ea16b3ee9c698c601000000: 10000, CPU: 560000, CPU_group_19_41b56c6dcd1a3ea16b3ee9c698c601000000: 10000, accelerator_type:B200: 10000, GPU_group_23_41b56c6dcd1a3ea16b3ee9c698c601000000: 10000, GPU_group_17_41b56c6dcd1a3ea16b3ee9c698c601000000: 8000}, "labels":{"ray.io/node-id":"82dfc8c23c51709b77aaa7de2deacf9d421699bfcaad6b6cc4f66c59","ray.io/accelerator-type":"B200"}, "is_draining": 0, "draining_deadline_timestamp_ms": -1}node id: -1351780445297854484{"total":{bundle_group_14_41b56c6dcd1a3ea16b3ee9c698c601000000: 10000000, bundle_group_0_41b56c6dcd1a3ea16b3ee9c698c601000000: 10000000, bundle_group_13_41b56c6dcd1a3ea16b3ee9c698c601000000: 10000000, GPU_group_0_41b56c6dcd1a3ea16b3ee9c698c601000000: 10000, CPU_group_41b56c6dcd1a3ea16b3ee9c698c601000000: 80000, bundle_group_41b56c6dcd1a3ea16b3ee9c698c601000000: 80000000, CPU_group_10_41b56c6dcd1a3ea16b3ee9c698c601000000: 10000, CPU_group_11_41b56c6dcd1a3ea16b3ee9c698c601000000: 10000, CPU_group_13_41b56c6dcd1a3ea16b3ee9c698c601000000: 10000, GPU_group_12_41b56c6dcd1a3ea16b3ee9c698c601000000: 10000, bundle_group_9_41b56c6dcd1a3ea16b3ee9c698c601000000: 10000000, GPU_group_15_41b56c6dcd1a3ea16b3ee9c698c601000000: 10000, GPU_group_41b56c6dcd1a3ea16b3ee9c698c601000000: 80000, GPU: 80000, bundle_group_12_41b56c6dcd1a3ea16b3ee9c698c601000000: 10000000, CPU_group_12_41b56c6dcd1a3ea16b3ee9c698c601000000: 10000, CPU_group_15_41b56c6dcd1a3ea16b3ee9c698c601000000: 10000, GPU_group_13_41b56c6dcd1a3ea16b3ee9c698c601000000: 10000, GPU_group_11_41b56c6dcd1a3ea16b3ee9c698c601000000: 10000, bundle_group_10_41b56c6dcd1a3ea16b3ee9c698c601000000: 10000000, bundle_group_11_41b56c6dcd1a3ea16b3ee9c698c601000000: 10000000, CPU_group_0_41b56c6dcd1a3ea16b3ee9c698c601000000: 10000, accelerator_type:B200: 10000, CPU: 640000, memory: 32418477711360000, node:10.244.218.62: 10000, bundle_group_15_41b56c6dcd1a3ea16b3ee9c698c601000000: 10000000, GPU_group_10_41b56c6dcd1a3ea16b3ee9c698c601000000: 10000, object_store_memory: 42949672960000, CPU_group_9_41b56c6dcd1a3ea16b3ee9c698c601000000: 10000, GPU_group_9_41b56c6dcd1a3ea16b3ee9c698c601000000: 10000, GPU_group_14_41b56c6dcd1a3ea16b3ee9c698c601000000: 10000, CPU_group_14_41b56c6dcd1a3ea16b3ee9c698c601000000: 10000}, "available": {GPU_group_41b56c6dcd1a3ea16b3ee9c698c601000000: 78000, CPU_group_12_41b56c6dcd1a3ea16b3ee9c698c601000000: 10000, bundle_group_12_41b56c6dcd1a3ea16b3ee9c698c601000000: 10000000, GPU_group_13_41b56c6dcd1a3ea16b3ee9c698c601000000: 10000, CPU_group_15_41b56c6dcd1a3ea16b3ee9c698c601000000: 10000, bundle_group_0_41b56c6dcd1a3ea16b3ee9c698c601000000: 9999990, CPU_group_10_41b56c6dcd1a3ea16b3ee9c698c601000000: 10000, CPU_group_41b56c6dcd1a3ea16b3ee9c698c601000000: 78000, CPU_group_11_41b56c6dcd1a3ea16b3ee9c698c601000000: 10000, GPU_group_12_41b56c6dcd1a3ea16b3ee9c698c601000000: 10000, CPU_group_13_41b56c6dcd1a3ea16b3ee9c698c601000000: 10000, bundle_group_41b56c6dcd1a3ea16b3ee9c698c601000000: 79999990, GPU_group_15_41b56c6dcd1a3ea16b3ee9c698c601000000: 10000, bundle_group_9_41b56c6dcd1a3ea16b3ee9c698c601000000: 10000000, node:10.244.218.62: 10000, memory: 32418477711360000, object_store_memory: 42949672960000, CPU_group_9_41b56c6dcd1a3ea16b3ee9c698c601000000: 10000, bundle_group_15_41b56c6dcd1a3ea16b3ee9c698c601000000: 10000000, bundle_group_14_41b56c6dcd1a3ea16b3ee9c698c601000000: 10000000, GPU_group_0_41b56c6dcd1a3ea16b3ee9c698c601000000: 8000, GPU_group_14_41b56c6dcd1a3ea16b3ee9c698c601000000: 10000, CPU_group_14_41b56c6dcd1a3ea16b3ee9c698c601000000: 10000, GPU_group_9_41b56c6dcd1a3ea16b3ee9c698c601000000: 10000, bundle_group_13_41b56c6dcd1a3ea16b3ee9c698c601000000: 10000000, GPU_group_10_41b56c6dcd1a3ea16b3ee9c698c601000000: 10000, bundle_group_10_41b56c6dcd1a3ea16b3ee9c698c601000000: 10000000, GPU_group_11_41b56c6dcd1a3ea16b3ee9c698c601000000: 10000, CPU_group_0_41b56c6dcd1a3ea16b3ee9c698c601000000: 8000, bundle_group_11_41b56c6dcd1a3ea16b3ee9c698c601000000: 10000000, accelerator_type:B200: 10000, CPU: 560000}, "labels":{"ray.io/accelerator-type":"B200","ray.io/node-id":"90dc8450878fe5de358e116e0b8657e06554d0d69bbf5603e4880a55"}, "is_draining": 0, "draining_deadline_timestamp_ms": -1}node id: 4273633132855142460{"total":{bundle_group_8_41b56c6dcd1a3ea16b3ee9c698c601000000: 10000000, CPU_group_7_41b56c6dcd1a3ea16b3ee9c698c601000000: 10000, GPU: 80000, CPU_group_6_41b56c6dcd1a3ea16b3ee9c698c601000000: 10000, CPU_group_3_41b56c6dcd1a3ea16b3ee9c698c601000000: 10000, GPU_group_41b56c6dcd1a3ea16b3ee9c698c601000000: 80000, node:10.244.13.18: 10000, bundle_group_3_41b56c6dcd1a3ea16b3ee9c698c601000000: 10000000, CPU_group_2_41b56c6dcd1a3ea16b3ee9c698c601000000: 10000, GPU_group_1_41b56c6dcd1a3ea16b3ee9c698c601000000: 10000, GPU_group_7_41b56c6dcd1a3ea16b3ee9c698c601000000: 10000, GPU_group_4_41b56c6dcd1a3ea16b3ee9c698c601000000: 10000, CPU_group_5_41b56c6dcd1a3ea16b3ee9c698c601000000: 10000, bundle_group_1_41b56c6dcd1a3ea16b3ee9c698c601000000: 10000000, CPU_group_4_41b56c6dcd1a3ea16b3ee9c698c601000000: 10000, bundle_group_7_41b56c6dcd1a3ea16b3ee9c698c601000000: 10000000, bundle_group_41b56c6dcd1a3ea16b3ee9c698c601000000: 80000000, CPU_group_41b56c6dcd1a3ea16b3ee9c698c601000000: 80000, bundle_group_2_41b56c6dcd1a3ea16b3ee9c698c601000000: 10000000, object_store_memory: 42949672960000, bundle_group_4_41b56c6dcd1a3ea16b3ee9c698c601000000: 10000000, GPU_group_5_41b56c6dcd1a3ea16b3ee9c698c601000000: 10000, GPU_group_6_41b56c6dcd1a3ea16b3ee9c698c601000000: 10000, GPU_group_2_41b56c6dcd1a3ea16b3ee9c698c601000000: 10000, memory: 32418533744640000, bundle_group_5_41b56c6dcd1a3ea16b3ee9c698c601000000: 10000000, CPU_group_1_41b56c6dcd1a3ea16b3ee9c698c601000000: 10000, GPU_group_3_41b56c6dcd1a3ea16b3ee9c698c601000000: 10000, CPU: 640000, bundle_group_6_41b56c6dcd1a3ea16b3ee9c698c601000000: 10000000, accelerator_type:B200: 10000, GPU_group_8_41b56c6dcd1a3ea16b3ee9c698c601000000: 10000, CPU_group_8_41b56c6dcd1a3ea16b3ee9c698c601000000: 10000}, "available": {bundle_group_8_41b56c6dcd1a3ea16b3ee9c698c601000000: 9999990, CPU_group_7_41b56c6dcd1a3ea16b3ee9c698c601000000: 6000, CPU_group_3_41b56c6dcd1a3ea16b3ee9c698c601000000: 6000, CPU_group_6_41b56c6dcd1a3ea16b3ee9c698c601000000: 6000, GPU_group_41b56c6dcd1a3ea16b3ee9c698c601000000: 48000, bundle_group_3_41b56c6dcd1a3ea16b3ee9c698c601000000: 9999990, node:10.244.13.18: 10000, CPU_group_2_41b56c6dcd1a3ea16b3ee9c698c601000000: 6000, GPU_group_1_41b56c6dcd1a3ea16b3ee9c698c601000000: 6000, GPU_group_4_41b56c6dcd1a3ea16b3ee9c698c601000000: 6000, GPU_group_7_41b56c6dcd1a3ea16b3ee9c698c601000000: 6000, bundle_group_1_41b56c6dcd1a3ea16b3ee9c698c601000000: 9999990, CPU_group_4_41b56c6dcd1a3ea16b3ee9c698c601000000: 6000, CPU_group_41b56c6dcd1a3ea16b3ee9c698c601000000: 48000, bundle_group_41b56c6dcd1a3ea16b3ee9c698c601000000: 79999920, bundle_group_7_41b56c6dcd1a3ea16b3ee9c698c601000000: 9999990, CPU_group_5_41b56c6dcd1a3ea16b3ee9c698c601000000: 6000, bundle_group_2_41b56c6dcd1a3ea16b3ee9c698c601000000: 9999990, object_store_memory: 42949672960000, GPU_group_5_41b56c6dcd1a3ea16b3ee9c698c601000000: 6000, bundle_group_4_41b56c6dcd1a3ea16b3ee9c698c601000000: 9999990, GPU_group_6_41b56c6dcd1a3ea16b3ee9c698c601000000: 6000, GPU_group_2_41b56c6dcd1a3ea16b3ee9c698c601000000: 6000, memory: 32418533744640000, bundle_group_5_41b56c6dcd1a3ea16b3ee9c698c601000000: 9999990, CPU_group_1_41b56c6dcd1a3ea16b3ee9c698c601000000: 6000, GPU_group_3_41b56c6dcd1a3ea16b3ee9c698c601000000: 6000, CPU: 560000, accelerator_type:B200: 10000, bundle_group_6_41b56c6dcd1a3ea16b3ee9c698c601000000: 9999990, CPU_group_8_41b56c6dcd1a3ea16b3ee9c698c601000000: 6000, GPU_group_8_41b56c6dcd1a3ea16b3ee9c698c601000000: 6000}, "labels":{"ray.io/node-id":"4296a17b2364b071e4782261814dd77feed7cb4e5a4de14ab32d253a","ray.io/accelerator-type":"B200"}, "is_draining": 0, "draining_deadline_timestamp_ms": -1}node id: -7973918255608480324{"total":{bundle_group_27_41b56c6dcd1a3ea16b3ee9c698c601000000: 10000000, bundle_group_29_41b56c6dcd1a3ea16b3ee9c698c601000000: 10000000, bundle_group_41b56c6dcd1a3ea16b3ee9c698c601000000: 80000000, CPU_group_41b56c6dcd1a3ea16b3ee9c698c601000000: 80000, GPU_group_27_41b56c6dcd1a3ea16b3ee9c698c601000000: 10000, GPU_group_16_41b56c6dcd1a3ea16b3ee9c698c601000000: 10000, CPU_group_31_41b56c6dcd1a3ea16b3ee9c698c601000000: 10000, node:__internal_head__: 10000, GPU_group_41b56c6dcd1a3ea16b3ee9c698c601000000: 80000, bundle_group_28_41b56c6dcd1a3ea16b3ee9c698c601000000: 10000000, GPU: 80000, bundle_group_30_41b56c6dcd1a3ea16b3ee9c698c601000000: 10000000, CPU_group_27_41b56c6dcd1a3ea16b3ee9c698c601000000: 10000, CPU_group_26_41b56c6dcd1a3ea16b3ee9c698c601000000: 10000, bundle_group_25_41b56c6dcd1a3ea16b3ee9c698c601000000: 10000000, GPU_group_29_41b56c6dcd1a3ea16b3ee9c698c601000000: 10000, GPU_group_28_41b56c6dcd1a3ea16b3ee9c698c601000000: 10000, CPU_group_29_41b56c6dcd1a3ea16b3ee9c698c601000000: 10000, CPU_group_25_41b56c6dcd1a3ea16b3ee9c698c601000000: 10000, CPU_group_30_41b56c6dcd1a3ea16b3ee9c698c601000000: 10000, accelerator_type:B200: 10000, bundle_group_26_41b56c6dcd1a3ea16b3ee9c698c601000000: 10000000, bundle_group_31_41b56c6dcd1a3ea16b3ee9c698c601000000: 10000000, GPU_group_30_41b56c6dcd1a3ea16b3ee9c698c601000000: 10000, CPU: 640000, bundle_group_16_41b56c6dcd1a3ea16b3ee9c698c601000000: 10000000, CPU_group_28_41b56c6dcd1a3ea16b3ee9c698c601000000: 10000, memory: 32397589872640000, GPU_group_31_41b56c6dcd1a3ea16b3ee9c698c601000000: 10000, CPU_group_16_41b56c6dcd1a3ea16b3ee9c698c601000000: 10000, GPU_group_25_41b56c6dcd1a3ea16b3ee9c698c601000000: 10000, node:10.244.18.139: 10000, object_store_memory: 42949672960000, GPU_group_26_41b56c6dcd1a3ea16b3ee9c698c601000000: 10000}, "available": {CPU_group_27_41b56c6dcd1a3ea16b3ee9c698c601000000: 6000, GPU_group_29_41b56c6dcd1a3ea16b3ee9c698c601000000: 6000, CPU_group_26_41b56c6dcd1a3ea16b3ee9c698c601000000: 6000, bundle_group_30_41b56c6dcd1a3ea16b3ee9c698c601000000: 9999990, GPU_group_41b56c6dcd1a3ea16b3ee9c698c601000000: 48000, bundle_group_28_41b56c6dcd1a3ea16b3ee9c698c601000000: 9999990, CPU_group_31_41b56c6dcd1a3ea16b3ee9c698c601000000: 6000, node:__internal_head__: 10000, bundle_group_41b56c6dcd1a3ea16b3ee9c698c601000000: 79999920, CPU_group_41b56c6dcd1a3ea16b3ee9c698c601000000: 48000, GPU_group_16_41b56c6dcd1a3ea16b3ee9c698c601000000: 6000, GPU_group_27_41b56c6dcd1a3ea16b3ee9c698c601000000: 6000, bundle_group_27_41b56c6dcd1a3ea16b3ee9c698c601000000: 9999990, bundle_group_29_41b56c6dcd1a3ea16b3ee9c698c601000000: 9999990, GPU_group_25_41b56c6dcd1a3ea16b3ee9c698c601000000: 6000, node:10.244.18.139: 10000, object_store_memory: 42949672960000, GPU_group_26_41b56c6dcd1a3ea16b3ee9c698c601000000: 6000, CPU_group_16_41b56c6dcd1a3ea16b3ee9c698c601000000: 6000, CPU_group_28_41b56c6dcd1a3ea16b3ee9c698c601000000: 6000, memory: 32397589872640000, GPU_group_31_41b56c6dcd1a3ea16b3ee9c698c601000000: 6000, CPU: 550000, GPU_group_30_41b56c6dcd1a3ea16b3ee9c698c601000000: 6000, bundle_group_16_41b56c6dcd1a3ea16b3ee9c698c601000000: 9999990, accelerator_type:B200: 10000, bundle_group_31_41b56c6dcd1a3ea16b3ee9c698c601000000: 9999990, bundle_group_26_41b56c6dcd1a3ea16b3ee9c698c601000000: 9999990, CPU_group_29_41b56c6dcd1a3ea16b3ee9c698c601000000: 6000, GPU_group_28_41b56c6dcd1a3ea16b3ee9c698c601000000: 6000, CPU_group_25_41b56c6dcd1a3ea16b3ee9c698c601000000: 6000, CPU_group_30_41b56c6dcd1a3ea16b3ee9c698c601000000: 6000, bundle_group_25_41b56c6dcd1a3ea16b3ee9c698c601000000: 9999990}, "labels":{"ray.io/node-id":"11215b0011fac4845f8eecab7d85f57fc12c4efc1ad3dce06ebdc204","ray.io/accelerator-type":"B200"}, "is_draining": 0, "draining_deadline_timestamp_ms": -1} { "placement group locations": [], "node to bundles": []}
[state-dump] Waiting leases size: 0
[state-dump] Number of granted lease arguments: 0
[state-dump] Number of pinned lease arguments: 0
[state-dump] Total size of pinned lease arguments: 0
[state-dump] Number of total spilled leases: 0
[state-dump] Number of spilled waiting leases: 0
[state-dump] Number of spilled unschedulable leases: 0
[state-dump] Resource usage {
[state-dump]     - (language=PYTHON actor_or_taskSGLangEngine.__init__ pid=858 worker_id=650a17a0e0c4cd2270b368052022e6d017baf108cd0e6d39cfd281fe): {bundle_group_41b56c6dcd1a3ea16b3ee9c698c601000000: 0.001, GPU_group_41b56c6dcd1a3ea16b3ee9c698c601000000: 0.2, GPU_group_17_41b56c6dcd1a3ea16b3ee9c698c601000000: 0.2, CPU_group_41b56c6dcd1a3ea16b3ee9c698c601000000: 0.2, CPU_group_17_41b56c6dcd1a3ea16b3ee9c698c601000000: 0.2, bundle_group_17_41b56c6dcd1a3ea16b3ee9c698c601000000: 0.001}
[state-dump] }
[state-dump] Backlog Size per scheduling descriptor :{workerId: num backlogs}:
[state-dump] 
[state-dump] Granted leases by scheduling class:
[state-dump] ==================================================
[state-dump] 
[state-dump] ClusterResources:
[state-dump] LocalObjectManager:
[state-dump] - num pinned objects: 0
[state-dump] - pinned objects size: 0
[state-dump] - num objects pending restore: 0
[state-dump] - num objects pending spill: 0
[state-dump] - num bytes pending spill: 0
[state-dump] - num bytes currently spilled: 0
[state-dump] - cumulative spill requests: 0
[state-dump] - cumulative restore requests: 0
[state-dump] - spilled objects pending delete: 0
[state-dump] 
[state-dump] ObjectManager:
[state-dump] - num local objects: 0
[state-dump] - num unfulfilled push requests: 0
[state-dump] - num object pull requests: 0
[state-dump] - num chunks received total: 0
[state-dump] - num chunks received failed (all): 0
[state-dump] - num chunks received failed / cancelled: 0
[state-dump] - num chunks received failed / plasma error: 0
[state-dump] Event stats:
[state-dump] Global stats: 0 total (0 active)
[state-dump] Queueing time: mean = -nanms, max = -0.00ms, min = 9223372036854.78ms, total = 0.00ms
[state-dump] Execution time:  mean = -nanms, total = 0.00ms
[state-dump] Event stats:
[state-dump] PushManager:
[state-dump] - num pushes remaining: 0
[state-dump] - num chunks in flight: 0
[state-dump] - num chunks remaining: 0
[state-dump] - max chunks allowed: 409
[state-dump] OwnershipBasedObjectDirectory:
[state-dump] - num listeners: 0
[state-dump] - cumulative location updates: 0
[state-dump] - num location updates per second: 0.000
[state-dump] - num location lookups per second: 0.000
[state-dump] - num locations added per second: 0.000
[state-dump] - num locations removed per second: 0.000
[state-dump] BufferPool:
[state-dump] - create buffer state map size: 0
[state-dump] PullManager:
[state-dump] - num bytes available for pulled objects: 4294967296
[state-dump] - num bytes being pulled (all): 0
[state-dump] - num bytes being pulled / pinned: 0
[state-dump] - get request bundles: BundlePullRequestQueue{0 total, 0 active, 0 inactive, 0 unpullable}
[state-dump] - wait request bundles: BundlePullRequestQueue{0 total, 0 active, 0 inactive, 0 unpullable}
[state-dump] - task request bundles: BundlePullRequestQueue{0 total, 0 active, 0 inactive, 0 unpullable}
[state-dump] - first get request bundle: N/A
[state-dump] - first wait request bundle: N/A
[state-dump] - first task request bundle: N/A
[state-dump] - num objects queued: 0
[state-dump] - num objects actively pulled (all): 0
[state-dump] - num objects actively pulled / pinned: 0
[state-dump] - num bundles being pulled: 0
[state-dump] - num pull retries: 0
[state-dump] - max timeout seconds: 0
[state-dump] - max timeout request is already processed. No entry.
[state-dump] 
[state-dump] WorkerPool:
[state-dump] - registered jobs: 1
[state-dump] - process_failed_job_config_missing: 0
[state-dump] - process_failed_rate_limited: 0
[state-dump] - process_failed_pending_registration: 0
[state-dump] - process_failed_runtime_env_setup_failed: 0
[state-dump] - num PYTHON workers: 1
[state-dump] - num PYTHON drivers: 0
[state-dump] - num PYTHON pending start requests: 0
[state-dump] - num PYTHON pending registration requests: 0
[state-dump] - num object spill callbacks queued: 0
[state-dump] - num object restore queued: 0
[state-dump] - num util functions queued: 0
[state-dump] - num idle workers: 0
[state-dump] LeaseDependencyManager:
[state-dump] - lease deps map size: 0
[state-dump] - get req map size: 0
[state-dump] - wait req map size: 0
[state-dump] - local objects map size: 0
[state-dump] WaitManager:
[state-dump] - num active wait requests: 0
[state-dump] Subscriber:
[state-dump] Channel WORKER_OBJECT_LOCATIONS_CHANNEL
[state-dump] - cumulative subscribe requests: 0
[state-dump] - cumulative unsubscribe requests: 0
[state-dump] - active subscribed publishers: 0
[state-dump] - cumulative published messages: 0
[state-dump] - cumulative processed messages: 0
[state-dump] Channel WORKER_REF_REMOVED_CHANNEL
[state-dump] - cumulative subscribe requests: 0
[state-dump] - cumulative unsubscribe requests: 0
[state-dump] - active subscribed publishers: 0
[state-dump] - cumulative published messages: 0
[state-dump] - cumulative processed messages: 0
[state-dump] num async plasma notifications: 0
[state-dump] Event stats:
[state-dump] Global stats: 5479 total (15 active)
[state-dump] Queueing time: mean = 5.56ms, max = 26285.89ms, min = 0.00ms, total = 30440.67ms
[state-dump] Execution time:  mean = 6.05ms, total = 33159.14ms
[state-dump] Event stats:
[state-dump] 	RaySyncer.BroadcastMessageIfNewVersion - 1199 total (1 active), Execution time: mean = 0.00ms, total = 2.91ms, Queueing time: mean = 0.10ms, max = 21.67ms, min = 0.00ms, total = 115.97ms
[state-dump] 	ObjectManager.UpdateAvailableMemory - 1199 total (0 active), Execution time: mean = 0.00ms, total = 1.23ms, Queueing time: mean = 0.01ms, max = 0.05ms, min = 0.00ms, total = 14.14ms
[state-dump] 	NodeManager.CheckGC - 1199 total (1 active), Execution time: mean = 0.00ms, total = 0.83ms, Queueing time: mean = 0.10ms, max = 21.67ms, min = 0.00ms, total = 117.73ms
[state-dump] 	RayletWorkerPool.deadline_timer.kill_idle_workers - 600 total (1 active), Execution time: mean = 0.00ms, total = 1.11ms, Queueing time: mean = 0.03ms, max = 8.65ms, min = 0.00ms, total = 18.53ms
[state-dump] 	NodeManager.ScheduleAndGrantLeases - 121 total (1 active), Execution time: mean = 0.00ms, total = 0.41ms, Queueing time: mean = 0.01ms, max = 0.04ms, min = 0.00ms, total = 1.59ms
[state-dump] 	NodeManager.CheckForUnexpectedWorkerDisconnects - 121 total (1 active), Execution time: mean = 0.00ms, total = 0.48ms, Queueing time: mean = 0.01ms, max = 0.06ms, min = 0.00ms, total = 1.50ms
[state-dump] 	NodeManagerService.grpc_server.GetResourceLoad - 120 total (0 active), Execution time: mean = 0.36ms, total = 43.03ms, Queueing time: mean = 0.00ms, max = -0.00ms, min = 9223372036854.78ms, total = 0.00ms
[state-dump] 	NodeManager.deadline_timer.spill_objects_when_over_threshold - 120 total (1 active), Execution time: mean = 0.00ms, total = 0.12ms, Queueing time: mean = 0.99ms, max = 22.58ms, min = 0.00ms, total = 118.24ms
[state-dump] 	NodeManagerService.grpc_server.GetResourceLoad.HandleRequestImpl - 120 total (0 active), Execution time: mean = 0.07ms, total = 8.18ms, Queueing time: mean = 0.02ms, max = 0.04ms, min = 0.01ms, total = 2.85ms
[state-dump] 	NodeManager.deadline_timer.flush_free_objects - 120 total (1 active), Execution time: mean = 0.00ms, total = 0.14ms, Queueing time: mean = 0.99ms, max = 22.58ms, min = 0.00ms, total = 118.22ms
[state-dump] 	ClientConnection.async_read.ProcessMessageHeader - 45 total (1 active), Execution time: mean = 0.00ms, total = 0.15ms, Queueing time: mean = 616.87ms, max = 26285.89ms, min = 0.01ms, total = 27759.10ms
[state-dump] 	ClientConnection.async_read.ProcessMessage - 44 total (0 active), Execution time: mean = 0.84ms, total = 36.97ms, Queueing time: mean = 0.16ms, max = 2.97ms, min = 0.00ms, total = 6.99ms
[state-dump] 	ClusterResourceManager.ResetRemoteNodeView - 41 total (1 active), Execution time: mean = 0.00ms, total = 0.08ms, Queueing time: mean = 0.01ms, max = 0.03ms, min = 0.01ms, total = 0.60ms
[state-dump] 	Subscriber.HandlePublishedMessage_GCS_WORKER_DELTA_CHANNEL - 32 total (0 active), Execution time: mean = 0.00ms, total = 0.03ms, Queueing time: mean = 0.09ms, max = 0.26ms, min = 0.03ms, total = 2.85ms
[state-dump] 	RaySyncer.BroadcastMessage - 27 total (0 active), Execution time: mean = 0.06ms, total = 1.54ms, Queueing time: mean = 0.00ms, max = 0.00ms, min = 0.00ms, total = 0.01ms
[state-dump] 	 - 26 total (0 active), Execution time: mean = 0.06ms, total = 1.57ms, Queueing time: mean = 0.14ms, max = 3.28ms, min = 0.00ms, total = 3.72ms
[state-dump] 	NodeManager.deadline_timer.record_metrics - 24 total (1 active), Execution time: mean = 0.22ms, total = 5.39ms, Queueing time: mean = 4.70ms, max = 22.34ms, min = 0.01ms, total = 112.87ms
[state-dump] 	NodeManagerService.grpc_server.GetAgentPIDs - 23 total (0 active), Execution time: mean = 0.33ms, total = 7.53ms, Queueing time: mean = 0.00ms, max = -0.00ms, min = 9223372036854.78ms, total = 0.00ms
[state-dump] 	NodeManagerService.grpc_server.GetAgentPIDs.HandleRequestImpl - 23 total (0 active), Execution time: mean = 0.07ms, total = 1.52ms, Queueing time: mean = 0.03ms, max = 0.10ms, min = 0.00ms, total = 0.66ms
[state-dump] 	NodeManagerService.grpc_server.GetWorkerPIDs - 23 total (0 active), Execution time: mean = 0.32ms, total = 7.38ms, Queueing time: mean = 0.00ms, max = -0.00ms, min = 9223372036854.78ms, total = 0.00ms
[state-dump] 	NodeManagerService.grpc_server.GetWorkerPIDs.HandleRequestImpl - 23 total (0 active), Execution time: mean = 0.02ms, total = 0.49ms, Queueing time: mean = 0.08ms, max = 1.27ms, min = 0.02ms, total = 1.75ms
[state-dump] 	event_loop_lag_probe - 14 total (0 active), Execution time: mean = 0.01ms, total = 0.16ms, Queueing time: mean = 0.51ms, max = 7.13ms, min = 0.00ms, total = 7.17ms
[state-dump] 	ray::rpc::ControlPlanePubSubGcsService.grpc_client.GcsSubscriberPoll - 14 total (1 active), Execution time: mean = 2016.44ms, total = 28230.10ms, Queueing time: mean = 0.00ms, max = -0.00ms, min = 9223372036854.78ms, total = 0.00ms
[state-dump] 	PeriodicalRunner.RunFnPeriodically - 13 total (0 active), Execution time: mean = 0.08ms, total = 1.01ms, Queueing time: mean = 144.77ms, max = 625.93ms, min = 0.02ms, total = 1882.07ms
[state-dump] 	ray::rpc::ControlPlanePubSubGcsService.grpc_client.GcsSubscriberPoll.OnReplyReceived - 13 total (0 active), Execution time: mean = 0.07ms, total = 0.93ms, Queueing time: mean = 1.22ms, max = 12.66ms, min = 0.00ms, total = 15.80ms
[state-dump] 	NodeManager.deadline_timer.debug_state_dump - 12 total (1 active), Execution time: mean = 9.81ms, total = 117.74ms, Queueing time: mean = 0.01ms, max = 0.02ms, min = 0.00ms, total = 0.14ms
[state-dump] 	ObjectManager.ObjectAdded - 9 total (0 active), Execution time: mean = 0.01ms, total = 0.09ms, Queueing time: mean = 0.01ms, max = 0.01ms, min = 0.01ms, total = 0.08ms
[state-dump] 	NodeManagerService.grpc_server.RequestWorkerLease.HandleRequestImpl - 9 total (0 active), Execution time: mean = 3.19ms, total = 28.71ms, Queueing time: mean = 12.35ms, max = 25.54ms, min = 0.02ms, total = 111.14ms
[state-dump] 	NodeManagerService.grpc_server.RequestWorkerLease - 9 total (0 active), Execution time: mean = 369.13ms, total = 3322.19ms, Queueing time: mean = 0.00ms, max = -0.00ms, min = 9223372036854.78ms, total = 0.00ms
[state-dump] 	NodeManagerService.grpc_server.GetSystemConfig.HandleRequestImpl - 9 total (0 active), Execution time: mean = 0.02ms, total = 0.14ms, Queueing time: mean = 0.02ms, max = 0.03ms, min = 0.00ms, total = 0.16ms
[state-dump] 	ClientConnection.async_write.DoAsyncWrites - 9 total (0 active), Execution time: mean = 0.00ms, total = 0.01ms, Queueing time: mean = 0.01ms, max = 0.03ms, min = 0.01ms, total = 0.13ms
[state-dump] 	ObjectManager.ObjectDeleted - 9 total (0 active), Execution time: mean = 0.01ms, total = 0.06ms, Queueing time: mean = 0.01ms, max = 0.01ms, min = 0.01ms, total = 0.10ms
[state-dump] 	NodeManagerService.grpc_server.GetSystemConfig - 9 total (0 active), Execution time: mean = 0.24ms, total = 2.13ms, Queueing time: mean = 0.00ms, max = -0.00ms, min = 9223372036854.78ms, total = 0.00ms
[state-dump] 	NodeManagerService.grpc_server.KillLocalActor - 8 total (0 active), Execution time: mean = 33.11ms, total = 264.91ms, Queueing time: mean = 0.00ms, max = -0.00ms, min = 9223372036854.78ms, total = 0.00ms
[state-dump] 	ray::rpc::WorkerInfoGcsService.grpc_client.ReportWorkerFailure.OnReplyReceived - 8 total (0 active), Execution time: mean = 0.01ms, total = 0.08ms, Queueing time: mean = 1.38ms, max = 2.84ms, min = 0.01ms, total = 11.02ms
[state-dump] 	CoreWorkerService.grpc_client.KillActor.OnReplyReceived - 8 total (0 active), Execution time: mean = 0.06ms, total = 0.47ms, Queueing time: mean = 0.00ms, max = 0.00ms, min = 0.00ms, total = 0.03ms
[state-dump] 	NodeManagerService.grpc_server.GetNodeStats - 8 total (0 active), Execution time: mean = 0.70ms, total = 5.57ms, Queueing time: mean = 0.00ms, max = -0.00ms, min = 9223372036854.78ms, total = 0.00ms
[state-dump] 	NodeManagerService.grpc_server.KillLocalActor.HandleRequestImpl - 8 total (0 active), Execution time: mean = 0.16ms, total = 1.24ms, Queueing time: mean = 0.36ms, max = 0.46ms, min = 0.01ms, total = 2.87ms
[state-dump] 	ray::rpc::WorkerInfoGcsService.grpc_client.ReportWorkerFailure - 8 total (0 active), Execution time: mean = 1.55ms, total = 12.39ms, Queueing time: mean = 0.00ms, max = -0.00ms, min = 9223372036854.78ms, total = 0.00ms
[state-dump] 	NodeManagerService.grpc_server.GetNodeStats.HandleRequestImpl - 8 total (0 active), Execution time: mean = 0.13ms, total = 1.07ms, Queueing time: mean = 0.02ms, max = 0.04ms, min = 0.01ms, total = 0.18ms
[state-dump] 	CoreWorkerService.grpc_client.KillActor - 8 total (0 active), Execution time: mean = 32.59ms, total = 260.73ms, Queueing time: mean = 0.00ms, max = -0.00ms, min = 9223372036854.78ms, total = 0.00ms
[state-dump] 	CoreWorkerService.grpc_client.GetCoreWorkerStats.OnReplyReceived - 3 total (0 active), Execution time: mean = 0.06ms, total = 0.17ms, Queueing time: mean = 0.02ms, max = 0.02ms, min = 0.01ms, total = 0.05ms
[state-dump] 	CoreWorkerService.grpc_client.GetCoreWorkerStats - 3 total (0 active), Execution time: mean = 1.00ms, total = 2.99ms, Queueing time: mean = 0.00ms, max = -0.00ms, min = 9223372036854.78ms, total = 0.00ms
[state-dump] 	NodeManager.GcsCheckAlive - 2 total (1 active), Execution time: mean = 0.10ms, total = 0.21ms, Queueing time: mean = 5.77ms, max = 11.53ms, min = 11.53ms, total = 11.53ms
[state-dump] 	ray::rpc::NodeInfoGcsService.grpc_client.CheckAlive.OnReplyReceived - 2 total (0 active), Execution time: mean = 0.01ms, total = 0.03ms, Queueing time: mean = 0.02ms, max = 0.02ms, min = 0.01ms, total = 0.03ms
[state-dump] 	RaySyncerRegister - 2 total (0 active), Execution time: mean = 0.00ms, total = 0.00ms, Queueing time: mean = 0.00ms, max = 0.00ms, min = 0.00ms, total = 0.00ms
[state-dump] 	ray::rpc::ControlPlanePubSubGcsService.grpc_client.GcsSubscriberCommandBatch.OnReplyReceived - 2 total (0 active), Execution time: mean = 0.04ms, total = 0.08ms, Queueing time: mean = 0.21ms, max = 0.25ms, min = 0.16ms, total = 0.41ms
[state-dump] 	NodeManager.deadline_timer.print_event_loop_stats - 2 total (1 active, 1 running), Execution time: mean = 5.80ms, total = 11.61ms, Queueing time: mean = 0.01ms, max = 0.02ms, min = 0.02ms, total = 0.02ms
[state-dump] 	ray::rpc::ControlPlanePubSubGcsService.grpc_client.GcsSubscriberCommandBatch - 2 total (0 active), Execution time: mean = 0.73ms, total = 1.46ms, Queueing time: mean = 0.00ms, max = -0.00ms, min = 9223372036854.78ms, total = 0.00ms
[state-dump] 	ray::rpc::NodeInfoGcsService.grpc_client.CheckAlive - 2 total (0 active), Execution time: mean = 0.72ms, total = 1.44ms, Queueing time: mean = 0.00ms, max = -0.00ms, min = 9223372036854.78ms, total = 0.00ms
[state-dump] 	ray::rpc::NodeInfoGcsService.grpc_client.RegisterNode.OnReplyReceived - 1 total (0 active), Execution time: mean = 0.39ms, total = 0.39ms, Queueing time: mean = 0.01ms, max = 0.01ms, min = 0.01ms, total = 0.01ms
[state-dump] 	NodeManagerService.grpc_server.PrepareBundleResources.HandleRequestImpl - 1 total (0 active), Execution time: mean = 0.84ms, total = 0.84ms, Queueing time: mean = 0.03ms, max = 0.03ms, min = 0.03ms, total = 0.03ms
[state-dump] 	ReporterService.grpc_client.HealthCheck - 1 total (0 active), Execution time: mean = 132.11ms, total = 132.11ms, Queueing time: mean = 0.00ms, max = -0.00ms, min = 9223372036854.78ms, total = 0.00ms
[state-dump] 	ray::rpc::InternalKVGcsService.grpc_client.GetInternalConfig - 1 total (0 active), Execution time: mean = 0.83ms, total = 0.83ms, Queueing time: mean = 0.00ms, max = -0.00ms, min = 9223372036854.78ms, total = 0.00ms
[state-dump] 	ReporterService.grpc_client.HealthCheck.OnReplyReceived - 1 total (0 active), Execution time: mean = 0.15ms, total = 0.15ms, Queueing time: mean = 0.02ms, max = 0.02ms, min = 0.02ms, total = 0.02ms
[state-dump] 	ray::rpc::JobInfoGcsService.grpc_client.GetAllJobInfo.OnReplyReceived - 1 total (0 active), Execution time: mean = 0.01ms, total = 0.01ms, Queueing time: mean = 0.02ms, max = 0.02ms, min = 0.02ms, total = 0.02ms
[state-dump] 	NodeManager.GCTaskFailureReason - 1 total (1 active), Execution time: mean = 0.00ms, total = 0.00ms, Queueing time: mean = 0.00ms, max = -0.00ms, min = 9223372036854.78ms, total = 0.00ms
[state-dump] 	ray::rpc::InternalKVGcsService.grpc_client.GetInternalConfig.OnReplyReceived - 1 total (0 active), Execution time: mean = 629.71ms, total = 629.71ms, Queueing time: mean = 0.01ms, max = 0.01ms, min = 0.01ms, total = 0.01ms
[state-dump] 	ray::rpc::NodeInfoGcsService.grpc_client.GetAllNodeAddressAndLiveness.OnReplyReceived - 1 total (0 active), Execution time: mean = 0.16ms, total = 0.16ms, Queueing time: mean = 0.01ms, max = 0.01ms, min = 0.01ms, total = 0.01ms
[state-dump] 	ray::rpc::JobInfoGcsService.grpc_client.GetAllJobInfo - 1 total (0 active), Execution time: mean = 0.56ms, total = 0.56ms, Queueing time: mean = 0.00ms, max = -0.00ms, min = 9223372036854.78ms, total = 0.00ms
[state-dump] 	ray::rpc::NodeInfoGcsService.grpc_client.GetAllNodeAddressAndLiveness - 1 total (0 active), Execution time: mean = 0.70ms, total = 0.70ms, Queueing time: mean = 0.00ms, max = -0.00ms, min = 9223372036854.78ms, total = 0.00ms
[state-dump] 	Subscriber.HandlePublishedMessage_GCS_JOB_CHANNEL - 1 total (0 active), Execution time: mean = 0.04ms, total = 0.04ms, Queueing time: mean = 0.30ms, max = 0.30ms, min = 0.30ms, total = 0.30ms
[state-dump] 	NodeManagerService.grpc_server.CommitBundleResources.HandleRequestImpl - 1 total (0 active), Execution time: mean = 1.15ms, total = 1.15ms, Queueing time: mean = 0.03ms, max = 0.03ms, min = 0.03ms, total = 0.03ms
[state-dump] 	NodeManagerService.grpc_server.CommitBundleResources - 1 total (0 active), Execution time: mean = 1.41ms, total = 1.41ms, Queueing time: mean = 0.00ms, max = -0.00ms, min = 9223372036854.78ms, total = 0.00ms
[state-dump] 	NodeManagerService.grpc_server.PrepareBundleResources - 1 total (0 active), Execution time: mean = 1.10ms, total = 1.10ms, Queueing time: mean = 0.00ms, max = -0.00ms, min = 9223372036854.78ms, total = 0.00ms
[state-dump] 	ray::rpc::NodeInfoGcsService.grpc_client.RegisterNode - 1 total (0 active), Execution time: mean = 1.17ms, total = 1.17ms, Queueing time: mean = 0.00ms, max = -0.00ms, min = 9223372036854.78ms, total = 0.00ms
[state-dump] DebugString() time ms: 0
[state-dump] 
[state-dump] 
[2026-09-04 01:00:40,843 I 79 102] (raylet) store.cc:573: Plasma store debug dump: 
Current usage: 0 / 4.29497 GB
- num bytes created total: 72
0 pending objects of total size 0MB
- objects spillable: 0
- bytes spillable: 0
- objects unsealed: 0
- bytes unsealed: 0
- objects in use: 0
- bytes in use: 0
- objects evictable: 0
- bytes evictable: 0

- objects created by worker: 0
- bytes created by worker: 0
- objects restored: 0
- bytes restored: 0
- objects received: 0
- bytes received: 0
- objects errored: 0
- bytes errored: 0

[2026-09-04 01:00:41,497 I 79 79] (raylet) node_manager.cc:486: [state-dump] NodeManager:
[state-dump] Node ID: 82dfc8c23c51709b77aaa7de2deacf9d421699bfcaad6b6cc4f66c59
[state-dump] Node name: 10.244.180.242
[state-dump] InitialConfigResources: {node:10.244.180.242: 1, object_store_memory: 4.29497e+09, GPU: 8, CPU: 64, accelerator_type:B200: 1, memory: 3.24185e+12}
[state-dump] ClusterLeaseManager:
[state-dump] ========== Node: 82dfc8c23c51709b77aaa7de2deacf9d421699bfcaad6b6cc4f66c59 =================
[state-dump] Infeasible queue length: 0
[state-dump] Schedule queue length: 0
[state-dump] Grant queue length: 0
[state-dump] num_waiting_for_resource: 0
[state-dump] num_waiting_for_plasma_memory: 0
[state-dump] num_waiting_for_remote_node_resources: 0
[state-dump] num_worker_not_started_by_job_config_not_exist: 0
[state-dump] num_worker_not_started_by_registration_timeout: 0
[state-dump] num_tasks_waiting_for_workers: 0
[state-dump] num_cancelled_leases: 0
[state-dump] cluster_resource_scheduler state: 
[state-dump] Local id: -8170265163178445639 Local resources: {"total":{node:10.244.180.242: [10000], GPU_group_19_41b56c6dcd1a3ea16b3ee9c698c601000000: [0, 0, 10000, 0, 0, 0, 0, 0], CPU: [640000], GPU_group_24_41b56c6dcd1a3ea16b3ee9c698c601000000: [0, 0, 0, 0, 0, 0, 0, 10000], CPU_group_19_41b56c6dcd1a3ea16b3ee9c698c601000000: [10000], GPU_group_23_41b56c6dcd1a3ea16b3ee9c698c601000000: [0, 0, 0, 0, 0, 0, 10000, 0], bundle_group_22_41b56c6dcd1a3ea16b3ee9c698c601000000: [10000000], GPU_group_17_41b56c6dcd1a3ea16b3ee9c698c601000000: [10000, 0, 0, 0, 0, 0, 0, 0], accelerator_type:B200: [10000], bundle_group_18_41b56c6dcd1a3ea16b3ee9c698c601000000: [10000000], CPU_group_17_41b56c6dcd1a3ea16b3ee9c698c601000000: [10000], memory: [32418475745280000], object_store_memory: [42949672960000], GPU_group_18_41b56c6dcd1a3ea16b3ee9c698c601000000: [0, 10000, 0, 0, 0, 0, 0, 0], CPU_group_41b56c6dcd1a3ea16b3ee9c698c601000000: [80000], bundle_group_41b56c6dcd1a3ea16b3ee9c698c601000000: [80000000], bundle_group_17_41b56c6dcd1a3ea16b3ee9c698c601000000: [10000000], CPU_group_20_41b56c6dcd1a3ea16b3ee9c698c601000000: [10000], GPU_group_20_41b56c6dcd1a3ea16b3ee9c698c601000000: [0, 0, 0, 10000, 0, 0, 0, 0], bundle_group_19_41b56c6dcd1a3ea16b3ee9c698c601000000: [10000000], bundle_group_23_41b56c6dcd1a3ea16b3ee9c698c601000000: [10000000], CPU_group_24_41b56c6dcd1a3ea16b3ee9c698c601000000: [10000], CPU_group_22_41b56c6dcd1a3ea16b3ee9c698c601000000: [10000], GPU_group_22_41b56c6dcd1a3ea16b3ee9c698c601000000: [0, 0, 0, 0, 0, 10000, 0, 0], CPU_group_23_41b56c6dcd1a3ea16b3ee9c698c601000000: [10000], CPU_group_21_41b56c6dcd1a3ea16b3ee9c698c601000000: [10000], GPU: [10000, 10000, 10000, 10000, 10000, 10000, 10000, 10000], bundle_group_21_41b56c6dcd1a3ea16b3ee9c698c601000000: [10000000], bundle_group_24_41b56c6dcd1a3ea16b3ee9c698c601000000: [10000000], GPU_group_41b56c6dcd1a3ea16b3ee9c698c601000000: [10000, 10000, 10000, 10000, 10000, 10000, 10000, 10000], GPU_group_21_41b56c6dcd1a3ea16b3ee9c698c601000000: [0, 0, 0, 0, 10000, 0, 0, 0], CPU_group_18_41b56c6dcd1a3ea16b3ee9c698c601000000: [10000], bundle_group_20_41b56c6dcd1a3ea16b3ee9c698c601000000: [10000000]}, "available": {GPU_group_19_41b56c6dcd1a3ea16b3ee9c698c601000000: [0, 0, 10000, 0, 0, 0, 0, 0], node:10.244.180.242: [10000], GPU_group_17_41b56c6dcd1a3ea16b3ee9c698c601000000: [8000, 0, 0, 0, 0, 0, 0, 0], bundle_group_22_41b56c6dcd1a3ea16b3ee9c698c601000000: [10000000], accelerator_type:B200: [10000], CPU_group_19_41b56c6dcd1a3ea16b3ee9c698c601000000: [10000], GPU_group_23_41b56c6dcd1a3ea16b3ee9c698c601000000: [0, 0, 0, 0, 0, 0, 10000, 0], bundle_group_18_41b56c6dcd1a3ea16b3ee9c698c601000000: [10000000], CPU: [560000], GPU_group_24_41b56c6dcd1a3ea16b3ee9c698c601000000: [0, 0, 0, 0, 0, 0, 0, 10000], memory: [32418475745280000], CPU_group_17_41b56c6dcd1a3ea16b3ee9c698c601000000: [8000], CPU_group_24_41b56c6dcd1a3ea16b3ee9c698c601000000: [10000], GPU_group_18_41b56c6dcd1a3ea16b3ee9c698c601000000: [0, 10000, 0, 0, 0, 0, 0, 0], object_store_memory: [42949672960000], GPU_group_20_41b56c6dcd1a3ea16b3ee9c698c601000000: [0, 0, 0, 10000, 0, 0, 0, 0], CPU_group_20_41b56c6dcd1a3ea16b3ee9c698c601000000: [10000], bundle_group_23_41b56c6dcd1a3ea16b3ee9c698c601000000: [10000000], bundle_group_41b56c6dcd1a3ea16b3ee9c698c601000000: [79999990], bundle_group_17_41b56c6dcd1a3ea16b3ee9c698c601000000: [9999990], CPU_group_21_41b56c6dcd1a3ea16b3ee9c698c601000000: [10000], CPU_group_41b56c6dcd1a3ea16b3ee9c698c601000000: [78000], GPU_group_22_41b56c6dcd1a3ea16b3ee9c698c601000000: [0, 0, 0, 0, 0, 10000, 0, 0], bundle_group_19_41b56c6dcd1a3ea16b3ee9c698c601000000: [10000000], CPU_group_23_41b56c6dcd1a3ea16b3ee9c698c601000000: [10000], CPU_group_22_41b56c6dcd1a3ea16b3ee9c698c601000000: [10000], GPU_group_41b56c6dcd1a3ea16b3ee9c698c601000000: [8000, 10000, 10000, 10000, 10000, 10000, 10000, 10000], bundle_group_21_41b56c6dcd1a3ea16b3ee9c698c601000000: [10000000], GPU: [0, 0, 0, 0, 0, 0, 0, 0], bundle_group_24_41b56c6dcd1a3ea16b3ee9c698c601000000: [10000000], bundle_group_20_41b56c6dcd1a3ea16b3ee9c698c601000000: [10000000], CPU_group_18_41b56c6dcd1a3ea16b3ee9c698c601000000: [10000], GPU_group_21_41b56c6dcd1a3ea16b3ee9c698c601000000: [0, 0, 0, 0, 10000, 0, 0, 0]}, "labels":{"ray.io/node-id":"82dfc8c23c51709b77aaa7de2deacf9d421699bfcaad6b6cc4f66c59","ray.io/accelerator-type":"B200"}} is_draining: 0 is_idle: 0 Cluster resources (at most 20 nodes are shown): node id: -8170265163178445639{"total":{GPU: 80000, bundle_group_24_41b56c6dcd1a3ea16b3ee9c698c601000000: 10000000, GPU_group_17_41b56c6dcd1a3ea16b3ee9c698c601000000: 10000, bundle_group_18_41b56c6dcd1a3ea16b3ee9c698c601000000: 10000000, bundle_group_22_41b56c6dcd1a3ea16b3ee9c698c601000000: 10000000, GPU_group_24_41b56c6dcd1a3ea16b3ee9c698c601000000: 10000, CPU: 640000, CPU_group_19_41b56c6dcd1a3ea16b3ee9c698c601000000: 10000, GPU_group_23_41b56c6dcd1a3ea16b3ee9c698c601000000: 10000, accelerator_type:B200: 10000, GPU_group_19_41b56c6dcd1a3ea16b3ee9c698c601000000: 10000, node:10.244.180.242: 10000, GPU_group_18_41b56c6dcd1a3ea16b3ee9c698c601000000: 10000, CPU_group_24_41b56c6dcd1a3ea16b3ee9c698c601000000: 10000, object_store_memory: 42949672960000, memory: 32418475745280000, CPU_group_17_41b56c6dcd1a3ea16b3ee9c698c601000000: 10000, GPU_group_22_41b56c6dcd1a3ea16b3ee9c698c601000000: 10000, CPU_group_23_41b56c6dcd1a3ea16b3ee9c698c601000000: 10000, CPU_group_21_41b56c6dcd1a3ea16b3ee9c698c601000000: 10000, CPU_group_22_41b56c6dcd1a3ea16b3ee9c698c601000000: 10000, GPU_group_20_41b56c6dcd1a3ea16b3ee9c698c601000000: 10000, CPU_group_41b56c6dcd1a3ea16b3ee9c698c601000000: 80000, bundle_group_41b56c6dcd1a3ea16b3ee9c698c601000000: 80000000, bundle_group_23_41b56c6dcd1a3ea16b3ee9c698c601000000: 10000000, CPU_group_20_41b56c6dcd1a3ea16b3ee9c698c601000000: 10000, bundle_group_17_41b56c6dcd1a3ea16b3ee9c698c601000000: 10000000, bundle_group_19_41b56c6dcd1a3ea16b3ee9c698c601000000: 10000000, bundle_group_20_41b56c6dcd1a3ea16b3ee9c698c601000000: 10000000, GPU_group_21_41b56c6dcd1a3ea16b3ee9c698c601000000: 10000, CPU_group_18_41b56c6dcd1a3ea16b3ee9c698c601000000: 10000, bundle_group_21_41b56c6dcd1a3ea16b3ee9c698c601000000: 10000000, GPU_group_41b56c6dcd1a3ea16b3ee9c698c601000000: 80000}, "available": {bundle_group_22_41b56c6dcd1a3ea16b3ee9c698c601000000: 10000000, bundle_group_18_41b56c6dcd1a3ea16b3ee9c698c601000000: 10000000, bundle_group_24_41b56c6dcd1a3ea16b3ee9c698c601000000: 10000000, bundle_group_21_41b56c6dcd1a3ea16b3ee9c698c601000000: 10000000, GPU_group_41b56c6dcd1a3ea16b3ee9c698c601000000: 78000, GPU_group_21_41b56c6dcd1a3ea16b3ee9c698c601000000: 10000, CPU_group_18_41b56c6dcd1a3ea16b3ee9c698c601000000: 10000, bundle_group_20_41b56c6dcd1a3ea16b3ee9c698c601000000: 10000000, CPU_group_41b56c6dcd1a3ea16b3ee9c698c601000000: 78000, bundle_group_17_41b56c6dcd1a3ea16b3ee9c698c601000000: 9999990, bundle_group_23_41b56c6dcd1a3ea16b3ee9c698c601000000: 10000000, CPU_group_20_41b56c6dcd1a3ea16b3ee9c698c601000000: 10000, bundle_group_19_41b56c6dcd1a3ea16b3ee9c698c601000000: 10000000, GPU_group_20_41b56c6dcd1a3ea16b3ee9c698c601000000: 10000, bundle_group_41b56c6dcd1a3ea16b3ee9c698c601000000: 79999990, CPU_group_22_41b56c6dcd1a3ea16b3ee9c698c601000000: 10000, GPU_group_22_41b56c6dcd1a3ea16b3ee9c698c601000000: 10000, CPU_group_23_41b56c6dcd1a3ea16b3ee9c698c601000000: 10000, CPU_group_21_41b56c6dcd1a3ea16b3ee9c698c601000000: 10000, CPU_group_17_41b56c6dcd1a3ea16b3ee9c698c601000000: 8000, memory: 32418475745280000, object_store_memory: 42949672960000, CPU_group_24_41b56c6dcd1a3ea16b3ee9c698c601000000: 10000, GPU_group_18_41b56c6dcd1a3ea16b3ee9c698c601000000: 10000, node:10.244.180.242: 10000, GPU_group_19_41b56c6dcd1a3ea16b3ee9c698c601000000: 10000, GPU_group_24_41b56c6dcd1a3ea16b3ee9c698c601000000: 10000, CPU: 560000, CPU_group_19_41b56c6dcd1a3ea16b3ee9c698c601000000: 10000, accelerator_type:B200: 10000, GPU_group_23_41b56c6dcd1a3ea16b3ee9c698c601000000: 10000, GPU_group_17_41b56c6dcd1a3ea16b3ee9c698c601000000: 8000}, "labels":{"ray.io/node-id":"82dfc8c23c51709b77aaa7de2deacf9d421699bfcaad6b6cc4f66c59","ray.io/accelerator-type":"B200"}, "is_draining": 0, "draining_deadline_timestamp_ms": -1}node id: -1351780445297854484{"total":{bundle_group_14_41b56c6dcd1a3ea16b3ee9c698c601000000: 10000000, bundle_group_0_41b56c6dcd1a3ea16b3ee9c698c601000000: 10000000, bundle_group_13_41b56c6dcd1a3ea16b3ee9c698c601000000: 10000000, GPU_group_0_41b56c6dcd1a3ea16b3ee9c698c601000000: 10000, CPU_group_41b56c6dcd1a3ea16b3ee9c698c601000000: 80000, bundle_group_41b56c6dcd1a3ea16b3ee9c698c601000000: 80000000, CPU_group_10_41b56c6dcd1a3ea16b3ee9c698c601000000: 10000, CPU_group_11_41b56c6dcd1a3ea16b3ee9c698c601000000: 10000, CPU_group_13_41b56c6dcd1a3ea16b3ee9c698c601000000: 10000, GPU_group_12_41b56c6dcd1a3ea16b3ee9c698c601000000: 10000, bundle_group_9_41b56c6dcd1a3ea16b3ee9c698c601000000: 10000000, GPU_group_15_41b56c6dcd1a3ea16b3ee9c698c601000000: 10000, GPU_group_41b56c6dcd1a3ea16b3ee9c698c601000000: 80000, GPU: 80000, bundle_group_12_41b56c6dcd1a3ea16b3ee9c698c601000000: 10000000, CPU_group_12_41b56c6dcd1a3ea16b3ee9c698c601000000: 10000, CPU_group_15_41b56c6dcd1a3ea16b3ee9c698c601000000: 10000, GPU_group_13_41b56c6dcd1a3ea16b3ee9c698c601000000: 10000, GPU_group_11_41b56c6dcd1a3ea16b3ee9c698c601000000: 10000, bundle_group_10_41b56c6dcd1a3ea16b3ee9c698c601000000: 10000000, bundle_group_11_41b56c6dcd1a3ea16b3ee9c698c601000000: 10000000, CPU_group_0_41b56c6dcd1a3ea16b3ee9c698c601000000: 10000, accelerator_type:B200: 10000, CPU: 640000, memory: 32418477711360000, node:10.244.218.62: 10000, bundle_group_15_41b56c6dcd1a3ea16b3ee9c698c601000000: 10000000, GPU_group_10_41b56c6dcd1a3ea16b3ee9c698c601000000: 10000, object_store_memory: 42949672960000, CPU_group_9_41b56c6dcd1a3ea16b3ee9c698c601000000: 10000, GPU_group_9_41b56c6dcd1a3ea16b3ee9c698c601000000: 10000, GPU_group_14_41b56c6dcd1a3ea16b3ee9c698c601000000: 10000, CPU_group_14_41b56c6dcd1a3ea16b3ee9c698c601000000: 10000}, "available": {GPU_group_41b56c6dcd1a3ea16b3ee9c698c601000000: 78000, CPU_group_12_41b56c6dcd1a3ea16b3ee9c698c601000000: 10000, bundle_group_12_41b56c6dcd1a3ea16b3ee9c698c601000000: 10000000, GPU_group_13_41b56c6dcd1a3ea16b3ee9c698c601000000: 10000, CPU_group_15_41b56c6dcd1a3ea16b3ee9c698c601000000: 10000, bundle_group_0_41b56c6dcd1a3ea16b3ee9c698c601000000: 9999990, CPU_group_10_41b56c6dcd1a3ea16b3ee9c698c601000000: 10000, CPU_group_41b56c6dcd1a3ea16b3ee9c698c601000000: 78000, CPU_group_11_41b56c6dcd1a3ea16b3ee9c698c601000000: 10000, GPU_group_12_41b56c6dcd1a3ea16b3ee9c698c601000000: 10000, CPU_group_13_41b56c6dcd1a3ea16b3ee9c698c601000000: 10000, bundle_group_41b56c6dcd1a3ea16b3ee9c698c601000000: 79999990, GPU_group_15_41b56c6dcd1a3ea16b3ee9c698c601000000: 10000, bundle_group_9_41b56c6dcd1a3ea16b3ee9c698c601000000: 10000000, node:10.244.218.62: 10000, memory: 32418477711360000, object_store_memory: 42949672960000, CPU_group_9_41b56c6dcd1a3ea16b3ee9c698c601000000: 10000, bundle_group_15_41b56c6dcd1a3ea16b3ee9c698c601000000: 10000000, bundle_group_14_41b56c6dcd1a3ea16b3ee9c698c601000000: 10000000, GPU_group_0_41b56c6dcd1a3ea16b3ee9c698c601000000: 8000, GPU_group_14_41b56c6dcd1a3ea16b3ee9c698c601000000: 10000, CPU_group_14_41b56c6dcd1a3ea16b3ee9c698c601000000: 10000, GPU_group_9_41b56c6dcd1a3ea16b3ee9c698c601000000: 10000, bundle_group_13_41b56c6dcd1a3ea16b3ee9c698c601000000: 10000000, GPU_group_10_41b56c6dcd1a3ea16b3ee9c698c601000000: 10000, bundle_group_10_41b56c6dcd1a3ea16b3ee9c698c601000000: 10000000, GPU_group_11_41b56c6dcd1a3ea16b3ee9c698c601000000: 10000, CPU_group_0_41b56c6dcd1a3ea16b3ee9c698c601000000: 8000, bundle_group_11_41b56c6dcd1a3ea16b3ee9c698c601000000: 10000000, accelerator_type:B200: 10000, CPU: 560000}, "labels":{"ray.io/accelerator-type":"B200","ray.io/node-id":"90dc8450878fe5de358e116e0b8657e06554d0d69bbf5603e4880a55"}, "is_draining": 0, "draining_deadline_timestamp_ms": -1}node id: 4273633132855142460{"total":{bundle_group_41b56c6dcd1a3ea16b3ee9c698c601000000: 80000000, bundle_group_7_41b56c6dcd1a3ea16b3ee9c698c601000000: 10000000, CPU_group_5_41b56c6dcd1a3ea16b3ee9c698c601000000: 10000, CPU_group_4_41b56c6dcd1a3ea16b3ee9c698c601000000: 10000, bundle_group_1_41b56c6dcd1a3ea16b3ee9c698c601000000: 10000000, CPU_group_41b56c6dcd1a3ea16b3ee9c698c601000000: 80000, GPU_group_7_41b56c6dcd1a3ea16b3ee9c698c601000000: 10000, GPU_group_4_41b56c6dcd1a3ea16b3ee9c698c601000000: 10000, GPU_group_1_41b56c6dcd1a3ea16b3ee9c698c601000000: 10000, node:10.244.13.18: 10000, bundle_group_3_41b56c6dcd1a3ea16b3ee9c698c601000000: 10000000, CPU_group_2_41b56c6dcd1a3ea16b3ee9c698c601000000: 10000, GPU_group_41b56c6dcd1a3ea16b3ee9c698c601000000: 80000, CPU_group_6_41b56c6dcd1a3ea16b3ee9c698c601000000: 10000, CPU_group_3_41b56c6dcd1a3ea16b3ee9c698c601000000: 10000, GPU: 80000, CPU_group_7_41b56c6dcd1a3ea16b3ee9c698c601000000: 10000, bundle_group_8_41b56c6dcd1a3ea16b3ee9c698c601000000: 10000000, CPU_group_8_41b56c6dcd1a3ea16b3ee9c698c601000000: 10000, GPU_group_8_41b56c6dcd1a3ea16b3ee9c698c601000000: 10000, bundle_group_6_41b56c6dcd1a3ea16b3ee9c698c601000000: 10000000, accelerator_type:B200: 10000, CPU: 640000, GPU_group_3_41b56c6dcd1a3ea16b3ee9c698c601000000: 10000, CPU_group_1_41b56c6dcd1a3ea16b3ee9c698c601000000: 10000, bundle_group_5_41b56c6dcd1a3ea16b3ee9c698c601000000: 10000000, memory: 32418533744640000, GPU_group_2_41b56c6dcd1a3ea16b3ee9c698c601000000: 10000, GPU_group_6_41b56c6dcd1a3ea16b3ee9c698c601000000: 10000, bundle_group_4_41b56c6dcd1a3ea16b3ee9c698c601000000: 10000000, GPU_group_5_41b56c6dcd1a3ea16b3ee9c698c601000000: 10000, object_store_memory: 42949672960000, bundle_group_2_41b56c6dcd1a3ea16b3ee9c698c601000000: 10000000}, "available": {CPU_group_7_41b56c6dcd1a3ea16b3ee9c698c601000000: 2000, bundle_group_8_41b56c6dcd1a3ea16b3ee9c698c601000000: 9999980, CPU_group_6_41b56c6dcd1a3ea16b3ee9c698c601000000: 2000, CPU_group_3_41b56c6dcd1a3ea16b3ee9c698c601000000: 2000, GPU_group_41b56c6dcd1a3ea16b3ee9c698c601000000: 16000, CPU_group_2_41b56c6dcd1a3ea16b3ee9c698c601000000: 2000, node:10.244.13.18: 10000, bundle_group_3_41b56c6dcd1a3ea16b3ee9c698c601000000: 9999980, GPU_group_1_41b56c6dcd1a3ea16b3ee9c698c601000000: 2000, GPU_group_4_41b56c6dcd1a3ea16b3ee9c698c601000000: 2000, GPU_group_7_41b56c6dcd1a3ea16b3ee9c698c601000000: 2000, bundle_group_7_41b56c6dcd1a3ea16b3ee9c698c601000000: 9999980, CPU_group_5_41b56c6dcd1a3ea16b3ee9c698c601000000: 2000, bundle_group_1_41b56c6dcd1a3ea16b3ee9c698c601000000: 9999980, CPU_group_41b56c6dcd1a3ea16b3ee9c698c601000000: 16000, bundle_group_41b56c6dcd1a3ea16b3ee9c698c601000000: 79999840, CPU_group_4_41b56c6dcd1a3ea16b3ee9c698c601000000: 2000, bundle_group_2_41b56c6dcd1a3ea16b3ee9c698c601000000: 9999980, bundle_group_4_41b56c6dcd1a3ea16b3ee9c698c601000000: 9999980, GPU_group_5_41b56c6dcd1a3ea16b3ee9c698c601000000: 2000, object_store_memory: 42949672960000, GPU_group_6_41b56c6dcd1a3ea16b3ee9c698c601000000: 2000, GPU_group_2_41b56c6dcd1a3ea16b3ee9c698c601000000: 2000, memory: 32418533744640000, CPU: 560000, GPU_group_3_41b56c6dcd1a3ea16b3ee9c698c601000000: 2000, CPU_group_1_41b56c6dcd1a3ea16b3ee9c698c601000000: 2000, bundle_group_5_41b56c6dcd1a3ea16b3ee9c698c601000000: 9999980, bundle_group_6_41b56c6dcd1a3ea16b3ee9c698c601000000: 9999980, accelerator_type:B200: 10000, GPU_group_8_41b56c6dcd1a3ea16b3ee9c698c601000000: 2000, CPU_group_8_41b56c6dcd1a3ea16b3ee9c698c601000000: 2000}, "labels":{"ray.io/node-id":"4296a17b2364b071e4782261814dd77feed7cb4e5a4de14ab32d253a","ray.io/accelerator-type":"B200"}, "is_draining": 0, "draining_deadline_timestamp_ms": -1}node id: -7973918255608480324{"total":{CPU_group_26_41b56c6dcd1a3ea16b3ee9c698c601000000: 10000, CPU_group_27_41b56c6dcd1a3ea16b3ee9c698c601000000: 10000, bundle_group_30_41b56c6dcd1a3ea16b3ee9c698c601000000: 10000000, GPU: 80000, GPU_group_41b56c6dcd1a3ea16b3ee9c698c601000000: 80000, bundle_group_28_41b56c6dcd1a3ea16b3ee9c698c601000000: 10000000, CPU_group_31_41b56c6dcd1a3ea16b3ee9c698c601000000: 10000, node:__internal_head__: 10000, GPU_group_27_41b56c6dcd1a3ea16b3ee9c698c601000000: 10000, GPU_group_16_41b56c6dcd1a3ea16b3ee9c698c601000000: 10000, bundle_group_41b56c6dcd1a3ea16b3ee9c698c601000000: 80000000, CPU_group_41b56c6dcd1a3ea16b3ee9c698c601000000: 80000, bundle_group_29_41b56c6dcd1a3ea16b3ee9c698c601000000: 10000000, bundle_group_27_41b56c6dcd1a3ea16b3ee9c698c601000000: 10000000, GPU_group_26_41b56c6dcd1a3ea16b3ee9c698c601000000: 10000, object_store_memory: 42949672960000, node:10.244.18.139: 10000, GPU_group_25_41b56c6dcd1a3ea16b3ee9c698c601000000: 10000, CPU_group_16_41b56c6dcd1a3ea16b3ee9c698c601000000: 10000, GPU_group_31_41b56c6dcd1a3ea16b3ee9c698c601000000: 10000, CPU_group_28_41b56c6dcd1a3ea16b3ee9c698c601000000: 10000, memory: 32397589872640000, bundle_group_16_41b56c6dcd1a3ea16b3ee9c698c601000000: 10000000, CPU: 640000, GPU_group_30_41b56c6dcd1a3ea16b3ee9c698c601000000: 10000, bundle_group_31_41b56c6dcd1a3ea16b3ee9c698c601000000: 10000000, bundle_group_26_41b56c6dcd1a3ea16b3ee9c698c601000000: 10000000, accelerator_type:B200: 10000, CPU_group_30_41b56c6dcd1a3ea16b3ee9c698c601000000: 10000, CPU_group_29_41b56c6dcd1a3ea16b3ee9c698c601000000: 10000, GPU_group_28_41b56c6dcd1a3ea16b3ee9c698c601000000: 10000, CPU_group_25_41b56c6dcd1a3ea16b3ee9c698c601000000: 10000, GPU_group_29_41b56c6dcd1a3ea16b3ee9c698c601000000: 10000, bundle_group_25_41b56c6dcd1a3ea16b3ee9c698c601000000: 10000000}, "available": {CPU_group_26_41b56c6dcd1a3ea16b3ee9c698c601000000: 2000, CPU_group_27_41b56c6dcd1a3ea16b3ee9c698c601000000: 2000, bundle_group_30_41b56c6dcd1a3ea16b3ee9c698c601000000: 9999980, bundle_group_28_41b56c6dcd1a3ea16b3ee9c698c601000000: 9999980, GPU_group_41b56c6dcd1a3ea16b3ee9c698c601000000: 16000, node:__internal_head__: 10000, CPU_group_31_41b56c6dcd1a3ea16b3ee9c698c601000000: 2000, GPU_group_27_41b56c6dcd1a3ea16b3ee9c698c601000000: 2000, GPU_group_16_41b56c6dcd1a3ea16b3ee9c698c601000000: 2000, CPU_group_41b56c6dcd1a3ea16b3ee9c698c601000000: 16000, bundle_group_41b56c6dcd1a3ea16b3ee9c698c601000000: 79999840, bundle_group_29_41b56c6dcd1a3ea16b3ee9c698c601000000: 9999980, bundle_group_27_41b56c6dcd1a3ea16b3ee9c698c601000000: 9999980, object_store_memory: 42949672960000, GPU_group_26_41b56c6dcd1a3ea16b3ee9c698c601000000: 2000, node:10.244.18.139: 10000, GPU_group_25_41b56c6dcd1a3ea16b3ee9c698c601000000: 2000, CPU_group_16_41b56c6dcd1a3ea16b3ee9c698c601000000: 2000, GPU_group_31_41b56c6dcd1a3ea16b3ee9c698c601000000: 2000, memory: 32397589872640000, CPU_group_28_41b56c6dcd1a3ea16b3ee9c698c601000000: 2000, bundle_group_16_41b56c6dcd1a3ea16b3ee9c698c601000000: 9999980, GPU_group_30_41b56c6dcd1a3ea16b3ee9c698c601000000: 2000, CPU: 550000, bundle_group_31_41b56c6dcd1a3ea16b3ee9c698c601000000: 9999980, bundle_group_26_41b56c6dcd1a3ea16b3ee9c698c601000000: 9999980, accelerator_type:B200: 10000, CPU_group_30_41b56c6dcd1a3ea16b3ee9c698c601000000: 2000, CPU_group_25_41b56c6dcd1a3ea16b3ee9c698c601000000: 2000, CPU_group_29_41b56c6dcd1a3ea16b3ee9c698c601000000: 2000, GPU_group_29_41b56c6dcd1a3ea16b3ee9c698c601000000: 2000, GPU_group_28_41b56c6dcd1a3ea16b3ee9c698c601000000: 2000, bundle_group_25_41b56c6dcd1a3ea16b3ee9c698c601000000: 9999980}, "labels":{"ray.io/node-id":"11215b0011fac4845f8eecab7d85f57fc12c4efc1ad3dce06ebdc204","ray.io/accelerator-type":"B200"}, "is_draining": 0, "draining_deadline_timestamp_ms": -1} { "placement group locations": [], "node to bundles": []}
[state-dump] Waiting leases size: 0
[state-dump] Number of granted lease arguments: 0
[state-dump] Number of pinned lease arguments: 0
[state-dump] Total size of pinned lease arguments: 0
[state-dump] Number of total spilled leases: 0
[state-dump] Number of spilled waiting leases: 0
[state-dump] Number of spilled unschedulable leases: 0
[state-dump] Resource usage {
[state-dump]     - (language=PYTHON actor_or_taskSGLangEngine.__init__ pid=858 worker_id=650a17a0e0c4cd2270b368052022e6d017baf108cd0e6d39cfd281fe): {bundle_group_41b56c6dcd1a3ea16b3ee9c698c601000000: 0.001, GPU_group_41b56c6dcd1a3ea16b3ee9c698c601000000: 0.2, GPU_group_17_41b56c6dcd1a3ea16b3ee9c698c601000000: 0.2, CPU_group_41b56c6dcd1a3ea16b3ee9c698c601000000: 0.2, CPU_group_17_41b56c6dcd1a3ea16b3ee9c698c601000000: 0.2, bundle_group_17_41b56c6dcd1a3ea16b3ee9c698c601000000: 0.001}
[state-dump] }
[state-dump] Backlog Size per scheduling descriptor :{workerId: num backlogs}:
[state-dump] 
[state-dump] Granted leases by scheduling class:
[state-dump] ==================================================
[state-dump] 
[state-dump] ClusterResources:
[state-dump] LocalObjectManager:
[state-dump] - num pinned objects: 0
[state-dump] - pinned objects size: 0
[state-dump] - num objects pending restore: 0
[state-dump] - num objects pending spill: 0
[state-dump] - num bytes pending spill: 0
[state-dump] - num bytes currently spilled: 0
[state-dump] - cumulative spill requests: 0
[state-dump] - cumulative restore requests: 0
[state-dump] - spilled objects pending delete: 0
[state-dump] 
[state-dump] ObjectManager:
[state-dump] - num local objects: 0
[state-dump] - num unfulfilled push requests: 0
[state-dump] - num object pull requests: 0
[state-dump] - num chunks received total: 0
[state-dump] - num chunks received failed (all): 0
[state-dump] - num chunks received failed / cancelled: 0
[state-dump] - num chunks received failed / plasma error: 0
[state-dump] Event stats:
[state-dump] Global stats: 0 total (0 active)
[state-dump] Queueing time: mean = -nanms, max = -0.00ms, min = 9223372036854.78ms, total = 0.00ms
[state-dump] Execution time:  mean = -nanms, total = 0.00ms
[state-dump] Event stats:
[state-dump] PushManager:
[state-dump] - num pushes remaining: 0
[state-dump] - num chunks in flight: 0
[state-dump] - num chunks remaining: 0
[state-dump] - max chunks allowed: 409
[state-dump] OwnershipBasedObjectDirectory:
[state-dump] - num listeners: 0
[state-dump] - cumulative location updates: 0
[state-dump] - num location updates per second: 0.000
[state-dump] - num location lookups per second: 0.000
[state-dump] - num locations added per second: 0.000
[state-dump] - num locations removed per second: 0.000
[state-dump] BufferPool:
[state-dump] - create buffer state map size: 0
[state-dump] PullManager:
[state-dump] - num bytes available for pulled objects: 4294967296
[state-dump] - num bytes being pulled (all): 0
[state-dump] - num bytes being pulled / pinned: 0
[state-dump] - get request bundles: BundlePullRequestQueue{0 total, 0 active, 0 inactive, 0 unpullable}
[state-dump] - wait request bundles: BundlePullRequestQueue{0 total, 0 active, 0 inactive, 0 unpullable}
[state-dump] - task request bundles: BundlePullRequestQueue{0 total, 0 active, 0 inactive, 0 unpullable}
[state-dump] - first get request bundle: N/A
[state-dump] - first wait request bundle: N/A
[state-dump] - first task request bundle: N/A
[state-dump] - num objects queued: 0
[state-dump] - num objects actively pulled (all): 0
[state-dump] - num objects actively pulled / pinned: 0
[state-dump] - num bundles being pulled: 0
[state-dump] - num pull retries: 0
[state-dump] - max timeout seconds: 0
[state-dump] - max timeout request is already processed. No entry.
[state-dump] 
[state-dump] WorkerPool:
[state-dump] - registered jobs: 1
[state-dump] - process_failed_job_config_missing: 0
[state-dump] - process_failed_rate_limited: 0
[state-dump] - process_failed_pending_registration: 0
[state-dump] - process_failed_runtime_env_setup_failed: 0
[state-dump] - num PYTHON workers: 1
[state-dump] - num PYTHON drivers: 0
[state-dump] - num PYTHON pending start requests: 0
[state-dump] - num PYTHON pending registration requests: 0
[state-dump] - num object spill callbacks queued: 0
[state-dump] - num object restore queued: 0
[state-dump] - num util functions queued: 0
[state-dump] - num idle workers: 0
[state-dump] LeaseDependencyManager:
[state-dump] - lease deps map size: 0
[state-dump] - get req map size: 0
[state-dump] - wait req map size: 0
[state-dump] - local objects map size: 0
[state-dump] WaitManager:
[state-dump] - num active wait requests: 0
[state-dump] Subscriber:
[state-dump] Channel WORKER_OBJECT_LOCATIONS_CHANNEL
[state-dump] - cumulative subscribe requests: 0
[state-dump] - cumulative unsubscribe requests: 0
[state-dump] - active subscribed publishers: 0
[state-dump] - cumulative published messages: 0
[state-dump] - cumulative processed messages: 0
[state-dump] Channel WORKER_REF_REMOVED_CHANNEL
[state-dump] - cumulative subscribe requests: 0
[state-dump] - cumulative unsubscribe requests: 0
[state-dump] - active subscribed publishers: 0
[state-dump] - cumulative published messages: 0
[state-dump] - cumulative processed messages: 0
[state-dump] num async plasma notifications: 0
[state-dump] Event stats:
[state-dump] Global stats: 8053 total (15 active)
[state-dump] Queueing time: mean = 3.82ms, max = 26285.89ms, min = 0.00ms, total = 30771.27ms
[state-dump] Execution time:  mean = 4.13ms, total = 33278.21ms
[state-dump] Event stats:
[state-dump] 	RaySyncer.BroadcastMessageIfNewVersion - 1799 total (1 active), Execution time: mean = 0.00ms, total = 3.57ms, Queueing time: mean = 0.10ms, max = 21.67ms, min = 0.00ms, total = 175.97ms
[state-dump] 	ObjectManager.UpdateAvailableMemory - 1799 total (0 active), Execution time: mean = 0.00ms, total = 1.72ms, Queueing time: mean = 0.01ms, max = 0.05ms, min = 0.00ms, total = 19.64ms
[state-dump] 	NodeManager.CheckGC - 1799 total (1 active), Execution time: mean = 0.00ms, total = 1.53ms, Queueing time: mean = 0.10ms, max = 21.67ms, min = 0.00ms, total = 177.79ms
[state-dump] 	RayletWorkerPool.deadline_timer.kill_idle_workers - 900 total (1 active), Execution time: mean = 0.00ms, total = 1.64ms, Queueing time: mean = 0.03ms, max = 8.65ms, min = 0.00ms, total = 28.81ms
[state-dump] 	NodeManager.CheckForUnexpectedWorkerDisconnects - 181 total (1 active), Execution time: mean = 0.00ms, total = 0.86ms, Queueing time: mean = 0.01ms, max = 0.06ms, min = 0.00ms, total = 2.20ms
[state-dump] 	NodeManager.ScheduleAndGrantLeases - 181 total (1 active), Execution time: mean = 0.00ms, total = 0.64ms, Queueing time: mean = 0.01ms, max = 0.04ms, min = 0.00ms, total = 2.46ms
[state-dump] 	NodeManagerService.grpc_server.GetResourceLoad - 180 total (0 active), Execution time: mean = 0.35ms, total = 62.34ms, Queueing time: mean = 0.00ms, max = -0.00ms, min = 9223372036854.78ms, total = 0.00ms
[state-dump] 	NodeManagerService.grpc_server.GetResourceLoad.HandleRequestImpl - 180 total (0 active), Execution time: mean = 0.07ms, total = 12.99ms, Queueing time: mean = 0.02ms, max = 0.04ms, min = 0.01ms, total = 4.09ms
[state-dump] 	NodeManager.deadline_timer.spill_objects_when_over_threshold - 180 total (1 active), Execution time: mean = 0.00ms, total = 0.21ms, Queueing time: mean = 0.99ms, max = 22.58ms, min = 0.00ms, total = 179.07ms
[state-dump] 	NodeManager.deadline_timer.flush_free_objects - 180 total (1 active), Execution time: mean = 0.00ms, total = 0.21ms, Queueing time: mean = 0.99ms, max = 22.58ms, min = 0.00ms, total = 179.07ms
[state-dump] 	ClusterResourceManager.ResetRemoteNodeView - 61 total (1 active), Execution time: mean = 0.00ms, total = 0.13ms, Queueing time: mean = 0.01ms, max = 0.03ms, min = 0.00ms, total = 0.90ms
[state-dump] 	ClientConnection.async_read.ProcessMessageHeader - 45 total (1 active), Execution time: mean = 0.00ms, total = 0.15ms, Queueing time: mean = 616.87ms, max = 26285.89ms, min = 0.01ms, total = 27759.10ms
[state-dump] 	ClientConnection.async_read.ProcessMessage - 44 total (0 active), Execution time: mean = 0.84ms, total = 36.97ms, Queueing time: mean = 0.16ms, max = 2.97ms, min = 0.00ms, total = 6.99ms
[state-dump] 	NodeManager.deadline_timer.record_metrics - 36 total (1 active), Execution time: mean = 0.23ms, total = 8.20ms, Queueing time: mean = 4.75ms, max = 22.34ms, min = 0.01ms, total = 171.00ms
[state-dump] 	NodeManagerService.grpc_server.GetWorkerPIDs.HandleRequestImpl - 34 total (0 active), Execution time: mean = 0.02ms, total = 0.78ms, Queueing time: mean = 0.06ms, max = 1.27ms, min = 0.01ms, total = 1.99ms
[state-dump] 	NodeManagerService.grpc_server.GetWorkerPIDs - 34 total (0 active), Execution time: mean = 0.29ms, total = 9.78ms, Queueing time: mean = 0.00ms, max = -0.00ms, min = 9223372036854.78ms, total = 0.00ms
[state-dump] 	NodeManagerService.grpc_server.GetAgentPIDs - 34 total (0 active), Execution time: mean = 0.30ms, total = 10.32ms, Queueing time: mean = 0.00ms, max = -0.00ms, min = 9223372036854.78ms, total = 0.00ms
[state-dump] 	NodeManagerService.grpc_server.GetAgentPIDs.HandleRequestImpl - 34 total (0 active), Execution time: mean = 0.05ms, total = 1.64ms, Queueing time: mean = 0.03ms, max = 0.10ms, min = 0.00ms, total = 1.10ms
[state-dump] 	Subscriber.HandlePublishedMessage_GCS_WORKER_DELTA_CHANNEL - 32 total (0 active), Execution time: mean = 0.00ms, total = 0.03ms, Queueing time: mean = 0.09ms, max = 0.26ms, min = 0.03ms, total = 2.85ms
[state-dump] 	RaySyncer.BroadcastMessage - 30 total (0 active), Execution time: mean = 0.06ms, total = 1.78ms, Queueing time: mean = 0.00ms, max = 0.00ms, min = 0.00ms, total = 0.01ms
[state-dump] 	 - 29 total (0 active), Execution time: mean = 0.07ms, total = 1.95ms, Queueing time: mean = 0.13ms, max = 3.28ms, min = 0.00ms, total = 3.77ms
[state-dump] 	event_loop_lag_probe - 20 total (0 active), Execution time: mean = 0.01ms, total = 0.22ms, Queueing time: mean = 0.36ms, max = 7.13ms, min = 0.00ms, total = 7.18ms
[state-dump] 	NodeManager.deadline_timer.debug_state_dump - 18 total (1 active), Execution time: mean = 9.93ms, total = 178.67ms, Queueing time: mean = 0.01ms, max = 0.02ms, min = 0.00ms, total = 0.23ms
[state-dump] 	ray::rpc::ControlPlanePubSubGcsService.grpc_client.GcsSubscriberPoll - 14 total (1 active), Execution time: mean = 2016.44ms, total = 28230.10ms, Queueing time: mean = 0.00ms, max = -0.00ms, min = 9223372036854.78ms, total = 0.00ms
[state-dump] 	PeriodicalRunner.RunFnPeriodically - 13 total (0 active), Execution time: mean = 0.08ms, total = 1.01ms, Queueing time: mean = 144.77ms, max = 625.93ms, min = 0.02ms, total = 1882.07ms
[state-dump] 	ray::rpc::ControlPlanePubSubGcsService.grpc_client.GcsSubscriberPoll.OnReplyReceived - 13 total (0 active), Execution time: mean = 0.07ms, total = 0.93ms, Queueing time: mean = 1.22ms, max = 12.66ms, min = 0.00ms, total = 15.80ms
[state-dump] 	NodeManagerService.grpc_server.GetNodeStats - 12 total (0 active), Execution time: mean = 0.87ms, total = 10.49ms, Queueing time: mean = 0.00ms, max = -0.00ms, min = 9223372036854.78ms, total = 0.00ms
[state-dump] 	NodeManagerService.grpc_server.GetNodeStats.HandleRequestImpl - 12 total (0 active), Execution time: mean = 0.17ms, total = 2.07ms, Queueing time: mean = 0.02ms, max = 0.04ms, min = 0.01ms, total = 0.30ms
[state-dump] 	NodeManagerService.grpc_server.RequestWorkerLease - 9 total (0 active), Execution time: mean = 369.13ms, total = 3322.19ms, Queueing time: mean = 0.00ms, max = -0.00ms, min = 9223372036854.78ms, total = 0.00ms
[state-dump] 	NodeManagerService.grpc_server.GetSystemConfig.HandleRequestImpl - 9 total (0 active), Execution time: mean = 0.02ms, total = 0.14ms, Queueing time: mean = 0.02ms, max = 0.03ms, min = 0.00ms, total = 0.16ms
[state-dump] 	NodeManagerService.grpc_server.RequestWorkerLease.HandleRequestImpl - 9 total (0 active), Execution time: mean = 3.19ms, total = 28.71ms, Queueing time: mean = 12.35ms, max = 25.54ms, min = 0.02ms, total = 111.14ms
[state-dump] 	ObjectManager.ObjectAdded - 9 total (0 active), Execution time: mean = 0.01ms, total = 0.09ms, Queueing time: mean = 0.01ms, max = 0.01ms, min = 0.01ms, total = 0.08ms
[state-dump] 	ClientConnection.async_write.DoAsyncWrites - 9 total (0 active), Execution time: mean = 0.00ms, total = 0.01ms, Queueing time: mean = 0.01ms, max = 0.03ms, min = 0.01ms, total = 0.13ms
[state-dump] 	ObjectManager.ObjectDeleted - 9 total (0 active), Execution time: mean = 0.01ms, total = 0.06ms, Queueing time: mean = 0.01ms, max = 0.01ms, min = 0.01ms, total = 0.10ms
[state-dump] 	NodeManagerService.grpc_server.GetSystemConfig - 9 total (0 active), Execution time: mean = 0.24ms, total = 2.13ms, Queueing time: mean = 0.00ms, max = -0.00ms, min = 9223372036854.78ms, total = 0.00ms
[state-dump] 	NodeManagerService.grpc_server.KillLocalActor - 8 total (0 active), Execution time: mean = 33.11ms, total = 264.91ms, Queueing time: mean = 0.00ms, max = -0.00ms, min = 9223372036854.78ms, total = 0.00ms
[state-dump] 	ray::rpc::WorkerInfoGcsService.grpc_client.ReportWorkerFailure.OnReplyReceived - 8 total (0 active), Execution time: mean = 0.01ms, total = 0.08ms, Queueing time: mean = 1.38ms, max = 2.84ms, min = 0.01ms, total = 11.02ms
[state-dump] 	CoreWorkerService.grpc_client.KillActor.OnReplyReceived - 8 total (0 active), Execution time: mean = 0.06ms, total = 0.47ms, Queueing time: mean = 0.00ms, max = 0.00ms, min = 0.00ms, total = 0.03ms
[state-dump] 	NodeManagerService.grpc_server.KillLocalActor.HandleRequestImpl - 8 total (0 active), Execution time: mean = 0.16ms, total = 1.24ms, Queueing time: mean = 0.36ms, max = 0.46ms, min = 0.01ms, total = 2.87ms
[state-dump] 	ray::rpc::WorkerInfoGcsService.grpc_client.ReportWorkerFailure - 8 total (0 active), Execution time: mean = 1.55ms, total = 12.39ms, Queueing time: mean = 0.00ms, max = -0.00ms, min = 9223372036854.78ms, total = 0.00ms
[state-dump] 	CoreWorkerService.grpc_client.KillActor - 8 total (0 active), Execution time: mean = 32.59ms, total = 260.73ms, Queueing time: mean = 0.00ms, max = -0.00ms, min = 9223372036854.78ms, total = 0.00ms
[state-dump] 	CoreWorkerService.grpc_client.GetCoreWorkerStats.OnReplyReceived - 7 total (0 active), Execution time: mean = 0.05ms, total = 0.37ms, Queueing time: mean = 0.02ms, max = 0.02ms, min = 0.01ms, total = 0.14ms
[state-dump] 	CoreWorkerService.grpc_client.GetCoreWorkerStats - 7 total (0 active), Execution time: mean = 0.95ms, total = 6.64ms, Queueing time: mean = 0.00ms, max = -0.00ms, min = 9223372036854.78ms, total = 0.00ms
[state-dump] 	ray::rpc::NodeInfoGcsService.grpc_client.CheckAlive.OnReplyReceived - 3 total (0 active), Execution time: mean = 0.02ms, total = 0.06ms, Queueing time: mean = 0.02ms, max = 0.02ms, min = 0.01ms, total = 0.05ms
[state-dump] 	NodeManager.GcsCheckAlive - 3 total (1 active), Execution time: mean = 0.15ms, total = 0.45ms, Queueing time: mean = 7.44ms, max = 11.53ms, min = 10.79ms, total = 22.33ms
[state-dump] 	NodeManager.deadline_timer.print_event_loop_stats - 3 total (1 active, 1 running), Execution time: mean = 7.53ms, total = 22.59ms, Queueing time: mean = 0.01ms, max = 0.02ms, min = 0.02ms, total = 0.03ms
[state-dump] 	ray::rpc::NodeInfoGcsService.grpc_client.CheckAlive - 3 total (0 active), Execution time: mean = 0.74ms, total = 2.21ms, Queueing time: mean = 0.00ms, max = -0.00ms, min = 9223372036854.78ms, total = 0.00ms
[state-dump] 	RaySyncerRegister - 2 total (0 active), Execution time: mean = 0.00ms, total = 0.00ms, Queueing time: mean = 0.00ms, max = 0.00ms, min = 0.00ms, total = 0.00ms
[state-dump] 	ray::rpc::ControlPlanePubSubGcsService.grpc_client.GcsSubscriberCommandBatch.OnReplyReceived - 2 total (0 active), Execution time: mean = 0.04ms, total = 0.08ms, Queueing time: mean = 0.21ms, max = 0.25ms, min = 0.16ms, total = 0.41ms
[state-dump] 	ray::rpc::ControlPlanePubSubGcsService.grpc_client.GcsSubscriberCommandBatch - 2 total (0 active), Execution time: mean = 0.73ms, total = 1.46ms, Queueing time: mean = 0.00ms, max = -0.00ms, min = 9223372036854.78ms, total = 0.00ms
[state-dump] 	ray::rpc::NodeInfoGcsService.grpc_client.RegisterNode.OnReplyReceived - 1 total (0 active), Execution time: mean = 0.39ms, total = 0.39ms, Queueing time: mean = 0.01ms, max = 0.01ms, min = 0.01ms, total = 0.01ms
[state-dump] 	NodeManagerService.grpc_server.PrepareBundleResources.HandleRequestImpl - 1 total (0 active), Execution time: mean = 0.84ms, total = 0.84ms, Queueing time: mean = 0.03ms, max = 0.03ms, min = 0.03ms, total = 0.03ms
[state-dump] 	ReporterService.grpc_client.HealthCheck - 1 total (0 active), Execution time: mean = 132.11ms, total = 132.11ms, Queueing time: mean = 0.00ms, max = -0.00ms, min = 9223372036854.78ms, total = 0.00ms
[state-dump] 	ray::rpc::InternalKVGcsService.grpc_client.GetInternalConfig - 1 total (0 active), Execution time: mean = 0.83ms, total = 0.83ms, Queueing time: mean = 0.00ms, max = -0.00ms, min = 9223372036854.78ms, total = 0.00ms
[state-dump] 	ReporterService.grpc_client.HealthCheck.OnReplyReceived - 1 total (0 active), Execution time: mean = 0.15ms, total = 0.15ms, Queueing time: mean = 0.02ms, max = 0.02ms, min = 0.02ms, total = 0.02ms
[state-dump] 	ray::rpc::JobInfoGcsService.grpc_client.GetAllJobInfo.OnReplyReceived - 1 total (0 active), Execution time: mean = 0.01ms, total = 0.01ms, Queueing time: mean = 0.02ms, max = 0.02ms, min = 0.02ms, total = 0.02ms
[state-dump] 	NodeManager.GCTaskFailureReason - 1 total (1 active), Execution time: mean = 0.00ms, total = 0.00ms, Queueing time: mean = 0.00ms, max = -0.00ms, min = 9223372036854.78ms, total = 0.00ms
[state-dump] 	ray::rpc::InternalKVGcsService.grpc_client.GetInternalConfig.OnReplyReceived - 1 total (0 active), Execution time: mean = 629.71ms, total = 629.71ms, Queueing time: mean = 0.01ms, max = 0.01ms, min = 0.01ms, total = 0.01ms
[state-dump] 	ray::rpc::NodeInfoGcsService.grpc_client.GetAllNodeAddressAndLiveness.OnReplyReceived - 1 total (0 active), Execution time: mean = 0.16ms, total = 0.16ms, Queueing time: mean = 0.01ms, max = 0.01ms, min = 0.01ms, total = 0.01ms
[state-dump] 	ray::rpc::JobInfoGcsService.grpc_client.GetAllJobInfo - 1 total (0 active), Execution time: mean = 0.56ms, total = 0.56ms, Queueing time: mean = 0.00ms, max = -0.00ms, min = 9223372036854.78ms, total = 0.00ms
[state-dump] 	ray::rpc::NodeInfoGcsService.grpc_client.GetAllNodeAddressAndLiveness - 1 total (0 active), Execution time: mean = 0.70ms, total = 0.70ms, Queueing time: mean = 0.00ms, max = -0.00ms, min = 9223372036854.78ms, total = 0.00ms
[state-dump] 	Subscriber.HandlePublishedMessage_GCS_JOB_CHANNEL - 1 total (0 active), Execution time: mean = 0.04ms, total = 0.04ms, Queueing time: mean = 0.30ms, max = 0.30ms, min = 0.30ms, total = 0.30ms
[state-dump] 	NodeManagerService.grpc_server.CommitBundleResources.HandleRequestImpl - 1 total (0 active), Execution time: mean = 1.15ms, total = 1.15ms, Queueing time: mean = 0.03ms, max = 0.03ms, min = 0.03ms, total = 0.03ms
[state-dump] 	NodeManagerService.grpc_server.CommitBundleResources - 1 total (0 active), Execution time: mean = 1.41ms, total = 1.41ms, Queueing time: mean = 0.00ms, max = -0.00ms, min = 9223372036854.78ms, total = 0.00ms
[state-dump] 	NodeManagerService.grpc_server.PrepareBundleResources - 1 total (0 active), Execution time: mean = 1.10ms, total = 1.10ms, Queueing time: mean = 0.00ms, max = -0.00ms, min = 9223372036854.78ms, total = 0.00ms
[state-dump] 	ray::rpc::NodeInfoGcsService.grpc_client.RegisterNode - 1 total (0 active), Execution time: mean = 1.17ms, total = 1.17ms, Queueing time: mean = 0.00ms, max = -0.00ms, min = 9223372036854.78ms, total = 0.00ms
[state-dump] DebugString() time ms: 0
[state-dump] 
[state-dump] 
[2026-09-04 01:01:40,843 I 79 102] (raylet) store.cc:573: Plasma store debug dump: 
Current usage: 0 / 4.29497 GB
- num bytes created total: 72
0 pending objects of total size 0MB
- objects spillable: 0
- bytes spillable: 0
- objects unsealed: 0
- bytes unsealed: 0
- objects in use: 0
- bytes in use: 0
- objects evictable: 0
- bytes evictable: 0

- objects created by worker: 0
- bytes created by worker: 0
- objects restored: 0
- bytes restored: 0
- objects received: 0
- bytes received: 0
- objects errored: 0
- bytes errored: 0

[2026-09-04 01:01:41,497 I 79 79] (raylet) node_manager.cc:486: [state-dump] NodeManager:
[state-dump] Node ID: 82dfc8c23c51709b77aaa7de2deacf9d421699bfcaad6b6cc4f66c59
[state-dump] Node name: 10.244.180.242
[state-dump] InitialConfigResources: {node:10.244.180.242: 1, object_store_memory: 4.29497e+09, GPU: 8, CPU: 64, accelerator_type:B200: 1, memory: 3.24185e+12}
[state-dump] ClusterLeaseManager:
[state-dump] ========== Node: 82dfc8c23c51709b77aaa7de2deacf9d421699bfcaad6b6cc4f66c59 =================
[state-dump] Infeasible queue length: 0
[state-dump] Schedule queue length: 0
[state-dump] Grant queue length: 0
[state-dump] num_waiting_for_resource: 0
[state-dump] num_waiting_for_plasma_memory: 0
[state-dump] num_waiting_for_remote_node_resources: 0
[state-dump] num_worker_not_started_by_job_config_not_exist: 0
[state-dump] num_worker_not_started_by_registration_timeout: 0
[state-dump] num_tasks_waiting_for_workers: 0
[state-dump] num_cancelled_leases: 0
[state-dump] cluster_resource_scheduler state: 
[state-dump] Local id: -8170265163178445639 Local resources: {"total":{node:10.244.180.242: [10000], GPU_group_19_41b56c6dcd1a3ea16b3ee9c698c601000000: [0, 0, 10000, 0, 0, 0, 0, 0], CPU: [640000], GPU_group_24_41b56c6dcd1a3ea16b3ee9c698c601000000: [0, 0, 0, 0, 0, 0, 0, 10000], CPU_group_19_41b56c6dcd1a3ea16b3ee9c698c601000000: [10000], GPU_group_23_41b56c6dcd1a3ea16b3ee9c698c601000000: [0, 0, 0, 0, 0, 0, 10000, 0], bundle_group_22_41b56c6dcd1a3ea16b3ee9c698c601000000: [10000000], GPU_group_17_41b56c6dcd1a3ea16b3ee9c698c601000000: [10000, 0, 0, 0, 0, 0, 0, 0], accelerator_type:B200: [10000], bundle_group_18_41b56c6dcd1a3ea16b3ee9c698c601000000: [10000000], CPU_group_17_41b56c6dcd1a3ea16b3ee9c698c601000000: [10000], memory: [32418475745280000], object_store_memory: [42949672960000], GPU_group_18_41b56c6dcd1a3ea16b3ee9c698c601000000: [0, 10000, 0, 0, 0, 0, 0, 0], CPU_group_41b56c6dcd1a3ea16b3ee9c698c601000000: [80000], bundle_group_41b56c6dcd1a3ea16b3ee9c698c601000000: [80000000], bundle_group_17_41b56c6dcd1a3ea16b3ee9c698c601000000: [10000000], CPU_group_20_41b56c6dcd1a3ea16b3ee9c698c601000000: [10000], GPU_group_20_41b56c6dcd1a3ea16b3ee9c698c601000000: [0, 0, 0, 10000, 0, 0, 0, 0], bundle_group_19_41b56c6dcd1a3ea16b3ee9c698c601000000: [10000000], bundle_group_23_41b56c6dcd1a3ea16b3ee9c698c601000000: [10000000], CPU_group_24_41b56c6dcd1a3ea16b3ee9c698c601000000: [10000], CPU_group_22_41b56c6dcd1a3ea16b3ee9c698c601000000: [10000], GPU_group_22_41b56c6dcd1a3ea16b3ee9c698c601000000: [0, 0, 0, 0, 0, 10000, 0, 0], CPU_group_23_41b56c6dcd1a3ea16b3ee9c698c601000000: [10000], CPU_group_21_41b56c6dcd1a3ea16b3ee9c698c601000000: [10000], GPU: [10000, 10000, 10000, 10000, 10000, 10000, 10000, 10000], bundle_group_21_41b56c6dcd1a3ea16b3ee9c698c601000000: [10000000], bundle_group_24_41b56c6dcd1a3ea16b3ee9c698c601000000: [10000000], GPU_group_41b56c6dcd1a3ea16b3ee9c698c601000000: [10000, 10000, 10000, 10000, 10000, 10000, 10000, 10000], GPU_group_21_41b56c6dcd1a3ea16b3ee9c698c601000000: [0, 0, 0, 0, 10000, 0, 0, 0], CPU_group_18_41b56c6dcd1a3ea16b3ee9c698c601000000: [10000], bundle_group_20_41b56c6dcd1a3ea16b3ee9c698c601000000: [10000000]}, "available": {GPU_group_19_41b56c6dcd1a3ea16b3ee9c698c601000000: [0, 0, 10000, 0, 0, 0, 0, 0], node:10.244.180.242: [10000], GPU_group_17_41b56c6dcd1a3ea16b3ee9c698c601000000: [8000, 0, 0, 0, 0, 0, 0, 0], bundle_group_22_41b56c6dcd1a3ea16b3ee9c698c601000000: [10000000], accelerator_type:B200: [10000], CPU_group_19_41b56c6dcd1a3ea16b3ee9c698c601000000: [10000], GPU_group_23_41b56c6dcd1a3ea16b3ee9c698c601000000: [0, 0, 0, 0, 0, 0, 10000, 0], bundle_group_18_41b56c6dcd1a3ea16b3ee9c698c601000000: [10000000], CPU: [560000], GPU_group_24_41b56c6dcd1a3ea16b3ee9c698c601000000: [0, 0, 0, 0, 0, 0, 0, 10000], memory: [32418475745280000], CPU_group_17_41b56c6dcd1a3ea16b3ee9c698c601000000: [8000], CPU_group_24_41b56c6dcd1a3ea16b3ee9c698c601000000: [10000], GPU_group_18_41b56c6dcd1a3ea16b3ee9c698c601000000: [0, 10000, 0, 0, 0, 0, 0, 0], object_store_memory: [42949672960000], GPU_group_20_41b56c6dcd1a3ea16b3ee9c698c601000000: [0, 0, 0, 10000, 0, 0, 0, 0], CPU_group_20_41b56c6dcd1a3ea16b3ee9c698c601000000: [10000], bundle_group_23_41b56c6dcd1a3ea16b3ee9c698c601000000: [10000000], bundle_group_41b56c6dcd1a3ea16b3ee9c698c601000000: [79999990], bundle_group_17_41b56c6dcd1a3ea16b3ee9c698c601000000: [9999990], CPU_group_21_41b56c6dcd1a3ea16b3ee9c698c601000000: [10000], CPU_group_41b56c6dcd1a3ea16b3ee9c698c601000000: [78000], GPU_group_22_41b56c6dcd1a3ea16b3ee9c698c601000000: [0, 0, 0, 0, 0, 10000, 0, 0], bundle_group_19_41b56c6dcd1a3ea16b3ee9c698c601000000: [10000000], CPU_group_23_41b56c6dcd1a3ea16b3ee9c698c601000000: [10000], CPU_group_22_41b56c6dcd1a3ea16b3ee9c698c601000000: [10000], GPU_group_41b56c6dcd1a3ea16b3ee9c698c601000000: [8000, 10000, 10000, 10000, 10000, 10000, 10000, 10000], bundle_group_21_41b56c6dcd1a3ea16b3ee9c698c601000000: [10000000], GPU: [0, 0, 0, 0, 0, 0, 0, 0], bundle_group_24_41b56c6dcd1a3ea16b3ee9c698c601000000: [10000000], bundle_group_20_41b56c6dcd1a3ea16b3ee9c698c601000000: [10000000], CPU_group_18_41b56c6dcd1a3ea16b3ee9c698c601000000: [10000], GPU_group_21_41b56c6dcd1a3ea16b3ee9c698c601000000: [0, 0, 0, 0, 10000, 0, 0, 0]}, "labels":{"ray.io/node-id":"82dfc8c23c51709b77aaa7de2deacf9d421699bfcaad6b6cc4f66c59","ray.io/accelerator-type":"B200"}} is_draining: 0 is_idle: 0 Cluster resources (at most 20 nodes are shown): node id: -8170265163178445639{"total":{GPU: 80000, bundle_group_24_41b56c6dcd1a3ea16b3ee9c698c601000000: 10000000, GPU_group_17_41b56c6dcd1a3ea16b3ee9c698c601000000: 10000, bundle_group_18_41b56c6dcd1a3ea16b3ee9c698c601000000: 10000000, bundle_group_22_41b56c6dcd1a3ea16b3ee9c698c601000000: 10000000, GPU_group_24_41b56c6dcd1a3ea16b3ee9c698c601000000: 10000, CPU: 640000, CPU_group_19_41b56c6dcd1a3ea16b3ee9c698c601000000: 10000, GPU_group_23_41b56c6dcd1a3ea16b3ee9c698c601000000: 10000, accelerator_type:B200: 10000, GPU_group_19_41b56c6dcd1a3ea16b3ee9c698c601000000: 10000, node:10.244.180.242: 10000, GPU_group_18_41b56c6dcd1a3ea16b3ee9c698c601000000: 10000, CPU_group_24_41b56c6dcd1a3ea16b3ee9c698c601000000: 10000, object_store_memory: 42949672960000, memory: 32418475745280000, CPU_group_17_41b56c6dcd1a3ea16b3ee9c698c601000000: 10000, GPU_group_22_41b56c6dcd1a3ea16b3ee9c698c601000000: 10000, CPU_group_23_41b56c6dcd1a3ea16b3ee9c698c601000000: 10000, CPU_group_21_41b56c6dcd1a3ea16b3ee9c698c601000000: 10000, CPU_group_22_41b56c6dcd1a3ea16b3ee9c698c601000000: 10000, GPU_group_20_41b56c6dcd1a3ea16b3ee9c698c601000000: 10000, CPU_group_41b56c6dcd1a3ea16b3ee9c698c601000000: 80000, bundle_group_41b56c6dcd1a3ea16b3ee9c698c601000000: 80000000, bundle_group_23_41b56c6dcd1a3ea16b3ee9c698c601000000: 10000000, CPU_group_20_41b56c6dcd1a3ea16b3ee9c698c601000000: 10000, bundle_group_17_41b56c6dcd1a3ea16b3ee9c698c601000000: 10000000, bundle_group_19_41b56c6dcd1a3ea16b3ee9c698c601000000: 10000000, bundle_group_20_41b56c6dcd1a3ea16b3ee9c698c601000000: 10000000, GPU_group_21_41b56c6dcd1a3ea16b3ee9c698c601000000: 10000, CPU_group_18_41b56c6dcd1a3ea16b3ee9c698c601000000: 10000, bundle_group_21_41b56c6dcd1a3ea16b3ee9c698c601000000: 10000000, GPU_group_41b56c6dcd1a3ea16b3ee9c698c601000000: 80000}, "available": {bundle_group_22_41b56c6dcd1a3ea16b3ee9c698c601000000: 10000000, bundle_group_18_41b56c6dcd1a3ea16b3ee9c698c601000000: 10000000, bundle_group_24_41b56c6dcd1a3ea16b3ee9c698c601000000: 10000000, bundle_group_21_41b56c6dcd1a3ea16b3ee9c698c601000000: 10000000, GPU_group_41b56c6dcd1a3ea16b3ee9c698c601000000: 78000, GPU_group_21_41b56c6dcd1a3ea16b3ee9c698c601000000: 10000, CPU_group_18_41b56c6dcd1a3ea16b3ee9c698c601000000: 10000, bundle_group_20_41b56c6dcd1a3ea16b3ee9c698c601000000: 10000000, CPU_group_41b56c6dcd1a3ea16b3ee9c698c601000000: 78000, bundle_group_17_41b56c6dcd1a3ea16b3ee9c698c601000000: 9999990, bundle_group_23_41b56c6dcd1a3ea16b3ee9c698c601000000: 10000000, CPU_group_20_41b56c6dcd1a3ea16b3ee9c698c601000000: 10000, bundle_group_19_41b56c6dcd1a3ea16b3ee9c698c601000000: 10000000, GPU_group_20_41b56c6dcd1a3ea16b3ee9c698c601000000: 10000, bundle_group_41b56c6dcd1a3ea16b3ee9c698c601000000: 79999990, CPU_group_22_41b56c6dcd1a3ea16b3ee9c698c601000000: 10000, GPU_group_22_41b56c6dcd1a3ea16b3ee9c698c601000000: 10000, CPU_group_23_41b56c6dcd1a3ea16b3ee9c698c601000000: 10000, CPU_group_21_41b56c6dcd1a3ea16b3ee9c698c601000000: 10000, CPU_group_17_41b56c6dcd1a3ea16b3ee9c698c601000000: 8000, memory: 32418475745280000, object_store_memory: 42949672960000, CPU_group_24_41b56c6dcd1a3ea16b3ee9c698c601000000: 10000, GPU_group_18_41b56c6dcd1a3ea16b3ee9c698c601000000: 10000, node:10.244.180.242: 10000, GPU_group_19_41b56c6dcd1a3ea16b3ee9c698c601000000: 10000, GPU_group_24_41b56c6dcd1a3ea16b3ee9c698c601000000: 10000, CPU: 560000, CPU_group_19_41b56c6dcd1a3ea16b3ee9c698c601000000: 10000, accelerator_type:B200: 10000, GPU_group_23_41b56c6dcd1a3ea16b3ee9c698c601000000: 10000, GPU_group_17_41b56c6dcd1a3ea16b3ee9c698c601000000: 8000}, "labels":{"ray.io/node-id":"82dfc8c23c51709b77aaa7de2deacf9d421699bfcaad6b6cc4f66c59","ray.io/accelerator-type":"B200"}, "is_draining": 0, "draining_deadline_timestamp_ms": -1}node id: -1351780445297854484{"total":{bundle_group_14_41b56c6dcd1a3ea16b3ee9c698c601000000: 10000000, bundle_group_0_41b56c6dcd1a3ea16b3ee9c698c601000000: 10000000, bundle_group_13_41b56c6dcd1a3ea16b3ee9c698c601000000: 10000000, GPU_group_0_41b56c6dcd1a3ea16b3ee9c698c601000000: 10000, CPU_group_41b56c6dcd1a3ea16b3ee9c698c601000000: 80000, bundle_group_41b56c6dcd1a3ea16b3ee9c698c601000000: 80000000, CPU_group_10_41b56c6dcd1a3ea16b3ee9c698c601000000: 10000, CPU_group_11_41b56c6dcd1a3ea16b3ee9c698c601000000: 10000, CPU_group_13_41b56c6dcd1a3ea16b3ee9c698c601000000: 10000, GPU_group_12_41b56c6dcd1a3ea16b3ee9c698c601000000: 10000, bundle_group_9_41b56c6dcd1a3ea16b3ee9c698c601000000: 10000000, GPU_group_15_41b56c6dcd1a3ea16b3ee9c698c601000000: 10000, GPU_group_41b56c6dcd1a3ea16b3ee9c698c601000000: 80000, GPU: 80000, bundle_group_12_41b56c6dcd1a3ea16b3ee9c698c601000000: 10000000, CPU_group_12_41b56c6dcd1a3ea16b3ee9c698c601000000: 10000, CPU_group_15_41b56c6dcd1a3ea16b3ee9c698c601000000: 10000, GPU_group_13_41b56c6dcd1a3ea16b3ee9c698c601000000: 10000, GPU_group_11_41b56c6dcd1a3ea16b3ee9c698c601000000: 10000, bundle_group_10_41b56c6dcd1a3ea16b3ee9c698c601000000: 10000000, bundle_group_11_41b56c6dcd1a3ea16b3ee9c698c601000000: 10000000, CPU_group_0_41b56c6dcd1a3ea16b3ee9c698c601000000: 10000, accelerator_type:B200: 10000, CPU: 640000, memory: 32418477711360000, node:10.244.218.62: 10000, bundle_group_15_41b56c6dcd1a3ea16b3ee9c698c601000000: 10000000, GPU_group_10_41b56c6dcd1a3ea16b3ee9c698c601000000: 10000, object_store_memory: 42949672960000, CPU_group_9_41b56c6dcd1a3ea16b3ee9c698c601000000: 10000, GPU_group_9_41b56c6dcd1a3ea16b3ee9c698c601000000: 10000, GPU_group_14_41b56c6dcd1a3ea16b3ee9c698c601000000: 10000, CPU_group_14_41b56c6dcd1a3ea16b3ee9c698c601000000: 10000}, "available": {GPU_group_41b56c6dcd1a3ea16b3ee9c698c601000000: 78000, CPU_group_12_41b56c6dcd1a3ea16b3ee9c698c601000000: 10000, bundle_group_12_41b56c6dcd1a3ea16b3ee9c698c601000000: 10000000, GPU_group_13_41b56c6dcd1a3ea16b3ee9c698c601000000: 10000, CPU_group_15_41b56c6dcd1a3ea16b3ee9c698c601000000: 10000, bundle_group_0_41b56c6dcd1a3ea16b3ee9c698c601000000: 9999990, CPU_group_10_41b56c6dcd1a3ea16b3ee9c698c601000000: 10000, CPU_group_41b56c6dcd1a3ea16b3ee9c698c601000000: 78000, CPU_group_11_41b56c6dcd1a3ea16b3ee9c698c601000000: 10000, GPU_group_12_41b56c6dcd1a3ea16b3ee9c698c601000000: 10000, CPU_group_13_41b56c6dcd1a3ea16b3ee9c698c601000000: 10000, bundle_group_41b56c6dcd1a3ea16b3ee9c698c601000000: 79999990, GPU_group_15_41b56c6dcd1a3ea16b3ee9c698c601000000: 10000, bundle_group_9_41b56c6dcd1a3ea16b3ee9c698c601000000: 10000000, node:10.244.218.62: 10000, memory: 32418477711360000, object_store_memory: 42949672960000, CPU_group_9_41b56c6dcd1a3ea16b3ee9c698c601000000: 10000, bundle_group_15_41b56c6dcd1a3ea16b3ee9c698c601000000: 10000000, bundle_group_14_41b56c6dcd1a3ea16b3ee9c698c601000000: 10000000, GPU_group_0_41b56c6dcd1a3ea16b3ee9c698c601000000: 8000, GPU_group_14_41b56c6dcd1a3ea16b3ee9c698c601000000: 10000, CPU_group_14_41b56c6dcd1a3ea16b3ee9c698c601000000: 10000, GPU_group_9_41b56c6dcd1a3ea16b3ee9c698c601000000: 10000, bundle_group_13_41b56c6dcd1a3ea16b3ee9c698c601000000: 10000000, GPU_group_10_41b56c6dcd1a3ea16b3ee9c698c601000000: 10000, bundle_group_10_41b56c6dcd1a3ea16b3ee9c698c601000000: 10000000, GPU_group_11_41b56c6dcd1a3ea16b3ee9c698c601000000: 10000, CPU_group_0_41b56c6dcd1a3ea16b3ee9c698c601000000: 8000, bundle_group_11_41b56c6dcd1a3ea16b3ee9c698c601000000: 10000000, accelerator_type:B200: 10000, CPU: 560000}, "labels":{"ray.io/accelerator-type":"B200","ray.io/node-id":"90dc8450878fe5de358e116e0b8657e06554d0d69bbf5603e4880a55"}, "is_draining": 0, "draining_deadline_timestamp_ms": -1}node id: 4273633132855142460{"total":{bundle_group_41b56c6dcd1a3ea16b3ee9c698c601000000: 80000000, bundle_group_7_41b56c6dcd1a3ea16b3ee9c698c601000000: 10000000, CPU_group_5_41b56c6dcd1a3ea16b3ee9c698c601000000: 10000, CPU_group_4_41b56c6dcd1a3ea16b3ee9c698c601000000: 10000, bundle_group_1_41b56c6dcd1a3ea16b3ee9c698c601000000: 10000000, CPU_group_41b56c6dcd1a3ea16b3ee9c698c601000000: 80000, GPU_group_7_41b56c6dcd1a3ea16b3ee9c698c601000000: 10000, GPU_group_4_41b56c6dcd1a3ea16b3ee9c698c601000000: 10000, GPU_group_1_41b56c6dcd1a3ea16b3ee9c698c601000000: 10000, node:10.244.13.18: 10000, bundle_group_3_41b56c6dcd1a3ea16b3ee9c698c601000000: 10000000, CPU_group_2_41b56c6dcd1a3ea16b3ee9c698c601000000: 10000, GPU_group_41b56c6dcd1a3ea16b3ee9c698c601000000: 80000, CPU_group_6_41b56c6dcd1a3ea16b3ee9c698c601000000: 10000, CPU_group_3_41b56c6dcd1a3ea16b3ee9c698c601000000: 10000, GPU: 80000, CPU_group_7_41b56c6dcd1a3ea16b3ee9c698c601000000: 10000, bundle_group_8_41b56c6dcd1a3ea16b3ee9c698c601000000: 10000000, CPU_group_8_41b56c6dcd1a3ea16b3ee9c698c601000000: 10000, GPU_group_8_41b56c6dcd1a3ea16b3ee9c698c601000000: 10000, bundle_group_6_41b56c6dcd1a3ea16b3ee9c698c601000000: 10000000, accelerator_type:B200: 10000, CPU: 640000, GPU_group_3_41b56c6dcd1a3ea16b3ee9c698c601000000: 10000, CPU_group_1_41b56c6dcd1a3ea16b3ee9c698c601000000: 10000, bundle_group_5_41b56c6dcd1a3ea16b3ee9c698c601000000: 10000000, memory: 32418533744640000, GPU_group_2_41b56c6dcd1a3ea16b3ee9c698c601000000: 10000, GPU_group_6_41b56c6dcd1a3ea16b3ee9c698c601000000: 10000, bundle_group_4_41b56c6dcd1a3ea16b3ee9c698c601000000: 10000000, GPU_group_5_41b56c6dcd1a3ea16b3ee9c698c601000000: 10000, object_store_memory: 42949672960000, bundle_group_2_41b56c6dcd1a3ea16b3ee9c698c601000000: 10000000}, "available": {CPU_group_7_41b56c6dcd1a3ea16b3ee9c698c601000000: 2000, bundle_group_8_41b56c6dcd1a3ea16b3ee9c698c601000000: 9999980, CPU_group_6_41b56c6dcd1a3ea16b3ee9c698c601000000: 2000, CPU_group_3_41b56c6dcd1a3ea16b3ee9c698c601000000: 2000, GPU_group_41b56c6dcd1a3ea16b3ee9c698c601000000: 16000, CPU_group_2_41b56c6dcd1a3ea16b3ee9c698c601000000: 2000, node:10.244.13.18: 10000, bundle_group_3_41b56c6dcd1a3ea16b3ee9c698c601000000: 9999980, GPU_group_1_41b56c6dcd1a3ea16b3ee9c698c601000000: 2000, GPU_group_4_41b56c6dcd1a3ea16b3ee9c698c601000000: 2000, GPU_group_7_41b56c6dcd1a3ea16b3ee9c698c601000000: 2000, bundle_group_7_41b56c6dcd1a3ea16b3ee9c698c601000000: 9999980, CPU_group_5_41b56c6dcd1a3ea16b3ee9c698c601000000: 2000, bundle_group_1_41b56c6dcd1a3ea16b3ee9c698c601000000: 9999980, CPU_group_41b56c6dcd1a3ea16b3ee9c698c601000000: 16000, bundle_group_41b56c6dcd1a3ea16b3ee9c698c601000000: 79999840, CPU_group_4_41b56c6dcd1a3ea16b3ee9c698c601000000: 2000, bundle_group_2_41b56c6dcd1a3ea16b3ee9c698c601000000: 9999980, bundle_group_4_41b56c6dcd1a3ea16b3ee9c698c601000000: 9999980, GPU_group_5_41b56c6dcd1a3ea16b3ee9c698c601000000: 2000, object_store_memory: 42949672960000, GPU_group_6_41b56c6dcd1a3ea16b3ee9c698c601000000: 2000, GPU_group_2_41b56c6dcd1a3ea16b3ee9c698c601000000: 2000, memory: 32418533744640000, CPU: 560000, GPU_group_3_41b56c6dcd1a3ea16b3ee9c698c601000000: 2000, CPU_group_1_41b56c6dcd1a3ea16b3ee9c698c601000000: 2000, bundle_group_5_41b56c6dcd1a3ea16b3ee9c698c601000000: 9999980, bundle_group_6_41b56c6dcd1a3ea16b3ee9c698c601000000: 9999980, accelerator_type:B200: 10000, GPU_group_8_41b56c6dcd1a3ea16b3ee9c698c601000000: 2000, CPU_group_8_41b56c6dcd1a3ea16b3ee9c698c601000000: 2000}, "labels":{"ray.io/node-id":"4296a17b2364b071e4782261814dd77feed7cb4e5a4de14ab32d253a","ray.io/accelerator-type":"B200"}, "is_draining": 0, "draining_deadline_timestamp_ms": -1}node id: -7973918255608480324{"total":{bundle_group_27_41b56c6dcd1a3ea16b3ee9c698c601000000: 10000000, bundle_group_29_41b56c6dcd1a3ea16b3ee9c698c601000000: 10000000, bundle_group_41b56c6dcd1a3ea16b3ee9c698c601000000: 80000000, CPU_group_41b56c6dcd1a3ea16b3ee9c698c601000000: 80000, GPU_group_27_41b56c6dcd1a3ea16b3ee9c698c601000000: 10000, GPU_group_16_41b56c6dcd1a3ea16b3ee9c698c601000000: 10000, CPU_group_31_41b56c6dcd1a3ea16b3ee9c698c601000000: 10000, node:__internal_head__: 10000, bundle_group_28_41b56c6dcd1a3ea16b3ee9c698c601000000: 10000000, GPU_group_41b56c6dcd1a3ea16b3ee9c698c601000000: 80000, GPU: 80000, bundle_group_30_41b56c6dcd1a3ea16b3ee9c698c601000000: 10000000, CPU_group_27_41b56c6dcd1a3ea16b3ee9c698c601000000: 10000, CPU_group_26_41b56c6dcd1a3ea16b3ee9c698c601000000: 10000, bundle_group_25_41b56c6dcd1a3ea16b3ee9c698c601000000: 10000000, GPU_group_29_41b56c6dcd1a3ea16b3ee9c698c601000000: 10000, CPU_group_29_41b56c6dcd1a3ea16b3ee9c698c601000000: 10000, GPU_group_28_41b56c6dcd1a3ea16b3ee9c698c601000000: 10000, CPU_group_30_41b56c6dcd1a3ea16b3ee9c698c601000000: 10000, CPU_group_25_41b56c6dcd1a3ea16b3ee9c698c601000000: 10000, accelerator_type:B200: 10000, bundle_group_26_41b56c6dcd1a3ea16b3ee9c698c601000000: 10000000, bundle_group_31_41b56c6dcd1a3ea16b3ee9c698c601000000: 10000000, GPU_group_30_41b56c6dcd1a3ea16b3ee9c698c601000000: 10000, CPU: 640000, bundle_group_16_41b56c6dcd1a3ea16b3ee9c698c601000000: 10000000, CPU_group_28_41b56c6dcd1a3ea16b3ee9c698c601000000: 10000, memory: 32397589872640000, GPU_group_31_41b56c6dcd1a3ea16b3ee9c698c601000000: 10000, CPU_group_16_41b56c6dcd1a3ea16b3ee9c698c601000000: 10000, node:10.244.18.139: 10000, GPU_group_25_41b56c6dcd1a3ea16b3ee9c698c601000000: 10000, object_store_memory: 42949672960000, GPU_group_26_41b56c6dcd1a3ea16b3ee9c698c601000000: 10000}, "available": {CPU_group_26_41b56c6dcd1a3ea16b3ee9c698c601000000: 2000, CPU_group_27_41b56c6dcd1a3ea16b3ee9c698c601000000: 2000, bundle_group_30_41b56c6dcd1a3ea16b3ee9c698c601000000: 9999980, GPU_group_41b56c6dcd1a3ea16b3ee9c698c601000000: 16000, bundle_group_28_41b56c6dcd1a3ea16b3ee9c698c601000000: 9999980, node:__internal_head__: 10000, CPU_group_31_41b56c6dcd1a3ea16b3ee9c698c601000000: 2000, GPU_group_27_41b56c6dcd1a3ea16b3ee9c698c601000000: 2000, CPU_group_41b56c6dcd1a3ea16b3ee9c698c601000000: 16000, bundle_group_41b56c6dcd1a3ea16b3ee9c698c601000000: 79999840, GPU_group_16_41b56c6dcd1a3ea16b3ee9c698c601000000: 2000, bundle_group_29_41b56c6dcd1a3ea16b3ee9c698c601000000: 9999980, bundle_group_27_41b56c6dcd1a3ea16b3ee9c698c601000000: 9999980, GPU_group_26_41b56c6dcd1a3ea16b3ee9c698c601000000: 2000, object_store_memory: 42949672960000, node:10.244.18.139: 10000, GPU_group_25_41b56c6dcd1a3ea16b3ee9c698c601000000: 2000, CPU_group_16_41b56c6dcd1a3ea16b3ee9c698c601000000: 2000, GPU_group_31_41b56c6dcd1a3ea16b3ee9c698c601000000: 2000, memory: 32397589872640000, CPU_group_28_41b56c6dcd1a3ea16b3ee9c698c601000000: 2000, bundle_group_16_41b56c6dcd1a3ea16b3ee9c698c601000000: 9999980, GPU_group_30_41b56c6dcd1a3ea16b3ee9c698c601000000: 2000, CPU: 540000, bundle_group_31_41b56c6dcd1a3ea16b3ee9c698c601000000: 9999980, accelerator_type:B200: 10000, bundle_group_26_41b56c6dcd1a3ea16b3ee9c698c601000000: 9999980, CPU_group_25_41b56c6dcd1a3ea16b3ee9c698c601000000: 2000, CPU_group_30_41b56c6dcd1a3ea16b3ee9c698c601000000: 2000, CPU_group_29_41b56c6dcd1a3ea16b3ee9c698c601000000: 2000, GPU_group_29_41b56c6dcd1a3ea16b3ee9c698c601000000: 2000, GPU_group_28_41b56c6dcd1a3ea16b3ee9c698c601000000: 2000, bundle_group_25_41b56c6dcd1a3ea16b3ee9c698c601000000: 9999980}, "labels":{"ray.io/node-id":"11215b0011fac4845f8eecab7d85f57fc12c4efc1ad3dce06ebdc204","ray.io/accelerator-type":"B200"}, "is_draining": 0, "draining_deadline_timestamp_ms": -1} { "placement group locations": [], "node to bundles": []}
[state-dump] Waiting leases size: 0
[state-dump] Number of granted lease arguments: 0
[state-dump] Number of pinned lease arguments: 0
[state-dump] Total size of pinned lease arguments: 0
[state-dump] Number of total spilled leases: 0
[state-dump] Number of spilled waiting leases: 0
[state-dump] Number of spilled unschedulable leases: 0
[state-dump] Resource usage {
[state-dump]     - (language=PYTHON actor_or_taskSGLangEngine.__init__ pid=858 worker_id=650a17a0e0c4cd2270b368052022e6d017baf108cd0e6d39cfd281fe): {bundle_group_41b56c6dcd1a3ea16b3ee9c698c601000000: 0.001, GPU_group_41b56c6dcd1a3ea16b3ee9c698c601000000: 0.2, GPU_group_17_41b56c6dcd1a3ea16b3ee9c698c601000000: 0.2, CPU_group_41b56c6dcd1a3ea16b3ee9c698c601000000: 0.2, CPU_group_17_41b56c6dcd1a3ea16b3ee9c698c601000000: 0.2, bundle_group_17_41b56c6dcd1a3ea16b3ee9c698c601000000: 0.001}
[state-dump] }
[state-dump] Backlog Size per scheduling descriptor :{workerId: num backlogs}:
[state-dump] 
[state-dump] Granted leases by scheduling class:
[state-dump] ==================================================
[state-dump] 
[state-dump] ClusterResources:
[state-dump] LocalObjectManager:
[state-dump] - num pinned objects: 0
[state-dump] - pinned objects size: 0
[state-dump] - num objects pending restore: 0
[state-dump] - num objects pending spill: 0
[state-dump] - num bytes pending spill: 0
[state-dump] - num bytes currently spilled: 0
[state-dump] - cumulative spill requests: 0
[state-dump] - cumulative restore requests: 0
[state-dump] - spilled objects pending delete: 0
[state-dump] 
[state-dump] ObjectManager:
[state-dump] - num local objects: 0
[state-dump] - num unfulfilled push requests: 0
[state-dump] - num object pull requests: 0
[state-dump] - num chunks received total: 0
[state-dump] - num chunks received failed (all): 0
[state-dump] - num chunks received failed / cancelled: 0
[state-dump] - num chunks received failed / plasma error: 0
[state-dump] Event stats:
[state-dump] Global stats: 0 total (0 active)
[state-dump] Queueing time: mean = -nanms, max = -0.00ms, min = 9223372036854.78ms, total = 0.00ms
[state-dump] Execution time:  mean = -nanms, total = 0.00ms
[state-dump] Event stats:
[state-dump] PushManager:
[state-dump] - num pushes remaining: 0
[state-dump] - num chunks in flight: 0
[state-dump] - num chunks remaining: 0
[state-dump] - max chunks allowed: 409
[state-dump] OwnershipBasedObjectDirectory:
[state-dump] - num listeners: 0
[state-dump] - cumulative location updates: 0
[state-dump] - num location updates per second: 0.000
[state-dump] - num location lookups per second: 0.000
[state-dump] - num locations added per second: 0.000
[state-dump] - num locations removed per second: 0.000
[state-dump] BufferPool:
[state-dump] - create buffer state map size: 0
[state-dump] PullManager:
[state-dump] - num bytes available for pulled objects: 4294967296
[state-dump] - num bytes being pulled (all): 0
[state-dump] - num bytes being pulled / pinned: 0
[state-dump] - get request bundles: BundlePullRequestQueue{0 total, 0 active, 0 inactive, 0 unpullable}
[state-dump] - wait request bundles: BundlePullRequestQueue{0 total, 0 active, 0 inactive, 0 unpullable}
[state-dump] - task request bundles: BundlePullRequestQueue{0 total, 0 active, 0 inactive, 0 unpullable}
[state-dump] - first get request bundle: N/A
[state-dump] - first wait request bundle: N/A
[state-dump] - first task request bundle: N/A
[state-dump] - num objects queued: 0
[state-dump] - num objects actively pulled (all): 0
[state-dump] - num objects actively pulled / pinned: 0
[state-dump] - num bundles being pulled: 0
[state-dump] - num pull retries: 0
[state-dump] - max timeout seconds: 0
[state-dump] - max timeout request is already processed. No entry.
[state-dump] 
[state-dump] WorkerPool:
[state-dump] - registered jobs: 1
[state-dump] - process_failed_job_config_missing: 0
[state-dump] - process_failed_rate_limited: 0
[state-dump] - process_failed_pending_registration: 0
[state-dump] - process_failed_runtime_env_setup_failed: 0
[state-dump] - num PYTHON workers: 1
[state-dump] - num PYTHON drivers: 0
[state-dump] - num PYTHON pending start requests: 0
[state-dump] - num PYTHON pending registration requests: 0
[state-dump] - num object spill callbacks queued: 0
[state-dump] - num object restore queued: 0
[state-dump] - num util functions queued: 0
[state-dump] - num idle workers: 0
[state-dump] LeaseDependencyManager:
[state-dump] - lease deps map size: 0
[state-dump] - get req map size: 0
[state-dump] - wait req map size: 0
[state-dump] - local objects map size: 0
[state-dump] WaitManager:
[state-dump] - num active wait requests: 0
[state-dump] Subscriber:
[state-dump] Channel WORKER_OBJECT_LOCATIONS_CHANNEL
[state-dump] - cumulative subscribe requests: 0
[state-dump] - cumulative unsubscribe requests: 0
[state-dump] - active subscribed publishers: 0
[state-dump] - cumulative published messages: 0
[state-dump] - cumulative processed messages: 0
[state-dump] Channel WORKER_REF_REMOVED_CHANNEL
[state-dump] - cumulative subscribe requests: 0
[state-dump] - cumulative unsubscribe requests: 0
[state-dump] - active subscribed publishers: 0
[state-dump] - cumulative published messages: 0
[state-dump] - cumulative processed messages: 0
[state-dump] num async plasma notifications: 0
[state-dump] Event stats:
[state-dump] Global stats: 10627 total (15 active)
[state-dump] Queueing time: mean = 2.91ms, max = 26285.89ms, min = 0.00ms, total = 30928.47ms
[state-dump] Execution time:  mean = 3.14ms, total = 33350.02ms
[state-dump] Event stats:
[state-dump] 	RaySyncer.BroadcastMessageIfNewVersion - 2399 total (1 active), Execution time: mean = 0.00ms, total = 4.64ms, Queueing time: mean = 0.09ms, max = 21.67ms, min = 0.00ms, total = 205.67ms
[state-dump] 	ObjectManager.UpdateAvailableMemory - 2399 total (0 active), Execution time: mean = 0.00ms, total = 2.15ms, Queueing time: mean = 0.01ms, max = 0.05ms, min = 0.00ms, total = 22.31ms
[state-dump] 	NodeManager.CheckGC - 2399 total (1 active), Execution time: mean = 0.00ms, total = 2.04ms, Queueing time: mean = 0.09ms, max = 21.67ms, min = 0.00ms, total = 208.00ms
[state-dump] 	RayletWorkerPool.deadline_timer.kill_idle_workers - 1200 total (1 active), Execution time: mean = 0.00ms, total = 2.11ms, Queueing time: mean = 0.03ms, max = 8.65ms, min = 0.00ms, total = 32.51ms
[state-dump] 	NodeManager.ScheduleAndGrantLeases - 241 total (1 active), Execution time: mean = 0.00ms, total = 0.87ms, Queueing time: mean = 0.01ms, max = 0.04ms, min = 0.00ms, total = 3.19ms
[state-dump] 	NodeManager.CheckForUnexpectedWorkerDisconnects - 241 total (1 active), Execution time: mean = 0.00ms, total = 1.20ms, Queueing time: mean = 0.01ms, max = 0.06ms, min = 0.00ms, total = 2.82ms
[state-dump] 	NodeManagerService.grpc_server.GetResourceLoad - 240 total (0 active), Execution time: mean = 0.33ms, total = 79.91ms, Queueing time: mean = 0.00ms, max = -0.00ms, min = 9223372036854.78ms, total = 0.00ms
[state-dump] 	NodeManager.deadline_timer.spill_objects_when_over_threshold - 240 total (1 active), Execution time: mean = 0.00ms, total = 0.32ms, Queueing time: mean = 0.87ms, max = 22.99ms, min = 0.00ms, total = 209.06ms
[state-dump] 	NodeManagerService.grpc_server.GetResourceLoad.HandleRequestImpl - 240 total (0 active), Execution time: mean = 0.07ms, total = 17.15ms, Queueing time: mean = 0.02ms, max = 0.04ms, min = 0.00ms, total = 5.05ms
[state-dump] 	NodeManager.deadline_timer.flush_free_objects - 240 total (1 active), Execution time: mean = 0.00ms, total = 0.30ms, Queueing time: mean = 0.87ms, max = 22.99ms, min = 0.00ms, total = 209.08ms
[state-dump] 	ClusterResourceManager.ResetRemoteNodeView - 81 total (1 active), Execution time: mean = 0.00ms, total = 0.18ms, Queueing time: mean = 0.02ms, max = 0.05ms, min = 0.00ms, total = 1.22ms
[state-dump] 	NodeManager.deadline_timer.record_metrics - 48 total (1 active), Execution time: mean = 0.23ms, total = 11.12ms, Queueing time: mean = 4.13ms, max = 22.88ms, min = 0.00ms, total = 198.15ms
[state-dump] 	NodeManagerService.grpc_server.GetWorkerPIDs - 46 total (0 active), Execution time: mean = 0.27ms, total = 12.22ms, Queueing time: mean = 0.00ms, max = -0.00ms, min = 9223372036854.78ms, total = 0.00ms
[state-dump] 	NodeManagerService.grpc_server.GetAgentPIDs - 46 total (0 active), Execution time: mean = 0.28ms, total = 12.91ms, Queueing time: mean = 0.00ms, max = -0.00ms, min = 9223372036854.78ms, total = 0.00ms
[state-dump] 	NodeManagerService.grpc_server.GetWorkerPIDs.HandleRequestImpl - 46 total (0 active), Execution time: mean = 0.02ms, total = 1.04ms, Queueing time: mean = 0.05ms, max = 1.27ms, min = 0.01ms, total = 2.15ms
[state-dump] 	NodeManagerService.grpc_server.GetAgentPIDs.HandleRequestImpl - 46 total (0 active), Execution time: mean = 0.04ms, total = 1.75ms, Queueing time: mean = 0.03ms, max = 0.10ms, min = 0.00ms, total = 1.34ms
[state-dump] 	ClientConnection.async_read.ProcessMessageHeader - 45 total (1 active), Execution time: mean = 0.00ms, total = 0.15ms, Queueing time: mean = 616.87ms, max = 26285.89ms, min = 0.01ms, total = 27759.10ms
[state-dump] 	ClientConnection.async_read.ProcessMessage - 44 total (0 active), Execution time: mean = 0.84ms, total = 36.97ms, Queueing time: mean = 0.16ms, max = 2.97ms, min = 0.00ms, total = 6.99ms
[state-dump] 	Subscriber.HandlePublishedMessage_GCS_WORKER_DELTA_CHANNEL - 32 total (0 active), Execution time: mean = 0.00ms, total = 0.03ms, Queueing time: mean = 0.09ms, max = 0.26ms, min = 0.03ms, total = 2.85ms
[state-dump] 	RaySyncer.BroadcastMessage - 31 total (0 active), Execution time: mean = 0.06ms, total = 1.84ms, Queueing time: mean = 0.00ms, max = 0.00ms, min = 0.00ms, total = 0.01ms
[state-dump] 	 - 30 total (0 active), Execution time: mean = 0.07ms, total = 2.03ms, Queueing time: mean = 0.13ms, max = 3.28ms, min = 0.00ms, total = 3.79ms
[state-dump] 	event_loop_lag_probe - 26 total (0 active), Execution time: mean = 0.01ms, total = 0.28ms, Queueing time: mean = 0.28ms, max = 7.13ms, min = 0.00ms, total = 7.20ms
[state-dump] 	NodeManager.deadline_timer.debug_state_dump - 24 total (1 active), Execution time: mean = 8.69ms, total = 208.57ms, Queueing time: mean = 0.01ms, max = 0.04ms, min = 0.00ms, total = 0.34ms
[state-dump] 	NodeManagerService.grpc_server.GetNodeStats - 16 total (0 active), Execution time: mean = 0.88ms, total = 14.14ms, Queueing time: mean = 0.00ms, max = -0.00ms, min = 9223372036854.78ms, total = 0.00ms
[state-dump] 	NodeManagerService.grpc_server.GetNodeStats.HandleRequestImpl - 16 total (0 active), Execution time: mean = 0.16ms, total = 2.63ms, Queueing time: mean = 0.02ms, max = 0.04ms, min = 0.01ms, total = 0.36ms
[state-dump] 	ray::rpc::ControlPlanePubSubGcsService.grpc_client.GcsSubscriberPoll - 14 total (1 active), Execution time: mean = 2016.44ms, total = 28230.10ms, Queueing time: mean = 0.00ms, max = -0.00ms, min = 9223372036854.78ms, total = 0.00ms
[state-dump] 	ray::rpc::ControlPlanePubSubGcsService.grpc_client.GcsSubscriberPoll.OnReplyReceived - 13 total (0 active), Execution time: mean = 0.07ms, total = 0.93ms, Queueing time: mean = 1.22ms, max = 12.66ms, min = 0.00ms, total = 15.80ms
[state-dump] 	PeriodicalRunner.RunFnPeriodically - 13 total (0 active), Execution time: mean = 0.08ms, total = 1.01ms, Queueing time: mean = 144.77ms, max = 625.93ms, min = 0.02ms, total = 1882.07ms
[state-dump] 	CoreWorkerService.grpc_client.GetCoreWorkerStats - 11 total (0 active), Execution time: mean = 0.83ms, total = 9.18ms, Queueing time: mean = 0.00ms, max = -0.00ms, min = 9223372036854.78ms, total = 0.00ms
[state-dump] 	CoreWorkerService.grpc_client.GetCoreWorkerStats.OnReplyReceived - 11 total (0 active), Execution time: mean = 0.04ms, total = 0.49ms, Queueing time: mean = 0.02ms, max = 0.02ms, min = 0.01ms, total = 0.21ms
[state-dump] 	NodeManagerService.grpc_server.GetSystemConfig.HandleRequestImpl - 9 total (0 active), Execution time: mean = 0.02ms, total = 0.14ms, Queueing time: mean = 0.02ms, max = 0.03ms, min = 0.00ms, total = 0.16ms
[state-dump] 	NodeManagerService.grpc_server.RequestWorkerLease - 9 total (0 active), Execution time: mean = 369.13ms, total = 3322.19ms, Queueing time: mean = 0.00ms, max = -0.00ms, min = 9223372036854.78ms, total = 0.00ms
[state-dump] 	ObjectManager.ObjectAdded - 9 total (0 active), Execution time: mean = 0.01ms, total = 0.09ms, Queueing time: mean = 0.01ms, max = 0.01ms, min = 0.01ms, total = 0.08ms
[state-dump] 	NodeManagerService.grpc_server.RequestWorkerLease.HandleRequestImpl - 9 total (0 active), Execution time: mean = 3.19ms, total = 28.71ms, Queueing time: mean = 12.35ms, max = 25.54ms, min = 0.02ms, total = 111.14ms
[state-dump] 	ClientConnection.async_write.DoAsyncWrites - 9 total (0 active), Execution time: mean = 0.00ms, total = 0.01ms, Queueing time: mean = 0.01ms, max = 0.03ms, min = 0.01ms, total = 0.13ms
[state-dump] 	ObjectManager.ObjectDeleted - 9 total (0 active), Execution time: mean = 0.01ms, total = 0.06ms, Queueing time: mean = 0.01ms, max = 0.01ms, min = 0.01ms, total = 0.10ms
[state-dump] 	NodeManagerService.grpc_server.GetSystemConfig - 9 total (0 active), Execution time: mean = 0.24ms, total = 2.13ms, Queueing time: mean = 0.00ms, max = -0.00ms, min = 9223372036854.78ms, total = 0.00ms
[state-dump] 	NodeManagerService.grpc_server.KillLocalActor - 8 total (0 active), Execution time: mean = 33.11ms, total = 264.91ms, Queueing time: mean = 0.00ms, max = -0.00ms, min = 9223372036854.78ms, total = 0.00ms
[state-dump] 	CoreWorkerService.grpc_client.KillActor.OnReplyReceived - 8 total (0 active), Execution time: mean = 0.06ms, total = 0.47ms, Queueing time: mean = 0.00ms, max = 0.00ms, min = 0.00ms, total = 0.03ms
[state-dump] 	ray::rpc::WorkerInfoGcsService.grpc_client.ReportWorkerFailure.OnReplyReceived - 8 total (0 active), Execution time: mean = 0.01ms, total = 0.08ms, Queueing time: mean = 1.38ms, max = 2.84ms, min = 0.01ms, total = 11.02ms
[state-dump] 	NodeManagerService.grpc_server.KillLocalActor.HandleRequestImpl - 8 total (0 active), Execution time: mean = 0.16ms, total = 1.24ms, Queueing time: mean = 0.36ms, max = 0.46ms, min = 0.01ms, total = 2.87ms
[state-dump] 	ray::rpc::WorkerInfoGcsService.grpc_client.ReportWorkerFailure - 8 total (0 active), Execution time: mean = 1.55ms, total = 12.39ms, Queueing time: mean = 0.00ms, max = -0.00ms, min = 9223372036854.78ms, total = 0.00ms
[state-dump] 	CoreWorkerService.grpc_client.KillActor - 8 total (0 active), Execution time: mean = 32.59ms, total = 260.73ms, Queueing time: mean = 0.00ms, max = -0.00ms, min = 9223372036854.78ms, total = 0.00ms
[state-dump] 	ray::rpc::NodeInfoGcsService.grpc_client.CheckAlive.OnReplyReceived - 4 total (0 active), Execution time: mean = 0.02ms, total = 0.08ms, Queueing time: mean = 0.01ms, max = 0.02ms, min = 0.01ms, total = 0.06ms
[state-dump] 	NodeManager.GcsCheckAlive - 4 total (1 active), Execution time: mean = 0.14ms, total = 0.56ms, Queueing time: mean = 5.69ms, max = 11.53ms, min = 0.41ms, total = 22.74ms
[state-dump] 	NodeManager.deadline_timer.print_event_loop_stats - 4 total (1 active, 1 running), Execution time: mean = 5.81ms, total = 23.23ms, Queueing time: mean = 0.01ms, max = 0.02ms, min = 0.01ms, total = 0.05ms
[state-dump] 	ray::rpc::NodeInfoGcsService.grpc_client.CheckAlive - 4 total (0 active), Execution time: mean = 0.73ms, total = 2.90ms, Queueing time: mean = 0.00ms, max = -0.00ms, min = 9223372036854.78ms, total = 0.00ms
[state-dump] 	RaySyncerRegister - 2 total (0 active), Execution time: mean = 0.00ms, total = 0.00ms, Queueing time: mean = 0.00ms, max = 0.00ms, min = 0.00ms, total = 0.00ms
[state-dump] 	ray::rpc::ControlPlanePubSubGcsService.grpc_client.GcsSubscriberCommandBatch.OnReplyReceived - 2 total (0 active), Execution time: mean = 0.04ms, total = 0.08ms, Queueing time: mean = 0.21ms, max = 0.25ms, min = 0.16ms, total = 0.41ms
[state-dump] 	ray::rpc::ControlPlanePubSubGcsService.grpc_client.GcsSubscriberCommandBatch - 2 total (0 active), Execution time: mean = 0.73ms, total = 1.46ms, Queueing time: mean = 0.00ms, max = -0.00ms, min = 9223372036854.78ms, total = 0.00ms
[state-dump] 	ray::rpc::NodeInfoGcsService.grpc_client.RegisterNode.OnReplyReceived - 1 total (0 active), Execution time: mean = 0.39ms, total = 0.39ms, Queueing time: mean = 0.01ms, max = 0.01ms, min = 0.01ms, total = 0.01ms
[state-dump] 	NodeManagerService.grpc_server.PrepareBundleResources.HandleRequestImpl - 1 total (0 active), Execution time: mean = 0.84ms, total = 0.84ms, Queueing time: mean = 0.03ms, max = 0.03ms, min = 0.03ms, total = 0.03ms
[state-dump] 	ReporterService.grpc_client.HealthCheck - 1 total (0 active), Execution time: mean = 132.11ms, total = 132.11ms, Queueing time: mean = 0.00ms, max = -0.00ms, min = 9223372036854.78ms, total = 0.00ms
[state-dump] 	ray::rpc::InternalKVGcsService.grpc_client.GetInternalConfig - 1 total (0 active), Execution time: mean = 0.83ms, total = 0.83ms, Queueing time: mean = 0.00ms, max = -0.00ms, min = 9223372036854.78ms, total = 0.00ms
[state-dump] 	ReporterService.grpc_client.HealthCheck.OnReplyReceived - 1 total (0 active), Execution time: mean = 0.15ms, total = 0.15ms, Queueing time: mean = 0.02ms, max = 0.02ms, min = 0.02ms, total = 0.02ms
[state-dump] 	ray::rpc::JobInfoGcsService.grpc_client.GetAllJobInfo.OnReplyReceived - 1 total (0 active), Execution time: mean = 0.01ms, total = 0.01ms, Queueing time: mean = 0.02ms, max = 0.02ms, min = 0.02ms, total = 0.02ms
[state-dump] 	NodeManager.GCTaskFailureReason - 1 total (1 active), Execution time: mean = 0.00ms, total = 0.00ms, Queueing time: mean = 0.00ms, max = -0.00ms, min = 9223372036854.78ms, total = 0.00ms
[state-dump] 	ray::rpc::InternalKVGcsService.grpc_client.GetInternalConfig.OnReplyReceived - 1 total (0 active), Execution time: mean = 629.71ms, total = 629.71ms, Queueing time: mean = 0.01ms, max = 0.01ms, min = 0.01ms, total = 0.01ms
[state-dump] 	ray::rpc::NodeInfoGcsService.grpc_client.GetAllNodeAddressAndLiveness.OnReplyReceived - 1 total (0 active), Execution time: mean = 0.16ms, total = 0.16ms, Queueing time: mean = 0.01ms, max = 0.01ms, min = 0.01ms, total = 0.01ms
[state-dump] 	ray::rpc::JobInfoGcsService.grpc_client.GetAllJobInfo - 1 total (0 active), Execution time: mean = 0.56ms, total = 0.56ms, Queueing time: mean = 0.00ms, max = -0.00ms, min = 9223372036854.78ms, total = 0.00ms
[state-dump] 	ray::rpc::NodeInfoGcsService.grpc_client.GetAllNodeAddressAndLiveness - 1 total (0 active), Execution time: mean = 0.70ms, total = 0.70ms, Queueing time: mean = 0.00ms, max = -0.00ms, min = 9223372036854.78ms, total = 0.00ms
[state-dump] 	Subscriber.HandlePublishedMessage_GCS_JOB_CHANNEL - 1 total (0 active), Execution time: mean = 0.04ms, total = 0.04ms, Queueing time: mean = 0.30ms, max = 0.30ms, min = 0.30ms, total = 0.30ms
[state-dump] 	NodeManagerService.grpc_server.CommitBundleResources.HandleRequestImpl - 1 total (0 active), Execution time: mean = 1.15ms, total = 1.15ms, Queueing time: mean = 0.03ms, max = 0.03ms, min = 0.03ms, total = 0.03ms
[state-dump] 	NodeManagerService.grpc_server.CommitBundleResources - 1 total (0 active), Execution time: mean = 1.41ms, total = 1.41ms, Queueing time: mean = 0.00ms, max = -0.00ms, min = 9223372036854.78ms, total = 0.00ms
[state-dump] 	NodeManagerService.grpc_server.PrepareBundleResources - 1 total (0 active), Execution time: mean = 1.10ms, total = 1.10ms, Queueing time: mean = 0.00ms, max = -0.00ms, min = 9223372036854.78ms, total = 0.00ms
[state-dump] 	ray::rpc::NodeInfoGcsService.grpc_client.RegisterNode - 1 total (0 active), Execution time: mean = 1.17ms, total = 1.17ms, Queueing time: mean = 0.00ms, max = -0.00ms, min = 9223372036854.78ms, total = 0.00ms
[state-dump] DebugString() time ms: 0
[state-dump] 
[state-dump] 
[2026-09-04 01:02:40,843 I 79 102] (raylet) store.cc:573: Plasma store debug dump: 
Current usage: 0 / 4.29497 GB
- num bytes created total: 72
0 pending objects of total size 0MB
- objects spillable: 0
- bytes spillable: 0
- objects unsealed: 0
- bytes unsealed: 0
- objects in use: 0
- bytes in use: 0
- objects evictable: 0
- bytes evictable: 0

- objects created by worker: 0
- bytes created by worker: 0
- objects restored: 0
- bytes restored: 0
- objects received: 0
- bytes received: 0
- objects errored: 0
- bytes errored: 0

[2026-09-04 01:02:41,498 I 79 79] (raylet) node_manager.cc:486: [state-dump] NodeManager:
[state-dump] Node ID: 82dfc8c23c51709b77aaa7de2deacf9d421699bfcaad6b6cc4f66c59
[state-dump] Node name: 10.244.180.242
[state-dump] InitialConfigResources: {node:10.244.180.242: 1, object_store_memory: 4.29497e+09, GPU: 8, CPU: 64, accelerator_type:B200: 1, memory: 3.24185e+12}
[state-dump] ClusterLeaseManager:
[state-dump] ========== Node: 82dfc8c23c51709b77aaa7de2deacf9d421699bfcaad6b6cc4f66c59 =================
[state-dump] Infeasible queue length: 0
[state-dump] Schedule queue length: 0
[state-dump] Grant queue length: 0
[state-dump] num_waiting_for_resource: 0
[state-dump] num_waiting_for_plasma_memory: 0
[state-dump] num_waiting_for_remote_node_resources: 0
[state-dump] num_worker_not_started_by_job_config_not_exist: 0
[state-dump] num_worker_not_started_by_registration_timeout: 0
[state-dump] num_tasks_waiting_for_workers: 0
[state-dump] num_cancelled_leases: 0
[state-dump] cluster_resource_scheduler state: 
[state-dump] Local id: -8170265163178445639 Local resources: {"total":{node:10.244.180.242: [10000], GPU_group_19_41b56c6dcd1a3ea16b3ee9c698c601000000: [0, 0, 10000, 0, 0, 0, 0, 0], CPU: [640000], GPU_group_24_41b56c6dcd1a3ea16b3ee9c698c601000000: [0, 0, 0, 0, 0, 0, 0, 10000], CPU_group_19_41b56c6dcd1a3ea16b3ee9c698c601000000: [10000], GPU_group_23_41b56c6dcd1a3ea16b3ee9c698c601000000: [0, 0, 0, 0, 0, 0, 10000, 0], bundle_group_22_41b56c6dcd1a3ea16b3ee9c698c601000000: [10000000], GPU_group_17_41b56c6dcd1a3ea16b3ee9c698c601000000: [10000, 0, 0, 0, 0, 0, 0, 0], accelerator_type:B200: [10000], bundle_group_18_41b56c6dcd1a3ea16b3ee9c698c601000000: [10000000], CPU_group_17_41b56c6dcd1a3ea16b3ee9c698c601000000: [10000], memory: [32418475745280000], object_store_memory: [42949672960000], GPU_group_18_41b56c6dcd1a3ea16b3ee9c698c601000000: [0, 10000, 0, 0, 0, 0, 0, 0], CPU_group_41b56c6dcd1a3ea16b3ee9c698c601000000: [80000], bundle_group_41b56c6dcd1a3ea16b3ee9c698c601000000: [80000000], bundle_group_17_41b56c6dcd1a3ea16b3ee9c698c601000000: [10000000], CPU_group_20_41b56c6dcd1a3ea16b3ee9c698c601000000: [10000], GPU_group_20_41b56c6dcd1a3ea16b3ee9c698c601000000: [0, 0, 0, 10000, 0, 0, 0, 0], bundle_group_19_41b56c6dcd1a3ea16b3ee9c698c601000000: [10000000], bundle_group_23_41b56c6dcd1a3ea16b3ee9c698c601000000: [10000000], CPU_group_24_41b56c6dcd1a3ea16b3ee9c698c601000000: [10000], CPU_group_22_41b56c6dcd1a3ea16b3ee9c698c601000000: [10000], GPU_group_22_41b56c6dcd1a3ea16b3ee9c698c601000000: [0, 0, 0, 0, 0, 10000, 0, 0], CPU_group_23_41b56c6dcd1a3ea16b3ee9c698c601000000: [10000], CPU_group_21_41b56c6dcd1a3ea16b3ee9c698c601000000: [10000], GPU: [10000, 10000, 10000, 10000, 10000, 10000, 10000, 10000], bundle_group_21_41b56c6dcd1a3ea16b3ee9c698c601000000: [10000000], bundle_group_24_41b56c6dcd1a3ea16b3ee9c698c601000000: [10000000], GPU_group_41b56c6dcd1a3ea16b3ee9c698c601000000: [10000, 10000, 10000, 10000, 10000, 10000, 10000, 10000], GPU_group_21_41b56c6dcd1a3ea16b3ee9c698c601000000: [0, 0, 0, 0, 10000, 0, 0, 0], CPU_group_18_41b56c6dcd1a3ea16b3ee9c698c601000000: [10000], bundle_group_20_41b56c6dcd1a3ea16b3ee9c698c601000000: [10000000]}, "available": {GPU_group_19_41b56c6dcd1a3ea16b3ee9c698c601000000: [0, 0, 10000, 0, 0, 0, 0, 0], node:10.244.180.242: [10000], GPU_group_17_41b56c6dcd1a3ea16b3ee9c698c601000000: [8000, 0, 0, 0, 0, 0, 0, 0], bundle_group_22_41b56c6dcd1a3ea16b3ee9c698c601000000: [10000000], accelerator_type:B200: [10000], CPU_group_19_41b56c6dcd1a3ea16b3ee9c698c601000000: [10000], GPU_group_23_41b56c6dcd1a3ea16b3ee9c698c601000000: [0, 0, 0, 0, 0, 0, 10000, 0], bundle_group_18_41b56c6dcd1a3ea16b3ee9c698c601000000: [10000000], CPU: [560000], GPU_group_24_41b56c6dcd1a3ea16b3ee9c698c601000000: [0, 0, 0, 0, 0, 0, 0, 10000], memory: [32418475745280000], CPU_group_17_41b56c6dcd1a3ea16b3ee9c698c601000000: [8000], CPU_group_24_41b56c6dcd1a3ea16b3ee9c698c601000000: [10000], GPU_group_18_41b56c6dcd1a3ea16b3ee9c698c601000000: [0, 10000, 0, 0, 0, 0, 0, 0], object_store_memory: [42949672960000], GPU_group_20_41b56c6dcd1a3ea16b3ee9c698c601000000: [0, 0, 0, 10000, 0, 0, 0, 0], CPU_group_20_41b56c6dcd1a3ea16b3ee9c698c601000000: [10000], bundle_group_23_41b56c6dcd1a3ea16b3ee9c698c601000000: [10000000], bundle_group_41b56c6dcd1a3ea16b3ee9c698c601000000: [79999990], bundle_group_17_41b56c6dcd1a3ea16b3ee9c698c601000000: [9999990], CPU_group_21_41b56c6dcd1a3ea16b3ee9c698c601000000: [10000], CPU_group_41b56c6dcd1a3ea16b3ee9c698c601000000: [78000], GPU_group_22_41b56c6dcd1a3ea16b3ee9c698c601000000: [0, 0, 0, 0, 0, 10000, 0, 0], bundle_group_19_41b56c6dcd1a3ea16b3ee9c698c601000000: [10000000], CPU_group_23_41b56c6dcd1a3ea16b3ee9c698c601000000: [10000], CPU_group_22_41b56c6dcd1a3ea16b3ee9c698c601000000: [10000], GPU_group_41b56c6dcd1a3ea16b3ee9c698c601000000: [8000, 10000, 10000, 10000, 10000, 10000, 10000, 10000], bundle_group_21_41b56c6dcd1a3ea16b3ee9c698c601000000: [10000000], GPU: [0, 0, 0, 0, 0, 0, 0, 0], bundle_group_24_41b56c6dcd1a3ea16b3ee9c698c601000000: [10000000], bundle_group_20_41b56c6dcd1a3ea16b3ee9c698c601000000: [10000000], CPU_group_18_41b56c6dcd1a3ea16b3ee9c698c601000000: [10000], GPU_group_21_41b56c6dcd1a3ea16b3ee9c698c601000000: [0, 0, 0, 0, 10000, 0, 0, 0]}, "labels":{"ray.io/node-id":"82dfc8c23c51709b77aaa7de2deacf9d421699bfcaad6b6cc4f66c59","ray.io/accelerator-type":"B200"}} is_draining: 0 is_idle: 0 Cluster resources (at most 20 nodes are shown): node id: -8170265163178445639{"total":{GPU: 80000, bundle_group_24_41b56c6dcd1a3ea16b3ee9c698c601000000: 10000000, GPU_group_17_41b56c6dcd1a3ea16b3ee9c698c601000000: 10000, bundle_group_18_41b56c6dcd1a3ea16b3ee9c698c601000000: 10000000, bundle_group_22_41b56c6dcd1a3ea16b3ee9c698c601000000: 10000000, GPU_group_24_41b56c6dcd1a3ea16b3ee9c698c601000000: 10000, CPU: 640000, CPU_group_19_41b56c6dcd1a3ea16b3ee9c698c601000000: 10000, GPU_group_23_41b56c6dcd1a3ea16b3ee9c698c601000000: 10000, accelerator_type:B200: 10000, GPU_group_19_41b56c6dcd1a3ea16b3ee9c698c601000000: 10000, node:10.244.180.242: 10000, GPU_group_18_41b56c6dcd1a3ea16b3ee9c698c601000000: 10000, CPU_group_24_41b56c6dcd1a3ea16b3ee9c698c601000000: 10000, object_store_memory: 42949672960000, memory: 32418475745280000, CPU_group_17_41b56c6dcd1a3ea16b3ee9c698c601000000: 10000, GPU_group_22_41b56c6dcd1a3ea16b3ee9c698c601000000: 10000, CPU_group_23_41b56c6dcd1a3ea16b3ee9c698c601000000: 10000, CPU_group_21_41b56c6dcd1a3ea16b3ee9c698c601000000: 10000, CPU_group_22_41b56c6dcd1a3ea16b3ee9c698c601000000: 10000, GPU_group_20_41b56c6dcd1a3ea16b3ee9c698c601000000: 10000, CPU_group_41b56c6dcd1a3ea16b3ee9c698c601000000: 80000, bundle_group_41b56c6dcd1a3ea16b3ee9c698c601000000: 80000000, bundle_group_23_41b56c6dcd1a3ea16b3ee9c698c601000000: 10000000, CPU_group_20_41b56c6dcd1a3ea16b3ee9c698c601000000: 10000, bundle_group_17_41b56c6dcd1a3ea16b3ee9c698c601000000: 10000000, bundle_group_19_41b56c6dcd1a3ea16b3ee9c698c601000000: 10000000, bundle_group_20_41b56c6dcd1a3ea16b3ee9c698c601000000: 10000000, GPU_group_21_41b56c6dcd1a3ea16b3ee9c698c601000000: 10000, CPU_group_18_41b56c6dcd1a3ea16b3ee9c698c601000000: 10000, bundle_group_21_41b56c6dcd1a3ea16b3ee9c698c601000000: 10000000, GPU_group_41b56c6dcd1a3ea16b3ee9c698c601000000: 80000}, "available": {bundle_group_22_41b56c6dcd1a3ea16b3ee9c698c601000000: 10000000, bundle_group_18_41b56c6dcd1a3ea16b3ee9c698c601000000: 10000000, bundle_group_24_41b56c6dcd1a3ea16b3ee9c698c601000000: 10000000, bundle_group_21_41b56c6dcd1a3ea16b3ee9c698c601000000: 10000000, GPU_group_41b56c6dcd1a3ea16b3ee9c698c601000000: 78000, GPU_group_21_41b56c6dcd1a3ea16b3ee9c698c601000000: 10000, CPU_group_18_41b56c6dcd1a3ea16b3ee9c698c601000000: 10000, bundle_group_20_41b56c6dcd1a3ea16b3ee9c698c601000000: 10000000, CPU_group_41b56c6dcd1a3ea16b3ee9c698c601000000: 78000, bundle_group_17_41b56c6dcd1a3ea16b3ee9c698c601000000: 9999990, bundle_group_23_41b56c6dcd1a3ea16b3ee9c698c601000000: 10000000, CPU_group_20_41b56c6dcd1a3ea16b3ee9c698c601000000: 10000, bundle_group_19_41b56c6dcd1a3ea16b3ee9c698c601000000: 10000000, GPU_group_20_41b56c6dcd1a3ea16b3ee9c698c601000000: 10000, bundle_group_41b56c6dcd1a3ea16b3ee9c698c601000000: 79999990, CPU_group_22_41b56c6dcd1a3ea16b3ee9c698c601000000: 10000, GPU_group_22_41b56c6dcd1a3ea16b3ee9c698c601000000: 10000, CPU_group_23_41b56c6dcd1a3ea16b3ee9c698c601000000: 10000, CPU_group_21_41b56c6dcd1a3ea16b3ee9c698c601000000: 10000, CPU_group_17_41b56c6dcd1a3ea16b3ee9c698c601000000: 8000, memory: 32418475745280000, object_store_memory: 42949672960000, CPU_group_24_41b56c6dcd1a3ea16b3ee9c698c601000000: 10000, GPU_group_18_41b56c6dcd1a3ea16b3ee9c698c601000000: 10000, node:10.244.180.242: 10000, GPU_group_19_41b56c6dcd1a3ea16b3ee9c698c601000000: 10000, GPU_group_24_41b56c6dcd1a3ea16b3ee9c698c601000000: 10000, CPU: 560000, CPU_group_19_41b56c6dcd1a3ea16b3ee9c698c601000000: 10000, accelerator_type:B200: 10000, GPU_group_23_41b56c6dcd1a3ea16b3ee9c698c601000000: 10000, GPU_group_17_41b56c6dcd1a3ea16b3ee9c698c601000000: 8000}, "labels":{"ray.io/node-id":"82dfc8c23c51709b77aaa7de2deacf9d421699bfcaad6b6cc4f66c59","ray.io/accelerator-type":"B200"}, "is_draining": 0, "draining_deadline_timestamp_ms": -1}node id: -1351780445297854484{"total":{bundle_group_14_41b56c6dcd1a3ea16b3ee9c698c601000000: 10000000, bundle_group_0_41b56c6dcd1a3ea16b3ee9c698c601000000: 10000000, bundle_group_13_41b56c6dcd1a3ea16b3ee9c698c601000000: 10000000, GPU_group_0_41b56c6dcd1a3ea16b3ee9c698c601000000: 10000, CPU_group_41b56c6dcd1a3ea16b3ee9c698c601000000: 80000, bundle_group_41b56c6dcd1a3ea16b3ee9c698c601000000: 80000000, CPU_group_10_41b56c6dcd1a3ea16b3ee9c698c601000000: 10000, CPU_group_11_41b56c6dcd1a3ea16b3ee9c698c601000000: 10000, CPU_group_13_41b56c6dcd1a3ea16b3ee9c698c601000000: 10000, GPU_group_12_41b56c6dcd1a3ea16b3ee9c698c601000000: 10000, bundle_group_9_41b56c6dcd1a3ea16b3ee9c698c601000000: 10000000, GPU_group_15_41b56c6dcd1a3ea16b3ee9c698c601000000: 10000, GPU_group_41b56c6dcd1a3ea16b3ee9c698c601000000: 80000, GPU: 80000, bundle_group_12_41b56c6dcd1a3ea16b3ee9c698c601000000: 10000000, CPU_group_12_41b56c6dcd1a3ea16b3ee9c698c601000000: 10000, CPU_group_15_41b56c6dcd1a3ea16b3ee9c698c601000000: 10000, GPU_group_13_41b56c6dcd1a3ea16b3ee9c698c601000000: 10000, GPU_group_11_41b56c6dcd1a3ea16b3ee9c698c601000000: 10000, bundle_group_10_41b56c6dcd1a3ea16b3ee9c698c601000000: 10000000, bundle_group_11_41b56c6dcd1a3ea16b3ee9c698c601000000: 10000000, CPU_group_0_41b56c6dcd1a3ea16b3ee9c698c601000000: 10000, accelerator_type:B200: 10000, CPU: 640000, memory: 32418477711360000, node:10.244.218.62: 10000, bundle_group_15_41b56c6dcd1a3ea16b3ee9c698c601000000: 10000000, GPU_group_10_41b56c6dcd1a3ea16b3ee9c698c601000000: 10000, object_store_memory: 42949672960000, CPU_group_9_41b56c6dcd1a3ea16b3ee9c698c601000000: 10000, GPU_group_9_41b56c6dcd1a3ea16b3ee9c698c601000000: 10000, GPU_group_14_41b56c6dcd1a3ea16b3ee9c698c601000000: 10000, CPU_group_14_41b56c6dcd1a3ea16b3ee9c698c601000000: 10000}, "available": {GPU_group_41b56c6dcd1a3ea16b3ee9c698c601000000: 78000, CPU_group_12_41b56c6dcd1a3ea16b3ee9c698c601000000: 10000, bundle_group_12_41b56c6dcd1a3ea16b3ee9c698c601000000: 10000000, GPU_group_13_41b56c6dcd1a3ea16b3ee9c698c601000000: 10000, CPU_group_15_41b56c6dcd1a3ea16b3ee9c698c601000000: 10000, bundle_group_0_41b56c6dcd1a3ea16b3ee9c698c601000000: 9999990, CPU_group_10_41b56c6dcd1a3ea16b3ee9c698c601000000: 10000, CPU_group_41b56c6dcd1a3ea16b3ee9c698c601000000: 78000, CPU_group_11_41b56c6dcd1a3ea16b3ee9c698c601000000: 10000, GPU_group_12_41b56c6dcd1a3ea16b3ee9c698c601000000: 10000, CPU_group_13_41b56c6dcd1a3ea16b3ee9c698c601000000: 10000, bundle_group_41b56c6dcd1a3ea16b3ee9c698c601000000: 79999990, GPU_group_15_41b56c6dcd1a3ea16b3ee9c698c601000000: 10000, bundle_group_9_41b56c6dcd1a3ea16b3ee9c698c601000000: 10000000, node:10.244.218.62: 10000, memory: 32418477711360000, object_store_memory: 42949672960000, CPU_group_9_41b56c6dcd1a3ea16b3ee9c698c601000000: 10000, bundle_group_15_41b56c6dcd1a3ea16b3ee9c698c601000000: 10000000, bundle_group_14_41b56c6dcd1a3ea16b3ee9c698c601000000: 10000000, GPU_group_0_41b56c6dcd1a3ea16b3ee9c698c601000000: 8000, GPU_group_14_41b56c6dcd1a3ea16b3ee9c698c601000000: 10000, CPU_group_14_41b56c6dcd1a3ea16b3ee9c698c601000000: 10000, GPU_group_9_41b56c6dcd1a3ea16b3ee9c698c601000000: 10000, bundle_group_13_41b56c6dcd1a3ea16b3ee9c698c601000000: 10000000, GPU_group_10_41b56c6dcd1a3ea16b3ee9c698c601000000: 10000, bundle_group_10_41b56c6dcd1a3ea16b3ee9c698c601000000: 10000000, GPU_group_11_41b56c6dcd1a3ea16b3ee9c698c601000000: 10000, CPU_group_0_41b56c6dcd1a3ea16b3ee9c698c601000000: 8000, bundle_group_11_41b56c6dcd1a3ea16b3ee9c698c601000000: 10000000, accelerator_type:B200: 10000, CPU: 560000}, "labels":{"ray.io/accelerator-type":"B200","ray.io/node-id":"90dc8450878fe5de358e116e0b8657e06554d0d69bbf5603e4880a55"}, "is_draining": 0, "draining_deadline_timestamp_ms": -1}node id: 4273633132855142460{"total":{bundle_group_41b56c6dcd1a3ea16b3ee9c698c601000000: 80000000, bundle_group_7_41b56c6dcd1a3ea16b3ee9c698c601000000: 10000000, CPU_group_5_41b56c6dcd1a3ea16b3ee9c698c601000000: 10000, CPU_group_4_41b56c6dcd1a3ea16b3ee9c698c601000000: 10000, bundle_group_1_41b56c6dcd1a3ea16b3ee9c698c601000000: 10000000, CPU_group_41b56c6dcd1a3ea16b3ee9c698c601000000: 80000, GPU_group_7_41b56c6dcd1a3ea16b3ee9c698c601000000: 10000, GPU_group_4_41b56c6dcd1a3ea16b3ee9c698c601000000: 10000, GPU_group_1_41b56c6dcd1a3ea16b3ee9c698c601000000: 10000, node:10.244.13.18: 10000, bundle_group_3_41b56c6dcd1a3ea16b3ee9c698c601000000: 10000000, CPU_group_2_41b56c6dcd1a3ea16b3ee9c698c601000000: 10000, GPU_group_41b56c6dcd1a3ea16b3ee9c698c601000000: 80000, CPU_group_6_41b56c6dcd1a3ea16b3ee9c698c601000000: 10000, CPU_group_3_41b56c6dcd1a3ea16b3ee9c698c601000000: 10000, GPU: 80000, CPU_group_7_41b56c6dcd1a3ea16b3ee9c698c601000000: 10000, bundle_group_8_41b56c6dcd1a3ea16b3ee9c698c601000000: 10000000, CPU_group_8_41b56c6dcd1a3ea16b3ee9c698c601000000: 10000, GPU_group_8_41b56c6dcd1a3ea16b3ee9c698c601000000: 10000, bundle_group_6_41b56c6dcd1a3ea16b3ee9c698c601000000: 10000000, accelerator_type:B200: 10000, CPU: 640000, GPU_group_3_41b56c6dcd1a3ea16b3ee9c698c601000000: 10000, CPU_group_1_41b56c6dcd1a3ea16b3ee9c698c601000000: 10000, bundle_group_5_41b56c6dcd1a3ea16b3ee9c698c601000000: 10000000, memory: 32418533744640000, GPU_group_2_41b56c6dcd1a3ea16b3ee9c698c601000000: 10000, GPU_group_6_41b56c6dcd1a3ea16b3ee9c698c601000000: 10000, bundle_group_4_41b56c6dcd1a3ea16b3ee9c698c601000000: 10000000, GPU_group_5_41b56c6dcd1a3ea16b3ee9c698c601000000: 10000, object_store_memory: 42949672960000, bundle_group_2_41b56c6dcd1a3ea16b3ee9c698c601000000: 10000000}, "available": {CPU_group_7_41b56c6dcd1a3ea16b3ee9c698c601000000: 2000, bundle_group_8_41b56c6dcd1a3ea16b3ee9c698c601000000: 9999980, CPU_group_6_41b56c6dcd1a3ea16b3ee9c698c601000000: 2000, CPU_group_3_41b56c6dcd1a3ea16b3ee9c698c601000000: 2000, GPU_group_41b56c6dcd1a3ea16b3ee9c698c601000000: 16000, CPU_group_2_41b56c6dcd1a3ea16b3ee9c698c601000000: 2000, node:10.244.13.18: 10000, bundle_group_3_41b56c6dcd1a3ea16b3ee9c698c601000000: 9999980, GPU_group_1_41b56c6dcd1a3ea16b3ee9c698c601000000: 2000, GPU_group_4_41b56c6dcd1a3ea16b3ee9c698c601000000: 2000, GPU_group_7_41b56c6dcd1a3ea16b3ee9c698c601000000: 2000, bundle_group_7_41b56c6dcd1a3ea16b3ee9c698c601000000: 9999980, CPU_group_5_41b56c6dcd1a3ea16b3ee9c698c601000000: 2000, bundle_group_1_41b56c6dcd1a3ea16b3ee9c698c601000000: 9999980, CPU_group_41b56c6dcd1a3ea16b3ee9c698c601000000: 16000, bundle_group_41b56c6dcd1a3ea16b3ee9c698c601000000: 79999840, CPU_group_4_41b56c6dcd1a3ea16b3ee9c698c601000000: 2000, bundle_group_2_41b56c6dcd1a3ea16b3ee9c698c601000000: 9999980, bundle_group_4_41b56c6dcd1a3ea16b3ee9c698c601000000: 9999980, GPU_group_5_41b56c6dcd1a3ea16b3ee9c698c601000000: 2000, object_store_memory: 42949672960000, GPU_group_6_41b56c6dcd1a3ea16b3ee9c698c601000000: 2000, GPU_group_2_41b56c6dcd1a3ea16b3ee9c698c601000000: 2000, memory: 32418533744640000, CPU: 560000, GPU_group_3_41b56c6dcd1a3ea16b3ee9c698c601000000: 2000, CPU_group_1_41b56c6dcd1a3ea16b3ee9c698c601000000: 2000, bundle_group_5_41b56c6dcd1a3ea16b3ee9c698c601000000: 9999980, bundle_group_6_41b56c6dcd1a3ea16b3ee9c698c601000000: 9999980, accelerator_type:B200: 10000, GPU_group_8_41b56c6dcd1a3ea16b3ee9c698c601000000: 2000, CPU_group_8_41b56c6dcd1a3ea16b3ee9c698c601000000: 2000}, "labels":{"ray.io/node-id":"4296a17b2364b071e4782261814dd77feed7cb4e5a4de14ab32d253a","ray.io/accelerator-type":"B200"}, "is_draining": 0, "draining_deadline_timestamp_ms": -1}node id: -7973918255608480324{"total":{bundle_group_27_41b56c6dcd1a3ea16b3ee9c698c601000000: 10000000, bundle_group_29_41b56c6dcd1a3ea16b3ee9c698c601000000: 10000000, bundle_group_41b56c6dcd1a3ea16b3ee9c698c601000000: 80000000, CPU_group_41b56c6dcd1a3ea16b3ee9c698c601000000: 80000, GPU_group_27_41b56c6dcd1a3ea16b3ee9c698c601000000: 10000, GPU_group_16_41b56c6dcd1a3ea16b3ee9c698c601000000: 10000, CPU_group_31_41b56c6dcd1a3ea16b3ee9c698c601000000: 10000, node:__internal_head__: 10000, bundle_group_28_41b56c6dcd1a3ea16b3ee9c698c601000000: 10000000, GPU_group_41b56c6dcd1a3ea16b3ee9c698c601000000: 80000, GPU: 80000, bundle_group_30_41b56c6dcd1a3ea16b3ee9c698c601000000: 10000000, CPU_group_27_41b56c6dcd1a3ea16b3ee9c698c601000000: 10000, CPU_group_26_41b56c6dcd1a3ea16b3ee9c698c601000000: 10000, bundle_group_25_41b56c6dcd1a3ea16b3ee9c698c601000000: 10000000, GPU_group_29_41b56c6dcd1a3ea16b3ee9c698c601000000: 10000, CPU_group_29_41b56c6dcd1a3ea16b3ee9c698c601000000: 10000, GPU_group_28_41b56c6dcd1a3ea16b3ee9c698c601000000: 10000, CPU_group_30_41b56c6dcd1a3ea16b3ee9c698c601000000: 10000, CPU_group_25_41b56c6dcd1a3ea16b3ee9c698c601000000: 10000, accelerator_type:B200: 10000, bundle_group_26_41b56c6dcd1a3ea16b3ee9c698c601000000: 10000000, bundle_group_31_41b56c6dcd1a3ea16b3ee9c698c601000000: 10000000, GPU_group_30_41b56c6dcd1a3ea16b3ee9c698c601000000: 10000, CPU: 640000, bundle_group_16_41b56c6dcd1a3ea16b3ee9c698c601000000: 10000000, CPU_group_28_41b56c6dcd1a3ea16b3ee9c698c601000000: 10000, memory: 32397589872640000, GPU_group_31_41b56c6dcd1a3ea16b3ee9c698c601000000: 10000, CPU_group_16_41b56c6dcd1a3ea16b3ee9c698c601000000: 10000, node:10.244.18.139: 10000, GPU_group_25_41b56c6dcd1a3ea16b3ee9c698c601000000: 10000, object_store_memory: 42949672960000, GPU_group_26_41b56c6dcd1a3ea16b3ee9c698c601000000: 10000}, "available": {CPU_group_26_41b56c6dcd1a3ea16b3ee9c698c601000000: 2000, CPU_group_27_41b56c6dcd1a3ea16b3ee9c698c601000000: 2000, bundle_group_30_41b56c6dcd1a3ea16b3ee9c698c601000000: 9999980, GPU_group_41b56c6dcd1a3ea16b3ee9c698c601000000: 16000, bundle_group_28_41b56c6dcd1a3ea16b3ee9c698c601000000: 9999980, node:__internal_head__: 10000, CPU_group_31_41b56c6dcd1a3ea16b3ee9c698c601000000: 2000, GPU_group_27_41b56c6dcd1a3ea16b3ee9c698c601000000: 2000, CPU_group_41b56c6dcd1a3ea16b3ee9c698c601000000: 16000, bundle_group_41b56c6dcd1a3ea16b3ee9c698c601000000: 79999840, GPU_group_16_41b56c6dcd1a3ea16b3ee9c698c601000000: 2000, bundle_group_29_41b56c6dcd1a3ea16b3ee9c698c601000000: 9999980, bundle_group_27_41b56c6dcd1a3ea16b3ee9c698c601000000: 9999980, GPU_group_26_41b56c6dcd1a3ea16b3ee9c698c601000000: 2000, object_store_memory: 42949672960000, node:10.244.18.139: 10000, GPU_group_25_41b56c6dcd1a3ea16b3ee9c698c601000000: 2000, CPU_group_16_41b56c6dcd1a3ea16b3ee9c698c601000000: 2000, GPU_group_31_41b56c6dcd1a3ea16b3ee9c698c601000000: 2000, memory: 32397589872640000, CPU_group_28_41b56c6dcd1a3ea16b3ee9c698c601000000: 2000, bundle_group_16_41b56c6dcd1a3ea16b3ee9c698c601000000: 9999980, GPU_group_30_41b56c6dcd1a3ea16b3ee9c698c601000000: 2000, CPU: 540000, bundle_group_31_41b56c6dcd1a3ea16b3ee9c698c601000000: 9999980, accelerator_type:B200: 10000, bundle_group_26_41b56c6dcd1a3ea16b3ee9c698c601000000: 9999980, CPU_group_25_41b56c6dcd1a3ea16b3ee9c698c601000000: 2000, CPU_group_30_41b56c6dcd1a3ea16b3ee9c698c601000000: 2000, CPU_group_29_41b56c6dcd1a3ea16b3ee9c698c601000000: 2000, GPU_group_29_41b56c6dcd1a3ea16b3ee9c698c601000000: 2000, GPU_group_28_41b56c6dcd1a3ea16b3ee9c698c601000000: 2000, bundle_group_25_41b56c6dcd1a3ea16b3ee9c698c601000000: 9999980}, "labels":{"ray.io/node-id":"11215b0011fac4845f8eecab7d85f57fc12c4efc1ad3dce06ebdc204","ray.io/accelerator-type":"B200"}, "is_draining": 0, "draining_deadline_timestamp_ms": -1} { "placement group locations": [], "node to bundles": []}
[state-dump] Waiting leases size: 0
[state-dump] Number of granted lease arguments: 0
[state-dump] Number of pinned lease arguments: 0
[state-dump] Total size of pinned lease arguments: 0
[state-dump] Number of total spilled leases: 0
[state-dump] Number of spilled waiting leases: 0
[state-dump] Number of spilled unschedulable leases: 0
[state-dump] Resource usage {
[state-dump]     - (language=PYTHON actor_or_taskSGLangEngine.__init__ pid=858 worker_id=650a17a0e0c4cd2270b368052022e6d017baf108cd0e6d39cfd281fe): {bundle_group_41b56c6dcd1a3ea16b3ee9c698c601000000: 0.001, GPU_group_41b56c6dcd1a3ea16b3ee9c698c601000000: 0.2, GPU_group_17_41b56c6dcd1a3ea16b3ee9c698c601000000: 0.2, CPU_group_41b56c6dcd1a3ea16b3ee9c698c601000000: 0.2, CPU_group_17_41b56c6dcd1a3ea16b3ee9c698c601000000: 0.2, bundle_group_17_41b56c6dcd1a3ea16b3ee9c698c601000000: 0.001}
[state-dump] }
[state-dump] Backlog Size per scheduling descriptor :{workerId: num backlogs}:
[state-dump] 
[state-dump] Granted leases by scheduling class:
[state-dump] ==================================================
[state-dump] 
[state-dump] ClusterResources:
[state-dump] LocalObjectManager:
[state-dump] - num pinned objects: 0
[state-dump] - pinned objects size: 0
[state-dump] - num objects pending restore: 0
[state-dump] - num objects pending spill: 0
[state-dump] - num bytes pending spill: 0
[state-dump] - num bytes currently spilled: 0
[state-dump] - cumulative spill requests: 0
[state-dump] - cumulative restore requests: 0
[state-dump] - spilled objects pending delete: 0
[state-dump] 
[state-dump] ObjectManager:
[state-dump] - num local objects: 0
[state-dump] - num unfulfilled push requests: 0
[state-dump] - num object pull requests: 0
[state-dump] - num chunks received total: 0
[state-dump] - num chunks received failed (all): 0
[state-dump] - num chunks received failed / cancelled: 0
[state-dump] - num chunks received failed / plasma error: 0
[state-dump] Event stats:
[state-dump] Global stats: 0 total (0 active)
[state-dump] Queueing time: mean = -nanms, max = -0.00ms, min = 9223372036854.78ms, total = 0.00ms
[state-dump] Execution time:  mean = -nanms, total = 0.00ms
[state-dump] Event stats:
[state-dump] PushManager:
[state-dump] - num pushes remaining: 0
[state-dump] - num chunks in flight: 0
[state-dump] - num chunks remaining: 0
[state-dump] - max chunks allowed: 409
[state-dump] OwnershipBasedObjectDirectory:
[state-dump] - num listeners: 0
[state-dump] - cumulative location updates: 0
[state-dump] - num location updates per second: 0.000
[state-dump] - num location lookups per second: 0.000
[state-dump] - num locations added per second: 0.000
[state-dump] - num locations removed per second: 0.000
[state-dump] BufferPool:
[state-dump] - create buffer state map size: 0
[state-dump] PullManager:
[state-dump] - num bytes available for pulled objects: 4294967296
[state-dump] - num bytes being pulled (all): 0
[state-dump] - num bytes being pulled / pinned: 0
[state-dump] - get request bundles: BundlePullRequestQueue{0 total, 0 active, 0 inactive, 0 unpullable}
[state-dump] - wait request bundles: BundlePullRequestQueue{0 total, 0 active, 0 inactive, 0 unpullable}
[state-dump] - task request bundles: BundlePullRequestQueue{0 total, 0 active, 0 inactive, 0 unpullable}
[state-dump] - first get request bundle: N/A
[state-dump] - first wait request bundle: N/A
[state-dump] - first task request bundle: N/A
[state-dump] - num objects queued: 0
[state-dump] - num objects actively pulled (all): 0
[state-dump] - num objects actively pulled / pinned: 0
[state-dump] - num bundles being pulled: 0
[state-dump] - num pull retries: 0
[state-dump] - max timeout seconds: 0
[state-dump] - max timeout request is already processed. No entry.
[state-dump] 
[state-dump] WorkerPool:
[state-dump] - registered jobs: 1
[state-dump] - process_failed_job_config_missing: 0
[state-dump] - process_failed_rate_limited: 0
[state-dump] - process_failed_pending_registration: 0
[state-dump] - process_failed_runtime_env_setup_failed: 0
[state-dump] - num PYTHON workers: 1
[state-dump] - num PYTHON drivers: 0
[state-dump] - num PYTHON pending start requests: 0
[state-dump] - num PYTHON pending registration requests: 0
[state-dump] - num object spill callbacks queued: 0
[state-dump] - num object restore queued: 0
[state-dump] - num util functions queued: 0
[state-dump] - num idle workers: 0
[state-dump] LeaseDependencyManager:
[state-dump] - lease deps map size: 0
[state-dump] - get req map size: 0
[state-dump] - wait req map size: 0
[state-dump] - local objects map size: 0
[state-dump] WaitManager:
[state-dump] - num active wait requests: 0
[state-dump] Subscriber:
[state-dump] Channel WORKER_OBJECT_LOCATIONS_CHANNEL
[state-dump] - cumulative subscribe requests: 0
[state-dump] - cumulative unsubscribe requests: 0
[state-dump] - active subscribed publishers: 0
[state-dump] - cumulative published messages: 0
[state-dump] - cumulative processed messages: 0
[state-dump] Channel WORKER_REF_REMOVED_CHANNEL
[state-dump] - cumulative subscribe requests: 0
[state-dump] - cumulative unsubscribe requests: 0
[state-dump] - active subscribed publishers: 0
[state-dump] - cumulative published messages: 0
[state-dump] - cumulative processed messages: 0
[state-dump] num async plasma notifications: 0
[state-dump] Event stats:
[state-dump] Global stats: 13195 total (15 active)
[state-dump] Queueing time: mean = 2.35ms, max = 26285.89ms, min = 0.00ms, total = 30961.23ms
[state-dump] Execution time:  mean = 2.53ms, total = 33395.14ms
[state-dump] Event stats:
[state-dump] 	RaySyncer.BroadcastMessageIfNewVersion - 2999 total (1 active), Execution time: mean = 0.00ms, total = 5.31ms, Queueing time: mean = 0.07ms, max = 21.67ms, min = 0.00ms, total = 213.29ms
[state-dump] 	ObjectManager.UpdateAvailableMemory - 2999 total (0 active), Execution time: mean = 0.00ms, total = 2.54ms, Queueing time: mean = 0.01ms, max = 0.05ms, min = 0.00ms, total = 24.91ms
[state-dump] 	NodeManager.CheckGC - 2999 total (1 active), Execution time: mean = 0.00ms, total = 2.82ms, Queueing time: mean = 0.07ms, max = 21.67ms, min = 0.00ms, total = 215.68ms
[state-dump] 	RayletWorkerPool.deadline_timer.kill_idle_workers - 1500 total (1 active), Execution time: mean = 0.00ms, total = 2.50ms, Queueing time: mean = 0.02ms, max = 8.65ms, min = 0.00ms, total = 35.81ms
[state-dump] 	NodeManager.ScheduleAndGrantLeases - 301 total (1 active), Execution time: mean = 0.00ms, total = 1.18ms, Queueing time: mean = 0.01ms, max = 0.04ms, min = 0.00ms, total = 3.99ms
[state-dump] 	NodeManager.CheckForUnexpectedWorkerDisconnects - 301 total (1 active), Execution time: mean = 0.01ms, total = 1.63ms, Queueing time: mean = 0.01ms, max = 0.06ms, min = 0.00ms, total = 3.49ms
[state-dump] 	NodeManagerService.grpc_server.GetResourceLoad - 300 total (0 active), Execution time: mean = 0.32ms, total = 97.07ms, Queueing time: mean = 0.00ms, max = -0.00ms, min = 9223372036854.78ms, total = 0.00ms
[state-dump] 	NodeManager.deadline_timer.spill_objects_when_over_threshold - 300 total (1 active), Execution time: mean = 0.00ms, total = 0.43ms, Queueing time: mean = 0.71ms, max = 22.99ms, min = 0.00ms, total = 212.28ms
[state-dump] 	NodeManagerService.grpc_server.GetResourceLoad.HandleRequestImpl - 300 total (0 active), Execution time: mean = 0.07ms, total = 21.68ms, Queueing time: mean = 0.02ms, max = 0.04ms, min = 0.00ms, total = 5.97ms
[state-dump] 	NodeManager.deadline_timer.flush_free_objects - 300 total (1 active), Execution time: mean = 0.00ms, total = 0.38ms, Queueing time: mean = 0.71ms, max = 22.99ms, min = 0.00ms, total = 212.32ms
[state-dump] 	ClusterResourceManager.ResetRemoteNodeView - 101 total (1 active), Execution time: mean = 0.00ms, total = 0.22ms, Queueing time: mean = 0.01ms, max = 0.05ms, min = 0.00ms, total = 1.44ms
[state-dump] 	NodeManager.deadline_timer.record_metrics - 60 total (1 active), Execution time: mean = 0.22ms, total = 13.39ms, Queueing time: mean = 3.32ms, max = 22.88ms, min = 0.00ms, total = 199.21ms
[state-dump] 	NodeManagerService.grpc_server.GetWorkerPIDs - 57 total (0 active), Execution time: mean = 0.26ms, total = 14.75ms, Queueing time: mean = 0.00ms, max = -0.00ms, min = 9223372036854.78ms, total = 0.00ms
[state-dump] 	NodeManagerService.grpc_server.GetAgentPIDs - 57 total (0 active), Execution time: mean = 0.27ms, total = 15.25ms, Queueing time: mean = 0.00ms, max = -0.00ms, min = 9223372036854.78ms, total = 0.00ms
[state-dump] 	NodeManagerService.grpc_server.GetAgentPIDs.HandleRequestImpl - 57 total (0 active), Execution time: mean = 0.03ms, total = 1.83ms, Queueing time: mean = 0.03ms, max = 0.10ms, min = 0.00ms, total = 1.65ms
[state-dump] 	NodeManagerService.grpc_server.GetWorkerPIDs.HandleRequestImpl - 57 total (0 active), Execution time: mean = 0.02ms, total = 1.27ms, Queueing time: mean = 0.04ms, max = 1.27ms, min = 0.01ms, total = 2.33ms
[state-dump] 	ClientConnection.async_read.ProcessMessageHeader - 45 total (1 active), Execution time: mean = 0.00ms, total = 0.15ms, Queueing time: mean = 616.87ms, max = 26285.89ms, min = 0.01ms, total = 27759.10ms
[state-dump] 	ClientConnection.async_read.ProcessMessage - 44 total (0 active), Execution time: mean = 0.84ms, total = 36.97ms, Queueing time: mean = 0.16ms, max = 2.97ms, min = 0.00ms, total = 6.99ms
[state-dump] 	Subscriber.HandlePublishedMessage_GCS_WORKER_DELTA_CHANNEL - 32 total (0 active), Execution time: mean = 0.00ms, total = 0.03ms, Queueing time: mean = 0.09ms, max = 0.26ms, min = 0.03ms, total = 2.85ms
[state-dump] 	event_loop_lag_probe - 32 total (0 active), Execution time: mean = 0.01ms, total = 0.33ms, Queueing time: mean = 0.23ms, max = 7.13ms, min = 0.00ms, total = 7.21ms
[state-dump] 	RaySyncer.BroadcastMessage - 31 total (0 active), Execution time: mean = 0.06ms, total = 1.84ms, Queueing time: mean = 0.00ms, max = 0.00ms, min = 0.00ms, total = 0.01ms
[state-dump] 	NodeManager.deadline_timer.debug_state_dump - 30 total (1 active), Execution time: mean = 7.06ms, total = 211.87ms, Queueing time: mean = 0.01ms, max = 0.04ms, min = 0.00ms, total = 0.44ms
[state-dump] 	 - 30 total (0 active), Execution time: mean = 0.07ms, total = 2.03ms, Queueing time: mean = 0.13ms, max = 3.28ms, min = 0.00ms, total = 3.79ms
[state-dump] 	NodeManagerService.grpc_server.GetNodeStats - 20 total (0 active), Execution time: mean = 0.90ms, total = 17.93ms, Queueing time: mean = 0.00ms, max = -0.00ms, min = 9223372036854.78ms, total = 0.00ms
[state-dump] 	NodeManagerService.grpc_server.GetNodeStats.HandleRequestImpl - 20 total (0 active), Execution time: mean = 0.16ms, total = 3.17ms, Queueing time: mean = 0.02ms, max = 0.04ms, min = 0.01ms, total = 0.42ms
[state-dump] 	CoreWorkerService.grpc_client.GetCoreWorkerStats - 15 total (0 active), Execution time: mean = 0.80ms, total = 12.05ms, Queueing time: mean = 0.00ms, max = -0.00ms, min = 9223372036854.78ms, total = 0.00ms
[state-dump] 	CoreWorkerService.grpc_client.GetCoreWorkerStats.OnReplyReceived - 15 total (0 active), Execution time: mean = 0.04ms, total = 0.61ms, Queueing time: mean = 0.02ms, max = 0.02ms, min = 0.01ms, total = 0.27ms
[state-dump] 	ray::rpc::ControlPlanePubSubGcsService.grpc_client.GcsSubscriberPoll - 14 total (1 active), Execution time: mean = 2016.44ms, total = 28230.10ms, Queueing time: mean = 0.00ms, max = -0.00ms, min = 9223372036854.78ms, total = 0.00ms
[state-dump] 	ray::rpc::ControlPlanePubSubGcsService.grpc_client.GcsSubscriberPoll.OnReplyReceived - 13 total (0 active), Execution time: mean = 0.07ms, total = 0.93ms, Queueing time: mean = 1.22ms, max = 12.66ms, min = 0.00ms, total = 15.80ms
[state-dump] 	PeriodicalRunner.RunFnPeriodically - 13 total (0 active), Execution time: mean = 0.08ms, total = 1.01ms, Queueing time: mean = 144.77ms, max = 625.93ms, min = 0.02ms, total = 1882.07ms
[state-dump] 	NodeManagerService.grpc_server.GetSystemConfig.HandleRequestImpl - 9 total (0 active), Execution time: mean = 0.02ms, total = 0.14ms, Queueing time: mean = 0.02ms, max = 0.03ms, min = 0.00ms, total = 0.16ms
[state-dump] 	NodeManagerService.grpc_server.RequestWorkerLease - 9 total (0 active), Execution time: mean = 369.13ms, total = 3322.19ms, Queueing time: mean = 0.00ms, max = -0.00ms, min = 9223372036854.78ms, total = 0.00ms
[state-dump] 	ObjectManager.ObjectAdded - 9 total (0 active), Execution time: mean = 0.01ms, total = 0.09ms, Queueing time: mean = 0.01ms, max = 0.01ms, min = 0.01ms, total = 0.08ms
[state-dump] 	NodeManagerService.grpc_server.RequestWorkerLease.HandleRequestImpl - 9 total (0 active), Execution time: mean = 3.19ms, total = 28.71ms, Queueing time: mean = 12.35ms, max = 25.54ms, min = 0.02ms, total = 111.14ms
[state-dump] 	ClientConnection.async_write.DoAsyncWrites - 9 total (0 active), Execution time: mean = 0.00ms, total = 0.01ms, Queueing time: mean = 0.01ms, max = 0.03ms, min = 0.01ms, total = 0.13ms
[state-dump] 	ObjectManager.ObjectDeleted - 9 total (0 active), Execution time: mean = 0.01ms, total = 0.06ms, Queueing time: mean = 0.01ms, max = 0.01ms, min = 0.01ms, total = 0.10ms
[state-dump] 	NodeManagerService.grpc_server.GetSystemConfig - 9 total (0 active), Execution time: mean = 0.24ms, total = 2.13ms, Queueing time: mean = 0.00ms, max = -0.00ms, min = 9223372036854.78ms, total = 0.00ms
[state-dump] 	NodeManagerService.grpc_server.KillLocalActor - 8 total (0 active), Execution time: mean = 33.11ms, total = 264.91ms, Queueing time: mean = 0.00ms, max = -0.00ms, min = 9223372036854.78ms, total = 0.00ms
[state-dump] 	CoreWorkerService.grpc_client.KillActor.OnReplyReceived - 8 total (0 active), Execution time: mean = 0.06ms, total = 0.47ms, Queueing time: mean = 0.00ms, max = 0.00ms, min = 0.00ms, total = 0.03ms
[state-dump] 	ray::rpc::WorkerInfoGcsService.grpc_client.ReportWorkerFailure.OnReplyReceived - 8 total (0 active), Execution time: mean = 0.01ms, total = 0.08ms, Queueing time: mean = 1.38ms, max = 2.84ms, min = 0.01ms, total = 11.02ms
[state-dump] 	NodeManagerService.grpc_server.KillLocalActor.HandleRequestImpl - 8 total (0 active), Execution time: mean = 0.16ms, total = 1.24ms, Queueing time: mean = 0.36ms, max = 0.46ms, min = 0.01ms, total = 2.87ms
[state-dump] 	ray::rpc::WorkerInfoGcsService.grpc_client.ReportWorkerFailure - 8 total (0 active), Execution time: mean = 1.55ms, total = 12.39ms, Queueing time: mean = 0.00ms, max = -0.00ms, min = 9223372036854.78ms, total = 0.00ms
[state-dump] 	CoreWorkerService.grpc_client.KillActor - 8 total (0 active), Execution time: mean = 32.59ms, total = 260.73ms, Queueing time: mean = 0.00ms, max = -0.00ms, min = 9223372036854.78ms, total = 0.00ms
[state-dump] 	ray::rpc::NodeInfoGcsService.grpc_client.CheckAlive.OnReplyReceived - 5 total (0 active), Execution time: mean = 0.02ms, total = 0.09ms, Queueing time: mean = 0.01ms, max = 0.02ms, min = 0.01ms, total = 0.07ms
[state-dump] 	NodeManager.GcsCheckAlive - 5 total (1 active), Execution time: mean = 0.16ms, total = 0.79ms, Queueing time: mean = 4.69ms, max = 11.53ms, min = 0.41ms, total = 23.44ms
[state-dump] 	NodeManager.deadline_timer.print_event_loop_stats - 5 total (1 active, 1 running), Execution time: mean = 4.81ms, total = 24.03ms, Queueing time: mean = 0.01ms, max = 0.02ms, min = 0.01ms, total = 0.06ms
[state-dump] 	ray::rpc::NodeInfoGcsService.grpc_client.CheckAlive - 5 total (0 active), Execution time: mean = 0.79ms, total = 3.96ms, Queueing time: mean = 0.00ms, max = -0.00ms, min = 9223372036854.78ms, total = 0.00ms
[state-dump] 	RaySyncerRegister - 2 total (0 active), Execution time: mean = 0.00ms, total = 0.00ms, Queueing time: mean = 0.00ms, max = 0.00ms, min = 0.00ms, total = 0.00ms
[state-dump] 	ray::rpc::ControlPlanePubSubGcsService.grpc_client.GcsSubscriberCommandBatch.OnReplyReceived - 2 total (0 active), Execution time: mean = 0.04ms, total = 0.08ms, Queueing time: mean = 0.21ms, max = 0.25ms, min = 0.16ms, total = 0.41ms
[state-dump] 	ray::rpc::ControlPlanePubSubGcsService.grpc_client.GcsSubscriberCommandBatch - 2 total (0 active), Execution time: mean = 0.73ms, total = 1.46ms, Queueing time: mean = 0.00ms, max = -0.00ms, min = 9223372036854.78ms, total = 0.00ms
[state-dump] 	ray::rpc::NodeInfoGcsService.grpc_client.RegisterNode.OnReplyReceived - 1 total (0 active), Execution time: mean = 0.39ms, total = 0.39ms, Queueing time: mean = 0.01ms, max = 0.01ms, min = 0.01ms, total = 0.01ms
[state-dump] 	NodeManagerService.grpc_server.PrepareBundleResources.HandleRequestImpl - 1 total (0 active), Execution time: mean = 0.84ms, total = 0.84ms, Queueing time: mean = 0.03ms, max = 0.03ms, min = 0.03ms, total = 0.03ms
[state-dump] 	ReporterService.grpc_client.HealthCheck - 1 total (0 active), Execution time: mean = 132.11ms, total = 132.11ms, Queueing time: mean = 0.00ms, max = -0.00ms, min = 9223372036854.78ms, total = 0.00ms
[state-dump] 	ray::rpc::InternalKVGcsService.grpc_client.GetInternalConfig - 1 total (0 active), Execution time: mean = 0.83ms, total = 0.83ms, Queueing time: mean = 0.00ms, max = -0.00ms, min = 9223372036854.78ms, total = 0.00ms
[state-dump] 	ReporterService.grpc_client.HealthCheck.OnReplyReceived - 1 total (0 active), Execution time: mean = 0.15ms, total = 0.15ms, Queueing time: mean = 0.02ms, max = 0.02ms, min = 0.02ms, total = 0.02ms
[state-dump] 	ray::rpc::JobInfoGcsService.grpc_client.GetAllJobInfo.OnReplyReceived - 1 total (0 active), Execution time: mean = 0.01ms, total = 0.01ms, Queueing time: mean = 0.02ms, max = 0.02ms, min = 0.02ms, total = 0.02ms
[state-dump] 	NodeManager.GCTaskFailureReason - 1 total (1 active), Execution time: mean = 0.00ms, total = 0.00ms, Queueing time: mean = 0.00ms, max = -0.00ms, min = 9223372036854.78ms, total = 0.00ms
[state-dump] 	ray::rpc::InternalKVGcsService.grpc_client.GetInternalConfig.OnReplyReceived - 1 total (0 active), Execution time: mean = 629.71ms, total = 629.71ms, Queueing time: mean = 0.01ms, max = 0.01ms, min = 0.01ms, total = 0.01ms
[state-dump] 	ray::rpc::NodeInfoGcsService.grpc_client.GetAllNodeAddressAndLiveness.OnReplyReceived - 1 total (0 active), Execution time: mean = 0.16ms, total = 0.16ms, Queueing time: mean = 0.01ms, max = 0.01ms, min = 0.01ms, total = 0.01ms
[state-dump] 	ray::rpc::JobInfoGcsService.grpc_client.GetAllJobInfo - 1 total (0 active), Execution time: mean = 0.56ms, total = 0.56ms, Queueing time: mean = 0.00ms, max = -0.00ms, min = 9223372036854.78ms, total = 0.00ms
[state-dump] 	ray::rpc::NodeInfoGcsService.grpc_client.GetAllNodeAddressAndLiveness - 1 total (0 active), Execution time: mean = 0.70ms, total = 0.70ms, Queueing time: mean = 0.00ms, max = -0.00ms, min = 9223372036854.78ms, total = 0.00ms
[state-dump] 	Subscriber.HandlePublishedMessage_GCS_JOB_CHANNEL - 1 total (0 active), Execution time: mean = 0.04ms, total = 0.04ms, Queueing time: mean = 0.30ms, max = 0.30ms, min = 0.30ms, total = 0.30ms
[state-dump] 	NodeManagerService.grpc_server.CommitBundleResources.HandleRequestImpl - 1 total (0 active), Execution time: mean = 1.15ms, total = 1.15ms, Queueing time: mean = 0.03ms, max = 0.03ms, min = 0.03ms, total = 0.03ms
[state-dump] 	NodeManagerService.grpc_server.CommitBundleResources - 1 total (0 active), Execution time: mean = 1.41ms, total = 1.41ms, Queueing time: mean = 0.00ms, max = -0.00ms, min = 9223372036854.78ms, total = 0.00ms
[state-dump] 	NodeManagerService.grpc_server.PrepareBundleResources - 1 total (0 active), Execution time: mean = 1.10ms, total = 1.10ms, Queueing time: mean = 0.00ms, max = -0.00ms, min = 9223372036854.78ms, total = 0.00ms
[state-dump] 	ray::rpc::NodeInfoGcsService.grpc_client.RegisterNode - 1 total (0 active), Execution time: mean = 1.17ms, total = 1.17ms, Queueing time: mean = 0.00ms, max = -0.00ms, min = 9223372036854.78ms, total = 0.00ms
[state-dump] DebugString() time ms: 0
[state-dump] 
[state-dump] 
[2026-09-04 01:03:40,844 I 79 102] (raylet) store.cc:573: Plasma store debug dump: 
Current usage: 0 / 4.29497 GB
- num bytes created total: 72
0 pending objects of total size 0MB
- objects spillable: 0
- bytes spillable: 0
- objects unsealed: 0
- bytes unsealed: 0
- objects in use: 0
- bytes in use: 0
- objects evictable: 0
- bytes evictable: 0

- objects created by worker: 0
- bytes created by worker: 0
- objects restored: 0
- bytes restored: 0
- objects received: 0
- bytes received: 0
- objects errored: 0
- bytes errored: 0

[2026-09-04 01:03:41,499 I 79 79] (raylet) node_manager.cc:486: [state-dump] NodeManager:
[state-dump] Node ID: 82dfc8c23c51709b77aaa7de2deacf9d421699bfcaad6b6cc4f66c59
[state-dump] Node name: 10.244.180.242
[state-dump] InitialConfigResources: {node:10.244.180.242: 1, object_store_memory: 4.29497e+09, GPU: 8, CPU: 64, accelerator_type:B200: 1, memory: 3.24185e+12}
[state-dump] ClusterLeaseManager:
[state-dump] ========== Node: 82dfc8c23c51709b77aaa7de2deacf9d421699bfcaad6b6cc4f66c59 =================
[state-dump] Infeasible queue length: 0
[state-dump] Schedule queue length: 0
[state-dump] Grant queue length: 0
[state-dump] num_waiting_for_resource: 0
[state-dump] num_waiting_for_plasma_memory: 0
[state-dump] num_waiting_for_remote_node_resources: 0
[state-dump] num_worker_not_started_by_job_config_not_exist: 0
[state-dump] num_worker_not_started_by_registration_timeout: 0
[state-dump] num_tasks_waiting_for_workers: 0
[state-dump] num_cancelled_leases: 0
[state-dump] cluster_resource_scheduler state: 
[state-dump] Local id: -8170265163178445639 Local resources: {"total":{node:10.244.180.242: [10000], GPU_group_19_41b56c6dcd1a3ea16b3ee9c698c601000000: [0, 0, 10000, 0, 0, 0, 0, 0], CPU: [640000], GPU_group_24_41b56c6dcd1a3ea16b3ee9c698c601000000: [0, 0, 0, 0, 0, 0, 0, 10000], CPU_group_19_41b56c6dcd1a3ea16b3ee9c698c601000000: [10000], GPU_group_23_41b56c6dcd1a3ea16b3ee9c698c601000000: [0, 0, 0, 0, 0, 0, 10000, 0], bundle_group_22_41b56c6dcd1a3ea16b3ee9c698c601000000: [10000000], GPU_group_17_41b56c6dcd1a3ea16b3ee9c698c601000000: [10000, 0, 0, 0, 0, 0, 0, 0], accelerator_type:B200: [10000], bundle_group_18_41b56c6dcd1a3ea16b3ee9c698c601000000: [10000000], CPU_group_17_41b56c6dcd1a3ea16b3ee9c698c601000000: [10000], memory: [32418475745280000], object_store_memory: [42949672960000], GPU_group_18_41b56c6dcd1a3ea16b3ee9c698c601000000: [0, 10000, 0, 0, 0, 0, 0, 0], CPU_group_41b56c6dcd1a3ea16b3ee9c698c601000000: [80000], bundle_group_41b56c6dcd1a3ea16b3ee9c698c601000000: [80000000], bundle_group_17_41b56c6dcd1a3ea16b3ee9c698c601000000: [10000000], CPU_group_20_41b56c6dcd1a3ea16b3ee9c698c601000000: [10000], GPU_group_20_41b56c6dcd1a3ea16b3ee9c698c601000000: [0, 0, 0, 10000, 0, 0, 0, 0], bundle_group_19_41b56c6dcd1a3ea16b3ee9c698c601000000: [10000000], bundle_group_23_41b56c6dcd1a3ea16b3ee9c698c601000000: [10000000], CPU_group_24_41b56c6dcd1a3ea16b3ee9c698c601000000: [10000], CPU_group_22_41b56c6dcd1a3ea16b3ee9c698c601000000: [10000], GPU_group_22_41b56c6dcd1a3ea16b3ee9c698c601000000: [0, 0, 0, 0, 0, 10000, 0, 0], CPU_group_23_41b56c6dcd1a3ea16b3ee9c698c601000000: [10000], CPU_group_21_41b56c6dcd1a3ea16b3ee9c698c601000000: [10000], GPU: [10000, 10000, 10000, 10000, 10000, 10000, 10000, 10000], bundle_group_21_41b56c6dcd1a3ea16b3ee9c698c601000000: [10000000], bundle_group_24_41b56c6dcd1a3ea16b3ee9c698c601000000: [10000000], GPU_group_41b56c6dcd1a3ea16b3ee9c698c601000000: [10000, 10000, 10000, 10000, 10000, 10000, 10000, 10000], GPU_group_21_41b56c6dcd1a3ea16b3ee9c698c601000000: [0, 0, 0, 0, 10000, 0, 0, 0], CPU_group_18_41b56c6dcd1a3ea16b3ee9c698c601000000: [10000], bundle_group_20_41b56c6dcd1a3ea16b3ee9c698c601000000: [10000000]}, "available": {GPU_group_19_41b56c6dcd1a3ea16b3ee9c698c601000000: [0, 0, 10000, 0, 0, 0, 0, 0], node:10.244.180.242: [10000], GPU_group_17_41b56c6dcd1a3ea16b3ee9c698c601000000: [8000, 0, 0, 0, 0, 0, 0, 0], bundle_group_22_41b56c6dcd1a3ea16b3ee9c698c601000000: [10000000], accelerator_type:B200: [10000], CPU_group_19_41b56c6dcd1a3ea16b3ee9c698c601000000: [10000], GPU_group_23_41b56c6dcd1a3ea16b3ee9c698c601000000: [0, 0, 0, 0, 0, 0, 10000, 0], bundle_group_18_41b56c6dcd1a3ea16b3ee9c698c601000000: [10000000], CPU: [560000], GPU_group_24_41b56c6dcd1a3ea16b3ee9c698c601000000: [0, 0, 0, 0, 0, 0, 0, 10000], memory: [32418475745280000], CPU_group_17_41b56c6dcd1a3ea16b3ee9c698c601000000: [8000], CPU_group_24_41b56c6dcd1a3ea16b3ee9c698c601000000: [10000], GPU_group_18_41b56c6dcd1a3ea16b3ee9c698c601000000: [0, 10000, 0, 0, 0, 0, 0, 0], object_store_memory: [42949672960000], GPU_group_20_41b56c6dcd1a3ea16b3ee9c698c601000000: [0, 0, 0, 10000, 0, 0, 0, 0], CPU_group_20_41b56c6dcd1a3ea16b3ee9c698c601000000: [10000], bundle_group_23_41b56c6dcd1a3ea16b3ee9c698c601000000: [10000000], bundle_group_41b56c6dcd1a3ea16b3ee9c698c601000000: [79999990], bundle_group_17_41b56c6dcd1a3ea16b3ee9c698c601000000: [9999990], CPU_group_21_41b56c6dcd1a3ea16b3ee9c698c601000000: [10000], CPU_group_41b56c6dcd1a3ea16b3ee9c698c601000000: [78000], GPU_group_22_41b56c6dcd1a3ea16b3ee9c698c601000000: [0, 0, 0, 0, 0, 10000, 0, 0], bundle_group_19_41b56c6dcd1a3ea16b3ee9c698c601000000: [10000000], CPU_group_23_41b56c6dcd1a3ea16b3ee9c698c601000000: [10000], CPU_group_22_41b56c6dcd1a3ea16b3ee9c698c601000000: [10000], GPU_group_41b56c6dcd1a3ea16b3ee9c698c601000000: [8000, 10000, 10000, 10000, 10000, 10000, 10000, 10000], bundle_group_21_41b56c6dcd1a3ea16b3ee9c698c601000000: [10000000], GPU: [0, 0, 0, 0, 0, 0, 0, 0], bundle_group_24_41b56c6dcd1a3ea16b3ee9c698c601000000: [10000000], bundle_group_20_41b56c6dcd1a3ea16b3ee9c698c601000000: [10000000], CPU_group_18_41b56c6dcd1a3ea16b3ee9c698c601000000: [10000], GPU_group_21_41b56c6dcd1a3ea16b3ee9c698c601000000: [0, 0, 0, 0, 10000, 0, 0, 0]}, "labels":{"ray.io/node-id":"82dfc8c23c51709b77aaa7de2deacf9d421699bfcaad6b6cc4f66c59","ray.io/accelerator-type":"B200"}} is_draining: 0 is_idle: 0 Cluster resources (at most 20 nodes are shown): node id: -8170265163178445639{"total":{GPU: 80000, bundle_group_24_41b56c6dcd1a3ea16b3ee9c698c601000000: 10000000, GPU_group_17_41b56c6dcd1a3ea16b3ee9c698c601000000: 10000, bundle_group_18_41b56c6dcd1a3ea16b3ee9c698c601000000: 10000000, bundle_group_22_41b56c6dcd1a3ea16b3ee9c698c601000000: 10000000, GPU_group_24_41b56c6dcd1a3ea16b3ee9c698c601000000: 10000, CPU: 640000, CPU_group_19_41b56c6dcd1a3ea16b3ee9c698c601000000: 10000, GPU_group_23_41b56c6dcd1a3ea16b3ee9c698c601000000: 10000, accelerator_type:B200: 10000, GPU_group_19_41b56c6dcd1a3ea16b3ee9c698c601000000: 10000, node:10.244.180.242: 10000, GPU_group_18_41b56c6dcd1a3ea16b3ee9c698c601000000: 10000, CPU_group_24_41b56c6dcd1a3ea16b3ee9c698c601000000: 10000, object_store_memory: 42949672960000, memory: 32418475745280000, CPU_group_17_41b56c6dcd1a3ea16b3ee9c698c601000000: 10000, GPU_group_22_41b56c6dcd1a3ea16b3ee9c698c601000000: 10000, CPU_group_23_41b56c6dcd1a3ea16b3ee9c698c601000000: 10000, CPU_group_21_41b56c6dcd1a3ea16b3ee9c698c601000000: 10000, CPU_group_22_41b56c6dcd1a3ea16b3ee9c698c601000000: 10000, GPU_group_20_41b56c6dcd1a3ea16b3ee9c698c601000000: 10000, CPU_group_41b56c6dcd1a3ea16b3ee9c698c601000000: 80000, bundle_group_41b56c6dcd1a3ea16b3ee9c698c601000000: 80000000, bundle_group_23_41b56c6dcd1a3ea16b3ee9c698c601000000: 10000000, CPU_group_20_41b56c6dcd1a3ea16b3ee9c698c601000000: 10000, bundle_group_17_41b56c6dcd1a3ea16b3ee9c698c601000000: 10000000, bundle_group_19_41b56c6dcd1a3ea16b3ee9c698c601000000: 10000000, bundle_group_20_41b56c6dcd1a3ea16b3ee9c698c601000000: 10000000, GPU_group_21_41b56c6dcd1a3ea16b3ee9c698c601000000: 10000, CPU_group_18_41b56c6dcd1a3ea16b3ee9c698c601000000: 10000, bundle_group_21_41b56c6dcd1a3ea16b3ee9c698c601000000: 10000000, GPU_group_41b56c6dcd1a3ea16b3ee9c698c601000000: 80000}, "available": {bundle_group_22_41b56c6dcd1a3ea16b3ee9c698c601000000: 10000000, bundle_group_18_41b56c6dcd1a3ea16b3ee9c698c601000000: 10000000, bundle_group_24_41b56c6dcd1a3ea16b3ee9c698c601000000: 10000000, bundle_group_21_41b56c6dcd1a3ea16b3ee9c698c601000000: 10000000, GPU_group_41b56c6dcd1a3ea16b3ee9c698c601000000: 78000, GPU_group_21_41b56c6dcd1a3ea16b3ee9c698c601000000: 10000, CPU_group_18_41b56c6dcd1a3ea16b3ee9c698c601000000: 10000, bundle_group_20_41b56c6dcd1a3ea16b3ee9c698c601000000: 10000000, CPU_group_41b56c6dcd1a3ea16b3ee9c698c601000000: 78000, bundle_group_17_41b56c6dcd1a3ea16b3ee9c698c601000000: 9999990, bundle_group_23_41b56c6dcd1a3ea16b3ee9c698c601000000: 10000000, CPU_group_20_41b56c6dcd1a3ea16b3ee9c698c601000000: 10000, bundle_group_19_41b56c6dcd1a3ea16b3ee9c698c601000000: 10000000, GPU_group_20_41b56c6dcd1a3ea16b3ee9c698c601000000: 10000, bundle_group_41b56c6dcd1a3ea16b3ee9c698c601000000: 79999990, CPU_group_22_41b56c6dcd1a3ea16b3ee9c698c601000000: 10000, GPU_group_22_41b56c6dcd1a3ea16b3ee9c698c601000000: 10000, CPU_group_23_41b56c6dcd1a3ea16b3ee9c698c601000000: 10000, CPU_group_21_41b56c6dcd1a3ea16b3ee9c698c601000000: 10000, CPU_group_17_41b56c6dcd1a3ea16b3ee9c698c601000000: 8000, memory: 32418475745280000, object_store_memory: 42949672960000, CPU_group_24_41b56c6dcd1a3ea16b3ee9c698c601000000: 10000, GPU_group_18_41b56c6dcd1a3ea16b3ee9c698c601000000: 10000, node:10.244.180.242: 10000, GPU_group_19_41b56c6dcd1a3ea16b3ee9c698c601000000: 10000, GPU_group_24_41b56c6dcd1a3ea16b3ee9c698c601000000: 10000, CPU: 560000, CPU_group_19_41b56c6dcd1a3ea16b3ee9c698c601000000: 10000, accelerator_type:B200: 10000, GPU_group_23_41b56c6dcd1a3ea16b3ee9c698c601000000: 10000, GPU_group_17_41b56c6dcd1a3ea16b3ee9c698c601000000: 8000}, "labels":{"ray.io/node-id":"82dfc8c23c51709b77aaa7de2deacf9d421699bfcaad6b6cc4f66c59","ray.io/accelerator-type":"B200"}, "is_draining": 0, "draining_deadline_timestamp_ms": -1}node id: -1351780445297854484{"total":{bundle_group_14_41b56c6dcd1a3ea16b3ee9c698c601000000: 10000000, bundle_group_0_41b56c6dcd1a3ea16b3ee9c698c601000000: 10000000, bundle_group_13_41b56c6dcd1a3ea16b3ee9c698c601000000: 10000000, GPU_group_0_41b56c6dcd1a3ea16b3ee9c698c601000000: 10000, CPU_group_41b56c6dcd1a3ea16b3ee9c698c601000000: 80000, bundle_group_41b56c6dcd1a3ea16b3ee9c698c601000000: 80000000, CPU_group_10_41b56c6dcd1a3ea16b3ee9c698c601000000: 10000, CPU_group_11_41b56c6dcd1a3ea16b3ee9c698c601000000: 10000, CPU_group_13_41b56c6dcd1a3ea16b3ee9c698c601000000: 10000, GPU_group_12_41b56c6dcd1a3ea16b3ee9c698c601000000: 10000, bundle_group_9_41b56c6dcd1a3ea16b3ee9c698c601000000: 10000000, GPU_group_15_41b56c6dcd1a3ea16b3ee9c698c601000000: 10000, GPU_group_41b56c6dcd1a3ea16b3ee9c698c601000000: 80000, GPU: 80000, bundle_group_12_41b56c6dcd1a3ea16b3ee9c698c601000000: 10000000, CPU_group_12_41b56c6dcd1a3ea16b3ee9c698c601000000: 10000, CPU_group_15_41b56c6dcd1a3ea16b3ee9c698c601000000: 10000, GPU_group_13_41b56c6dcd1a3ea16b3ee9c698c601000000: 10000, GPU_group_11_41b56c6dcd1a3ea16b3ee9c698c601000000: 10000, bundle_group_10_41b56c6dcd1a3ea16b3ee9c698c601000000: 10000000, bundle_group_11_41b56c6dcd1a3ea16b3ee9c698c601000000: 10000000, CPU_group_0_41b56c6dcd1a3ea16b3ee9c698c601000000: 10000, accelerator_type:B200: 10000, CPU: 640000, memory: 32418477711360000, node:10.244.218.62: 10000, bundle_group_15_41b56c6dcd1a3ea16b3ee9c698c601000000: 10000000, GPU_group_10_41b56c6dcd1a3ea16b3ee9c698c601000000: 10000, object_store_memory: 42949672960000, CPU_group_9_41b56c6dcd1a3ea16b3ee9c698c601000000: 10000, GPU_group_9_41b56c6dcd1a3ea16b3ee9c698c601000000: 10000, GPU_group_14_41b56c6dcd1a3ea16b3ee9c698c601000000: 10000, CPU_group_14_41b56c6dcd1a3ea16b3ee9c698c601000000: 10000}, "available": {GPU_group_41b56c6dcd1a3ea16b3ee9c698c601000000: 78000, CPU_group_12_41b56c6dcd1a3ea16b3ee9c698c601000000: 10000, bundle_group_12_41b56c6dcd1a3ea16b3ee9c698c601000000: 10000000, GPU_group_13_41b56c6dcd1a3ea16b3ee9c698c601000000: 10000, CPU_group_15_41b56c6dcd1a3ea16b3ee9c698c601000000: 10000, bundle_group_0_41b56c6dcd1a3ea16b3ee9c698c601000000: 9999990, CPU_group_10_41b56c6dcd1a3ea16b3ee9c698c601000000: 10000, CPU_group_41b56c6dcd1a3ea16b3ee9c698c601000000: 78000, CPU_group_11_41b56c6dcd1a3ea16b3ee9c698c601000000: 10000, GPU_group_12_41b56c6dcd1a3ea16b3ee9c698c601000000: 10000, CPU_group_13_41b56c6dcd1a3ea16b3ee9c698c601000000: 10000, bundle_group_41b56c6dcd1a3ea16b3ee9c698c601000000: 79999990, GPU_group_15_41b56c6dcd1a3ea16b3ee9c698c601000000: 10000, bundle_group_9_41b56c6dcd1a3ea16b3ee9c698c601000000: 10000000, node:10.244.218.62: 10000, memory: 32418477711360000, object_store_memory: 42949672960000, CPU_group_9_41b56c6dcd1a3ea16b3ee9c698c601000000: 10000, bundle_group_15_41b56c6dcd1a3ea16b3ee9c698c601000000: 10000000, bundle_group_14_41b56c6dcd1a3ea16b3ee9c698c601000000: 10000000, GPU_group_0_41b56c6dcd1a3ea16b3ee9c698c601000000: 8000, GPU_group_14_41b56c6dcd1a3ea16b3ee9c698c601000000: 10000, CPU_group_14_41b56c6dcd1a3ea16b3ee9c698c601000000: 10000, GPU_group_9_41b56c6dcd1a3ea16b3ee9c698c601000000: 10000, bundle_group_13_41b56c6dcd1a3ea16b3ee9c698c601000000: 10000000, GPU_group_10_41b56c6dcd1a3ea16b3ee9c698c601000000: 10000, bundle_group_10_41b56c6dcd1a3ea16b3ee9c698c601000000: 10000000, GPU_group_11_41b56c6dcd1a3ea16b3ee9c698c601000000: 10000, CPU_group_0_41b56c6dcd1a3ea16b3ee9c698c601000000: 8000, bundle_group_11_41b56c6dcd1a3ea16b3ee9c698c601000000: 10000000, accelerator_type:B200: 10000, CPU: 560000}, "labels":{"ray.io/accelerator-type":"B200","ray.io/node-id":"90dc8450878fe5de358e116e0b8657e06554d0d69bbf5603e4880a55"}, "is_draining": 0, "draining_deadline_timestamp_ms": -1}node id: 4273633132855142460{"total":{bundle_group_41b56c6dcd1a3ea16b3ee9c698c601000000: 80000000, bundle_group_7_41b56c6dcd1a3ea16b3ee9c698c601000000: 10000000, CPU_group_5_41b56c6dcd1a3ea16b3ee9c698c601000000: 10000, CPU_group_4_41b56c6dcd1a3ea16b3ee9c698c601000000: 10000, bundle_group_1_41b56c6dcd1a3ea16b3ee9c698c601000000: 10000000, CPU_group_41b56c6dcd1a3ea16b3ee9c698c601000000: 80000, GPU_group_7_41b56c6dcd1a3ea16b3ee9c698c601000000: 10000, GPU_group_4_41b56c6dcd1a3ea16b3ee9c698c601000000: 10000, GPU_group_1_41b56c6dcd1a3ea16b3ee9c698c601000000: 10000, node:10.244.13.18: 10000, bundle_group_3_41b56c6dcd1a3ea16b3ee9c698c601000000: 10000000, CPU_group_2_41b56c6dcd1a3ea16b3ee9c698c601000000: 10000, GPU_group_41b56c6dcd1a3ea16b3ee9c698c601000000: 80000, CPU_group_6_41b56c6dcd1a3ea16b3ee9c698c601000000: 10000, CPU_group_3_41b56c6dcd1a3ea16b3ee9c698c601000000: 10000, GPU: 80000, CPU_group_7_41b56c6dcd1a3ea16b3ee9c698c601000000: 10000, bundle_group_8_41b56c6dcd1a3ea16b3ee9c698c601000000: 10000000, CPU_group_8_41b56c6dcd1a3ea16b3ee9c698c601000000: 10000, GPU_group_8_41b56c6dcd1a3ea16b3ee9c698c601000000: 10000, bundle_group_6_41b56c6dcd1a3ea16b3ee9c698c601000000: 10000000, accelerator_type:B200: 10000, CPU: 640000, GPU_group_3_41b56c6dcd1a3ea16b3ee9c698c601000000: 10000, CPU_group_1_41b56c6dcd1a3ea16b3ee9c698c601000000: 10000, bundle_group_5_41b56c6dcd1a3ea16b3ee9c698c601000000: 10000000, memory: 32418533744640000, GPU_group_2_41b56c6dcd1a3ea16b3ee9c698c601000000: 10000, GPU_group_6_41b56c6dcd1a3ea16b3ee9c698c601000000: 10000, bundle_group_4_41b56c6dcd1a3ea16b3ee9c698c601000000: 10000000, GPU_group_5_41b56c6dcd1a3ea16b3ee9c698c601000000: 10000, object_store_memory: 42949672960000, bundle_group_2_41b56c6dcd1a3ea16b3ee9c698c601000000: 10000000}, "available": {CPU_group_7_41b56c6dcd1a3ea16b3ee9c698c601000000: 2000, bundle_group_8_41b56c6dcd1a3ea16b3ee9c698c601000000: 9999980, CPU_group_6_41b56c6dcd1a3ea16b3ee9c698c601000000: 2000, CPU_group_3_41b56c6dcd1a3ea16b3ee9c698c601000000: 2000, GPU_group_41b56c6dcd1a3ea16b3ee9c698c601000000: 16000, CPU_group_2_41b56c6dcd1a3ea16b3ee9c698c601000000: 2000, node:10.244.13.18: 10000, bundle_group_3_41b56c6dcd1a3ea16b3ee9c698c601000000: 9999980, GPU_group_1_41b56c6dcd1a3ea16b3ee9c698c601000000: 2000, GPU_group_4_41b56c6dcd1a3ea16b3ee9c698c601000000: 2000, GPU_group_7_41b56c6dcd1a3ea16b3ee9c698c601000000: 2000, bundle_group_7_41b56c6dcd1a3ea16b3ee9c698c601000000: 9999980, CPU_group_5_41b56c6dcd1a3ea16b3ee9c698c601000000: 2000, bundle_group_1_41b56c6dcd1a3ea16b3ee9c698c601000000: 9999980, CPU_group_41b56c6dcd1a3ea16b3ee9c698c601000000: 16000, bundle_group_41b56c6dcd1a3ea16b3ee9c698c601000000: 79999840, CPU_group_4_41b56c6dcd1a3ea16b3ee9c698c601000000: 2000, bundle_group_2_41b56c6dcd1a3ea16b3ee9c698c601000000: 9999980, bundle_group_4_41b56c6dcd1a3ea16b3ee9c698c601000000: 9999980, GPU_group_5_41b56c6dcd1a3ea16b3ee9c698c601000000: 2000, object_store_memory: 42949672960000, GPU_group_6_41b56c6dcd1a3ea16b3ee9c698c601000000: 2000, GPU_group_2_41b56c6dcd1a3ea16b3ee9c698c601000000: 2000, memory: 32418533744640000, CPU: 560000, GPU_group_3_41b56c6dcd1a3ea16b3ee9c698c601000000: 2000, CPU_group_1_41b56c6dcd1a3ea16b3ee9c698c601000000: 2000, bundle_group_5_41b56c6dcd1a3ea16b3ee9c698c601000000: 9999980, bundle_group_6_41b56c6dcd1a3ea16b3ee9c698c601000000: 9999980, accelerator_type:B200: 10000, GPU_group_8_41b56c6dcd1a3ea16b3ee9c698c601000000: 2000, CPU_group_8_41b56c6dcd1a3ea16b3ee9c698c601000000: 2000}, "labels":{"ray.io/node-id":"4296a17b2364b071e4782261814dd77feed7cb4e5a4de14ab32d253a","ray.io/accelerator-type":"B200"}, "is_draining": 0, "draining_deadline_timestamp_ms": -1}node id: -7973918255608480324{"total":{CPU_group_26_41b56c6dcd1a3ea16b3ee9c698c601000000: 10000, CPU_group_27_41b56c6dcd1a3ea16b3ee9c698c601000000: 10000, bundle_group_30_41b56c6dcd1a3ea16b3ee9c698c601000000: 10000000, GPU: 80000, bundle_group_28_41b56c6dcd1a3ea16b3ee9c698c601000000: 10000000, GPU_group_41b56c6dcd1a3ea16b3ee9c698c601000000: 80000, CPU_group_31_41b56c6dcd1a3ea16b3ee9c698c601000000: 10000, node:__internal_head__: 10000, GPU_group_27_41b56c6dcd1a3ea16b3ee9c698c601000000: 10000, GPU_group_16_41b56c6dcd1a3ea16b3ee9c698c601000000: 10000, bundle_group_41b56c6dcd1a3ea16b3ee9c698c601000000: 80000000, CPU_group_41b56c6dcd1a3ea16b3ee9c698c601000000: 80000, bundle_group_29_41b56c6dcd1a3ea16b3ee9c698c601000000: 10000000, bundle_group_27_41b56c6dcd1a3ea16b3ee9c698c601000000: 10000000, object_store_memory: 42949672960000, GPU_group_26_41b56c6dcd1a3ea16b3ee9c698c601000000: 10000, node:10.244.18.139: 10000, GPU_group_25_41b56c6dcd1a3ea16b3ee9c698c601000000: 10000, CPU_group_16_41b56c6dcd1a3ea16b3ee9c698c601000000: 10000, GPU_group_31_41b56c6dcd1a3ea16b3ee9c698c601000000: 10000, CPU_group_28_41b56c6dcd1a3ea16b3ee9c698c601000000: 10000, memory: 32397589872640000, bundle_group_16_41b56c6dcd1a3ea16b3ee9c698c601000000: 10000000, GPU_group_30_41b56c6dcd1a3ea16b3ee9c698c601000000: 10000, CPU: 640000, bundle_group_31_41b56c6dcd1a3ea16b3ee9c698c601000000: 10000000, bundle_group_26_41b56c6dcd1a3ea16b3ee9c698c601000000: 10000000, accelerator_type:B200: 10000, CPU_group_30_41b56c6dcd1a3ea16b3ee9c698c601000000: 10000, CPU_group_29_41b56c6dcd1a3ea16b3ee9c698c601000000: 10000, GPU_group_28_41b56c6dcd1a3ea16b3ee9c698c601000000: 10000, CPU_group_25_41b56c6dcd1a3ea16b3ee9c698c601000000: 10000, GPU_group_29_41b56c6dcd1a3ea16b3ee9c698c601000000: 10000, bundle_group_25_41b56c6dcd1a3ea16b3ee9c698c601000000: 10000000}, "available": {CPU_group_26_41b56c6dcd1a3ea16b3ee9c698c601000000: 2000, CPU_group_27_41b56c6dcd1a3ea16b3ee9c698c601000000: 2000, bundle_group_30_41b56c6dcd1a3ea16b3ee9c698c601000000: 9999980, GPU_group_41b56c6dcd1a3ea16b3ee9c698c601000000: 16000, bundle_group_28_41b56c6dcd1a3ea16b3ee9c698c601000000: 9999980, node:__internal_head__: 10000, CPU_group_31_41b56c6dcd1a3ea16b3ee9c698c601000000: 2000, GPU_group_27_41b56c6dcd1a3ea16b3ee9c698c601000000: 2000, GPU_group_16_41b56c6dcd1a3ea16b3ee9c698c601000000: 2000, bundle_group_41b56c6dcd1a3ea16b3ee9c698c601000000: 79999840, CPU_group_41b56c6dcd1a3ea16b3ee9c698c601000000: 16000, bundle_group_29_41b56c6dcd1a3ea16b3ee9c698c601000000: 9999980, bundle_group_27_41b56c6dcd1a3ea16b3ee9c698c601000000: 9999980, GPU_group_26_41b56c6dcd1a3ea16b3ee9c698c601000000: 2000, object_store_memory: 42943690530000, node:10.244.18.139: 10000, GPU_group_25_41b56c6dcd1a3ea16b3ee9c698c601000000: 2000, CPU_group_16_41b56c6dcd1a3ea16b3ee9c698c601000000: 2000, GPU_group_31_41b56c6dcd1a3ea16b3ee9c698c601000000: 2000, memory: 32397589872640000, CPU_group_28_41b56c6dcd1a3ea16b3ee9c698c601000000: 2000, bundle_group_16_41b56c6dcd1a3ea16b3ee9c698c601000000: 9999980, CPU: 540000, GPU_group_30_41b56c6dcd1a3ea16b3ee9c698c601000000: 2000, bundle_group_31_41b56c6dcd1a3ea16b3ee9c698c601000000: 9999980, accelerator_type:B200: 10000, bundle_group_26_41b56c6dcd1a3ea16b3ee9c698c601000000: 9999980, CPU_group_25_41b56c6dcd1a3ea16b3ee9c698c601000000: 2000, CPU_group_30_41b56c6dcd1a3ea16b3ee9c698c601000000: 2000, CPU_group_29_41b56c6dcd1a3ea16b3ee9c698c601000000: 2000, GPU_group_29_41b56c6dcd1a3ea16b3ee9c698c601000000: 2000, GPU_group_28_41b56c6dcd1a3ea16b3ee9c698c601000000: 2000, bundle_group_25_41b56c6dcd1a3ea16b3ee9c698c601000000: 9999980}, "labels":{"ray.io/node-id":"11215b0011fac4845f8eecab7d85f57fc12c4efc1ad3dce06ebdc204","ray.io/accelerator-type":"B200"}, "is_draining": 0, "draining_deadline_timestamp_ms": -1} { "placement group locations": [], "node to bundles": []}
[state-dump] Waiting leases size: 0
[state-dump] Number of granted lease arguments: 0
[state-dump] Number of pinned lease arguments: 0
[state-dump] Total size of pinned lease arguments: 0
[state-dump] Number of total spilled leases: 0
[state-dump] Number of spilled waiting leases: 0
[state-dump] Number of spilled unschedulable leases: 0
[state-dump] Resource usage {
[state-dump]     - (language=PYTHON actor_or_taskSGLangEngine.__init__ pid=858 worker_id=650a17a0e0c4cd2270b368052022e6d017baf108cd0e6d39cfd281fe): {bundle_group_41b56c6dcd1a3ea16b3ee9c698c601000000: 0.001, GPU_group_41b56c6dcd1a3ea16b3ee9c698c601000000: 0.2, GPU_group_17_41b56c6dcd1a3ea16b3ee9c698c601000000: 0.2, CPU_group_41b56c6dcd1a3ea16b3ee9c698c601000000: 0.2, CPU_group_17_41b56c6dcd1a3ea16b3ee9c698c601000000: 0.2, bundle_group_17_41b56c6dcd1a3ea16b3ee9c698c601000000: 0.001}
[state-dump] }
[state-dump] Backlog Size per scheduling descriptor :{workerId: num backlogs}:
[state-dump] 
[state-dump] Granted leases by scheduling class:
[state-dump] ==================================================
[state-dump] 
[state-dump] ClusterResources:
[state-dump] LocalObjectManager:
[state-dump] - num pinned objects: 0
[state-dump] - pinned objects size: 0
[state-dump] - num objects pending restore: 0
[state-dump] - num objects pending spill: 0
[state-dump] - num bytes pending spill: 0
[state-dump] - num bytes currently spilled: 0
[state-dump] - cumulative spill requests: 0
[state-dump] - cumulative restore requests: 0
[state-dump] - spilled objects pending delete: 0
[state-dump] 
[state-dump] ObjectManager:
[state-dump] - num local objects: 0
[state-dump] - num unfulfilled push requests: 0
[state-dump] - num object pull requests: 0
[state-dump] - num chunks received total: 0
[state-dump] - num chunks received failed (all): 0
[state-dump] - num chunks received failed / cancelled: 0
[state-dump] - num chunks received failed / plasma error: 0
[state-dump] Event stats:
[state-dump] Global stats: 0 total (0 active)
[state-dump] Queueing time: mean = -nanms, max = -0.00ms, min = 9223372036854.78ms, total = 0.00ms
[state-dump] Execution time:  mean = -nanms, total = 0.00ms
[state-dump] Event stats:
[state-dump] PushManager:
[state-dump] - num pushes remaining: 0
[state-dump] - num chunks in flight: 0
[state-dump] - num chunks remaining: 0
[state-dump] - max chunks allowed: 409
[state-dump] OwnershipBasedObjectDirectory:
[state-dump] - num listeners: 0
[state-dump] - cumulative location updates: 0
[state-dump] - num location updates per second: 0.000
[state-dump] - num location lookups per second: 0.000
[state-dump] - num locations added per second: 0.000
[state-dump] - num locations removed per second: 0.000
[state-dump] BufferPool:
[state-dump] - create buffer state map size: 0
[state-dump] PullManager:
[state-dump] - num bytes available for pulled objects: 4294967296
[state-dump] - num bytes being pulled (all): 0
[state-dump] - num bytes being pulled / pinned: 0
[state-dump] - get request bundles: BundlePullRequestQueue{0 total, 0 active, 0 inactive, 0 unpullable}
[state-dump] - wait request bundles: BundlePullRequestQueue{0 total, 0 active, 0 inactive, 0 unpullable}
[state-dump] - task request bundles: BundlePullRequestQueue{0 total, 0 active, 0 inactive, 0 unpullable}
[state-dump] - first get request bundle: N/A
[state-dump] - first wait request bundle: N/A
[state-dump] - first task request bundle: N/A
[state-dump] - num objects queued: 0
[state-dump] - num objects actively pulled (all): 0
[state-dump] - num objects actively pulled / pinned: 0
[state-dump] - num bundles being pulled: 0
[state-dump] - num pull retries: 0
[state-dump] - max timeout seconds: 0
[state-dump] - max timeout request is already processed. No entry.
[state-dump] 
[state-dump] WorkerPool:
[state-dump] - registered jobs: 1
[state-dump] - process_failed_job_config_missing: 0
[state-dump] - process_failed_rate_limited: 0
[state-dump] - process_failed_pending_registration: 0
[state-dump] - process_failed_runtime_env_setup_failed: 0
[state-dump] - num PYTHON workers: 1
[state-dump] - num PYTHON drivers: 0
[state-dump] - num PYTHON pending start requests: 0
[state-dump] - num PYTHON pending registration requests: 0
[state-dump] - num object spill callbacks queued: 0
[state-dump] - num object restore queued: 0
[state-dump] - num util functions queued: 0
[state-dump] - num idle workers: 0
[state-dump] LeaseDependencyManager:
[state-dump] - lease deps map size: 0
[state-dump] - get req map size: 0
[state-dump] - wait req map size: 0
[state-dump] - local objects map size: 0
[state-dump] WaitManager:
[state-dump] - num active wait requests: 0
[state-dump] Subscriber:
[state-dump] Channel WORKER_OBJECT_LOCATIONS_CHANNEL
[state-dump] - cumulative subscribe requests: 0
[state-dump] - cumulative unsubscribe requests: 0
[state-dump] - active subscribed publishers: 0
[state-dump] - cumulative published messages: 0
[state-dump] - cumulative processed messages: 0
[state-dump] Channel WORKER_REF_REMOVED_CHANNEL
[state-dump] - cumulative subscribe requests: 0
[state-dump] - cumulative unsubscribe requests: 0
[state-dump] - active subscribed publishers: 0
[state-dump] - cumulative published messages: 0
[state-dump] - cumulative processed messages: 0
[state-dump] num async plasma notifications: 0
[state-dump] Event stats:
[state-dump] Global stats: 15766 total (15 active)
[state-dump] Queueing time: mean = 1.97ms, max = 26285.89ms, min = 0.00ms, total = 30994.50ms
[state-dump] Execution time:  mean = 2.12ms, total = 33436.89ms
[state-dump] Event stats:
[state-dump] 	RaySyncer.BroadcastMessageIfNewVersion - 3598 total (1 active), Execution time: mean = 0.00ms, total = 5.88ms, Queueing time: mean = 0.06ms, max = 21.67ms, min = 0.00ms, total = 220.67ms
[state-dump] 	ObjectManager.UpdateAvailableMemory - 3598 total (0 active), Execution time: mean = 0.00ms, total = 2.86ms, Queueing time: mean = 0.01ms, max = 0.05ms, min = 0.00ms, total = 27.63ms
[state-dump] 	NodeManager.CheckGC - 3598 total (1 active), Execution time: mean = 0.00ms, total = 3.39ms, Queueing time: mean = 0.06ms, max = 21.67ms, min = 0.00ms, total = 223.13ms
[state-dump] 	RayletWorkerPool.deadline_timer.kill_idle_workers - 1800 total (1 active), Execution time: mean = 0.00ms, total = 2.83ms, Queueing time: mean = 0.02ms, max = 8.65ms, min = 0.00ms, total = 39.43ms
[state-dump] 	NodeManager.ScheduleAndGrantLeases - 361 total (1 active), Execution time: mean = 0.00ms, total = 1.37ms, Queueing time: mean = 0.01ms, max = 0.04ms, min = 0.00ms, total = 4.73ms
[state-dump] 	NodeManager.CheckForUnexpectedWorkerDisconnects - 361 total (1 active), Execution time: mean = 0.01ms, total = 1.91ms, Queueing time: mean = 0.01ms, max = 0.06ms, min = 0.00ms, total = 4.13ms
[state-dump] 	NodeManagerService.grpc_server.GetResourceLoad - 360 total (0 active), Execution time: mean = 0.31ms, total = 112.44ms, Queueing time: mean = 0.00ms, max = -0.00ms, min = 9223372036854.78ms, total = 0.00ms
[state-dump] 	NodeManager.deadline_timer.spill_objects_when_over_threshold - 360 total (1 active), Execution time: mean = 0.00ms, total = 0.50ms, Queueing time: mean = 0.60ms, max = 22.99ms, min = 0.00ms, total = 215.75ms
[state-dump] 	NodeManagerService.grpc_server.GetResourceLoad.HandleRequestImpl - 360 total (0 active), Execution time: mean = 0.07ms, total = 25.39ms, Queueing time: mean = 0.02ms, max = 0.04ms, min = 0.00ms, total = 7.02ms
[state-dump] 	NodeManager.deadline_timer.flush_free_objects - 360 total (1 active), Execution time: mean = 0.00ms, total = 0.45ms, Queueing time: mean = 0.60ms, max = 22.99ms, min = 0.00ms, total = 215.79ms
[state-dump] 	ClusterResourceManager.ResetRemoteNodeView - 121 total (1 active), Execution time: mean = 0.00ms, total = 0.26ms, Queueing time: mean = 0.01ms, max = 0.05ms, min = 0.00ms, total = 1.66ms
[state-dump] 	NodeManager.deadline_timer.record_metrics - 72 total (1 active), Execution time: mean = 0.22ms, total = 15.68ms, Queueing time: mean = 2.78ms, max = 22.88ms, min = 0.00ms, total = 200.44ms
[state-dump] 	NodeManagerService.grpc_server.GetAgentPIDs.HandleRequestImpl - 69 total (0 active), Execution time: mean = 0.03ms, total = 1.95ms, Queueing time: mean = 0.03ms, max = 0.10ms, min = 0.00ms, total = 1.97ms
[state-dump] 	NodeManagerService.grpc_server.GetWorkerPIDs - 69 total (0 active), Execution time: mean = 0.25ms, total = 17.51ms, Queueing time: mean = 0.00ms, max = -0.00ms, min = 9223372036854.78ms, total = 0.00ms
[state-dump] 	NodeManagerService.grpc_server.GetAgentPIDs - 69 total (0 active), Execution time: mean = 0.26ms, total = 18.01ms, Queueing time: mean = 0.00ms, max = -0.00ms, min = 9223372036854.78ms, total = 0.00ms
[state-dump] 	NodeManagerService.grpc_server.GetWorkerPIDs.HandleRequestImpl - 69 total (0 active), Execution time: mean = 0.02ms, total = 1.57ms, Queueing time: mean = 0.04ms, max = 1.27ms, min = 0.01ms, total = 2.54ms
[state-dump] 	ClientConnection.async_read.ProcessMessageHeader - 45 total (1 active), Execution time: mean = 0.00ms, total = 0.15ms, Queueing time: mean = 616.87ms, max = 26285.89ms, min = 0.01ms, total = 27759.10ms
[state-dump] 	ClientConnection.async_read.ProcessMessage - 44 total (0 active), Execution time: mean = 0.84ms, total = 36.97ms, Queueing time: mean = 0.16ms, max = 2.97ms, min = 0.00ms, total = 6.99ms
[state-dump] 	event_loop_lag_probe - 38 total (0 active), Execution time: mean = 0.01ms, total = 0.38ms, Queueing time: mean = 0.19ms, max = 7.13ms, min = 0.00ms, total = 7.22ms
[state-dump] 	NodeManager.deadline_timer.debug_state_dump - 36 total (1 active), Execution time: mean = 5.98ms, total = 215.18ms, Queueing time: mean = 0.01ms, max = 0.04ms, min = 0.00ms, total = 0.52ms
[state-dump] 	RaySyncer.BroadcastMessage - 32 total (0 active), Execution time: mean = 0.06ms, total = 1.91ms, Queueing time: mean = 0.00ms, max = 0.00ms, min = 0.00ms, total = 0.01ms
[state-dump] 	Subscriber.HandlePublishedMessage_GCS_WORKER_DELTA_CHANNEL - 32 total (0 active), Execution time: mean = 0.00ms, total = 0.03ms, Queueing time: mean = 0.09ms, max = 0.26ms, min = 0.03ms, total = 2.85ms
[state-dump] 	 - 31 total (0 active), Execution time: mean = 0.07ms, total = 2.12ms, Queueing time: mean = 0.12ms, max = 3.28ms, min = 0.00ms, total = 3.81ms
[state-dump] 	NodeManagerService.grpc_server.GetNodeStats - 24 total (0 active), Execution time: mean = 0.90ms, total = 21.48ms, Queueing time: mean = 0.00ms, max = -0.00ms, min = 9223372036854.78ms, total = 0.00ms
[state-dump] 	NodeManagerService.grpc_server.GetNodeStats.HandleRequestImpl - 24 total (0 active), Execution time: mean = 0.15ms, total = 3.66ms, Queueing time: mean = 0.02ms, max = 0.04ms, min = 0.01ms, total = 0.47ms
[state-dump] 	CoreWorkerService.grpc_client.GetCoreWorkerStats - 19 total (0 active), Execution time: mean = 0.78ms, total = 14.75ms, Queueing time: mean = 0.00ms, max = -0.00ms, min = 9223372036854.78ms, total = 0.00ms
[state-dump] 	CoreWorkerService.grpc_client.GetCoreWorkerStats.OnReplyReceived - 19 total (0 active), Execution time: mean = 0.04ms, total = 0.72ms, Queueing time: mean = 0.02ms, max = 0.02ms, min = 0.01ms, total = 0.32ms
[state-dump] 	ray::rpc::ControlPlanePubSubGcsService.grpc_client.GcsSubscriberPoll - 14 total (1 active), Execution time: mean = 2016.44ms, total = 28230.10ms, Queueing time: mean = 0.00ms, max = -0.00ms, min = 9223372036854.78ms, total = 0.00ms
[state-dump] 	ray::rpc::ControlPlanePubSubGcsService.grpc_client.GcsSubscriberPoll.OnReplyReceived - 13 total (0 active), Execution time: mean = 0.07ms, total = 0.93ms, Queueing time: mean = 1.22ms, max = 12.66ms, min = 0.00ms, total = 15.80ms
[state-dump] 	PeriodicalRunner.RunFnPeriodically - 13 total (0 active), Execution time: mean = 0.08ms, total = 1.01ms, Queueing time: mean = 144.77ms, max = 625.93ms, min = 0.02ms, total = 1882.07ms
[state-dump] 	NodeManagerService.grpc_server.GetSystemConfig.HandleRequestImpl - 9 total (0 active), Execution time: mean = 0.02ms, total = 0.14ms, Queueing time: mean = 0.02ms, max = 0.03ms, min = 0.00ms, total = 0.16ms
[state-dump] 	NodeManagerService.grpc_server.RequestWorkerLease - 9 total (0 active), Execution time: mean = 369.13ms, total = 3322.19ms, Queueing time: mean = 0.00ms, max = -0.00ms, min = 9223372036854.78ms, total = 0.00ms
[state-dump] 	ObjectManager.ObjectAdded - 9 total (0 active), Execution time: mean = 0.01ms, total = 0.09ms, Queueing time: mean = 0.01ms, max = 0.01ms, min = 0.01ms, total = 0.08ms
[state-dump] 	NodeManagerService.grpc_server.RequestWorkerLease.HandleRequestImpl - 9 total (0 active), Execution time: mean = 3.19ms, total = 28.71ms, Queueing time: mean = 12.35ms, max = 25.54ms, min = 0.02ms, total = 111.14ms
[state-dump] 	ClientConnection.async_write.DoAsyncWrites - 9 total (0 active), Execution time: mean = 0.00ms, total = 0.01ms, Queueing time: mean = 0.01ms, max = 0.03ms, min = 0.01ms, total = 0.13ms
[state-dump] 	ObjectManager.ObjectDeleted - 9 total (0 active), Execution time: mean = 0.01ms, total = 0.06ms, Queueing time: mean = 0.01ms, max = 0.01ms, min = 0.01ms, total = 0.10ms
[state-dump] 	NodeManagerService.grpc_server.GetSystemConfig - 9 total (0 active), Execution time: mean = 0.24ms, total = 2.13ms, Queueing time: mean = 0.00ms, max = -0.00ms, min = 9223372036854.78ms, total = 0.00ms
[state-dump] 	NodeManagerService.grpc_server.KillLocalActor - 8 total (0 active), Execution time: mean = 33.11ms, total = 264.91ms, Queueing time: mean = 0.00ms, max = -0.00ms, min = 9223372036854.78ms, total = 0.00ms
[state-dump] 	CoreWorkerService.grpc_client.KillActor.OnReplyReceived - 8 total (0 active), Execution time: mean = 0.06ms, total = 0.47ms, Queueing time: mean = 0.00ms, max = 0.00ms, min = 0.00ms, total = 0.03ms
[state-dump] 	ray::rpc::WorkerInfoGcsService.grpc_client.ReportWorkerFailure.OnReplyReceived - 8 total (0 active), Execution time: mean = 0.01ms, total = 0.08ms, Queueing time: mean = 1.38ms, max = 2.84ms, min = 0.01ms, total = 11.02ms
[state-dump] 	NodeManagerService.grpc_server.KillLocalActor.HandleRequestImpl - 8 total (0 active), Execution time: mean = 0.16ms, total = 1.24ms, Queueing time: mean = 0.36ms, max = 0.46ms, min = 0.01ms, total = 2.87ms
[state-dump] 	ray::rpc::WorkerInfoGcsService.grpc_client.ReportWorkerFailure - 8 total (0 active), Execution time: mean = 1.55ms, total = 12.39ms, Queueing time: mean = 0.00ms, max = -0.00ms, min = 9223372036854.78ms, total = 0.00ms
[state-dump] 	CoreWorkerService.grpc_client.KillActor - 8 total (0 active), Execution time: mean = 32.59ms, total = 260.73ms, Queueing time: mean = 0.00ms, max = -0.00ms, min = 9223372036854.78ms, total = 0.00ms
[state-dump] 	ray::rpc::NodeInfoGcsService.grpc_client.CheckAlive.OnReplyReceived - 6 total (0 active), Execution time: mean = 0.02ms, total = 0.11ms, Queueing time: mean = 0.01ms, max = 0.02ms, min = 0.01ms, total = 0.08ms
[state-dump] 	NodeManager.GcsCheckAlive - 6 total (1 active), Execution time: mean = 0.15ms, total = 0.93ms, Queueing time: mean = 3.99ms, max = 11.53ms, min = 0.41ms, total = 23.93ms
[state-dump] 	NodeManager.deadline_timer.print_event_loop_stats - 6 total (1 active, 1 running), Execution time: mean = 4.12ms, total = 24.73ms, Queueing time: mean = 0.01ms, max = 0.02ms, min = 0.01ms, total = 0.08ms
[state-dump] 	ray::rpc::NodeInfoGcsService.grpc_client.CheckAlive - 6 total (0 active), Execution time: mean = 0.79ms, total = 4.74ms, Queueing time: mean = 0.00ms, max = -0.00ms, min = 9223372036854.78ms, total = 0.00ms
[state-dump] 	RaySyncerRegister - 2 total (0 active), Execution time: mean = 0.00ms, total = 0.00ms, Queueing time: mean = 0.00ms, max = 0.00ms, min = 0.00ms, total = 0.00ms
[state-dump] 	ray::rpc::ControlPlanePubSubGcsService.grpc_client.GcsSubscriberCommandBatch.OnReplyReceived - 2 total (0 active), Execution time: mean = 0.04ms, total = 0.08ms, Queueing time: mean = 0.21ms, max = 0.25ms, min = 0.16ms, total = 0.41ms
[state-dump] 	ray::rpc::ControlPlanePubSubGcsService.grpc_client.GcsSubscriberCommandBatch - 2 total (0 active), Execution time: mean = 0.73ms, total = 1.46ms, Queueing time: mean = 0.00ms, max = -0.00ms, min = 9223372036854.78ms, total = 0.00ms
[state-dump] 	ray::rpc::NodeInfoGcsService.grpc_client.RegisterNode.OnReplyReceived - 1 total (0 active), Execution time: mean = 0.39ms, total = 0.39ms, Queueing time: mean = 0.01ms, max = 0.01ms, min = 0.01ms, total = 0.01ms
[state-dump] 	NodeManagerService.grpc_server.PrepareBundleResources.HandleRequestImpl - 1 total (0 active), Execution time: mean = 0.84ms, total = 0.84ms, Queueing time: mean = 0.03ms, max = 0.03ms, min = 0.03ms, total = 0.03ms
[state-dump] 	ReporterService.grpc_client.HealthCheck - 1 total (0 active), Execution time: mean = 132.11ms, total = 132.11ms, Queueing time: mean = 0.00ms, max = -0.00ms, min = 9223372036854.78ms, total = 0.00ms
[state-dump] 	ray::rpc::InternalKVGcsService.grpc_client.GetInternalConfig - 1 total (0 active), Execution time: mean = 0.83ms, total = 0.83ms, Queueing time: mean = 0.00ms, max = -0.00ms, min = 9223372036854.78ms, total = 0.00ms
[state-dump] 	ReporterService.grpc_client.HealthCheck.OnReplyReceived - 1 total (0 active), Execution time: mean = 0.15ms, total = 0.15ms, Queueing time: mean = 0.02ms, max = 0.02ms, min = 0.02ms, total = 0.02ms
[state-dump] 	ray::rpc::JobInfoGcsService.grpc_client.GetAllJobInfo.OnReplyReceived - 1 total (0 active), Execution time: mean = 0.01ms, total = 0.01ms, Queueing time: mean = 0.02ms, max = 0.02ms, min = 0.02ms, total = 0.02ms
[state-dump] 	NodeManager.GCTaskFailureReason - 1 total (1 active), Execution time: mean = 0.00ms, total = 0.00ms, Queueing time: mean = 0.00ms, max = -0.00ms, min = 9223372036854.78ms, total = 0.00ms
[state-dump] 	ray::rpc::InternalKVGcsService.grpc_client.GetInternalConfig.OnReplyReceived - 1 total (0 active), Execution time: mean = 629.71ms, total = 629.71ms, Queueing time: mean = 0.01ms, max = 0.01ms, min = 0.01ms, total = 0.01ms
[state-dump] 	ray::rpc::NodeInfoGcsService.grpc_client.GetAllNodeAddressAndLiveness.OnReplyReceived - 1 total (0 active), Execution time: mean = 0.16ms, total = 0.16ms, Queueing time: mean = 0.01ms, max = 0.01ms, min = 0.01ms, total = 0.01ms
[state-dump] 	ray::rpc::JobInfoGcsService.grpc_client.GetAllJobInfo - 1 total (0 active), Execution time: mean = 0.56ms, total = 0.56ms, Queueing time: mean = 0.00ms, max = -0.00ms, min = 9223372036854.78ms, total = 0.00ms
[state-dump] 	ray::rpc::NodeInfoGcsService.grpc_client.GetAllNodeAddressAndLiveness - 1 total (0 active), Execution time: mean = 0.70ms, total = 0.70ms, Queueing time: mean = 0.00ms, max = -0.00ms, min = 9223372036854.78ms, total = 0.00ms
[state-dump] 	Subscriber.HandlePublishedMessage_GCS_JOB_CHANNEL - 1 total (0 active), Execution time: mean = 0.04ms, total = 0.04ms, Queueing time: mean = 0.30ms, max = 0.30ms, min = 0.30ms, total = 0.30ms
[state-dump] 	NodeManagerService.grpc_server.CommitBundleResources.HandleRequestImpl - 1 total (0 active), Execution time: mean = 1.15ms, total = 1.15ms, Queueing time: mean = 0.03ms, max = 0.03ms, min = 0.03ms, total = 0.03ms
[state-dump] 	NodeManagerService.grpc_server.CommitBundleResources - 1 total (0 active), Execution time: mean = 1.41ms, total = 1.41ms, Queueing time: mean = 0.00ms, max = -0.00ms, min = 9223372036854.78ms, total = 0.00ms
[state-dump] 	NodeManagerService.grpc_server.PrepareBundleResources - 1 total (0 active), Execution time: mean = 1.10ms, total = 1.10ms, Queueing time: mean = 0.00ms, max = -0.00ms, min = 9223372036854.78ms, total = 0.00ms
[state-dump] 	ray::rpc::NodeInfoGcsService.grpc_client.RegisterNode - 1 total (0 active), Execution time: mean = 1.17ms, total = 1.17ms, Queueing time: mean = 0.00ms, max = -0.00ms, min = 9223372036854.78ms, total = 0.00ms
[state-dump] DebugString() time ms: 0
[state-dump] 
[state-dump] 
[2026-09-04 01:04:40,844 I 79 102] (raylet) store.cc:573: Plasma store debug dump: 
Current usage: 0 / 4.29497 GB
- num bytes created total: 72
0 pending objects of total size 0MB
- objects spillable: 0
- bytes spillable: 0
- objects unsealed: 0
- bytes unsealed: 0
- objects in use: 0
- bytes in use: 0
- objects evictable: 0
- bytes evictable: 0

- objects created by worker: 0
- bytes created by worker: 0
- objects restored: 0
- bytes restored: 0
- objects received: 0
- bytes received: 0
- objects errored: 0
- bytes errored: 0

[2026-09-04 01:04:41,500 I 79 79] (raylet) node_manager.cc:486: [state-dump] NodeManager:
[state-dump] Node ID: 82dfc8c23c51709b77aaa7de2deacf9d421699bfcaad6b6cc4f66c59
[state-dump] Node name: 10.244.180.242
[state-dump] InitialConfigResources: {node:10.244.180.242: 1, object_store_memory: 4.29497e+09, GPU: 8, CPU: 64, accelerator_type:B200: 1, memory: 3.24185e+12}
[state-dump] ClusterLeaseManager:
[state-dump] ========== Node: 82dfc8c23c51709b77aaa7de2deacf9d421699bfcaad6b6cc4f66c59 =================
[state-dump] Infeasible queue length: 0
[state-dump] Schedule queue length: 0
[state-dump] Grant queue length: 0
[state-dump] num_waiting_for_resource: 0
[state-dump] num_waiting_for_plasma_memory: 0
[state-dump] num_waiting_for_remote_node_resources: 0
[state-dump] num_worker_not_started_by_job_config_not_exist: 0
[state-dump] num_worker_not_started_by_registration_timeout: 0
[state-dump] num_tasks_waiting_for_workers: 0
[state-dump] num_cancelled_leases: 0
[state-dump] cluster_resource_scheduler state: 
[state-dump] Local id: -8170265163178445639 Local resources: {"total":{node:10.244.180.242: [10000], GPU_group_19_41b56c6dcd1a3ea16b3ee9c698c601000000: [0, 0, 10000, 0, 0, 0, 0, 0], CPU: [640000], GPU_group_24_41b56c6dcd1a3ea16b3ee9c698c601000000: [0, 0, 0, 0, 0, 0, 0, 10000], CPU_group_19_41b56c6dcd1a3ea16b3ee9c698c601000000: [10000], GPU_group_23_41b56c6dcd1a3ea16b3ee9c698c601000000: [0, 0, 0, 0, 0, 0, 10000, 0], bundle_group_22_41b56c6dcd1a3ea16b3ee9c698c601000000: [10000000], GPU_group_17_41b56c6dcd1a3ea16b3ee9c698c601000000: [10000, 0, 0, 0, 0, 0, 0, 0], accelerator_type:B200: [10000], bundle_group_18_41b56c6dcd1a3ea16b3ee9c698c601000000: [10000000], CPU_group_17_41b56c6dcd1a3ea16b3ee9c698c601000000: [10000], memory: [32418475745280000], object_store_memory: [42949672960000], GPU_group_18_41b56c6dcd1a3ea16b3ee9c698c601000000: [0, 10000, 0, 0, 0, 0, 0, 0], CPU_group_41b56c6dcd1a3ea16b3ee9c698c601000000: [80000], bundle_group_41b56c6dcd1a3ea16b3ee9c698c601000000: [80000000], bundle_group_17_41b56c6dcd1a3ea16b3ee9c698c601000000: [10000000], CPU_group_20_41b56c6dcd1a3ea16b3ee9c698c601000000: [10000], GPU_group_20_41b56c6dcd1a3ea16b3ee9c698c601000000: [0, 0, 0, 10000, 0, 0, 0, 0], bundle_group_19_41b56c6dcd1a3ea16b3ee9c698c601000000: [10000000], bundle_group_23_41b56c6dcd1a3ea16b3ee9c698c601000000: [10000000], CPU_group_24_41b56c6dcd1a3ea16b3ee9c698c601000000: [10000], CPU_group_22_41b56c6dcd1a3ea16b3ee9c698c601000000: [10000], GPU_group_22_41b56c6dcd1a3ea16b3ee9c698c601000000: [0, 0, 0, 0, 0, 10000, 0, 0], CPU_group_23_41b56c6dcd1a3ea16b3ee9c698c601000000: [10000], CPU_group_21_41b56c6dcd1a3ea16b3ee9c698c601000000: [10000], GPU: [10000, 10000, 10000, 10000, 10000, 10000, 10000, 10000], bundle_group_21_41b56c6dcd1a3ea16b3ee9c698c601000000: [10000000], bundle_group_24_41b56c6dcd1a3ea16b3ee9c698c601000000: [10000000], GPU_group_41b56c6dcd1a3ea16b3ee9c698c601000000: [10000, 10000, 10000, 10000, 10000, 10000, 10000, 10000], GPU_group_21_41b56c6dcd1a3ea16b3ee9c698c601000000: [0, 0, 0, 0, 10000, 0, 0, 0], CPU_group_18_41b56c6dcd1a3ea16b3ee9c698c601000000: [10000], bundle_group_20_41b56c6dcd1a3ea16b3ee9c698c601000000: [10000000]}, "available": {GPU_group_19_41b56c6dcd1a3ea16b3ee9c698c601000000: [0, 0, 10000, 0, 0, 0, 0, 0], node:10.244.180.242: [10000], GPU_group_17_41b56c6dcd1a3ea16b3ee9c698c601000000: [8000, 0, 0, 0, 0, 0, 0, 0], bundle_group_22_41b56c6dcd1a3ea16b3ee9c698c601000000: [10000000], accelerator_type:B200: [10000], CPU_group_19_41b56c6dcd1a3ea16b3ee9c698c601000000: [10000], GPU_group_23_41b56c6dcd1a3ea16b3ee9c698c601000000: [0, 0, 0, 0, 0, 0, 10000, 0], bundle_group_18_41b56c6dcd1a3ea16b3ee9c698c601000000: [10000000], CPU: [560000], GPU_group_24_41b56c6dcd1a3ea16b3ee9c698c601000000: [0, 0, 0, 0, 0, 0, 0, 10000], memory: [32418475745280000], CPU_group_17_41b56c6dcd1a3ea16b3ee9c698c601000000: [8000], CPU_group_24_41b56c6dcd1a3ea16b3ee9c698c601000000: [10000], GPU_group_18_41b56c6dcd1a3ea16b3ee9c698c601000000: [0, 10000, 0, 0, 0, 0, 0, 0], object_store_memory: [42949672960000], GPU_group_20_41b56c6dcd1a3ea16b3ee9c698c601000000: [0, 0, 0, 10000, 0, 0, 0, 0], CPU_group_20_41b56c6dcd1a3ea16b3ee9c698c601000000: [10000], bundle_group_23_41b56c6dcd1a3ea16b3ee9c698c601000000: [10000000], bundle_group_41b56c6dcd1a3ea16b3ee9c698c601000000: [79999990], bundle_group_17_41b56c6dcd1a3ea16b3ee9c698c601000000: [9999990], CPU_group_21_41b56c6dcd1a3ea16b3ee9c698c601000000: [10000], CPU_group_41b56c6dcd1a3ea16b3ee9c698c601000000: [78000], GPU_group_22_41b56c6dcd1a3ea16b3ee9c698c601000000: [0, 0, 0, 0, 0, 10000, 0, 0], bundle_group_19_41b56c6dcd1a3ea16b3ee9c698c601000000: [10000000], CPU_group_23_41b56c6dcd1a3ea16b3ee9c698c601000000: [10000], CPU_group_22_41b56c6dcd1a3ea16b3ee9c698c601000000: [10000], GPU_group_41b56c6dcd1a3ea16b3ee9c698c601000000: [8000, 10000, 10000, 10000, 10000, 10000, 10000, 10000], bundle_group_21_41b56c6dcd1a3ea16b3ee9c698c601000000: [10000000], GPU: [0, 0, 0, 0, 0, 0, 0, 0], bundle_group_24_41b56c6dcd1a3ea16b3ee9c698c601000000: [10000000], bundle_group_20_41b56c6dcd1a3ea16b3ee9c698c601000000: [10000000], CPU_group_18_41b56c6dcd1a3ea16b3ee9c698c601000000: [10000], GPU_group_21_41b56c6dcd1a3ea16b3ee9c698c601000000: [0, 0, 0, 0, 10000, 0, 0, 0]}, "labels":{"ray.io/node-id":"82dfc8c23c51709b77aaa7de2deacf9d421699bfcaad6b6cc4f66c59","ray.io/accelerator-type":"B200"}} is_draining: 0 is_idle: 0 Cluster resources (at most 20 nodes are shown): node id: -8170265163178445639{"total":{GPU: 80000, bundle_group_24_41b56c6dcd1a3ea16b3ee9c698c601000000: 10000000, GPU_group_17_41b56c6dcd1a3ea16b3ee9c698c601000000: 10000, bundle_group_18_41b56c6dcd1a3ea16b3ee9c698c601000000: 10000000, bundle_group_22_41b56c6dcd1a3ea16b3ee9c698c601000000: 10000000, GPU_group_24_41b56c6dcd1a3ea16b3ee9c698c601000000: 10000, CPU: 640000, CPU_group_19_41b56c6dcd1a3ea16b3ee9c698c601000000: 10000, GPU_group_23_41b56c6dcd1a3ea16b3ee9c698c601000000: 10000, accelerator_type:B200: 10000, GPU_group_19_41b56c6dcd1a3ea16b3ee9c698c601000000: 10000, node:10.244.180.242: 10000, GPU_group_18_41b56c6dcd1a3ea16b3ee9c698c601000000: 10000, CPU_group_24_41b56c6dcd1a3ea16b3ee9c698c601000000: 10000, object_store_memory: 42949672960000, memory: 32418475745280000, CPU_group_17_41b56c6dcd1a3ea16b3ee9c698c601000000: 10000, GPU_group_22_41b56c6dcd1a3ea16b3ee9c698c601000000: 10000, CPU_group_23_41b56c6dcd1a3ea16b3ee9c698c601000000: 10000, CPU_group_21_41b56c6dcd1a3ea16b3ee9c698c601000000: 10000, CPU_group_22_41b56c6dcd1a3ea16b3ee9c698c601000000: 10000, GPU_group_20_41b56c6dcd1a3ea16b3ee9c698c601000000: 10000, CPU_group_41b56c6dcd1a3ea16b3ee9c698c601000000: 80000, bundle_group_41b56c6dcd1a3ea16b3ee9c698c601000000: 80000000, bundle_group_23_41b56c6dcd1a3ea16b3ee9c698c601000000: 10000000, CPU_group_20_41b56c6dcd1a3ea16b3ee9c698c601000000: 10000, bundle_group_17_41b56c6dcd1a3ea16b3ee9c698c601000000: 10000000, bundle_group_19_41b56c6dcd1a3ea16b3ee9c698c601000000: 10000000, bundle_group_20_41b56c6dcd1a3ea16b3ee9c698c601000000: 10000000, GPU_group_21_41b56c6dcd1a3ea16b3ee9c698c601000000: 10000, CPU_group_18_41b56c6dcd1a3ea16b3ee9c698c601000000: 10000, bundle_group_21_41b56c6dcd1a3ea16b3ee9c698c601000000: 10000000, GPU_group_41b56c6dcd1a3ea16b3ee9c698c601000000: 80000}, "available": {bundle_group_22_41b56c6dcd1a3ea16b3ee9c698c601000000: 10000000, bundle_group_18_41b56c6dcd1a3ea16b3ee9c698c601000000: 10000000, bundle_group_24_41b56c6dcd1a3ea16b3ee9c698c601000000: 10000000, bundle_group_21_41b56c6dcd1a3ea16b3ee9c698c601000000: 10000000, GPU_group_41b56c6dcd1a3ea16b3ee9c698c601000000: 78000, GPU_group_21_41b56c6dcd1a3ea16b3ee9c698c601000000: 10000, CPU_group_18_41b56c6dcd1a3ea16b3ee9c698c601000000: 10000, bundle_group_20_41b56c6dcd1a3ea16b3ee9c698c601000000: 10000000, CPU_group_41b56c6dcd1a3ea16b3ee9c698c601000000: 78000, bundle_group_17_41b56c6dcd1a3ea16b3ee9c698c601000000: 9999990, bundle_group_23_41b56c6dcd1a3ea16b3ee9c698c601000000: 10000000, CPU_group_20_41b56c6dcd1a3ea16b3ee9c698c601000000: 10000, bundle_group_19_41b56c6dcd1a3ea16b3ee9c698c601000000: 10000000, GPU_group_20_41b56c6dcd1a3ea16b3ee9c698c601000000: 10000, bundle_group_41b56c6dcd1a3ea16b3ee9c698c601000000: 79999990, CPU_group_22_41b56c6dcd1a3ea16b3ee9c698c601000000: 10000, GPU_group_22_41b56c6dcd1a3ea16b3ee9c698c601000000: 10000, CPU_group_23_41b56c6dcd1a3ea16b3ee9c698c601000000: 10000, CPU_group_21_41b56c6dcd1a3ea16b3ee9c698c601000000: 10000, CPU_group_17_41b56c6dcd1a3ea16b3ee9c698c601000000: 8000, memory: 32418475745280000, object_store_memory: 42949672960000, CPU_group_24_41b56c6dcd1a3ea16b3ee9c698c601000000: 10000, GPU_group_18_41b56c6dcd1a3ea16b3ee9c698c601000000: 10000, node:10.244.180.242: 10000, GPU_group_19_41b56c6dcd1a3ea16b3ee9c698c601000000: 10000, GPU_group_24_41b56c6dcd1a3ea16b3ee9c698c601000000: 10000, CPU: 560000, CPU_group_19_41b56c6dcd1a3ea16b3ee9c698c601000000: 10000, accelerator_type:B200: 10000, GPU_group_23_41b56c6dcd1a3ea16b3ee9c698c601000000: 10000, GPU_group_17_41b56c6dcd1a3ea16b3ee9c698c601000000: 8000}, "labels":{"ray.io/node-id":"82dfc8c23c51709b77aaa7de2deacf9d421699bfcaad6b6cc4f66c59","ray.io/accelerator-type":"B200"}, "is_draining": 0, "draining_deadline_timestamp_ms": -1}node id: -1351780445297854484{"total":{bundle_group_14_41b56c6dcd1a3ea16b3ee9c698c601000000: 10000000, bundle_group_0_41b56c6dcd1a3ea16b3ee9c698c601000000: 10000000, bundle_group_13_41b56c6dcd1a3ea16b3ee9c698c601000000: 10000000, GPU_group_0_41b56c6dcd1a3ea16b3ee9c698c601000000: 10000, CPU_group_41b56c6dcd1a3ea16b3ee9c698c601000000: 80000, bundle_group_41b56c6dcd1a3ea16b3ee9c698c601000000: 80000000, CPU_group_10_41b56c6dcd1a3ea16b3ee9c698c601000000: 10000, CPU_group_11_41b56c6dcd1a3ea16b3ee9c698c601000000: 10000, CPU_group_13_41b56c6dcd1a3ea16b3ee9c698c601000000: 10000, GPU_group_12_41b56c6dcd1a3ea16b3ee9c698c601000000: 10000, bundle_group_9_41b56c6dcd1a3ea16b3ee9c698c601000000: 10000000, GPU_group_15_41b56c6dcd1a3ea16b3ee9c698c601000000: 10000, GPU_group_41b56c6dcd1a3ea16b3ee9c698c601000000: 80000, GPU: 80000, bundle_group_12_41b56c6dcd1a3ea16b3ee9c698c601000000: 10000000, CPU_group_12_41b56c6dcd1a3ea16b3ee9c698c601000000: 10000, CPU_group_15_41b56c6dcd1a3ea16b3ee9c698c601000000: 10000, GPU_group_13_41b56c6dcd1a3ea16b3ee9c698c601000000: 10000, GPU_group_11_41b56c6dcd1a3ea16b3ee9c698c601000000: 10000, bundle_group_10_41b56c6dcd1a3ea16b3ee9c698c601000000: 10000000, bundle_group_11_41b56c6dcd1a3ea16b3ee9c698c601000000: 10000000, CPU_group_0_41b56c6dcd1a3ea16b3ee9c698c601000000: 10000, accelerator_type:B200: 10000, CPU: 640000, memory: 32418477711360000, node:10.244.218.62: 10000, bundle_group_15_41b56c6dcd1a3ea16b3ee9c698c601000000: 10000000, GPU_group_10_41b56c6dcd1a3ea16b3ee9c698c601000000: 10000, object_store_memory: 42949672960000, CPU_group_9_41b56c6dcd1a3ea16b3ee9c698c601000000: 10000, GPU_group_9_41b56c6dcd1a3ea16b3ee9c698c601000000: 10000, GPU_group_14_41b56c6dcd1a3ea16b3ee9c698c601000000: 10000, CPU_group_14_41b56c6dcd1a3ea16b3ee9c698c601000000: 10000}, "available": {GPU_group_41b56c6dcd1a3ea16b3ee9c698c601000000: 78000, CPU_group_12_41b56c6dcd1a3ea16b3ee9c698c601000000: 10000, bundle_group_12_41b56c6dcd1a3ea16b3ee9c698c601000000: 10000000, GPU_group_13_41b56c6dcd1a3ea16b3ee9c698c601000000: 10000, CPU_group_15_41b56c6dcd1a3ea16b3ee9c698c601000000: 10000, bundle_group_0_41b56c6dcd1a3ea16b3ee9c698c601000000: 9999990, CPU_group_10_41b56c6dcd1a3ea16b3ee9c698c601000000: 10000, CPU_group_41b56c6dcd1a3ea16b3ee9c698c601000000: 78000, CPU_group_11_41b56c6dcd1a3ea16b3ee9c698c601000000: 10000, GPU_group_12_41b56c6dcd1a3ea16b3ee9c698c601000000: 10000, CPU_group_13_41b56c6dcd1a3ea16b3ee9c698c601000000: 10000, bundle_group_41b56c6dcd1a3ea16b3ee9c698c601000000: 79999990, GPU_group_15_41b56c6dcd1a3ea16b3ee9c698c601000000: 10000, bundle_group_9_41b56c6dcd1a3ea16b3ee9c698c601000000: 10000000, node:10.244.218.62: 10000, memory: 32418477711360000, object_store_memory: 42949672960000, CPU_group_9_41b56c6dcd1a3ea16b3ee9c698c601000000: 10000, bundle_group_15_41b56c6dcd1a3ea16b3ee9c698c601000000: 10000000, bundle_group_14_41b56c6dcd1a3ea16b3ee9c698c601000000: 10000000, GPU_group_0_41b56c6dcd1a3ea16b3ee9c698c601000000: 8000, GPU_group_14_41b56c6dcd1a3ea16b3ee9c698c601000000: 10000, CPU_group_14_41b56c6dcd1a3ea16b3ee9c698c601000000: 10000, GPU_group_9_41b56c6dcd1a3ea16b3ee9c698c601000000: 10000, bundle_group_13_41b56c6dcd1a3ea16b3ee9c698c601000000: 10000000, GPU_group_10_41b56c6dcd1a3ea16b3ee9c698c601000000: 10000, bundle_group_10_41b56c6dcd1a3ea16b3ee9c698c601000000: 10000000, GPU_group_11_41b56c6dcd1a3ea16b3ee9c698c601000000: 10000, CPU_group_0_41b56c6dcd1a3ea16b3ee9c698c601000000: 8000, bundle_group_11_41b56c6dcd1a3ea16b3ee9c698c601000000: 10000000, accelerator_type:B200: 10000, CPU: 560000}, "labels":{"ray.io/accelerator-type":"B200","ray.io/node-id":"90dc8450878fe5de358e116e0b8657e06554d0d69bbf5603e4880a55"}, "is_draining": 0, "draining_deadline_timestamp_ms": -1}node id: 4273633132855142460{"total":{bundle_group_41b56c6dcd1a3ea16b3ee9c698c601000000: 80000000, bundle_group_7_41b56c6dcd1a3ea16b3ee9c698c601000000: 10000000, CPU_group_5_41b56c6dcd1a3ea16b3ee9c698c601000000: 10000, CPU_group_4_41b56c6dcd1a3ea16b3ee9c698c601000000: 10000, bundle_group_1_41b56c6dcd1a3ea16b3ee9c698c601000000: 10000000, CPU_group_41b56c6dcd1a3ea16b3ee9c698c601000000: 80000, GPU_group_7_41b56c6dcd1a3ea16b3ee9c698c601000000: 10000, GPU_group_4_41b56c6dcd1a3ea16b3ee9c698c601000000: 10000, GPU_group_1_41b56c6dcd1a3ea16b3ee9c698c601000000: 10000, node:10.244.13.18: 10000, bundle_group_3_41b56c6dcd1a3ea16b3ee9c698c601000000: 10000000, CPU_group_2_41b56c6dcd1a3ea16b3ee9c698c601000000: 10000, GPU_group_41b56c6dcd1a3ea16b3ee9c698c601000000: 80000, CPU_group_6_41b56c6dcd1a3ea16b3ee9c698c601000000: 10000, CPU_group_3_41b56c6dcd1a3ea16b3ee9c698c601000000: 10000, GPU: 80000, CPU_group_7_41b56c6dcd1a3ea16b3ee9c698c601000000: 10000, bundle_group_8_41b56c6dcd1a3ea16b3ee9c698c601000000: 10000000, CPU_group_8_41b56c6dcd1a3ea16b3ee9c698c601000000: 10000, GPU_group_8_41b56c6dcd1a3ea16b3ee9c698c601000000: 10000, bundle_group_6_41b56c6dcd1a3ea16b3ee9c698c601000000: 10000000, accelerator_type:B200: 10000, CPU: 640000, GPU_group_3_41b56c6dcd1a3ea16b3ee9c698c601000000: 10000, CPU_group_1_41b56c6dcd1a3ea16b3ee9c698c601000000: 10000, bundle_group_5_41b56c6dcd1a3ea16b3ee9c698c601000000: 10000000, memory: 32418533744640000, GPU_group_2_41b56c6dcd1a3ea16b3ee9c698c601000000: 10000, GPU_group_6_41b56c6dcd1a3ea16b3ee9c698c601000000: 10000, bundle_group_4_41b56c6dcd1a3ea16b3ee9c698c601000000: 10000000, GPU_group_5_41b56c6dcd1a3ea16b3ee9c698c601000000: 10000, object_store_memory: 42949672960000, bundle_group_2_41b56c6dcd1a3ea16b3ee9c698c601000000: 10000000}, "available": {CPU_group_7_41b56c6dcd1a3ea16b3ee9c698c601000000: 2000, bundle_group_8_41b56c6dcd1a3ea16b3ee9c698c601000000: 9999980, CPU_group_6_41b56c6dcd1a3ea16b3ee9c698c601000000: 2000, CPU_group_3_41b56c6dcd1a3ea16b3ee9c698c601000000: 2000, GPU_group_41b56c6dcd1a3ea16b3ee9c698c601000000: 16000, CPU_group_2_41b56c6dcd1a3ea16b3ee9c698c601000000: 2000, node:10.244.13.18: 10000, bundle_group_3_41b56c6dcd1a3ea16b3ee9c698c601000000: 9999980, GPU_group_1_41b56c6dcd1a3ea16b3ee9c698c601000000: 2000, GPU_group_4_41b56c6dcd1a3ea16b3ee9c698c601000000: 2000, GPU_group_7_41b56c6dcd1a3ea16b3ee9c698c601000000: 2000, bundle_group_7_41b56c6dcd1a3ea16b3ee9c698c601000000: 9999980, CPU_group_5_41b56c6dcd1a3ea16b3ee9c698c601000000: 2000, bundle_group_1_41b56c6dcd1a3ea16b3ee9c698c601000000: 9999980, CPU_group_41b56c6dcd1a3ea16b3ee9c698c601000000: 16000, bundle_group_41b56c6dcd1a3ea16b3ee9c698c601000000: 79999840, CPU_group_4_41b56c6dcd1a3ea16b3ee9c698c601000000: 2000, bundle_group_2_41b56c6dcd1a3ea16b3ee9c698c601000000: 9999980, bundle_group_4_41b56c6dcd1a3ea16b3ee9c698c601000000: 9999980, GPU_group_5_41b56c6dcd1a3ea16b3ee9c698c601000000: 2000, object_store_memory: 42949672960000, GPU_group_6_41b56c6dcd1a3ea16b3ee9c698c601000000: 2000, GPU_group_2_41b56c6dcd1a3ea16b3ee9c698c601000000: 2000, memory: 32418533744640000, CPU: 560000, GPU_group_3_41b56c6dcd1a3ea16b3ee9c698c601000000: 2000, CPU_group_1_41b56c6dcd1a3ea16b3ee9c698c601000000: 2000, bundle_group_5_41b56c6dcd1a3ea16b3ee9c698c601000000: 9999980, bundle_group_6_41b56c6dcd1a3ea16b3ee9c698c601000000: 9999980, accelerator_type:B200: 10000, GPU_group_8_41b56c6dcd1a3ea16b3ee9c698c601000000: 2000, CPU_group_8_41b56c6dcd1a3ea16b3ee9c698c601000000: 2000}, "labels":{"ray.io/node-id":"4296a17b2364b071e4782261814dd77feed7cb4e5a4de14ab32d253a","ray.io/accelerator-type":"B200"}, "is_draining": 0, "draining_deadline_timestamp_ms": -1}node id: -7973918255608480324{"total":{CPU_group_26_41b56c6dcd1a3ea16b3ee9c698c601000000: 10000, CPU_group_27_41b56c6dcd1a3ea16b3ee9c698c601000000: 10000, bundle_group_30_41b56c6dcd1a3ea16b3ee9c698c601000000: 10000000, GPU: 80000, bundle_group_28_41b56c6dcd1a3ea16b3ee9c698c601000000: 10000000, GPU_group_41b56c6dcd1a3ea16b3ee9c698c601000000: 80000, CPU_group_31_41b56c6dcd1a3ea16b3ee9c698c601000000: 10000, node:__internal_head__: 10000, GPU_group_27_41b56c6dcd1a3ea16b3ee9c698c601000000: 10000, GPU_group_16_41b56c6dcd1a3ea16b3ee9c698c601000000: 10000, bundle_group_41b56c6dcd1a3ea16b3ee9c698c601000000: 80000000, CPU_group_41b56c6dcd1a3ea16b3ee9c698c601000000: 80000, bundle_group_29_41b56c6dcd1a3ea16b3ee9c698c601000000: 10000000, bundle_group_27_41b56c6dcd1a3ea16b3ee9c698c601000000: 10000000, object_store_memory: 42949672960000, GPU_group_26_41b56c6dcd1a3ea16b3ee9c698c601000000: 10000, node:10.244.18.139: 10000, GPU_group_25_41b56c6dcd1a3ea16b3ee9c698c601000000: 10000, CPU_group_16_41b56c6dcd1a3ea16b3ee9c698c601000000: 10000, GPU_group_31_41b56c6dcd1a3ea16b3ee9c698c601000000: 10000, CPU_group_28_41b56c6dcd1a3ea16b3ee9c698c601000000: 10000, memory: 32397589872640000, bundle_group_16_41b56c6dcd1a3ea16b3ee9c698c601000000: 10000000, GPU_group_30_41b56c6dcd1a3ea16b3ee9c698c601000000: 10000, CPU: 640000, bundle_group_31_41b56c6dcd1a3ea16b3ee9c698c601000000: 10000000, bundle_group_26_41b56c6dcd1a3ea16b3ee9c698c601000000: 10000000, accelerator_type:B200: 10000, CPU_group_30_41b56c6dcd1a3ea16b3ee9c698c601000000: 10000, CPU_group_29_41b56c6dcd1a3ea16b3ee9c698c601000000: 10000, GPU_group_28_41b56c6dcd1a3ea16b3ee9c698c601000000: 10000, CPU_group_25_41b56c6dcd1a3ea16b3ee9c698c601000000: 10000, GPU_group_29_41b56c6dcd1a3ea16b3ee9c698c601000000: 10000, bundle_group_25_41b56c6dcd1a3ea16b3ee9c698c601000000: 10000000}, "available": {CPU_group_26_41b56c6dcd1a3ea16b3ee9c698c601000000: 2000, CPU_group_27_41b56c6dcd1a3ea16b3ee9c698c601000000: 2000, bundle_group_30_41b56c6dcd1a3ea16b3ee9c698c601000000: 9999980, GPU_group_41b56c6dcd1a3ea16b3ee9c698c601000000: 16000, bundle_group_28_41b56c6dcd1a3ea16b3ee9c698c601000000: 9999980, node:__internal_head__: 10000, CPU_group_31_41b56c6dcd1a3ea16b3ee9c698c601000000: 2000, GPU_group_27_41b56c6dcd1a3ea16b3ee9c698c601000000: 2000, GPU_group_16_41b56c6dcd1a3ea16b3ee9c698c601000000: 2000, bundle_group_41b56c6dcd1a3ea16b3ee9c698c601000000: 79999840, CPU_group_41b56c6dcd1a3ea16b3ee9c698c601000000: 16000, bundle_group_29_41b56c6dcd1a3ea16b3ee9c698c601000000: 9999980, bundle_group_27_41b56c6dcd1a3ea16b3ee9c698c601000000: 9999980, GPU_group_26_41b56c6dcd1a3ea16b3ee9c698c601000000: 2000, object_store_memory: 42943690530000, node:10.244.18.139: 10000, GPU_group_25_41b56c6dcd1a3ea16b3ee9c698c601000000: 2000, CPU_group_16_41b56c6dcd1a3ea16b3ee9c698c601000000: 2000, GPU_group_31_41b56c6dcd1a3ea16b3ee9c698c601000000: 2000, memory: 32397589872640000, CPU_group_28_41b56c6dcd1a3ea16b3ee9c698c601000000: 2000, bundle_group_16_41b56c6dcd1a3ea16b3ee9c698c601000000: 9999980, CPU: 540000, GPU_group_30_41b56c6dcd1a3ea16b3ee9c698c601000000: 2000, bundle_group_31_41b56c6dcd1a3ea16b3ee9c698c601000000: 9999980, accelerator_type:B200: 10000, bundle_group_26_41b56c6dcd1a3ea16b3ee9c698c601000000: 9999980, CPU_group_25_41b56c6dcd1a3ea16b3ee9c698c601000000: 2000, CPU_group_30_41b56c6dcd1a3ea16b3ee9c698c601000000: 2000, CPU_group_29_41b56c6dcd1a3ea16b3ee9c698c601000000: 2000, GPU_group_29_41b56c6dcd1a3ea16b3ee9c698c601000000: 2000, GPU_group_28_41b56c6dcd1a3ea16b3ee9c698c601000000: 2000, bundle_group_25_41b56c6dcd1a3ea16b3ee9c698c601000000: 9999980}, "labels":{"ray.io/node-id":"11215b0011fac4845f8eecab7d85f57fc12c4efc1ad3dce06ebdc204","ray.io/accelerator-type":"B200"}, "is_draining": 0, "draining_deadline_timestamp_ms": -1} { "placement group locations": [], "node to bundles": []}
[state-dump] Waiting leases size: 0
[state-dump] Number of granted lease arguments: 0
[state-dump] Number of pinned lease arguments: 0
[state-dump] Total size of pinned lease arguments: 0
[state-dump] Number of total spilled leases: 0
[state-dump] Number of spilled waiting leases: 0
[state-dump] Number of spilled unschedulable leases: 0
[state-dump] Resource usage {
[state-dump]     - (language=PYTHON actor_or_taskSGLangEngine.__init__ pid=858 worker_id=650a17a0e0c4cd2270b368052022e6d017baf108cd0e6d39cfd281fe): {bundle_group_41b56c6dcd1a3ea16b3ee9c698c601000000: 0.001, GPU_group_41b56c6dcd1a3ea16b3ee9c698c601000000: 0.2, GPU_group_17_41b56c6dcd1a3ea16b3ee9c698c601000000: 0.2, CPU_group_41b56c6dcd1a3ea16b3ee9c698c601000000: 0.2, CPU_group_17_41b56c6dcd1a3ea16b3ee9c698c601000000: 0.2, bundle_group_17_41b56c6dcd1a3ea16b3ee9c698c601000000: 0.001}
[state-dump] }
[state-dump] Backlog Size per scheduling descriptor :{workerId: num backlogs}:
[state-dump] 
[state-dump] Granted leases by scheduling class:
[state-dump] ==================================================
[state-dump] 
[state-dump] ClusterResources:
[state-dump] LocalObjectManager:
[state-dump] - num pinned objects: 0
[state-dump] - pinned objects size: 0
[state-dump] - num objects pending restore: 0
[state-dump] - num objects pending spill: 0
[state-dump] - num bytes pending spill: 0
[state-dump] - num bytes currently spilled: 0
[state-dump] - cumulative spill requests: 0
[state-dump] - cumulative restore requests: 0
[state-dump] - spilled objects pending delete: 0
[state-dump] 
[state-dump] ObjectManager:
[state-dump] - num local objects: 0
[state-dump] - num unfulfilled push requests: 0
[state-dump] - num object pull requests: 0
[state-dump] - num chunks received total: 0
[state-dump] - num chunks received failed (all): 0
[state-dump] - num chunks received failed / cancelled: 0
[state-dump] - num chunks received failed / plasma error: 0
[state-dump] Event stats:
[state-dump] Global stats: 0 total (0 active)
[state-dump] Queueing time: mean = -nanms, max = -0.00ms, min = 9223372036854.78ms, total = 0.00ms
[state-dump] Execution time:  mean = -nanms, total = 0.00ms
[state-dump] Event stats:
[state-dump] PushManager:
[state-dump] - num pushes remaining: 0
[state-dump] - num chunks in flight: 0
[state-dump] - num chunks remaining: 0
[state-dump] - max chunks allowed: 409
[state-dump] OwnershipBasedObjectDirectory:
[state-dump] - num listeners: 0
[state-dump] - cumulative location updates: 0
[state-dump] - num location updates per second: 0.000
[state-dump] - num location lookups per second: 0.000
[state-dump] - num locations added per second: 0.000
[state-dump] - num locations removed per second: 0.000
[state-dump] BufferPool:
[state-dump] - create buffer state map size: 0
[state-dump] PullManager:
[state-dump] - num bytes available for pulled objects: 4294967296
[state-dump] - num bytes being pulled (all): 0
[state-dump] - num bytes being pulled / pinned: 0
[state-dump] - get request bundles: BundlePullRequestQueue{0 total, 0 active, 0 inactive, 0 unpullable}
[state-dump] - wait request bundles: BundlePullRequestQueue{0 total, 0 active, 0 inactive, 0 unpullable}
[state-dump] - task request bundles: BundlePullRequestQueue{0 total, 0 active, 0 inactive, 0 unpullable}
[state-dump] - first get request bundle: N/A
[state-dump] - first wait request bundle: N/A
[state-dump] - first task request bundle: N/A
[state-dump] - num objects queued: 0
[state-dump] - num objects actively pulled (all): 0
[state-dump] - num objects actively pulled / pinned: 0
[state-dump] - num bundles being pulled: 0
[state-dump] - num pull retries: 0
[state-dump] - max timeout seconds: 0
[state-dump] - max timeout request is already processed. No entry.
[state-dump] 
[state-dump] WorkerPool:
[state-dump] - registered jobs: 1
[state-dump] - process_failed_job_config_missing: 0
[state-dump] - process_failed_rate_limited: 0
[state-dump] - process_failed_pending_registration: 0
[state-dump] - process_failed_runtime_env_setup_failed: 0
[state-dump] - num PYTHON workers: 1
[state-dump] - num PYTHON drivers: 0
[state-dump] - num PYTHON pending start requests: 0
[state-dump] - num PYTHON pending registration requests: 0
[state-dump] - num object spill callbacks queued: 0
[state-dump] - num object restore queued: 0
[state-dump] - num util functions queued: 0
[state-dump] - num idle workers: 0
[state-dump] LeaseDependencyManager:
[state-dump] - lease deps map size: 0
[state-dump] - get req map size: 0
[state-dump] - wait req map size: 0
[state-dump] - local objects map size: 0
[state-dump] WaitManager:
[state-dump] - num active wait requests: 0
[state-dump] Subscriber:
[state-dump] Channel WORKER_OBJECT_LOCATIONS_CHANNEL
[state-dump] - cumulative subscribe requests: 0
[state-dump] - cumulative unsubscribe requests: 0
[state-dump] - active subscribed publishers: 0
[state-dump] - cumulative published messages: 0
[state-dump] - cumulative processed messages: 0
[state-dump] Channel WORKER_REF_REMOVED_CHANNEL
[state-dump] - cumulative subscribe requests: 0
[state-dump] - cumulative unsubscribe requests: 0
[state-dump] - active subscribed publishers: 0
[state-dump] - cumulative published messages: 0
[state-dump] - cumulative processed messages: 0
[state-dump] num async plasma notifications: 0
[state-dump] Event stats:
[state-dump] Global stats: 18334 total (15 active)
[state-dump] Queueing time: mean = 1.69ms, max = 26285.89ms, min = 0.00ms, total = 31030.76ms
[state-dump] Execution time:  mean = 1.83ms, total = 33480.76ms
[state-dump] Event stats:
[state-dump] 	RaySyncer.BroadcastMessageIfNewVersion - 4198 total (1 active), Execution time: mean = 0.00ms, total = 6.37ms, Queueing time: mean = 0.05ms, max = 21.67ms, min = 0.00ms, total = 227.94ms
[state-dump] 	ObjectManager.UpdateAvailableMemory - 4198 total (0 active), Execution time: mean = 0.00ms, total = 3.22ms, Queueing time: mean = 0.01ms, max = 0.06ms, min = 0.00ms, total = 32.89ms
[state-dump] 	NodeManager.CheckGC - 4198 total (1 active), Execution time: mean = 0.00ms, total = 3.85ms, Queueing time: mean = 0.05ms, max = 21.67ms, min = 0.00ms, total = 230.48ms
[state-dump] 	RayletWorkerPool.deadline_timer.kill_idle_workers - 2100 total (1 active), Execution time: mean = 0.00ms, total = 3.11ms, Queueing time: mean = 0.02ms, max = 8.65ms, min = 0.00ms, total = 43.67ms
[state-dump] 	NodeManager.ScheduleAndGrantLeases - 421 total (1 active), Execution time: mean = 0.00ms, total = 1.59ms, Queueing time: mean = 0.01ms, max = 0.04ms, min = 0.00ms, total = 5.57ms
[state-dump] 	NodeManager.CheckForUnexpectedWorkerDisconnects - 421 total (1 active), Execution time: mean = 0.01ms, total = 2.24ms, Queueing time: mean = 0.01ms, max = 0.06ms, min = 0.00ms, total = 4.83ms
[state-dump] 	NodeManagerService.grpc_server.GetResourceLoad - 420 total (0 active), Execution time: mean = 0.31ms, total = 128.81ms, Queueing time: mean = 0.00ms, max = -0.00ms, min = 9223372036854.78ms, total = 0.00ms
[state-dump] 	NodeManager.deadline_timer.spill_objects_when_over_threshold - 420 total (1 active), Execution time: mean = 0.00ms, total = 0.56ms, Queueing time: mean = 0.52ms, max = 22.99ms, min = 0.00ms, total = 219.27ms
[state-dump] 	NodeManagerService.grpc_server.GetResourceLoad.HandleRequestImpl - 420 total (0 active), Execution time: mean = 0.07ms, total = 29.34ms, Queueing time: mean = 0.02ms, max = 0.04ms, min = 0.00ms, total = 7.89ms
[state-dump] 	NodeManager.deadline_timer.flush_free_objects - 420 total (1 active), Execution time: mean = 0.00ms, total = 0.54ms, Queueing time: mean = 0.52ms, max = 22.99ms, min = 0.00ms, total = 219.28ms
[state-dump] 	ClusterResourceManager.ResetRemoteNodeView - 141 total (1 active), Execution time: mean = 0.00ms, total = 0.31ms, Queueing time: mean = 0.01ms, max = 0.05ms, min = 0.00ms, total = 1.92ms
[state-dump] 	NodeManager.deadline_timer.record_metrics - 84 total (1 active), Execution time: mean = 0.22ms, total = 18.16ms, Queueing time: mean = 2.40ms, max = 22.88ms, min = 0.00ms, total = 201.57ms
[state-dump] 	NodeManagerService.grpc_server.GetAgentPIDs.HandleRequestImpl - 80 total (0 active), Execution time: mean = 0.03ms, total = 2.06ms, Queueing time: mean = 0.03ms, max = 0.10ms, min = 0.00ms, total = 2.17ms
[state-dump] 	NodeManagerService.grpc_server.GetWorkerPIDs - 80 total (0 active), Execution time: mean = 0.25ms, total = 19.88ms, Queueing time: mean = 0.00ms, max = -0.00ms, min = 9223372036854.78ms, total = 0.00ms
[state-dump] 	NodeManagerService.grpc_server.GetAgentPIDs - 80 total (0 active), Execution time: mean = 0.25ms, total = 20.25ms, Queueing time: mean = 0.00ms, max = -0.00ms, min = 9223372036854.78ms, total = 0.00ms
[state-dump] 	NodeManagerService.grpc_server.GetWorkerPIDs.HandleRequestImpl - 80 total (0 active), Execution time: mean = 0.02ms, total = 1.79ms, Queueing time: mean = 0.03ms, max = 1.27ms, min = 0.01ms, total = 2.71ms
[state-dump] 	ClientConnection.async_read.ProcessMessageHeader - 45 total (1 active), Execution time: mean = 0.00ms, total = 0.15ms, Queueing time: mean = 616.87ms, max = 26285.89ms, min = 0.01ms, total = 27759.10ms
[state-dump] 	ClientConnection.async_read.ProcessMessage - 44 total (0 active), Execution time: mean = 0.84ms, total = 36.97ms, Queueing time: mean = 0.16ms, max = 2.97ms, min = 0.00ms, total = 6.99ms
[state-dump] 	event_loop_lag_probe - 44 total (0 active), Execution time: mean = 0.01ms, total = 0.43ms, Queueing time: mean = 0.16ms, max = 7.13ms, min = 0.00ms, total = 7.23ms
[state-dump] 	NodeManager.deadline_timer.debug_state_dump - 42 total (1 active), Execution time: mean = 5.21ms, total = 218.77ms, Queueing time: mean = 0.01ms, max = 0.04ms, min = 0.00ms, total = 0.62ms
[state-dump] 	RaySyncer.BroadcastMessage - 32 total (0 active), Execution time: mean = 0.06ms, total = 1.91ms, Queueing time: mean = 0.00ms, max = 0.00ms, min = 0.00ms, total = 0.01ms
[state-dump] 	Subscriber.HandlePublishedMessage_GCS_WORKER_DELTA_CHANNEL - 32 total (0 active), Execution time: mean = 0.00ms, total = 0.03ms, Queueing time: mean = 0.09ms, max = 0.26ms, min = 0.03ms, total = 2.85ms
[state-dump] 	 - 31 total (0 active), Execution time: mean = 0.07ms, total = 2.12ms, Queueing time: mean = 0.12ms, max = 3.28ms, min = 0.00ms, total = 3.81ms
[state-dump] 	NodeManagerService.grpc_server.GetNodeStats - 28 total (0 active), Execution time: mean = 0.92ms, total = 25.67ms, Queueing time: mean = 0.00ms, max = -0.00ms, min = 9223372036854.78ms, total = 0.00ms
[state-dump] 	NodeManagerService.grpc_server.GetNodeStats.HandleRequestImpl - 28 total (0 active), Execution time: mean = 0.15ms, total = 4.31ms, Queueing time: mean = 0.02ms, max = 0.04ms, min = 0.01ms, total = 0.53ms
[state-dump] 	CoreWorkerService.grpc_client.GetCoreWorkerStats - 23 total (0 active), Execution time: mean = 0.78ms, total = 18.04ms, Queueing time: mean = 0.00ms, max = -0.00ms, min = 9223372036854.78ms, total = 0.00ms
[state-dump] 	CoreWorkerService.grpc_client.GetCoreWorkerStats.OnReplyReceived - 23 total (0 active), Execution time: mean = 0.04ms, total = 0.87ms, Queueing time: mean = 0.02ms, max = 0.02ms, min = 0.01ms, total = 0.40ms
[state-dump] 	ray::rpc::ControlPlanePubSubGcsService.grpc_client.GcsSubscriberPoll - 14 total (1 active), Execution time: mean = 2016.44ms, total = 28230.10ms, Queueing time: mean = 0.00ms, max = -0.00ms, min = 9223372036854.78ms, total = 0.00ms
[state-dump] 	ray::rpc::ControlPlanePubSubGcsService.grpc_client.GcsSubscriberPoll.OnReplyReceived - 13 total (0 active), Execution time: mean = 0.07ms, total = 0.93ms, Queueing time: mean = 1.22ms, max = 12.66ms, min = 0.00ms, total = 15.80ms
[state-dump] 	PeriodicalRunner.RunFnPeriodically - 13 total (0 active), Execution time: mean = 0.08ms, total = 1.01ms, Queueing time: mean = 144.77ms, max = 625.93ms, min = 0.02ms, total = 1882.07ms
[state-dump] 	NodeManagerService.grpc_server.GetSystemConfig.HandleRequestImpl - 9 total (0 active), Execution time: mean = 0.02ms, total = 0.14ms, Queueing time: mean = 0.02ms, max = 0.03ms, min = 0.00ms, total = 0.16ms
[state-dump] 	NodeManagerService.grpc_server.RequestWorkerLease - 9 total (0 active), Execution time: mean = 369.13ms, total = 3322.19ms, Queueing time: mean = 0.00ms, max = -0.00ms, min = 9223372036854.78ms, total = 0.00ms
[state-dump] 	ObjectManager.ObjectAdded - 9 total (0 active), Execution time: mean = 0.01ms, total = 0.09ms, Queueing time: mean = 0.01ms, max = 0.01ms, min = 0.01ms, total = 0.08ms
[state-dump] 	NodeManagerService.grpc_server.RequestWorkerLease.HandleRequestImpl - 9 total (0 active), Execution time: mean = 3.19ms, total = 28.71ms, Queueing time: mean = 12.35ms, max = 25.54ms, min = 0.02ms, total = 111.14ms
[state-dump] 	ClientConnection.async_write.DoAsyncWrites - 9 total (0 active), Execution time: mean = 0.00ms, total = 0.01ms, Queueing time: mean = 0.01ms, max = 0.03ms, min = 0.01ms, total = 0.13ms
[state-dump] 	ObjectManager.ObjectDeleted - 9 total (0 active), Execution time: mean = 0.01ms, total = 0.06ms, Queueing time: mean = 0.01ms, max = 0.01ms, min = 0.01ms, total = 0.10ms
[state-dump] 	NodeManagerService.grpc_server.GetSystemConfig - 9 total (0 active), Execution time: mean = 0.24ms, total = 2.13ms, Queueing time: mean = 0.00ms, max = -0.00ms, min = 9223372036854.78ms, total = 0.00ms
[state-dump] 	NodeManagerService.grpc_server.KillLocalActor - 8 total (0 active), Execution time: mean = 33.11ms, total = 264.91ms, Queueing time: mean = 0.00ms, max = -0.00ms, min = 9223372036854.78ms, total = 0.00ms
[state-dump] 	CoreWorkerService.grpc_client.KillActor.OnReplyReceived - 8 total (0 active), Execution time: mean = 0.06ms, total = 0.47ms, Queueing time: mean = 0.00ms, max = 0.00ms, min = 0.00ms, total = 0.03ms
[state-dump] 	ray::rpc::WorkerInfoGcsService.grpc_client.ReportWorkerFailure.OnReplyReceived - 8 total (0 active), Execution time: mean = 0.01ms, total = 0.08ms, Queueing time: mean = 1.38ms, max = 2.84ms, min = 0.01ms, total = 11.02ms
[state-dump] 	NodeManagerService.grpc_server.KillLocalActor.HandleRequestImpl - 8 total (0 active), Execution time: mean = 0.16ms, total = 1.24ms, Queueing time: mean = 0.36ms, max = 0.46ms, min = 0.01ms, total = 2.87ms
[state-dump] 	ray::rpc::WorkerInfoGcsService.grpc_client.ReportWorkerFailure - 8 total (0 active), Execution time: mean = 1.55ms, total = 12.39ms, Queueing time: mean = 0.00ms, max = -0.00ms, min = 9223372036854.78ms, total = 0.00ms
[state-dump] 	CoreWorkerService.grpc_client.KillActor - 8 total (0 active), Execution time: mean = 32.59ms, total = 260.73ms, Queueing time: mean = 0.00ms, max = -0.00ms, min = 9223372036854.78ms, total = 0.00ms
[state-dump] 	ray::rpc::NodeInfoGcsService.grpc_client.CheckAlive.OnReplyReceived - 7 total (0 active), Execution time: mean = 0.02ms, total = 0.14ms, Queueing time: mean = 0.01ms, max = 0.02ms, min = 0.01ms, total = 0.10ms
[state-dump] 	NodeManager.GcsCheckAlive - 7 total (1 active), Execution time: mean = 0.17ms, total = 1.16ms, Queueing time: mean = 3.52ms, max = 11.53ms, min = 0.41ms, total = 24.63ms
[state-dump] 	NodeManager.deadline_timer.print_event_loop_stats - 7 total (1 active, 1 running), Execution time: mean = 3.65ms, total = 25.56ms, Queueing time: mean = 0.01ms, max = 0.02ms, min = 0.01ms, total = 0.09ms
[state-dump] 	ray::rpc::NodeInfoGcsService.grpc_client.CheckAlive - 7 total (0 active), Execution time: mean = 0.79ms, total = 5.54ms, Queueing time: mean = 0.00ms, max = -0.00ms, min = 9223372036854.78ms, total = 0.00ms
[state-dump] 	RaySyncerRegister - 2 total (0 active), Execution time: mean = 0.00ms, total = 0.00ms, Queueing time: mean = 0.00ms, max = 0.00ms, min = 0.00ms, total = 0.00ms
[state-dump] 	ray::rpc::ControlPlanePubSubGcsService.grpc_client.GcsSubscriberCommandBatch.OnReplyReceived - 2 total (0 active), Execution time: mean = 0.04ms, total = 0.08ms, Queueing time: mean = 0.21ms, max = 0.25ms, min = 0.16ms, total = 0.41ms
[state-dump] 	ray::rpc::ControlPlanePubSubGcsService.grpc_client.GcsSubscriberCommandBatch - 2 total (0 active), Execution time: mean = 0.73ms, total = 1.46ms, Queueing time: mean = 0.00ms, max = -0.00ms, min = 9223372036854.78ms, total = 0.00ms
[state-dump] 	ray::rpc::NodeInfoGcsService.grpc_client.RegisterNode.OnReplyReceived - 1 total (0 active), Execution time: mean = 0.39ms, total = 0.39ms, Queueing time: mean = 0.01ms, max = 0.01ms, min = 0.01ms, total = 0.01ms
[state-dump] 	NodeManagerService.grpc_server.PrepareBundleResources.HandleRequestImpl - 1 total (0 active), Execution time: mean = 0.84ms, total = 0.84ms, Queueing time: mean = 0.03ms, max = 0.03ms, min = 0.03ms, total = 0.03ms
[state-dump] 	ReporterService.grpc_client.HealthCheck - 1 total (0 active), Execution time: mean = 132.11ms, total = 132.11ms, Queueing time: mean = 0.00ms, max = -0.00ms, min = 9223372036854.78ms, total = 0.00ms
[state-dump] 	ray::rpc::InternalKVGcsService.grpc_client.GetInternalConfig - 1 total (0 active), Execution time: mean = 0.83ms, total = 0.83ms, Queueing time: mean = 0.00ms, max = -0.00ms, min = 9223372036854.78ms, total = 0.00ms
[state-dump] 	ReporterService.grpc_client.HealthCheck.OnReplyReceived - 1 total (0 active), Execution time: mean = 0.15ms, total = 0.15ms, Queueing time: mean = 0.02ms, max = 0.02ms, min = 0.02ms, total = 0.02ms
[state-dump] 	ray::rpc::JobInfoGcsService.grpc_client.GetAllJobInfo.OnReplyReceived - 1 total (0 active), Execution time: mean = 0.01ms, total = 0.01ms, Queueing time: mean = 0.02ms, max = 0.02ms, min = 0.02ms, total = 0.02ms
[state-dump] 	NodeManager.GCTaskFailureReason - 1 total (1 active), Execution time: mean = 0.00ms, total = 0.00ms, Queueing time: mean = 0.00ms, max = -0.00ms, min = 9223372036854.78ms, total = 0.00ms
[state-dump] 	ray::rpc::InternalKVGcsService.grpc_client.GetInternalConfig.OnReplyReceived - 1 total (0 active), Execution time: mean = 629.71ms, total = 629.71ms, Queueing time: mean = 0.01ms, max = 0.01ms, min = 0.01ms, total = 0.01ms
[state-dump] 	ray::rpc::NodeInfoGcsService.grpc_client.GetAllNodeAddressAndLiveness.OnReplyReceived - 1 total (0 active), Execution time: mean = 0.16ms, total = 0.16ms, Queueing time: mean = 0.01ms, max = 0.01ms, min = 0.01ms, total = 0.01ms
[state-dump] 	ray::rpc::JobInfoGcsService.grpc_client.GetAllJobInfo - 1 total (0 active), Execution time: mean = 0.56ms, total = 0.56ms, Queueing time: mean = 0.00ms, max = -0.00ms, min = 9223372036854.78ms, total = 0.00ms
[state-dump] 	ray::rpc::NodeInfoGcsService.grpc_client.GetAllNodeAddressAndLiveness - 1 total (0 active), Execution time: mean = 0.70ms, total = 0.70ms, Queueing time: mean = 0.00ms, max = -0.00ms, min = 9223372036854.78ms, total = 0.00ms
[state-dump] 	Subscriber.HandlePublishedMessage_GCS_JOB_CHANNEL - 1 total (0 active), Execution time: mean = 0.04ms, total = 0.04ms, Queueing time: mean = 0.30ms, max = 0.30ms, min = 0.30ms, total = 0.30ms
[state-dump] 	NodeManagerService.grpc_server.CommitBundleResources.HandleRequestImpl - 1 total (0 active), Execution time: mean = 1.15ms, total = 1.15ms, Queueing time: mean = 0.03ms, max = 0.03ms, min = 0.03ms, total = 0.03ms
[state-dump] 	NodeManagerService.grpc_server.CommitBundleResources - 1 total (0 active), Execution time: mean = 1.41ms, total = 1.41ms, Queueing time: mean = 0.00ms, max = -0.00ms, min = 9223372036854.78ms, total = 0.00ms
[state-dump] 	NodeManagerService.grpc_server.PrepareBundleResources - 1 total (0 active), Execution time: mean = 1.10ms, total = 1.10ms, Queueing time: mean = 0.00ms, max = -0.00ms, min = 9223372036854.78ms, total = 0.00ms
[state-dump] 	ray::rpc::NodeInfoGcsService.grpc_client.RegisterNode - 1 total (0 active), Execution time: mean = 1.17ms, total = 1.17ms, Queueing time: mean = 0.00ms, max = -0.00ms, min = 9223372036854.78ms, total = 0.00ms
[state-dump] DebugString() time ms: 0
[state-dump] 
[state-dump] 
[2026-09-04 01:05:40,844 I 79 102] (raylet) store.cc:573: Plasma store debug dump: 
Current usage: 0 / 4.29497 GB
- num bytes created total: 72
0 pending objects of total size 0MB
- objects spillable: 0
- bytes spillable: 0
- objects unsealed: 0
- bytes unsealed: 0
- objects in use: 0
- bytes in use: 0
- objects evictable: 0
- bytes evictable: 0

- objects created by worker: 0
- bytes created by worker: 0
- objects restored: 0
- bytes restored: 0
- objects received: 0
- bytes received: 0
- objects errored: 0
- bytes errored: 0

[2026-09-04 01:05:41,501 I 79 79] (raylet) node_manager.cc:486: [state-dump] NodeManager:
[state-dump] Node ID: 82dfc8c23c51709b77aaa7de2deacf9d421699bfcaad6b6cc4f66c59
[state-dump] Node name: 10.244.180.242
[state-dump] InitialConfigResources: {node:10.244.180.242: 1, object_store_memory: 4.29497e+09, GPU: 8, CPU: 64, accelerator_type:B200: 1, memory: 3.24185e+12}
[state-dump] ClusterLeaseManager:
[state-dump] ========== Node: 82dfc8c23c51709b77aaa7de2deacf9d421699bfcaad6b6cc4f66c59 =================
[state-dump] Infeasible queue length: 0
[state-dump] Schedule queue length: 0
[state-dump] Grant queue length: 0
[state-dump] num_waiting_for_resource: 0
[state-dump] num_waiting_for_plasma_memory: 0
[state-dump] num_waiting_for_remote_node_resources: 0
[state-dump] num_worker_not_started_by_job_config_not_exist: 0
[state-dump] num_worker_not_started_by_registration_timeout: 0
[state-dump] num_tasks_waiting_for_workers: 0
[state-dump] num_cancelled_leases: 0
[state-dump] cluster_resource_scheduler state: 
[state-dump] Local id: -8170265163178445639 Local resources: {"total":{node:10.244.180.242: [10000], GPU_group_19_41b56c6dcd1a3ea16b3ee9c698c601000000: [0, 0, 10000, 0, 0, 0, 0, 0], CPU: [640000], GPU_group_24_41b56c6dcd1a3ea16b3ee9c698c601000000: [0, 0, 0, 0, 0, 0, 0, 10000], CPU_group_19_41b56c6dcd1a3ea16b3ee9c698c601000000: [10000], GPU_group_23_41b56c6dcd1a3ea16b3ee9c698c601000000: [0, 0, 0, 0, 0, 0, 10000, 0], bundle_group_22_41b56c6dcd1a3ea16b3ee9c698c601000000: [10000000], GPU_group_17_41b56c6dcd1a3ea16b3ee9c698c601000000: [10000, 0, 0, 0, 0, 0, 0, 0], accelerator_type:B200: [10000], bundle_group_18_41b56c6dcd1a3ea16b3ee9c698c601000000: [10000000], CPU_group_17_41b56c6dcd1a3ea16b3ee9c698c601000000: [10000], memory: [32418475745280000], object_store_memory: [42949672960000], GPU_group_18_41b56c6dcd1a3ea16b3ee9c698c601000000: [0, 10000, 0, 0, 0, 0, 0, 0], CPU_group_41b56c6dcd1a3ea16b3ee9c698c601000000: [80000], bundle_group_41b56c6dcd1a3ea16b3ee9c698c601000000: [80000000], bundle_group_17_41b56c6dcd1a3ea16b3ee9c698c601000000: [10000000], CPU_group_20_41b56c6dcd1a3ea16b3ee9c698c601000000: [10000], GPU_group_20_41b56c6dcd1a3ea16b3ee9c698c601000000: [0, 0, 0, 10000, 0, 0, 0, 0], bundle_group_19_41b56c6dcd1a3ea16b3ee9c698c601000000: [10000000], bundle_group_23_41b56c6dcd1a3ea16b3ee9c698c601000000: [10000000], CPU_group_24_41b56c6dcd1a3ea16b3ee9c698c601000000: [10000], CPU_group_22_41b56c6dcd1a3ea16b3ee9c698c601000000: [10000], GPU_group_22_41b56c6dcd1a3ea16b3ee9c698c601000000: [0, 0, 0, 0, 0, 10000, 0, 0], CPU_group_23_41b56c6dcd1a3ea16b3ee9c698c601000000: [10000], CPU_group_21_41b56c6dcd1a3ea16b3ee9c698c601000000: [10000], GPU: [10000, 10000, 10000, 10000, 10000, 10000, 10000, 10000], bundle_group_21_41b56c6dcd1a3ea16b3ee9c698c601000000: [10000000], bundle_group_24_41b56c6dcd1a3ea16b3ee9c698c601000000: [10000000], GPU_group_41b56c6dcd1a3ea16b3ee9c698c601000000: [10000, 10000, 10000, 10000, 10000, 10000, 10000, 10000], GPU_group_21_41b56c6dcd1a3ea16b3ee9c698c601000000: [0, 0, 0, 0, 10000, 0, 0, 0], CPU_group_18_41b56c6dcd1a3ea16b3ee9c698c601000000: [10000], bundle_group_20_41b56c6dcd1a3ea16b3ee9c698c601000000: [10000000]}, "available": {GPU_group_19_41b56c6dcd1a3ea16b3ee9c698c601000000: [0, 0, 10000, 0, 0, 0, 0, 0], node:10.244.180.242: [10000], GPU_group_17_41b56c6dcd1a3ea16b3ee9c698c601000000: [8000, 0, 0, 0, 0, 0, 0, 0], bundle_group_22_41b56c6dcd1a3ea16b3ee9c698c601000000: [10000000], accelerator_type:B200: [10000], CPU_group_19_41b56c6dcd1a3ea16b3ee9c698c601000000: [10000], GPU_group_23_41b56c6dcd1a3ea16b3ee9c698c601000000: [0, 0, 0, 0, 0, 0, 10000, 0], bundle_group_18_41b56c6dcd1a3ea16b3ee9c698c601000000: [10000000], CPU: [560000], GPU_group_24_41b56c6dcd1a3ea16b3ee9c698c601000000: [0, 0, 0, 0, 0, 0, 0, 10000], memory: [32418475745280000], CPU_group_17_41b56c6dcd1a3ea16b3ee9c698c601000000: [8000], CPU_group_24_41b56c6dcd1a3ea16b3ee9c698c601000000: [10000], GPU_group_18_41b56c6dcd1a3ea16b3ee9c698c601000000: [0, 10000, 0, 0, 0, 0, 0, 0], object_store_memory: [42949672960000], GPU_group_20_41b56c6dcd1a3ea16b3ee9c698c601000000: [0, 0, 0, 10000, 0, 0, 0, 0], CPU_group_20_41b56c6dcd1a3ea16b3ee9c698c601000000: [10000], bundle_group_23_41b56c6dcd1a3ea16b3ee9c698c601000000: [10000000], bundle_group_41b56c6dcd1a3ea16b3ee9c698c601000000: [79999990], bundle_group_17_41b56c6dcd1a3ea16b3ee9c698c601000000: [9999990], CPU_group_21_41b56c6dcd1a3ea16b3ee9c698c601000000: [10000], CPU_group_41b56c6dcd1a3ea16b3ee9c698c601000000: [78000], GPU_group_22_41b56c6dcd1a3ea16b3ee9c698c601000000: [0, 0, 0, 0, 0, 10000, 0, 0], bundle_group_19_41b56c6dcd1a3ea16b3ee9c698c601000000: [10000000], CPU_group_23_41b56c6dcd1a3ea16b3ee9c698c601000000: [10000], CPU_group_22_41b56c6dcd1a3ea16b3ee9c698c601000000: [10000], GPU_group_41b56c6dcd1a3ea16b3ee9c698c601000000: [8000, 10000, 10000, 10000, 10000, 10000, 10000, 10000], bundle_group_21_41b56c6dcd1a3ea16b3ee9c698c601000000: [10000000], GPU: [0, 0, 0, 0, 0, 0, 0, 0], bundle_group_24_41b56c6dcd1a3ea16b3ee9c698c601000000: [10000000], bundle_group_20_41b56c6dcd1a3ea16b3ee9c698c601000000: [10000000], CPU_group_18_41b56c6dcd1a3ea16b3ee9c698c601000000: [10000], GPU_group_21_41b56c6dcd1a3ea16b3ee9c698c601000000: [0, 0, 0, 0, 10000, 0, 0, 0]}, "labels":{"ray.io/node-id":"82dfc8c23c51709b77aaa7de2deacf9d421699bfcaad6b6cc4f66c59","ray.io/accelerator-type":"B200"}} is_draining: 0 is_idle: 0 Cluster resources (at most 20 nodes are shown): node id: -8170265163178445639{"total":{GPU: 80000, bundle_group_24_41b56c6dcd1a3ea16b3ee9c698c601000000: 10000000, GPU_group_17_41b56c6dcd1a3ea16b3ee9c698c601000000: 10000, bundle_group_18_41b56c6dcd1a3ea16b3ee9c698c601000000: 10000000, bundle_group_22_41b56c6dcd1a3ea16b3ee9c698c601000000: 10000000, GPU_group_24_41b56c6dcd1a3ea16b3ee9c698c601000000: 10000, CPU: 640000, CPU_group_19_41b56c6dcd1a3ea16b3ee9c698c601000000: 10000, GPU_group_23_41b56c6dcd1a3ea16b3ee9c698c601000000: 10000, accelerator_type:B200: 10000, GPU_group_19_41b56c6dcd1a3ea16b3ee9c698c601000000: 10000, node:10.244.180.242: 10000, GPU_group_18_41b56c6dcd1a3ea16b3ee9c698c601000000: 10000, CPU_group_24_41b56c6dcd1a3ea16b3ee9c698c601000000: 10000, object_store_memory: 42949672960000, memory: 32418475745280000, CPU_group_17_41b56c6dcd1a3ea16b3ee9c698c601000000: 10000, GPU_group_22_41b56c6dcd1a3ea16b3ee9c698c601000000: 10000, CPU_group_23_41b56c6dcd1a3ea16b3ee9c698c601000000: 10000, CPU_group_21_41b56c6dcd1a3ea16b3ee9c698c601000000: 10000, CPU_group_22_41b56c6dcd1a3ea16b3ee9c698c601000000: 10000, GPU_group_20_41b56c6dcd1a3ea16b3ee9c698c601000000: 10000, CPU_group_41b56c6dcd1a3ea16b3ee9c698c601000000: 80000, bundle_group_41b56c6dcd1a3ea16b3ee9c698c601000000: 80000000, bundle_group_23_41b56c6dcd1a3ea16b3ee9c698c601000000: 10000000, CPU_group_20_41b56c6dcd1a3ea16b3ee9c698c601000000: 10000, bundle_group_17_41b56c6dcd1a3ea16b3ee9c698c601000000: 10000000, bundle_group_19_41b56c6dcd1a3ea16b3ee9c698c601000000: 10000000, bundle_group_20_41b56c6dcd1a3ea16b3ee9c698c601000000: 10000000, GPU_group_21_41b56c6dcd1a3ea16b3ee9c698c601000000: 10000, CPU_group_18_41b56c6dcd1a3ea16b3ee9c698c601000000: 10000, bundle_group_21_41b56c6dcd1a3ea16b3ee9c698c601000000: 10000000, GPU_group_41b56c6dcd1a3ea16b3ee9c698c601000000: 80000}, "available": {bundle_group_22_41b56c6dcd1a3ea16b3ee9c698c601000000: 10000000, bundle_group_18_41b56c6dcd1a3ea16b3ee9c698c601000000: 10000000, bundle_group_24_41b56c6dcd1a3ea16b3ee9c698c601000000: 10000000, bundle_group_21_41b56c6dcd1a3ea16b3ee9c698c601000000: 10000000, GPU_group_41b56c6dcd1a3ea16b3ee9c698c601000000: 78000, GPU_group_21_41b56c6dcd1a3ea16b3ee9c698c601000000: 10000, CPU_group_18_41b56c6dcd1a3ea16b3ee9c698c601000000: 10000, bundle_group_20_41b56c6dcd1a3ea16b3ee9c698c601000000: 10000000, CPU_group_41b56c6dcd1a3ea16b3ee9c698c601000000: 78000, bundle_group_17_41b56c6dcd1a3ea16b3ee9c698c601000000: 9999990, bundle_group_23_41b56c6dcd1a3ea16b3ee9c698c601000000: 10000000, CPU_group_20_41b56c6dcd1a3ea16b3ee9c698c601000000: 10000, bundle_group_19_41b56c6dcd1a3ea16b3ee9c698c601000000: 10000000, GPU_group_20_41b56c6dcd1a3ea16b3ee9c698c601000000: 10000, bundle_group_41b56c6dcd1a3ea16b3ee9c698c601000000: 79999990, CPU_group_22_41b56c6dcd1a3ea16b3ee9c698c601000000: 10000, GPU_group_22_41b56c6dcd1a3ea16b3ee9c698c601000000: 10000, CPU_group_23_41b56c6dcd1a3ea16b3ee9c698c601000000: 10000, CPU_group_21_41b56c6dcd1a3ea16b3ee9c698c601000000: 10000, CPU_group_17_41b56c6dcd1a3ea16b3ee9c698c601000000: 8000, memory: 32418475745280000, object_store_memory: 42949672960000, CPU_group_24_41b56c6dcd1a3ea16b3ee9c698c601000000: 10000, GPU_group_18_41b56c6dcd1a3ea16b3ee9c698c601000000: 10000, node:10.244.180.242: 10000, GPU_group_19_41b56c6dcd1a3ea16b3ee9c698c601000000: 10000, GPU_group_24_41b56c6dcd1a3ea16b3ee9c698c601000000: 10000, CPU: 560000, CPU_group_19_41b56c6dcd1a3ea16b3ee9c698c601000000: 10000, accelerator_type:B200: 10000, GPU_group_23_41b56c6dcd1a3ea16b3ee9c698c601000000: 10000, GPU_group_17_41b56c6dcd1a3ea16b3ee9c698c601000000: 8000}, "labels":{"ray.io/node-id":"82dfc8c23c51709b77aaa7de2deacf9d421699bfcaad6b6cc4f66c59","ray.io/accelerator-type":"B200"}, "is_draining": 0, "draining_deadline_timestamp_ms": -1}node id: -1351780445297854484{"total":{bundle_group_14_41b56c6dcd1a3ea16b3ee9c698c601000000: 10000000, bundle_group_0_41b56c6dcd1a3ea16b3ee9c698c601000000: 10000000, bundle_group_13_41b56c6dcd1a3ea16b3ee9c698c601000000: 10000000, GPU_group_0_41b56c6dcd1a3ea16b3ee9c698c601000000: 10000, CPU_group_41b56c6dcd1a3ea16b3ee9c698c601000000: 80000, bundle_group_41b56c6dcd1a3ea16b3ee9c698c601000000: 80000000, CPU_group_10_41b56c6dcd1a3ea16b3ee9c698c601000000: 10000, CPU_group_11_41b56c6dcd1a3ea16b3ee9c698c601000000: 10000, CPU_group_13_41b56c6dcd1a3ea16b3ee9c698c601000000: 10000, GPU_group_12_41b56c6dcd1a3ea16b3ee9c698c601000000: 10000, bundle_group_9_41b56c6dcd1a3ea16b3ee9c698c601000000: 10000000, GPU_group_15_41b56c6dcd1a3ea16b3ee9c698c601000000: 10000, GPU_group_41b56c6dcd1a3ea16b3ee9c698c601000000: 80000, GPU: 80000, bundle_group_12_41b56c6dcd1a3ea16b3ee9c698c601000000: 10000000, CPU_group_12_41b56c6dcd1a3ea16b3ee9c698c601000000: 10000, CPU_group_15_41b56c6dcd1a3ea16b3ee9c698c601000000: 10000, GPU_group_13_41b56c6dcd1a3ea16b3ee9c698c601000000: 10000, GPU_group_11_41b56c6dcd1a3ea16b3ee9c698c601000000: 10000, bundle_group_10_41b56c6dcd1a3ea16b3ee9c698c601000000: 10000000, bundle_group_11_41b56c6dcd1a3ea16b3ee9c698c601000000: 10000000, CPU_group_0_41b56c6dcd1a3ea16b3ee9c698c601000000: 10000, accelerator_type:B200: 10000, CPU: 640000, memory: 32418477711360000, node:10.244.218.62: 10000, bundle_group_15_41b56c6dcd1a3ea16b3ee9c698c601000000: 10000000, GPU_group_10_41b56c6dcd1a3ea16b3ee9c698c601000000: 10000, object_store_memory: 42949672960000, CPU_group_9_41b56c6dcd1a3ea16b3ee9c698c601000000: 10000, GPU_group_9_41b56c6dcd1a3ea16b3ee9c698c601000000: 10000, GPU_group_14_41b56c6dcd1a3ea16b3ee9c698c601000000: 10000, CPU_group_14_41b56c6dcd1a3ea16b3ee9c698c601000000: 10000}, "available": {GPU_group_41b56c6dcd1a3ea16b3ee9c698c601000000: 78000, CPU_group_12_41b56c6dcd1a3ea16b3ee9c698c601000000: 10000, bundle_group_12_41b56c6dcd1a3ea16b3ee9c698c601000000: 10000000, GPU_group_13_41b56c6dcd1a3ea16b3ee9c698c601000000: 10000, CPU_group_15_41b56c6dcd1a3ea16b3ee9c698c601000000: 10000, bundle_group_0_41b56c6dcd1a3ea16b3ee9c698c601000000: 9999990, CPU_group_10_41b56c6dcd1a3ea16b3ee9c698c601000000: 10000, CPU_group_41b56c6dcd1a3ea16b3ee9c698c601000000: 78000, CPU_group_11_41b56c6dcd1a3ea16b3ee9c698c601000000: 10000, GPU_group_12_41b56c6dcd1a3ea16b3ee9c698c601000000: 10000, CPU_group_13_41b56c6dcd1a3ea16b3ee9c698c601000000: 10000, bundle_group_41b56c6dcd1a3ea16b3ee9c698c601000000: 79999990, GPU_group_15_41b56c6dcd1a3ea16b3ee9c698c601000000: 10000, bundle_group_9_41b56c6dcd1a3ea16b3ee9c698c601000000: 10000000, node:10.244.218.62: 10000, memory: 32418477711360000, object_store_memory: 42949672960000, CPU_group_9_41b56c6dcd1a3ea16b3ee9c698c601000000: 10000, bundle_group_15_41b56c6dcd1a3ea16b3ee9c698c601000000: 10000000, bundle_group_14_41b56c6dcd1a3ea16b3ee9c698c601000000: 10000000, GPU_group_0_41b56c6dcd1a3ea16b3ee9c698c601000000: 8000, GPU_group_14_41b56c6dcd1a3ea16b3ee9c698c601000000: 10000, CPU_group_14_41b56c6dcd1a3ea16b3ee9c698c601000000: 10000, GPU_group_9_41b56c6dcd1a3ea16b3ee9c698c601000000: 10000, bundle_group_13_41b56c6dcd1a3ea16b3ee9c698c601000000: 10000000, GPU_group_10_41b56c6dcd1a3ea16b3ee9c698c601000000: 10000, bundle_group_10_41b56c6dcd1a3ea16b3ee9c698c601000000: 10000000, GPU_group_11_41b56c6dcd1a3ea16b3ee9c698c601000000: 10000, CPU_group_0_41b56c6dcd1a3ea16b3ee9c698c601000000: 8000, bundle_group_11_41b56c6dcd1a3ea16b3ee9c698c601000000: 10000000, accelerator_type:B200: 10000, CPU: 560000}, "labels":{"ray.io/accelerator-type":"B200","ray.io/node-id":"90dc8450878fe5de358e116e0b8657e06554d0d69bbf5603e4880a55"}, "is_draining": 0, "draining_deadline_timestamp_ms": -1}node id: 4273633132855142460{"total":{bundle_group_8_41b56c6dcd1a3ea16b3ee9c698c601000000: 10000000, CPU_group_7_41b56c6dcd1a3ea16b3ee9c698c601000000: 10000, GPU: 80000, CPU_group_6_41b56c6dcd1a3ea16b3ee9c698c601000000: 10000, CPU_group_3_41b56c6dcd1a3ea16b3ee9c698c601000000: 10000, GPU_group_41b56c6dcd1a3ea16b3ee9c698c601000000: 80000, node:10.244.13.18: 10000, bundle_group_3_41b56c6dcd1a3ea16b3ee9c698c601000000: 10000000, CPU_group_2_41b56c6dcd1a3ea16b3ee9c698c601000000: 10000, GPU_group_1_41b56c6dcd1a3ea16b3ee9c698c601000000: 10000, GPU_group_7_41b56c6dcd1a3ea16b3ee9c698c601000000: 10000, GPU_group_4_41b56c6dcd1a3ea16b3ee9c698c601000000: 10000, CPU_group_4_41b56c6dcd1a3ea16b3ee9c698c601000000: 10000, bundle_group_1_41b56c6dcd1a3ea16b3ee9c698c601000000: 10000000, bundle_group_41b56c6dcd1a3ea16b3ee9c698c601000000: 80000000, CPU_group_41b56c6dcd1a3ea16b3ee9c698c601000000: 80000, bundle_group_7_41b56c6dcd1a3ea16b3ee9c698c601000000: 10000000, CPU_group_5_41b56c6dcd1a3ea16b3ee9c698c601000000: 10000, bundle_group_2_41b56c6dcd1a3ea16b3ee9c698c601000000: 10000000, object_store_memory: 42949672960000, bundle_group_4_41b56c6dcd1a3ea16b3ee9c698c601000000: 10000000, GPU_group_5_41b56c6dcd1a3ea16b3ee9c698c601000000: 10000, GPU_group_6_41b56c6dcd1a3ea16b3ee9c698c601000000: 10000, GPU_group_2_41b56c6dcd1a3ea16b3ee9c698c601000000: 10000, memory: 32418533744640000, bundle_group_5_41b56c6dcd1a3ea16b3ee9c698c601000000: 10000000, CPU_group_1_41b56c6dcd1a3ea16b3ee9c698c601000000: 10000, GPU_group_3_41b56c6dcd1a3ea16b3ee9c698c601000000: 10000, CPU: 640000, bundle_group_6_41b56c6dcd1a3ea16b3ee9c698c601000000: 10000000, accelerator_type:B200: 10000, CPU_group_8_41b56c6dcd1a3ea16b3ee9c698c601000000: 10000, GPU_group_8_41b56c6dcd1a3ea16b3ee9c698c601000000: 10000}, "available": {CPU_group_7_41b56c6dcd1a3ea16b3ee9c698c601000000: 2000, bundle_group_8_41b56c6dcd1a3ea16b3ee9c698c601000000: 9999980, CPU_group_3_41b56c6dcd1a3ea16b3ee9c698c601000000: 2000, CPU_group_6_41b56c6dcd1a3ea16b3ee9c698c601000000: 2000, GPU_group_41b56c6dcd1a3ea16b3ee9c698c601000000: 16000, bundle_group_3_41b56c6dcd1a3ea16b3ee9c698c601000000: 9999980, node:10.244.13.18: 10000, CPU_group_2_41b56c6dcd1a3ea16b3ee9c698c601000000: 2000, GPU_group_1_41b56c6dcd1a3ea16b3ee9c698c601000000: 2000, GPU_group_4_41b56c6dcd1a3ea16b3ee9c698c601000000: 2000, GPU_group_7_41b56c6dcd1a3ea16b3ee9c698c601000000: 2000, bundle_group_1_41b56c6dcd1a3ea16b3ee9c698c601000000: 9999980, CPU_group_5_41b56c6dcd1a3ea16b3ee9c698c601000000: 2000, CPU_group_41b56c6dcd1a3ea16b3ee9c698c601000000: 16000, bundle_group_7_41b56c6dcd1a3ea16b3ee9c698c601000000: 9999980, bundle_group_41b56c6dcd1a3ea16b3ee9c698c601000000: 79999840, CPU_group_4_41b56c6dcd1a3ea16b3ee9c698c601000000: 2000, bundle_group_2_41b56c6dcd1a3ea16b3ee9c698c601000000: 9999980, object_store_memory: 42948364790000, GPU_group_5_41b56c6dcd1a3ea16b3ee9c698c601000000: 2000, bundle_group_4_41b56c6dcd1a3ea16b3ee9c698c601000000: 9999980, GPU_group_6_41b56c6dcd1a3ea16b3ee9c698c601000000: 2000, memory: 32418533744640000, GPU_group_2_41b56c6dcd1a3ea16b3ee9c698c601000000: 2000, bundle_group_5_41b56c6dcd1a3ea16b3ee9c698c601000000: 9999980, CPU_group_1_41b56c6dcd1a3ea16b3ee9c698c601000000: 2000, GPU_group_3_41b56c6dcd1a3ea16b3ee9c698c601000000: 2000, CPU: 560000, accelerator_type:B200: 10000, bundle_group_6_41b56c6dcd1a3ea16b3ee9c698c601000000: 9999980, GPU_group_8_41b56c6dcd1a3ea16b3ee9c698c601000000: 2000, CPU_group_8_41b56c6dcd1a3ea16b3ee9c698c601000000: 2000}, "labels":{"ray.io/node-id":"4296a17b2364b071e4782261814dd77feed7cb4e5a4de14ab32d253a","ray.io/accelerator-type":"B200"}, "is_draining": 0, "draining_deadline_timestamp_ms": -1}node id: -7973918255608480324{"total":{bundle_group_27_41b56c6dcd1a3ea16b3ee9c698c601000000: 10000000, bundle_group_29_41b56c6dcd1a3ea16b3ee9c698c601000000: 10000000, bundle_group_41b56c6dcd1a3ea16b3ee9c698c601000000: 80000000, CPU_group_41b56c6dcd1a3ea16b3ee9c698c601000000: 80000, GPU_group_27_41b56c6dcd1a3ea16b3ee9c698c601000000: 10000, GPU_group_16_41b56c6dcd1a3ea16b3ee9c698c601000000: 10000, CPU_group_31_41b56c6dcd1a3ea16b3ee9c698c601000000: 10000, node:__internal_head__: 10000, GPU_group_41b56c6dcd1a3ea16b3ee9c698c601000000: 80000, bundle_group_28_41b56c6dcd1a3ea16b3ee9c698c601000000: 10000000, GPU: 80000, bundle_group_30_41b56c6dcd1a3ea16b3ee9c698c601000000: 10000000, CPU_group_27_41b56c6dcd1a3ea16b3ee9c698c601000000: 10000, CPU_group_26_41b56c6dcd1a3ea16b3ee9c698c601000000: 10000, bundle_group_25_41b56c6dcd1a3ea16b3ee9c698c601000000: 10000000, GPU_group_29_41b56c6dcd1a3ea16b3ee9c698c601000000: 10000, GPU_group_28_41b56c6dcd1a3ea16b3ee9c698c601000000: 10000, CPU_group_29_41b56c6dcd1a3ea16b3ee9c698c601000000: 10000, CPU_group_25_41b56c6dcd1a3ea16b3ee9c698c601000000: 10000, CPU_group_30_41b56c6dcd1a3ea16b3ee9c698c601000000: 10000, accelerator_type:B200: 10000, bundle_group_26_41b56c6dcd1a3ea16b3ee9c698c601000000: 10000000, bundle_group_31_41b56c6dcd1a3ea16b3ee9c698c601000000: 10000000, CPU: 640000, GPU_group_30_41b56c6dcd1a3ea16b3ee9c698c601000000: 10000, bundle_group_16_41b56c6dcd1a3ea16b3ee9c698c601000000: 10000000, CPU_group_28_41b56c6dcd1a3ea16b3ee9c698c601000000: 10000, memory: 32397589872640000, GPU_group_31_41b56c6dcd1a3ea16b3ee9c698c601000000: 10000, CPU_group_16_41b56c6dcd1a3ea16b3ee9c698c601000000: 10000, GPU_group_25_41b56c6dcd1a3ea16b3ee9c698c601000000: 10000, node:10.244.18.139: 10000, object_store_memory: 42949672960000, GPU_group_26_41b56c6dcd1a3ea16b3ee9c698c601000000: 10000}, "available": {CPU_group_26_41b56c6dcd1a3ea16b3ee9c698c601000000: 2000, CPU_group_27_41b56c6dcd1a3ea16b3ee9c698c601000000: 2000, bundle_group_30_41b56c6dcd1a3ea16b3ee9c698c601000000: 9999980, bundle_group_28_41b56c6dcd1a3ea16b3ee9c698c601000000: 9999980, GPU_group_41b56c6dcd1a3ea16b3ee9c698c601000000: 16000, node:__internal_head__: 10000, CPU_group_31_41b56c6dcd1a3ea16b3ee9c698c601000000: 2000, GPU_group_27_41b56c6dcd1a3ea16b3ee9c698c601000000: 2000, CPU_group_41b56c6dcd1a3ea16b3ee9c698c601000000: 16000, bundle_group_41b56c6dcd1a3ea16b3ee9c698c601000000: 79999840, GPU_group_16_41b56c6dcd1a3ea16b3ee9c698c601000000: 2000, bundle_group_29_41b56c6dcd1a3ea16b3ee9c698c601000000: 9999980, bundle_group_27_41b56c6dcd1a3ea16b3ee9c698c601000000: 9999980, object_store_memory: 42943207850000, GPU_group_26_41b56c6dcd1a3ea16b3ee9c698c601000000: 2000, node:10.244.18.139: 10000, GPU_group_25_41b56c6dcd1a3ea16b3ee9c698c601000000: 2000, CPU_group_16_41b56c6dcd1a3ea16b3ee9c698c601000000: 2000, GPU_group_31_41b56c6dcd1a3ea16b3ee9c698c601000000: 2000, memory: 32397589872640000, CPU_group_28_41b56c6dcd1a3ea16b3ee9c698c601000000: 2000, bundle_group_16_41b56c6dcd1a3ea16b3ee9c698c601000000: 9999980, CPU: 540000, GPU_group_30_41b56c6dcd1a3ea16b3ee9c698c601000000: 2000, bundle_group_26_41b56c6dcd1a3ea16b3ee9c698c601000000: 9999980, accelerator_type:B200: 10000, bundle_group_31_41b56c6dcd1a3ea16b3ee9c698c601000000: 9999980, CPU_group_30_41b56c6dcd1a3ea16b3ee9c698c601000000: 2000, CPU_group_25_41b56c6dcd1a3ea16b3ee9c698c601000000: 2000, CPU_group_29_41b56c6dcd1a3ea16b3ee9c698c601000000: 2000, GPU_group_29_41b56c6dcd1a3ea16b3ee9c698c601000000: 2000, GPU_group_28_41b56c6dcd1a3ea16b3ee9c698c601000000: 2000, bundle_group_25_41b56c6dcd1a3ea16b3ee9c698c601000000: 9999980}, "labels":{"ray.io/node-id":"11215b0011fac4845f8eecab7d85f57fc12c4efc1ad3dce06ebdc204","ray.io/accelerator-type":"B200"}, "is_draining": 0, "draining_deadline_timestamp_ms": -1} { "placement group locations": [], "node to bundles": []}
[state-dump] Waiting leases size: 0
[state-dump] Number of granted lease arguments: 0
[state-dump] Number of pinned lease arguments: 0
[state-dump] Total size of pinned lease arguments: 0
[state-dump] Number of total spilled leases: 0
[state-dump] Number of spilled waiting leases: 0
[state-dump] Number of spilled unschedulable leases: 0
[state-dump] Resource usage {
[state-dump]     - (language=PYTHON actor_or_taskSGLangEngine.__init__ pid=858 worker_id=650a17a0e0c4cd2270b368052022e6d017baf108cd0e6d39cfd281fe): {bundle_group_41b56c6dcd1a3ea16b3ee9c698c601000000: 0.001, GPU_group_41b56c6dcd1a3ea16b3ee9c698c601000000: 0.2, GPU_group_17_41b56c6dcd1a3ea16b3ee9c698c601000000: 0.2, CPU_group_41b56c6dcd1a3ea16b3ee9c698c601000000: 0.2, CPU_group_17_41b56c6dcd1a3ea16b3ee9c698c601000000: 0.2, bundle_group_17_41b56c6dcd1a3ea16b3ee9c698c601000000: 0.001}
[state-dump] }
[state-dump] Backlog Size per scheduling descriptor :{workerId: num backlogs}:
[state-dump] 
[state-dump] Granted leases by scheduling class:
[state-dump] ==================================================
[state-dump] 
[state-dump] ClusterResources:
[state-dump] LocalObjectManager:
[state-dump] - num pinned objects: 0
[state-dump] - pinned objects size: 0
[state-dump] - num objects pending restore: 0
[state-dump] - num objects pending spill: 0
[state-dump] - num bytes pending spill: 0
[state-dump] - num bytes currently spilled: 0
[state-dump] - cumulative spill requests: 0
[state-dump] - cumulative restore requests: 0
[state-dump] - spilled objects pending delete: 0
[state-dump] 
[state-dump] ObjectManager:
[state-dump] - num local objects: 0
[state-dump] - num unfulfilled push requests: 0
[state-dump] - num object pull requests: 0
[state-dump] - num chunks received total: 0
[state-dump] - num chunks received failed (all): 0
[state-dump] - num chunks received failed / cancelled: 0
[state-dump] - num chunks received failed / plasma error: 0
[state-dump] Event stats:
[state-dump] Global stats: 0 total (0 active)
[state-dump] Queueing time: mean = -nanms, max = -0.00ms, min = 9223372036854.78ms, total = 0.00ms
[state-dump] Execution time:  mean = -nanms, total = 0.00ms
[state-dump] Event stats:
[state-dump] PushManager:
[state-dump] - num pushes remaining: 0
[state-dump] - num chunks in flight: 0
[state-dump] - num chunks remaining: 0
[state-dump] - max chunks allowed: 409
[state-dump] OwnershipBasedObjectDirectory:
[state-dump] - num listeners: 0
[state-dump] - cumulative location updates: 0
[state-dump] - num location updates per second: 0.000
[state-dump] - num location lookups per second: 0.000
[state-dump] - num locations added per second: 0.000
[state-dump] - num locations removed per second: 0.000
[state-dump] BufferPool:
[state-dump] - create buffer state map size: 0
[state-dump] PullManager:
[state-dump] - num bytes available for pulled objects: 4294967296
[state-dump] - num bytes being pulled (all): 0
[state-dump] - num bytes being pulled / pinned: 0
[state-dump] - get request bundles: BundlePullRequestQueue{0 total, 0 active, 0 inactive, 0 unpullable}
[state-dump] - wait request bundles: BundlePullRequestQueue{0 total, 0 active, 0 inactive, 0 unpullable}
[state-dump] - task request bundles: BundlePullRequestQueue{0 total, 0 active, 0 inactive, 0 unpullable}
[state-dump] - first get request bundle: N/A
[state-dump] - first wait request bundle: N/A
[state-dump] - first task request bundle: N/A
[state-dump] - num objects queued: 0
[state-dump] - num objects actively pulled (all): 0
[state-dump] - num objects actively pulled / pinned: 0
[state-dump] - num bundles being pulled: 0
[state-dump] - num pull retries: 0
[state-dump] - max timeout seconds: 0
[state-dump] - max timeout request is already processed. No entry.
[state-dump] 
[state-dump] WorkerPool:
[state-dump] - registered jobs: 1
[state-dump] - process_failed_job_config_missing: 0
[state-dump] - process_failed_rate_limited: 0
[state-dump] - process_failed_pending_registration: 0
[state-dump] - process_failed_runtime_env_setup_failed: 0
[state-dump] - num PYTHON workers: 1
[state-dump] - num PYTHON drivers: 0
[state-dump] - num PYTHON pending start requests: 0
[state-dump] - num PYTHON pending registration requests: 0
[state-dump] - num object spill callbacks queued: 0
[state-dump] - num object restore queued: 0
[state-dump] - num util functions queued: 0
[state-dump] - num idle workers: 0
[state-dump] LeaseDependencyManager:
[state-dump] - lease deps map size: 0
[state-dump] - get req map size: 0
[state-dump] - wait req map size: 0
[state-dump] - local objects map size: 0
[state-dump] WaitManager:
[state-dump] - num active wait requests: 0
[state-dump] Subscriber:
[state-dump] Channel WORKER_OBJECT_LOCATIONS_CHANNEL
[state-dump] - cumulative subscribe requests: 0
[state-dump] - cumulative unsubscribe requests: 0
[state-dump] - active subscribed publishers: 0
[state-dump] - cumulative published messages: 0
[state-dump] - cumulative processed messages: 0
[state-dump] Channel WORKER_REF_REMOVED_CHANNEL
[state-dump] - cumulative subscribe requests: 0
[state-dump] - cumulative unsubscribe requests: 0
[state-dump] - active subscribed publishers: 0
[state-dump] - cumulative published messages: 0
[state-dump] - cumulative processed messages: 0
[state-dump] num async plasma notifications: 0
[state-dump] Event stats:
[state-dump] Global stats: 20906 total (15 active)
[state-dump] Queueing time: mean = 1.49ms, max = 26285.89ms, min = 0.00ms, total = 31065.57ms
[state-dump] Execution time:  mean = 1.60ms, total = 33524.31ms
[state-dump] Event stats:
[state-dump] 	RaySyncer.BroadcastMessageIfNewVersion - 4798 total (1 active), Execution time: mean = 0.00ms, total = 6.87ms, Queueing time: mean = 0.05ms, max = 21.67ms, min = 0.00ms, total = 235.89ms
[state-dump] 	ObjectManager.UpdateAvailableMemory - 4798 total (0 active), Execution time: mean = 0.00ms, total = 3.46ms, Queueing time: mean = 0.01ms, max = 0.27ms, min = 0.00ms, total = 35.20ms
[state-dump] 	NodeManager.CheckGC - 4798 total (1 active), Execution time: mean = 0.00ms, total = 4.28ms, Queueing time: mean = 0.05ms, max = 21.67ms, min = 0.00ms, total = 238.54ms
[state-dump] 	RayletWorkerPool.deadline_timer.kill_idle_workers - 2400 total (1 active), Execution time: mean = 0.00ms, total = 3.34ms, Queueing time: mean = 0.02ms, max = 8.65ms, min = 0.00ms, total = 47.62ms
[state-dump] 	NodeManager.CheckForUnexpectedWorkerDisconnects - 481 total (1 active), Execution time: mean = 0.01ms, total = 2.59ms, Queueing time: mean = 0.01ms, max = 0.06ms, min = 0.00ms, total = 5.46ms
[state-dump] 	NodeManager.ScheduleAndGrantLeases - 481 total (1 active), Execution time: mean = 0.00ms, total = 1.78ms, Queueing time: mean = 0.01ms, max = 0.04ms, min = 0.00ms, total = 6.34ms
[state-dump] 	NodeManager.deadline_timer.flush_free_objects - 480 total (1 active), Execution time: mean = 0.00ms, total = 0.61ms, Queueing time: mean = 0.46ms, max = 22.99ms, min = 0.00ms, total = 222.94ms
[state-dump] 	NodeManager.deadline_timer.spill_objects_when_over_threshold - 480 total (1 active), Execution time: mean = 0.00ms, total = 0.62ms, Queueing time: mean = 0.46ms, max = 22.99ms, min = 0.00ms, total = 222.94ms
[state-dump] 	NodeManagerService.grpc_server.GetResourceLoad.HandleRequestImpl - 480 total (0 active), Execution time: mean = 0.07ms, total = 33.16ms, Queueing time: mean = 0.02ms, max = 0.18ms, min = 0.00ms, total = 8.89ms
[state-dump] 	NodeManagerService.grpc_server.GetResourceLoad - 480 total (0 active), Execution time: mean = 0.30ms, total = 144.78ms, Queueing time: mean = 0.00ms, max = -0.00ms, min = 9223372036854.78ms, total = 0.00ms
[state-dump] 	ClusterResourceManager.ResetRemoteNodeView - 161 total (1 active), Execution time: mean = 0.00ms, total = 0.36ms, Queueing time: mean = 0.01ms, max = 0.05ms, min = 0.00ms, total = 2.17ms
[state-dump] 	NodeManager.deadline_timer.record_metrics - 96 total (1 active), Execution time: mean = 0.21ms, total = 20.60ms, Queueing time: mean = 2.11ms, max = 22.88ms, min = 0.00ms, total = 202.86ms
[state-dump] 	NodeManagerService.grpc_server.GetWorkerPIDs - 91 total (0 active), Execution time: mean = 0.24ms, total = 22.26ms, Queueing time: mean = 0.00ms, max = -0.00ms, min = 9223372036854.78ms, total = 0.00ms
[state-dump] 	NodeManagerService.grpc_server.GetWorkerPIDs.HandleRequestImpl - 91 total (0 active), Execution time: mean = 0.02ms, total = 2.04ms, Queueing time: mean = 0.03ms, max = 1.27ms, min = 0.01ms, total = 2.89ms
[state-dump] 	NodeManagerService.grpc_server.GetAgentPIDs - 91 total (0 active), Execution time: mean = 0.25ms, total = 22.63ms, Queueing time: mean = 0.00ms, max = -0.00ms, min = 9223372036854.78ms, total = 0.00ms
[state-dump] 	NodeManagerService.grpc_server.GetAgentPIDs.HandleRequestImpl - 91 total (0 active), Execution time: mean = 0.02ms, total = 2.19ms, Queueing time: mean = 0.03ms, max = 0.10ms, min = 0.00ms, total = 2.46ms
[state-dump] 	event_loop_lag_probe - 50 total (0 active), Execution time: mean = 0.01ms, total = 0.49ms, Queueing time: mean = 0.14ms, max = 7.13ms, min = 0.00ms, total = 7.24ms
[state-dump] 	NodeManager.deadline_timer.debug_state_dump - 48 total (1 active), Execution time: mean = 4.63ms, total = 222.42ms, Queueing time: mean = 0.01ms, max = 0.04ms, min = 0.00ms, total = 0.71ms
[state-dump] 	ClientConnection.async_read.ProcessMessageHeader - 45 total (1 active), Execution time: mean = 0.00ms, total = 0.15ms, Queueing time: mean = 616.87ms, max = 26285.89ms, min = 0.01ms, total = 27759.10ms
[state-dump] 	ClientConnection.async_read.ProcessMessage - 44 total (0 active), Execution time: mean = 0.84ms, total = 36.97ms, Queueing time: mean = 0.16ms, max = 2.97ms, min = 0.00ms, total = 6.99ms
[state-dump] 	RaySyncer.BroadcastMessage - 34 total (0 active), Execution time: mean = 0.06ms, total = 2.04ms, Queueing time: mean = 0.00ms, max = 0.00ms, min = 0.00ms, total = 0.01ms
[state-dump] 	 - 33 total (0 active), Execution time: mean = 0.07ms, total = 2.37ms, Queueing time: mean = 0.12ms, max = 3.28ms, min = 0.00ms, total = 3.85ms
[state-dump] 	NodeManagerService.grpc_server.GetNodeStats - 32 total (0 active), Execution time: mean = 0.93ms, total = 29.92ms, Queueing time: mean = 0.00ms, max = -0.00ms, min = 9223372036854.78ms, total = 0.00ms
[state-dump] 	Subscriber.HandlePublishedMessage_GCS_WORKER_DELTA_CHANNEL - 32 total (0 active), Execution time: mean = 0.00ms, total = 0.03ms, Queueing time: mean = 0.09ms, max = 0.26ms, min = 0.03ms, total = 2.85ms
[state-dump] 	NodeManagerService.grpc_server.GetNodeStats.HandleRequestImpl - 32 total (0 active), Execution time: mean = 0.16ms, total = 4.99ms, Queueing time: mean = 0.02ms, max = 0.04ms, min = 0.01ms, total = 0.59ms
[state-dump] 	CoreWorkerService.grpc_client.GetCoreWorkerStats - 27 total (0 active), Execution time: mean = 0.79ms, total = 21.41ms, Queueing time: mean = 0.00ms, max = -0.00ms, min = 9223372036854.78ms, total = 0.00ms
[state-dump] 	CoreWorkerService.grpc_client.GetCoreWorkerStats.OnReplyReceived - 27 total (0 active), Execution time: mean = 0.04ms, total = 1.02ms, Queueing time: mean = 0.02ms, max = 0.02ms, min = 0.01ms, total = 0.47ms
[state-dump] 	ray::rpc::ControlPlanePubSubGcsService.grpc_client.GcsSubscriberPoll - 14 total (1 active), Execution time: mean = 2016.44ms, total = 28230.10ms, Queueing time: mean = 0.00ms, max = -0.00ms, min = 9223372036854.78ms, total = 0.00ms
[state-dump] 	PeriodicalRunner.RunFnPeriodically - 13 total (0 active), Execution time: mean = 0.08ms, total = 1.01ms, Queueing time: mean = 144.77ms, max = 625.93ms, min = 0.02ms, total = 1882.07ms
[state-dump] 	ray::rpc::ControlPlanePubSubGcsService.grpc_client.GcsSubscriberPoll.OnReplyReceived - 13 total (0 active), Execution time: mean = 0.07ms, total = 0.93ms, Queueing time: mean = 1.22ms, max = 12.66ms, min = 0.00ms, total = 15.80ms
[state-dump] 	NodeManagerService.grpc_server.RequestWorkerLease - 9 total (0 active), Execution time: mean = 369.13ms, total = 3322.19ms, Queueing time: mean = 0.00ms, max = -0.00ms, min = 9223372036854.78ms, total = 0.00ms
[state-dump] 	ObjectManager.ObjectAdded - 9 total (0 active), Execution time: mean = 0.01ms, total = 0.09ms, Queueing time: mean = 0.01ms, max = 0.01ms, min = 0.01ms, total = 0.08ms
[state-dump] 	NodeManagerService.grpc_server.RequestWorkerLease.HandleRequestImpl - 9 total (0 active), Execution time: mean = 3.19ms, total = 28.71ms, Queueing time: mean = 12.35ms, max = 25.54ms, min = 0.02ms, total = 111.14ms
[state-dump] 	NodeManagerService.grpc_server.GetSystemConfig.HandleRequestImpl - 9 total (0 active), Execution time: mean = 0.02ms, total = 0.14ms, Queueing time: mean = 0.02ms, max = 0.03ms, min = 0.00ms, total = 0.16ms
[state-dump] 	NodeManagerService.grpc_server.GetSystemConfig - 9 total (0 active), Execution time: mean = 0.24ms, total = 2.13ms, Queueing time: mean = 0.00ms, max = -0.00ms, min = 9223372036854.78ms, total = 0.00ms
[state-dump] 	ClientConnection.async_write.DoAsyncWrites - 9 total (0 active), Execution time: mean = 0.00ms, total = 0.01ms, Queueing time: mean = 0.01ms, max = 0.03ms, min = 0.01ms, total = 0.13ms
[state-dump] 	ObjectManager.ObjectDeleted - 9 total (0 active), Execution time: mean = 0.01ms, total = 0.06ms, Queueing time: mean = 0.01ms, max = 0.01ms, min = 0.01ms, total = 0.10ms
[state-dump] 	ray::rpc::NodeInfoGcsService.grpc_client.CheckAlive.OnReplyReceived - 8 total (0 active), Execution time: mean = 0.02ms, total = 0.17ms, Queueing time: mean = 0.01ms, max = 0.02ms, min = 0.01ms, total = 0.12ms
[state-dump] 	CoreWorkerService.grpc_client.KillActor - 8 total (0 active), Execution time: mean = 32.59ms, total = 260.73ms, Queueing time: mean = 0.00ms, max = -0.00ms, min = 9223372036854.78ms, total = 0.00ms
[state-dump] 	ray::rpc::WorkerInfoGcsService.grpc_client.ReportWorkerFailure - 8 total (0 active), Execution time: mean = 1.55ms, total = 12.39ms, Queueing time: mean = 0.00ms, max = -0.00ms, min = 9223372036854.78ms, total = 0.00ms
[state-dump] 	NodeManager.GcsCheckAlive - 8 total (1 active), Execution time: mean = 0.17ms, total = 1.33ms, Queueing time: mean = 3.14ms, max = 11.53ms, min = 0.41ms, total = 25.10ms
[state-dump] 	CoreWorkerService.grpc_client.KillActor.OnReplyReceived - 8 total (0 active), Execution time: mean = 0.06ms, total = 0.47ms, Queueing time: mean = 0.00ms, max = 0.00ms, min = 0.00ms, total = 0.03ms
[state-dump] 	NodeManager.deadline_timer.print_event_loop_stats - 8 total (1 active, 1 running), Execution time: mean = 3.28ms, total = 26.25ms, Queueing time: mean = 0.01ms, max = 0.02ms, min = 0.01ms, total = 0.10ms
[state-dump] 	NodeManagerService.grpc_server.KillLocalActor - 8 total (0 active), Execution time: mean = 33.11ms, total = 264.91ms, Queueing time: mean = 0.00ms, max = -0.00ms, min = 9223372036854.78ms, total = 0.00ms
[state-dump] 	NodeManagerService.grpc_server.KillLocalActor.HandleRequestImpl - 8 total (0 active), Execution time: mean = 0.16ms, total = 1.24ms, Queueing time: mean = 0.36ms, max = 0.46ms, min = 0.01ms, total = 2.87ms
[state-dump] 	ray::rpc::WorkerInfoGcsService.grpc_client.ReportWorkerFailure.OnReplyReceived - 8 total (0 active), Execution time: mean = 0.01ms, total = 0.08ms, Queueing time: mean = 1.38ms, max = 2.84ms, min = 0.01ms, total = 11.02ms
[state-dump] 	ray::rpc::NodeInfoGcsService.grpc_client.CheckAlive - 8 total (0 active), Execution time: mean = 0.77ms, total = 6.15ms, Queueing time: mean = 0.00ms, max = -0.00ms, min = 9223372036854.78ms, total = 0.00ms
[state-dump] 	RaySyncerRegister - 2 total (0 active), Execution time: mean = 0.00ms, total = 0.00ms, Queueing time: mean = 0.00ms, max = 0.00ms, min = 0.00ms, total = 0.00ms
[state-dump] 	ray::rpc::ControlPlanePubSubGcsService.grpc_client.GcsSubscriberCommandBatch.OnReplyReceived - 2 total (0 active), Execution time: mean = 0.04ms, total = 0.08ms, Queueing time: mean = 0.21ms, max = 0.25ms, min = 0.16ms, total = 0.41ms
[state-dump] 	ray::rpc::ControlPlanePubSubGcsService.grpc_client.GcsSubscriberCommandBatch - 2 total (0 active), Execution time: mean = 0.73ms, total = 1.46ms, Queueing time: mean = 0.00ms, max = -0.00ms, min = 9223372036854.78ms, total = 0.00ms
[state-dump] 	NodeManagerService.grpc_server.PrepareBundleResources.HandleRequestImpl - 1 total (0 active), Execution time: mean = 0.84ms, total = 0.84ms, Queueing time: mean = 0.03ms, max = 0.03ms, min = 0.03ms, total = 0.03ms
[state-dump] 	NodeManagerService.grpc_server.PrepareBundleResources - 1 total (0 active), Execution time: mean = 1.10ms, total = 1.10ms, Queueing time: mean = 0.00ms, max = -0.00ms, min = 9223372036854.78ms, total = 0.00ms
[state-dump] 	ReporterService.grpc_client.HealthCheck - 1 total (0 active), Execution time: mean = 132.11ms, total = 132.11ms, Queueing time: mean = 0.00ms, max = -0.00ms, min = 9223372036854.78ms, total = 0.00ms
[state-dump] 	ray::rpc::InternalKVGcsService.grpc_client.GetInternalConfig - 1 total (0 active), Execution time: mean = 0.83ms, total = 0.83ms, Queueing time: mean = 0.00ms, max = -0.00ms, min = 9223372036854.78ms, total = 0.00ms
[state-dump] 	ReporterService.grpc_client.HealthCheck.OnReplyReceived - 1 total (0 active), Execution time: mean = 0.15ms, total = 0.15ms, Queueing time: mean = 0.02ms, max = 0.02ms, min = 0.02ms, total = 0.02ms
[state-dump] 	ray::rpc::JobInfoGcsService.grpc_client.GetAllJobInfo.OnReplyReceived - 1 total (0 active), Execution time: mean = 0.01ms, total = 0.01ms, Queueing time: mean = 0.02ms, max = 0.02ms, min = 0.02ms, total = 0.02ms
[state-dump] 	NodeManager.GCTaskFailureReason - 1 total (1 active), Execution time: mean = 0.00ms, total = 0.00ms, Queueing time: mean = 0.00ms, max = -0.00ms, min = 9223372036854.78ms, total = 0.00ms
[state-dump] 	ray::rpc::InternalKVGcsService.grpc_client.GetInternalConfig.OnReplyReceived - 1 total (0 active), Execution time: mean = 629.71ms, total = 629.71ms, Queueing time: mean = 0.01ms, max = 0.01ms, min = 0.01ms, total = 0.01ms
[state-dump] 	ray::rpc::NodeInfoGcsService.grpc_client.RegisterNode.OnReplyReceived - 1 total (0 active), Execution time: mean = 0.39ms, total = 0.39ms, Queueing time: mean = 0.01ms, max = 0.01ms, min = 0.01ms, total = 0.01ms
[state-dump] 	ray::rpc::JobInfoGcsService.grpc_client.GetAllJobInfo - 1 total (0 active), Execution time: mean = 0.56ms, total = 0.56ms, Queueing time: mean = 0.00ms, max = -0.00ms, min = 9223372036854.78ms, total = 0.00ms
[state-dump] 	NodeManagerService.grpc_server.CommitBundleResources.HandleRequestImpl - 1 total (0 active), Execution time: mean = 1.15ms, total = 1.15ms, Queueing time: mean = 0.03ms, max = 0.03ms, min = 0.03ms, total = 0.03ms
[state-dump] 	NodeManagerService.grpc_server.CommitBundleResources - 1 total (0 active), Execution time: mean = 1.41ms, total = 1.41ms, Queueing time: mean = 0.00ms, max = -0.00ms, min = 9223372036854.78ms, total = 0.00ms
[state-dump] 	ray::rpc::NodeInfoGcsService.grpc_client.GetAllNodeAddressAndLiveness - 1 total (0 active), Execution time: mean = 0.70ms, total = 0.70ms, Queueing time: mean = 0.00ms, max = -0.00ms, min = 9223372036854.78ms, total = 0.00ms
[state-dump] 	ray::rpc::NodeInfoGcsService.grpc_client.GetAllNodeAddressAndLiveness.OnReplyReceived - 1 total (0 active), Execution time: mean = 0.16ms, total = 0.16ms, Queueing time: mean = 0.01ms, max = 0.01ms, min = 0.01ms, total = 0.01ms
[state-dump] 	Subscriber.HandlePublishedMessage_GCS_JOB_CHANNEL - 1 total (0 active), Execution time: mean = 0.04ms, total = 0.04ms, Queueing time: mean = 0.30ms, max = 0.30ms, min = 0.30ms, total = 0.30ms
[state-dump] 	ray::rpc::NodeInfoGcsService.grpc_client.RegisterNode - 1 total (0 active), Execution time: mean = 1.17ms, total = 1.17ms, Queueing time: mean = 0.00ms, max = -0.00ms, min = 9223372036854.78ms, total = 0.00ms
[state-dump] DebugString() time ms: 0
[state-dump] 
[state-dump] 
[2026-09-04 01:06:40,844 I 79 102] (raylet) store.cc:573: Plasma store debug dump: 
Current usage: 0 / 4.29497 GB
- num bytes created total: 72
0 pending objects of total size 0MB
- objects spillable: 0
- bytes spillable: 0
- objects unsealed: 0
- bytes unsealed: 0
- objects in use: 0
- bytes in use: 0
- objects evictable: 0
- bytes evictable: 0

- objects created by worker: 0
- bytes created by worker: 0
- objects restored: 0
- bytes restored: 0
- objects received: 0
- bytes received: 0
- objects errored: 0
- bytes errored: 0

[2026-09-04 01:06:41,501 I 79 79] (raylet) node_manager.cc:486: [state-dump] NodeManager:
[state-dump] Node ID: 82dfc8c23c51709b77aaa7de2deacf9d421699bfcaad6b6cc4f66c59
[state-dump] Node name: 10.244.180.242
[state-dump] InitialConfigResources: {node:10.244.180.242: 1, object_store_memory: 4.29497e+09, GPU: 8, CPU: 64, accelerator_type:B200: 1, memory: 3.24185e+12}
[state-dump] ClusterLeaseManager:
[state-dump] ========== Node: 82dfc8c23c51709b77aaa7de2deacf9d421699bfcaad6b6cc4f66c59 =================
[state-dump] Infeasible queue length: 0
[state-dump] Schedule queue length: 0
[state-dump] Grant queue length: 0
[state-dump] num_waiting_for_resource: 0
[state-dump] num_waiting_for_plasma_memory: 0
[state-dump] num_waiting_for_remote_node_resources: 0
[state-dump] num_worker_not_started_by_job_config_not_exist: 0
[state-dump] num_worker_not_started_by_registration_timeout: 0
[state-dump] num_tasks_waiting_for_workers: 0
[state-dump] num_cancelled_leases: 0
[state-dump] cluster_resource_scheduler state: 
[state-dump] Local id: -8170265163178445639 Local resources: {"total":{node:10.244.180.242: [10000], GPU_group_19_41b56c6dcd1a3ea16b3ee9c698c601000000: [0, 0, 10000, 0, 0, 0, 0, 0], CPU: [640000], GPU_group_24_41b56c6dcd1a3ea16b3ee9c698c601000000: [0, 0, 0, 0, 0, 0, 0, 10000], CPU_group_19_41b56c6dcd1a3ea16b3ee9c698c601000000: [10000], GPU_group_23_41b56c6dcd1a3ea16b3ee9c698c601000000: [0, 0, 0, 0, 0, 0, 10000, 0], bundle_group_22_41b56c6dcd1a3ea16b3ee9c698c601000000: [10000000], GPU_group_17_41b56c6dcd1a3ea16b3ee9c698c601000000: [10000, 0, 0, 0, 0, 0, 0, 0], accelerator_type:B200: [10000], bundle_group_18_41b56c6dcd1a3ea16b3ee9c698c601000000: [10000000], CPU_group_17_41b56c6dcd1a3ea16b3ee9c698c601000000: [10000], memory: [32418475745280000], object_store_memory: [42949672960000], GPU_group_18_41b56c6dcd1a3ea16b3ee9c698c601000000: [0, 10000, 0, 0, 0, 0, 0, 0], CPU_group_41b56c6dcd1a3ea16b3ee9c698c601000000: [80000], bundle_group_41b56c6dcd1a3ea16b3ee9c698c601000000: [80000000], bundle_group_17_41b56c6dcd1a3ea16b3ee9c698c601000000: [10000000], CPU_group_20_41b56c6dcd1a3ea16b3ee9c698c601000000: [10000], GPU_group_20_41b56c6dcd1a3ea16b3ee9c698c601000000: [0, 0, 0, 10000, 0, 0, 0, 0], bundle_group_19_41b56c6dcd1a3ea16b3ee9c698c601000000: [10000000], bundle_group_23_41b56c6dcd1a3ea16b3ee9c698c601000000: [10000000], CPU_group_24_41b56c6dcd1a3ea16b3ee9c698c601000000: [10000], CPU_group_22_41b56c6dcd1a3ea16b3ee9c698c601000000: [10000], GPU_group_22_41b56c6dcd1a3ea16b3ee9c698c601000000: [0, 0, 0, 0, 0, 10000, 0, 0], CPU_group_23_41b56c6dcd1a3ea16b3ee9c698c601000000: [10000], CPU_group_21_41b56c6dcd1a3ea16b3ee9c698c601000000: [10000], GPU: [10000, 10000, 10000, 10000, 10000, 10000, 10000, 10000], bundle_group_21_41b56c6dcd1a3ea16b3ee9c698c601000000: [10000000], bundle_group_24_41b56c6dcd1a3ea16b3ee9c698c601000000: [10000000], GPU_group_41b56c6dcd1a3ea16b3ee9c698c601000000: [10000, 10000, 10000, 10000, 10000, 10000, 10000, 10000], GPU_group_21_41b56c6dcd1a3ea16b3ee9c698c601000000: [0, 0, 0, 0, 10000, 0, 0, 0], CPU_group_18_41b56c6dcd1a3ea16b3ee9c698c601000000: [10000], bundle_group_20_41b56c6dcd1a3ea16b3ee9c698c601000000: [10000000]}, "available": {GPU_group_19_41b56c6dcd1a3ea16b3ee9c698c601000000: [0, 0, 10000, 0, 0, 0, 0, 0], node:10.244.180.242: [10000], GPU_group_17_41b56c6dcd1a3ea16b3ee9c698c601000000: [8000, 0, 0, 0, 0, 0, 0, 0], bundle_group_22_41b56c6dcd1a3ea16b3ee9c698c601000000: [10000000], accelerator_type:B200: [10000], CPU_group_19_41b56c6dcd1a3ea16b3ee9c698c601000000: [10000], GPU_group_23_41b56c6dcd1a3ea16b3ee9c698c601000000: [0, 0, 0, 0, 0, 0, 10000, 0], bundle_group_18_41b56c6dcd1a3ea16b3ee9c698c601000000: [10000000], CPU: [560000], GPU_group_24_41b56c6dcd1a3ea16b3ee9c698c601000000: [0, 0, 0, 0, 0, 0, 0, 10000], memory: [32418475745280000], CPU_group_17_41b56c6dcd1a3ea16b3ee9c698c601000000: [8000], CPU_group_24_41b56c6dcd1a3ea16b3ee9c698c601000000: [10000], GPU_group_18_41b56c6dcd1a3ea16b3ee9c698c601000000: [0, 10000, 0, 0, 0, 0, 0, 0], object_store_memory: [42949672960000], GPU_group_20_41b56c6dcd1a3ea16b3ee9c698c601000000: [0, 0, 0, 10000, 0, 0, 0, 0], CPU_group_20_41b56c6dcd1a3ea16b3ee9c698c601000000: [10000], bundle_group_23_41b56c6dcd1a3ea16b3ee9c698c601000000: [10000000], bundle_group_41b56c6dcd1a3ea16b3ee9c698c601000000: [79999990], bundle_group_17_41b56c6dcd1a3ea16b3ee9c698c601000000: [9999990], CPU_group_21_41b56c6dcd1a3ea16b3ee9c698c601000000: [10000], CPU_group_41b56c6dcd1a3ea16b3ee9c698c601000000: [78000], GPU_group_22_41b56c6dcd1a3ea16b3ee9c698c601000000: [0, 0, 0, 0, 0, 10000, 0, 0], bundle_group_19_41b56c6dcd1a3ea16b3ee9c698c601000000: [10000000], CPU_group_23_41b56c6dcd1a3ea16b3ee9c698c601000000: [10000], CPU_group_22_41b56c6dcd1a3ea16b3ee9c698c601000000: [10000], GPU_group_41b56c6dcd1a3ea16b3ee9c698c601000000: [8000, 10000, 10000, 10000, 10000, 10000, 10000, 10000], bundle_group_21_41b56c6dcd1a3ea16b3ee9c698c601000000: [10000000], GPU: [0, 0, 0, 0, 0, 0, 0, 0], bundle_group_24_41b56c6dcd1a3ea16b3ee9c698c601000000: [10000000], bundle_group_20_41b56c6dcd1a3ea16b3ee9c698c601000000: [10000000], CPU_group_18_41b56c6dcd1a3ea16b3ee9c698c601000000: [10000], GPU_group_21_41b56c6dcd1a3ea16b3ee9c698c601000000: [0, 0, 0, 0, 10000, 0, 0, 0]}, "labels":{"ray.io/node-id":"82dfc8c23c51709b77aaa7de2deacf9d421699bfcaad6b6cc4f66c59","ray.io/accelerator-type":"B200"}} is_draining: 0 is_idle: 0 Cluster resources (at most 20 nodes are shown): node id: -8170265163178445639{"total":{GPU: 80000, bundle_group_24_41b56c6dcd1a3ea16b3ee9c698c601000000: 10000000, GPU_group_17_41b56c6dcd1a3ea16b3ee9c698c601000000: 10000, bundle_group_18_41b56c6dcd1a3ea16b3ee9c698c601000000: 10000000, bundle_group_22_41b56c6dcd1a3ea16b3ee9c698c601000000: 10000000, GPU_group_24_41b56c6dcd1a3ea16b3ee9c698c601000000: 10000, CPU: 640000, CPU_group_19_41b56c6dcd1a3ea16b3ee9c698c601000000: 10000, GPU_group_23_41b56c6dcd1a3ea16b3ee9c698c601000000: 10000, accelerator_type:B200: 10000, GPU_group_19_41b56c6dcd1a3ea16b3ee9c698c601000000: 10000, node:10.244.180.242: 10000, GPU_group_18_41b56c6dcd1a3ea16b3ee9c698c601000000: 10000, CPU_group_24_41b56c6dcd1a3ea16b3ee9c698c601000000: 10000, object_store_memory: 42949672960000, memory: 32418475745280000, CPU_group_17_41b56c6dcd1a3ea16b3ee9c698c601000000: 10000, GPU_group_22_41b56c6dcd1a3ea16b3ee9c698c601000000: 10000, CPU_group_23_41b56c6dcd1a3ea16b3ee9c698c601000000: 10000, CPU_group_21_41b56c6dcd1a3ea16b3ee9c698c601000000: 10000, CPU_group_22_41b56c6dcd1a3ea16b3ee9c698c601000000: 10000, GPU_group_20_41b56c6dcd1a3ea16b3ee9c698c601000000: 10000, CPU_group_41b56c6dcd1a3ea16b3ee9c698c601000000: 80000, bundle_group_41b56c6dcd1a3ea16b3ee9c698c601000000: 80000000, bundle_group_23_41b56c6dcd1a3ea16b3ee9c698c601000000: 10000000, CPU_group_20_41b56c6dcd1a3ea16b3ee9c698c601000000: 10000, bundle_group_17_41b56c6dcd1a3ea16b3ee9c698c601000000: 10000000, bundle_group_19_41b56c6dcd1a3ea16b3ee9c698c601000000: 10000000, bundle_group_20_41b56c6dcd1a3ea16b3ee9c698c601000000: 10000000, GPU_group_21_41b56c6dcd1a3ea16b3ee9c698c601000000: 10000, CPU_group_18_41b56c6dcd1a3ea16b3ee9c698c601000000: 10000, bundle_group_21_41b56c6dcd1a3ea16b3ee9c698c601000000: 10000000, GPU_group_41b56c6dcd1a3ea16b3ee9c698c601000000: 80000}, "available": {bundle_group_22_41b56c6dcd1a3ea16b3ee9c698c601000000: 10000000, bundle_group_18_41b56c6dcd1a3ea16b3ee9c698c601000000: 10000000, bundle_group_24_41b56c6dcd1a3ea16b3ee9c698c601000000: 10000000, bundle_group_21_41b56c6dcd1a3ea16b3ee9c698c601000000: 10000000, GPU_group_41b56c6dcd1a3ea16b3ee9c698c601000000: 78000, GPU_group_21_41b56c6dcd1a3ea16b3ee9c698c601000000: 10000, CPU_group_18_41b56c6dcd1a3ea16b3ee9c698c601000000: 10000, bundle_group_20_41b56c6dcd1a3ea16b3ee9c698c601000000: 10000000, CPU_group_41b56c6dcd1a3ea16b3ee9c698c601000000: 78000, bundle_group_17_41b56c6dcd1a3ea16b3ee9c698c601000000: 9999990, bundle_group_23_41b56c6dcd1a3ea16b3ee9c698c601000000: 10000000, CPU_group_20_41b56c6dcd1a3ea16b3ee9c698c601000000: 10000, bundle_group_19_41b56c6dcd1a3ea16b3ee9c698c601000000: 10000000, GPU_group_20_41b56c6dcd1a3ea16b3ee9c698c601000000: 10000, bundle_group_41b56c6dcd1a3ea16b3ee9c698c601000000: 79999990, CPU_group_22_41b56c6dcd1a3ea16b3ee9c698c601000000: 10000, GPU_group_22_41b56c6dcd1a3ea16b3ee9c698c601000000: 10000, CPU_group_23_41b56c6dcd1a3ea16b3ee9c698c601000000: 10000, CPU_group_21_41b56c6dcd1a3ea16b3ee9c698c601000000: 10000, CPU_group_17_41b56c6dcd1a3ea16b3ee9c698c601000000: 8000, memory: 32418475745280000, object_store_memory: 42949672960000, CPU_group_24_41b56c6dcd1a3ea16b3ee9c698c601000000: 10000, GPU_group_18_41b56c6dcd1a3ea16b3ee9c698c601000000: 10000, node:10.244.180.242: 10000, GPU_group_19_41b56c6dcd1a3ea16b3ee9c698c601000000: 10000, GPU_group_24_41b56c6dcd1a3ea16b3ee9c698c601000000: 10000, CPU: 560000, CPU_group_19_41b56c6dcd1a3ea16b3ee9c698c601000000: 10000, accelerator_type:B200: 10000, GPU_group_23_41b56c6dcd1a3ea16b3ee9c698c601000000: 10000, GPU_group_17_41b56c6dcd1a3ea16b3ee9c698c601000000: 8000}, "labels":{"ray.io/node-id":"82dfc8c23c51709b77aaa7de2deacf9d421699bfcaad6b6cc4f66c59","ray.io/accelerator-type":"B200"}, "is_draining": 0, "draining_deadline_timestamp_ms": -1}node id: -1351780445297854484{"total":{bundle_group_14_41b56c6dcd1a3ea16b3ee9c698c601000000: 10000000, bundle_group_0_41b56c6dcd1a3ea16b3ee9c698c601000000: 10000000, bundle_group_13_41b56c6dcd1a3ea16b3ee9c698c601000000: 10000000, GPU_group_0_41b56c6dcd1a3ea16b3ee9c698c601000000: 10000, CPU_group_41b56c6dcd1a3ea16b3ee9c698c601000000: 80000, bundle_group_41b56c6dcd1a3ea16b3ee9c698c601000000: 80000000, CPU_group_10_41b56c6dcd1a3ea16b3ee9c698c601000000: 10000, CPU_group_11_41b56c6dcd1a3ea16b3ee9c698c601000000: 10000, CPU_group_13_41b56c6dcd1a3ea16b3ee9c698c601000000: 10000, GPU_group_12_41b56c6dcd1a3ea16b3ee9c698c601000000: 10000, bundle_group_9_41b56c6dcd1a3ea16b3ee9c698c601000000: 10000000, GPU_group_15_41b56c6dcd1a3ea16b3ee9c698c601000000: 10000, GPU_group_41b56c6dcd1a3ea16b3ee9c698c601000000: 80000, GPU: 80000, bundle_group_12_41b56c6dcd1a3ea16b3ee9c698c601000000: 10000000, CPU_group_12_41b56c6dcd1a3ea16b3ee9c698c601000000: 10000, CPU_group_15_41b56c6dcd1a3ea16b3ee9c698c601000000: 10000, GPU_group_13_41b56c6dcd1a3ea16b3ee9c698c601000000: 10000, GPU_group_11_41b56c6dcd1a3ea16b3ee9c698c601000000: 10000, bundle_group_10_41b56c6dcd1a3ea16b3ee9c698c601000000: 10000000, bundle_group_11_41b56c6dcd1a3ea16b3ee9c698c601000000: 10000000, CPU_group_0_41b56c6dcd1a3ea16b3ee9c698c601000000: 10000, accelerator_type:B200: 10000, CPU: 640000, memory: 32418477711360000, node:10.244.218.62: 10000, bundle_group_15_41b56c6dcd1a3ea16b3ee9c698c601000000: 10000000, GPU_group_10_41b56c6dcd1a3ea16b3ee9c698c601000000: 10000, object_store_memory: 42949672960000, CPU_group_9_41b56c6dcd1a3ea16b3ee9c698c601000000: 10000, GPU_group_9_41b56c6dcd1a3ea16b3ee9c698c601000000: 10000, GPU_group_14_41b56c6dcd1a3ea16b3ee9c698c601000000: 10000, CPU_group_14_41b56c6dcd1a3ea16b3ee9c698c601000000: 10000}, "available": {GPU_group_41b56c6dcd1a3ea16b3ee9c698c601000000: 78000, CPU_group_12_41b56c6dcd1a3ea16b3ee9c698c601000000: 10000, bundle_group_12_41b56c6dcd1a3ea16b3ee9c698c601000000: 10000000, GPU_group_13_41b56c6dcd1a3ea16b3ee9c698c601000000: 10000, CPU_group_15_41b56c6dcd1a3ea16b3ee9c698c601000000: 10000, bundle_group_0_41b56c6dcd1a3ea16b3ee9c698c601000000: 9999990, CPU_group_10_41b56c6dcd1a3ea16b3ee9c698c601000000: 10000, CPU_group_41b56c6dcd1a3ea16b3ee9c698c601000000: 78000, CPU_group_11_41b56c6dcd1a3ea16b3ee9c698c601000000: 10000, GPU_group_12_41b56c6dcd1a3ea16b3ee9c698c601000000: 10000, CPU_group_13_41b56c6dcd1a3ea16b3ee9c698c601000000: 10000, bundle_group_41b56c6dcd1a3ea16b3ee9c698c601000000: 79999990, GPU_group_15_41b56c6dcd1a3ea16b3ee9c698c601000000: 10000, bundle_group_9_41b56c6dcd1a3ea16b3ee9c698c601000000: 10000000, node:10.244.218.62: 10000, memory: 32418477711360000, object_store_memory: 42949672960000, CPU_group_9_41b56c6dcd1a3ea16b3ee9c698c601000000: 10000, bundle_group_15_41b56c6dcd1a3ea16b3ee9c698c601000000: 10000000, bundle_group_14_41b56c6dcd1a3ea16b3ee9c698c601000000: 10000000, GPU_group_0_41b56c6dcd1a3ea16b3ee9c698c601000000: 8000, GPU_group_14_41b56c6dcd1a3ea16b3ee9c698c601000000: 10000, CPU_group_14_41b56c6dcd1a3ea16b3ee9c698c601000000: 10000, GPU_group_9_41b56c6dcd1a3ea16b3ee9c698c601000000: 10000, bundle_group_13_41b56c6dcd1a3ea16b3ee9c698c601000000: 10000000, GPU_group_10_41b56c6dcd1a3ea16b3ee9c698c601000000: 10000, bundle_group_10_41b56c6dcd1a3ea16b3ee9c698c601000000: 10000000, GPU_group_11_41b56c6dcd1a3ea16b3ee9c698c601000000: 10000, CPU_group_0_41b56c6dcd1a3ea16b3ee9c698c601000000: 8000, bundle_group_11_41b56c6dcd1a3ea16b3ee9c698c601000000: 10000000, accelerator_type:B200: 10000, CPU: 560000}, "labels":{"ray.io/accelerator-type":"B200","ray.io/node-id":"90dc8450878fe5de358e116e0b8657e06554d0d69bbf5603e4880a55"}, "is_draining": 0, "draining_deadline_timestamp_ms": -1}node id: 4273633132855142460{"total":{bundle_group_8_41b56c6dcd1a3ea16b3ee9c698c601000000: 10000000, CPU_group_7_41b56c6dcd1a3ea16b3ee9c698c601000000: 10000, GPU: 80000, CPU_group_6_41b56c6dcd1a3ea16b3ee9c698c601000000: 10000, CPU_group_3_41b56c6dcd1a3ea16b3ee9c698c601000000: 10000, GPU_group_41b56c6dcd1a3ea16b3ee9c698c601000000: 80000, node:10.244.13.18: 10000, bundle_group_3_41b56c6dcd1a3ea16b3ee9c698c601000000: 10000000, CPU_group_2_41b56c6dcd1a3ea16b3ee9c698c601000000: 10000, GPU_group_1_41b56c6dcd1a3ea16b3ee9c698c601000000: 10000, GPU_group_7_41b56c6dcd1a3ea16b3ee9c698c601000000: 10000, GPU_group_4_41b56c6dcd1a3ea16b3ee9c698c601000000: 10000, CPU_group_4_41b56c6dcd1a3ea16b3ee9c698c601000000: 10000, bundle_group_1_41b56c6dcd1a3ea16b3ee9c698c601000000: 10000000, bundle_group_41b56c6dcd1a3ea16b3ee9c698c601000000: 80000000, CPU_group_41b56c6dcd1a3ea16b3ee9c698c601000000: 80000, bundle_group_7_41b56c6dcd1a3ea16b3ee9c698c601000000: 10000000, CPU_group_5_41b56c6dcd1a3ea16b3ee9c698c601000000: 10000, bundle_group_2_41b56c6dcd1a3ea16b3ee9c698c601000000: 10000000, object_store_memory: 42949672960000, bundle_group_4_41b56c6dcd1a3ea16b3ee9c698c601000000: 10000000, GPU_group_5_41b56c6dcd1a3ea16b3ee9c698c601000000: 10000, GPU_group_6_41b56c6dcd1a3ea16b3ee9c698c601000000: 10000, GPU_group_2_41b56c6dcd1a3ea16b3ee9c698c601000000: 10000, memory: 32418533744640000, bundle_group_5_41b56c6dcd1a3ea16b3ee9c698c601000000: 10000000, CPU_group_1_41b56c6dcd1a3ea16b3ee9c698c601000000: 10000, GPU_group_3_41b56c6dcd1a3ea16b3ee9c698c601000000: 10000, CPU: 640000, bundle_group_6_41b56c6dcd1a3ea16b3ee9c698c601000000: 10000000, accelerator_type:B200: 10000, CPU_group_8_41b56c6dcd1a3ea16b3ee9c698c601000000: 10000, GPU_group_8_41b56c6dcd1a3ea16b3ee9c698c601000000: 10000}, "available": {CPU_group_7_41b56c6dcd1a3ea16b3ee9c698c601000000: 2000, bundle_group_8_41b56c6dcd1a3ea16b3ee9c698c601000000: 9999980, CPU_group_3_41b56c6dcd1a3ea16b3ee9c698c601000000: 2000, CPU_group_6_41b56c6dcd1a3ea16b3ee9c698c601000000: 2000, GPU_group_41b56c6dcd1a3ea16b3ee9c698c601000000: 16000, bundle_group_3_41b56c6dcd1a3ea16b3ee9c698c601000000: 9999980, node:10.244.13.18: 10000, CPU_group_2_41b56c6dcd1a3ea16b3ee9c698c601000000: 2000, GPU_group_1_41b56c6dcd1a3ea16b3ee9c698c601000000: 2000, GPU_group_4_41b56c6dcd1a3ea16b3ee9c698c601000000: 2000, GPU_group_7_41b56c6dcd1a3ea16b3ee9c698c601000000: 2000, bundle_group_1_41b56c6dcd1a3ea16b3ee9c698c601000000: 9999980, CPU_group_5_41b56c6dcd1a3ea16b3ee9c698c601000000: 2000, CPU_group_41b56c6dcd1a3ea16b3ee9c698c601000000: 16000, bundle_group_7_41b56c6dcd1a3ea16b3ee9c698c601000000: 9999980, bundle_group_41b56c6dcd1a3ea16b3ee9c698c601000000: 79999840, CPU_group_4_41b56c6dcd1a3ea16b3ee9c698c601000000: 2000, bundle_group_2_41b56c6dcd1a3ea16b3ee9c698c601000000: 9999980, object_store_memory: 42948364790000, GPU_group_5_41b56c6dcd1a3ea16b3ee9c698c601000000: 2000, bundle_group_4_41b56c6dcd1a3ea16b3ee9c698c601000000: 9999980, GPU_group_6_41b56c6dcd1a3ea16b3ee9c698c601000000: 2000, memory: 32418533744640000, GPU_group_2_41b56c6dcd1a3ea16b3ee9c698c601000000: 2000, bundle_group_5_41b56c6dcd1a3ea16b3ee9c698c601000000: 9999980, CPU_group_1_41b56c6dcd1a3ea16b3ee9c698c601000000: 2000, GPU_group_3_41b56c6dcd1a3ea16b3ee9c698c601000000: 2000, CPU: 560000, accelerator_type:B200: 10000, bundle_group_6_41b56c6dcd1a3ea16b3ee9c698c601000000: 9999980, GPU_group_8_41b56c6dcd1a3ea16b3ee9c698c601000000: 2000, CPU_group_8_41b56c6dcd1a3ea16b3ee9c698c601000000: 2000}, "labels":{"ray.io/node-id":"4296a17b2364b071e4782261814dd77feed7cb4e5a4de14ab32d253a","ray.io/accelerator-type":"B200"}, "is_draining": 0, "draining_deadline_timestamp_ms": -1}node id: -7973918255608480324{"total":{bundle_group_27_41b56c6dcd1a3ea16b3ee9c698c601000000: 10000000, bundle_group_29_41b56c6dcd1a3ea16b3ee9c698c601000000: 10000000, bundle_group_41b56c6dcd1a3ea16b3ee9c698c601000000: 80000000, CPU_group_41b56c6dcd1a3ea16b3ee9c698c601000000: 80000, GPU_group_27_41b56c6dcd1a3ea16b3ee9c698c601000000: 10000, GPU_group_16_41b56c6dcd1a3ea16b3ee9c698c601000000: 10000, CPU_group_31_41b56c6dcd1a3ea16b3ee9c698c601000000: 10000, node:__internal_head__: 10000, GPU_group_41b56c6dcd1a3ea16b3ee9c698c601000000: 80000, bundle_group_28_41b56c6dcd1a3ea16b3ee9c698c601000000: 10000000, GPU: 80000, bundle_group_30_41b56c6dcd1a3ea16b3ee9c698c601000000: 10000000, CPU_group_27_41b56c6dcd1a3ea16b3ee9c698c601000000: 10000, CPU_group_26_41b56c6dcd1a3ea16b3ee9c698c601000000: 10000, bundle_group_25_41b56c6dcd1a3ea16b3ee9c698c601000000: 10000000, GPU_group_29_41b56c6dcd1a3ea16b3ee9c698c601000000: 10000, GPU_group_28_41b56c6dcd1a3ea16b3ee9c698c601000000: 10000, CPU_group_29_41b56c6dcd1a3ea16b3ee9c698c601000000: 10000, CPU_group_25_41b56c6dcd1a3ea16b3ee9c698c601000000: 10000, CPU_group_30_41b56c6dcd1a3ea16b3ee9c698c601000000: 10000, accelerator_type:B200: 10000, bundle_group_26_41b56c6dcd1a3ea16b3ee9c698c601000000: 10000000, bundle_group_31_41b56c6dcd1a3ea16b3ee9c698c601000000: 10000000, CPU: 640000, GPU_group_30_41b56c6dcd1a3ea16b3ee9c698c601000000: 10000, bundle_group_16_41b56c6dcd1a3ea16b3ee9c698c601000000: 10000000, CPU_group_28_41b56c6dcd1a3ea16b3ee9c698c601000000: 10000, memory: 32397589872640000, GPU_group_31_41b56c6dcd1a3ea16b3ee9c698c601000000: 10000, CPU_group_16_41b56c6dcd1a3ea16b3ee9c698c601000000: 10000, GPU_group_25_41b56c6dcd1a3ea16b3ee9c698c601000000: 10000, node:10.244.18.139: 10000, object_store_memory: 42949672960000, GPU_group_26_41b56c6dcd1a3ea16b3ee9c698c601000000: 10000}, "available": {CPU_group_26_41b56c6dcd1a3ea16b3ee9c698c601000000: 2000, CPU_group_27_41b56c6dcd1a3ea16b3ee9c698c601000000: 2000, bundle_group_30_41b56c6dcd1a3ea16b3ee9c698c601000000: 9999980, bundle_group_28_41b56c6dcd1a3ea16b3ee9c698c601000000: 9999980, GPU_group_41b56c6dcd1a3ea16b3ee9c698c601000000: 16000, node:__internal_head__: 10000, CPU_group_31_41b56c6dcd1a3ea16b3ee9c698c601000000: 2000, GPU_group_27_41b56c6dcd1a3ea16b3ee9c698c601000000: 2000, CPU_group_41b56c6dcd1a3ea16b3ee9c698c601000000: 16000, bundle_group_41b56c6dcd1a3ea16b3ee9c698c601000000: 79999840, GPU_group_16_41b56c6dcd1a3ea16b3ee9c698c601000000: 2000, bundle_group_29_41b56c6dcd1a3ea16b3ee9c698c601000000: 9999980, bundle_group_27_41b56c6dcd1a3ea16b3ee9c698c601000000: 9999980, object_store_memory: 42943207850000, GPU_group_26_41b56c6dcd1a3ea16b3ee9c698c601000000: 2000, node:10.244.18.139: 10000, GPU_group_25_41b56c6dcd1a3ea16b3ee9c698c601000000: 2000, CPU_group_16_41b56c6dcd1a3ea16b3ee9c698c601000000: 2000, GPU_group_31_41b56c6dcd1a3ea16b3ee9c698c601000000: 2000, memory: 32397589872640000, CPU_group_28_41b56c6dcd1a3ea16b3ee9c698c601000000: 2000, bundle_group_16_41b56c6dcd1a3ea16b3ee9c698c601000000: 9999980, CPU: 540000, GPU_group_30_41b56c6dcd1a3ea16b3ee9c698c601000000: 2000, bundle_group_26_41b56c6dcd1a3ea16b3ee9c698c601000000: 9999980, accelerator_type:B200: 10000, bundle_group_31_41b56c6dcd1a3ea16b3ee9c698c601000000: 9999980, CPU_group_30_41b56c6dcd1a3ea16b3ee9c698c601000000: 2000, CPU_group_25_41b56c6dcd1a3ea16b3ee9c698c601000000: 2000, CPU_group_29_41b56c6dcd1a3ea16b3ee9c698c601000000: 2000, GPU_group_29_41b56c6dcd1a3ea16b3ee9c698c601000000: 2000, GPU_group_28_41b56c6dcd1a3ea16b3ee9c698c601000000: 2000, bundle_group_25_41b56c6dcd1a3ea16b3ee9c698c601000000: 9999980}, "labels":{"ray.io/node-id":"11215b0011fac4845f8eecab7d85f57fc12c4efc1ad3dce06ebdc204","ray.io/accelerator-type":"B200"}, "is_draining": 0, "draining_deadline_timestamp_ms": -1} { "placement group locations": [], "node to bundles": []}
[state-dump] Waiting leases size: 0
[state-dump] Number of granted lease arguments: 0
[state-dump] Number of pinned lease arguments: 0
[state-dump] Total size of pinned lease arguments: 0
[state-dump] Number of total spilled leases: 0
[state-dump] Number of spilled waiting leases: 0
[state-dump] Number of spilled unschedulable leases: 0
[state-dump] Resource usage {
[state-dump]     - (language=PYTHON actor_or_taskSGLangEngine.__init__ pid=858 worker_id=650a17a0e0c4cd2270b368052022e6d017baf108cd0e6d39cfd281fe): {bundle_group_41b56c6dcd1a3ea16b3ee9c698c601000000: 0.001, GPU_group_41b56c6dcd1a3ea16b3ee9c698c601000000: 0.2, GPU_group_17_41b56c6dcd1a3ea16b3ee9c698c601000000: 0.2, CPU_group_41b56c6dcd1a3ea16b3ee9c698c601000000: 0.2, CPU_group_17_41b56c6dcd1a3ea16b3ee9c698c601000000: 0.2, bundle_group_17_41b56c6dcd1a3ea16b3ee9c698c601000000: 0.001}
[state-dump] }
[state-dump] Backlog Size per scheduling descriptor :{workerId: num backlogs}:
[state-dump] 
[state-dump] Granted leases by scheduling class:
[state-dump] ==================================================
[state-dump] 
[state-dump] ClusterResources:
[state-dump] LocalObjectManager:
[state-dump] - num pinned objects: 0
[state-dump] - pinned objects size: 0
[state-dump] - num objects pending restore: 0
[state-dump] - num objects pending spill: 0
[state-dump] - num bytes pending spill: 0
[state-dump] - num bytes currently spilled: 0
[state-dump] - cumulative spill requests: 0
[state-dump] - cumulative restore requests: 0
[state-dump] - spilled objects pending delete: 0
[state-dump] 
[state-dump] ObjectManager:
[state-dump] - num local objects: 0
[state-dump] - num unfulfilled push requests: 0
[state-dump] - num object pull requests: 0
[state-dump] - num chunks received total: 0
[state-dump] - num chunks received failed (all): 0
[state-dump] - num chunks received failed / cancelled: 0
[state-dump] - num chunks received failed / plasma error: 0
[state-dump] Event stats:
[state-dump] Global stats: 0 total (0 active)
[state-dump] Queueing time: mean = -nanms, max = -0.00ms, min = 9223372036854.78ms, total = 0.00ms
[state-dump] Execution time:  mean = -nanms, total = 0.00ms
[state-dump] Event stats:
[state-dump] PushManager:
[state-dump] - num pushes remaining: 0
[state-dump] - num chunks in flight: 0
[state-dump] - num chunks remaining: 0
[state-dump] - max chunks allowed: 409
[state-dump] OwnershipBasedObjectDirectory:
[state-dump] - num listeners: 0
[state-dump] - cumulative location updates: 0
[state-dump] - num location updates per second: 0.000
[state-dump] - num location lookups per second: 0.000
[state-dump] - num locations added per second: 0.000
[state-dump] - num locations removed per second: 0.000
[state-dump] BufferPool:
[state-dump] - create buffer state map size: 0
[state-dump] PullManager:
[state-dump] - num bytes available for pulled objects: 4294967296
[state-dump] - num bytes being pulled (all): 0
[state-dump] - num bytes being pulled / pinned: 0
[state-dump] - get request bundles: BundlePullRequestQueue{0 total, 0 active, 0 inactive, 0 unpullable}
[state-dump] - wait request bundles: BundlePullRequestQueue{0 total, 0 active, 0 inactive, 0 unpullable}
[state-dump] - task request bundles: BundlePullRequestQueue{0 total, 0 active, 0 inactive, 0 unpullable}
[state-dump] - first get request bundle: N/A
[state-dump] - first wait request bundle: N/A
[state-dump] - first task request bundle: N/A
[state-dump] - num objects queued: 0
[state-dump] - num objects actively pulled (all): 0
[state-dump] - num objects actively pulled / pinned: 0
[state-dump] - num bundles being pulled: 0
[state-dump] - num pull retries: 0
[state-dump] - max timeout seconds: 0
[state-dump] - max timeout request is already processed. No entry.
[state-dump] 
[state-dump] WorkerPool:
[state-dump] - registered jobs: 1
[state-dump] - process_failed_job_config_missing: 0
[state-dump] - process_failed_rate_limited: 0
[state-dump] - process_failed_pending_registration: 0
[state-dump] - process_failed_runtime_env_setup_failed: 0
[state-dump] - num PYTHON workers: 1
[state-dump] - num PYTHON drivers: 0
[state-dump] - num PYTHON pending start requests: 0
[state-dump] - num PYTHON pending registration requests: 0
[state-dump] - num object spill callbacks queued: 0
[state-dump] - num object restore queued: 0
[state-dump] - num util functions queued: 0
[state-dump] - num idle workers: 0
[state-dump] LeaseDependencyManager:
[state-dump] - lease deps map size: 0
[state-dump] - get req map size: 0
[state-dump] - wait req map size: 0
[state-dump] - local objects map size: 0
[state-dump] WaitManager:
[state-dump] - num active wait requests: 0
[state-dump] Subscriber:
[state-dump] Channel WORKER_OBJECT_LOCATIONS_CHANNEL
[state-dump] - cumulative subscribe requests: 0
[state-dump] - cumulative unsubscribe requests: 0
[state-dump] - active subscribed publishers: 0
[state-dump] - cumulative published messages: 0
[state-dump] - cumulative processed messages: 0
[state-dump] Channel WORKER_REF_REMOVED_CHANNEL
[state-dump] - cumulative subscribe requests: 0
[state-dump] - cumulative unsubscribe requests: 0
[state-dump] - active subscribed publishers: 0
[state-dump] - cumulative published messages: 0
[state-dump] - cumulative processed messages: 0
[state-dump] num async plasma notifications: 0
[state-dump] Event stats:
[state-dump] Global stats: 23478 total (15 active)
[state-dump] Queueing time: mean = 1.32ms, max = 26285.89ms, min = 0.00ms, total = 31097.54ms
[state-dump] Execution time:  mean = 1.43ms, total = 33568.83ms
[state-dump] Event stats:
[state-dump] 	NodeManager.CheckGC - 5398 total (1 active), Execution time: mean = 0.00ms, total = 4.61ms, Queueing time: mean = 0.05ms, max = 21.67ms, min = 0.00ms, total = 245.83ms
[state-dump] 	RaySyncer.BroadcastMessageIfNewVersion - 5398 total (1 active), Execution time: mean = 0.00ms, total = 7.43ms, Queueing time: mean = 0.05ms, max = 21.67ms, min = 0.00ms, total = 243.01ms
[state-dump] 	ObjectManager.UpdateAvailableMemory - 5398 total (0 active), Execution time: mean = 0.00ms, total = 3.68ms, Queueing time: mean = 0.01ms, max = 0.27ms, min = 0.00ms, total = 37.16ms
[state-dump] 	RayletWorkerPool.deadline_timer.kill_idle_workers - 2700 total (1 active), Execution time: mean = 0.00ms, total = 3.56ms, Queueing time: mean = 0.02ms, max = 8.65ms, min = 0.00ms, total = 51.25ms
[state-dump] 	NodeManager.ScheduleAndGrantLeases - 541 total (1 active), Execution time: mean = 0.00ms, total = 1.95ms, Queueing time: mean = 0.01ms, max = 0.04ms, min = 0.00ms, total = 7.03ms
[state-dump] 	NodeManager.CheckForUnexpectedWorkerDisconnects - 541 total (1 active), Execution time: mean = 0.01ms, total = 2.82ms, Queueing time: mean = 0.01ms, max = 0.06ms, min = 0.00ms, total = 6.07ms
[state-dump] 	NodeManagerService.grpc_server.GetResourceLoad - 540 total (0 active), Execution time: mean = 0.30ms, total = 161.78ms, Queueing time: mean = 0.00ms, max = -0.00ms, min = 9223372036854.78ms, total = 0.00ms
[state-dump] 	NodeManager.deadline_timer.flush_free_objects - 540 total (1 active), Execution time: mean = 0.00ms, total = 0.67ms, Queueing time: mean = 0.42ms, max = 22.99ms, min = 0.00ms, total = 226.35ms
[state-dump] 	NodeManagerService.grpc_server.GetResourceLoad.HandleRequestImpl - 540 total (0 active), Execution time: mean = 0.07ms, total = 36.44ms, Queueing time: mean = 0.02ms, max = 0.18ms, min = 0.00ms, total = 10.05ms
[state-dump] 	NodeManager.deadline_timer.spill_objects_when_over_threshold - 540 total (1 active), Execution time: mean = 0.00ms, total = 0.67ms, Queueing time: mean = 0.42ms, max = 22.99ms, min = 0.00ms, total = 226.35ms
[state-dump] 	ClusterResourceManager.ResetRemoteNodeView - 181 total (1 active), Execution time: mean = 0.00ms, total = 0.40ms, Queueing time: mean = 0.01ms, max = 0.05ms, min = 0.00ms, total = 2.41ms
[state-dump] 	NodeManager.deadline_timer.record_metrics - 108 total (1 active), Execution time: mean = 0.21ms, total = 23.02ms, Queueing time: mean = 1.89ms, max = 22.88ms, min = 0.00ms, total = 203.90ms
[state-dump] 	NodeManagerService.grpc_server.GetAgentPIDs - 103 total (0 active), Execution time: mean = 0.24ms, total = 25.18ms, Queueing time: mean = 0.00ms, max = -0.00ms, min = 9223372036854.78ms, total = 0.00ms
[state-dump] 	NodeManagerService.grpc_server.GetWorkerPIDs - 103 total (0 active), Execution time: mean = 0.24ms, total = 24.93ms, Queueing time: mean = 0.00ms, max = -0.00ms, min = 9223372036854.78ms, total = 0.00ms
[state-dump] 	NodeManagerService.grpc_server.GetWorkerPIDs.HandleRequestImpl - 103 total (0 active), Execution time: mean = 0.02ms, total = 2.26ms, Queueing time: mean = 0.03ms, max = 1.27ms, min = 0.01ms, total = 3.11ms
[state-dump] 	NodeManagerService.grpc_server.GetAgentPIDs.HandleRequestImpl - 103 total (0 active), Execution time: mean = 0.02ms, total = 2.30ms, Queueing time: mean = 0.03ms, max = 0.10ms, min = 0.00ms, total = 2.74ms
[state-dump] 	event_loop_lag_probe - 56 total (0 active), Execution time: mean = 0.01ms, total = 0.54ms, Queueing time: mean = 0.13ms, max = 7.13ms, min = 0.00ms, total = 7.25ms
[state-dump] 	NodeManager.deadline_timer.debug_state_dump - 54 total (1 active), Execution time: mean = 4.18ms, total = 225.78ms, Queueing time: mean = 0.01ms, max = 0.04ms, min = 0.00ms, total = 0.79ms
[state-dump] 	ClientConnection.async_read.ProcessMessageHeader - 45 total (1 active), Execution time: mean = 0.00ms, total = 0.15ms, Queueing time: mean = 616.87ms, max = 26285.89ms, min = 0.01ms, total = 27759.10ms
[state-dump] 	ClientConnection.async_read.ProcessMessage - 44 total (0 active), Execution time: mean = 0.84ms, total = 36.97ms, Queueing time: mean = 0.16ms, max = 2.97ms, min = 0.00ms, total = 6.99ms
[state-dump] 	NodeManagerService.grpc_server.GetNodeStats - 36 total (0 active), Execution time: mean = 0.97ms, total = 34.75ms, Queueing time: mean = 0.00ms, max = -0.00ms, min = 9223372036854.78ms, total = 0.00ms
[state-dump] 	NodeManagerService.grpc_server.GetNodeStats.HandleRequestImpl - 36 total (0 active), Execution time: mean = 0.16ms, total = 5.68ms, Queueing time: mean = 0.02ms, max = 0.04ms, min = 0.01ms, total = 0.69ms
[state-dump] 	RaySyncer.BroadcastMessage - 34 total (0 active), Execution time: mean = 0.06ms, total = 2.04ms, Queueing time: mean = 0.00ms, max = 0.00ms, min = 0.00ms, total = 0.01ms
[state-dump] 	 - 33 total (0 active), Execution time: mean = 0.07ms, total = 2.37ms, Queueing time: mean = 0.12ms, max = 3.28ms, min = 0.00ms, total = 3.85ms
[state-dump] 	Subscriber.HandlePublishedMessage_GCS_WORKER_DELTA_CHANNEL - 32 total (0 active), Execution time: mean = 0.00ms, total = 0.03ms, Queueing time: mean = 0.09ms, max = 0.26ms, min = 0.03ms, total = 2.85ms
[state-dump] 	CoreWorkerService.grpc_client.GetCoreWorkerStats - 31 total (0 active), Execution time: mean = 0.81ms, total = 25.08ms, Queueing time: mean = 0.00ms, max = -0.00ms, min = 9223372036854.78ms, total = 0.00ms
[state-dump] 	CoreWorkerService.grpc_client.GetCoreWorkerStats.OnReplyReceived - 31 total (0 active), Execution time: mean = 0.04ms, total = 1.17ms, Queueing time: mean = 0.02ms, max = 0.03ms, min = 0.01ms, total = 0.58ms
[state-dump] 	ray::rpc::ControlPlanePubSubGcsService.grpc_client.GcsSubscriberPoll - 14 total (1 active), Execution time: mean = 2016.44ms, total = 28230.10ms, Queueing time: mean = 0.00ms, max = -0.00ms, min = 9223372036854.78ms, total = 0.00ms
[state-dump] 	ray::rpc::ControlPlanePubSubGcsService.grpc_client.GcsSubscriberPoll.OnReplyReceived - 13 total (0 active), Execution time: mean = 0.07ms, total = 0.93ms, Queueing time: mean = 1.22ms, max = 12.66ms, min = 0.00ms, total = 15.80ms
[state-dump] 	PeriodicalRunner.RunFnPeriodically - 13 total (0 active), Execution time: mean = 0.08ms, total = 1.01ms, Queueing time: mean = 144.77ms, max = 625.93ms, min = 0.02ms, total = 1882.07ms
[state-dump] 	NodeManagerService.grpc_server.RequestWorkerLease - 9 total (0 active), Execution time: mean = 369.13ms, total = 3322.19ms, Queueing time: mean = 0.00ms, max = -0.00ms, min = 9223372036854.78ms, total = 0.00ms
[state-dump] 	NodeManager.GcsCheckAlive - 9 total (1 active), Execution time: mean = 0.16ms, total = 1.47ms, Queueing time: mean = 2.86ms, max = 11.53ms, min = 0.41ms, total = 25.70ms
[state-dump] 	NodeManagerService.grpc_server.GetSystemConfig.HandleRequestImpl - 9 total (0 active), Execution time: mean = 0.02ms, total = 0.14ms, Queueing time: mean = 0.02ms, max = 0.03ms, min = 0.00ms, total = 0.16ms
[state-dump] 	ray::rpc::NodeInfoGcsService.grpc_client.CheckAlive.OnReplyReceived - 9 total (0 active), Execution time: mean = 0.02ms, total = 0.19ms, Queueing time: mean = 0.01ms, max = 0.02ms, min = 0.01ms, total = 0.13ms
[state-dump] 	ClientConnection.async_write.DoAsyncWrites - 9 total (0 active), Execution time: mean = 0.00ms, total = 0.01ms, Queueing time: mean = 0.01ms, max = 0.03ms, min = 0.01ms, total = 0.13ms
[state-dump] 	ObjectManager.ObjectDeleted - 9 total (0 active), Execution time: mean = 0.01ms, total = 0.06ms, Queueing time: mean = 0.01ms, max = 0.01ms, min = 0.01ms, total = 0.10ms
[state-dump] 	NodeManagerService.grpc_server.GetSystemConfig - 9 total (0 active), Execution time: mean = 0.24ms, total = 2.13ms, Queueing time: mean = 0.00ms, max = -0.00ms, min = 9223372036854.78ms, total = 0.00ms
[state-dump] 	ray::rpc::NodeInfoGcsService.grpc_client.CheckAlive - 9 total (0 active), Execution time: mean = 0.76ms, total = 6.86ms, Queueing time: mean = 0.00ms, max = -0.00ms, min = 9223372036854.78ms, total = 0.00ms
[state-dump] 	ObjectManager.ObjectAdded - 9 total (0 active), Execution time: mean = 0.01ms, total = 0.09ms, Queueing time: mean = 0.01ms, max = 0.01ms, min = 0.01ms, total = 0.08ms
[state-dump] 	NodeManagerService.grpc_server.RequestWorkerLease.HandleRequestImpl - 9 total (0 active), Execution time: mean = 3.19ms, total = 28.71ms, Queueing time: mean = 12.35ms, max = 25.54ms, min = 0.02ms, total = 111.14ms
[state-dump] 	NodeManager.deadline_timer.print_event_loop_stats - 9 total (1 active, 1 running), Execution time: mean = 3.00ms, total = 27.00ms, Queueing time: mean = 0.01ms, max = 0.02ms, min = 0.01ms, total = 0.12ms
[state-dump] 	CoreWorkerService.grpc_client.KillActor.OnReplyReceived - 8 total (0 active), Execution time: mean = 0.06ms, total = 0.47ms, Queueing time: mean = 0.00ms, max = 0.00ms, min = 0.00ms, total = 0.03ms
[state-dump] 	ray::rpc::WorkerInfoGcsService.grpc_client.ReportWorkerFailure.OnReplyReceived - 8 total (0 active), Execution time: mean = 0.01ms, total = 0.08ms, Queueing time: mean = 1.38ms, max = 2.84ms, min = 0.01ms, total = 11.02ms
[state-dump] 	NodeManagerService.grpc_server.KillLocalActor.HandleRequestImpl - 8 total (0 active), Execution time: mean = 0.16ms, total = 1.24ms, Queueing time: mean = 0.36ms, max = 0.46ms, min = 0.01ms, total = 2.87ms
[state-dump] 	ray::rpc::WorkerInfoGcsService.grpc_client.ReportWorkerFailure - 8 total (0 active), Execution time: mean = 1.55ms, total = 12.39ms, Queueing time: mean = 0.00ms, max = -0.00ms, min = 9223372036854.78ms, total = 0.00ms
[state-dump] 	NodeManagerService.grpc_server.KillLocalActor - 8 total (0 active), Execution time: mean = 33.11ms, total = 264.91ms, Queueing time: mean = 0.00ms, max = -0.00ms, min = 9223372036854.78ms, total = 0.00ms
[state-dump] 	CoreWorkerService.grpc_client.KillActor - 8 total (0 active), Execution time: mean = 32.59ms, total = 260.73ms, Queueing time: mean = 0.00ms, max = -0.00ms, min = 9223372036854.78ms, total = 0.00ms
[state-dump] 	ray::rpc::ControlPlanePubSubGcsService.grpc_client.GcsSubscriberCommandBatch.OnReplyReceived - 2 total (0 active), Execution time: mean = 0.04ms, total = 0.08ms, Queueing time: mean = 0.21ms, max = 0.25ms, min = 0.16ms, total = 0.41ms
[state-dump] 	RaySyncerRegister - 2 total (0 active), Execution time: mean = 0.00ms, total = 0.00ms, Queueing time: mean = 0.00ms, max = 0.00ms, min = 0.00ms, total = 0.00ms
[state-dump] 	ray::rpc::ControlPlanePubSubGcsService.grpc_client.GcsSubscriberCommandBatch - 2 total (0 active), Execution time: mean = 0.73ms, total = 1.46ms, Queueing time: mean = 0.00ms, max = -0.00ms, min = 9223372036854.78ms, total = 0.00ms
[state-dump] 	ray::rpc::JobInfoGcsService.grpc_client.GetAllJobInfo.OnReplyReceived - 1 total (0 active), Execution time: mean = 0.01ms, total = 0.01ms, Queueing time: mean = 0.02ms, max = 0.02ms, min = 0.02ms, total = 0.02ms
[state-dump] 	ReporterService.grpc_client.HealthCheck.OnReplyReceived - 1 total (0 active), Execution time: mean = 0.15ms, total = 0.15ms, Queueing time: mean = 0.02ms, max = 0.02ms, min = 0.02ms, total = 0.02ms
[state-dump] 	ray::rpc::InternalKVGcsService.grpc_client.GetInternalConfig - 1 total (0 active), Execution time: mean = 0.83ms, total = 0.83ms, Queueing time: mean = 0.00ms, max = -0.00ms, min = 9223372036854.78ms, total = 0.00ms
[state-dump] 	ReporterService.grpc_client.HealthCheck - 1 total (0 active), Execution time: mean = 132.11ms, total = 132.11ms, Queueing time: mean = 0.00ms, max = -0.00ms, min = 9223372036854.78ms, total = 0.00ms
[state-dump] 	ray::rpc::InternalKVGcsService.grpc_client.GetInternalConfig.OnReplyReceived - 1 total (0 active), Execution time: mean = 629.71ms, total = 629.71ms, Queueing time: mean = 0.01ms, max = 0.01ms, min = 0.01ms, total = 0.01ms
[state-dump] 	NodeManagerService.grpc_server.PrepareBundleResources.HandleRequestImpl - 1 total (0 active), Execution time: mean = 0.84ms, total = 0.84ms, Queueing time: mean = 0.03ms, max = 0.03ms, min = 0.03ms, total = 0.03ms
[state-dump] 	NodeManager.GCTaskFailureReason - 1 total (1 active), Execution time: mean = 0.00ms, total = 0.00ms, Queueing time: mean = 0.00ms, max = -0.00ms, min = 9223372036854.78ms, total = 0.00ms
[state-dump] 	ray::rpc::NodeInfoGcsService.grpc_client.RegisterNode.OnReplyReceived - 1 total (0 active), Execution time: mean = 0.39ms, total = 0.39ms, Queueing time: mean = 0.01ms, max = 0.01ms, min = 0.01ms, total = 0.01ms
[state-dump] 	NodeManagerService.grpc_server.CommitBundleResources.HandleRequestImpl - 1 total (0 active), Execution time: mean = 1.15ms, total = 1.15ms, Queueing time: mean = 0.03ms, max = 0.03ms, min = 0.03ms, total = 0.03ms
[state-dump] 	NodeManagerService.grpc_server.CommitBundleResources - 1 total (0 active), Execution time: mean = 1.41ms, total = 1.41ms, Queueing time: mean = 0.00ms, max = -0.00ms, min = 9223372036854.78ms, total = 0.00ms
[state-dump] 	ray::rpc::JobInfoGcsService.grpc_client.GetAllJobInfo - 1 total (0 active), Execution time: mean = 0.56ms, total = 0.56ms, Queueing time: mean = 0.00ms, max = -0.00ms, min = 9223372036854.78ms, total = 0.00ms
[state-dump] 	ray::rpc::NodeInfoGcsService.grpc_client.GetAllNodeAddressAndLiveness.OnReplyReceived - 1 total (0 active), Execution time: mean = 0.16ms, total = 0.16ms, Queueing time: mean = 0.01ms, max = 0.01ms, min = 0.01ms, total = 0.01ms
[state-dump] 	ray::rpc::NodeInfoGcsService.grpc_client.RegisterNode - 1 total (0 active), Execution time: mean = 1.17ms, total = 1.17ms, Queueing time: mean = 0.00ms, max = -0.00ms, min = 9223372036854.78ms, total = 0.00ms
[state-dump] 	NodeManagerService.grpc_server.PrepareBundleResources - 1 total (0 active), Execution time: mean = 1.10ms, total = 1.10ms, Queueing time: mean = 0.00ms, max = -0.00ms, min = 9223372036854.78ms, total = 0.00ms
[state-dump] 	ray::rpc::NodeInfoGcsService.grpc_client.GetAllNodeAddressAndLiveness - 1 total (0 active), Execution time: mean = 0.70ms, total = 0.70ms, Queueing time: mean = 0.00ms, max = -0.00ms, min = 9223372036854.78ms, total = 0.00ms
[state-dump] 	Subscriber.HandlePublishedMessage_GCS_JOB_CHANNEL - 1 total (0 active), Execution time: mean = 0.04ms, total = 0.04ms, Queueing time: mean = 0.30ms, max = 0.30ms, min = 0.30ms, total = 0.30ms
[state-dump] DebugString() time ms: 0
[state-dump] 
[state-dump] 
[2026-09-04 01:07:40,844 I 79 102] (raylet) store.cc:573: Plasma store debug dump: 
Current usage: 0 / 4.29497 GB
- num bytes created total: 72
0 pending objects of total size 0MB
- objects spillable: 0
- bytes spillable: 0
- objects unsealed: 0
- bytes unsealed: 0
- objects in use: 0
- bytes in use: 0
- objects evictable: 0
- bytes evictable: 0

- objects created by worker: 0
- bytes created by worker: 0
- objects restored: 0
- bytes restored: 0
- objects received: 0
- bytes received: 0
- objects errored: 0
- bytes errored: 0

[2026-09-04 01:07:41,502 I 79 79] (raylet) node_manager.cc:486: [state-dump] NodeManager:
[state-dump] Node ID: 82dfc8c23c51709b77aaa7de2deacf9d421699bfcaad6b6cc4f66c59
[state-dump] Node name: 10.244.180.242
[state-dump] InitialConfigResources: {node:10.244.180.242: 1, object_store_memory: 4.29497e+09, GPU: 8, CPU: 64, accelerator_type:B200: 1, memory: 3.24185e+12}
[state-dump] ClusterLeaseManager:
[state-dump] ========== Node: 82dfc8c23c51709b77aaa7de2deacf9d421699bfcaad6b6cc4f66c59 =================
[state-dump] Infeasible queue length: 0
[state-dump] Schedule queue length: 0
[state-dump] Grant queue length: 0
[state-dump] num_waiting_for_resource: 0
[state-dump] num_waiting_for_plasma_memory: 0
[state-dump] num_waiting_for_remote_node_resources: 0
[state-dump] num_worker_not_started_by_job_config_not_exist: 0
[state-dump] num_worker_not_started_by_registration_timeout: 0
[state-dump] num_tasks_waiting_for_workers: 0
[state-dump] num_cancelled_leases: 0
[state-dump] cluster_resource_scheduler state: 
[state-dump] Local id: -8170265163178445639 Local resources: {"total":{node:10.244.180.242: [10000], GPU_group_19_41b56c6dcd1a3ea16b3ee9c698c601000000: [0, 0, 10000, 0, 0, 0, 0, 0], CPU: [640000], GPU_group_24_41b56c6dcd1a3ea16b3ee9c698c601000000: [0, 0, 0, 0, 0, 0, 0, 10000], CPU_group_19_41b56c6dcd1a3ea16b3ee9c698c601000000: [10000], GPU_group_23_41b56c6dcd1a3ea16b3ee9c698c601000000: [0, 0, 0, 0, 0, 0, 10000, 0], bundle_group_22_41b56c6dcd1a3ea16b3ee9c698c601000000: [10000000], GPU_group_17_41b56c6dcd1a3ea16b3ee9c698c601000000: [10000, 0, 0, 0, 0, 0, 0, 0], accelerator_type:B200: [10000], bundle_group_18_41b56c6dcd1a3ea16b3ee9c698c601000000: [10000000], CPU_group_17_41b56c6dcd1a3ea16b3ee9c698c601000000: [10000], memory: [32418475745280000], object_store_memory: [42949672960000], GPU_group_18_41b56c6dcd1a3ea16b3ee9c698c601000000: [0, 10000, 0, 0, 0, 0, 0, 0], CPU_group_41b56c6dcd1a3ea16b3ee9c698c601000000: [80000], bundle_group_41b56c6dcd1a3ea16b3ee9c698c601000000: [80000000], bundle_group_17_41b56c6dcd1a3ea16b3ee9c698c601000000: [10000000], CPU_group_20_41b56c6dcd1a3ea16b3ee9c698c601000000: [10000], GPU_group_20_41b56c6dcd1a3ea16b3ee9c698c601000000: [0, 0, 0, 10000, 0, 0, 0, 0], bundle_group_19_41b56c6dcd1a3ea16b3ee9c698c601000000: [10000000], bundle_group_23_41b56c6dcd1a3ea16b3ee9c698c601000000: [10000000], CPU_group_24_41b56c6dcd1a3ea16b3ee9c698c601000000: [10000], CPU_group_22_41b56c6dcd1a3ea16b3ee9c698c601000000: [10000], GPU_group_22_41b56c6dcd1a3ea16b3ee9c698c601000000: [0, 0, 0, 0, 0, 10000, 0, 0], CPU_group_23_41b56c6dcd1a3ea16b3ee9c698c601000000: [10000], CPU_group_21_41b56c6dcd1a3ea16b3ee9c698c601000000: [10000], GPU: [10000, 10000, 10000, 10000, 10000, 10000, 10000, 10000], bundle_group_21_41b56c6dcd1a3ea16b3ee9c698c601000000: [10000000], bundle_group_24_41b56c6dcd1a3ea16b3ee9c698c601000000: [10000000], GPU_group_41b56c6dcd1a3ea16b3ee9c698c601000000: [10000, 10000, 10000, 10000, 10000, 10000, 10000, 10000], GPU_group_21_41b56c6dcd1a3ea16b3ee9c698c601000000: [0, 0, 0, 0, 10000, 0, 0, 0], CPU_group_18_41b56c6dcd1a3ea16b3ee9c698c601000000: [10000], bundle_group_20_41b56c6dcd1a3ea16b3ee9c698c601000000: [10000000]}, "available": {GPU_group_19_41b56c6dcd1a3ea16b3ee9c698c601000000: [0, 0, 10000, 0, 0, 0, 0, 0], node:10.244.180.242: [10000], GPU_group_17_41b56c6dcd1a3ea16b3ee9c698c601000000: [8000, 0, 0, 0, 0, 0, 0, 0], bundle_group_22_41b56c6dcd1a3ea16b3ee9c698c601000000: [10000000], accelerator_type:B200: [10000], CPU_group_19_41b56c6dcd1a3ea16b3ee9c698c601000000: [10000], GPU_group_23_41b56c6dcd1a3ea16b3ee9c698c601000000: [0, 0, 0, 0, 0, 0, 10000, 0], bundle_group_18_41b56c6dcd1a3ea16b3ee9c698c601000000: [10000000], CPU: [560000], GPU_group_24_41b56c6dcd1a3ea16b3ee9c698c601000000: [0, 0, 0, 0, 0, 0, 0, 10000], memory: [32418475745280000], CPU_group_17_41b56c6dcd1a3ea16b3ee9c698c601000000: [8000], CPU_group_24_41b56c6dcd1a3ea16b3ee9c698c601000000: [10000], GPU_group_18_41b56c6dcd1a3ea16b3ee9c698c601000000: [0, 10000, 0, 0, 0, 0, 0, 0], object_store_memory: [42949672960000], GPU_group_20_41b56c6dcd1a3ea16b3ee9c698c601000000: [0, 0, 0, 10000, 0, 0, 0, 0], CPU_group_20_41b56c6dcd1a3ea16b3ee9c698c601000000: [10000], bundle_group_23_41b56c6dcd1a3ea16b3ee9c698c601000000: [10000000], bundle_group_41b56c6dcd1a3ea16b3ee9c698c601000000: [79999990], bundle_group_17_41b56c6dcd1a3ea16b3ee9c698c601000000: [9999990], CPU_group_21_41b56c6dcd1a3ea16b3ee9c698c601000000: [10000], CPU_group_41b56c6dcd1a3ea16b3ee9c698c601000000: [78000], GPU_group_22_41b56c6dcd1a3ea16b3ee9c698c601000000: [0, 0, 0, 0, 0, 10000, 0, 0], bundle_group_19_41b56c6dcd1a3ea16b3ee9c698c601000000: [10000000], CPU_group_23_41b56c6dcd1a3ea16b3ee9c698c601000000: [10000], CPU_group_22_41b56c6dcd1a3ea16b3ee9c698c601000000: [10000], GPU_group_41b56c6dcd1a3ea16b3ee9c698c601000000: [8000, 10000, 10000, 10000, 10000, 10000, 10000, 10000], bundle_group_21_41b56c6dcd1a3ea16b3ee9c698c601000000: [10000000], GPU: [0, 0, 0, 0, 0, 0, 0, 0], bundle_group_24_41b56c6dcd1a3ea16b3ee9c698c601000000: [10000000], bundle_group_20_41b56c6dcd1a3ea16b3ee9c698c601000000: [10000000], CPU_group_18_41b56c6dcd1a3ea16b3ee9c698c601000000: [10000], GPU_group_21_41b56c6dcd1a3ea16b3ee9c698c601000000: [0, 0, 0, 0, 10000, 0, 0, 0]}, "labels":{"ray.io/node-id":"82dfc8c23c51709b77aaa7de2deacf9d421699bfcaad6b6cc4f66c59","ray.io/accelerator-type":"B200"}} is_draining: 0 is_idle: 0 Cluster resources (at most 20 nodes are shown): node id: -8170265163178445639{"total":{GPU: 80000, bundle_group_24_41b56c6dcd1a3ea16b3ee9c698c601000000: 10000000, GPU_group_17_41b56c6dcd1a3ea16b3ee9c698c601000000: 10000, bundle_group_18_41b56c6dcd1a3ea16b3ee9c698c601000000: 10000000, bundle_group_22_41b56c6dcd1a3ea16b3ee9c698c601000000: 10000000, GPU_group_24_41b56c6dcd1a3ea16b3ee9c698c601000000: 10000, CPU: 640000, CPU_group_19_41b56c6dcd1a3ea16b3ee9c698c601000000: 10000, GPU_group_23_41b56c6dcd1a3ea16b3ee9c698c601000000: 10000, accelerator_type:B200: 10000, GPU_group_19_41b56c6dcd1a3ea16b3ee9c698c601000000: 10000, node:10.244.180.242: 10000, GPU_group_18_41b56c6dcd1a3ea16b3ee9c698c601000000: 10000, CPU_group_24_41b56c6dcd1a3ea16b3ee9c698c601000000: 10000, object_store_memory: 42949672960000, memory: 32418475745280000, CPU_group_17_41b56c6dcd1a3ea16b3ee9c698c601000000: 10000, GPU_group_22_41b56c6dcd1a3ea16b3ee9c698c601000000: 10000, CPU_group_23_41b56c6dcd1a3ea16b3ee9c698c601000000: 10000, CPU_group_21_41b56c6dcd1a3ea16b3ee9c698c601000000: 10000, CPU_group_22_41b56c6dcd1a3ea16b3ee9c698c601000000: 10000, GPU_group_20_41b56c6dcd1a3ea16b3ee9c698c601000000: 10000, CPU_group_41b56c6dcd1a3ea16b3ee9c698c601000000: 80000, bundle_group_41b56c6dcd1a3ea16b3ee9c698c601000000: 80000000, bundle_group_23_41b56c6dcd1a3ea16b3ee9c698c601000000: 10000000, CPU_group_20_41b56c6dcd1a3ea16b3ee9c698c601000000: 10000, bundle_group_17_41b56c6dcd1a3ea16b3ee9c698c601000000: 10000000, bundle_group_19_41b56c6dcd1a3ea16b3ee9c698c601000000: 10000000, bundle_group_20_41b56c6dcd1a3ea16b3ee9c698c601000000: 10000000, GPU_group_21_41b56c6dcd1a3ea16b3ee9c698c601000000: 10000, CPU_group_18_41b56c6dcd1a3ea16b3ee9c698c601000000: 10000, bundle_group_21_41b56c6dcd1a3ea16b3ee9c698c601000000: 10000000, GPU_group_41b56c6dcd1a3ea16b3ee9c698c601000000: 80000}, "available": {bundle_group_22_41b56c6dcd1a3ea16b3ee9c698c601000000: 10000000, bundle_group_18_41b56c6dcd1a3ea16b3ee9c698c601000000: 10000000, bundle_group_24_41b56c6dcd1a3ea16b3ee9c698c601000000: 10000000, bundle_group_21_41b56c6dcd1a3ea16b3ee9c698c601000000: 10000000, GPU_group_41b56c6dcd1a3ea16b3ee9c698c601000000: 78000, GPU_group_21_41b56c6dcd1a3ea16b3ee9c698c601000000: 10000, CPU_group_18_41b56c6dcd1a3ea16b3ee9c698c601000000: 10000, bundle_group_20_41b56c6dcd1a3ea16b3ee9c698c601000000: 10000000, CPU_group_41b56c6dcd1a3ea16b3ee9c698c601000000: 78000, bundle_group_17_41b56c6dcd1a3ea16b3ee9c698c601000000: 9999990, bundle_group_23_41b56c6dcd1a3ea16b3ee9c698c601000000: 10000000, CPU_group_20_41b56c6dcd1a3ea16b3ee9c698c601000000: 10000, bundle_group_19_41b56c6dcd1a3ea16b3ee9c698c601000000: 10000000, GPU_group_20_41b56c6dcd1a3ea16b3ee9c698c601000000: 10000, bundle_group_41b56c6dcd1a3ea16b3ee9c698c601000000: 79999990, CPU_group_22_41b56c6dcd1a3ea16b3ee9c698c601000000: 10000, GPU_group_22_41b56c6dcd1a3ea16b3ee9c698c601000000: 10000, CPU_group_23_41b56c6dcd1a3ea16b3ee9c698c601000000: 10000, CPU_group_21_41b56c6dcd1a3ea16b3ee9c698c601000000: 10000, CPU_group_17_41b56c6dcd1a3ea16b3ee9c698c601000000: 8000, memory: 32418475745280000, object_store_memory: 42949672960000, CPU_group_24_41b56c6dcd1a3ea16b3ee9c698c601000000: 10000, GPU_group_18_41b56c6dcd1a3ea16b3ee9c698c601000000: 10000, node:10.244.180.242: 10000, GPU_group_19_41b56c6dcd1a3ea16b3ee9c698c601000000: 10000, GPU_group_24_41b56c6dcd1a3ea16b3ee9c698c601000000: 10000, CPU: 560000, CPU_group_19_41b56c6dcd1a3ea16b3ee9c698c601000000: 10000, accelerator_type:B200: 10000, GPU_group_23_41b56c6dcd1a3ea16b3ee9c698c601000000: 10000, GPU_group_17_41b56c6dcd1a3ea16b3ee9c698c601000000: 8000}, "labels":{"ray.io/node-id":"82dfc8c23c51709b77aaa7de2deacf9d421699bfcaad6b6cc4f66c59","ray.io/accelerator-type":"B200"}, "is_draining": 0, "draining_deadline_timestamp_ms": -1}node id: -1351780445297854484{"total":{bundle_group_14_41b56c6dcd1a3ea16b3ee9c698c601000000: 10000000, bundle_group_0_41b56c6dcd1a3ea16b3ee9c698c601000000: 10000000, bundle_group_13_41b56c6dcd1a3ea16b3ee9c698c601000000: 10000000, GPU_group_0_41b56c6dcd1a3ea16b3ee9c698c601000000: 10000, CPU_group_41b56c6dcd1a3ea16b3ee9c698c601000000: 80000, bundle_group_41b56c6dcd1a3ea16b3ee9c698c601000000: 80000000, CPU_group_10_41b56c6dcd1a3ea16b3ee9c698c601000000: 10000, CPU_group_11_41b56c6dcd1a3ea16b3ee9c698c601000000: 10000, CPU_group_13_41b56c6dcd1a3ea16b3ee9c698c601000000: 10000, GPU_group_12_41b56c6dcd1a3ea16b3ee9c698c601000000: 10000, bundle_group_9_41b56c6dcd1a3ea16b3ee9c698c601000000: 10000000, GPU_group_15_41b56c6dcd1a3ea16b3ee9c698c601000000: 10000, GPU_group_41b56c6dcd1a3ea16b3ee9c698c601000000: 80000, GPU: 80000, bundle_group_12_41b56c6dcd1a3ea16b3ee9c698c601000000: 10000000, CPU_group_12_41b56c6dcd1a3ea16b3ee9c698c601000000: 10000, CPU_group_15_41b56c6dcd1a3ea16b3ee9c698c601000000: 10000, GPU_group_13_41b56c6dcd1a3ea16b3ee9c698c601000000: 10000, GPU_group_11_41b56c6dcd1a3ea16b3ee9c698c601000000: 10000, bundle_group_10_41b56c6dcd1a3ea16b3ee9c698c601000000: 10000000, bundle_group_11_41b56c6dcd1a3ea16b3ee9c698c601000000: 10000000, CPU_group_0_41b56c6dcd1a3ea16b3ee9c698c601000000: 10000, accelerator_type:B200: 10000, CPU: 640000, memory: 32418477711360000, node:10.244.218.62: 10000, bundle_group_15_41b56c6dcd1a3ea16b3ee9c698c601000000: 10000000, GPU_group_10_41b56c6dcd1a3ea16b3ee9c698c601000000: 10000, object_store_memory: 42949672960000, CPU_group_9_41b56c6dcd1a3ea16b3ee9c698c601000000: 10000, GPU_group_9_41b56c6dcd1a3ea16b3ee9c698c601000000: 10000, GPU_group_14_41b56c6dcd1a3ea16b3ee9c698c601000000: 10000, CPU_group_14_41b56c6dcd1a3ea16b3ee9c698c601000000: 10000}, "available": {GPU_group_41b56c6dcd1a3ea16b3ee9c698c601000000: 78000, CPU_group_12_41b56c6dcd1a3ea16b3ee9c698c601000000: 10000, bundle_group_12_41b56c6dcd1a3ea16b3ee9c698c601000000: 10000000, GPU_group_13_41b56c6dcd1a3ea16b3ee9c698c601000000: 10000, CPU_group_15_41b56c6dcd1a3ea16b3ee9c698c601000000: 10000, bundle_group_0_41b56c6dcd1a3ea16b3ee9c698c601000000: 9999990, CPU_group_10_41b56c6dcd1a3ea16b3ee9c698c601000000: 10000, CPU_group_41b56c6dcd1a3ea16b3ee9c698c601000000: 78000, CPU_group_11_41b56c6dcd1a3ea16b3ee9c698c601000000: 10000, GPU_group_12_41b56c6dcd1a3ea16b3ee9c698c601000000: 10000, CPU_group_13_41b56c6dcd1a3ea16b3ee9c698c601000000: 10000, bundle_group_41b56c6dcd1a3ea16b3ee9c698c601000000: 79999990, GPU_group_15_41b56c6dcd1a3ea16b3ee9c698c601000000: 10000, bundle_group_9_41b56c6dcd1a3ea16b3ee9c698c601000000: 10000000, node:10.244.218.62: 10000, memory: 32418477711360000, object_store_memory: 42949672960000, CPU_group_9_41b56c6dcd1a3ea16b3ee9c698c601000000: 10000, bundle_group_15_41b56c6dcd1a3ea16b3ee9c698c601000000: 10000000, bundle_group_14_41b56c6dcd1a3ea16b3ee9c698c601000000: 10000000, GPU_group_0_41b56c6dcd1a3ea16b3ee9c698c601000000: 8000, GPU_group_14_41b56c6dcd1a3ea16b3ee9c698c601000000: 10000, CPU_group_14_41b56c6dcd1a3ea16b3ee9c698c601000000: 10000, GPU_group_9_41b56c6dcd1a3ea16b3ee9c698c601000000: 10000, bundle_group_13_41b56c6dcd1a3ea16b3ee9c698c601000000: 10000000, GPU_group_10_41b56c6dcd1a3ea16b3ee9c698c601000000: 10000, bundle_group_10_41b56c6dcd1a3ea16b3ee9c698c601000000: 10000000, GPU_group_11_41b56c6dcd1a3ea16b3ee9c698c601000000: 10000, CPU_group_0_41b56c6dcd1a3ea16b3ee9c698c601000000: 8000, bundle_group_11_41b56c6dcd1a3ea16b3ee9c698c601000000: 10000000, accelerator_type:B200: 10000, CPU: 560000}, "labels":{"ray.io/accelerator-type":"B200","ray.io/node-id":"90dc8450878fe5de358e116e0b8657e06554d0d69bbf5603e4880a55"}, "is_draining": 0, "draining_deadline_timestamp_ms": -1}node id: 4273633132855142460{"total":{bundle_group_8_41b56c6dcd1a3ea16b3ee9c698c601000000: 10000000, CPU_group_7_41b56c6dcd1a3ea16b3ee9c698c601000000: 10000, GPU: 80000, CPU_group_6_41b56c6dcd1a3ea16b3ee9c698c601000000: 10000, CPU_group_3_41b56c6dcd1a3ea16b3ee9c698c601000000: 10000, GPU_group_41b56c6dcd1a3ea16b3ee9c698c601000000: 80000, node:10.244.13.18: 10000, bundle_group_3_41b56c6dcd1a3ea16b3ee9c698c601000000: 10000000, CPU_group_2_41b56c6dcd1a3ea16b3ee9c698c601000000: 10000, GPU_group_1_41b56c6dcd1a3ea16b3ee9c698c601000000: 10000, GPU_group_7_41b56c6dcd1a3ea16b3ee9c698c601000000: 10000, GPU_group_4_41b56c6dcd1a3ea16b3ee9c698c601000000: 10000, CPU_group_4_41b56c6dcd1a3ea16b3ee9c698c601000000: 10000, bundle_group_1_41b56c6dcd1a3ea16b3ee9c698c601000000: 10000000, bundle_group_41b56c6dcd1a3ea16b3ee9c698c601000000: 80000000, CPU_group_41b56c6dcd1a3ea16b3ee9c698c601000000: 80000, bundle_group_7_41b56c6dcd1a3ea16b3ee9c698c601000000: 10000000, CPU_group_5_41b56c6dcd1a3ea16b3ee9c698c601000000: 10000, bundle_group_2_41b56c6dcd1a3ea16b3ee9c698c601000000: 10000000, object_store_memory: 42949672960000, bundle_group_4_41b56c6dcd1a3ea16b3ee9c698c601000000: 10000000, GPU_group_5_41b56c6dcd1a3ea16b3ee9c698c601000000: 10000, GPU_group_6_41b56c6dcd1a3ea16b3ee9c698c601000000: 10000, GPU_group_2_41b56c6dcd1a3ea16b3ee9c698c601000000: 10000, memory: 32418533744640000, bundle_group_5_41b56c6dcd1a3ea16b3ee9c698c601000000: 10000000, CPU_group_1_41b56c6dcd1a3ea16b3ee9c698c601000000: 10000, GPU_group_3_41b56c6dcd1a3ea16b3ee9c698c601000000: 10000, CPU: 640000, bundle_group_6_41b56c6dcd1a3ea16b3ee9c698c601000000: 10000000, accelerator_type:B200: 10000, CPU_group_8_41b56c6dcd1a3ea16b3ee9c698c601000000: 10000, GPU_group_8_41b56c6dcd1a3ea16b3ee9c698c601000000: 10000}, "available": {CPU_group_7_41b56c6dcd1a3ea16b3ee9c698c601000000: 2000, bundle_group_8_41b56c6dcd1a3ea16b3ee9c698c601000000: 9999980, CPU_group_3_41b56c6dcd1a3ea16b3ee9c698c601000000: 2000, CPU_group_6_41b56c6dcd1a3ea16b3ee9c698c601000000: 2000, GPU_group_41b56c6dcd1a3ea16b3ee9c698c601000000: 16000, bundle_group_3_41b56c6dcd1a3ea16b3ee9c698c601000000: 9999980, node:10.244.13.18: 10000, CPU_group_2_41b56c6dcd1a3ea16b3ee9c698c601000000: 2000, GPU_group_1_41b56c6dcd1a3ea16b3ee9c698c601000000: 2000, GPU_group_4_41b56c6dcd1a3ea16b3ee9c698c601000000: 2000, GPU_group_7_41b56c6dcd1a3ea16b3ee9c698c601000000: 2000, bundle_group_1_41b56c6dcd1a3ea16b3ee9c698c601000000: 9999980, CPU_group_5_41b56c6dcd1a3ea16b3ee9c698c601000000: 2000, CPU_group_41b56c6dcd1a3ea16b3ee9c698c601000000: 16000, bundle_group_7_41b56c6dcd1a3ea16b3ee9c698c601000000: 9999980, bundle_group_41b56c6dcd1a3ea16b3ee9c698c601000000: 79999840, CPU_group_4_41b56c6dcd1a3ea16b3ee9c698c601000000: 2000, bundle_group_2_41b56c6dcd1a3ea16b3ee9c698c601000000: 9999980, object_store_memory: 42948364790000, GPU_group_5_41b56c6dcd1a3ea16b3ee9c698c601000000: 2000, bundle_group_4_41b56c6dcd1a3ea16b3ee9c698c601000000: 9999980, GPU_group_6_41b56c6dcd1a3ea16b3ee9c698c601000000: 2000, memory: 32418533744640000, GPU_group_2_41b56c6dcd1a3ea16b3ee9c698c601000000: 2000, bundle_group_5_41b56c6dcd1a3ea16b3ee9c698c601000000: 9999980, CPU_group_1_41b56c6dcd1a3ea16b3ee9c698c601000000: 2000, GPU_group_3_41b56c6dcd1a3ea16b3ee9c698c601000000: 2000, CPU: 560000, accelerator_type:B200: 10000, bundle_group_6_41b56c6dcd1a3ea16b3ee9c698c601000000: 9999980, GPU_group_8_41b56c6dcd1a3ea16b3ee9c698c601000000: 2000, CPU_group_8_41b56c6dcd1a3ea16b3ee9c698c601000000: 2000}, "labels":{"ray.io/node-id":"4296a17b2364b071e4782261814dd77feed7cb4e5a4de14ab32d253a","ray.io/accelerator-type":"B200"}, "is_draining": 0, "draining_deadline_timestamp_ms": -1}node id: -7973918255608480324{"total":{bundle_group_27_41b56c6dcd1a3ea16b3ee9c698c601000000: 10000000, bundle_group_29_41b56c6dcd1a3ea16b3ee9c698c601000000: 10000000, bundle_group_41b56c6dcd1a3ea16b3ee9c698c601000000: 80000000, CPU_group_41b56c6dcd1a3ea16b3ee9c698c601000000: 80000, GPU_group_27_41b56c6dcd1a3ea16b3ee9c698c601000000: 10000, GPU_group_16_41b56c6dcd1a3ea16b3ee9c698c601000000: 10000, CPU_group_31_41b56c6dcd1a3ea16b3ee9c698c601000000: 10000, node:__internal_head__: 10000, GPU_group_41b56c6dcd1a3ea16b3ee9c698c601000000: 80000, bundle_group_28_41b56c6dcd1a3ea16b3ee9c698c601000000: 10000000, GPU: 80000, bundle_group_30_41b56c6dcd1a3ea16b3ee9c698c601000000: 10000000, CPU_group_27_41b56c6dcd1a3ea16b3ee9c698c601000000: 10000, CPU_group_26_41b56c6dcd1a3ea16b3ee9c698c601000000: 10000, bundle_group_25_41b56c6dcd1a3ea16b3ee9c698c601000000: 10000000, GPU_group_29_41b56c6dcd1a3ea16b3ee9c698c601000000: 10000, GPU_group_28_41b56c6dcd1a3ea16b3ee9c698c601000000: 10000, CPU_group_29_41b56c6dcd1a3ea16b3ee9c698c601000000: 10000, CPU_group_25_41b56c6dcd1a3ea16b3ee9c698c601000000: 10000, CPU_group_30_41b56c6dcd1a3ea16b3ee9c698c601000000: 10000, accelerator_type:B200: 10000, bundle_group_26_41b56c6dcd1a3ea16b3ee9c698c601000000: 10000000, bundle_group_31_41b56c6dcd1a3ea16b3ee9c698c601000000: 10000000, CPU: 640000, GPU_group_30_41b56c6dcd1a3ea16b3ee9c698c601000000: 10000, bundle_group_16_41b56c6dcd1a3ea16b3ee9c698c601000000: 10000000, CPU_group_28_41b56c6dcd1a3ea16b3ee9c698c601000000: 10000, memory: 32397589872640000, GPU_group_31_41b56c6dcd1a3ea16b3ee9c698c601000000: 10000, CPU_group_16_41b56c6dcd1a3ea16b3ee9c698c601000000: 10000, GPU_group_25_41b56c6dcd1a3ea16b3ee9c698c601000000: 10000, node:10.244.18.139: 10000, object_store_memory: 42949672960000, GPU_group_26_41b56c6dcd1a3ea16b3ee9c698c601000000: 10000}, "available": {CPU_group_26_41b56c6dcd1a3ea16b3ee9c698c601000000: 2000, CPU_group_27_41b56c6dcd1a3ea16b3ee9c698c601000000: 2000, bundle_group_30_41b56c6dcd1a3ea16b3ee9c698c601000000: 9999980, bundle_group_28_41b56c6dcd1a3ea16b3ee9c698c601000000: 9999980, GPU_group_41b56c6dcd1a3ea16b3ee9c698c601000000: 16000, node:__internal_head__: 10000, CPU_group_31_41b56c6dcd1a3ea16b3ee9c698c601000000: 2000, GPU_group_27_41b56c6dcd1a3ea16b3ee9c698c601000000: 2000, CPU_group_41b56c6dcd1a3ea16b3ee9c698c601000000: 16000, bundle_group_41b56c6dcd1a3ea16b3ee9c698c601000000: 79999840, GPU_group_16_41b56c6dcd1a3ea16b3ee9c698c601000000: 2000, bundle_group_29_41b56c6dcd1a3ea16b3ee9c698c601000000: 9999980, bundle_group_27_41b56c6dcd1a3ea16b3ee9c698c601000000: 9999980, object_store_memory: 42943207850000, GPU_group_26_41b56c6dcd1a3ea16b3ee9c698c601000000: 2000, node:10.244.18.139: 10000, GPU_group_25_41b56c6dcd1a3ea16b3ee9c698c601000000: 2000, CPU_group_16_41b56c6dcd1a3ea16b3ee9c698c601000000: 2000, GPU_group_31_41b56c6dcd1a3ea16b3ee9c698c601000000: 2000, memory: 32397589872640000, CPU_group_28_41b56c6dcd1a3ea16b3ee9c698c601000000: 2000, bundle_group_16_41b56c6dcd1a3ea16b3ee9c698c601000000: 9999980, CPU: 540000, GPU_group_30_41b56c6dcd1a3ea16b3ee9c698c601000000: 2000, bundle_group_26_41b56c6dcd1a3ea16b3ee9c698c601000000: 9999980, accelerator_type:B200: 10000, bundle_group_31_41b56c6dcd1a3ea16b3ee9c698c601000000: 9999980, CPU_group_30_41b56c6dcd1a3ea16b3ee9c698c601000000: 2000, CPU_group_25_41b56c6dcd1a3ea16b3ee9c698c601000000: 2000, CPU_group_29_41b56c6dcd1a3ea16b3ee9c698c601000000: 2000, GPU_group_29_41b56c6dcd1a3ea16b3ee9c698c601000000: 2000, GPU_group_28_41b56c6dcd1a3ea16b3ee9c698c601000000: 2000, bundle_group_25_41b56c6dcd1a3ea16b3ee9c698c601000000: 9999980}, "labels":{"ray.io/node-id":"11215b0011fac4845f8eecab7d85f57fc12c4efc1ad3dce06ebdc204","ray.io/accelerator-type":"B200"}, "is_draining": 0, "draining_deadline_timestamp_ms": -1} { "placement group locations": [], "node to bundles": []}
[state-dump] Waiting leases size: 0
[state-dump] Number of granted lease arguments: 0
[state-dump] Number of pinned lease arguments: 0
[state-dump] Total size of pinned lease arguments: 0
[state-dump] Number of total spilled leases: 0
[state-dump] Number of spilled waiting leases: 0
[state-dump] Number of spilled unschedulable leases: 0
[state-dump] Resource usage {
[state-dump]     - (language=PYTHON actor_or_taskSGLangEngine.__init__ pid=858 worker_id=650a17a0e0c4cd2270b368052022e6d017baf108cd0e6d39cfd281fe): {bundle_group_41b56c6dcd1a3ea16b3ee9c698c601000000: 0.001, GPU_group_41b56c6dcd1a3ea16b3ee9c698c601000000: 0.2, GPU_group_17_41b56c6dcd1a3ea16b3ee9c698c601000000: 0.2, CPU_group_41b56c6dcd1a3ea16b3ee9c698c601000000: 0.2, CPU_group_17_41b56c6dcd1a3ea16b3ee9c698c601000000: 0.2, bundle_group_17_41b56c6dcd1a3ea16b3ee9c698c601000000: 0.001}
[state-dump] }
[state-dump] Backlog Size per scheduling descriptor :{workerId: num backlogs}:
[state-dump] 
[state-dump] Granted leases by scheduling class:
[state-dump] ==================================================
[state-dump] 
[state-dump] ClusterResources:
[state-dump] LocalObjectManager:
[state-dump] - num pinned objects: 0
[state-dump] - pinned objects size: 0
[state-dump] - num objects pending restore: 0
[state-dump] - num objects pending spill: 0
[state-dump] - num bytes pending spill: 0
[state-dump] - num bytes currently spilled: 0
[state-dump] - cumulative spill requests: 0
[state-dump] - cumulative restore requests: 0
[state-dump] - spilled objects pending delete: 0
[state-dump] 
[state-dump] ObjectManager:
[state-dump] - num local objects: 0
[state-dump] - num unfulfilled push requests: 0
[state-dump] - num object pull requests: 0
[state-dump] - num chunks received total: 0
[state-dump] - num chunks received failed (all): 0
[state-dump] - num chunks received failed / cancelled: 0
[state-dump] - num chunks received failed / plasma error: 0
[state-dump] Event stats:
[state-dump] Global stats: 0 total (0 active)
[state-dump] Queueing time: mean = -nanms, max = -0.00ms, min = 9223372036854.78ms, total = 0.00ms
[state-dump] Execution time:  mean = -nanms, total = 0.00ms
[state-dump] Event stats:
[state-dump] PushManager:
[state-dump] - num pushes remaining: 0
[state-dump] - num chunks in flight: 0
[state-dump] - num chunks remaining: 0
[state-dump] - max chunks allowed: 409
[state-dump] OwnershipBasedObjectDirectory:
[state-dump] - num listeners: 0
[state-dump] - cumulative location updates: 0
[state-dump] - num location updates per second: 0.000
[state-dump] - num location lookups per second: 0.000
[state-dump] - num locations added per second: 0.000
[state-dump] - num locations removed per second: 0.000
[state-dump] BufferPool:
[state-dump] - create buffer state map size: 0
[state-dump] PullManager:
[state-dump] - num bytes available for pulled objects: 4294967296
[state-dump] - num bytes being pulled (all): 0
[state-dump] - num bytes being pulled / pinned: 0
[state-dump] - get request bundles: BundlePullRequestQueue{0 total, 0 active, 0 inactive, 0 unpullable}
[state-dump] - wait request bundles: BundlePullRequestQueue{0 total, 0 active, 0 inactive, 0 unpullable}
[state-dump] - task request bundles: BundlePullRequestQueue{0 total, 0 active, 0 inactive, 0 unpullable}
[state-dump] - first get request bundle: N/A
[state-dump] - first wait request bundle: N/A
[state-dump] - first task request bundle: N/A
[state-dump] - num objects queued: 0
[state-dump] - num objects actively pulled (all): 0
[state-dump] - num objects actively pulled / pinned: 0
[state-dump] - num bundles being pulled: 0
[state-dump] - num pull retries: 0
[state-dump] - max timeout seconds: 0
[state-dump] - max timeout request is already processed. No entry.
[state-dump] 
[state-dump] WorkerPool:
[state-dump] - registered jobs: 1
[state-dump] - process_failed_job_config_missing: 0
[state-dump] - process_failed_rate_limited: 0
[state-dump] - process_failed_pending_registration: 0
[state-dump] - process_failed_runtime_env_setup_failed: 0
[state-dump] - num PYTHON workers: 1
[state-dump] - num PYTHON drivers: 0
[state-dump] - num PYTHON pending start requests: 0
[state-dump] - num PYTHON pending registration requests: 0
[state-dump] - num object spill callbacks queued: 0
[state-dump] - num object restore queued: 0
[state-dump] - num util functions queued: 0
[state-dump] - num idle workers: 0
[state-dump] LeaseDependencyManager:
[state-dump] - lease deps map size: 0
[state-dump] - get req map size: 0
[state-dump] - wait req map size: 0
[state-dump] - local objects map size: 0
[state-dump] WaitManager:
[state-dump] - num active wait requests: 0
[state-dump] Subscriber:
[state-dump] Channel WORKER_OBJECT_LOCATIONS_CHANNEL
[state-dump] - cumulative subscribe requests: 0
[state-dump] - cumulative unsubscribe requests: 0
[state-dump] - active subscribed publishers: 0
[state-dump] - cumulative published messages: 0
[state-dump] - cumulative processed messages: 0
[state-dump] Channel WORKER_REF_REMOVED_CHANNEL
[state-dump] - cumulative subscribe requests: 0
[state-dump] - cumulative unsubscribe requests: 0
[state-dump] - active subscribed publishers: 0
[state-dump] - cumulative published messages: 0
[state-dump] - cumulative processed messages: 0
[state-dump] num async plasma notifications: 0
[state-dump] Event stats:
[state-dump] Global stats: 26048 total (15 active)
[state-dump] Queueing time: mean = 1.20ms, max = 26285.89ms, min = -0.02ms, total = 31128.68ms
[state-dump] Execution time:  mean = 22.72ms, total = 591902.80ms
[state-dump] Event stats:
[state-dump] 	RaySyncer.BroadcastMessageIfNewVersion - 5998 total (1 active), Execution time: mean = 0.00ms, total = 8.31ms, Queueing time: mean = 0.04ms, max = 21.67ms, min = 0.00ms, total = 249.81ms
[state-dump] 	ObjectManager.UpdateAvailableMemory - 5998 total (0 active), Execution time: mean = 0.00ms, total = 4.22ms, Queueing time: mean = 0.01ms, max = 0.27ms, min = 0.00ms, total = 39.38ms
[state-dump] 	NodeManager.CheckGC - 5998 total (1 active), Execution time: mean = 0.00ms, total = 5.68ms, Queueing time: mean = 0.04ms, max = 21.67ms, min = -0.02ms, total = 252.65ms
[state-dump] 	RayletWorkerPool.deadline_timer.kill_idle_workers - 3000 total (1 active), Execution time: mean = 0.00ms, total = 4.33ms, Queueing time: mean = 0.02ms, max = 8.65ms, min = 0.00ms, total = 54.21ms
[state-dump] 	NodeManager.ScheduleAndGrantLeases - 601 total (1 active), Execution time: mean = 0.00ms, total = 2.37ms, Queueing time: mean = 0.01ms, max = 0.04ms, min = 0.00ms, total = 7.73ms
[state-dump] 	NodeManager.CheckForUnexpectedWorkerDisconnects - 601 total (1 active), Execution time: mean = 0.01ms, total = 3.36ms, Queueing time: mean = 0.01ms, max = 0.06ms, min = 0.00ms, total = 6.64ms
[state-dump] 	NodeManager.deadline_timer.flush_free_objects - 600 total (1 active), Execution time: mean = 0.00ms, total = 0.86ms, Queueing time: mean = 0.38ms, max = 22.99ms, min = 0.00ms, total = 230.06ms
[state-dump] 	NodeManagerService.grpc_server.GetResourceLoad - 600 total (0 active), Execution time: mean = 0.30ms, total = 179.93ms, Queueing time: mean = 0.00ms, max = -0.00ms, min = 9223372036854.78ms, total = 0.00ms
[state-dump] 	NodeManagerService.grpc_server.GetResourceLoad.HandleRequestImpl - 600 total (0 active), Execution time: mean = 0.07ms, total = 41.86ms, Queueing time: mean = 0.02ms, max = 0.18ms, min = 0.00ms, total = 10.84ms
[state-dump] 	NodeManager.deadline_timer.spill_objects_when_over_threshold - 600 total (1 active), Execution time: mean = 0.00ms, total = 0.76ms, Queueing time: mean = 0.38ms, max = 22.99ms, min = 0.00ms, total = 230.15ms
[state-dump] 	ClusterResourceManager.ResetRemoteNodeView - 201 total (1 active), Execution time: mean = 0.00ms, total = 0.48ms, Queueing time: mean = 0.01ms, max = 0.05ms, min = 0.00ms, total = 2.66ms
[state-dump] 	NodeManager.deadline_timer.record_metrics - 120 total (1 active), Execution time: mean = 0.21ms, total = 25.71ms, Queueing time: mean = 1.71ms, max = 22.88ms, min = 0.00ms, total = 205.04ms
[state-dump] 	NodeManagerService.grpc_server.GetAgentPIDs - 114 total (0 active), Execution time: mean = 0.25ms, total = 28.22ms, Queueing time: mean = 0.00ms, max = -0.00ms, min = 9223372036854.78ms, total = 0.00ms
[state-dump] 	NodeManagerService.grpc_server.GetWorkerPIDs - 114 total (0 active), Execution time: mean = 0.24ms, total = 27.51ms, Queueing time: mean = 0.00ms, max = -0.00ms, min = 9223372036854.78ms, total = 0.00ms
[state-dump] 	NodeManagerService.grpc_server.GetWorkerPIDs.HandleRequestImpl - 114 total (0 active), Execution time: mean = 0.02ms, total = 2.59ms, Queueing time: mean = 0.03ms, max = 1.27ms, min = 0.01ms, total = 3.26ms
[state-dump] 	NodeManagerService.grpc_server.GetAgentPIDs.HandleRequestImpl - 114 total (0 active), Execution time: mean = 0.02ms, total = 2.42ms, Queueing time: mean = 0.03ms, max = 0.10ms, min = 0.00ms, total = 3.08ms
[state-dump] 	event_loop_lag_probe - 62 total (0 active), Execution time: mean = 0.01ms, total = 0.60ms, Queueing time: mean = 0.12ms, max = 7.13ms, min = 0.00ms, total = 7.27ms
[state-dump] 	NodeManager.deadline_timer.debug_state_dump - 60 total (1 active), Execution time: mean = 3.82ms, total = 229.49ms, Queueing time: mean = 0.01ms, max = 0.04ms, min = 0.00ms, total = 0.88ms
[state-dump] 	ClientConnection.async_read.ProcessMessageHeader - 45 total (1 active), Execution time: mean = 0.00ms, total = 0.15ms, Queueing time: mean = 616.87ms, max = 26285.89ms, min = 0.01ms, total = 27759.10ms
[state-dump] 	ClientConnection.async_read.ProcessMessage - 44 total (0 active), Execution time: mean = 0.84ms, total = 36.97ms, Queueing time: mean = 0.16ms, max = 2.97ms, min = 0.00ms, total = 6.99ms
[state-dump] 	NodeManagerService.grpc_server.GetNodeStats - 40 total (0 active), Execution time: mean = 0.96ms, total = 38.53ms, Queueing time: mean = 0.00ms, max = -0.00ms, min = 9223372036854.78ms, total = 0.00ms
[state-dump] 	NodeManagerService.grpc_server.GetNodeStats.HandleRequestImpl - 40 total (0 active), Execution time: mean = 0.16ms, total = 6.48ms, Queueing time: mean = 0.02ms, max = 0.04ms, min = 0.01ms, total = 0.74ms
[state-dump] 	CoreWorkerService.grpc_client.GetCoreWorkerStats - 35 total (0 active), Execution time: mean = 0.80ms, total = 27.96ms, Queueing time: mean = 0.00ms, max = -0.00ms, min = 9223372036854.78ms, total = 0.00ms
[state-dump] 	CoreWorkerService.grpc_client.GetCoreWorkerStats.OnReplyReceived - 35 total (0 active), Execution time: mean = 0.04ms, total = 1.34ms, Queueing time: mean = 0.02ms, max = 0.03ms, min = 0.01ms, total = 0.64ms
[state-dump] 	RaySyncer.BroadcastMessage - 34 total (0 active), Execution time: mean = 0.06ms, total = 2.04ms, Queueing time: mean = 0.00ms, max = 0.00ms, min = 0.00ms, total = 0.01ms
[state-dump] 	 - 33 total (0 active), Execution time: mean = 0.07ms, total = 2.37ms, Queueing time: mean = 0.12ms, max = 3.28ms, min = 0.00ms, total = 3.85ms
[state-dump] 	Subscriber.HandlePublishedMessage_GCS_WORKER_DELTA_CHANNEL - 32 total (0 active), Execution time: mean = 0.00ms, total = 0.03ms, Queueing time: mean = 0.09ms, max = 0.26ms, min = 0.03ms, total = 2.85ms
[state-dump] 	ray::rpc::ControlPlanePubSubGcsService.grpc_client.GcsSubscriberPoll - 15 total (1 active), Execution time: mean = 39100.91ms, total = 586513.67ms, Queueing time: mean = 0.00ms, max = -0.00ms, min = 9223372036854.78ms, total = 0.00ms
[state-dump] 	ray::rpc::ControlPlanePubSubGcsService.grpc_client.GcsSubscriberPoll.OnReplyReceived - 14 total (0 active), Execution time: mean = 0.08ms, total = 1.17ms, Queueing time: mean = 1.13ms, max = 12.66ms, min = 0.00ms, total = 15.82ms
[state-dump] 	PeriodicalRunner.RunFnPeriodically - 13 total (0 active), Execution time: mean = 0.08ms, total = 1.01ms, Queueing time: mean = 144.77ms, max = 625.93ms, min = 0.02ms, total = 1882.07ms
[state-dump] 	ray::rpc::NodeInfoGcsService.grpc_client.CheckAlive.OnReplyReceived - 10 total (0 active), Execution time: mean = 0.02ms, total = 0.22ms, Queueing time: mean = 0.01ms, max = 0.02ms, min = 0.01ms, total = 0.15ms
[state-dump] 	NodeManager.deadline_timer.print_event_loop_stats - 10 total (1 active, 1 running), Execution time: mean = 2.78ms, total = 27.77ms, Queueing time: mean = 0.01ms, max = 0.02ms, min = 0.01ms, total = 0.13ms
[state-dump] 	NodeManager.GcsCheckAlive - 10 total (1 active), Execution time: mean = 0.17ms, total = 1.65ms, Queueing time: mean = 2.63ms, max = 11.53ms, min = 0.41ms, total = 26.33ms
[state-dump] 	ray::rpc::NodeInfoGcsService.grpc_client.CheckAlive - 10 total (0 active), Execution time: mean = 0.77ms, total = 7.71ms, Queueing time: mean = 0.00ms, max = -0.00ms, min = 9223372036854.78ms, total = 0.00ms
[state-dump] 	NodeManagerService.grpc_server.GetSystemConfig.HandleRequestImpl - 9 total (0 active), Execution time: mean = 0.02ms, total = 0.14ms, Queueing time: mean = 0.02ms, max = 0.03ms, min = 0.00ms, total = 0.16ms
[state-dump] 	ObjectManager.ObjectDeleted - 9 total (0 active), Execution time: mean = 0.01ms, total = 0.06ms, Queueing time: mean = 0.01ms, max = 0.01ms, min = 0.01ms, total = 0.10ms
[state-dump] 	ClientConnection.async_write.DoAsyncWrites - 9 total (0 active), Execution time: mean = 0.00ms, total = 0.01ms, Queueing time: mean = 0.01ms, max = 0.03ms, min = 0.01ms, total = 0.13ms
[state-dump] 	NodeManagerService.grpc_server.GetSystemConfig - 9 total (0 active), Execution time: mean = 0.24ms, total = 2.13ms, Queueing time: mean = 0.00ms, max = -0.00ms, min = 9223372036854.78ms, total = 0.00ms
[state-dump] 	NodeManagerService.grpc_server.RequestWorkerLease - 9 total (0 active), Execution time: mean = 369.13ms, total = 3322.19ms, Queueing time: mean = 0.00ms, max = -0.00ms, min = 9223372036854.78ms, total = 0.00ms
[state-dump] 	ObjectManager.ObjectAdded - 9 total (0 active), Execution time: mean = 0.01ms, total = 0.09ms, Queueing time: mean = 0.01ms, max = 0.01ms, min = 0.01ms, total = 0.08ms
[state-dump] 	NodeManagerService.grpc_server.RequestWorkerLease.HandleRequestImpl - 9 total (0 active), Execution time: mean = 3.19ms, total = 28.71ms, Queueing time: mean = 12.35ms, max = 25.54ms, min = 0.02ms, total = 111.14ms
[state-dump] 	ray::rpc::WorkerInfoGcsService.grpc_client.ReportWorkerFailure - 8 total (0 active), Execution time: mean = 1.55ms, total = 12.39ms, Queueing time: mean = 0.00ms, max = -0.00ms, min = 9223372036854.78ms, total = 0.00ms
[state-dump] 	NodeManagerService.grpc_server.KillLocalActor.HandleRequestImpl - 8 total (0 active), Execution time: mean = 0.16ms, total = 1.24ms, Queueing time: mean = 0.36ms, max = 0.46ms, min = 0.01ms, total = 2.87ms
[state-dump] 	CoreWorkerService.grpc_client.KillActor.OnReplyReceived - 8 total (0 active), Execution time: mean = 0.06ms, total = 0.47ms, Queueing time: mean = 0.00ms, max = 0.00ms, min = 0.00ms, total = 0.03ms
[state-dump] 	CoreWorkerService.grpc_client.KillActor - 8 total (0 active), Execution time: mean = 32.59ms, total = 260.73ms, Queueing time: mean = 0.00ms, max = -0.00ms, min = 9223372036854.78ms, total = 0.00ms
[state-dump] 	NodeManagerService.grpc_server.KillLocalActor - 8 total (0 active), Execution time: mean = 33.11ms, total = 264.91ms, Queueing time: mean = 0.00ms, max = -0.00ms, min = 9223372036854.78ms, total = 0.00ms
[state-dump] 	ray::rpc::WorkerInfoGcsService.grpc_client.ReportWorkerFailure.OnReplyReceived - 8 total (0 active), Execution time: mean = 0.01ms, total = 0.08ms, Queueing time: mean = 1.38ms, max = 2.84ms, min = 0.01ms, total = 11.02ms
[state-dump] 	RaySyncerRegister - 2 total (0 active), Execution time: mean = 0.00ms, total = 0.00ms, Queueing time: mean = 0.00ms, max = 0.00ms, min = 0.00ms, total = 0.00ms
[state-dump] 	ray::rpc::ControlPlanePubSubGcsService.grpc_client.GcsSubscriberCommandBatch.OnReplyReceived - 2 total (0 active), Execution time: mean = 0.04ms, total = 0.08ms, Queueing time: mean = 0.21ms, max = 0.25ms, min = 0.16ms, total = 0.41ms
[state-dump] 	ray::rpc::ControlPlanePubSubGcsService.grpc_client.GcsSubscriberCommandBatch - 2 total (0 active), Execution time: mean = 0.73ms, total = 1.46ms, Queueing time: mean = 0.00ms, max = -0.00ms, min = 9223372036854.78ms, total = 0.00ms
[state-dump] 	NodeManagerService.grpc_server.CommitBundleResources.HandleRequestImpl - 1 total (0 active), Execution time: mean = 1.15ms, total = 1.15ms, Queueing time: mean = 0.03ms, max = 0.03ms, min = 0.03ms, total = 0.03ms
[state-dump] 	ray::rpc::JobInfoGcsService.grpc_client.GetAllJobInfo - 1 total (0 active), Execution time: mean = 0.56ms, total = 0.56ms, Queueing time: mean = 0.00ms, max = -0.00ms, min = 9223372036854.78ms, total = 0.00ms
[state-dump] 	NodeManagerService.grpc_server.CommitBundleResources - 1 total (0 active), Execution time: mean = 1.41ms, total = 1.41ms, Queueing time: mean = 0.00ms, max = -0.00ms, min = 9223372036854.78ms, total = 0.00ms
[state-dump] 	ray::rpc::NodeInfoGcsService.grpc_client.RegisterNode.OnReplyReceived - 1 total (0 active), Execution time: mean = 0.39ms, total = 0.39ms, Queueing time: mean = 0.01ms, max = 0.01ms, min = 0.01ms, total = 0.01ms
[state-dump] 	ray::rpc::NodeInfoGcsService.grpc_client.GetAllNodeAddressAndLiveness.OnReplyReceived - 1 total (0 active), Execution time: mean = 0.16ms, total = 0.16ms, Queueing time: mean = 0.01ms, max = 0.01ms, min = 0.01ms, total = 0.01ms
[state-dump] 	ray::rpc::NodeInfoGcsService.grpc_client.GetAllNodeAddressAndLiveness - 1 total (0 active), Execution time: mean = 0.70ms, total = 0.70ms, Queueing time: mean = 0.00ms, max = -0.00ms, min = 9223372036854.78ms, total = 0.00ms
[state-dump] 	NodeManager.GCTaskFailureReason - 1 total (1 active), Execution time: mean = 0.00ms, total = 0.00ms, Queueing time: mean = 0.00ms, max = -0.00ms, min = 9223372036854.78ms, total = 0.00ms
[state-dump] 	ray::rpc::InternalKVGcsService.grpc_client.GetInternalConfig.OnReplyReceived - 1 total (0 active), Execution time: mean = 629.71ms, total = 629.71ms, Queueing time: mean = 0.01ms, max = 0.01ms, min = 0.01ms, total = 0.01ms
[state-dump] 	ray::rpc::NodeInfoGcsService.grpc_client.RegisterNode - 1 total (0 active), Execution time: mean = 1.17ms, total = 1.17ms, Queueing time: mean = 0.00ms, max = -0.00ms, min = 9223372036854.78ms, total = 0.00ms
[state-dump] 	NodeManagerService.grpc_server.PrepareBundleResources - 1 total (0 active), Execution time: mean = 1.10ms, total = 1.10ms, Queueing time: mean = 0.00ms, max = -0.00ms, min = 9223372036854.78ms, total = 0.00ms
[state-dump] 	Subscriber.HandlePublishedMessage_GCS_JOB_CHANNEL - 1 total (0 active), Execution time: mean = 0.04ms, total = 0.04ms, Queueing time: mean = 0.30ms, max = 0.30ms, min = 0.30ms, total = 0.30ms
[state-dump] 	ray::rpc::JobInfoGcsService.grpc_client.GetAllJobInfo.OnReplyReceived - 1 total (0 active), Execution time: mean = 0.01ms, total = 0.01ms, Queueing time: mean = 0.02ms, max = 0.02ms, min = 0.02ms, total = 0.02ms
[state-dump] 	ReporterService.grpc_client.HealthCheck.OnReplyReceived - 1 total (0 active), Execution time: mean = 0.15ms, total = 0.15ms, Queueing time: mean = 0.02ms, max = 0.02ms, min = 0.02ms, total = 0.02ms
[state-dump] 	ray::rpc::InternalKVGcsService.grpc_client.GetInternalConfig - 1 total (0 active), Execution time: mean = 0.83ms, total = 0.83ms, Queueing time: mean = 0.00ms, max = -0.00ms, min = 9223372036854.78ms, total = 0.00ms
[state-dump] 	ReporterService.grpc_client.HealthCheck - 1 total (0 active), Execution time: mean = 132.11ms, total = 132.11ms, Queueing time: mean = 0.00ms, max = -0.00ms, min = 9223372036854.78ms, total = 0.00ms
[state-dump] 	NodeManagerService.grpc_server.PrepareBundleResources.HandleRequestImpl - 1 total (0 active), Execution time: mean = 0.84ms, total = 0.84ms, Queueing time: mean = 0.03ms, max = 0.03ms, min = 0.03ms, total = 0.03ms
[state-dump] DebugString() time ms: 0
[state-dump] 
[state-dump] 
[2026-09-04 01:08:40,844 I 79 102] (raylet) store.cc:573: Plasma store debug dump: 
Current usage: 0 / 4.29497 GB
- num bytes created total: 72
0 pending objects of total size 0MB
- objects spillable: 0
- bytes spillable: 0
- objects unsealed: 0
- bytes unsealed: 0
- objects in use: 0
- bytes in use: 0
- objects evictable: 0
- bytes evictable: 0

- objects created by worker: 0
- bytes created by worker: 0
- objects restored: 0
- bytes restored: 0
- objects received: 0
- bytes received: 0
- objects errored: 0
- bytes errored: 0

[2026-09-04 01:08:41,503 I 79 79] (raylet) node_manager.cc:486: [state-dump] NodeManager:
[state-dump] Node ID: 82dfc8c23c51709b77aaa7de2deacf9d421699bfcaad6b6cc4f66c59
[state-dump] Node name: 10.244.180.242
[state-dump] InitialConfigResources: {node:10.244.180.242: 1, object_store_memory: 4.29497e+09, GPU: 8, CPU: 64, accelerator_type:B200: 1, memory: 3.24185e+12}
[state-dump] ClusterLeaseManager:
[state-dump] ========== Node: 82dfc8c23c51709b77aaa7de2deacf9d421699bfcaad6b6cc4f66c59 =================
[state-dump] Infeasible queue length: 0
[state-dump] Schedule queue length: 0
[state-dump] Grant queue length: 0
[state-dump] num_waiting_for_resource: 0
[state-dump] num_waiting_for_plasma_memory: 0
[state-dump] num_waiting_for_remote_node_resources: 0
[state-dump] num_worker_not_started_by_job_config_not_exist: 0
[state-dump] num_worker_not_started_by_registration_timeout: 0
[state-dump] num_tasks_waiting_for_workers: 0
[state-dump] num_cancelled_leases: 0
[state-dump] cluster_resource_scheduler state: 
[state-dump] Local id: -8170265163178445639 Local resources: {"total":{node:10.244.180.242: [10000], GPU_group_19_41b56c6dcd1a3ea16b3ee9c698c601000000: [0, 0, 10000, 0, 0, 0, 0, 0], CPU: [640000], GPU_group_24_41b56c6dcd1a3ea16b3ee9c698c601000000: [0, 0, 0, 0, 0, 0, 0, 10000], CPU_group_19_41b56c6dcd1a3ea16b3ee9c698c601000000: [10000], GPU_group_23_41b56c6dcd1a3ea16b3ee9c698c601000000: [0, 0, 0, 0, 0, 0, 10000, 0], bundle_group_22_41b56c6dcd1a3ea16b3ee9c698c601000000: [10000000], GPU_group_17_41b56c6dcd1a3ea16b3ee9c698c601000000: [10000, 0, 0, 0, 0, 0, 0, 0], accelerator_type:B200: [10000], bundle_group_18_41b56c6dcd1a3ea16b3ee9c698c601000000: [10000000], CPU_group_17_41b56c6dcd1a3ea16b3ee9c698c601000000: [10000], memory: [32418475745280000], object_store_memory: [42949672960000], GPU_group_18_41b56c6dcd1a3ea16b3ee9c698c601000000: [0, 10000, 0, 0, 0, 0, 0, 0], CPU_group_41b56c6dcd1a3ea16b3ee9c698c601000000: [80000], bundle_group_41b56c6dcd1a3ea16b3ee9c698c601000000: [80000000], bundle_group_17_41b56c6dcd1a3ea16b3ee9c698c601000000: [10000000], CPU_group_20_41b56c6dcd1a3ea16b3ee9c698c601000000: [10000], GPU_group_20_41b56c6dcd1a3ea16b3ee9c698c601000000: [0, 0, 0, 10000, 0, 0, 0, 0], bundle_group_19_41b56c6dcd1a3ea16b3ee9c698c601000000: [10000000], bundle_group_23_41b56c6dcd1a3ea16b3ee9c698c601000000: [10000000], CPU_group_24_41b56c6dcd1a3ea16b3ee9c698c601000000: [10000], CPU_group_22_41b56c6dcd1a3ea16b3ee9c698c601000000: [10000], GPU_group_22_41b56c6dcd1a3ea16b3ee9c698c601000000: [0, 0, 0, 0, 0, 10000, 0, 0], CPU_group_23_41b56c6dcd1a3ea16b3ee9c698c601000000: [10000], CPU_group_21_41b56c6dcd1a3ea16b3ee9c698c601000000: [10000], GPU: [10000, 10000, 10000, 10000, 10000, 10000, 10000, 10000], bundle_group_21_41b56c6dcd1a3ea16b3ee9c698c601000000: [10000000], bundle_group_24_41b56c6dcd1a3ea16b3ee9c698c601000000: [10000000], GPU_group_41b56c6dcd1a3ea16b3ee9c698c601000000: [10000, 10000, 10000, 10000, 10000, 10000, 10000, 10000], GPU_group_21_41b56c6dcd1a3ea16b3ee9c698c601000000: [0, 0, 0, 0, 10000, 0, 0, 0], CPU_group_18_41b56c6dcd1a3ea16b3ee9c698c601000000: [10000], bundle_group_20_41b56c6dcd1a3ea16b3ee9c698c601000000: [10000000]}, "available": {GPU_group_19_41b56c6dcd1a3ea16b3ee9c698c601000000: [0, 0, 10000, 0, 0, 0, 0, 0], node:10.244.180.242: [10000], GPU_group_17_41b56c6dcd1a3ea16b3ee9c698c601000000: [8000, 0, 0, 0, 0, 0, 0, 0], bundle_group_22_41b56c6dcd1a3ea16b3ee9c698c601000000: [10000000], accelerator_type:B200: [10000], CPU_group_19_41b56c6dcd1a3ea16b3ee9c698c601000000: [10000], GPU_group_23_41b56c6dcd1a3ea16b3ee9c698c601000000: [0, 0, 0, 0, 0, 0, 10000, 0], bundle_group_18_41b56c6dcd1a3ea16b3ee9c698c601000000: [10000000], CPU: [560000], GPU_group_24_41b56c6dcd1a3ea16b3ee9c698c601000000: [0, 0, 0, 0, 0, 0, 0, 10000], memory: [32418475745280000], CPU_group_17_41b56c6dcd1a3ea16b3ee9c698c601000000: [8000], CPU_group_24_41b56c6dcd1a3ea16b3ee9c698c601000000: [10000], GPU_group_18_41b56c6dcd1a3ea16b3ee9c698c601000000: [0, 10000, 0, 0, 0, 0, 0, 0], object_store_memory: [42949672960000], GPU_group_20_41b56c6dcd1a3ea16b3ee9c698c601000000: [0, 0, 0, 10000, 0, 0, 0, 0], CPU_group_20_41b56c6dcd1a3ea16b3ee9c698c601000000: [10000], bundle_group_23_41b56c6dcd1a3ea16b3ee9c698c601000000: [10000000], bundle_group_41b56c6dcd1a3ea16b3ee9c698c601000000: [79999990], bundle_group_17_41b56c6dcd1a3ea16b3ee9c698c601000000: [9999990], CPU_group_21_41b56c6dcd1a3ea16b3ee9c698c601000000: [10000], CPU_group_41b56c6dcd1a3ea16b3ee9c698c601000000: [78000], GPU_group_22_41b56c6dcd1a3ea16b3ee9c698c601000000: [0, 0, 0, 0, 0, 10000, 0, 0], bundle_group_19_41b56c6dcd1a3ea16b3ee9c698c601000000: [10000000], CPU_group_23_41b56c6dcd1a3ea16b3ee9c698c601000000: [10000], CPU_group_22_41b56c6dcd1a3ea16b3ee9c698c601000000: [10000], GPU_group_41b56c6dcd1a3ea16b3ee9c698c601000000: [8000, 10000, 10000, 10000, 10000, 10000, 10000, 10000], bundle_group_21_41b56c6dcd1a3ea16b3ee9c698c601000000: [10000000], GPU: [0, 0, 0, 0, 0, 0, 0, 0], bundle_group_24_41b56c6dcd1a3ea16b3ee9c698c601000000: [10000000], bundle_group_20_41b56c6dcd1a3ea16b3ee9c698c601000000: [10000000], CPU_group_18_41b56c6dcd1a3ea16b3ee9c698c601000000: [10000], GPU_group_21_41b56c6dcd1a3ea16b3ee9c698c601000000: [0, 0, 0, 0, 10000, 0, 0, 0]}, "labels":{"ray.io/node-id":"82dfc8c23c51709b77aaa7de2deacf9d421699bfcaad6b6cc4f66c59","ray.io/accelerator-type":"B200"}} is_draining: 0 is_idle: 0 Cluster resources (at most 20 nodes are shown): node id: -8170265163178445639{"total":{GPU: 80000, bundle_group_24_41b56c6dcd1a3ea16b3ee9c698c601000000: 10000000, GPU_group_17_41b56c6dcd1a3ea16b3ee9c698c601000000: 10000, bundle_group_18_41b56c6dcd1a3ea16b3ee9c698c601000000: 10000000, bundle_group_22_41b56c6dcd1a3ea16b3ee9c698c601000000: 10000000, GPU_group_24_41b56c6dcd1a3ea16b3ee9c698c601000000: 10000, CPU: 640000, CPU_group_19_41b56c6dcd1a3ea16b3ee9c698c601000000: 10000, GPU_group_23_41b56c6dcd1a3ea16b3ee9c698c601000000: 10000, accelerator_type:B200: 10000, GPU_group_19_41b56c6dcd1a3ea16b3ee9c698c601000000: 10000, node:10.244.180.242: 10000, GPU_group_18_41b56c6dcd1a3ea16b3ee9c698c601000000: 10000, CPU_group_24_41b56c6dcd1a3ea16b3ee9c698c601000000: 10000, object_store_memory: 42949672960000, memory: 32418475745280000, CPU_group_17_41b56c6dcd1a3ea16b3ee9c698c601000000: 10000, GPU_group_22_41b56c6dcd1a3ea16b3ee9c698c601000000: 10000, CPU_group_23_41b56c6dcd1a3ea16b3ee9c698c601000000: 10000, CPU_group_21_41b56c6dcd1a3ea16b3ee9c698c601000000: 10000, CPU_group_22_41b56c6dcd1a3ea16b3ee9c698c601000000: 10000, GPU_group_20_41b56c6dcd1a3ea16b3ee9c698c601000000: 10000, CPU_group_41b56c6dcd1a3ea16b3ee9c698c601000000: 80000, bundle_group_41b56c6dcd1a3ea16b3ee9c698c601000000: 80000000, bundle_group_23_41b56c6dcd1a3ea16b3ee9c698c601000000: 10000000, CPU_group_20_41b56c6dcd1a3ea16b3ee9c698c601000000: 10000, bundle_group_17_41b56c6dcd1a3ea16b3ee9c698c601000000: 10000000, bundle_group_19_41b56c6dcd1a3ea16b3ee9c698c601000000: 10000000, bundle_group_20_41b56c6dcd1a3ea16b3ee9c698c601000000: 10000000, GPU_group_21_41b56c6dcd1a3ea16b3ee9c698c601000000: 10000, CPU_group_18_41b56c6dcd1a3ea16b3ee9c698c601000000: 10000, bundle_group_21_41b56c6dcd1a3ea16b3ee9c698c601000000: 10000000, GPU_group_41b56c6dcd1a3ea16b3ee9c698c601000000: 80000}, "available": {bundle_group_22_41b56c6dcd1a3ea16b3ee9c698c601000000: 10000000, bundle_group_18_41b56c6dcd1a3ea16b3ee9c698c601000000: 10000000, bundle_group_24_41b56c6dcd1a3ea16b3ee9c698c601000000: 10000000, bundle_group_21_41b56c6dcd1a3ea16b3ee9c698c601000000: 10000000, GPU_group_41b56c6dcd1a3ea16b3ee9c698c601000000: 78000, GPU_group_21_41b56c6dcd1a3ea16b3ee9c698c601000000: 10000, CPU_group_18_41b56c6dcd1a3ea16b3ee9c698c601000000: 10000, bundle_group_20_41b56c6dcd1a3ea16b3ee9c698c601000000: 10000000, CPU_group_41b56c6dcd1a3ea16b3ee9c698c601000000: 78000, bundle_group_17_41b56c6dcd1a3ea16b3ee9c698c601000000: 9999990, bundle_group_23_41b56c6dcd1a3ea16b3ee9c698c601000000: 10000000, CPU_group_20_41b56c6dcd1a3ea16b3ee9c698c601000000: 10000, bundle_group_19_41b56c6dcd1a3ea16b3ee9c698c601000000: 10000000, GPU_group_20_41b56c6dcd1a3ea16b3ee9c698c601000000: 10000, bundle_group_41b56c6dcd1a3ea16b3ee9c698c601000000: 79999990, CPU_group_22_41b56c6dcd1a3ea16b3ee9c698c601000000: 10000, GPU_group_22_41b56c6dcd1a3ea16b3ee9c698c601000000: 10000, CPU_group_23_41b56c6dcd1a3ea16b3ee9c698c601000000: 10000, CPU_group_21_41b56c6dcd1a3ea16b3ee9c698c601000000: 10000, CPU_group_17_41b56c6dcd1a3ea16b3ee9c698c601000000: 8000, memory: 32418475745280000, object_store_memory: 42949672960000, CPU_group_24_41b56c6dcd1a3ea16b3ee9c698c601000000: 10000, GPU_group_18_41b56c6dcd1a3ea16b3ee9c698c601000000: 10000, node:10.244.180.242: 10000, GPU_group_19_41b56c6dcd1a3ea16b3ee9c698c601000000: 10000, GPU_group_24_41b56c6dcd1a3ea16b3ee9c698c601000000: 10000, CPU: 560000, CPU_group_19_41b56c6dcd1a3ea16b3ee9c698c601000000: 10000, accelerator_type:B200: 10000, GPU_group_23_41b56c6dcd1a3ea16b3ee9c698c601000000: 10000, GPU_group_17_41b56c6dcd1a3ea16b3ee9c698c601000000: 8000}, "labels":{"ray.io/node-id":"82dfc8c23c51709b77aaa7de2deacf9d421699bfcaad6b6cc4f66c59","ray.io/accelerator-type":"B200"}, "is_draining": 0, "draining_deadline_timestamp_ms": -1}node id: -1351780445297854484{"total":{bundle_group_14_41b56c6dcd1a3ea16b3ee9c698c601000000: 10000000, bundle_group_0_41b56c6dcd1a3ea16b3ee9c698c601000000: 10000000, bundle_group_13_41b56c6dcd1a3ea16b3ee9c698c601000000: 10000000, GPU_group_0_41b56c6dcd1a3ea16b3ee9c698c601000000: 10000, CPU_group_41b56c6dcd1a3ea16b3ee9c698c601000000: 80000, bundle_group_41b56c6dcd1a3ea16b3ee9c698c601000000: 80000000, CPU_group_10_41b56c6dcd1a3ea16b3ee9c698c601000000: 10000, CPU_group_11_41b56c6dcd1a3ea16b3ee9c698c601000000: 10000, CPU_group_13_41b56c6dcd1a3ea16b3ee9c698c601000000: 10000, GPU_group_12_41b56c6dcd1a3ea16b3ee9c698c601000000: 10000, bundle_group_9_41b56c6dcd1a3ea16b3ee9c698c601000000: 10000000, GPU_group_15_41b56c6dcd1a3ea16b3ee9c698c601000000: 10000, GPU_group_41b56c6dcd1a3ea16b3ee9c698c601000000: 80000, GPU: 80000, bundle_group_12_41b56c6dcd1a3ea16b3ee9c698c601000000: 10000000, CPU_group_12_41b56c6dcd1a3ea16b3ee9c698c601000000: 10000, CPU_group_15_41b56c6dcd1a3ea16b3ee9c698c601000000: 10000, GPU_group_13_41b56c6dcd1a3ea16b3ee9c698c601000000: 10000, GPU_group_11_41b56c6dcd1a3ea16b3ee9c698c601000000: 10000, bundle_group_10_41b56c6dcd1a3ea16b3ee9c698c601000000: 10000000, bundle_group_11_41b56c6dcd1a3ea16b3ee9c698c601000000: 10000000, CPU_group_0_41b56c6dcd1a3ea16b3ee9c698c601000000: 10000, accelerator_type:B200: 10000, CPU: 640000, memory: 32418477711360000, node:10.244.218.62: 10000, bundle_group_15_41b56c6dcd1a3ea16b3ee9c698c601000000: 10000000, GPU_group_10_41b56c6dcd1a3ea16b3ee9c698c601000000: 10000, object_store_memory: 42949672960000, CPU_group_9_41b56c6dcd1a3ea16b3ee9c698c601000000: 10000, GPU_group_9_41b56c6dcd1a3ea16b3ee9c698c601000000: 10000, GPU_group_14_41b56c6dcd1a3ea16b3ee9c698c601000000: 10000, CPU_group_14_41b56c6dcd1a3ea16b3ee9c698c601000000: 10000}, "available": {GPU_group_41b56c6dcd1a3ea16b3ee9c698c601000000: 78000, CPU_group_12_41b56c6dcd1a3ea16b3ee9c698c601000000: 10000, bundle_group_12_41b56c6dcd1a3ea16b3ee9c698c601000000: 10000000, GPU_group_13_41b56c6dcd1a3ea16b3ee9c698c601000000: 10000, CPU_group_15_41b56c6dcd1a3ea16b3ee9c698c601000000: 10000, bundle_group_0_41b56c6dcd1a3ea16b3ee9c698c601000000: 9999990, CPU_group_10_41b56c6dcd1a3ea16b3ee9c698c601000000: 10000, CPU_group_41b56c6dcd1a3ea16b3ee9c698c601000000: 78000, CPU_group_11_41b56c6dcd1a3ea16b3ee9c698c601000000: 10000, GPU_group_12_41b56c6dcd1a3ea16b3ee9c698c601000000: 10000, CPU_group_13_41b56c6dcd1a3ea16b3ee9c698c601000000: 10000, bundle_group_41b56c6dcd1a3ea16b3ee9c698c601000000: 79999990, GPU_group_15_41b56c6dcd1a3ea16b3ee9c698c601000000: 10000, bundle_group_9_41b56c6dcd1a3ea16b3ee9c698c601000000: 10000000, node:10.244.218.62: 10000, memory: 32418477711360000, object_store_memory: 42949672960000, CPU_group_9_41b56c6dcd1a3ea16b3ee9c698c601000000: 10000, bundle_group_15_41b56c6dcd1a3ea16b3ee9c698c601000000: 10000000, bundle_group_14_41b56c6dcd1a3ea16b3ee9c698c601000000: 10000000, GPU_group_0_41b56c6dcd1a3ea16b3ee9c698c601000000: 8000, GPU_group_14_41b56c6dcd1a3ea16b3ee9c698c601000000: 10000, CPU_group_14_41b56c6dcd1a3ea16b3ee9c698c601000000: 10000, GPU_group_9_41b56c6dcd1a3ea16b3ee9c698c601000000: 10000, bundle_group_13_41b56c6dcd1a3ea16b3ee9c698c601000000: 10000000, GPU_group_10_41b56c6dcd1a3ea16b3ee9c698c601000000: 10000, bundle_group_10_41b56c6dcd1a3ea16b3ee9c698c601000000: 10000000, GPU_group_11_41b56c6dcd1a3ea16b3ee9c698c601000000: 10000, CPU_group_0_41b56c6dcd1a3ea16b3ee9c698c601000000: 8000, bundle_group_11_41b56c6dcd1a3ea16b3ee9c698c601000000: 10000000, accelerator_type:B200: 10000, CPU: 560000}, "labels":{"ray.io/accelerator-type":"B200","ray.io/node-id":"90dc8450878fe5de358e116e0b8657e06554d0d69bbf5603e4880a55"}, "is_draining": 0, "draining_deadline_timestamp_ms": -1}node id: 4273633132855142460{"total":{bundle_group_8_41b56c6dcd1a3ea16b3ee9c698c601000000: 10000000, CPU_group_7_41b56c6dcd1a3ea16b3ee9c698c601000000: 10000, GPU: 80000, CPU_group_6_41b56c6dcd1a3ea16b3ee9c698c601000000: 10000, CPU_group_3_41b56c6dcd1a3ea16b3ee9c698c601000000: 10000, GPU_group_41b56c6dcd1a3ea16b3ee9c698c601000000: 80000, node:10.244.13.18: 10000, bundle_group_3_41b56c6dcd1a3ea16b3ee9c698c601000000: 10000000, CPU_group_2_41b56c6dcd1a3ea16b3ee9c698c601000000: 10000, GPU_group_1_41b56c6dcd1a3ea16b3ee9c698c601000000: 10000, GPU_group_7_41b56c6dcd1a3ea16b3ee9c698c601000000: 10000, GPU_group_4_41b56c6dcd1a3ea16b3ee9c698c601000000: 10000, CPU_group_4_41b56c6dcd1a3ea16b3ee9c698c601000000: 10000, bundle_group_1_41b56c6dcd1a3ea16b3ee9c698c601000000: 10000000, bundle_group_41b56c6dcd1a3ea16b3ee9c698c601000000: 80000000, CPU_group_41b56c6dcd1a3ea16b3ee9c698c601000000: 80000, bundle_group_7_41b56c6dcd1a3ea16b3ee9c698c601000000: 10000000, CPU_group_5_41b56c6dcd1a3ea16b3ee9c698c601000000: 10000, bundle_group_2_41b56c6dcd1a3ea16b3ee9c698c601000000: 10000000, object_store_memory: 42949672960000, bundle_group_4_41b56c6dcd1a3ea16b3ee9c698c601000000: 10000000, GPU_group_5_41b56c6dcd1a3ea16b3ee9c698c601000000: 10000, GPU_group_6_41b56c6dcd1a3ea16b3ee9c698c601000000: 10000, GPU_group_2_41b56c6dcd1a3ea16b3ee9c698c601000000: 10000, memory: 32418533744640000, bundle_group_5_41b56c6dcd1a3ea16b3ee9c698c601000000: 10000000, CPU_group_1_41b56c6dcd1a3ea16b3ee9c698c601000000: 10000, GPU_group_3_41b56c6dcd1a3ea16b3ee9c698c601000000: 10000, CPU: 640000, bundle_group_6_41b56c6dcd1a3ea16b3ee9c698c601000000: 10000000, accelerator_type:B200: 10000, CPU_group_8_41b56c6dcd1a3ea16b3ee9c698c601000000: 10000, GPU_group_8_41b56c6dcd1a3ea16b3ee9c698c601000000: 10000}, "available": {CPU_group_7_41b56c6dcd1a3ea16b3ee9c698c601000000: 2000, bundle_group_8_41b56c6dcd1a3ea16b3ee9c698c601000000: 9999980, CPU_group_3_41b56c6dcd1a3ea16b3ee9c698c601000000: 2000, CPU_group_6_41b56c6dcd1a3ea16b3ee9c698c601000000: 2000, GPU_group_41b56c6dcd1a3ea16b3ee9c698c601000000: 16000, bundle_group_3_41b56c6dcd1a3ea16b3ee9c698c601000000: 9999980, node:10.244.13.18: 10000, CPU_group_2_41b56c6dcd1a3ea16b3ee9c698c601000000: 2000, GPU_group_1_41b56c6dcd1a3ea16b3ee9c698c601000000: 2000, GPU_group_4_41b56c6dcd1a3ea16b3ee9c698c601000000: 2000, GPU_group_7_41b56c6dcd1a3ea16b3ee9c698c601000000: 2000, bundle_group_1_41b56c6dcd1a3ea16b3ee9c698c601000000: 9999980, CPU_group_5_41b56c6dcd1a3ea16b3ee9c698c601000000: 2000, CPU_group_41b56c6dcd1a3ea16b3ee9c698c601000000: 16000, bundle_group_7_41b56c6dcd1a3ea16b3ee9c698c601000000: 9999980, bundle_group_41b56c6dcd1a3ea16b3ee9c698c601000000: 79999840, CPU_group_4_41b56c6dcd1a3ea16b3ee9c698c601000000: 2000, bundle_group_2_41b56c6dcd1a3ea16b3ee9c698c601000000: 9999980, object_store_memory: 42948364790000, GPU_group_5_41b56c6dcd1a3ea16b3ee9c698c601000000: 2000, bundle_group_4_41b56c6dcd1a3ea16b3ee9c698c601000000: 9999980, GPU_group_6_41b56c6dcd1a3ea16b3ee9c698c601000000: 2000, memory: 32418533744640000, GPU_group_2_41b56c6dcd1a3ea16b3ee9c698c601000000: 2000, bundle_group_5_41b56c6dcd1a3ea16b3ee9c698c601000000: 9999980, CPU_group_1_41b56c6dcd1a3ea16b3ee9c698c601000000: 2000, GPU_group_3_41b56c6dcd1a3ea16b3ee9c698c601000000: 2000, CPU: 560000, accelerator_type:B200: 10000, bundle_group_6_41b56c6dcd1a3ea16b3ee9c698c601000000: 9999980, GPU_group_8_41b56c6dcd1a3ea16b3ee9c698c601000000: 2000, CPU_group_8_41b56c6dcd1a3ea16b3ee9c698c601000000: 2000}, "labels":{"ray.io/node-id":"4296a17b2364b071e4782261814dd77feed7cb4e5a4de14ab32d253a","ray.io/accelerator-type":"B200"}, "is_draining": 0, "draining_deadline_timestamp_ms": -1}node id: -7973918255608480324{"total":{bundle_group_27_41b56c6dcd1a3ea16b3ee9c698c601000000: 10000000, bundle_group_29_41b56c6dcd1a3ea16b3ee9c698c601000000: 10000000, bundle_group_41b56c6dcd1a3ea16b3ee9c698c601000000: 80000000, CPU_group_41b56c6dcd1a3ea16b3ee9c698c601000000: 80000, GPU_group_27_41b56c6dcd1a3ea16b3ee9c698c601000000: 10000, GPU_group_16_41b56c6dcd1a3ea16b3ee9c698c601000000: 10000, CPU_group_31_41b56c6dcd1a3ea16b3ee9c698c601000000: 10000, node:__internal_head__: 10000, GPU_group_41b56c6dcd1a3ea16b3ee9c698c601000000: 80000, bundle_group_28_41b56c6dcd1a3ea16b3ee9c698c601000000: 10000000, GPU: 80000, bundle_group_30_41b56c6dcd1a3ea16b3ee9c698c601000000: 10000000, CPU_group_27_41b56c6dcd1a3ea16b3ee9c698c601000000: 10000, CPU_group_26_41b56c6dcd1a3ea16b3ee9c698c601000000: 10000, bundle_group_25_41b56c6dcd1a3ea16b3ee9c698c601000000: 10000000, GPU_group_29_41b56c6dcd1a3ea16b3ee9c698c601000000: 10000, GPU_group_28_41b56c6dcd1a3ea16b3ee9c698c601000000: 10000, CPU_group_29_41b56c6dcd1a3ea16b3ee9c698c601000000: 10000, CPU_group_25_41b56c6dcd1a3ea16b3ee9c698c601000000: 10000, CPU_group_30_41b56c6dcd1a3ea16b3ee9c698c601000000: 10000, accelerator_type:B200: 10000, bundle_group_26_41b56c6dcd1a3ea16b3ee9c698c601000000: 10000000, bundle_group_31_41b56c6dcd1a3ea16b3ee9c698c601000000: 10000000, CPU: 640000, GPU_group_30_41b56c6dcd1a3ea16b3ee9c698c601000000: 10000, bundle_group_16_41b56c6dcd1a3ea16b3ee9c698c601000000: 10000000, CPU_group_28_41b56c6dcd1a3ea16b3ee9c698c601000000: 10000, memory: 32397589872640000, GPU_group_31_41b56c6dcd1a3ea16b3ee9c698c601000000: 10000, CPU_group_16_41b56c6dcd1a3ea16b3ee9c698c601000000: 10000, GPU_group_25_41b56c6dcd1a3ea16b3ee9c698c601000000: 10000, node:10.244.18.139: 10000, object_store_memory: 42949672960000, GPU_group_26_41b56c6dcd1a3ea16b3ee9c698c601000000: 10000}, "available": {bundle_group_27_41b56c6dcd1a3ea16b3ee9c698c601000000: 9999980, bundle_group_29_41b56c6dcd1a3ea16b3ee9c698c601000000: 9999980, bundle_group_41b56c6dcd1a3ea16b3ee9c698c601000000: 79999840, CPU_group_41b56c6dcd1a3ea16b3ee9c698c601000000: 16000, GPU_group_27_41b56c6dcd1a3ea16b3ee9c698c601000000: 2000, GPU_group_16_41b56c6dcd1a3ea16b3ee9c698c601000000: 2000, CPU_group_31_41b56c6dcd1a3ea16b3ee9c698c601000000: 2000, node:__internal_head__: 10000, GPU_group_41b56c6dcd1a3ea16b3ee9c698c601000000: 16000, bundle_group_28_41b56c6dcd1a3ea16b3ee9c698c601000000: 9999980, bundle_group_30_41b56c6dcd1a3ea16b3ee9c698c601000000: 9999980, CPU_group_27_41b56c6dcd1a3ea16b3ee9c698c601000000: 2000, CPU_group_26_41b56c6dcd1a3ea16b3ee9c698c601000000: 2000, bundle_group_25_41b56c6dcd1a3ea16b3ee9c698c601000000: 9999980, GPU_group_29_41b56c6dcd1a3ea16b3ee9c698c601000000: 2000, CPU_group_29_41b56c6dcd1a3ea16b3ee9c698c601000000: 2000, GPU_group_28_41b56c6dcd1a3ea16b3ee9c698c601000000: 2000, CPU_group_30_41b56c6dcd1a3ea16b3ee9c698c601000000: 2000, CPU_group_25_41b56c6dcd1a3ea16b3ee9c698c601000000: 2000, accelerator_type:B200: 10000, bundle_group_26_41b56c6dcd1a3ea16b3ee9c698c601000000: 9999980, bundle_group_31_41b56c6dcd1a3ea16b3ee9c698c601000000: 9999980, GPU_group_30_41b56c6dcd1a3ea16b3ee9c698c601000000: 2000, CPU: 540000, bundle_group_16_41b56c6dcd1a3ea16b3ee9c698c601000000: 9999980, CPU_group_28_41b56c6dcd1a3ea16b3ee9c698c601000000: 2000, memory: 32397589872640000, GPU_group_31_41b56c6dcd1a3ea16b3ee9c698c601000000: 2000, CPU_group_16_41b56c6dcd1a3ea16b3ee9c698c601000000: 2000, node:10.244.18.139: 10000, GPU_group_25_41b56c6dcd1a3ea16b3ee9c698c601000000: 2000, object_store_memory: 42943279970000, GPU_group_26_41b56c6dcd1a3ea16b3ee9c698c601000000: 2000}, "labels":{"ray.io/node-id":"11215b0011fac4845f8eecab7d85f57fc12c4efc1ad3dce06ebdc204","ray.io/accelerator-type":"B200"}, "is_draining": 0, "draining_deadline_timestamp_ms": -1} { "placement group locations": [], "node to bundles": []}
[state-dump] Waiting leases size: 0
[state-dump] Number of granted lease arguments: 0
[state-dump] Number of pinned lease arguments: 0
[state-dump] Total size of pinned lease arguments: 0
[state-dump] Number of total spilled leases: 0
[state-dump] Number of spilled waiting leases: 0
[state-dump] Number of spilled unschedulable leases: 0
[state-dump] Resource usage {
[state-dump]     - (language=PYTHON actor_or_taskSGLangEngine.__init__ pid=858 worker_id=650a17a0e0c4cd2270b368052022e6d017baf108cd0e6d39cfd281fe): {bundle_group_41b56c6dcd1a3ea16b3ee9c698c601000000: 0.001, GPU_group_41b56c6dcd1a3ea16b3ee9c698c601000000: 0.2, GPU_group_17_41b56c6dcd1a3ea16b3ee9c698c601000000: 0.2, CPU_group_41b56c6dcd1a3ea16b3ee9c698c601000000: 0.2, CPU_group_17_41b56c6dcd1a3ea16b3ee9c698c601000000: 0.2, bundle_group_17_41b56c6dcd1a3ea16b3ee9c698c601000000: 0.001}
[state-dump] }
[state-dump] Backlog Size per scheduling descriptor :{workerId: num backlogs}:
[state-dump] 
[state-dump] Granted leases by scheduling class:
[state-dump] ==================================================
[state-dump] 
[state-dump] ClusterResources:
[state-dump] LocalObjectManager:
[state-dump] - num pinned objects: 0
[state-dump] - pinned objects size: 0
[state-dump] - num objects pending restore: 0
[state-dump] - num objects pending spill: 0
[state-dump] - num bytes pending spill: 0
[state-dump] - num bytes currently spilled: 0
[state-dump] - cumulative spill requests: 0
[state-dump] - cumulative restore requests: 0
[state-dump] - spilled objects pending delete: 0
[state-dump] 
[state-dump] ObjectManager:
[state-dump] - num local objects: 0
[state-dump] - num unfulfilled push requests: 0
[state-dump] - num object pull requests: 0
[state-dump] - num chunks received total: 0
[state-dump] - num chunks received failed (all): 0
[state-dump] - num chunks received failed / cancelled: 0
[state-dump] - num chunks received failed / plasma error: 0
[state-dump] Event stats:
[state-dump] Global stats: 0 total (0 active)
[state-dump] Queueing time: mean = -nanms, max = -0.00ms, min = 9223372036854.78ms, total = 0.00ms
[state-dump] Execution time:  mean = -nanms, total = 0.00ms
[state-dump] Event stats:
[state-dump] PushManager:
[state-dump] - num pushes remaining: 0
[state-dump] - num chunks in flight: 0
[state-dump] - num chunks remaining: 0
[state-dump] - max chunks allowed: 409
[state-dump] OwnershipBasedObjectDirectory:
[state-dump] - num listeners: 0
[state-dump] - cumulative location updates: 0
[state-dump] - num location updates per second: 0.000
[state-dump] - num location lookups per second: 0.000
[state-dump] - num locations added per second: 0.000
[state-dump] - num locations removed per second: 0.000
[state-dump] BufferPool:
[state-dump] - create buffer state map size: 0
[state-dump] PullManager:
[state-dump] - num bytes available for pulled objects: 4294967296
[state-dump] - num bytes being pulled (all): 0
[state-dump] - num bytes being pulled / pinned: 0
[state-dump] - get request bundles: BundlePullRequestQueue{0 total, 0 active, 0 inactive, 0 unpullable}
[state-dump] - wait request bundles: BundlePullRequestQueue{0 total, 0 active, 0 inactive, 0 unpullable}
[state-dump] - task request bundles: BundlePullRequestQueue{0 total, 0 active, 0 inactive, 0 unpullable}
[state-dump] - first get request bundle: N/A
[state-dump] - first wait request bundle: N/A
[state-dump] - first task request bundle: N/A
[state-dump] - num objects queued: 0
[state-dump] - num objects actively pulled (all): 0
[state-dump] - num objects actively pulled / pinned: 0
[state-dump] - num bundles being pulled: 0
[state-dump] - num pull retries: 0
[state-dump] - max timeout seconds: 0
[state-dump] - max timeout request is already processed. No entry.
[state-dump] 
[state-dump] WorkerPool:
[state-dump] - registered jobs: 1
[state-dump] - process_failed_job_config_missing: 0
[state-dump] - process_failed_rate_limited: 0
[state-dump] - process_failed_pending_registration: 0
[state-dump] - process_failed_runtime_env_setup_failed: 0
[state-dump] - num PYTHON workers: 1
[state-dump] - num PYTHON drivers: 0
[state-dump] - num PYTHON pending start requests: 0
[state-dump] - num PYTHON pending registration requests: 0
[state-dump] - num object spill callbacks queued: 0
[state-dump] - num object restore queued: 0
[state-dump] - num util functions queued: 0
[state-dump] - num idle workers: 0
[state-dump] LeaseDependencyManager:
[state-dump] - lease deps map size: 0
[state-dump] - get req map size: 0
[state-dump] - wait req map size: 0
[state-dump] - local objects map size: 0
[state-dump] WaitManager:
[state-dump] - num active wait requests: 0
[state-dump] Subscriber:
[state-dump] Channel WORKER_OBJECT_LOCATIONS_CHANNEL
[state-dump] - cumulative subscribe requests: 0
[state-dump] - cumulative unsubscribe requests: 0
[state-dump] - active subscribed publishers: 0
[state-dump] - cumulative published messages: 0
[state-dump] - cumulative processed messages: 0
[state-dump] Channel WORKER_REF_REMOVED_CHANNEL
[state-dump] - cumulative subscribe requests: 0
[state-dump] - cumulative unsubscribe requests: 0
[state-dump] - active subscribed publishers: 0
[state-dump] - cumulative published messages: 0
[state-dump] - cumulative processed messages: 0
[state-dump] num async plasma notifications: 0
[state-dump] Event stats:
[state-dump] Global stats: 28622 total (15 active)
[state-dump] Queueing time: mean = 1.09ms, max = 26285.89ms, min = -0.02ms, total = 31155.64ms
[state-dump] Execution time:  mean = 20.68ms, total = 591946.36ms
[state-dump] Event stats:
[state-dump] 	RaySyncer.BroadcastMessageIfNewVersion - 6598 total (1 active), Execution time: mean = 0.00ms, total = 8.88ms, Queueing time: mean = 0.04ms, max = 21.67ms, min = 0.00ms, total = 255.27ms
[state-dump] 	ObjectManager.UpdateAvailableMemory - 6598 total (0 active), Execution time: mean = 0.00ms, total = 4.50ms, Queueing time: mean = 0.01ms, max = 0.27ms, min = 0.00ms, total = 41.37ms
[state-dump] 	NodeManager.CheckGC - 6598 total (1 active), Execution time: mean = 0.00ms, total = 6.12ms, Queueing time: mean = 0.04ms, max = 21.67ms, min = -0.02ms, total = 258.29ms
[state-dump] 	RayletWorkerPool.deadline_timer.kill_idle_workers - 3300 total (1 active), Execution time: mean = 0.00ms, total = 4.72ms, Queueing time: mean = 0.02ms, max = 8.65ms, min = -0.01ms, total = 57.09ms
[state-dump] 	NodeManager.ScheduleAndGrantLeases - 661 total (1 active), Execution time: mean = 0.00ms, total = 2.58ms, Queueing time: mean = 0.01ms, max = 0.04ms, min = 0.00ms, total = 8.25ms
[state-dump] 	NodeManager.CheckForUnexpectedWorkerDisconnects - 661 total (1 active), Execution time: mean = 0.01ms, total = 3.66ms, Queueing time: mean = 0.01ms, max = 0.06ms, min = 0.00ms, total = 7.06ms
[state-dump] 	NodeManager.deadline_timer.flush_free_objects - 660 total (1 active), Execution time: mean = 0.00ms, total = 0.96ms, Queueing time: mean = 0.35ms, max = 22.99ms, min = 0.00ms, total = 233.46ms
[state-dump] 	NodeManagerService.grpc_server.GetResourceLoad - 660 total (0 active), Execution time: mean = 0.30ms, total = 195.34ms, Queueing time: mean = 0.00ms, max = -0.00ms, min = 9223372036854.78ms, total = 0.00ms
[state-dump] 	NodeManagerService.grpc_server.GetResourceLoad.HandleRequestImpl - 660 total (0 active), Execution time: mean = 0.07ms, total = 45.85ms, Queueing time: mean = 0.02ms, max = 0.18ms, min = 0.00ms, total = 11.62ms
[state-dump] 	NodeManager.deadline_timer.spill_objects_when_over_threshold - 660 total (1 active), Execution time: mean = 0.00ms, total = 0.82ms, Queueing time: mean = 0.35ms, max = 22.99ms, min = 0.00ms, total = 233.57ms
[state-dump] 	ClusterResourceManager.ResetRemoteNodeView - 221 total (1 active), Execution time: mean = 0.00ms, total = 0.52ms, Queueing time: mean = 0.01ms, max = 0.05ms, min = 0.00ms, total = 2.83ms
[state-dump] 	NodeManager.deadline_timer.record_metrics - 132 total (1 active), Execution time: mean = 0.21ms, total = 28.21ms, Queueing time: mean = 1.56ms, max = 22.88ms, min = 0.00ms, total = 206.05ms
[state-dump] 	NodeManagerService.grpc_server.GetAgentPIDs - 126 total (0 active), Execution time: mean = 0.25ms, total = 31.01ms, Queueing time: mean = 0.00ms, max = -0.00ms, min = 9223372036854.78ms, total = 0.00ms
[state-dump] 	NodeManagerService.grpc_server.GetWorkerPIDs - 126 total (0 active), Execution time: mean = 0.24ms, total = 30.40ms, Queueing time: mean = 0.00ms, max = -0.00ms, min = 9223372036854.78ms, total = 0.00ms
[state-dump] 	NodeManagerService.grpc_server.GetWorkerPIDs.HandleRequestImpl - 126 total (0 active), Execution time: mean = 0.02ms, total = 2.85ms, Queueing time: mean = 0.03ms, max = 1.27ms, min = 0.01ms, total = 3.43ms
[state-dump] 	NodeManagerService.grpc_server.GetAgentPIDs.HandleRequestImpl - 126 total (0 active), Execution time: mean = 0.02ms, total = 2.54ms, Queueing time: mean = 0.03ms, max = 0.10ms, min = 0.00ms, total = 3.36ms
[state-dump] 	event_loop_lag_probe - 68 total (0 active), Execution time: mean = 0.01ms, total = 0.66ms, Queueing time: mean = 0.11ms, max = 7.13ms, min = 0.00ms, total = 7.28ms
[state-dump] 	NodeManager.deadline_timer.debug_state_dump - 66 total (1 active), Execution time: mean = 3.53ms, total = 232.99ms, Queueing time: mean = 0.01ms, max = 0.04ms, min = 0.00ms, total = 0.94ms
[state-dump] 	ClientConnection.async_read.ProcessMessageHeader - 45 total (1 active), Execution time: mean = 0.00ms, total = 0.15ms, Queueing time: mean = 616.87ms, max = 26285.89ms, min = 0.01ms, total = 27759.10ms
[state-dump] 	NodeManagerService.grpc_server.GetNodeStats - 44 total (0 active), Execution time: mean = 0.96ms, total = 42.32ms, Queueing time: mean = 0.00ms, max = -0.00ms, min = 9223372036854.78ms, total = 0.00ms
[state-dump] 	NodeManagerService.grpc_server.GetNodeStats.HandleRequestImpl - 44 total (0 active), Execution time: mean = 0.16ms, total = 7.13ms, Queueing time: mean = 0.02ms, max = 0.04ms, min = 0.00ms, total = 0.78ms
[state-dump] 	ClientConnection.async_read.ProcessMessage - 44 total (0 active), Execution time: mean = 0.84ms, total = 36.97ms, Queueing time: mean = 0.16ms, max = 2.97ms, min = 0.00ms, total = 6.99ms
[state-dump] 	CoreWorkerService.grpc_client.GetCoreWorkerStats - 39 total (0 active), Execution time: mean = 0.80ms, total = 31.01ms, Queueing time: mean = 0.00ms, max = -0.00ms, min = 9223372036854.78ms, total = 0.00ms
[state-dump] 	CoreWorkerService.grpc_client.GetCoreWorkerStats.OnReplyReceived - 39 total (0 active), Execution time: mean = 0.04ms, total = 1.49ms, Queueing time: mean = 0.02ms, max = 0.03ms, min = 0.01ms, total = 0.70ms
[state-dump] 	RaySyncer.BroadcastMessage - 35 total (0 active), Execution time: mean = 0.06ms, total = 2.16ms, Queueing time: mean = 0.00ms, max = 0.00ms, min = 0.00ms, total = 0.01ms
[state-dump] 	 - 34 total (0 active), Execution time: mean = 0.07ms, total = 2.53ms, Queueing time: mean = 0.11ms, max = 3.28ms, min = 0.00ms, total = 3.86ms
[state-dump] 	Subscriber.HandlePublishedMessage_GCS_WORKER_DELTA_CHANNEL - 32 total (0 active), Execution time: mean = 0.00ms, total = 0.03ms, Queueing time: mean = 0.09ms, max = 0.26ms, min = 0.03ms, total = 2.85ms
[state-dump] 	ray::rpc::ControlPlanePubSubGcsService.grpc_client.GcsSubscriberPoll - 15 total (1 active), Execution time: mean = 39100.91ms, total = 586513.67ms, Queueing time: mean = 0.00ms, max = -0.00ms, min = 9223372036854.78ms, total = 0.00ms
[state-dump] 	ray::rpc::ControlPlanePubSubGcsService.grpc_client.GcsSubscriberPoll.OnReplyReceived - 14 total (0 active), Execution time: mean = 0.08ms, total = 1.17ms, Queueing time: mean = 1.13ms, max = 12.66ms, min = 0.00ms, total = 15.82ms
[state-dump] 	PeriodicalRunner.RunFnPeriodically - 13 total (0 active), Execution time: mean = 0.08ms, total = 1.01ms, Queueing time: mean = 144.77ms, max = 625.93ms, min = 0.02ms, total = 1882.07ms
[state-dump] 	ray::rpc::NodeInfoGcsService.grpc_client.CheckAlive.OnReplyReceived - 11 total (0 active), Execution time: mean = 0.02ms, total = 0.25ms, Queueing time: mean = 0.02ms, max = 0.02ms, min = 0.01ms, total = 0.17ms
[state-dump] 	NodeManager.deadline_timer.print_event_loop_stats - 11 total (1 active, 1 running), Execution time: mean = 2.59ms, total = 28.53ms, Queueing time: mean = 0.01ms, max = 0.02ms, min = 0.01ms, total = 0.14ms
[state-dump] 	NodeManager.GcsCheckAlive - 11 total (1 active), Execution time: mean = 0.17ms, total = 1.84ms, Queueing time: mean = 2.45ms, max = 11.53ms, min = 0.41ms, total = 26.93ms
[state-dump] 	ray::rpc::NodeInfoGcsService.grpc_client.CheckAlive - 11 total (0 active), Execution time: mean = 0.77ms, total = 8.50ms, Queueing time: mean = 0.00ms, max = -0.00ms, min = 9223372036854.78ms, total = 0.00ms
[state-dump] 	NodeManagerService.grpc_server.GetSystemConfig.HandleRequestImpl - 9 total (0 active), Execution time: mean = 0.02ms, total = 0.14ms, Queueing time: mean = 0.02ms, max = 0.03ms, min = 0.00ms, total = 0.16ms
[state-dump] 	ObjectManager.ObjectDeleted - 9 total (0 active), Execution time: mean = 0.01ms, total = 0.06ms, Queueing time: mean = 0.01ms, max = 0.01ms, min = 0.01ms, total = 0.10ms
[state-dump] 	ClientConnection.async_write.DoAsyncWrites - 9 total (0 active), Execution time: mean = 0.00ms, total = 0.01ms, Queueing time: mean = 0.01ms, max = 0.03ms, min = 0.01ms, total = 0.13ms
[state-dump] 	NodeManagerService.grpc_server.GetSystemConfig - 9 total (0 active), Execution time: mean = 0.24ms, total = 2.13ms, Queueing time: mean = 0.00ms, max = -0.00ms, min = 9223372036854.78ms, total = 0.00ms
[state-dump] 	NodeManagerService.grpc_server.RequestWorkerLease - 9 total (0 active), Execution time: mean = 369.13ms, total = 3322.19ms, Queueing time: mean = 0.00ms, max = -0.00ms, min = 9223372036854.78ms, total = 0.00ms
[state-dump] 	ObjectManager.ObjectAdded - 9 total (0 active), Execution time: mean = 0.01ms, total = 0.09ms, Queueing time: mean = 0.01ms, max = 0.01ms, min = 0.01ms, total = 0.08ms
[state-dump] 	NodeManagerService.grpc_server.RequestWorkerLease.HandleRequestImpl - 9 total (0 active), Execution time: mean = 3.19ms, total = 28.71ms, Queueing time: mean = 12.35ms, max = 25.54ms, min = 0.02ms, total = 111.14ms
[state-dump] 	ray::rpc::WorkerInfoGcsService.grpc_client.ReportWorkerFailure - 8 total (0 active), Execution time: mean = 1.55ms, total = 12.39ms, Queueing time: mean = 0.00ms, max = -0.00ms, min = 9223372036854.78ms, total = 0.00ms
[state-dump] 	NodeManagerService.grpc_server.KillLocalActor.HandleRequestImpl - 8 total (0 active), Execution time: mean = 0.16ms, total = 1.24ms, Queueing time: mean = 0.36ms, max = 0.46ms, min = 0.01ms, total = 2.87ms
[state-dump] 	CoreWorkerService.grpc_client.KillActor.OnReplyReceived - 8 total (0 active), Execution time: mean = 0.06ms, total = 0.47ms, Queueing time: mean = 0.00ms, max = 0.00ms, min = 0.00ms, total = 0.03ms
[state-dump] 	CoreWorkerService.grpc_client.KillActor - 8 total (0 active), Execution time: mean = 32.59ms, total = 260.73ms, Queueing time: mean = 0.00ms, max = -0.00ms, min = 9223372036854.78ms, total = 0.00ms
[state-dump] 	NodeManagerService.grpc_server.KillLocalActor - 8 total (0 active), Execution time: mean = 33.11ms, total = 264.91ms, Queueing time: mean = 0.00ms, max = -0.00ms, min = 9223372036854.78ms, total = 0.00ms
[state-dump] 	ray::rpc::WorkerInfoGcsService.grpc_client.ReportWorkerFailure.OnReplyReceived - 8 total (0 active), Execution time: mean = 0.01ms, total = 0.08ms, Queueing time: mean = 1.38ms, max = 2.84ms, min = 0.01ms, total = 11.02ms
[state-dump] 	RaySyncerRegister - 2 total (0 active), Execution time: mean = 0.00ms, total = 0.00ms, Queueing time: mean = 0.00ms, max = 0.00ms, min = 0.00ms, total = 0.00ms
[state-dump] 	ray::rpc::ControlPlanePubSubGcsService.grpc_client.GcsSubscriberCommandBatch.OnReplyReceived - 2 total (0 active), Execution time: mean = 0.04ms, total = 0.08ms, Queueing time: mean = 0.21ms, max = 0.25ms, min = 0.16ms, total = 0.41ms
[state-dump] 	ray::rpc::ControlPlanePubSubGcsService.grpc_client.GcsSubscriberCommandBatch - 2 total (0 active), Execution time: mean = 0.73ms, total = 1.46ms, Queueing time: mean = 0.00ms, max = -0.00ms, min = 9223372036854.78ms, total = 0.00ms
[state-dump] 	NodeManagerService.grpc_server.CommitBundleResources.HandleRequestImpl - 1 total (0 active), Execution time: mean = 1.15ms, total = 1.15ms, Queueing time: mean = 0.03ms, max = 0.03ms, min = 0.03ms, total = 0.03ms
[state-dump] 	ray::rpc::JobInfoGcsService.grpc_client.GetAllJobInfo - 1 total (0 active), Execution time: mean = 0.56ms, total = 0.56ms, Queueing time: mean = 0.00ms, max = -0.00ms, min = 9223372036854.78ms, total = 0.00ms
[state-dump] 	NodeManagerService.grpc_server.CommitBundleResources - 1 total (0 active), Execution time: mean = 1.41ms, total = 1.41ms, Queueing time: mean = 0.00ms, max = -0.00ms, min = 9223372036854.78ms, total = 0.00ms
[state-dump] 	ray::rpc::NodeInfoGcsService.grpc_client.RegisterNode.OnReplyReceived - 1 total (0 active), Execution time: mean = 0.39ms, total = 0.39ms, Queueing time: mean = 0.01ms, max = 0.01ms, min = 0.01ms, total = 0.01ms
[state-dump] 	ray::rpc::NodeInfoGcsService.grpc_client.GetAllNodeAddressAndLiveness.OnReplyReceived - 1 total (0 active), Execution time: mean = 0.16ms, total = 0.16ms, Queueing time: mean = 0.01ms, max = 0.01ms, min = 0.01ms, total = 0.01ms
[state-dump] 	ray::rpc::NodeInfoGcsService.grpc_client.GetAllNodeAddressAndLiveness - 1 total (0 active), Execution time: mean = 0.70ms, total = 0.70ms, Queueing time: mean = 0.00ms, max = -0.00ms, min = 9223372036854.78ms, total = 0.00ms
[state-dump] 	NodeManager.GCTaskFailureReason - 1 total (1 active), Execution time: mean = 0.00ms, total = 0.00ms, Queueing time: mean = 0.00ms, max = -0.00ms, min = 9223372036854.78ms, total = 0.00ms
[state-dump] 	ray::rpc::InternalKVGcsService.grpc_client.GetInternalConfig.OnReplyReceived - 1 total (0 active), Execution time: mean = 629.71ms, total = 629.71ms, Queueing time: mean = 0.01ms, max = 0.01ms, min = 0.01ms, total = 0.01ms
[state-dump] 	ray::rpc::NodeInfoGcsService.grpc_client.RegisterNode - 1 total (0 active), Execution time: mean = 1.17ms, total = 1.17ms, Queueing time: mean = 0.00ms, max = -0.00ms, min = 9223372036854.78ms, total = 0.00ms
[state-dump] 	NodeManagerService.grpc_server.PrepareBundleResources - 1 total (0 active), Execution time: mean = 1.10ms, total = 1.10ms, Queueing time: mean = 0.00ms, max = -0.00ms, min = 9223372036854.78ms, total = 0.00ms
[state-dump] 	Subscriber.HandlePublishedMessage_GCS_JOB_CHANNEL - 1 total (0 active), Execution time: mean = 0.04ms, total = 0.04ms, Queueing time: mean = 0.30ms, max = 0.30ms, min = 0.30ms, total = 0.30ms
[state-dump] 	ray::rpc::JobInfoGcsService.grpc_client.GetAllJobInfo.OnReplyReceived - 1 total (0 active), Execution time: mean = 0.01ms, total = 0.01ms, Queueing time: mean = 0.02ms, max = 0.02ms, min = 0.02ms, total = 0.02ms
[state-dump] 	ReporterService.grpc_client.HealthCheck.OnReplyReceived - 1 total (0 active), Execution time: mean = 0.15ms, total = 0.15ms, Queueing time: mean = 0.02ms, max = 0.02ms, min = 0.02ms, total = 0.02ms
[state-dump] 	ray::rpc::InternalKVGcsService.grpc_client.GetInternalConfig - 1 total (0 active), Execution time: mean = 0.83ms, total = 0.83ms, Queueing time: mean = 0.00ms, max = -0.00ms, min = 9223372036854.78ms, total = 0.00ms
[state-dump] 	ReporterService.grpc_client.HealthCheck - 1 total (0 active), Execution time: mean = 132.11ms, total = 132.11ms, Queueing time: mean = 0.00ms, max = -0.00ms, min = 9223372036854.78ms, total = 0.00ms
[state-dump] 	NodeManagerService.grpc_server.PrepareBundleResources.HandleRequestImpl - 1 total (0 active), Execution time: mean = 0.84ms, total = 0.84ms, Queueing time: mean = 0.03ms, max = 0.03ms, min = 0.03ms, total = 0.03ms
[state-dump] DebugString() time ms: 0
[state-dump] 
[state-dump] 
[2026-09-04 01:09:40,844 I 79 102] (raylet) store.cc:573: Plasma store debug dump: 
Current usage: 0 / 4.29497 GB
- num bytes created total: 72
0 pending objects of total size 0MB
- objects spillable: 0
- bytes spillable: 0
- objects unsealed: 0
- bytes unsealed: 0
- objects in use: 0
- bytes in use: 0
- objects evictable: 0
- bytes evictable: 0

- objects created by worker: 0
- bytes created by worker: 0
- objects restored: 0
- bytes restored: 0
- objects received: 0
- bytes received: 0
- objects errored: 0
- bytes errored: 0

[2026-09-04 01:09:41,504 I 79 79] (raylet) node_manager.cc:486: [state-dump] NodeManager:
[state-dump] Node ID: 82dfc8c23c51709b77aaa7de2deacf9d421699bfcaad6b6cc4f66c59
[state-dump] Node name: 10.244.180.242
[state-dump] InitialConfigResources: {node:10.244.180.242: 1, object_store_memory: 4.29497e+09, GPU: 8, CPU: 64, accelerator_type:B200: 1, memory: 3.24185e+12}
[state-dump] ClusterLeaseManager:
[state-dump] ========== Node: 82dfc8c23c51709b77aaa7de2deacf9d421699bfcaad6b6cc4f66c59 =================
[state-dump] Infeasible queue length: 0
[state-dump] Schedule queue length: 0
[state-dump] Grant queue length: 0
[state-dump] num_waiting_for_resource: 0
[state-dump] num_waiting_for_plasma_memory: 0
[state-dump] num_waiting_for_remote_node_resources: 0
[state-dump] num_worker_not_started_by_job_config_not_exist: 0
[state-dump] num_worker_not_started_by_registration_timeout: 0
[state-dump] num_tasks_waiting_for_workers: 0
[state-dump] num_cancelled_leases: 0
[state-dump] cluster_resource_scheduler state: 
[state-dump] Local id: -8170265163178445639 Local resources: {"total":{node:10.244.180.242: [10000], GPU_group_19_41b56c6dcd1a3ea16b3ee9c698c601000000: [0, 0, 10000, 0, 0, 0, 0, 0], CPU: [640000], GPU_group_24_41b56c6dcd1a3ea16b3ee9c698c601000000: [0, 0, 0, 0, 0, 0, 0, 10000], CPU_group_19_41b56c6dcd1a3ea16b3ee9c698c601000000: [10000], GPU_group_23_41b56c6dcd1a3ea16b3ee9c698c601000000: [0, 0, 0, 0, 0, 0, 10000, 0], bundle_group_22_41b56c6dcd1a3ea16b3ee9c698c601000000: [10000000], GPU_group_17_41b56c6dcd1a3ea16b3ee9c698c601000000: [10000, 0, 0, 0, 0, 0, 0, 0], accelerator_type:B200: [10000], bundle_group_18_41b56c6dcd1a3ea16b3ee9c698c601000000: [10000000], CPU_group_17_41b56c6dcd1a3ea16b3ee9c698c601000000: [10000], memory: [32418475745280000], object_store_memory: [42949672960000], GPU_group_18_41b56c6dcd1a3ea16b3ee9c698c601000000: [0, 10000, 0, 0, 0, 0, 0, 0], CPU_group_41b56c6dcd1a3ea16b3ee9c698c601000000: [80000], bundle_group_41b56c6dcd1a3ea16b3ee9c698c601000000: [80000000], bundle_group_17_41b56c6dcd1a3ea16b3ee9c698c601000000: [10000000], CPU_group_20_41b56c6dcd1a3ea16b3ee9c698c601000000: [10000], GPU_group_20_41b56c6dcd1a3ea16b3ee9c698c601000000: [0, 0, 0, 10000, 0, 0, 0, 0], bundle_group_19_41b56c6dcd1a3ea16b3ee9c698c601000000: [10000000], bundle_group_23_41b56c6dcd1a3ea16b3ee9c698c601000000: [10000000], CPU_group_24_41b56c6dcd1a3ea16b3ee9c698c601000000: [10000], CPU_group_22_41b56c6dcd1a3ea16b3ee9c698c601000000: [10000], GPU_group_22_41b56c6dcd1a3ea16b3ee9c698c601000000: [0, 0, 0, 0, 0, 10000, 0, 0], CPU_group_23_41b56c6dcd1a3ea16b3ee9c698c601000000: [10000], CPU_group_21_41b56c6dcd1a3ea16b3ee9c698c601000000: [10000], GPU: [10000, 10000, 10000, 10000, 10000, 10000, 10000, 10000], bundle_group_21_41b56c6dcd1a3ea16b3ee9c698c601000000: [10000000], bundle_group_24_41b56c6dcd1a3ea16b3ee9c698c601000000: [10000000], GPU_group_41b56c6dcd1a3ea16b3ee9c698c601000000: [10000, 10000, 10000, 10000, 10000, 10000, 10000, 10000], GPU_group_21_41b56c6dcd1a3ea16b3ee9c698c601000000: [0, 0, 0, 0, 10000, 0, 0, 0], CPU_group_18_41b56c6dcd1a3ea16b3ee9c698c601000000: [10000], bundle_group_20_41b56c6dcd1a3ea16b3ee9c698c601000000: [10000000]}, "available": {GPU_group_19_41b56c6dcd1a3ea16b3ee9c698c601000000: [0, 0, 10000, 0, 0, 0, 0, 0], node:10.244.180.242: [10000], GPU_group_17_41b56c6dcd1a3ea16b3ee9c698c601000000: [8000, 0, 0, 0, 0, 0, 0, 0], bundle_group_22_41b56c6dcd1a3ea16b3ee9c698c601000000: [10000000], accelerator_type:B200: [10000], CPU_group_19_41b56c6dcd1a3ea16b3ee9c698c601000000: [10000], GPU_group_23_41b56c6dcd1a3ea16b3ee9c698c601000000: [0, 0, 0, 0, 0, 0, 10000, 0], bundle_group_18_41b56c6dcd1a3ea16b3ee9c698c601000000: [10000000], CPU: [560000], GPU_group_24_41b56c6dcd1a3ea16b3ee9c698c601000000: [0, 0, 0, 0, 0, 0, 0, 10000], memory: [32418475745280000], CPU_group_17_41b56c6dcd1a3ea16b3ee9c698c601000000: [8000], CPU_group_24_41b56c6dcd1a3ea16b3ee9c698c601000000: [10000], GPU_group_18_41b56c6dcd1a3ea16b3ee9c698c601000000: [0, 10000, 0, 0, 0, 0, 0, 0], object_store_memory: [42949672960000], GPU_group_20_41b56c6dcd1a3ea16b3ee9c698c601000000: [0, 0, 0, 10000, 0, 0, 0, 0], CPU_group_20_41b56c6dcd1a3ea16b3ee9c698c601000000: [10000], bundle_group_23_41b56c6dcd1a3ea16b3ee9c698c601000000: [10000000], bundle_group_41b56c6dcd1a3ea16b3ee9c698c601000000: [79999990], bundle_group_17_41b56c6dcd1a3ea16b3ee9c698c601000000: [9999990], CPU_group_21_41b56c6dcd1a3ea16b3ee9c698c601000000: [10000], CPU_group_41b56c6dcd1a3ea16b3ee9c698c601000000: [78000], GPU_group_22_41b56c6dcd1a3ea16b3ee9c698c601000000: [0, 0, 0, 0, 0, 10000, 0, 0], bundle_group_19_41b56c6dcd1a3ea16b3ee9c698c601000000: [10000000], CPU_group_23_41b56c6dcd1a3ea16b3ee9c698c601000000: [10000], CPU_group_22_41b56c6dcd1a3ea16b3ee9c698c601000000: [10000], GPU_group_41b56c6dcd1a3ea16b3ee9c698c601000000: [8000, 10000, 10000, 10000, 10000, 10000, 10000, 10000], bundle_group_21_41b56c6dcd1a3ea16b3ee9c698c601000000: [10000000], GPU: [0, 0, 0, 0, 0, 0, 0, 0], bundle_group_24_41b56c6dcd1a3ea16b3ee9c698c601000000: [10000000], bundle_group_20_41b56c6dcd1a3ea16b3ee9c698c601000000: [10000000], CPU_group_18_41b56c6dcd1a3ea16b3ee9c698c601000000: [10000], GPU_group_21_41b56c6dcd1a3ea16b3ee9c698c601000000: [0, 0, 0, 0, 10000, 0, 0, 0]}, "labels":{"ray.io/node-id":"82dfc8c23c51709b77aaa7de2deacf9d421699bfcaad6b6cc4f66c59","ray.io/accelerator-type":"B200"}} is_draining: 0 is_idle: 0 Cluster resources (at most 20 nodes are shown): node id: -8170265163178445639{"total":{GPU: 80000, bundle_group_24_41b56c6dcd1a3ea16b3ee9c698c601000000: 10000000, GPU_group_17_41b56c6dcd1a3ea16b3ee9c698c601000000: 10000, bundle_group_18_41b56c6dcd1a3ea16b3ee9c698c601000000: 10000000, bundle_group_22_41b56c6dcd1a3ea16b3ee9c698c601000000: 10000000, GPU_group_24_41b56c6dcd1a3ea16b3ee9c698c601000000: 10000, CPU: 640000, CPU_group_19_41b56c6dcd1a3ea16b3ee9c698c601000000: 10000, GPU_group_23_41b56c6dcd1a3ea16b3ee9c698c601000000: 10000, accelerator_type:B200: 10000, GPU_group_19_41b56c6dcd1a3ea16b3ee9c698c601000000: 10000, node:10.244.180.242: 10000, GPU_group_18_41b56c6dcd1a3ea16b3ee9c698c601000000: 10000, CPU_group_24_41b56c6dcd1a3ea16b3ee9c698c601000000: 10000, object_store_memory: 42949672960000, memory: 32418475745280000, CPU_group_17_41b56c6dcd1a3ea16b3ee9c698c601000000: 10000, GPU_group_22_41b56c6dcd1a3ea16b3ee9c698c601000000: 10000, CPU_group_23_41b56c6dcd1a3ea16b3ee9c698c601000000: 10000, CPU_group_21_41b56c6dcd1a3ea16b3ee9c698c601000000: 10000, CPU_group_22_41b56c6dcd1a3ea16b3ee9c698c601000000: 10000, GPU_group_20_41b56c6dcd1a3ea16b3ee9c698c601000000: 10000, CPU_group_41b56c6dcd1a3ea16b3ee9c698c601000000: 80000, bundle_group_41b56c6dcd1a3ea16b3ee9c698c601000000: 80000000, bundle_group_23_41b56c6dcd1a3ea16b3ee9c698c601000000: 10000000, CPU_group_20_41b56c6dcd1a3ea16b3ee9c698c601000000: 10000, bundle_group_17_41b56c6dcd1a3ea16b3ee9c698c601000000: 10000000, bundle_group_19_41b56c6dcd1a3ea16b3ee9c698c601000000: 10000000, bundle_group_20_41b56c6dcd1a3ea16b3ee9c698c601000000: 10000000, GPU_group_21_41b56c6dcd1a3ea16b3ee9c698c601000000: 10000, CPU_group_18_41b56c6dcd1a3ea16b3ee9c698c601000000: 10000, bundle_group_21_41b56c6dcd1a3ea16b3ee9c698c601000000: 10000000, GPU_group_41b56c6dcd1a3ea16b3ee9c698c601000000: 80000}, "available": {bundle_group_22_41b56c6dcd1a3ea16b3ee9c698c601000000: 10000000, bundle_group_18_41b56c6dcd1a3ea16b3ee9c698c601000000: 10000000, bundle_group_24_41b56c6dcd1a3ea16b3ee9c698c601000000: 10000000, bundle_group_21_41b56c6dcd1a3ea16b3ee9c698c601000000: 10000000, GPU_group_41b56c6dcd1a3ea16b3ee9c698c601000000: 78000, GPU_group_21_41b56c6dcd1a3ea16b3ee9c698c601000000: 10000, CPU_group_18_41b56c6dcd1a3ea16b3ee9c698c601000000: 10000, bundle_group_20_41b56c6dcd1a3ea16b3ee9c698c601000000: 10000000, CPU_group_41b56c6dcd1a3ea16b3ee9c698c601000000: 78000, bundle_group_17_41b56c6dcd1a3ea16b3ee9c698c601000000: 9999990, bundle_group_23_41b56c6dcd1a3ea16b3ee9c698c601000000: 10000000, CPU_group_20_41b56c6dcd1a3ea16b3ee9c698c601000000: 10000, bundle_group_19_41b56c6dcd1a3ea16b3ee9c698c601000000: 10000000, GPU_group_20_41b56c6dcd1a3ea16b3ee9c698c601000000: 10000, bundle_group_41b56c6dcd1a3ea16b3ee9c698c601000000: 79999990, CPU_group_22_41b56c6dcd1a3ea16b3ee9c698c601000000: 10000, GPU_group_22_41b56c6dcd1a3ea16b3ee9c698c601000000: 10000, CPU_group_23_41b56c6dcd1a3ea16b3ee9c698c601000000: 10000, CPU_group_21_41b56c6dcd1a3ea16b3ee9c698c601000000: 10000, CPU_group_17_41b56c6dcd1a3ea16b3ee9c698c601000000: 8000, memory: 32418475745280000, object_store_memory: 42949672960000, CPU_group_24_41b56c6dcd1a3ea16b3ee9c698c601000000: 10000, GPU_group_18_41b56c6dcd1a3ea16b3ee9c698c601000000: 10000, node:10.244.180.242: 10000, GPU_group_19_41b56c6dcd1a3ea16b3ee9c698c601000000: 10000, GPU_group_24_41b56c6dcd1a3ea16b3ee9c698c601000000: 10000, CPU: 560000, CPU_group_19_41b56c6dcd1a3ea16b3ee9c698c601000000: 10000, accelerator_type:B200: 10000, GPU_group_23_41b56c6dcd1a3ea16b3ee9c698c601000000: 10000, GPU_group_17_41b56c6dcd1a3ea16b3ee9c698c601000000: 8000}, "labels":{"ray.io/node-id":"82dfc8c23c51709b77aaa7de2deacf9d421699bfcaad6b6cc4f66c59","ray.io/accelerator-type":"B200"}, "is_draining": 0, "draining_deadline_timestamp_ms": -1}node id: -1351780445297854484{"total":{bundle_group_14_41b56c6dcd1a3ea16b3ee9c698c601000000: 10000000, bundle_group_0_41b56c6dcd1a3ea16b3ee9c698c601000000: 10000000, bundle_group_13_41b56c6dcd1a3ea16b3ee9c698c601000000: 10000000, GPU_group_0_41b56c6dcd1a3ea16b3ee9c698c601000000: 10000, CPU_group_41b56c6dcd1a3ea16b3ee9c698c601000000: 80000, bundle_group_41b56c6dcd1a3ea16b3ee9c698c601000000: 80000000, CPU_group_10_41b56c6dcd1a3ea16b3ee9c698c601000000: 10000, CPU_group_11_41b56c6dcd1a3ea16b3ee9c698c601000000: 10000, CPU_group_13_41b56c6dcd1a3ea16b3ee9c698c601000000: 10000, GPU_group_12_41b56c6dcd1a3ea16b3ee9c698c601000000: 10000, bundle_group_9_41b56c6dcd1a3ea16b3ee9c698c601000000: 10000000, GPU_group_15_41b56c6dcd1a3ea16b3ee9c698c601000000: 10000, GPU_group_41b56c6dcd1a3ea16b3ee9c698c601000000: 80000, GPU: 80000, bundle_group_12_41b56c6dcd1a3ea16b3ee9c698c601000000: 10000000, CPU_group_12_41b56c6dcd1a3ea16b3ee9c698c601000000: 10000, CPU_group_15_41b56c6dcd1a3ea16b3ee9c698c601000000: 10000, GPU_group_13_41b56c6dcd1a3ea16b3ee9c698c601000000: 10000, GPU_group_11_41b56c6dcd1a3ea16b3ee9c698c601000000: 10000, bundle_group_10_41b56c6dcd1a3ea16b3ee9c698c601000000: 10000000, bundle_group_11_41b56c6dcd1a3ea16b3ee9c698c601000000: 10000000, CPU_group_0_41b56c6dcd1a3ea16b3ee9c698c601000000: 10000, accelerator_type:B200: 10000, CPU: 640000, memory: 32418477711360000, node:10.244.218.62: 10000, bundle_group_15_41b56c6dcd1a3ea16b3ee9c698c601000000: 10000000, GPU_group_10_41b56c6dcd1a3ea16b3ee9c698c601000000: 10000, object_store_memory: 42949672960000, CPU_group_9_41b56c6dcd1a3ea16b3ee9c698c601000000: 10000, GPU_group_9_41b56c6dcd1a3ea16b3ee9c698c601000000: 10000, GPU_group_14_41b56c6dcd1a3ea16b3ee9c698c601000000: 10000, CPU_group_14_41b56c6dcd1a3ea16b3ee9c698c601000000: 10000}, "available": {GPU_group_41b56c6dcd1a3ea16b3ee9c698c601000000: 78000, CPU_group_12_41b56c6dcd1a3ea16b3ee9c698c601000000: 10000, bundle_group_12_41b56c6dcd1a3ea16b3ee9c698c601000000: 10000000, GPU_group_13_41b56c6dcd1a3ea16b3ee9c698c601000000: 10000, CPU_group_15_41b56c6dcd1a3ea16b3ee9c698c601000000: 10000, bundle_group_0_41b56c6dcd1a3ea16b3ee9c698c601000000: 9999990, CPU_group_10_41b56c6dcd1a3ea16b3ee9c698c601000000: 10000, CPU_group_41b56c6dcd1a3ea16b3ee9c698c601000000: 78000, CPU_group_11_41b56c6dcd1a3ea16b3ee9c698c601000000: 10000, GPU_group_12_41b56c6dcd1a3ea16b3ee9c698c601000000: 10000, CPU_group_13_41b56c6dcd1a3ea16b3ee9c698c601000000: 10000, bundle_group_41b56c6dcd1a3ea16b3ee9c698c601000000: 79999990, GPU_group_15_41b56c6dcd1a3ea16b3ee9c698c601000000: 10000, bundle_group_9_41b56c6dcd1a3ea16b3ee9c698c601000000: 10000000, node:10.244.218.62: 10000, memory: 32418477711360000, object_store_memory: 42949672960000, CPU_group_9_41b56c6dcd1a3ea16b3ee9c698c601000000: 10000, bundle_group_15_41b56c6dcd1a3ea16b3ee9c698c601000000: 10000000, bundle_group_14_41b56c6dcd1a3ea16b3ee9c698c601000000: 10000000, GPU_group_0_41b56c6dcd1a3ea16b3ee9c698c601000000: 8000, GPU_group_14_41b56c6dcd1a3ea16b3ee9c698c601000000: 10000, CPU_group_14_41b56c6dcd1a3ea16b3ee9c698c601000000: 10000, GPU_group_9_41b56c6dcd1a3ea16b3ee9c698c601000000: 10000, bundle_group_13_41b56c6dcd1a3ea16b3ee9c698c601000000: 10000000, GPU_group_10_41b56c6dcd1a3ea16b3ee9c698c601000000: 10000, bundle_group_10_41b56c6dcd1a3ea16b3ee9c698c601000000: 10000000, GPU_group_11_41b56c6dcd1a3ea16b3ee9c698c601000000: 10000, CPU_group_0_41b56c6dcd1a3ea16b3ee9c698c601000000: 8000, bundle_group_11_41b56c6dcd1a3ea16b3ee9c698c601000000: 10000000, accelerator_type:B200: 10000, CPU: 560000}, "labels":{"ray.io/accelerator-type":"B200","ray.io/node-id":"90dc8450878fe5de358e116e0b8657e06554d0d69bbf5603e4880a55"}, "is_draining": 0, "draining_deadline_timestamp_ms": -1}node id: 4273633132855142460{"total":{bundle_group_41b56c6dcd1a3ea16b3ee9c698c601000000: 80000000, bundle_group_7_41b56c6dcd1a3ea16b3ee9c698c601000000: 10000000, CPU_group_5_41b56c6dcd1a3ea16b3ee9c698c601000000: 10000, CPU_group_4_41b56c6dcd1a3ea16b3ee9c698c601000000: 10000, CPU_group_41b56c6dcd1a3ea16b3ee9c698c601000000: 80000, bundle_group_1_41b56c6dcd1a3ea16b3ee9c698c601000000: 10000000, GPU_group_4_41b56c6dcd1a3ea16b3ee9c698c601000000: 10000, GPU_group_7_41b56c6dcd1a3ea16b3ee9c698c601000000: 10000, GPU_group_1_41b56c6dcd1a3ea16b3ee9c698c601000000: 10000, CPU_group_2_41b56c6dcd1a3ea16b3ee9c698c601000000: 10000, bundle_group_3_41b56c6dcd1a3ea16b3ee9c698c601000000: 10000000, node:10.244.13.18: 10000, GPU_group_41b56c6dcd1a3ea16b3ee9c698c601000000: 80000, CPU_group_6_41b56c6dcd1a3ea16b3ee9c698c601000000: 10000, CPU_group_3_41b56c6dcd1a3ea16b3ee9c698c601000000: 10000, GPU: 80000, CPU_group_7_41b56c6dcd1a3ea16b3ee9c698c601000000: 10000, bundle_group_8_41b56c6dcd1a3ea16b3ee9c698c601000000: 10000000, CPU_group_8_41b56c6dcd1a3ea16b3ee9c698c601000000: 10000, GPU_group_8_41b56c6dcd1a3ea16b3ee9c698c601000000: 10000, bundle_group_6_41b56c6dcd1a3ea16b3ee9c698c601000000: 10000000, accelerator_type:B200: 10000, CPU: 640000, GPU_group_3_41b56c6dcd1a3ea16b3ee9c698c601000000: 10000, CPU_group_1_41b56c6dcd1a3ea16b3ee9c698c601000000: 10000, bundle_group_5_41b56c6dcd1a3ea16b3ee9c698c601000000: 10000000, memory: 32418533744640000, GPU_group_2_41b56c6dcd1a3ea16b3ee9c698c601000000: 10000, GPU_group_6_41b56c6dcd1a3ea16b3ee9c698c601000000: 10000, bundle_group_4_41b56c6dcd1a3ea16b3ee9c698c601000000: 10000000, GPU_group_5_41b56c6dcd1a3ea16b3ee9c698c601000000: 10000, object_store_memory: 42949672960000, bundle_group_2_41b56c6dcd1a3ea16b3ee9c698c601000000: 10000000}, "available": {bundle_group_7_41b56c6dcd1a3ea16b3ee9c698c601000000: 9999980, CPU_group_41b56c6dcd1a3ea16b3ee9c698c601000000: 16000, CPU_group_5_41b56c6dcd1a3ea16b3ee9c698c601000000: 2000, bundle_group_1_41b56c6dcd1a3ea16b3ee9c698c601000000: 9999980, bundle_group_41b56c6dcd1a3ea16b3ee9c698c601000000: 79999840, CPU_group_4_41b56c6dcd1a3ea16b3ee9c698c601000000: 2000, GPU_group_4_41b56c6dcd1a3ea16b3ee9c698c601000000: 2000, GPU_group_7_41b56c6dcd1a3ea16b3ee9c698c601000000: 2000, GPU_group_1_41b56c6dcd1a3ea16b3ee9c698c601000000: 2000, CPU_group_2_41b56c6dcd1a3ea16b3ee9c698c601000000: 2000, bundle_group_3_41b56c6dcd1a3ea16b3ee9c698c601000000: 9999980, node:10.244.13.18: 10000, GPU_group_41b56c6dcd1a3ea16b3ee9c698c601000000: 16000, CPU_group_6_41b56c6dcd1a3ea16b3ee9c698c601000000: 2000, CPU_group_3_41b56c6dcd1a3ea16b3ee9c698c601000000: 2000, CPU_group_7_41b56c6dcd1a3ea16b3ee9c698c601000000: 2000, bundle_group_8_41b56c6dcd1a3ea16b3ee9c698c601000000: 9999980, GPU_group_8_41b56c6dcd1a3ea16b3ee9c698c601000000: 2000, CPU_group_8_41b56c6dcd1a3ea16b3ee9c698c601000000: 2000, bundle_group_6_41b56c6dcd1a3ea16b3ee9c698c601000000: 9999980, accelerator_type:B200: 10000, CPU: 560000, GPU_group_3_41b56c6dcd1a3ea16b3ee9c698c601000000: 2000, CPU_group_1_41b56c6dcd1a3ea16b3ee9c698c601000000: 2000, bundle_group_5_41b56c6dcd1a3ea16b3ee9c698c601000000: 9999980, memory: 32418533744640000, GPU_group_2_41b56c6dcd1a3ea16b3ee9c698c601000000: 2000, GPU_group_6_41b56c6dcd1a3ea16b3ee9c698c601000000: 2000, bundle_group_4_41b56c6dcd1a3ea16b3ee9c698c601000000: 9999980, GPU_group_5_41b56c6dcd1a3ea16b3ee9c698c601000000: 2000, object_store_memory: 42948599840000, bundle_group_2_41b56c6dcd1a3ea16b3ee9c698c601000000: 9999980}, "labels":{"ray.io/node-id":"4296a17b2364b071e4782261814dd77feed7cb4e5a4de14ab32d253a","ray.io/accelerator-type":"B200"}, "is_draining": 0, "draining_deadline_timestamp_ms": -1}node id: -7973918255608480324{"total":{CPU_group_26_41b56c6dcd1a3ea16b3ee9c698c601000000: 10000, CPU_group_27_41b56c6dcd1a3ea16b3ee9c698c601000000: 10000, bundle_group_30_41b56c6dcd1a3ea16b3ee9c698c601000000: 10000000, GPU: 80000, GPU_group_41b56c6dcd1a3ea16b3ee9c698c601000000: 80000, bundle_group_28_41b56c6dcd1a3ea16b3ee9c698c601000000: 10000000, CPU_group_31_41b56c6dcd1a3ea16b3ee9c698c601000000: 10000, node:__internal_head__: 10000, GPU_group_27_41b56c6dcd1a3ea16b3ee9c698c601000000: 10000, GPU_group_16_41b56c6dcd1a3ea16b3ee9c698c601000000: 10000, bundle_group_41b56c6dcd1a3ea16b3ee9c698c601000000: 80000000, CPU_group_41b56c6dcd1a3ea16b3ee9c698c601000000: 80000, bundle_group_29_41b56c6dcd1a3ea16b3ee9c698c601000000: 10000000, bundle_group_27_41b56c6dcd1a3ea16b3ee9c698c601000000: 10000000, object_store_memory: 42949672960000, GPU_group_26_41b56c6dcd1a3ea16b3ee9c698c601000000: 10000, node:10.244.18.139: 10000, GPU_group_25_41b56c6dcd1a3ea16b3ee9c698c601000000: 10000, CPU_group_16_41b56c6dcd1a3ea16b3ee9c698c601000000: 10000, GPU_group_31_41b56c6dcd1a3ea16b3ee9c698c601000000: 10000, CPU_group_28_41b56c6dcd1a3ea16b3ee9c698c601000000: 10000, memory: 32397589872640000, bundle_group_16_41b56c6dcd1a3ea16b3ee9c698c601000000: 10000000, GPU_group_30_41b56c6dcd1a3ea16b3ee9c698c601000000: 10000, CPU: 640000, bundle_group_26_41b56c6dcd1a3ea16b3ee9c698c601000000: 10000000, bundle_group_31_41b56c6dcd1a3ea16b3ee9c698c601000000: 10000000, accelerator_type:B200: 10000, CPU_group_30_41b56c6dcd1a3ea16b3ee9c698c601000000: 10000, CPU_group_29_41b56c6dcd1a3ea16b3ee9c698c601000000: 10000, GPU_group_28_41b56c6dcd1a3ea16b3ee9c698c601000000: 10000, CPU_group_25_41b56c6dcd1a3ea16b3ee9c698c601000000: 10000, GPU_group_29_41b56c6dcd1a3ea16b3ee9c698c601000000: 10000, bundle_group_25_41b56c6dcd1a3ea16b3ee9c698c601000000: 10000000}, "available": {CPU_group_26_41b56c6dcd1a3ea16b3ee9c698c601000000: 2000, CPU_group_27_41b56c6dcd1a3ea16b3ee9c698c601000000: 2000, bundle_group_30_41b56c6dcd1a3ea16b3ee9c698c601000000: 9999980, bundle_group_28_41b56c6dcd1a3ea16b3ee9c698c601000000: 9999980, GPU_group_41b56c6dcd1a3ea16b3ee9c698c601000000: 16000, node:__internal_head__: 10000, CPU_group_31_41b56c6dcd1a3ea16b3ee9c698c601000000: 2000, GPU_group_27_41b56c6dcd1a3ea16b3ee9c698c601000000: 2000, CPU_group_41b56c6dcd1a3ea16b3ee9c698c601000000: 16000, GPU_group_16_41b56c6dcd1a3ea16b3ee9c698c601000000: 2000, bundle_group_41b56c6dcd1a3ea16b3ee9c698c601000000: 79999840, bundle_group_29_41b56c6dcd1a3ea16b3ee9c698c601000000: 9999980, bundle_group_27_41b56c6dcd1a3ea16b3ee9c698c601000000: 9999980, object_store_memory: 42943101610000, GPU_group_26_41b56c6dcd1a3ea16b3ee9c698c601000000: 2000, node:10.244.18.139: 10000, GPU_group_25_41b56c6dcd1a3ea16b3ee9c698c601000000: 2000, CPU_group_16_41b56c6dcd1a3ea16b3ee9c698c601000000: 2000, GPU_group_31_41b56c6dcd1a3ea16b3ee9c698c601000000: 2000, memory: 32397589872640000, CPU_group_28_41b56c6dcd1a3ea16b3ee9c698c601000000: 2000, bundle_group_16_41b56c6dcd1a3ea16b3ee9c698c601000000: 9999980, CPU: 540000, GPU_group_30_41b56c6dcd1a3ea16b3ee9c698c601000000: 2000, bundle_group_31_41b56c6dcd1a3ea16b3ee9c698c601000000: 9999980, bundle_group_26_41b56c6dcd1a3ea16b3ee9c698c601000000: 9999980, accelerator_type:B200: 10000, CPU_group_30_41b56c6dcd1a3ea16b3ee9c698c601000000: 2000, CPU_group_25_41b56c6dcd1a3ea16b3ee9c698c601000000: 2000, CPU_group_29_41b56c6dcd1a3ea16b3ee9c698c601000000: 2000, GPU_group_29_41b56c6dcd1a3ea16b3ee9c698c601000000: 2000, GPU_group_28_41b56c6dcd1a3ea16b3ee9c698c601000000: 2000, bundle_group_25_41b56c6dcd1a3ea16b3ee9c698c601000000: 9999980}, "labels":{"ray.io/node-id":"11215b0011fac4845f8eecab7d85f57fc12c4efc1ad3dce06ebdc204","ray.io/accelerator-type":"B200"}, "is_draining": 0, "draining_deadline_timestamp_ms": -1} { "placement group locations": [], "node to bundles": []}
[state-dump] Waiting leases size: 0
[state-dump] Number of granted lease arguments: 0
[state-dump] Number of pinned lease arguments: 0
[state-dump] Total size of pinned lease arguments: 0
[state-dump] Number of total spilled leases: 0
[state-dump] Number of spilled waiting leases: 0
[state-dump] Number of spilled unschedulable leases: 0
[state-dump] Resource usage {
[state-dump]     - (language=PYTHON actor_or_taskSGLangEngine.__init__ pid=858 worker_id=650a17a0e0c4cd2270b368052022e6d017baf108cd0e6d39cfd281fe): {bundle_group_41b56c6dcd1a3ea16b3ee9c698c601000000: 0.001, GPU_group_41b56c6dcd1a3ea16b3ee9c698c601000000: 0.2, GPU_group_17_41b56c6dcd1a3ea16b3ee9c698c601000000: 0.2, CPU_group_41b56c6dcd1a3ea16b3ee9c698c601000000: 0.2, CPU_group_17_41b56c6dcd1a3ea16b3ee9c698c601000000: 0.2, bundle_group_17_41b56c6dcd1a3ea16b3ee9c698c601000000: 0.001}
[state-dump] }
[state-dump] Backlog Size per scheduling descriptor :{workerId: num backlogs}:
[state-dump] 
[state-dump] Granted leases by scheduling class:
[state-dump] ==================================================
[state-dump] 
[state-dump] ClusterResources:
[state-dump] LocalObjectManager:
[state-dump] - num pinned objects: 0
[state-dump] - pinned objects size: 0
[state-dump] - num objects pending restore: 0
[state-dump] - num objects pending spill: 0
[state-dump] - num bytes pending spill: 0
[state-dump] - num bytes currently spilled: 0
[state-dump] - cumulative spill requests: 0
[state-dump] - cumulative restore requests: 0
[state-dump] - spilled objects pending delete: 0
[state-dump] 
[state-dump] ObjectManager:
[state-dump] - num local objects: 0
[state-dump] - num unfulfilled push requests: 0
[state-dump] - num object pull requests: 0
[state-dump] - num chunks received total: 0
[state-dump] - num chunks received failed (all): 0
[state-dump] - num chunks received failed / cancelled: 0
[state-dump] - num chunks received failed / plasma error: 0
[state-dump] Event stats:
[state-dump] Global stats: 0 total (0 active)
[state-dump] Queueing time: mean = -nanms, max = -0.00ms, min = 9223372036854.78ms, total = 0.00ms
[state-dump] Execution time:  mean = -nanms, total = 0.00ms
[state-dump] Event stats:
[state-dump] PushManager:
[state-dump] - num pushes remaining: 0
[state-dump] - num chunks in flight: 0
[state-dump] - num chunks remaining: 0
[state-dump] - max chunks allowed: 409
[state-dump] OwnershipBasedObjectDirectory:
[state-dump] - num listeners: 0
[state-dump] - cumulative location updates: 0
[state-dump] - num location updates per second: 0.000
[state-dump] - num location lookups per second: 0.000
[state-dump] - num locations added per second: 0.000
[state-dump] - num locations removed per second: 0.000
[state-dump] BufferPool:
[state-dump] - create buffer state map size: 0
[state-dump] PullManager:
[state-dump] - num bytes available for pulled objects: 4294967296
[state-dump] - num bytes being pulled (all): 0
[state-dump] - num bytes being pulled / pinned: 0
[state-dump] - get request bundles: BundlePullRequestQueue{0 total, 0 active, 0 inactive, 0 unpullable}
[state-dump] - wait request bundles: BundlePullRequestQueue{0 total, 0 active, 0 inactive, 0 unpullable}
[state-dump] - task request bundles: BundlePullRequestQueue{0 total, 0 active, 0 inactive, 0 unpullable}
[state-dump] - first get request bundle: N/A
[state-dump] - first wait request bundle: N/A
[state-dump] - first task request bundle: N/A
[state-dump] - num objects queued: 0
[state-dump] - num objects actively pulled (all): 0
[state-dump] - num objects actively pulled / pinned: 0
[state-dump] - num bundles being pulled: 0
[state-dump] - num pull retries: 0
[state-dump] - max timeout seconds: 0
[state-dump] - max timeout request is already processed. No entry.
[state-dump] 
[state-dump] WorkerPool:
[state-dump] - registered jobs: 1
[state-dump] - process_failed_job_config_missing: 0
[state-dump] - process_failed_rate_limited: 0
[state-dump] - process_failed_pending_registration: 0
[state-dump] - process_failed_runtime_env_setup_failed: 0
[state-dump] - num PYTHON workers: 1
[state-dump] - num PYTHON drivers: 0
[state-dump] - num PYTHON pending start requests: 0
[state-dump] - num PYTHON pending registration requests: 0
[state-dump] - num object spill callbacks queued: 0
[state-dump] - num object restore queued: 0
[state-dump] - num util functions queued: 0
[state-dump] - num idle workers: 0
[state-dump] LeaseDependencyManager:
[state-dump] - lease deps map size: 0
[state-dump] - get req map size: 0
[state-dump] - wait req map size: 0
[state-dump] - local objects map size: 0
[state-dump] WaitManager:
[state-dump] - num active wait requests: 0
[state-dump] Subscriber:
[state-dump] Channel WORKER_OBJECT_LOCATIONS_CHANNEL
[state-dump] - cumulative subscribe requests: 0
[state-dump] - cumulative unsubscribe requests: 0
[state-dump] - active subscribed publishers: 0
[state-dump] - cumulative published messages: 0
[state-dump] - cumulative processed messages: 0
[state-dump] Channel WORKER_REF_REMOVED_CHANNEL
[state-dump] - cumulative subscribe requests: 0
[state-dump] - cumulative unsubscribe requests: 0
[state-dump] - active subscribed publishers: 0
[state-dump] - cumulative published messages: 0
[state-dump] - cumulative processed messages: 0
[state-dump] num async plasma notifications: 0
[state-dump] Event stats:
[state-dump] Global stats: 31196 total (15 active)
[state-dump] Queueing time: mean = 1.00ms, max = 26285.89ms, min = -0.02ms, total = 31194.52ms
[state-dump] Execution time:  mean = 18.98ms, total = 591994.61ms
[state-dump] Event stats:
[state-dump] 	RaySyncer.BroadcastMessageIfNewVersion - 7198 total (1 active), Execution time: mean = 0.00ms, total = 9.44ms, Queueing time: mean = 0.04ms, max = 21.67ms, min = 0.00ms, total = 263.26ms
[state-dump] 	ObjectManager.UpdateAvailableMemory - 7198 total (0 active), Execution time: mean = 0.00ms, total = 4.86ms, Queueing time: mean = 0.01ms, max = 0.27ms, min = 0.00ms, total = 44.18ms
[state-dump] 	NodeManager.CheckGC - 7198 total (1 active), Execution time: mean = 0.00ms, total = 6.71ms, Queueing time: mean = 0.04ms, max = 21.67ms, min = -0.02ms, total = 266.35ms
[state-dump] 	RayletWorkerPool.deadline_timer.kill_idle_workers - 3600 total (1 active), Execution time: mean = 0.00ms, total = 5.11ms, Queueing time: mean = 0.02ms, max = 8.65ms, min = -0.01ms, total = 60.99ms
[state-dump] 	NodeManager.ScheduleAndGrantLeases - 721 total (1 active), Execution time: mean = 0.00ms, total = 2.73ms, Queueing time: mean = 0.01ms, max = 0.05ms, min = 0.00ms, total = 9.10ms
[state-dump] 	NodeManager.CheckForUnexpectedWorkerDisconnects - 721 total (1 active), Execution time: mean = 0.01ms, total = 3.91ms, Queueing time: mean = 0.01ms, max = 0.06ms, min = 0.00ms, total = 7.80ms
[state-dump] 	NodeManager.deadline_timer.flush_free_objects - 720 total (1 active), Execution time: mean = 0.00ms, total = 1.01ms, Queueing time: mean = 0.33ms, max = 22.99ms, min = 0.00ms, total = 238.36ms
[state-dump] 	NodeManagerService.grpc_server.GetResourceLoad - 720 total (0 active), Execution time: mean = 0.30ms, total = 212.87ms, Queueing time: mean = 0.00ms, max = -0.00ms, min = 9223372036854.78ms, total = 0.00ms
[state-dump] 	NodeManagerService.grpc_server.GetResourceLoad.HandleRequestImpl - 720 total (0 active), Execution time: mean = 0.07ms, total = 49.75ms, Queueing time: mean = 0.02ms, max = 0.18ms, min = 0.00ms, total = 12.96ms
[state-dump] 	NodeManager.deadline_timer.spill_objects_when_over_threshold - 720 total (1 active), Execution time: mean = 0.00ms, total = 0.88ms, Queueing time: mean = 0.33ms, max = 22.99ms, min = 0.00ms, total = 238.46ms
[state-dump] 	ClusterResourceManager.ResetRemoteNodeView - 241 total (1 active), Execution time: mean = 0.00ms, total = 0.56ms, Queueing time: mean = 0.01ms, max = 0.05ms, min = 0.00ms, total = 3.09ms
[state-dump] 	NodeManager.deadline_timer.record_metrics - 144 total (1 active), Execution time: mean = 0.22ms, total = 31.45ms, Queueing time: mean = 1.44ms, max = 22.88ms, min = 0.00ms, total = 207.74ms
[state-dump] 	NodeManagerService.grpc_server.GetAgentPIDs - 137 total (0 active), Execution time: mean = 0.25ms, total = 33.82ms, Queueing time: mean = 0.00ms, max = -0.00ms, min = 9223372036854.78ms, total = 0.00ms
[state-dump] 	NodeManagerService.grpc_server.GetWorkerPIDs - 137 total (0 active), Execution time: mean = 0.24ms, total = 33.10ms, Queueing time: mean = 0.00ms, max = -0.00ms, min = 9223372036854.78ms, total = 0.00ms
[state-dump] 	NodeManagerService.grpc_server.GetWorkerPIDs.HandleRequestImpl - 137 total (0 active), Execution time: mean = 0.02ms, total = 3.12ms, Queueing time: mean = 0.03ms, max = 1.27ms, min = 0.01ms, total = 3.66ms
[state-dump] 	NodeManagerService.grpc_server.GetAgentPIDs.HandleRequestImpl - 137 total (0 active), Execution time: mean = 0.02ms, total = 2.66ms, Queueing time: mean = 0.03ms, max = 0.10ms, min = 0.00ms, total = 3.69ms
[state-dump] 	event_loop_lag_probe - 74 total (0 active), Execution time: mean = 0.01ms, total = 0.72ms, Queueing time: mean = 0.10ms, max = 7.13ms, min = 0.00ms, total = 7.30ms
[state-dump] 	NodeManager.deadline_timer.debug_state_dump - 72 total (1 active), Execution time: mean = 3.30ms, total = 237.54ms, Queueing time: mean = 0.01ms, max = 0.04ms, min = 0.00ms, total = 1.03ms
[state-dump] 	NodeManagerService.grpc_server.GetNodeStats - 48 total (0 active), Execution time: mean = 0.97ms, total = 46.58ms, Queueing time: mean = 0.00ms, max = -0.00ms, min = 9223372036854.78ms, total = 0.00ms
[state-dump] 	NodeManagerService.grpc_server.GetNodeStats.HandleRequestImpl - 48 total (0 active), Execution time: mean = 0.17ms, total = 7.95ms, Queueing time: mean = 0.02ms, max = 0.04ms, min = 0.00ms, total = 0.88ms
[state-dump] 	ClientConnection.async_read.ProcessMessageHeader - 45 total (1 active), Execution time: mean = 0.00ms, total = 0.15ms, Queueing time: mean = 616.87ms, max = 26285.89ms, min = 0.01ms, total = 27759.10ms
[state-dump] 	ClientConnection.async_read.ProcessMessage - 44 total (0 active), Execution time: mean = 0.84ms, total = 36.97ms, Queueing time: mean = 0.16ms, max = 2.97ms, min = 0.00ms, total = 6.99ms
[state-dump] 	CoreWorkerService.grpc_client.GetCoreWorkerStats - 43 total (0 active), Execution time: mean = 0.80ms, total = 34.32ms, Queueing time: mean = 0.00ms, max = -0.00ms, min = 9223372036854.78ms, total = 0.00ms
[state-dump] 	CoreWorkerService.grpc_client.GetCoreWorkerStats.OnReplyReceived - 43 total (0 active), Execution time: mean = 0.04ms, total = 1.67ms, Queueing time: mean = 0.02ms, max = 0.03ms, min = 0.01ms, total = 0.78ms
[state-dump] 	RaySyncer.BroadcastMessage - 38 total (0 active), Execution time: mean = 0.06ms, total = 2.36ms, Queueing time: mean = 0.00ms, max = 0.00ms, min = 0.00ms, total = 0.01ms
[state-dump] 	 - 37 total (0 active), Execution time: mean = 0.08ms, total = 2.88ms, Queueing time: mean = 0.11ms, max = 3.28ms, min = 0.00ms, total = 3.90ms
[state-dump] 	Subscriber.HandlePublishedMessage_GCS_WORKER_DELTA_CHANNEL - 32 total (0 active), Execution time: mean = 0.00ms, total = 0.03ms, Queueing time: mean = 0.09ms, max = 0.26ms, min = 0.03ms, total = 2.85ms
[state-dump] 	ray::rpc::ControlPlanePubSubGcsService.grpc_client.GcsSubscriberPoll - 15 total (1 active), Execution time: mean = 39100.91ms, total = 586513.67ms, Queueing time: mean = 0.00ms, max = -0.00ms, min = 9223372036854.78ms, total = 0.00ms
[state-dump] 	ray::rpc::ControlPlanePubSubGcsService.grpc_client.GcsSubscriberPoll.OnReplyReceived - 14 total (0 active), Execution time: mean = 0.08ms, total = 1.17ms, Queueing time: mean = 1.13ms, max = 12.66ms, min = 0.00ms, total = 15.82ms
[state-dump] 	PeriodicalRunner.RunFnPeriodically - 13 total (0 active), Execution time: mean = 0.08ms, total = 1.01ms, Queueing time: mean = 144.77ms, max = 625.93ms, min = 0.02ms, total = 1882.07ms
[state-dump] 	ray::rpc::NodeInfoGcsService.grpc_client.CheckAlive.OnReplyReceived - 12 total (0 active), Execution time: mean = 0.02ms, total = 0.28ms, Queueing time: mean = 0.02ms, max = 0.02ms, min = 0.01ms, total = 0.18ms
[state-dump] 	NodeManager.deadline_timer.print_event_loop_stats - 12 total (1 active, 1 running), Execution time: mean = 2.44ms, total = 29.24ms, Queueing time: mean = 0.01ms, max = 0.02ms, min = 0.01ms, total = 0.15ms
[state-dump] 	NodeManager.GcsCheckAlive - 12 total (1 active), Execution time: mean = 0.16ms, total = 1.98ms, Queueing time: mean = 2.29ms, max = 11.53ms, min = 0.41ms, total = 27.46ms
[state-dump] 	ray::rpc::NodeInfoGcsService.grpc_client.CheckAlive - 12 total (0 active), Execution time: mean = 0.76ms, total = 9.12ms, Queueing time: mean = 0.00ms, max = -0.00ms, min = 9223372036854.78ms, total = 0.00ms
[state-dump] 	NodeManagerService.grpc_server.GetSystemConfig.HandleRequestImpl - 9 total (0 active), Execution time: mean = 0.02ms, total = 0.14ms, Queueing time: mean = 0.02ms, max = 0.03ms, min = 0.00ms, total = 0.16ms
[state-dump] 	ObjectManager.ObjectDeleted - 9 total (0 active), Execution time: mean = 0.01ms, total = 0.06ms, Queueing time: mean = 0.01ms, max = 0.01ms, min = 0.01ms, total = 0.10ms
[state-dump] 	ClientConnection.async_write.DoAsyncWrites - 9 total (0 active), Execution time: mean = 0.00ms, total = 0.01ms, Queueing time: mean = 0.01ms, max = 0.03ms, min = 0.01ms, total = 0.13ms
[state-dump] 	NodeManagerService.grpc_server.GetSystemConfig - 9 total (0 active), Execution time: mean = 0.24ms, total = 2.13ms, Queueing time: mean = 0.00ms, max = -0.00ms, min = 9223372036854.78ms, total = 0.00ms
[state-dump] 	NodeManagerService.grpc_server.RequestWorkerLease - 9 total (0 active), Execution time: mean = 369.13ms, total = 3322.19ms, Queueing time: mean = 0.00ms, max = -0.00ms, min = 9223372036854.78ms, total = 0.00ms
[state-dump] 	ObjectManager.ObjectAdded - 9 total (0 active), Execution time: mean = 0.01ms, total = 0.09ms, Queueing time: mean = 0.01ms, max = 0.01ms, min = 0.01ms, total = 0.08ms
[state-dump] 	NodeManagerService.grpc_server.RequestWorkerLease.HandleRequestImpl - 9 total (0 active), Execution time: mean = 3.19ms, total = 28.71ms, Queueing time: mean = 12.35ms, max = 25.54ms, min = 0.02ms, total = 111.14ms
[state-dump] 	ray::rpc::WorkerInfoGcsService.grpc_client.ReportWorkerFailure - 8 total (0 active), Execution time: mean = 1.55ms, total = 12.39ms, Queueing time: mean = 0.00ms, max = -0.00ms, min = 9223372036854.78ms, total = 0.00ms
[state-dump] 	NodeManagerService.grpc_server.KillLocalActor.HandleRequestImpl - 8 total (0 active), Execution time: mean = 0.16ms, total = 1.24ms, Queueing time: mean = 0.36ms, max = 0.46ms, min = 0.01ms, total = 2.87ms
[state-dump] 	CoreWorkerService.grpc_client.KillActor.OnReplyReceived - 8 total (0 active), Execution time: mean = 0.06ms, total = 0.47ms, Queueing time: mean = 0.00ms, max = 0.00ms, min = 0.00ms, total = 0.03ms
[state-dump] 	CoreWorkerService.grpc_client.KillActor - 8 total (0 active), Execution time: mean = 32.59ms, total = 260.73ms, Queueing time: mean = 0.00ms, max = -0.00ms, min = 9223372036854.78ms, total = 0.00ms
[state-dump] 	NodeManagerService.grpc_server.KillLocalActor - 8 total (0 active), Execution time: mean = 33.11ms, total = 264.91ms, Queueing time: mean = 0.00ms, max = -0.00ms, min = 9223372036854.78ms, total = 0.00ms
[state-dump] 	ray::rpc::WorkerInfoGcsService.grpc_client.ReportWorkerFailure.OnReplyReceived - 8 total (0 active), Execution time: mean = 0.01ms, total = 0.08ms, Queueing time: mean = 1.38ms, max = 2.84ms, min = 0.01ms, total = 11.02ms
[state-dump] 	RaySyncerRegister - 2 total (0 active), Execution time: mean = 0.00ms, total = 0.00ms, Queueing time: mean = 0.00ms, max = 0.00ms, min = 0.00ms, total = 0.00ms
[state-dump] 	ray::rpc::ControlPlanePubSubGcsService.grpc_client.GcsSubscriberCommandBatch.OnReplyReceived - 2 total (0 active), Execution time: mean = 0.04ms, total = 0.08ms, Queueing time: mean = 0.21ms, max = 0.25ms, min = 0.16ms, total = 0.41ms
[state-dump] 	ray::rpc::ControlPlanePubSubGcsService.grpc_client.GcsSubscriberCommandBatch - 2 total (0 active), Execution time: mean = 0.73ms, total = 1.46ms, Queueing time: mean = 0.00ms, max = -0.00ms, min = 9223372036854.78ms, total = 0.00ms
[state-dump] 	NodeManagerService.grpc_server.CommitBundleResources.HandleRequestImpl - 1 total (0 active), Execution time: mean = 1.15ms, total = 1.15ms, Queueing time: mean = 0.03ms, max = 0.03ms, min = 0.03ms, total = 0.03ms
[state-dump] 	ray::rpc::JobInfoGcsService.grpc_client.GetAllJobInfo - 1 total (0 active), Execution time: mean = 0.56ms, total = 0.56ms, Queueing time: mean = 0.00ms, max = -0.00ms, min = 9223372036854.78ms, total = 0.00ms
[state-dump] 	NodeManagerService.grpc_server.CommitBundleResources - 1 total (0 active), Execution time: mean = 1.41ms, total = 1.41ms, Queueing time: mean = 0.00ms, max = -0.00ms, min = 9223372036854.78ms, total = 0.00ms
[state-dump] 	ray::rpc::NodeInfoGcsService.grpc_client.RegisterNode.OnReplyReceived - 1 total (0 active), Execution time: mean = 0.39ms, total = 0.39ms, Queueing time: mean = 0.01ms, max = 0.01ms, min = 0.01ms, total = 0.01ms
[state-dump] 	ray::rpc::NodeInfoGcsService.grpc_client.GetAllNodeAddressAndLiveness.OnReplyReceived - 1 total (0 active), Execution time: mean = 0.16ms, total = 0.16ms, Queueing time: mean = 0.01ms, max = 0.01ms, min = 0.01ms, total = 0.01ms
[state-dump] 	ray::rpc::NodeInfoGcsService.grpc_client.GetAllNodeAddressAndLiveness - 1 total (0 active), Execution time: mean = 0.70ms, total = 0.70ms, Queueing time: mean = 0.00ms, max = -0.00ms, min = 9223372036854.78ms, total = 0.00ms
[state-dump] 	NodeManager.GCTaskFailureReason - 1 total (1 active), Execution time: mean = 0.00ms, total = 0.00ms, Queueing time: mean = 0.00ms, max = -0.00ms, min = 9223372036854.78ms, total = 0.00ms
[state-dump] 	ray::rpc::InternalKVGcsService.grpc_client.GetInternalConfig.OnReplyReceived - 1 total (0 active), Execution time: mean = 629.71ms, total = 629.71ms, Queueing time: mean = 0.01ms, max = 0.01ms, min = 0.01ms, total = 0.01ms
[state-dump] 	ray::rpc::NodeInfoGcsService.grpc_client.RegisterNode - 1 total (0 active), Execution time: mean = 1.17ms, total = 1.17ms, Queueing time: mean = 0.00ms, max = -0.00ms, min = 9223372036854.78ms, total = 0.00ms
[state-dump] 	NodeManagerService.grpc_server.PrepareBundleResources - 1 total (0 active), Execution time: mean = 1.10ms, total = 1.10ms, Queueing time: mean = 0.00ms, max = -0.00ms, min = 9223372036854.78ms, total = 0.00ms
[state-dump] 	Subscriber.HandlePublishedMessage_GCS_JOB_CHANNEL - 1 total (0 active), Execution time: mean = 0.04ms, total = 0.04ms, Queueing time: mean = 0.30ms, max = 0.30ms, min = 0.30ms, total = 0.30ms
[state-dump] 	ray::rpc::JobInfoGcsService.grpc_client.GetAllJobInfo.OnReplyReceived - 1 total (0 active), Execution time: mean = 0.01ms, total = 0.01ms, Queueing time: mean = 0.02ms, max = 0.02ms, min = 0.02ms, total = 0.02ms
[state-dump] 	ReporterService.grpc_client.HealthCheck.OnReplyReceived - 1 total (0 active), Execution time: mean = 0.15ms, total = 0.15ms, Queueing time: mean = 0.02ms, max = 0.02ms, min = 0.02ms, total = 0.02ms
[state-dump] 	ray::rpc::InternalKVGcsService.grpc_client.GetInternalConfig - 1 total (0 active), Execution time: mean = 0.83ms, total = 0.83ms, Queueing time: mean = 0.00ms, max = -0.00ms, min = 9223372036854.78ms, total = 0.00ms
[state-dump] 	ReporterService.grpc_client.HealthCheck - 1 total (0 active), Execution time: mean = 132.11ms, total = 132.11ms, Queueing time: mean = 0.00ms, max = -0.00ms, min = 9223372036854.78ms, total = 0.00ms
[state-dump] 	NodeManagerService.grpc_server.PrepareBundleResources.HandleRequestImpl - 1 total (0 active), Execution time: mean = 0.84ms, total = 0.84ms, Queueing time: mean = 0.03ms, max = 0.03ms, min = 0.03ms, total = 0.03ms
[state-dump] DebugString() time ms: 0
[state-dump] 
[state-dump] 
[2026-09-04 01:10:40,844 I 79 102] (raylet) store.cc:573: Plasma store debug dump: 
Current usage: 0 / 4.29497 GB
- num bytes created total: 72
0 pending objects of total size 0MB
- objects spillable: 0
- bytes spillable: 0
- objects unsealed: 0
- bytes unsealed: 0
- objects in use: 0
- bytes in use: 0
- objects evictable: 0
- bytes evictable: 0

- objects created by worker: 0
- bytes created by worker: 0
- objects restored: 0
- bytes restored: 0
- objects received: 0
- bytes received: 0
- objects errored: 0
- bytes errored: 0

[2026-09-04 01:10:41,505 I 79 79] (raylet) node_manager.cc:486: [state-dump] NodeManager:
[state-dump] Node ID: 82dfc8c23c51709b77aaa7de2deacf9d421699bfcaad6b6cc4f66c59
[state-dump] Node name: 10.244.180.242
[state-dump] InitialConfigResources: {node:10.244.180.242: 1, object_store_memory: 4.29497e+09, GPU: 8, CPU: 64, accelerator_type:B200: 1, memory: 3.24185e+12}
[state-dump] ClusterLeaseManager:
[state-dump] ========== Node: 82dfc8c23c51709b77aaa7de2deacf9d421699bfcaad6b6cc4f66c59 =================
[state-dump] Infeasible queue length: 0
[state-dump] Schedule queue length: 0
[state-dump] Grant queue length: 0
[state-dump] num_waiting_for_resource: 0
[state-dump] num_waiting_for_plasma_memory: 0
[state-dump] num_waiting_for_remote_node_resources: 0
[state-dump] num_worker_not_started_by_job_config_not_exist: 0
[state-dump] num_worker_not_started_by_registration_timeout: 0
[state-dump] num_tasks_waiting_for_workers: 0
[state-dump] num_cancelled_leases: 0
[state-dump] cluster_resource_scheduler state: 
[state-dump] Local id: -8170265163178445639 Local resources: {"total":{node:10.244.180.242: [10000], GPU_group_19_41b56c6dcd1a3ea16b3ee9c698c601000000: [0, 0, 10000, 0, 0, 0, 0, 0], CPU: [640000], GPU_group_24_41b56c6dcd1a3ea16b3ee9c698c601000000: [0, 0, 0, 0, 0, 0, 0, 10000], CPU_group_19_41b56c6dcd1a3ea16b3ee9c698c601000000: [10000], GPU_group_23_41b56c6dcd1a3ea16b3ee9c698c601000000: [0, 0, 0, 0, 0, 0, 10000, 0], bundle_group_22_41b56c6dcd1a3ea16b3ee9c698c601000000: [10000000], GPU_group_17_41b56c6dcd1a3ea16b3ee9c698c601000000: [10000, 0, 0, 0, 0, 0, 0, 0], accelerator_type:B200: [10000], bundle_group_18_41b56c6dcd1a3ea16b3ee9c698c601000000: [10000000], CPU_group_17_41b56c6dcd1a3ea16b3ee9c698c601000000: [10000], memory: [32418475745280000], object_store_memory: [42949672960000], GPU_group_18_41b56c6dcd1a3ea16b3ee9c698c601000000: [0, 10000, 0, 0, 0, 0, 0, 0], CPU_group_41b56c6dcd1a3ea16b3ee9c698c601000000: [80000], bundle_group_41b56c6dcd1a3ea16b3ee9c698c601000000: [80000000], bundle_group_17_41b56c6dcd1a3ea16b3ee9c698c601000000: [10000000], CPU_group_20_41b56c6dcd1a3ea16b3ee9c698c601000000: [10000], GPU_group_20_41b56c6dcd1a3ea16b3ee9c698c601000000: [0, 0, 0, 10000, 0, 0, 0, 0], bundle_group_19_41b56c6dcd1a3ea16b3ee9c698c601000000: [10000000], bundle_group_23_41b56c6dcd1a3ea16b3ee9c698c601000000: [10000000], CPU_group_24_41b56c6dcd1a3ea16b3ee9c698c601000000: [10000], CPU_group_22_41b56c6dcd1a3ea16b3ee9c698c601000000: [10000], GPU_group_22_41b56c6dcd1a3ea16b3ee9c698c601000000: [0, 0, 0, 0, 0, 10000, 0, 0], CPU_group_23_41b56c6dcd1a3ea16b3ee9c698c601000000: [10000], CPU_group_21_41b56c6dcd1a3ea16b3ee9c698c601000000: [10000], GPU: [10000, 10000, 10000, 10000, 10000, 10000, 10000, 10000], bundle_group_21_41b56c6dcd1a3ea16b3ee9c698c601000000: [10000000], bundle_group_24_41b56c6dcd1a3ea16b3ee9c698c601000000: [10000000], GPU_group_41b56c6dcd1a3ea16b3ee9c698c601000000: [10000, 10000, 10000, 10000, 10000, 10000, 10000, 10000], GPU_group_21_41b56c6dcd1a3ea16b3ee9c698c601000000: [0, 0, 0, 0, 10000, 0, 0, 0], CPU_group_18_41b56c6dcd1a3ea16b3ee9c698c601000000: [10000], bundle_group_20_41b56c6dcd1a3ea16b3ee9c698c601000000: [10000000]}, "available": {GPU_group_19_41b56c6dcd1a3ea16b3ee9c698c601000000: [0, 0, 10000, 0, 0, 0, 0, 0], node:10.244.180.242: [10000], GPU_group_17_41b56c6dcd1a3ea16b3ee9c698c601000000: [8000, 0, 0, 0, 0, 0, 0, 0], bundle_group_22_41b56c6dcd1a3ea16b3ee9c698c601000000: [10000000], accelerator_type:B200: [10000], CPU_group_19_41b56c6dcd1a3ea16b3ee9c698c601000000: [10000], GPU_group_23_41b56c6dcd1a3ea16b3ee9c698c601000000: [0, 0, 0, 0, 0, 0, 10000, 0], bundle_group_18_41b56c6dcd1a3ea16b3ee9c698c601000000: [10000000], CPU: [560000], GPU_group_24_41b56c6dcd1a3ea16b3ee9c698c601000000: [0, 0, 0, 0, 0, 0, 0, 10000], memory: [32418475745280000], CPU_group_17_41b56c6dcd1a3ea16b3ee9c698c601000000: [8000], CPU_group_24_41b56c6dcd1a3ea16b3ee9c698c601000000: [10000], GPU_group_18_41b56c6dcd1a3ea16b3ee9c698c601000000: [0, 10000, 0, 0, 0, 0, 0, 0], object_store_memory: [42949672960000], GPU_group_20_41b56c6dcd1a3ea16b3ee9c698c601000000: [0, 0, 0, 10000, 0, 0, 0, 0], CPU_group_20_41b56c6dcd1a3ea16b3ee9c698c601000000: [10000], bundle_group_23_41b56c6dcd1a3ea16b3ee9c698c601000000: [10000000], bundle_group_41b56c6dcd1a3ea16b3ee9c698c601000000: [79999990], bundle_group_17_41b56c6dcd1a3ea16b3ee9c698c601000000: [9999990], CPU_group_21_41b56c6dcd1a3ea16b3ee9c698c601000000: [10000], CPU_group_41b56c6dcd1a3ea16b3ee9c698c601000000: [78000], GPU_group_22_41b56c6dcd1a3ea16b3ee9c698c601000000: [0, 0, 0, 0, 0, 10000, 0, 0], bundle_group_19_41b56c6dcd1a3ea16b3ee9c698c601000000: [10000000], CPU_group_23_41b56c6dcd1a3ea16b3ee9c698c601000000: [10000], CPU_group_22_41b56c6dcd1a3ea16b3ee9c698c601000000: [10000], GPU_group_41b56c6dcd1a3ea16b3ee9c698c601000000: [8000, 10000, 10000, 10000, 10000, 10000, 10000, 10000], bundle_group_21_41b56c6dcd1a3ea16b3ee9c698c601000000: [10000000], GPU: [0, 0, 0, 0, 0, 0, 0, 0], bundle_group_24_41b56c6dcd1a3ea16b3ee9c698c601000000: [10000000], bundle_group_20_41b56c6dcd1a3ea16b3ee9c698c601000000: [10000000], CPU_group_18_41b56c6dcd1a3ea16b3ee9c698c601000000: [10000], GPU_group_21_41b56c6dcd1a3ea16b3ee9c698c601000000: [0, 0, 0, 0, 10000, 0, 0, 0]}, "labels":{"ray.io/node-id":"82dfc8c23c51709b77aaa7de2deacf9d421699bfcaad6b6cc4f66c59","ray.io/accelerator-type":"B200"}} is_draining: 0 is_idle: 0 Cluster resources (at most 20 nodes are shown): node id: -8170265163178445639{"total":{GPU: 80000, bundle_group_24_41b56c6dcd1a3ea16b3ee9c698c601000000: 10000000, GPU_group_17_41b56c6dcd1a3ea16b3ee9c698c601000000: 10000, bundle_group_18_41b56c6dcd1a3ea16b3ee9c698c601000000: 10000000, bundle_group_22_41b56c6dcd1a3ea16b3ee9c698c601000000: 10000000, GPU_group_24_41b56c6dcd1a3ea16b3ee9c698c601000000: 10000, CPU: 640000, CPU_group_19_41b56c6dcd1a3ea16b3ee9c698c601000000: 10000, GPU_group_23_41b56c6dcd1a3ea16b3ee9c698c601000000: 10000, accelerator_type:B200: 10000, GPU_group_19_41b56c6dcd1a3ea16b3ee9c698c601000000: 10000, node:10.244.180.242: 10000, GPU_group_18_41b56c6dcd1a3ea16b3ee9c698c601000000: 10000, CPU_group_24_41b56c6dcd1a3ea16b3ee9c698c601000000: 10000, object_store_memory: 42949672960000, memory: 32418475745280000, CPU_group_17_41b56c6dcd1a3ea16b3ee9c698c601000000: 10000, GPU_group_22_41b56c6dcd1a3ea16b3ee9c698c601000000: 10000, CPU_group_23_41b56c6dcd1a3ea16b3ee9c698c601000000: 10000, CPU_group_21_41b56c6dcd1a3ea16b3ee9c698c601000000: 10000, CPU_group_22_41b56c6dcd1a3ea16b3ee9c698c601000000: 10000, GPU_group_20_41b56c6dcd1a3ea16b3ee9c698c601000000: 10000, CPU_group_41b56c6dcd1a3ea16b3ee9c698c601000000: 80000, bundle_group_41b56c6dcd1a3ea16b3ee9c698c601000000: 80000000, bundle_group_23_41b56c6dcd1a3ea16b3ee9c698c601000000: 10000000, CPU_group_20_41b56c6dcd1a3ea16b3ee9c698c601000000: 10000, bundle_group_17_41b56c6dcd1a3ea16b3ee9c698c601000000: 10000000, bundle_group_19_41b56c6dcd1a3ea16b3ee9c698c601000000: 10000000, bundle_group_20_41b56c6dcd1a3ea16b3ee9c698c601000000: 10000000, GPU_group_21_41b56c6dcd1a3ea16b3ee9c698c601000000: 10000, CPU_group_18_41b56c6dcd1a3ea16b3ee9c698c601000000: 10000, bundle_group_21_41b56c6dcd1a3ea16b3ee9c698c601000000: 10000000, GPU_group_41b56c6dcd1a3ea16b3ee9c698c601000000: 80000}, "available": {bundle_group_22_41b56c6dcd1a3ea16b3ee9c698c601000000: 10000000, bundle_group_18_41b56c6dcd1a3ea16b3ee9c698c601000000: 10000000, bundle_group_24_41b56c6dcd1a3ea16b3ee9c698c601000000: 10000000, bundle_group_21_41b56c6dcd1a3ea16b3ee9c698c601000000: 10000000, GPU_group_41b56c6dcd1a3ea16b3ee9c698c601000000: 78000, GPU_group_21_41b56c6dcd1a3ea16b3ee9c698c601000000: 10000, CPU_group_18_41b56c6dcd1a3ea16b3ee9c698c601000000: 10000, bundle_group_20_41b56c6dcd1a3ea16b3ee9c698c601000000: 10000000, CPU_group_41b56c6dcd1a3ea16b3ee9c698c601000000: 78000, bundle_group_17_41b56c6dcd1a3ea16b3ee9c698c601000000: 9999990, bundle_group_23_41b56c6dcd1a3ea16b3ee9c698c601000000: 10000000, CPU_group_20_41b56c6dcd1a3ea16b3ee9c698c601000000: 10000, bundle_group_19_41b56c6dcd1a3ea16b3ee9c698c601000000: 10000000, GPU_group_20_41b56c6dcd1a3ea16b3ee9c698c601000000: 10000, bundle_group_41b56c6dcd1a3ea16b3ee9c698c601000000: 79999990, CPU_group_22_41b56c6dcd1a3ea16b3ee9c698c601000000: 10000, GPU_group_22_41b56c6dcd1a3ea16b3ee9c698c601000000: 10000, CPU_group_23_41b56c6dcd1a3ea16b3ee9c698c601000000: 10000, CPU_group_21_41b56c6dcd1a3ea16b3ee9c698c601000000: 10000, CPU_group_17_41b56c6dcd1a3ea16b3ee9c698c601000000: 8000, memory: 32418475745280000, object_store_memory: 42949672960000, CPU_group_24_41b56c6dcd1a3ea16b3ee9c698c601000000: 10000, GPU_group_18_41b56c6dcd1a3ea16b3ee9c698c601000000: 10000, node:10.244.180.242: 10000, GPU_group_19_41b56c6dcd1a3ea16b3ee9c698c601000000: 10000, GPU_group_24_41b56c6dcd1a3ea16b3ee9c698c601000000: 10000, CPU: 560000, CPU_group_19_41b56c6dcd1a3ea16b3ee9c698c601000000: 10000, accelerator_type:B200: 10000, GPU_group_23_41b56c6dcd1a3ea16b3ee9c698c601000000: 10000, GPU_group_17_41b56c6dcd1a3ea16b3ee9c698c601000000: 8000}, "labels":{"ray.io/node-id":"82dfc8c23c51709b77aaa7de2deacf9d421699bfcaad6b6cc4f66c59","ray.io/accelerator-type":"B200"}, "is_draining": 0, "draining_deadline_timestamp_ms": -1}node id: -1351780445297854484{"total":{bundle_group_14_41b56c6dcd1a3ea16b3ee9c698c601000000: 10000000, bundle_group_0_41b56c6dcd1a3ea16b3ee9c698c601000000: 10000000, bundle_group_13_41b56c6dcd1a3ea16b3ee9c698c601000000: 10000000, GPU_group_0_41b56c6dcd1a3ea16b3ee9c698c601000000: 10000, CPU_group_41b56c6dcd1a3ea16b3ee9c698c601000000: 80000, bundle_group_41b56c6dcd1a3ea16b3ee9c698c601000000: 80000000, CPU_group_10_41b56c6dcd1a3ea16b3ee9c698c601000000: 10000, CPU_group_11_41b56c6dcd1a3ea16b3ee9c698c601000000: 10000, CPU_group_13_41b56c6dcd1a3ea16b3ee9c698c601000000: 10000, GPU_group_12_41b56c6dcd1a3ea16b3ee9c698c601000000: 10000, bundle_group_9_41b56c6dcd1a3ea16b3ee9c698c601000000: 10000000, GPU_group_15_41b56c6dcd1a3ea16b3ee9c698c601000000: 10000, GPU_group_41b56c6dcd1a3ea16b3ee9c698c601000000: 80000, GPU: 80000, bundle_group_12_41b56c6dcd1a3ea16b3ee9c698c601000000: 10000000, CPU_group_12_41b56c6dcd1a3ea16b3ee9c698c601000000: 10000, CPU_group_15_41b56c6dcd1a3ea16b3ee9c698c601000000: 10000, GPU_group_13_41b56c6dcd1a3ea16b3ee9c698c601000000: 10000, GPU_group_11_41b56c6dcd1a3ea16b3ee9c698c601000000: 10000, bundle_group_10_41b56c6dcd1a3ea16b3ee9c698c601000000: 10000000, bundle_group_11_41b56c6dcd1a3ea16b3ee9c698c601000000: 10000000, CPU_group_0_41b56c6dcd1a3ea16b3ee9c698c601000000: 10000, accelerator_type:B200: 10000, CPU: 640000, memory: 32418477711360000, node:10.244.218.62: 10000, bundle_group_15_41b56c6dcd1a3ea16b3ee9c698c601000000: 10000000, GPU_group_10_41b56c6dcd1a3ea16b3ee9c698c601000000: 10000, object_store_memory: 42949672960000, CPU_group_9_41b56c6dcd1a3ea16b3ee9c698c601000000: 10000, GPU_group_9_41b56c6dcd1a3ea16b3ee9c698c601000000: 10000, GPU_group_14_41b56c6dcd1a3ea16b3ee9c698c601000000: 10000, CPU_group_14_41b56c6dcd1a3ea16b3ee9c698c601000000: 10000}, "available": {GPU_group_41b56c6dcd1a3ea16b3ee9c698c601000000: 78000, CPU_group_12_41b56c6dcd1a3ea16b3ee9c698c601000000: 10000, bundle_group_12_41b56c6dcd1a3ea16b3ee9c698c601000000: 10000000, GPU_group_13_41b56c6dcd1a3ea16b3ee9c698c601000000: 10000, CPU_group_15_41b56c6dcd1a3ea16b3ee9c698c601000000: 10000, bundle_group_0_41b56c6dcd1a3ea16b3ee9c698c601000000: 9999990, CPU_group_10_41b56c6dcd1a3ea16b3ee9c698c601000000: 10000, CPU_group_41b56c6dcd1a3ea16b3ee9c698c601000000: 78000, CPU_group_11_41b56c6dcd1a3ea16b3ee9c698c601000000: 10000, GPU_group_12_41b56c6dcd1a3ea16b3ee9c698c601000000: 10000, CPU_group_13_41b56c6dcd1a3ea16b3ee9c698c601000000: 10000, bundle_group_41b56c6dcd1a3ea16b3ee9c698c601000000: 79999990, GPU_group_15_41b56c6dcd1a3ea16b3ee9c698c601000000: 10000, bundle_group_9_41b56c6dcd1a3ea16b3ee9c698c601000000: 10000000, node:10.244.218.62: 10000, memory: 32418477711360000, object_store_memory: 42949672960000, CPU_group_9_41b56c6dcd1a3ea16b3ee9c698c601000000: 10000, bundle_group_15_41b56c6dcd1a3ea16b3ee9c698c601000000: 10000000, bundle_group_14_41b56c6dcd1a3ea16b3ee9c698c601000000: 10000000, GPU_group_0_41b56c6dcd1a3ea16b3ee9c698c601000000: 8000, GPU_group_14_41b56c6dcd1a3ea16b3ee9c698c601000000: 10000, CPU_group_14_41b56c6dcd1a3ea16b3ee9c698c601000000: 10000, GPU_group_9_41b56c6dcd1a3ea16b3ee9c698c601000000: 10000, bundle_group_13_41b56c6dcd1a3ea16b3ee9c698c601000000: 10000000, GPU_group_10_41b56c6dcd1a3ea16b3ee9c698c601000000: 10000, bundle_group_10_41b56c6dcd1a3ea16b3ee9c698c601000000: 10000000, GPU_group_11_41b56c6dcd1a3ea16b3ee9c698c601000000: 10000, CPU_group_0_41b56c6dcd1a3ea16b3ee9c698c601000000: 8000, bundle_group_11_41b56c6dcd1a3ea16b3ee9c698c601000000: 10000000, accelerator_type:B200: 10000, CPU: 560000}, "labels":{"ray.io/accelerator-type":"B200","ray.io/node-id":"90dc8450878fe5de358e116e0b8657e06554d0d69bbf5603e4880a55"}, "is_draining": 0, "draining_deadline_timestamp_ms": -1}node id: 4273633132855142460{"total":{bundle_group_41b56c6dcd1a3ea16b3ee9c698c601000000: 80000000, bundle_group_7_41b56c6dcd1a3ea16b3ee9c698c601000000: 10000000, CPU_group_5_41b56c6dcd1a3ea16b3ee9c698c601000000: 10000, CPU_group_4_41b56c6dcd1a3ea16b3ee9c698c601000000: 10000, CPU_group_41b56c6dcd1a3ea16b3ee9c698c601000000: 80000, bundle_group_1_41b56c6dcd1a3ea16b3ee9c698c601000000: 10000000, GPU_group_4_41b56c6dcd1a3ea16b3ee9c698c601000000: 10000, GPU_group_7_41b56c6dcd1a3ea16b3ee9c698c601000000: 10000, GPU_group_1_41b56c6dcd1a3ea16b3ee9c698c601000000: 10000, CPU_group_2_41b56c6dcd1a3ea16b3ee9c698c601000000: 10000, bundle_group_3_41b56c6dcd1a3ea16b3ee9c698c601000000: 10000000, node:10.244.13.18: 10000, GPU_group_41b56c6dcd1a3ea16b3ee9c698c601000000: 80000, CPU_group_6_41b56c6dcd1a3ea16b3ee9c698c601000000: 10000, CPU_group_3_41b56c6dcd1a3ea16b3ee9c698c601000000: 10000, GPU: 80000, CPU_group_7_41b56c6dcd1a3ea16b3ee9c698c601000000: 10000, bundle_group_8_41b56c6dcd1a3ea16b3ee9c698c601000000: 10000000, CPU_group_8_41b56c6dcd1a3ea16b3ee9c698c601000000: 10000, GPU_group_8_41b56c6dcd1a3ea16b3ee9c698c601000000: 10000, bundle_group_6_41b56c6dcd1a3ea16b3ee9c698c601000000: 10000000, accelerator_type:B200: 10000, CPU: 640000, GPU_group_3_41b56c6dcd1a3ea16b3ee9c698c601000000: 10000, CPU_group_1_41b56c6dcd1a3ea16b3ee9c698c601000000: 10000, bundle_group_5_41b56c6dcd1a3ea16b3ee9c698c601000000: 10000000, memory: 32418533744640000, GPU_group_2_41b56c6dcd1a3ea16b3ee9c698c601000000: 10000, GPU_group_6_41b56c6dcd1a3ea16b3ee9c698c601000000: 10000, bundle_group_4_41b56c6dcd1a3ea16b3ee9c698c601000000: 10000000, GPU_group_5_41b56c6dcd1a3ea16b3ee9c698c601000000: 10000, object_store_memory: 42949672960000, bundle_group_2_41b56c6dcd1a3ea16b3ee9c698c601000000: 10000000}, "available": {bundle_group_7_41b56c6dcd1a3ea16b3ee9c698c601000000: 9999980, CPU_group_41b56c6dcd1a3ea16b3ee9c698c601000000: 16000, CPU_group_5_41b56c6dcd1a3ea16b3ee9c698c601000000: 2000, bundle_group_1_41b56c6dcd1a3ea16b3ee9c698c601000000: 9999980, bundle_group_41b56c6dcd1a3ea16b3ee9c698c601000000: 79999840, CPU_group_4_41b56c6dcd1a3ea16b3ee9c698c601000000: 2000, GPU_group_4_41b56c6dcd1a3ea16b3ee9c698c601000000: 2000, GPU_group_7_41b56c6dcd1a3ea16b3ee9c698c601000000: 2000, GPU_group_1_41b56c6dcd1a3ea16b3ee9c698c601000000: 2000, CPU_group_2_41b56c6dcd1a3ea16b3ee9c698c601000000: 2000, bundle_group_3_41b56c6dcd1a3ea16b3ee9c698c601000000: 9999980, node:10.244.13.18: 10000, GPU_group_41b56c6dcd1a3ea16b3ee9c698c601000000: 16000, CPU_group_6_41b56c6dcd1a3ea16b3ee9c698c601000000: 2000, CPU_group_3_41b56c6dcd1a3ea16b3ee9c698c601000000: 2000, CPU_group_7_41b56c6dcd1a3ea16b3ee9c698c601000000: 2000, bundle_group_8_41b56c6dcd1a3ea16b3ee9c698c601000000: 9999980, GPU_group_8_41b56c6dcd1a3ea16b3ee9c698c601000000: 2000, CPU_group_8_41b56c6dcd1a3ea16b3ee9c698c601000000: 2000, bundle_group_6_41b56c6dcd1a3ea16b3ee9c698c601000000: 9999980, accelerator_type:B200: 10000, CPU: 560000, GPU_group_3_41b56c6dcd1a3ea16b3ee9c698c601000000: 2000, CPU_group_1_41b56c6dcd1a3ea16b3ee9c698c601000000: 2000, bundle_group_5_41b56c6dcd1a3ea16b3ee9c698c601000000: 9999980, memory: 32418533744640000, GPU_group_2_41b56c6dcd1a3ea16b3ee9c698c601000000: 2000, GPU_group_6_41b56c6dcd1a3ea16b3ee9c698c601000000: 2000, bundle_group_4_41b56c6dcd1a3ea16b3ee9c698c601000000: 9999980, GPU_group_5_41b56c6dcd1a3ea16b3ee9c698c601000000: 2000, object_store_memory: 42948599840000, bundle_group_2_41b56c6dcd1a3ea16b3ee9c698c601000000: 9999980}, "labels":{"ray.io/node-id":"4296a17b2364b071e4782261814dd77feed7cb4e5a4de14ab32d253a","ray.io/accelerator-type":"B200"}, "is_draining": 0, "draining_deadline_timestamp_ms": -1}node id: -7973918255608480324{"total":{CPU_group_26_41b56c6dcd1a3ea16b3ee9c698c601000000: 10000, CPU_group_27_41b56c6dcd1a3ea16b3ee9c698c601000000: 10000, bundle_group_30_41b56c6dcd1a3ea16b3ee9c698c601000000: 10000000, GPU: 80000, GPU_group_41b56c6dcd1a3ea16b3ee9c698c601000000: 80000, bundle_group_28_41b56c6dcd1a3ea16b3ee9c698c601000000: 10000000, CPU_group_31_41b56c6dcd1a3ea16b3ee9c698c601000000: 10000, node:__internal_head__: 10000, GPU_group_27_41b56c6dcd1a3ea16b3ee9c698c601000000: 10000, GPU_group_16_41b56c6dcd1a3ea16b3ee9c698c601000000: 10000, bundle_group_41b56c6dcd1a3ea16b3ee9c698c601000000: 80000000, CPU_group_41b56c6dcd1a3ea16b3ee9c698c601000000: 80000, bundle_group_29_41b56c6dcd1a3ea16b3ee9c698c601000000: 10000000, bundle_group_27_41b56c6dcd1a3ea16b3ee9c698c601000000: 10000000, object_store_memory: 42949672960000, GPU_group_26_41b56c6dcd1a3ea16b3ee9c698c601000000: 10000, node:10.244.18.139: 10000, GPU_group_25_41b56c6dcd1a3ea16b3ee9c698c601000000: 10000, CPU_group_16_41b56c6dcd1a3ea16b3ee9c698c601000000: 10000, GPU_group_31_41b56c6dcd1a3ea16b3ee9c698c601000000: 10000, CPU_group_28_41b56c6dcd1a3ea16b3ee9c698c601000000: 10000, memory: 32397589872640000, bundle_group_16_41b56c6dcd1a3ea16b3ee9c698c601000000: 10000000, GPU_group_30_41b56c6dcd1a3ea16b3ee9c698c601000000: 10000, CPU: 640000, bundle_group_26_41b56c6dcd1a3ea16b3ee9c698c601000000: 10000000, bundle_group_31_41b56c6dcd1a3ea16b3ee9c698c601000000: 10000000, accelerator_type:B200: 10000, CPU_group_30_41b56c6dcd1a3ea16b3ee9c698c601000000: 10000, CPU_group_29_41b56c6dcd1a3ea16b3ee9c698c601000000: 10000, GPU_group_28_41b56c6dcd1a3ea16b3ee9c698c601000000: 10000, CPU_group_25_41b56c6dcd1a3ea16b3ee9c698c601000000: 10000, GPU_group_29_41b56c6dcd1a3ea16b3ee9c698c601000000: 10000, bundle_group_25_41b56c6dcd1a3ea16b3ee9c698c601000000: 10000000}, "available": {CPU_group_26_41b56c6dcd1a3ea16b3ee9c698c601000000: 2000, CPU_group_27_41b56c6dcd1a3ea16b3ee9c698c601000000: 2000, bundle_group_30_41b56c6dcd1a3ea16b3ee9c698c601000000: 9999980, bundle_group_28_41b56c6dcd1a3ea16b3ee9c698c601000000: 9999980, GPU_group_41b56c6dcd1a3ea16b3ee9c698c601000000: 16000, node:__internal_head__: 10000, CPU_group_31_41b56c6dcd1a3ea16b3ee9c698c601000000: 2000, GPU_group_27_41b56c6dcd1a3ea16b3ee9c698c601000000: 2000, CPU_group_41b56c6dcd1a3ea16b3ee9c698c601000000: 16000, GPU_group_16_41b56c6dcd1a3ea16b3ee9c698c601000000: 2000, bundle_group_41b56c6dcd1a3ea16b3ee9c698c601000000: 79999840, bundle_group_29_41b56c6dcd1a3ea16b3ee9c698c601000000: 9999980, bundle_group_27_41b56c6dcd1a3ea16b3ee9c698c601000000: 9999980, object_store_memory: 42943101610000, GPU_group_26_41b56c6dcd1a3ea16b3ee9c698c601000000: 2000, node:10.244.18.139: 10000, GPU_group_25_41b56c6dcd1a3ea16b3ee9c698c601000000: 2000, CPU_group_16_41b56c6dcd1a3ea16b3ee9c698c601000000: 2000, GPU_group_31_41b56c6dcd1a3ea16b3ee9c698c601000000: 2000, memory: 32397589872640000, CPU_group_28_41b56c6dcd1a3ea16b3ee9c698c601000000: 2000, bundle_group_16_41b56c6dcd1a3ea16b3ee9c698c601000000: 9999980, CPU: 540000, GPU_group_30_41b56c6dcd1a3ea16b3ee9c698c601000000: 2000, bundle_group_31_41b56c6dcd1a3ea16b3ee9c698c601000000: 9999980, bundle_group_26_41b56c6dcd1a3ea16b3ee9c698c601000000: 9999980, accelerator_type:B200: 10000, CPU_group_30_41b56c6dcd1a3ea16b3ee9c698c601000000: 2000, CPU_group_25_41b56c6dcd1a3ea16b3ee9c698c601000000: 2000, CPU_group_29_41b56c6dcd1a3ea16b3ee9c698c601000000: 2000, GPU_group_29_41b56c6dcd1a3ea16b3ee9c698c601000000: 2000, GPU_group_28_41b56c6dcd1a3ea16b3ee9c698c601000000: 2000, bundle_group_25_41b56c6dcd1a3ea16b3ee9c698c601000000: 9999980}, "labels":{"ray.io/node-id":"11215b0011fac4845f8eecab7d85f57fc12c4efc1ad3dce06ebdc204","ray.io/accelerator-type":"B200"}, "is_draining": 0, "draining_deadline_timestamp_ms": -1} { "placement group locations": [], "node to bundles": []}
[state-dump] Waiting leases size: 0
[state-dump] Number of granted lease arguments: 0
[state-dump] Number of pinned lease arguments: 0
[state-dump] Total size of pinned lease arguments: 0
[state-dump] Number of total spilled leases: 0
[state-dump] Number of spilled waiting leases: 0
[state-dump] Number of spilled unschedulable leases: 0
[state-dump] Resource usage {
[state-dump]     - (language=PYTHON actor_or_taskSGLangEngine.__init__ pid=858 worker_id=650a17a0e0c4cd2270b368052022e6d017baf108cd0e6d39cfd281fe): {bundle_group_41b56c6dcd1a3ea16b3ee9c698c601000000: 0.001, GPU_group_41b56c6dcd1a3ea16b3ee9c698c601000000: 0.2, GPU_group_17_41b56c6dcd1a3ea16b3ee9c698c601000000: 0.2, CPU_group_41b56c6dcd1a3ea16b3ee9c698c601000000: 0.2, CPU_group_17_41b56c6dcd1a3ea16b3ee9c698c601000000: 0.2, bundle_group_17_41b56c6dcd1a3ea16b3ee9c698c601000000: 0.001}
[state-dump] }
[state-dump] Backlog Size per scheduling descriptor :{workerId: num backlogs}:
[state-dump] 
[state-dump] Granted leases by scheduling class:
[state-dump] ==================================================
[state-dump] 
[state-dump] ClusterResources:
[state-dump] LocalObjectManager:
[state-dump] - num pinned objects: 0
[state-dump] - pinned objects size: 0
[state-dump] - num objects pending restore: 0
[state-dump] - num objects pending spill: 0
[state-dump] - num bytes pending spill: 0
[state-dump] - num bytes currently spilled: 0
[state-dump] - cumulative spill requests: 0
[state-dump] - cumulative restore requests: 0
[state-dump] - spilled objects pending delete: 0
[state-dump] 
[state-dump] ObjectManager:
[state-dump] - num local objects: 0
[state-dump] - num unfulfilled push requests: 0
[state-dump] - num object pull requests: 0
[state-dump] - num chunks received total: 0
[state-dump] - num chunks received failed (all): 0
[state-dump] - num chunks received failed / cancelled: 0
[state-dump] - num chunks received failed / plasma error: 0
[state-dump] Event stats:
[state-dump] Global stats: 0 total (0 active)
[state-dump] Queueing time: mean = -nanms, max = -0.00ms, min = 9223372036854.78ms, total = 0.00ms
[state-dump] Execution time:  mean = -nanms, total = 0.00ms
[state-dump] Event stats:
[state-dump] PushManager:
[state-dump] - num pushes remaining: 0
[state-dump] - num chunks in flight: 0
[state-dump] - num chunks remaining: 0
[state-dump] - max chunks allowed: 409
[state-dump] OwnershipBasedObjectDirectory:
[state-dump] - num listeners: 0
[state-dump] - cumulative location updates: 0
[state-dump] - num location updates per second: 0.000
[state-dump] - num location lookups per second: 0.000
[state-dump] - num locations added per second: 0.000
[state-dump] - num locations removed per second: 0.000
[state-dump] BufferPool:
[state-dump] - create buffer state map size: 0
[state-dump] PullManager:
[state-dump] - num bytes available for pulled objects: 4294967296
[state-dump] - num bytes being pulled (all): 0
[state-dump] - num bytes being pulled / pinned: 0
[state-dump] - get request bundles: BundlePullRequestQueue{0 total, 0 active, 0 inactive, 0 unpullable}
[state-dump] - wait request bundles: BundlePullRequestQueue{0 total, 0 active, 0 inactive, 0 unpullable}
[state-dump] - task request bundles: BundlePullRequestQueue{0 total, 0 active, 0 inactive, 0 unpullable}
[state-dump] - first get request bundle: N/A
[state-dump] - first wait request bundle: N/A
[state-dump] - first task request bundle: N/A
[state-dump] - num objects queued: 0
[state-dump] - num objects actively pulled (all): 0
[state-dump] - num objects actively pulled / pinned: 0
[state-dump] - num bundles being pulled: 0
[state-dump] - num pull retries: 0
[state-dump] - max timeout seconds: 0
[state-dump] - max timeout request is already processed. No entry.
[state-dump] 
[state-dump] WorkerPool:
[state-dump] - registered jobs: 1
[state-dump] - process_failed_job_config_missing: 0
[state-dump] - process_failed_rate_limited: 0
[state-dump] - process_failed_pending_registration: 0
[state-dump] - process_failed_runtime_env_setup_failed: 0
[state-dump] - num PYTHON workers: 1
[state-dump] - num PYTHON drivers: 0
[state-dump] - num PYTHON pending start requests: 0
[state-dump] - num PYTHON pending registration requests: 0
[state-dump] - num object spill callbacks queued: 0
[state-dump] - num object restore queued: 0
[state-dump] - num util functions queued: 0
[state-dump] - num idle workers: 0
[state-dump] LeaseDependencyManager:
[state-dump] - lease deps map size: 0
[state-dump] - get req map size: 0
[state-dump] - wait req map size: 0
[state-dump] - local objects map size: 0
[state-dump] WaitManager:
[state-dump] - num active wait requests: 0
[state-dump] Subscriber:
[state-dump] Channel WORKER_OBJECT_LOCATIONS_CHANNEL
[state-dump] - cumulative subscribe requests: 0
[state-dump] - cumulative unsubscribe requests: 0
[state-dump] - active subscribed publishers: 0
[state-dump] - cumulative published messages: 0
[state-dump] - cumulative processed messages: 0
[state-dump] Channel WORKER_REF_REMOVED_CHANNEL
[state-dump] - cumulative subscribe requests: 0
[state-dump] - cumulative unsubscribe requests: 0
[state-dump] - active subscribed publishers: 0
[state-dump] - cumulative published messages: 0
[state-dump] - cumulative processed messages: 0
[state-dump] num async plasma notifications: 0
[state-dump] Event stats:
[state-dump] Global stats: 33764 total (15 active)
[state-dump] Queueing time: mean = 0.93ms, max = 26285.89ms, min = -0.02ms, total = 31240.43ms
[state-dump] Execution time:  mean = 17.53ms, total = 592051.63ms
[state-dump] Event stats:
[state-dump] 	RaySyncer.BroadcastMessageIfNewVersion - 7798 total (1 active), Execution time: mean = 0.00ms, total = 10.11ms, Queueing time: mean = 0.04ms, max = 21.67ms, min = 0.00ms, total = 274.46ms
[state-dump] 	ObjectManager.UpdateAvailableMemory - 7798 total (0 active), Execution time: mean = 0.00ms, total = 5.31ms, Queueing time: mean = 0.01ms, max = 0.27ms, min = 0.00ms, total = 47.89ms
[state-dump] 	NodeManager.CheckGC - 7798 total (1 active), Execution time: mean = 0.00ms, total = 7.65ms, Queueing time: mean = 0.04ms, max = 21.67ms, min = -0.02ms, total = 277.54ms
[state-dump] 	RayletWorkerPool.deadline_timer.kill_idle_workers - 3900 total (1 active), Execution time: mean = 0.00ms, total = 5.71ms, Queueing time: mean = 0.02ms, max = 8.65ms, min = -0.01ms, total = 66.34ms
[state-dump] 	NodeManager.ScheduleAndGrantLeases - 781 total (1 active), Execution time: mean = 0.00ms, total = 3.04ms, Queueing time: mean = 0.01ms, max = 0.05ms, min = 0.00ms, total = 10.10ms
[state-dump] 	NodeManager.CheckForUnexpectedWorkerDisconnects - 781 total (1 active), Execution time: mean = 0.01ms, total = 4.35ms, Queueing time: mean = 0.01ms, max = 0.06ms, min = 0.00ms, total = 8.66ms
[state-dump] 	NodeManager.deadline_timer.flush_free_objects - 780 total (1 active), Execution time: mean = 0.00ms, total = 1.11ms, Queueing time: mean = 0.31ms, max = 22.99ms, min = 0.00ms, total = 242.37ms
[state-dump] 	NodeManagerService.grpc_server.GetResourceLoad - 780 total (0 active), Execution time: mean = 0.30ms, total = 234.34ms, Queueing time: mean = 0.00ms, max = -0.00ms, min = 9223372036854.78ms, total = 0.00ms
[state-dump] 	NodeManagerService.grpc_server.GetResourceLoad.HandleRequestImpl - 780 total (0 active), Execution time: mean = 0.07ms, total = 55.95ms, Queueing time: mean = 0.02ms, max = 0.18ms, min = 0.00ms, total = 14.50ms
[state-dump] 	NodeManager.deadline_timer.spill_objects_when_over_threshold - 780 total (1 active), Execution time: mean = 0.00ms, total = 1.00ms, Queueing time: mean = 0.31ms, max = 22.99ms, min = 0.00ms, total = 242.46ms
[state-dump] 	ClusterResourceManager.ResetRemoteNodeView - 261 total (1 active), Execution time: mean = 0.00ms, total = 0.62ms, Queueing time: mean = 0.01ms, max = 0.05ms, min = 0.00ms, total = 3.45ms
[state-dump] 	NodeManager.deadline_timer.record_metrics - 156 total (1 active), Execution time: mean = 0.23ms, total = 35.37ms, Queueing time: mean = 1.33ms, max = 22.88ms, min = 0.00ms, total = 207.90ms
[state-dump] 	NodeManagerService.grpc_server.GetAgentPIDs - 148 total (0 active), Execution time: mean = 0.25ms, total = 36.41ms, Queueing time: mean = 0.00ms, max = -0.00ms, min = 9223372036854.78ms, total = 0.00ms
[state-dump] 	NodeManagerService.grpc_server.GetWorkerPIDs - 148 total (0 active), Execution time: mean = 0.24ms, total = 35.64ms, Queueing time: mean = 0.00ms, max = -0.00ms, min = 9223372036854.78ms, total = 0.00ms
[state-dump] 	NodeManagerService.grpc_server.GetWorkerPIDs.HandleRequestImpl - 148 total (0 active), Execution time: mean = 0.02ms, total = 3.46ms, Queueing time: mean = 0.03ms, max = 1.27ms, min = 0.01ms, total = 3.90ms
[state-dump] 	NodeManagerService.grpc_server.GetAgentPIDs.HandleRequestImpl - 148 total (0 active), Execution time: mean = 0.02ms, total = 2.80ms, Queueing time: mean = 0.03ms, max = 0.10ms, min = 0.00ms, total = 4.18ms
[state-dump] 	event_loop_lag_probe - 80 total (0 active), Execution time: mean = 0.01ms, total = 0.79ms, Queueing time: mean = 0.09ms, max = 7.13ms, min = 0.00ms, total = 7.31ms
[state-dump] 	NodeManager.deadline_timer.debug_state_dump - 78 total (1 active), Execution time: mean = 3.10ms, total = 241.48ms, Queueing time: mean = 0.01ms, max = 0.04ms, min = 0.00ms, total = 1.11ms
[state-dump] 	NodeManagerService.grpc_server.GetNodeStats - 52 total (0 active), Execution time: mean = 0.98ms, total = 51.16ms, Queueing time: mean = 0.00ms, max = -0.00ms, min = 9223372036854.78ms, total = 0.00ms
[state-dump] 	NodeManagerService.grpc_server.GetNodeStats.HandleRequestImpl - 52 total (0 active), Execution time: mean = 0.17ms, total = 8.92ms, Queueing time: mean = 0.02ms, max = 0.04ms, min = 0.00ms, total = 0.99ms
[state-dump] 	CoreWorkerService.grpc_client.GetCoreWorkerStats - 47 total (0 active), Execution time: mean = 0.80ms, total = 37.72ms, Queueing time: mean = 0.00ms, max = -0.00ms, min = 9223372036854.78ms, total = 0.00ms
[state-dump] 	CoreWorkerService.grpc_client.GetCoreWorkerStats.OnReplyReceived - 47 total (0 active), Execution time: mean = 0.04ms, total = 1.87ms, Queueing time: mean = 0.02ms, max = 0.04ms, min = 0.01ms, total = 0.89ms
[state-dump] 	ClientConnection.async_read.ProcessMessageHeader - 45 total (1 active), Execution time: mean = 0.00ms, total = 0.15ms, Queueing time: mean = 616.87ms, max = 26285.89ms, min = 0.01ms, total = 27759.10ms
[state-dump] 	ClientConnection.async_read.ProcessMessage - 44 total (0 active), Execution time: mean = 0.84ms, total = 36.97ms, Queueing time: mean = 0.16ms, max = 2.97ms, min = 0.00ms, total = 6.99ms
[state-dump] 	RaySyncer.BroadcastMessage - 38 total (0 active), Execution time: mean = 0.06ms, total = 2.36ms, Queueing time: mean = 0.00ms, max = 0.00ms, min = 0.00ms, total = 0.01ms
[state-dump] 	 - 37 total (0 active), Execution time: mean = 0.08ms, total = 2.88ms, Queueing time: mean = 0.11ms, max = 3.28ms, min = 0.00ms, total = 3.90ms
[state-dump] 	Subscriber.HandlePublishedMessage_GCS_WORKER_DELTA_CHANNEL - 32 total (0 active), Execution time: mean = 0.00ms, total = 0.03ms, Queueing time: mean = 0.09ms, max = 0.26ms, min = 0.03ms, total = 2.85ms
[state-dump] 	ray::rpc::ControlPlanePubSubGcsService.grpc_client.GcsSubscriberPoll - 15 total (1 active), Execution time: mean = 39100.91ms, total = 586513.67ms, Queueing time: mean = 0.00ms, max = -0.00ms, min = 9223372036854.78ms, total = 0.00ms
[state-dump] 	ray::rpc::ControlPlanePubSubGcsService.grpc_client.GcsSubscriberPoll.OnReplyReceived - 14 total (0 active), Execution time: mean = 0.08ms, total = 1.17ms, Queueing time: mean = 1.13ms, max = 12.66ms, min = 0.00ms, total = 15.82ms
[state-dump] 	ray::rpc::NodeInfoGcsService.grpc_client.CheckAlive.OnReplyReceived - 13 total (0 active), Execution time: mean = 0.02ms, total = 0.32ms, Queueing time: mean = 0.02ms, max = 0.02ms, min = 0.01ms, total = 0.20ms
[state-dump] 	PeriodicalRunner.RunFnPeriodically - 13 total (0 active), Execution time: mean = 0.08ms, total = 1.01ms, Queueing time: mean = 144.77ms, max = 625.93ms, min = 0.02ms, total = 1882.07ms
[state-dump] 	NodeManager.deadline_timer.print_event_loop_stats - 13 total (1 active, 1 running), Execution time: mean = 2.37ms, total = 30.80ms, Queueing time: mean = 0.01ms, max = 0.03ms, min = 0.01ms, total = 0.18ms
[state-dump] 	NodeManager.GcsCheckAlive - 13 total (1 active), Execution time: mean = 0.17ms, total = 2.25ms, Queueing time: mean = 2.22ms, max = 11.53ms, min = 0.41ms, total = 28.90ms
[state-dump] 	ray::rpc::NodeInfoGcsService.grpc_client.CheckAlive - 13 total (0 active), Execution time: mean = 0.79ms, total = 10.22ms, Queueing time: mean = 0.00ms, max = -0.00ms, min = 9223372036854.78ms, total = 0.00ms
[state-dump] 	NodeManagerService.grpc_server.GetSystemConfig.HandleRequestImpl - 9 total (0 active), Execution time: mean = 0.02ms, total = 0.14ms, Queueing time: mean = 0.02ms, max = 0.03ms, min = 0.00ms, total = 0.16ms
[state-dump] 	ObjectManager.ObjectDeleted - 9 total (0 active), Execution time: mean = 0.01ms, total = 0.06ms, Queueing time: mean = 0.01ms, max = 0.01ms, min = 0.01ms, total = 0.10ms
[state-dump] 	ClientConnection.async_write.DoAsyncWrites - 9 total (0 active), Execution time: mean = 0.00ms, total = 0.01ms, Queueing time: mean = 0.01ms, max = 0.03ms, min = 0.01ms, total = 0.13ms
[state-dump] 	NodeManagerService.grpc_server.GetSystemConfig - 9 total (0 active), Execution time: mean = 0.24ms, total = 2.13ms, Queueing time: mean = 0.00ms, max = -0.00ms, min = 9223372036854.78ms, total = 0.00ms
[state-dump] 	NodeManagerService.grpc_server.RequestWorkerLease - 9 total (0 active), Execution time: mean = 369.13ms, total = 3322.19ms, Queueing time: mean = 0.00ms, max = -0.00ms, min = 9223372036854.78ms, total = 0.00ms
[state-dump] 	ObjectManager.ObjectAdded - 9 total (0 active), Execution time: mean = 0.01ms, total = 0.09ms, Queueing time: mean = 0.01ms, max = 0.01ms, min = 0.01ms, total = 0.08ms
[state-dump] 	NodeManagerService.grpc_server.RequestWorkerLease.HandleRequestImpl - 9 total (0 active), Execution time: mean = 3.19ms, total = 28.71ms, Queueing time: mean = 12.35ms, max = 25.54ms, min = 0.02ms, total = 111.14ms
[state-dump] 	ray::rpc::WorkerInfoGcsService.grpc_client.ReportWorkerFailure - 8 total (0 active), Execution time: mean = 1.55ms, total = 12.39ms, Queueing time: mean = 0.00ms, max = -0.00ms, min = 9223372036854.78ms, total = 0.00ms
[state-dump] 	NodeManagerService.grpc_server.KillLocalActor.HandleRequestImpl - 8 total (0 active), Execution time: mean = 0.16ms, total = 1.24ms, Queueing time: mean = 0.36ms, max = 0.46ms, min = 0.01ms, total = 2.87ms
[state-dump] 	CoreWorkerService.grpc_client.KillActor.OnReplyReceived - 8 total (0 active), Execution time: mean = 0.06ms, total = 0.47ms, Queueing time: mean = 0.00ms, max = 0.00ms, min = 0.00ms, total = 0.03ms
[state-dump] 	CoreWorkerService.grpc_client.KillActor - 8 total (0 active), Execution time: mean = 32.59ms, total = 260.73ms, Queueing time: mean = 0.00ms, max = -0.00ms, min = 9223372036854.78ms, total = 0.00ms
[state-dump] 	NodeManagerService.grpc_server.KillLocalActor - 8 total (0 active), Execution time: mean = 33.11ms, total = 264.91ms, Queueing time: mean = 0.00ms, max = -0.00ms, min = 9223372036854.78ms, total = 0.00ms
[state-dump] 	ray::rpc::WorkerInfoGcsService.grpc_client.ReportWorkerFailure.OnReplyReceived - 8 total (0 active), Execution time: mean = 0.01ms, total = 0.08ms, Queueing time: mean = 1.38ms, max = 2.84ms, min = 0.01ms, total = 11.02ms
[state-dump] 	RaySyncerRegister - 2 total (0 active), Execution time: mean = 0.00ms, total = 0.00ms, Queueing time: mean = 0.00ms, max = 0.00ms, min = 0.00ms, total = 0.00ms
[state-dump] 	ray::rpc::ControlPlanePubSubGcsService.grpc_client.GcsSubscriberCommandBatch.OnReplyReceived - 2 total (0 active), Execution time: mean = 0.04ms, total = 0.08ms, Queueing time: mean = 0.21ms, max = 0.25ms, min = 0.16ms, total = 0.41ms
[state-dump] 	ray::rpc::ControlPlanePubSubGcsService.grpc_client.GcsSubscriberCommandBatch - 2 total (0 active), Execution time: mean = 0.73ms, total = 1.46ms, Queueing time: mean = 0.00ms, max = -0.00ms, min = 9223372036854.78ms, total = 0.00ms
[state-dump] 	NodeManagerService.grpc_server.CommitBundleResources.HandleRequestImpl - 1 total (0 active), Execution time: mean = 1.15ms, total = 1.15ms, Queueing time: mean = 0.03ms, max = 0.03ms, min = 0.03ms, total = 0.03ms
[state-dump] 	ray::rpc::JobInfoGcsService.grpc_client.GetAllJobInfo - 1 total (0 active), Execution time: mean = 0.56ms, total = 0.56ms, Queueing time: mean = 0.00ms, max = -0.00ms, min = 9223372036854.78ms, total = 0.00ms
[state-dump] 	NodeManagerService.grpc_server.CommitBundleResources - 1 total (0 active), Execution time: mean = 1.41ms, total = 1.41ms, Queueing time: mean = 0.00ms, max = -0.00ms, min = 9223372036854.78ms, total = 0.00ms
[state-dump] 	ray::rpc::NodeInfoGcsService.grpc_client.RegisterNode.OnReplyReceived - 1 total (0 active), Execution time: mean = 0.39ms, total = 0.39ms, Queueing time: mean = 0.01ms, max = 0.01ms, min = 0.01ms, total = 0.01ms
[state-dump] 	ray::rpc::NodeInfoGcsService.grpc_client.GetAllNodeAddressAndLiveness.OnReplyReceived - 1 total (0 active), Execution time: mean = 0.16ms, total = 0.16ms, Queueing time: mean = 0.01ms, max = 0.01ms, min = 0.01ms, total = 0.01ms
[state-dump] 	ray::rpc::NodeInfoGcsService.grpc_client.GetAllNodeAddressAndLiveness - 1 total (0 active), Execution time: mean = 0.70ms, total = 0.70ms, Queueing time: mean = 0.00ms, max = -0.00ms, min = 9223372036854.78ms, total = 0.00ms
[state-dump] 	NodeManager.GCTaskFailureReason - 1 total (1 active), Execution time: mean = 0.00ms, total = 0.00ms, Queueing time: mean = 0.00ms, max = -0.00ms, min = 9223372036854.78ms, total = 0.00ms
[state-dump] 	ray::rpc::InternalKVGcsService.grpc_client.GetInternalConfig.OnReplyReceived - 1 total (0 active), Execution time: mean = 629.71ms, total = 629.71ms, Queueing time: mean = 0.01ms, max = 0.01ms, min = 0.01ms, total = 0.01ms
[state-dump] 	ray::rpc::NodeInfoGcsService.grpc_client.RegisterNode - 1 total (0 active), Execution time: mean = 1.17ms, total = 1.17ms, Queueing time: mean = 0.00ms, max = -0.00ms, min = 9223372036854.78ms, total = 0.00ms
[state-dump] 	NodeManagerService.grpc_server.PrepareBundleResources - 1 total (0 active), Execution time: mean = 1.10ms, total = 1.10ms, Queueing time: mean = 0.00ms, max = -0.00ms, min = 9223372036854.78ms, total = 0.00ms
[state-dump] 	Subscriber.HandlePublishedMessage_GCS_JOB_CHANNEL - 1 total (0 active), Execution time: mean = 0.04ms, total = 0.04ms, Queueing time: mean = 0.30ms, max = 0.30ms, min = 0.30ms, total = 0.30ms
[state-dump] 	ray::rpc::JobInfoGcsService.grpc_client.GetAllJobInfo.OnReplyReceived - 1 total (0 active), Execution time: mean = 0.01ms, total = 0.01ms, Queueing time: mean = 0.02ms, max = 0.02ms, min = 0.02ms, total = 0.02ms
[state-dump] 	ReporterService.grpc_client.HealthCheck.OnReplyReceived - 1 total (0 active), Execution time: mean = 0.15ms, total = 0.15ms, Queueing time: mean = 0.02ms, max = 0.02ms, min = 0.02ms, total = 0.02ms
[state-dump] 	ray::rpc::InternalKVGcsService.grpc_client.GetInternalConfig - 1 total (0 active), Execution time: mean = 0.83ms, total = 0.83ms, Queueing time: mean = 0.00ms, max = -0.00ms, min = 9223372036854.78ms, total = 0.00ms
[state-dump] 	ReporterService.grpc_client.HealthCheck - 1 total (0 active), Execution time: mean = 132.11ms, total = 132.11ms, Queueing time: mean = 0.00ms, max = -0.00ms, min = 9223372036854.78ms, total = 0.00ms
[state-dump] 	NodeManagerService.grpc_server.PrepareBundleResources.HandleRequestImpl - 1 total (0 active), Execution time: mean = 0.84ms, total = 0.84ms, Queueing time: mean = 0.03ms, max = 0.03ms, min = 0.03ms, total = 0.03ms
[state-dump] DebugString() time ms: 0
[state-dump] 
[state-dump] 
[2026-09-04 01:11:40,844 I 79 102] (raylet) store.cc:573: Plasma store debug dump: 
Current usage: 0 / 4.29497 GB
- num bytes created total: 72
0 pending objects of total size 0MB
- objects spillable: 0
- bytes spillable: 0
- objects unsealed: 0
- bytes unsealed: 0
- objects in use: 0
- bytes in use: 0
- objects evictable: 0
- bytes evictable: 0

- objects created by worker: 0
- bytes created by worker: 0
- objects restored: 0
- bytes restored: 0
- objects received: 0
- bytes received: 0
- objects errored: 0
- bytes errored: 0

[2026-09-04 01:11:41,506 I 79 79] (raylet) node_manager.cc:486: [state-dump] NodeManager:
[state-dump] Node ID: 82dfc8c23c51709b77aaa7de2deacf9d421699bfcaad6b6cc4f66c59
[state-dump] Node name: 10.244.180.242
[state-dump] InitialConfigResources: {node:10.244.180.242: 1, object_store_memory: 4.29497e+09, GPU: 8, CPU: 64, accelerator_type:B200: 1, memory: 3.24185e+12}
[state-dump] ClusterLeaseManager:
[state-dump] ========== Node: 82dfc8c23c51709b77aaa7de2deacf9d421699bfcaad6b6cc4f66c59 =================
[state-dump] Infeasible queue length: 0
[state-dump] Schedule queue length: 0
[state-dump] Grant queue length: 0
[state-dump] num_waiting_for_resource: 0
[state-dump] num_waiting_for_plasma_memory: 0
[state-dump] num_waiting_for_remote_node_resources: 0
[state-dump] num_worker_not_started_by_job_config_not_exist: 0
[state-dump] num_worker_not_started_by_registration_timeout: 0
[state-dump] num_tasks_waiting_for_workers: 0
[state-dump] num_cancelled_leases: 0
[state-dump] cluster_resource_scheduler state: 
[state-dump] Local id: -8170265163178445639 Local resources: {"total":{node:10.244.180.242: [10000], GPU_group_19_41b56c6dcd1a3ea16b3ee9c698c601000000: [0, 0, 10000, 0, 0, 0, 0, 0], CPU: [640000], GPU_group_24_41b56c6dcd1a3ea16b3ee9c698c601000000: [0, 0, 0, 0, 0, 0, 0, 10000], CPU_group_19_41b56c6dcd1a3ea16b3ee9c698c601000000: [10000], GPU_group_23_41b56c6dcd1a3ea16b3ee9c698c601000000: [0, 0, 0, 0, 0, 0, 10000, 0], bundle_group_22_41b56c6dcd1a3ea16b3ee9c698c601000000: [10000000], GPU_group_17_41b56c6dcd1a3ea16b3ee9c698c601000000: [10000, 0, 0, 0, 0, 0, 0, 0], accelerator_type:B200: [10000], bundle_group_18_41b56c6dcd1a3ea16b3ee9c698c601000000: [10000000], CPU_group_17_41b56c6dcd1a3ea16b3ee9c698c601000000: [10000], memory: [32418475745280000], object_store_memory: [42949672960000], GPU_group_18_41b56c6dcd1a3ea16b3ee9c698c601000000: [0, 10000, 0, 0, 0, 0, 0, 0], CPU_group_41b56c6dcd1a3ea16b3ee9c698c601000000: [80000], bundle_group_41b56c6dcd1a3ea16b3ee9c698c601000000: [80000000], bundle_group_17_41b56c6dcd1a3ea16b3ee9c698c601000000: [10000000], CPU_group_20_41b56c6dcd1a3ea16b3ee9c698c601000000: [10000], GPU_group_20_41b56c6dcd1a3ea16b3ee9c698c601000000: [0, 0, 0, 10000, 0, 0, 0, 0], bundle_group_19_41b56c6dcd1a3ea16b3ee9c698c601000000: [10000000], bundle_group_23_41b56c6dcd1a3ea16b3ee9c698c601000000: [10000000], CPU_group_24_41b56c6dcd1a3ea16b3ee9c698c601000000: [10000], CPU_group_22_41b56c6dcd1a3ea16b3ee9c698c601000000: [10000], GPU_group_22_41b56c6dcd1a3ea16b3ee9c698c601000000: [0, 0, 0, 0, 0, 10000, 0, 0], CPU_group_23_41b56c6dcd1a3ea16b3ee9c698c601000000: [10000], CPU_group_21_41b56c6dcd1a3ea16b3ee9c698c601000000: [10000], GPU: [10000, 10000, 10000, 10000, 10000, 10000, 10000, 10000], bundle_group_21_41b56c6dcd1a3ea16b3ee9c698c601000000: [10000000], bundle_group_24_41b56c6dcd1a3ea16b3ee9c698c601000000: [10000000], GPU_group_41b56c6dcd1a3ea16b3ee9c698c601000000: [10000, 10000, 10000, 10000, 10000, 10000, 10000, 10000], GPU_group_21_41b56c6dcd1a3ea16b3ee9c698c601000000: [0, 0, 0, 0, 10000, 0, 0, 0], CPU_group_18_41b56c6dcd1a3ea16b3ee9c698c601000000: [10000], bundle_group_20_41b56c6dcd1a3ea16b3ee9c698c601000000: [10000000]}, "available": {GPU_group_19_41b56c6dcd1a3ea16b3ee9c698c601000000: [0, 0, 10000, 0, 0, 0, 0, 0], node:10.244.180.242: [10000], GPU_group_17_41b56c6dcd1a3ea16b3ee9c698c601000000: [8000, 0, 0, 0, 0, 0, 0, 0], bundle_group_22_41b56c6dcd1a3ea16b3ee9c698c601000000: [10000000], accelerator_type:B200: [10000], CPU_group_19_41b56c6dcd1a3ea16b3ee9c698c601000000: [10000], GPU_group_23_41b56c6dcd1a3ea16b3ee9c698c601000000: [0, 0, 0, 0, 0, 0, 10000, 0], bundle_group_18_41b56c6dcd1a3ea16b3ee9c698c601000000: [10000000], CPU: [560000], GPU_group_24_41b56c6dcd1a3ea16b3ee9c698c601000000: [0, 0, 0, 0, 0, 0, 0, 10000], memory: [32418475745280000], CPU_group_17_41b56c6dcd1a3ea16b3ee9c698c601000000: [8000], CPU_group_24_41b56c6dcd1a3ea16b3ee9c698c601000000: [10000], GPU_group_18_41b56c6dcd1a3ea16b3ee9c698c601000000: [0, 10000, 0, 0, 0, 0, 0, 0], object_store_memory: [42949672960000], GPU_group_20_41b56c6dcd1a3ea16b3ee9c698c601000000: [0, 0, 0, 10000, 0, 0, 0, 0], CPU_group_20_41b56c6dcd1a3ea16b3ee9c698c601000000: [10000], bundle_group_23_41b56c6dcd1a3ea16b3ee9c698c601000000: [10000000], bundle_group_41b56c6dcd1a3ea16b3ee9c698c601000000: [79999990], bundle_group_17_41b56c6dcd1a3ea16b3ee9c698c601000000: [9999990], CPU_group_21_41b56c6dcd1a3ea16b3ee9c698c601000000: [10000], CPU_group_41b56c6dcd1a3ea16b3ee9c698c601000000: [78000], GPU_group_22_41b56c6dcd1a3ea16b3ee9c698c601000000: [0, 0, 0, 0, 0, 10000, 0, 0], bundle_group_19_41b56c6dcd1a3ea16b3ee9c698c601000000: [10000000], CPU_group_23_41b56c6dcd1a3ea16b3ee9c698c601000000: [10000], CPU_group_22_41b56c6dcd1a3ea16b3ee9c698c601000000: [10000], GPU_group_41b56c6dcd1a3ea16b3ee9c698c601000000: [8000, 10000, 10000, 10000, 10000, 10000, 10000, 10000], bundle_group_21_41b56c6dcd1a3ea16b3ee9c698c601000000: [10000000], GPU: [0, 0, 0, 0, 0, 0, 0, 0], bundle_group_24_41b56c6dcd1a3ea16b3ee9c698c601000000: [10000000], bundle_group_20_41b56c6dcd1a3ea16b3ee9c698c601000000: [10000000], CPU_group_18_41b56c6dcd1a3ea16b3ee9c698c601000000: [10000], GPU_group_21_41b56c6dcd1a3ea16b3ee9c698c601000000: [0, 0, 0, 0, 10000, 0, 0, 0]}, "labels":{"ray.io/node-id":"82dfc8c23c51709b77aaa7de2deacf9d421699bfcaad6b6cc4f66c59","ray.io/accelerator-type":"B200"}} is_draining: 0 is_idle: 0 Cluster resources (at most 20 nodes are shown): node id: -8170265163178445639{"total":{GPU: 80000, bundle_group_24_41b56c6dcd1a3ea16b3ee9c698c601000000: 10000000, GPU_group_17_41b56c6dcd1a3ea16b3ee9c698c601000000: 10000, bundle_group_18_41b56c6dcd1a3ea16b3ee9c698c601000000: 10000000, bundle_group_22_41b56c6dcd1a3ea16b3ee9c698c601000000: 10000000, GPU_group_24_41b56c6dcd1a3ea16b3ee9c698c601000000: 10000, CPU: 640000, CPU_group_19_41b56c6dcd1a3ea16b3ee9c698c601000000: 10000, GPU_group_23_41b56c6dcd1a3ea16b3ee9c698c601000000: 10000, accelerator_type:B200: 10000, GPU_group_19_41b56c6dcd1a3ea16b3ee9c698c601000000: 10000, node:10.244.180.242: 10000, GPU_group_18_41b56c6dcd1a3ea16b3ee9c698c601000000: 10000, CPU_group_24_41b56c6dcd1a3ea16b3ee9c698c601000000: 10000, object_store_memory: 42949672960000, memory: 32418475745280000, CPU_group_17_41b56c6dcd1a3ea16b3ee9c698c601000000: 10000, GPU_group_22_41b56c6dcd1a3ea16b3ee9c698c601000000: 10000, CPU_group_23_41b56c6dcd1a3ea16b3ee9c698c601000000: 10000, CPU_group_21_41b56c6dcd1a3ea16b3ee9c698c601000000: 10000, CPU_group_22_41b56c6dcd1a3ea16b3ee9c698c601000000: 10000, GPU_group_20_41b56c6dcd1a3ea16b3ee9c698c601000000: 10000, CPU_group_41b56c6dcd1a3ea16b3ee9c698c601000000: 80000, bundle_group_41b56c6dcd1a3ea16b3ee9c698c601000000: 80000000, bundle_group_23_41b56c6dcd1a3ea16b3ee9c698c601000000: 10000000, CPU_group_20_41b56c6dcd1a3ea16b3ee9c698c601000000: 10000, bundle_group_17_41b56c6dcd1a3ea16b3ee9c698c601000000: 10000000, bundle_group_19_41b56c6dcd1a3ea16b3ee9c698c601000000: 10000000, bundle_group_20_41b56c6dcd1a3ea16b3ee9c698c601000000: 10000000, GPU_group_21_41b56c6dcd1a3ea16b3ee9c698c601000000: 10000, CPU_group_18_41b56c6dcd1a3ea16b3ee9c698c601000000: 10000, bundle_group_21_41b56c6dcd1a3ea16b3ee9c698c601000000: 10000000, GPU_group_41b56c6dcd1a3ea16b3ee9c698c601000000: 80000}, "available": {bundle_group_22_41b56c6dcd1a3ea16b3ee9c698c601000000: 10000000, bundle_group_18_41b56c6dcd1a3ea16b3ee9c698c601000000: 10000000, bundle_group_24_41b56c6dcd1a3ea16b3ee9c698c601000000: 10000000, bundle_group_21_41b56c6dcd1a3ea16b3ee9c698c601000000: 10000000, GPU_group_41b56c6dcd1a3ea16b3ee9c698c601000000: 78000, GPU_group_21_41b56c6dcd1a3ea16b3ee9c698c601000000: 10000, CPU_group_18_41b56c6dcd1a3ea16b3ee9c698c601000000: 10000, bundle_group_20_41b56c6dcd1a3ea16b3ee9c698c601000000: 10000000, CPU_group_41b56c6dcd1a3ea16b3ee9c698c601000000: 78000, bundle_group_17_41b56c6dcd1a3ea16b3ee9c698c601000000: 9999990, bundle_group_23_41b56c6dcd1a3ea16b3ee9c698c601000000: 10000000, CPU_group_20_41b56c6dcd1a3ea16b3ee9c698c601000000: 10000, bundle_group_19_41b56c6dcd1a3ea16b3ee9c698c601000000: 10000000, GPU_group_20_41b56c6dcd1a3ea16b3ee9c698c601000000: 10000, bundle_group_41b56c6dcd1a3ea16b3ee9c698c601000000: 79999990, CPU_group_22_41b56c6dcd1a3ea16b3ee9c698c601000000: 10000, GPU_group_22_41b56c6dcd1a3ea16b3ee9c698c601000000: 10000, CPU_group_23_41b56c6dcd1a3ea16b3ee9c698c601000000: 10000, CPU_group_21_41b56c6dcd1a3ea16b3ee9c698c601000000: 10000, CPU_group_17_41b56c6dcd1a3ea16b3ee9c698c601000000: 8000, memory: 32418475745280000, object_store_memory: 42949672960000, CPU_group_24_41b56c6dcd1a3ea16b3ee9c698c601000000: 10000, GPU_group_18_41b56c6dcd1a3ea16b3ee9c698c601000000: 10000, node:10.244.180.242: 10000, GPU_group_19_41b56c6dcd1a3ea16b3ee9c698c601000000: 10000, GPU_group_24_41b56c6dcd1a3ea16b3ee9c698c601000000: 10000, CPU: 560000, CPU_group_19_41b56c6dcd1a3ea16b3ee9c698c601000000: 10000, accelerator_type:B200: 10000, GPU_group_23_41b56c6dcd1a3ea16b3ee9c698c601000000: 10000, GPU_group_17_41b56c6dcd1a3ea16b3ee9c698c601000000: 8000}, "labels":{"ray.io/node-id":"82dfc8c23c51709b77aaa7de2deacf9d421699bfcaad6b6cc4f66c59","ray.io/accelerator-type":"B200"}, "is_draining": 0, "draining_deadline_timestamp_ms": -1}node id: -1351780445297854484{"total":{bundle_group_14_41b56c6dcd1a3ea16b3ee9c698c601000000: 10000000, bundle_group_0_41b56c6dcd1a3ea16b3ee9c698c601000000: 10000000, bundle_group_13_41b56c6dcd1a3ea16b3ee9c698c601000000: 10000000, GPU_group_0_41b56c6dcd1a3ea16b3ee9c698c601000000: 10000, CPU_group_41b56c6dcd1a3ea16b3ee9c698c601000000: 80000, bundle_group_41b56c6dcd1a3ea16b3ee9c698c601000000: 80000000, CPU_group_10_41b56c6dcd1a3ea16b3ee9c698c601000000: 10000, CPU_group_11_41b56c6dcd1a3ea16b3ee9c698c601000000: 10000, CPU_group_13_41b56c6dcd1a3ea16b3ee9c698c601000000: 10000, GPU_group_12_41b56c6dcd1a3ea16b3ee9c698c601000000: 10000, bundle_group_9_41b56c6dcd1a3ea16b3ee9c698c601000000: 10000000, GPU_group_15_41b56c6dcd1a3ea16b3ee9c698c601000000: 10000, GPU_group_41b56c6dcd1a3ea16b3ee9c698c601000000: 80000, GPU: 80000, bundle_group_12_41b56c6dcd1a3ea16b3ee9c698c601000000: 10000000, CPU_group_12_41b56c6dcd1a3ea16b3ee9c698c601000000: 10000, CPU_group_15_41b56c6dcd1a3ea16b3ee9c698c601000000: 10000, GPU_group_13_41b56c6dcd1a3ea16b3ee9c698c601000000: 10000, GPU_group_11_41b56c6dcd1a3ea16b3ee9c698c601000000: 10000, bundle_group_10_41b56c6dcd1a3ea16b3ee9c698c601000000: 10000000, bundle_group_11_41b56c6dcd1a3ea16b3ee9c698c601000000: 10000000, CPU_group_0_41b56c6dcd1a3ea16b3ee9c698c601000000: 10000, accelerator_type:B200: 10000, CPU: 640000, memory: 32418477711360000, node:10.244.218.62: 10000, bundle_group_15_41b56c6dcd1a3ea16b3ee9c698c601000000: 10000000, GPU_group_10_41b56c6dcd1a3ea16b3ee9c698c601000000: 10000, object_store_memory: 42949672960000, CPU_group_9_41b56c6dcd1a3ea16b3ee9c698c601000000: 10000, GPU_group_9_41b56c6dcd1a3ea16b3ee9c698c601000000: 10000, GPU_group_14_41b56c6dcd1a3ea16b3ee9c698c601000000: 10000, CPU_group_14_41b56c6dcd1a3ea16b3ee9c698c601000000: 10000}, "available": {GPU_group_41b56c6dcd1a3ea16b3ee9c698c601000000: 78000, CPU_group_12_41b56c6dcd1a3ea16b3ee9c698c601000000: 10000, bundle_group_12_41b56c6dcd1a3ea16b3ee9c698c601000000: 10000000, GPU_group_13_41b56c6dcd1a3ea16b3ee9c698c601000000: 10000, CPU_group_15_41b56c6dcd1a3ea16b3ee9c698c601000000: 10000, bundle_group_0_41b56c6dcd1a3ea16b3ee9c698c601000000: 9999990, CPU_group_10_41b56c6dcd1a3ea16b3ee9c698c601000000: 10000, CPU_group_41b56c6dcd1a3ea16b3ee9c698c601000000: 78000, CPU_group_11_41b56c6dcd1a3ea16b3ee9c698c601000000: 10000, GPU_group_12_41b56c6dcd1a3ea16b3ee9c698c601000000: 10000, CPU_group_13_41b56c6dcd1a3ea16b3ee9c698c601000000: 10000, bundle_group_41b56c6dcd1a3ea16b3ee9c698c601000000: 79999990, GPU_group_15_41b56c6dcd1a3ea16b3ee9c698c601000000: 10000, bundle_group_9_41b56c6dcd1a3ea16b3ee9c698c601000000: 10000000, node:10.244.218.62: 10000, memory: 32418477711360000, object_store_memory: 42949672960000, CPU_group_9_41b56c6dcd1a3ea16b3ee9c698c601000000: 10000, bundle_group_15_41b56c6dcd1a3ea16b3ee9c698c601000000: 10000000, bundle_group_14_41b56c6dcd1a3ea16b3ee9c698c601000000: 10000000, GPU_group_0_41b56c6dcd1a3ea16b3ee9c698c601000000: 8000, GPU_group_14_41b56c6dcd1a3ea16b3ee9c698c601000000: 10000, CPU_group_14_41b56c6dcd1a3ea16b3ee9c698c601000000: 10000, GPU_group_9_41b56c6dcd1a3ea16b3ee9c698c601000000: 10000, bundle_group_13_41b56c6dcd1a3ea16b3ee9c698c601000000: 10000000, GPU_group_10_41b56c6dcd1a3ea16b3ee9c698c601000000: 10000, bundle_group_10_41b56c6dcd1a3ea16b3ee9c698c601000000: 10000000, GPU_group_11_41b56c6dcd1a3ea16b3ee9c698c601000000: 10000, CPU_group_0_41b56c6dcd1a3ea16b3ee9c698c601000000: 8000, bundle_group_11_41b56c6dcd1a3ea16b3ee9c698c601000000: 10000000, accelerator_type:B200: 10000, CPU: 560000}, "labels":{"ray.io/accelerator-type":"B200","ray.io/node-id":"90dc8450878fe5de358e116e0b8657e06554d0d69bbf5603e4880a55"}, "is_draining": 0, "draining_deadline_timestamp_ms": -1}node id: 4273633132855142460{"total":{bundle_group_41b56c6dcd1a3ea16b3ee9c698c601000000: 80000000, bundle_group_7_41b56c6dcd1a3ea16b3ee9c698c601000000: 10000000, CPU_group_5_41b56c6dcd1a3ea16b3ee9c698c601000000: 10000, CPU_group_4_41b56c6dcd1a3ea16b3ee9c698c601000000: 10000, CPU_group_41b56c6dcd1a3ea16b3ee9c698c601000000: 80000, bundle_group_1_41b56c6dcd1a3ea16b3ee9c698c601000000: 10000000, GPU_group_4_41b56c6dcd1a3ea16b3ee9c698c601000000: 10000, GPU_group_7_41b56c6dcd1a3ea16b3ee9c698c601000000: 10000, GPU_group_1_41b56c6dcd1a3ea16b3ee9c698c601000000: 10000, CPU_group_2_41b56c6dcd1a3ea16b3ee9c698c601000000: 10000, bundle_group_3_41b56c6dcd1a3ea16b3ee9c698c601000000: 10000000, node:10.244.13.18: 10000, GPU_group_41b56c6dcd1a3ea16b3ee9c698c601000000: 80000, CPU_group_6_41b56c6dcd1a3ea16b3ee9c698c601000000: 10000, CPU_group_3_41b56c6dcd1a3ea16b3ee9c698c601000000: 10000, GPU: 80000, CPU_group_7_41b56c6dcd1a3ea16b3ee9c698c601000000: 10000, bundle_group_8_41b56c6dcd1a3ea16b3ee9c698c601000000: 10000000, CPU_group_8_41b56c6dcd1a3ea16b3ee9c698c601000000: 10000, GPU_group_8_41b56c6dcd1a3ea16b3ee9c698c601000000: 10000, bundle_group_6_41b56c6dcd1a3ea16b3ee9c698c601000000: 10000000, accelerator_type:B200: 10000, CPU: 640000, GPU_group_3_41b56c6dcd1a3ea16b3ee9c698c601000000: 10000, CPU_group_1_41b56c6dcd1a3ea16b3ee9c698c601000000: 10000, bundle_group_5_41b56c6dcd1a3ea16b3ee9c698c601000000: 10000000, memory: 32418533744640000, GPU_group_2_41b56c6dcd1a3ea16b3ee9c698c601000000: 10000, GPU_group_6_41b56c6dcd1a3ea16b3ee9c698c601000000: 10000, bundle_group_4_41b56c6dcd1a3ea16b3ee9c698c601000000: 10000000, GPU_group_5_41b56c6dcd1a3ea16b3ee9c698c601000000: 10000, object_store_memory: 42949672960000, bundle_group_2_41b56c6dcd1a3ea16b3ee9c698c601000000: 10000000}, "available": {bundle_group_7_41b56c6dcd1a3ea16b3ee9c698c601000000: 9999980, CPU_group_41b56c6dcd1a3ea16b3ee9c698c601000000: 16000, CPU_group_5_41b56c6dcd1a3ea16b3ee9c698c601000000: 2000, bundle_group_1_41b56c6dcd1a3ea16b3ee9c698c601000000: 9999980, bundle_group_41b56c6dcd1a3ea16b3ee9c698c601000000: 79999840, CPU_group_4_41b56c6dcd1a3ea16b3ee9c698c601000000: 2000, GPU_group_4_41b56c6dcd1a3ea16b3ee9c698c601000000: 2000, GPU_group_7_41b56c6dcd1a3ea16b3ee9c698c601000000: 2000, GPU_group_1_41b56c6dcd1a3ea16b3ee9c698c601000000: 2000, CPU_group_2_41b56c6dcd1a3ea16b3ee9c698c601000000: 2000, bundle_group_3_41b56c6dcd1a3ea16b3ee9c698c601000000: 9999980, node:10.244.13.18: 10000, GPU_group_41b56c6dcd1a3ea16b3ee9c698c601000000: 16000, CPU_group_6_41b56c6dcd1a3ea16b3ee9c698c601000000: 2000, CPU_group_3_41b56c6dcd1a3ea16b3ee9c698c601000000: 2000, CPU_group_7_41b56c6dcd1a3ea16b3ee9c698c601000000: 2000, bundle_group_8_41b56c6dcd1a3ea16b3ee9c698c601000000: 9999980, GPU_group_8_41b56c6dcd1a3ea16b3ee9c698c601000000: 2000, CPU_group_8_41b56c6dcd1a3ea16b3ee9c698c601000000: 2000, bundle_group_6_41b56c6dcd1a3ea16b3ee9c698c601000000: 9999980, accelerator_type:B200: 10000, CPU: 560000, GPU_group_3_41b56c6dcd1a3ea16b3ee9c698c601000000: 2000, CPU_group_1_41b56c6dcd1a3ea16b3ee9c698c601000000: 2000, bundle_group_5_41b56c6dcd1a3ea16b3ee9c698c601000000: 9999980, memory: 32418533744640000, GPU_group_2_41b56c6dcd1a3ea16b3ee9c698c601000000: 2000, GPU_group_6_41b56c6dcd1a3ea16b3ee9c698c601000000: 2000, bundle_group_4_41b56c6dcd1a3ea16b3ee9c698c601000000: 9999980, GPU_group_5_41b56c6dcd1a3ea16b3ee9c698c601000000: 2000, object_store_memory: 42948599840000, bundle_group_2_41b56c6dcd1a3ea16b3ee9c698c601000000: 9999980}, "labels":{"ray.io/node-id":"4296a17b2364b071e4782261814dd77feed7cb4e5a4de14ab32d253a","ray.io/accelerator-type":"B200"}, "is_draining": 0, "draining_deadline_timestamp_ms": -1}node id: -7973918255608480324{"total":{CPU_group_26_41b56c6dcd1a3ea16b3ee9c698c601000000: 10000, CPU_group_27_41b56c6dcd1a3ea16b3ee9c698c601000000: 10000, bundle_group_30_41b56c6dcd1a3ea16b3ee9c698c601000000: 10000000, GPU: 80000, GPU_group_41b56c6dcd1a3ea16b3ee9c698c601000000: 80000, bundle_group_28_41b56c6dcd1a3ea16b3ee9c698c601000000: 10000000, CPU_group_31_41b56c6dcd1a3ea16b3ee9c698c601000000: 10000, node:__internal_head__: 10000, GPU_group_27_41b56c6dcd1a3ea16b3ee9c698c601000000: 10000, GPU_group_16_41b56c6dcd1a3ea16b3ee9c698c601000000: 10000, bundle_group_41b56c6dcd1a3ea16b3ee9c698c601000000: 80000000, CPU_group_41b56c6dcd1a3ea16b3ee9c698c601000000: 80000, bundle_group_29_41b56c6dcd1a3ea16b3ee9c698c601000000: 10000000, bundle_group_27_41b56c6dcd1a3ea16b3ee9c698c601000000: 10000000, object_store_memory: 42949672960000, GPU_group_26_41b56c6dcd1a3ea16b3ee9c698c601000000: 10000, node:10.244.18.139: 10000, GPU_group_25_41b56c6dcd1a3ea16b3ee9c698c601000000: 10000, CPU_group_16_41b56c6dcd1a3ea16b3ee9c698c601000000: 10000, GPU_group_31_41b56c6dcd1a3ea16b3ee9c698c601000000: 10000, CPU_group_28_41b56c6dcd1a3ea16b3ee9c698c601000000: 10000, memory: 32397589872640000, bundle_group_16_41b56c6dcd1a3ea16b3ee9c698c601000000: 10000000, GPU_group_30_41b56c6dcd1a3ea16b3ee9c698c601000000: 10000, CPU: 640000, bundle_group_26_41b56c6dcd1a3ea16b3ee9c698c601000000: 10000000, bundle_group_31_41b56c6dcd1a3ea16b3ee9c698c601000000: 10000000, accelerator_type:B200: 10000, CPU_group_30_41b56c6dcd1a3ea16b3ee9c698c601000000: 10000, CPU_group_29_41b56c6dcd1a3ea16b3ee9c698c601000000: 10000, GPU_group_28_41b56c6dcd1a3ea16b3ee9c698c601000000: 10000, CPU_group_25_41b56c6dcd1a3ea16b3ee9c698c601000000: 10000, GPU_group_29_41b56c6dcd1a3ea16b3ee9c698c601000000: 10000, bundle_group_25_41b56c6dcd1a3ea16b3ee9c698c601000000: 10000000}, "available": {CPU_group_26_41b56c6dcd1a3ea16b3ee9c698c601000000: 2000, CPU_group_27_41b56c6dcd1a3ea16b3ee9c698c601000000: 2000, bundle_group_30_41b56c6dcd1a3ea16b3ee9c698c601000000: 9999980, bundle_group_28_41b56c6dcd1a3ea16b3ee9c698c601000000: 9999980, GPU_group_41b56c6dcd1a3ea16b3ee9c698c601000000: 16000, node:__internal_head__: 10000, CPU_group_31_41b56c6dcd1a3ea16b3ee9c698c601000000: 2000, GPU_group_27_41b56c6dcd1a3ea16b3ee9c698c601000000: 2000, CPU_group_41b56c6dcd1a3ea16b3ee9c698c601000000: 16000, GPU_group_16_41b56c6dcd1a3ea16b3ee9c698c601000000: 2000, bundle_group_41b56c6dcd1a3ea16b3ee9c698c601000000: 79999840, bundle_group_29_41b56c6dcd1a3ea16b3ee9c698c601000000: 9999980, bundle_group_27_41b56c6dcd1a3ea16b3ee9c698c601000000: 9999980, object_store_memory: 42943101610000, GPU_group_26_41b56c6dcd1a3ea16b3ee9c698c601000000: 2000, node:10.244.18.139: 10000, GPU_group_25_41b56c6dcd1a3ea16b3ee9c698c601000000: 2000, CPU_group_16_41b56c6dcd1a3ea16b3ee9c698c601000000: 2000, GPU_group_31_41b56c6dcd1a3ea16b3ee9c698c601000000: 2000, memory: 32397589872640000, CPU_group_28_41b56c6dcd1a3ea16b3ee9c698c601000000: 2000, bundle_group_16_41b56c6dcd1a3ea16b3ee9c698c601000000: 9999980, CPU: 540000, GPU_group_30_41b56c6dcd1a3ea16b3ee9c698c601000000: 2000, bundle_group_31_41b56c6dcd1a3ea16b3ee9c698c601000000: 9999980, bundle_group_26_41b56c6dcd1a3ea16b3ee9c698c601000000: 9999980, accelerator_type:B200: 10000, CPU_group_30_41b56c6dcd1a3ea16b3ee9c698c601000000: 2000, CPU_group_25_41b56c6dcd1a3ea16b3ee9c698c601000000: 2000, CPU_group_29_41b56c6dcd1a3ea16b3ee9c698c601000000: 2000, GPU_group_29_41b56c6dcd1a3ea16b3ee9c698c601000000: 2000, GPU_group_28_41b56c6dcd1a3ea16b3ee9c698c601000000: 2000, bundle_group_25_41b56c6dcd1a3ea16b3ee9c698c601000000: 9999980}, "labels":{"ray.io/node-id":"11215b0011fac4845f8eecab7d85f57fc12c4efc1ad3dce06ebdc204","ray.io/accelerator-type":"B200"}, "is_draining": 0, "draining_deadline_timestamp_ms": -1} { "placement group locations": [], "node to bundles": []}
[state-dump] Waiting leases size: 0
[state-dump] Number of granted lease arguments: 0
[state-dump] Number of pinned lease arguments: 0
[state-dump] Total size of pinned lease arguments: 0
[state-dump] Number of total spilled leases: 0
[state-dump] Number of spilled waiting leases: 0
[state-dump] Number of spilled unschedulable leases: 0
[state-dump] Resource usage {
[state-dump]     - (language=PYTHON actor_or_taskSGLangEngine.__init__ pid=858 worker_id=650a17a0e0c4cd2270b368052022e6d017baf108cd0e6d39cfd281fe): {bundle_group_41b56c6dcd1a3ea16b3ee9c698c601000000: 0.001, GPU_group_41b56c6dcd1a3ea16b3ee9c698c601000000: 0.2, GPU_group_17_41b56c6dcd1a3ea16b3ee9c698c601000000: 0.2, CPU_group_41b56c6dcd1a3ea16b3ee9c698c601000000: 0.2, CPU_group_17_41b56c6dcd1a3ea16b3ee9c698c601000000: 0.2, bundle_group_17_41b56c6dcd1a3ea16b3ee9c698c601000000: 0.001}
[state-dump] }
[state-dump] Backlog Size per scheduling descriptor :{workerId: num backlogs}:
[state-dump] 
[state-dump] Granted leases by scheduling class:
[state-dump] ==================================================
[state-dump] 
[state-dump] ClusterResources:
[state-dump] LocalObjectManager:
[state-dump] - num pinned objects: 0
[state-dump] - pinned objects size: 0
[state-dump] - num objects pending restore: 0
[state-dump] - num objects pending spill: 0
[state-dump] - num bytes pending spill: 0
[state-dump] - num bytes currently spilled: 0
[state-dump] - cumulative spill requests: 0
[state-dump] - cumulative restore requests: 0
[state-dump] - spilled objects pending delete: 0
[state-dump] 
[state-dump] ObjectManager:
[state-dump] - num local objects: 0
[state-dump] - num unfulfilled push requests: 0
[state-dump] - num object pull requests: 0
[state-dump] - num chunks received total: 0
[state-dump] - num chunks received failed (all): 0
[state-dump] - num chunks received failed / cancelled: 0
[state-dump] - num chunks received failed / plasma error: 0
[state-dump] Event stats:
[state-dump] Global stats: 0 total (0 active)
[state-dump] Queueing time: mean = -nanms, max = -0.00ms, min = 9223372036854.78ms, total = 0.00ms
[state-dump] Execution time:  mean = -nanms, total = 0.00ms
[state-dump] Event stats:
[state-dump] PushManager:
[state-dump] - num pushes remaining: 0
[state-dump] - num chunks in flight: 0
[state-dump] - num chunks remaining: 0
[state-dump] - max chunks allowed: 409
[state-dump] OwnershipBasedObjectDirectory:
[state-dump] - num listeners: 0
[state-dump] - cumulative location updates: 0
[state-dump] - num location updates per second: 0.000
[state-dump] - num location lookups per second: 0.000
[state-dump] - num locations added per second: 0.000
[state-dump] - num locations removed per second: 0.000
[state-dump] BufferPool:
[state-dump] - create buffer state map size: 0
[state-dump] PullManager:
[state-dump] - num bytes available for pulled objects: 4294967296
[state-dump] - num bytes being pulled (all): 0
[state-dump] - num bytes being pulled / pinned: 0
[state-dump] - get request bundles: BundlePullRequestQueue{0 total, 0 active, 0 inactive, 0 unpullable}
[state-dump] - wait request bundles: BundlePullRequestQueue{0 total, 0 active, 0 inactive, 0 unpullable}
[state-dump] - task request bundles: BundlePullRequestQueue{0 total, 0 active, 0 inactive, 0 unpullable}
[state-dump] - first get request bundle: N/A
[state-dump] - first wait request bundle: N/A
[state-dump] - first task request bundle: N/A
[state-dump] - num objects queued: 0
[state-dump] - num objects actively pulled (all): 0
[state-dump] - num objects actively pulled / pinned: 0
[state-dump] - num bundles being pulled: 0
[state-dump] - num pull retries: 0
[state-dump] - max timeout seconds: 0
[state-dump] - max timeout request is already processed. No entry.
[state-dump] 
[state-dump] WorkerPool:
[state-dump] - registered jobs: 1
[state-dump] - process_failed_job_config_missing: 0
[state-dump] - process_failed_rate_limited: 0
[state-dump] - process_failed_pending_registration: 0
[state-dump] - process_failed_runtime_env_setup_failed: 0
[state-dump] - num PYTHON workers: 1
[state-dump] - num PYTHON drivers: 0
[state-dump] - num PYTHON pending start requests: 0
[state-dump] - num PYTHON pending registration requests: 0
[state-dump] - num object spill callbacks queued: 0
[state-dump] - num object restore queued: 0
[state-dump] - num util functions queued: 0
[state-dump] - num idle workers: 0
[state-dump] LeaseDependencyManager:
[state-dump] - lease deps map size: 0
[state-dump] - get req map size: 0
[state-dump] - wait req map size: 0
[state-dump] - local objects map size: 0
[state-dump] WaitManager:
[state-dump] - num active wait requests: 0
[state-dump] Subscriber:
[state-dump] Channel WORKER_OBJECT_LOCATIONS_CHANNEL
[state-dump] - cumulative subscribe requests: 0
[state-dump] - cumulative unsubscribe requests: 0
[state-dump] - active subscribed publishers: 0
[state-dump] - cumulative published messages: 0
[state-dump] - cumulative processed messages: 0
[state-dump] Channel WORKER_REF_REMOVED_CHANNEL
[state-dump] - cumulative subscribe requests: 0
[state-dump] - cumulative unsubscribe requests: 0
[state-dump] - active subscribed publishers: 0
[state-dump] - cumulative published messages: 0
[state-dump] - cumulative processed messages: 0
[state-dump] num async plasma notifications: 0
[state-dump] Event stats:
[state-dump] Global stats: 36336 total (15 active)
[state-dump] Queueing time: mean = 0.86ms, max = 26285.89ms, min = -0.02ms, total = 31290.00ms
[state-dump] Execution time:  mean = 16.30ms, total = 592110.55ms
[state-dump] Event stats:
[state-dump] 	RaySyncer.BroadcastMessageIfNewVersion - 8398 total (1 active), Execution time: mean = 0.00ms, total = 11.20ms, Queueing time: mean = 0.03ms, max = 21.67ms, min = 0.00ms, total = 285.37ms
[state-dump] 	ObjectManager.UpdateAvailableMemory - 8398 total (0 active), Execution time: mean = 0.00ms, total = 5.88ms, Queueing time: mean = 0.01ms, max = 0.27ms, min = 0.00ms, total = 52.40ms
[state-dump] 	NodeManager.CheckGC - 8398 total (1 active), Execution time: mean = 0.00ms, total = 8.48ms, Queueing time: mean = 0.03ms, max = 21.67ms, min = -0.02ms, total = 288.74ms
[state-dump] 	RayletWorkerPool.deadline_timer.kill_idle_workers - 4200 total (1 active), Execution time: mean = 0.00ms, total = 6.36ms, Queueing time: mean = 0.02ms, max = 8.65ms, min = -0.01ms, total = 71.83ms
[state-dump] 	NodeManager.ScheduleAndGrantLeases - 841 total (1 active), Execution time: mean = 0.00ms, total = 3.39ms, Queueing time: mean = 0.01ms, max = 0.05ms, min = 0.00ms, total = 11.18ms
[state-dump] 	NodeManager.CheckForUnexpectedWorkerDisconnects - 841 total (1 active), Execution time: mean = 0.01ms, total = 4.87ms, Queueing time: mean = 0.01ms, max = 0.06ms, min = 0.00ms, total = 9.57ms
[state-dump] 	NodeManager.deadline_timer.flush_free_objects - 840 total (1 active), Execution time: mean = 0.00ms, total = 1.20ms, Queueing time: mean = 0.29ms, max = 22.99ms, min = 0.00ms, total = 247.62ms
[state-dump] 	NodeManagerService.grpc_server.GetResourceLoad - 840 total (0 active), Execution time: mean = 0.30ms, total = 254.76ms, Queueing time: mean = 0.00ms, max = -0.00ms, min = 9223372036854.78ms, total = 0.00ms
[state-dump] 	NodeManagerService.grpc_server.GetResourceLoad.HandleRequestImpl - 840 total (0 active), Execution time: mean = 0.07ms, total = 62.85ms, Queueing time: mean = 0.02ms, max = 0.18ms, min = 0.00ms, total = 15.93ms
[state-dump] 	NodeManager.deadline_timer.spill_objects_when_over_threshold - 840 total (1 active), Execution time: mean = 0.00ms, total = 1.11ms, Queueing time: mean = 0.29ms, max = 22.99ms, min = 0.00ms, total = 247.69ms
[state-dump] 	ClusterResourceManager.ResetRemoteNodeView - 281 total (1 active), Execution time: mean = 0.00ms, total = 0.67ms, Queueing time: mean = 0.01ms, max = 0.05ms, min = 0.00ms, total = 3.74ms
[state-dump] 	NodeManager.deadline_timer.record_metrics - 168 total (1 active), Execution time: mean = 0.23ms, total = 39.31ms, Queueing time: mean = 1.25ms, max = 22.88ms, min = 0.00ms, total = 209.33ms
[state-dump] 	NodeManagerService.grpc_server.GetAgentPIDs - 160 total (0 active), Execution time: mean = 0.25ms, total = 39.78ms, Queueing time: mean = 0.00ms, max = -0.00ms, min = 9223372036854.78ms, total = 0.00ms
[state-dump] 	NodeManagerService.grpc_server.GetWorkerPIDs - 160 total (0 active), Execution time: mean = 0.24ms, total = 38.88ms, Queueing time: mean = 0.00ms, max = -0.00ms, min = 9223372036854.78ms, total = 0.00ms
[state-dump] 	NodeManagerService.grpc_server.GetWorkerPIDs.HandleRequestImpl - 160 total (0 active), Execution time: mean = 0.02ms, total = 3.92ms, Queueing time: mean = 0.03ms, max = 1.27ms, min = 0.01ms, total = 4.18ms
[state-dump] 	NodeManagerService.grpc_server.GetAgentPIDs.HandleRequestImpl - 160 total (0 active), Execution time: mean = 0.02ms, total = 2.98ms, Queueing time: mean = 0.03ms, max = 0.10ms, min = 0.00ms, total = 4.81ms
[state-dump] 	event_loop_lag_probe - 86 total (0 active), Execution time: mean = 0.01ms, total = 0.89ms, Queueing time: mean = 0.09ms, max = 7.13ms, min = 0.00ms, total = 7.34ms
[state-dump] 	NodeManager.deadline_timer.debug_state_dump - 84 total (1 active), Execution time: mean = 2.94ms, total = 246.92ms, Queueing time: mean = 0.01ms, max = 0.04ms, min = 0.00ms, total = 1.23ms
[state-dump] 	NodeManagerService.grpc_server.GetNodeStats - 56 total (0 active), Execution time: mean = 0.99ms, total = 55.60ms, Queueing time: mean = 0.00ms, max = -0.00ms, min = 9223372036854.78ms, total = 0.00ms
[state-dump] 	NodeManagerService.grpc_server.GetNodeStats.HandleRequestImpl - 56 total (0 active), Execution time: mean = 0.17ms, total = 9.75ms, Queueing time: mean = 0.02ms, max = 0.04ms, min = 0.00ms, total = 1.08ms
[state-dump] 	CoreWorkerService.grpc_client.GetCoreWorkerStats - 51 total (0 active), Execution time: mean = 0.80ms, total = 41.00ms, Queueing time: mean = 0.00ms, max = -0.00ms, min = 9223372036854.78ms, total = 0.00ms
[state-dump] 	CoreWorkerService.grpc_client.GetCoreWorkerStats.OnReplyReceived - 51 total (0 active), Execution time: mean = 0.04ms, total = 2.05ms, Queueing time: mean = 0.02ms, max = 0.04ms, min = 0.01ms, total = 0.96ms
[state-dump] 	ClientConnection.async_read.ProcessMessageHeader - 45 total (1 active), Execution time: mean = 0.00ms, total = 0.15ms, Queueing time: mean = 616.87ms, max = 26285.89ms, min = 0.01ms, total = 27759.10ms
[state-dump] 	ClientConnection.async_read.ProcessMessage - 44 total (0 active), Execution time: mean = 0.84ms, total = 36.97ms, Queueing time: mean = 0.16ms, max = 2.97ms, min = 0.00ms, total = 6.99ms
[state-dump] 	RaySyncer.BroadcastMessage - 38 total (0 active), Execution time: mean = 0.06ms, total = 2.36ms, Queueing time: mean = 0.00ms, max = 0.00ms, min = 0.00ms, total = 0.01ms
[state-dump] 	 - 37 total (0 active), Execution time: mean = 0.08ms, total = 2.88ms, Queueing time: mean = 0.11ms, max = 3.28ms, min = 0.00ms, total = 3.90ms
[state-dump] 	Subscriber.HandlePublishedMessage_GCS_WORKER_DELTA_CHANNEL - 32 total (0 active), Execution time: mean = 0.00ms, total = 0.03ms, Queueing time: mean = 0.09ms, max = 0.26ms, min = 0.03ms, total = 2.85ms
[state-dump] 	ray::rpc::ControlPlanePubSubGcsService.grpc_client.GcsSubscriberPoll - 15 total (1 active), Execution time: mean = 39100.91ms, total = 586513.67ms, Queueing time: mean = 0.00ms, max = -0.00ms, min = 9223372036854.78ms, total = 0.00ms
[state-dump] 	ray::rpc::NodeInfoGcsService.grpc_client.CheckAlive.OnReplyReceived - 14 total (0 active), Execution time: mean = 0.02ms, total = 0.34ms, Queueing time: mean = 0.02ms, max = 0.02ms, min = 0.01ms, total = 0.22ms
[state-dump] 	NodeManager.deadline_timer.print_event_loop_stats - 14 total (1 active, 1 running), Execution time: mean = 2.26ms, total = 31.62ms, Queueing time: mean = 0.01ms, max = 0.03ms, min = 0.01ms, total = 0.20ms
[state-dump] 	NodeManager.GcsCheckAlive - 14 total (1 active), Execution time: mean = 0.18ms, total = 2.46ms, Queueing time: mean = 2.11ms, max = 11.53ms, min = 0.41ms, total = 29.47ms
[state-dump] 	ray::rpc::NodeInfoGcsService.grpc_client.CheckAlive - 14 total (0 active), Execution time: mean = 0.79ms, total = 11.02ms, Queueing time: mean = 0.00ms, max = -0.00ms, min = 9223372036854.78ms, total = 0.00ms
[state-dump] 	ray::rpc::ControlPlanePubSubGcsService.grpc_client.GcsSubscriberPoll.OnReplyReceived - 14 total (0 active), Execution time: mean = 0.08ms, total = 1.17ms, Queueing time: mean = 1.13ms, max = 12.66ms, min = 0.00ms, total = 15.82ms
[state-dump] 	PeriodicalRunner.RunFnPeriodically - 13 total (0 active), Execution time: mean = 0.08ms, total = 1.01ms, Queueing time: mean = 144.77ms, max = 625.93ms, min = 0.02ms, total = 1882.07ms
[state-dump] 	NodeManagerService.grpc_server.GetSystemConfig.HandleRequestImpl - 9 total (0 active), Execution time: mean = 0.02ms, total = 0.14ms, Queueing time: mean = 0.02ms, max = 0.03ms, min = 0.00ms, total = 0.16ms
[state-dump] 	ObjectManager.ObjectDeleted - 9 total (0 active), Execution time: mean = 0.01ms, total = 0.06ms, Queueing time: mean = 0.01ms, max = 0.01ms, min = 0.01ms, total = 0.10ms
[state-dump] 	ClientConnection.async_write.DoAsyncWrites - 9 total (0 active), Execution time: mean = 0.00ms, total = 0.01ms, Queueing time: mean = 0.01ms, max = 0.03ms, min = 0.01ms, total = 0.13ms
[state-dump] 	NodeManagerService.grpc_server.GetSystemConfig - 9 total (0 active), Execution time: mean = 0.24ms, total = 2.13ms, Queueing time: mean = 0.00ms, max = -0.00ms, min = 9223372036854.78ms, total = 0.00ms
[state-dump] 	NodeManagerService.grpc_server.RequestWorkerLease - 9 total (0 active), Execution time: mean = 369.13ms, total = 3322.19ms, Queueing time: mean = 0.00ms, max = -0.00ms, min = 9223372036854.78ms, total = 0.00ms
[state-dump] 	ObjectManager.ObjectAdded - 9 total (0 active), Execution time: mean = 0.01ms, total = 0.09ms, Queueing time: mean = 0.01ms, max = 0.01ms, min = 0.01ms, total = 0.08ms
[state-dump] 	NodeManagerService.grpc_server.RequestWorkerLease.HandleRequestImpl - 9 total (0 active), Execution time: mean = 3.19ms, total = 28.71ms, Queueing time: mean = 12.35ms, max = 25.54ms, min = 0.02ms, total = 111.14ms
[state-dump] 	ray::rpc::WorkerInfoGcsService.grpc_client.ReportWorkerFailure - 8 total (0 active), Execution time: mean = 1.55ms, total = 12.39ms, Queueing time: mean = 0.00ms, max = -0.00ms, min = 9223372036854.78ms, total = 0.00ms
[state-dump] 	NodeManagerService.grpc_server.KillLocalActor.HandleRequestImpl - 8 total (0 active), Execution time: mean = 0.16ms, total = 1.24ms, Queueing time: mean = 0.36ms, max = 0.46ms, min = 0.01ms, total = 2.87ms
[state-dump] 	CoreWorkerService.grpc_client.KillActor.OnReplyReceived - 8 total (0 active), Execution time: mean = 0.06ms, total = 0.47ms, Queueing time: mean = 0.00ms, max = 0.00ms, min = 0.00ms, total = 0.03ms
[state-dump] 	CoreWorkerService.grpc_client.KillActor - 8 total (0 active), Execution time: mean = 32.59ms, total = 260.73ms, Queueing time: mean = 0.00ms, max = -0.00ms, min = 9223372036854.78ms, total = 0.00ms
[state-dump] 	NodeManagerService.grpc_server.KillLocalActor - 8 total (0 active), Execution time: mean = 33.11ms, total = 264.91ms, Queueing time: mean = 0.00ms, max = -0.00ms, min = 9223372036854.78ms, total = 0.00ms
[state-dump] 	ray::rpc::WorkerInfoGcsService.grpc_client.ReportWorkerFailure.OnReplyReceived - 8 total (0 active), Execution time: mean = 0.01ms, total = 0.08ms, Queueing time: mean = 1.38ms, max = 2.84ms, min = 0.01ms, total = 11.02ms
[state-dump] 	RaySyncerRegister - 2 total (0 active), Execution time: mean = 0.00ms, total = 0.00ms, Queueing time: mean = 0.00ms, max = 0.00ms, min = 0.00ms, total = 0.00ms
[state-dump] 	ray::rpc::ControlPlanePubSubGcsService.grpc_client.GcsSubscriberCommandBatch.OnReplyReceived - 2 total (0 active), Execution time: mean = 0.04ms, total = 0.08ms, Queueing time: mean = 0.21ms, max = 0.25ms, min = 0.16ms, total = 0.41ms
[state-dump] 	ray::rpc::ControlPlanePubSubGcsService.grpc_client.GcsSubscriberCommandBatch - 2 total (0 active), Execution time: mean = 0.73ms, total = 1.46ms, Queueing time: mean = 0.00ms, max = -0.00ms, min = 9223372036854.78ms, total = 0.00ms
[state-dump] 	NodeManagerService.grpc_server.CommitBundleResources.HandleRequestImpl - 1 total (0 active), Execution time: mean = 1.15ms, total = 1.15ms, Queueing time: mean = 0.03ms, max = 0.03ms, min = 0.03ms, total = 0.03ms
[state-dump] 	ray::rpc::JobInfoGcsService.grpc_client.GetAllJobInfo - 1 total (0 active), Execution time: mean = 0.56ms, total = 0.56ms, Queueing time: mean = 0.00ms, max = -0.00ms, min = 9223372036854.78ms, total = 0.00ms
[state-dump] 	NodeManagerService.grpc_server.CommitBundleResources - 1 total (0 active), Execution time: mean = 1.41ms, total = 1.41ms, Queueing time: mean = 0.00ms, max = -0.00ms, min = 9223372036854.78ms, total = 0.00ms
[state-dump] 	ray::rpc::NodeInfoGcsService.grpc_client.RegisterNode.OnReplyReceived - 1 total (0 active), Execution time: mean = 0.39ms, total = 0.39ms, Queueing time: mean = 0.01ms, max = 0.01ms, min = 0.01ms, total = 0.01ms
[state-dump] 	ray::rpc::NodeInfoGcsService.grpc_client.GetAllNodeAddressAndLiveness.OnReplyReceived - 1 total (0 active), Execution time: mean = 0.16ms, total = 0.16ms, Queueing time: mean = 0.01ms, max = 0.01ms, min = 0.01ms, total = 0.01ms
[state-dump] 	ray::rpc::NodeInfoGcsService.grpc_client.GetAllNodeAddressAndLiveness - 1 total (0 active), Execution time: mean = 0.70ms, total = 0.70ms, Queueing time: mean = 0.00ms, max = -0.00ms, min = 9223372036854.78ms, total = 0.00ms
[state-dump] 	NodeManager.GCTaskFailureReason - 1 total (1 active), Execution time: mean = 0.00ms, total = 0.00ms, Queueing time: mean = 0.00ms, max = -0.00ms, min = 9223372036854.78ms, total = 0.00ms
[state-dump] 	ray::rpc::InternalKVGcsService.grpc_client.GetInternalConfig.OnReplyReceived - 1 total (0 active), Execution time: mean = 629.71ms, total = 629.71ms, Queueing time: mean = 0.01ms, max = 0.01ms, min = 0.01ms, total = 0.01ms
[state-dump] 	ray::rpc::NodeInfoGcsService.grpc_client.RegisterNode - 1 total (0 active), Execution time: mean = 1.17ms, total = 1.17ms, Queueing time: mean = 0.00ms, max = -0.00ms, min = 9223372036854.78ms, total = 0.00ms
[state-dump] 	NodeManagerService.grpc_server.PrepareBundleResources - 1 total (0 active), Execution time: mean = 1.10ms, total = 1.10ms, Queueing time: mean = 0.00ms, max = -0.00ms, min = 9223372036854.78ms, total = 0.00ms
[state-dump] 	Subscriber.HandlePublishedMessage_GCS_JOB_CHANNEL - 1 total (0 active), Execution time: mean = 0.04ms, total = 0.04ms, Queueing time: mean = 0.30ms, max = 0.30ms, min = 0.30ms, total = 0.30ms
[state-dump] 	ray::rpc::JobInfoGcsService.grpc_client.GetAllJobInfo.OnReplyReceived - 1 total (0 active), Execution time: mean = 0.01ms, total = 0.01ms, Queueing time: mean = 0.02ms, max = 0.02ms, min = 0.02ms, total = 0.02ms
[state-dump] 	ReporterService.grpc_client.HealthCheck.OnReplyReceived - 1 total (0 active), Execution time: mean = 0.15ms, total = 0.15ms, Queueing time: mean = 0.02ms, max = 0.02ms, min = 0.02ms, total = 0.02ms
[state-dump] 	ray::rpc::InternalKVGcsService.grpc_client.GetInternalConfig - 1 total (0 active), Execution time: mean = 0.83ms, total = 0.83ms, Queueing time: mean = 0.00ms, max = -0.00ms, min = 9223372036854.78ms, total = 0.00ms
[state-dump] 	ReporterService.grpc_client.HealthCheck - 1 total (0 active), Execution time: mean = 132.11ms, total = 132.11ms, Queueing time: mean = 0.00ms, max = -0.00ms, min = 9223372036854.78ms, total = 0.00ms
[state-dump] 	NodeManagerService.grpc_server.PrepareBundleResources.HandleRequestImpl - 1 total (0 active), Execution time: mean = 0.84ms, total = 0.84ms, Queueing time: mean = 0.03ms, max = 0.03ms, min = 0.03ms, total = 0.03ms
[state-dump] DebugString() time ms: 0
[state-dump] 
[state-dump] 
[2026-09-04 01:12:01,031 I 79 79] (raylet) node_manager.cc:3626: Received KillLocalActor RPC worker_id=650a17a0e0c4cd2270b368052022e6d017baf108cd0e6d39cfd281fe actor_id=8dae30371bc91c9a2918000601000000
[2026-09-04 01:12:01,031 I 79 79] (raylet) node_manager.cc:1044: Killing leased worker because its owner died. worker_id=650a17a0e0c4cd2270b368052022e6d017baf108cd0e6d39cfd281fe owner_worker_id=1f61894151c20b14da0063ae691350a000753e7579d127b187fb3a27
[2026-09-04 01:12:01,034 I 79 79] (raylet) node_manager.cc:1498: Disconnecting worker, graceful=true, disconnect_type=1, has_creation_task_exception=false worker_id=650a17a0e0c4cd2270b368052022e6d017baf108cd0e6d39cfd281fe job_id=01000000
[2026-09-04 01:12:01,159 W 79 102] (raylet) store.cc:366: Disconnecting client due to connection error with code 2: End of file
[2026-09-04 01:12:01,234 I 79 79] (raylet) node_manager.cc:124: SchedulePostExitProcessGroupCleanup: sending SIGKILL to pgid=858 worker_id=650a17a0e0c4cd2270b368052022e6d017baf108cd0e6d39cfd281fe
[2026-09-04 01:12:01,513 I 79 79] (raylet) node_manager.cc:2054: Got request to remove 8 bundle(s) for placement group 41b56c6dcd1a3ea16b3ee9c698c601000000
[2026-09-04 01:12:01,514 I 79 79] (raylet) worker_pool.cc:779: Job 01000000 already started in worker pool.
[2026-09-04 01:12:17,858 I 79 79] (raylet) ray_syncer_bidi_reactor_base.h:243: Failed to read a message from node: 00000000000000000000000000000000000000000000000000000000
[2026-09-04 01:12:19,859 I 79 79] (raylet) ray_syncer.cc:108: Connection to the node was broken, reconnecting. node_id=00000000000000000000000000000000000000000000000000000000
[2026-09-04 01:12:19,859 I 79 79] (raylet) ray_syncer_bidi_reactor_base.h:243: Failed to read a message from node: 00000000000000000000000000000000000000000000000000000000
[2026-09-04 01:12:21,859 I 79 79] (raylet) ray_syncer.cc:108: Connection to the node was broken, reconnecting. node_id=00000000000000000000000000000000000000000000000000000000
[2026-09-04 01:12:21,860 I 79 79] (raylet) ray_syncer_bidi_reactor_base.h:243: Failed to read a message from node: 00000000000000000000000000000000000000000000000000000000
[2026-09-04 01:12:23,860 I 79 79] (raylet) ray_syncer.cc:108: Connection to the node was broken, reconnecting. node_id=00000000000000000000000000000000000000000000000000000000
[2026-09-04 01:12:23,860 I 79 79] (raylet) ray_syncer_bidi_reactor_base.h:243: Failed to read a message from node: 00000000000000000000000000000000000000000000000000000000
[2026-09-04 01:12:25,860 I 79 79] (raylet) ray_syncer.cc:108: Connection to the node was broken, reconnecting. node_id=00000000000000000000000000000000000000000000000000000000
[2026-09-04 01:12:25,861 I 79 79] (raylet) ray_syncer_bidi_reactor_base.h:243: Failed to read a message from node: 00000000000000000000000000000000000000000000000000000000
[2026-09-04 01:12:27,861 I 79 79] (raylet) ray_syncer.cc:108: Connection to the node was broken, reconnecting. node_id=00000000000000000000000000000000000000000000000000000000
[2026-09-04 01:12:27,861 I 79 79] (raylet) ray_syncer_bidi_reactor_base.h:243: Failed to read a message from node: 00000000000000000000000000000000000000000000000000000000
[2026-09-04 01:12:29,861 I 79 79] (raylet) ray_syncer.cc:108: Connection to the node was broken, reconnecting. node_id=00000000000000000000000000000000000000000000000000000000
[2026-09-04 01:12:29,861 I 79 79] (raylet) ray_syncer_bidi_reactor_base.h:243: Failed to read a message from node: 00000000000000000000000000000000000000000000000000000000
[2026-09-04 01:12:31,861 I 79 79] (raylet) ray_syncer.cc:108: Connection to the node was broken, reconnecting. node_id=00000000000000000000000000000000000000000000000000000000
[2026-09-04 01:12:31,862 I 79 79] (raylet) ray_syncer_bidi_reactor_base.h:225: Failed to send a message to node: 00000000000000000000000000000000000000000000000000000000
[2026-09-04 01:12:31,862 I 79 79] (raylet) ray_syncer_bidi_reactor_base.h:243: Failed to read a message from node: 00000000000000000000000000000000000000000000000000000000
[2026-09-04 01:12:33,862 I 79 79] (raylet) ray_syncer.cc:108: Connection to the node was broken, reconnecting. node_id=00000000000000000000000000000000000000000000000000000000
[2026-09-04 01:12:33,862 I 79 79] (raylet) ray_syncer_bidi_reactor_base.h:243: Failed to read a message from node: 00000000000000000000000000000000000000000000000000000000
[2026-09-04 01:12:35,863 I 79 79] (raylet) ray_syncer.cc:108: Connection to the node was broken, reconnecting. node_id=00000000000000000000000000000000000000000000000000000000
[2026-09-04 01:12:35,863 I 79 79] (raylet) ray_syncer_bidi_reactor_base.h:243: Failed to read a message from node: 00000000000000000000000000000000000000000000000000000000
[2026-09-04 01:12:37,863 I 79 79] (raylet) ray_syncer.cc:108: Connection to the node was broken, reconnecting. node_id=00000000000000000000000000000000000000000000000000000000
[2026-09-04 01:12:37,864 I 79 79] (raylet) ray_syncer_bidi_reactor_base.h:243: Failed to read a message from node: 00000000000000000000000000000000000000000000000000000000
[2026-09-04 01:12:39,864 I 79 79] (raylet) ray_syncer.cc:108: Connection to the node was broken, reconnecting. node_id=00000000000000000000000000000000000000000000000000000000
[2026-09-04 01:12:39,864 I 79 79] (raylet) ray_syncer_bidi_reactor_base.h:243: Failed to read a message from node: 00000000000000000000000000000000000000000000000000000000
[2026-09-04 01:12:40,845 I 79 102] (raylet) store.cc:573: Plasma store debug dump: 
Current usage: 0 / 4.29497 GB
- num bytes created total: 72
0 pending objects of total size 0MB
- objects spillable: 0
- bytes spillable: 0
- objects unsealed: 0
- bytes unsealed: 0
- objects in use: 0
- bytes in use: 0
- objects evictable: 0
- bytes evictable: 0

- objects created by worker: 0
- bytes created by worker: 0
- objects restored: 0
- bytes restored: 0
- objects received: 0
- bytes received: 0
- objects errored: 0
- bytes errored: 0

[2026-09-04 01:12:41,507 I 79 79] (raylet) node_manager.cc:486: [state-dump] NodeManager:
[state-dump] Node ID: 82dfc8c23c51709b77aaa7de2deacf9d421699bfcaad6b6cc4f66c59
[state-dump] Node name: 10.244.180.242
[state-dump] InitialConfigResources: {node:10.244.180.242: 1, object_store_memory: 4.29497e+09, GPU: 8, CPU: 64, accelerator_type:B200: 1, memory: 3.24185e+12}
[state-dump] ClusterLeaseManager:
[state-dump] ========== Node: 82dfc8c23c51709b77aaa7de2deacf9d421699bfcaad6b6cc4f66c59 =================
[state-dump] Infeasible queue length: 0
[state-dump] Schedule queue length: 0
[state-dump] Grant queue length: 0
[state-dump] num_waiting_for_resource: 0
[state-dump] num_waiting_for_plasma_memory: 0
[state-dump] num_waiting_for_remote_node_resources: 0
[state-dump] num_worker_not_started_by_job_config_not_exist: 0
[state-dump] num_worker_not_started_by_registration_timeout: 0
[state-dump] num_tasks_waiting_for_workers: 0
[state-dump] num_cancelled_leases: 0
[state-dump] cluster_resource_scheduler state: 
[state-dump] Local id: -8170265163178445639 Local resources: {"total":{node:10.244.180.242: [10000], CPU: [640000], accelerator_type:B200: [10000], memory: [32418475745280000], object_store_memory: [42949672960000], GPU: [10000, 10000, 10000, 10000, 10000, 10000, 10000, 10000]}, "available": {node:10.244.180.242: [10000], accelerator_type:B200: [10000], CPU: [640000], memory: [32418475745280000], object_store_memory: [42949672960000], GPU: [10000, 10000, 10000, 10000, 10000, 10000, 10000, 10000]}, "labels":{"ray.io/node-id":"82dfc8c23c51709b77aaa7de2deacf9d421699bfcaad6b6cc4f66c59","ray.io/accelerator-type":"B200"}} is_draining: 0 is_idle: 1 Cluster resources (at most 20 nodes are shown): node id: -8170265163178445639{"total":{GPU: 80000, accelerator_type:B200: 10000, memory: 32418475745280000, CPU: 640000, node:10.244.180.242: 10000, object_store_memory: 42949672960000}, "available": {GPU: 80000, accelerator_type:B200: 10000, CPU: 640000, node:10.244.180.242: 10000, memory: 32418475745280000, object_store_memory: 42949672960000}, "labels":{"ray.io/node-id":"82dfc8c23c51709b77aaa7de2deacf9d421699bfcaad6b6cc4f66c59","ray.io/accelerator-type":"B200"}, "is_draining": 0, "draining_deadline_timestamp_ms": -1}node id: -1351780445297854484{"total":{GPU: 80000, accelerator_type:B200: 10000, CPU: 640000, memory: 32418477711360000, node:10.244.218.62: 10000, object_store_memory: 42949672960000}, "available": {GPU: 80000, memory: 32418477711360000, CPU: 640000, accelerator_type:B200: 10000, node:10.244.218.62: 10000, object_store_memory: 42949672960000}, "labels":{"ray.io/node-id":"90dc8450878fe5de358e116e0b8657e06554d0d69bbf5603e4880a55","ray.io/accelerator-type":"B200"}, "is_draining": 0, "draining_deadline_timestamp_ms": -1}node id: 4273633132855142460{"total":{node:10.244.13.18: 10000, accelerator_type:B200: 10000, memory: 32418533744640000, GPU: 80000, CPU: 640000, object_store_memory: 42949672960000}, "available": {node:10.244.13.18: 10000, accelerator_type:B200: 10000, GPU: 80000, memory: 32418533744640000, CPU: 640000, object_store_memory: 42949672960000}, "labels":{"ray.io/node-id":"4296a17b2364b071e4782261814dd77feed7cb4e5a4de14ab32d253a","ray.io/accelerator-type":"B200"}, "is_draining": 0, "draining_deadline_timestamp_ms": -1}node id: -7973918255608480324{"total":{CPU: 640000, object_store_memory: 42949672960000, memory: 32397589872640000, accelerator_type:B200: 10000, node:10.244.18.139: 10000, GPU: 80000, node:__internal_head__: 10000}, "available": {node:__internal_head__: 10000, CPU: 640000, object_store_memory: 42949672960000, accelerator_type:B200: 10000, node:10.244.18.139: 10000, GPU: 80000, memory: 32397589872640000}, "labels":{"ray.io/node-id":"11215b0011fac4845f8eecab7d85f57fc12c4efc1ad3dce06ebdc204","ray.io/accelerator-type":"B200"}, "is_draining": 0, "draining_deadline_timestamp_ms": -1} { "placement group locations": [], "node to bundles": []}
[state-dump] Waiting leases size: 0
[state-dump] Number of granted lease arguments: 0
[state-dump] Number of pinned lease arguments: 0
[state-dump] Total size of pinned lease arguments: 0
[state-dump] Number of total spilled leases: 0
[state-dump] Number of spilled waiting leases: 0
[state-dump] Number of spilled unschedulable leases: 0
[state-dump] Resource usage {
[state-dump] }
[state-dump] Backlog Size per scheduling descriptor :{workerId: num backlogs}:
[state-dump] 
[state-dump] Granted leases by scheduling class:
[state-dump] ==================================================
[state-dump] 
[state-dump] ClusterResources:
[state-dump] LocalObjectManager:
[state-dump] - num pinned objects: 0
[state-dump] - pinned objects size: 0
[state-dump] - num objects pending restore: 0
[state-dump] - num objects pending spill: 0
[state-dump] - num bytes pending spill: 0
[state-dump] - num bytes currently spilled: 0
[state-dump] - cumulative spill requests: 0
[state-dump] - cumulative restore requests: 0
[state-dump] - spilled objects pending delete: 0
[state-dump] 
[state-dump] ObjectManager:
[state-dump] - num local objects: 0
[state-dump] - num unfulfilled push requests: 0
[state-dump] - num object pull requests: 0
[state-dump] - num chunks received total: 0
[state-dump] - num chunks received failed (all): 0
[state-dump] - num chunks received failed / cancelled: 0
[state-dump] - num chunks received failed / plasma error: 0
[state-dump] Event stats:
[state-dump] Global stats: 0 total (0 active)
[state-dump] Queueing time: mean = -nanms, max = -0.00ms, min = 9223372036854.78ms, total = 0.00ms
[state-dump] Execution time:  mean = -nanms, total = 0.00ms
[state-dump] Event stats:
[state-dump] PushManager:
[state-dump] - num pushes remaining: 0
[state-dump] - num chunks in flight: 0
[state-dump] - num chunks remaining: 0
[state-dump] - max chunks allowed: 409
[state-dump] OwnershipBasedObjectDirectory:
[state-dump] - num listeners: 0
[state-dump] - cumulative location updates: 0
[state-dump] - num location updates per second: 0.000
[state-dump] - num location lookups per second: 0.000
[state-dump] - num locations added per second: 0.000
[state-dump] - num locations removed per second: 0.000
[state-dump] BufferPool:
[state-dump] - create buffer state map size: 0
[state-dump] PullManager:
[state-dump] - num bytes available for pulled objects: 4294967296
[state-dump] - num bytes being pulled (all): 0
[state-dump] - num bytes being pulled / pinned: 0
[state-dump] - get request bundles: BundlePullRequestQueue{0 total, 0 active, 0 inactive, 0 unpullable}
[state-dump] - wait request bundles: BundlePullRequestQueue{0 total, 0 active, 0 inactive, 0 unpullable}
[state-dump] - task request bundles: BundlePullRequestQueue{0 total, 0 active, 0 inactive, 0 unpullable}
[state-dump] - first get request bundle: N/A
[state-dump] - first wait request bundle: N/A
[state-dump] - first task request bundle: N/A
[state-dump] - num objects queued: 0
[state-dump] - num objects actively pulled (all): 0
[state-dump] - num objects actively pulled / pinned: 0
[state-dump] - num bundles being pulled: 0
[state-dump] - num pull retries: 0
[state-dump] - max timeout seconds: 0
[state-dump] - max timeout request is already processed. No entry.
[state-dump] 
[state-dump] WorkerPool:
[state-dump] - registered jobs: 0
[state-dump] - process_failed_job_config_missing: 0
[state-dump] - process_failed_rate_limited: 0
[state-dump] - process_failed_pending_registration: 0
[state-dump] - process_failed_runtime_env_setup_failed: 0
[state-dump] - num PYTHON workers: 0
[state-dump] - num PYTHON drivers: 0
[state-dump] - num PYTHON pending start requests: 0
[state-dump] - num PYTHON pending registration requests: 0
[state-dump] - num object spill callbacks queued: 0
[state-dump] - num object restore queued: 0
[state-dump] - num util functions queued: 0
[state-dump] - num idle workers: 0
[state-dump] LeaseDependencyManager:
[state-dump] - lease deps map size: 0
[state-dump] - get req map size: 0
[state-dump] - wait req map size: 0
[state-dump] - local objects map size: 0
[state-dump] WaitManager:
[state-dump] - num active wait requests: 0
[state-dump] Subscriber:
[state-dump] Channel WORKER_OBJECT_LOCATIONS_CHANNEL
[state-dump] - cumulative subscribe requests: 0
[state-dump] - cumulative unsubscribe requests: 0
[state-dump] - active subscribed publishers: 0
[state-dump] - cumulative published messages: 0
[state-dump] - cumulative processed messages: 0
[state-dump] Channel WORKER_REF_REMOVED_CHANNEL
[state-dump] - cumulative subscribe requests: 0
[state-dump] - cumulative unsubscribe requests: 0
[state-dump] - active subscribed publishers: 0
[state-dump] - cumulative published messages: 0
[state-dump] - cumulative processed messages: 0
[state-dump] num async plasma notifications: 0
[state-dump] Event stats:
[state-dump] Global stats: 38986 total (13 active)
[state-dump] Queueing time: mean = 20.49ms, max = 767332.06ms, min = -0.02ms, total = 798671.59ms
[state-dump] Execution time:  mean = 22.62ms, total = 882017.85ms
[state-dump] Event stats:
[state-dump] 	RaySyncer.BroadcastMessageIfNewVersion - 8998 total (1 active), Execution time: mean = 0.00ms, total = 12.34ms, Queueing time: mean = 0.03ms, max = 21.67ms, min = 0.00ms, total = 295.88ms
[state-dump] 	ObjectManager.UpdateAvailableMemory - 8998 total (0 active), Execution time: mean = 0.00ms, total = 6.42ms, Queueing time: mean = 0.01ms, max = 0.27ms, min = 0.00ms, total = 57.16ms
[state-dump] 	NodeManager.CheckGC - 8998 total (1 active), Execution time: mean = 0.00ms, total = 9.49ms, Queueing time: mean = 0.03ms, max = 21.67ms, min = -0.02ms, total = 299.51ms
[state-dump] 	RayletWorkerPool.deadline_timer.kill_idle_workers - 4500 total (1 active), Execution time: mean = 0.00ms, total = 7.05ms, Queueing time: mean = 0.02ms, max = 8.65ms, min = -0.01ms, total = 77.09ms
[state-dump] 	NodeManager.CheckForUnexpectedWorkerDisconnects - 901 total (1 active), Execution time: mean = 0.01ms, total = 5.24ms, Queueing time: mean = 0.01ms, max = 0.06ms, min = 0.00ms, total = 10.58ms
[state-dump] 	NodeManager.ScheduleAndGrantLeases - 901 total (1 active), Execution time: mean = 0.00ms, total = 3.72ms, Queueing time: mean = 0.01ms, max = 0.05ms, min = 0.00ms, total = 12.25ms
[state-dump] 	NodeManager.deadline_timer.flush_free_objects - 900 total (1 active), Execution time: mean = 0.00ms, total = 1.29ms, Queueing time: mean = 0.28ms, max = 22.99ms, min = 0.00ms, total = 251.31ms
[state-dump] 	NodeManager.deadline_timer.spill_objects_when_over_threshold - 900 total (1 active), Execution time: mean = 0.00ms, total = 1.23ms, Queueing time: mean = 0.28ms, max = 22.99ms, min = 0.00ms, total = 251.36ms
[state-dump] 	NodeManagerService.grpc_server.GetResourceLoad - 876 total (0 active), Execution time: mean = 0.30ms, total = 266.65ms, Queueing time: mean = 0.00ms, max = -0.00ms, min = 9223372036854.78ms, total = 0.00ms
[state-dump] 	NodeManagerService.grpc_server.GetResourceLoad.HandleRequestImpl - 876 total (0 active), Execution time: mean = 0.08ms, total = 65.90ms, Queueing time: mean = 0.02ms, max = 0.18ms, min = 0.00ms, total = 16.73ms
[state-dump] 	ClusterResourceManager.ResetRemoteNodeView - 301 total (1 active), Execution time: mean = 0.00ms, total = 0.73ms, Queueing time: mean = 0.01ms, max = 0.05ms, min = 0.00ms, total = 4.07ms
[state-dump] 	NodeManager.deadline_timer.record_metrics - 180 total (1 active), Execution time: mean = 0.23ms, total = 42.13ms, Queueing time: mean = 1.17ms, max = 22.88ms, min = 0.00ms, total = 210.29ms
[state-dump] 	NodeManagerService.grpc_server.GetWorkerPIDs.HandleRequestImpl - 167 total (0 active), Execution time: mean = 0.02ms, total = 4.17ms, Queueing time: mean = 0.03ms, max = 1.27ms, min = 0.01ms, total = 4.32ms
[state-dump] 	NodeManagerService.grpc_server.GetWorkerPIDs - 167 total (0 active), Execution time: mean = 0.24ms, total = 40.85ms, Queueing time: mean = 0.00ms, max = -0.00ms, min = 9223372036854.78ms, total = 0.00ms
[state-dump] 	NodeManagerService.grpc_server.GetAgentPIDs - 167 total (0 active), Execution time: mean = 0.25ms, total = 41.85ms, Queueing time: mean = 0.00ms, max = -0.00ms, min = 9223372036854.78ms, total = 0.00ms
[state-dump] 	NodeManagerService.grpc_server.GetAgentPIDs.HandleRequestImpl - 167 total (0 active), Execution time: mean = 0.02ms, total = 3.08ms, Queueing time: mean = 0.03ms, max = 0.10ms, min = 0.00ms, total = 5.12ms
[state-dump] 	 - 93 total (0 active), Execution time: mean = 0.05ms, total = 5.04ms, Queueing time: mean = 0.06ms, max = 3.28ms, min = 0.00ms, total = 5.48ms
[state-dump] 	event_loop_lag_probe - 92 total (0 active), Execution time: mean = 0.01ms, total = 0.96ms, Queueing time: mean = 0.08ms, max = 7.13ms, min = 0.00ms, total = 7.36ms
[state-dump] 	NodeManager.deadline_timer.debug_state_dump - 90 total (1 active), Execution time: mean = 2.79ms, total = 250.88ms, Queueing time: mean = 0.01ms, max = 0.04ms, min = 0.00ms, total = 1.31ms
[state-dump] 	Subscriber.HandlePublishedMessage_GCS_WORKER_DELTA_CHANNEL - 69 total (0 active), Execution time: mean = 0.00ms, total = 0.12ms, Queueing time: mean = 0.08ms, max = 0.27ms, min = 0.03ms, total = 5.32ms
[state-dump] 	NodeManagerService.grpc_server.GetNodeStats.HandleRequestImpl - 59 total (0 active), Execution time: mean = 0.17ms, total = 10.08ms, Queueing time: mean = 0.02ms, max = 0.04ms, min = 0.00ms, total = 1.15ms
[state-dump] 	NodeManagerService.grpc_server.GetNodeStats - 59 total (0 active), Execution time: mean = 0.97ms, total = 57.12ms, Queueing time: mean = 0.00ms, max = -0.00ms, min = 9223372036854.78ms, total = 0.00ms
[state-dump] 	CoreWorkerService.grpc_client.GetCoreWorkerStats.OnReplyReceived - 52 total (0 active), Execution time: mean = 0.04ms, total = 2.10ms, Queueing time: mean = 0.02ms, max = 0.04ms, min = 0.01ms, total = 0.98ms
[state-dump] 	CoreWorkerService.grpc_client.GetCoreWorkerStats - 52 total (0 active), Execution time: mean = 0.80ms, total = 41.77ms, Queueing time: mean = 0.00ms, max = -0.00ms, min = 9223372036854.78ms, total = 0.00ms
[state-dump] 	RaySyncer.BroadcastMessage - 47 total (0 active), Execution time: mean = 0.06ms, total = 2.77ms, Queueing time: mean = 0.00ms, max = 0.00ms, min = 0.00ms, total = 0.02ms
[state-dump] 	ClientConnection.async_read.ProcessMessageHeader - 45 total (0 active), Execution time: mean = 0.00ms, total = 0.16ms, Queueing time: mean = 17668.69ms, max = 767332.06ms, min = 0.01ms, total = 795091.16ms
[state-dump] 	ClientConnection.async_read.ProcessMessage - 45 total (0 active), Execution time: mean = 0.83ms, total = 37.40ms, Queueing time: mean = 0.16ms, max = 2.97ms, min = 0.00ms, total = 7.00ms
[state-dump] 	ray::rpc::ControlPlanePubSubGcsService.grpc_client.GcsSubscriberPoll - 35 total (0 active), Execution time: mean = 25039.12ms, total = 876369.11ms, Queueing time: mean = 0.00ms, max = -0.00ms, min = 9223372036854.78ms, total = 0.00ms
[state-dump] 	ray::rpc::ControlPlanePubSubGcsService.grpc_client.GcsSubscriberPoll.OnReplyReceived - 35 total (0 active), Execution time: mean = 0.08ms, total = 2.81ms, Queueing time: mean = 0.49ms, max = 12.66ms, min = 0.00ms, total = 17.01ms
[state-dump] 	ray::rpc::NodeInfoGcsService.grpc_client.CheckAlive - 15 total (0 active), Execution time: mean = 0.79ms, total = 11.78ms, Queueing time: mean = 0.00ms, max = -0.00ms, min = 9223372036854.78ms, total = 0.00ms
[state-dump] 	NodeManager.GcsCheckAlive - 15 total (1 active), Execution time: mean = 0.17ms, total = 2.62ms, Queueing time: mean = 2.01ms, max = 11.53ms, min = 0.41ms, total = 30.12ms
[state-dump] 	NodeManager.deadline_timer.print_event_loop_stats - 15 total (1 active, 1 running), Execution time: mean = 2.17ms, total = 32.48ms, Queueing time: mean = 0.01ms, max = 0.03ms, min = 0.00ms, total = 0.20ms
[state-dump] 	ray::rpc::NodeInfoGcsService.grpc_client.CheckAlive.OnReplyReceived - 15 total (0 active), Execution time: mean = 0.02ms, total = 0.37ms, Queueing time: mean = 0.02ms, max = 0.02ms, min = 0.01ms, total = 0.23ms
[state-dump] 	PeriodicalRunner.RunFnPeriodically - 13 total (0 active), Execution time: mean = 0.08ms, total = 1.01ms, Queueing time: mean = 144.77ms, max = 625.93ms, min = 0.02ms, total = 1882.07ms
[state-dump] 	ray::rpc::WorkerInfoGcsService.grpc_client.ReportWorkerFailure - 9 total (0 active), Execution time: mean = 1.45ms, total = 13.01ms, Queueing time: mean = 0.00ms, max = -0.00ms, min = 9223372036854.78ms, total = 0.00ms
[state-dump] 	NodeManagerService.grpc_server.GetSystemConfig.HandleRequestImpl - 9 total (0 active), Execution time: mean = 0.02ms, total = 0.14ms, Queueing time: mean = 0.02ms, max = 0.03ms, min = 0.00ms, total = 0.16ms
[state-dump] 	ClientConnection.async_write.DoAsyncWrites - 9 total (0 active), Execution time: mean = 0.00ms, total = 0.01ms, Queueing time: mean = 0.01ms, max = 0.03ms, min = 0.01ms, total = 0.13ms
[state-dump] 	CoreWorkerService.grpc_client.KillActor - 9 total (0 active), Execution time: mean = 29.48ms, total = 265.35ms, Queueing time: mean = 0.00ms, max = -0.00ms, min = 9223372036854.78ms, total = 0.00ms
[state-dump] 	ObjectManager.ObjectDeleted - 9 total (0 active), Execution time: mean = 0.01ms, total = 0.06ms, Queueing time: mean = 0.01ms, max = 0.01ms, min = 0.01ms, total = 0.10ms
[state-dump] 	NodeManagerService.grpc_server.GetSystemConfig - 9 total (0 active), Execution time: mean = 0.24ms, total = 2.13ms, Queueing time: mean = 0.00ms, max = -0.00ms, min = 9223372036854.78ms, total = 0.00ms
[state-dump] 	NodeManagerService.grpc_server.RequestWorkerLease.HandleRequestImpl - 9 total (0 active), Execution time: mean = 3.19ms, total = 28.71ms, Queueing time: mean = 12.35ms, max = 25.54ms, min = 0.02ms, total = 111.14ms
[state-dump] 	NodeManagerService.grpc_server.KillLocalActor.HandleRequestImpl - 9 total (0 active), Execution time: mean = 0.16ms, total = 1.42ms, Queueing time: mean = 0.32ms, max = 0.46ms, min = 0.01ms, total = 2.88ms
[state-dump] 	NodeManagerService.grpc_server.RequestWorkerLease - 9 total (0 active), Execution time: mean = 369.13ms, total = 3322.19ms, Queueing time: mean = 0.00ms, max = -0.00ms, min = 9223372036854.78ms, total = 0.00ms
[state-dump] 	CoreWorkerService.grpc_client.KillActor.OnReplyReceived - 9 total (0 active), Execution time: mean = 0.06ms, total = 0.58ms, Queueing time: mean = 0.01ms, max = 0.03ms, min = 0.00ms, total = 0.05ms
[state-dump] 	ObjectManager.ObjectAdded - 9 total (0 active), Execution time: mean = 0.01ms, total = 0.09ms, Queueing time: mean = 0.01ms, max = 0.01ms, min = 0.01ms, total = 0.08ms
[state-dump] 	NodeManagerService.grpc_server.KillLocalActor - 9 total (0 active), Execution time: mean = 29.99ms, total = 269.91ms, Queueing time: mean = 0.00ms, max = -0.00ms, min = 9223372036854.78ms, total = 0.00ms
[state-dump] 	ray::rpc::WorkerInfoGcsService.grpc_client.ReportWorkerFailure.OnReplyReceived - 9 total (0 active), Execution time: mean = 0.01ms, total = 0.10ms, Queueing time: mean = 1.23ms, max = 2.84ms, min = 0.01ms, total = 11.03ms
[state-dump] 	Subscriber.HandlePublishedMessage_GCS_JOB_CHANNEL - 2 total (0 active), Execution time: mean = 0.04ms, total = 0.08ms, Queueing time: mean = 0.18ms, max = 0.30ms, min = 0.06ms, total = 0.35ms
[state-dump] 	ray::rpc::ControlPlanePubSubGcsService.grpc_client.GcsSubscriberCommandBatch.OnReplyReceived - 2 total (0 active), Execution time: mean = 0.04ms, total = 0.08ms, Queueing time: mean = 0.21ms, max = 0.25ms, min = 0.16ms, total = 0.41ms
[state-dump] 	NodeManager.GCTaskFailureReason - 2 total (1 active), Execution time: mean = 0.00ms, total = 0.00ms, Queueing time: mean = 0.01ms, max = 0.03ms, min = 0.03ms, total = 0.03ms
[state-dump] 	ray::rpc::ControlPlanePubSubGcsService.grpc_client.GcsSubscriberCommandBatch - 2 total (0 active), Execution time: mean = 0.73ms, total = 1.46ms, Queueing time: mean = 0.00ms, max = -0.00ms, min = 9223372036854.78ms, total = 0.00ms
[state-dump] 	RaySyncerRegister - 2 total (0 active), Execution time: mean = 0.00ms, total = 0.00ms, Queueing time: mean = 0.00ms, max = 0.00ms, min = 0.00ms, total = 0.00ms
[state-dump] 	ray::rpc::InternalKVGcsService.grpc_client.GetInternalConfig.OnReplyReceived - 1 total (0 active), Execution time: mean = 629.71ms, total = 629.71ms, Queueing time: mean = 0.01ms, max = 0.01ms, min = 0.01ms, total = 0.01ms
[state-dump] 	NodeManagerService.grpc_server.PrepareBundleResources.HandleRequestImpl - 1 total (0 active), Execution time: mean = 0.84ms, total = 0.84ms, Queueing time: mean = 0.03ms, max = 0.03ms, min = 0.03ms, total = 0.03ms
[state-dump] 	ReporterService.grpc_client.HealthCheck - 1 total (0 active), Execution time: mean = 132.11ms, total = 132.11ms, Queueing time: mean = 0.00ms, max = -0.00ms, min = 9223372036854.78ms, total = 0.00ms
[state-dump] 	ray::rpc::InternalKVGcsService.grpc_client.GetInternalConfig - 1 total (0 active), Execution time: mean = 0.83ms, total = 0.83ms, Queueing time: mean = 0.00ms, max = -0.00ms, min = 9223372036854.78ms, total = 0.00ms
[state-dump] 	ReporterService.grpc_client.HealthCheck.OnReplyReceived - 1 total (0 active), Execution time: mean = 0.15ms, total = 0.15ms, Queueing time: mean = 0.02ms, max = 0.02ms, min = 0.02ms, total = 0.02ms
[state-dump] 	ray::rpc::JobInfoGcsService.grpc_client.GetAllJobInfo.OnReplyReceived - 1 total (0 active), Execution time: mean = 0.01ms, total = 0.01ms, Queueing time: mean = 0.02ms, max = 0.02ms, min = 0.02ms, total = 0.02ms
[state-dump] 	NodeManagerService.grpc_server.PrepareBundleResources - 1 total (0 active), Execution time: mean = 1.10ms, total = 1.10ms, Queueing time: mean = 0.00ms, max = -0.00ms, min = 9223372036854.78ms, total = 0.00ms
[state-dump] 	ray::rpc::NodeInfoGcsService.grpc_client.RegisterNode - 1 total (0 active), Execution time: mean = 1.17ms, total = 1.17ms, Queueing time: mean = 0.00ms, max = -0.00ms, min = 9223372036854.78ms, total = 0.00ms
[state-dump] 	NodeManagerService.grpc_server.CommitBundleResources - 1 total (0 active), Execution time: mean = 1.41ms, total = 1.41ms, Queueing time: mean = 0.00ms, max = -0.00ms, min = 9223372036854.78ms, total = 0.00ms
[state-dump] 	ray::rpc::NodeInfoGcsService.grpc_client.GetAllNodeAddressAndLiveness.OnReplyReceived - 1 total (0 active), Execution time: mean = 0.16ms, total = 0.16ms, Queueing time: mean = 0.01ms, max = 0.01ms, min = 0.01ms, total = 0.01ms
[state-dump] 	ray::rpc::NodeInfoGcsService.grpc_client.GetAllNodeAddressAndLiveness - 1 total (0 active), Execution time: mean = 0.70ms, total = 0.70ms, Queueing time: mean = 0.00ms, max = -0.00ms, min = 9223372036854.78ms, total = 0.00ms
[state-dump] 	NodeManagerService.grpc_server.RemovePlacementGroupBundles.HandleRequestImpl - 1 total (0 active), Execution time: mean = 0.70ms, total = 0.70ms, Queueing time: mean = 0.01ms, max = 0.01ms, min = 0.01ms, total = 0.01ms
[state-dump] 	ray::rpc::NodeInfoGcsService.grpc_client.RegisterNode.OnReplyReceived - 1 total (0 active), Execution time: mean = 0.39ms, total = 0.39ms, Queueing time: mean = 0.01ms, max = 0.01ms, min = 0.01ms, total = 0.01ms
[state-dump] 	ray::rpc::JobInfoGcsService.grpc_client.GetAllJobInfo - 1 total (0 active), Execution time: mean = 0.56ms, total = 0.56ms, Queueing time: mean = 0.00ms, max = -0.00ms, min = 9223372036854.78ms, total = 0.00ms
[state-dump] 	NodeManagerService.grpc_server.RemovePlacementGroupBundles - 1 total (0 active), Execution time: mean = 0.84ms, total = 0.84ms, Queueing time: mean = 0.00ms, max = -0.00ms, min = 9223372036854.78ms, total = 0.00ms
[state-dump] 	NodeManagerService.grpc_server.CommitBundleResources.HandleRequestImpl - 1 total (0 active), Execution time: mean = 1.15ms, total = 1.15ms, Queueing time: mean = 0.03ms, max = 0.03ms, min = 0.03ms, total = 0.03ms
[state-dump] DebugString() time ms: 0
[state-dump] 
[state-dump] 
[2026-09-04 01:12:41,864 I 79 79] (raylet) ray_syncer.cc:108: Connection to the node was broken, reconnecting. node_id=00000000000000000000000000000000000000000000000000000000
[2026-09-04 01:12:41,864 I 79 79] (raylet) ray_syncer_bidi_reactor_base.h:243: Failed to read a message from node: 00000000000000000000000000000000000000000000000000000000
[2026-09-04 01:12:43,865 I 79 79] (raylet) ray_syncer.cc:108: Connection to the node was broken, reconnecting. node_id=00000000000000000000000000000000000000000000000000000000
[2026-09-04 01:12:43,865 I 79 79] (raylet) ray_syncer_bidi_reactor_base.h:243: Failed to read a message from node: 00000000000000000000000000000000000000000000000000000000
[2026-09-04 01:12:45,865 I 79 79] (raylet) ray_syncer.cc:108: Connection to the node was broken, reconnecting. node_id=00000000000000000000000000000000000000000000000000000000
[2026-09-04 01:12:45,866 I 79 79] (raylet) ray_syncer_bidi_reactor_base.h:243: Failed to read a message from node: 00000000000000000000000000000000000000000000000000000000
[2026-09-04 01:12:47,866 I 79 79] (raylet) ray_syncer.cc:108: Connection to the node was broken, reconnecting. node_id=00000000000000000000000000000000000000000000000000000000
[2026-09-04 01:12:47,866 I 79 79] (raylet) ray_syncer_bidi_reactor_base.h:243: Failed to read a message from node: 00000000000000000000000000000000000000000000000000000000
[2026-09-04 01:12:49,866 I 79 79] (raylet) ray_syncer.cc:108: Connection to the node was broken, reconnecting. node_id=00000000000000000000000000000000000000000000000000000000
[2026-09-04 01:12:49,866 I 79 79] (raylet) ray_syncer_bidi_reactor_base.h:243: Failed to read a message from node: 00000000000000000000000000000000000000000000000000000000
[2026-09-04 01:12:51,866 I 79 79] (raylet) ray_syncer.cc:108: Connection to the node was broken, reconnecting. node_id=00000000000000000000000000000000000000000000000000000000
[2026-09-04 01:12:51,867 I 79 79] (raylet) ray_syncer_bidi_reactor_base.h:243: Failed to read a message from node: 00000000000000000000000000000000000000000000000000000000
[2026-09-04 01:12:53,867 I 79 79] (raylet) ray_syncer.cc:108: Connection to the node was broken, reconnecting. node_id=00000000000000000000000000000000000000000000000000000000
[2026-09-04 01:12:53,867 I 79 79] (raylet) ray_syncer_bidi_reactor_base.h:243: Failed to read a message from node: 00000000000000000000000000000000000000000000000000000000
[2026-09-04 01:12:55,868 I 79 79] (raylet) ray_syncer.cc:108: Connection to the node was broken, reconnecting. node_id=00000000000000000000000000000000000000000000000000000000
[2026-09-04 01:12:55,868 I 79 79] (raylet) ray_syncer_bidi_reactor_base.h:243: Failed to read a message from node: 00000000000000000000000000000000000000000000000000000000
[2026-09-04 01:12:57,868 I 79 79] (raylet) ray_syncer.cc:108: Connection to the node was broken, reconnecting. node_id=00000000000000000000000000000000000000000000000000000000
[2026-09-04 01:12:57,869 I 79 79] (raylet) ray_syncer_bidi_reactor_base.h:243: Failed to read a message from node: 00000000000000000000000000000000000000000000000000000000
[2026-09-04 01:12:59,869 I 79 79] (raylet) ray_syncer.cc:108: Connection to the node was broken, reconnecting. node_id=00000000000000000000000000000000000000000000000000000000
[2026-09-04 01:12:59,869 I 79 79] (raylet) ray_syncer_bidi_reactor_base.h:243: Failed to read a message from node: 00000000000000000000000000000000000000000000000000000000
[2026-09-04 01:13:01,869 I 79 79] (raylet) ray_syncer.cc:108: Connection to the node was broken, reconnecting. node_id=00000000000000000000000000000000000000000000000000000000
[2026-09-04 01:13:01,869 I 79 79] (raylet) ray_syncer_bidi_reactor_base.h:225: Failed to send a message to node: 00000000000000000000000000000000000000000000000000000000
[2026-09-04 01:13:01,870 I 79 79] (raylet) ray_syncer_bidi_reactor_base.h:243: Failed to read a message from node: 00000000000000000000000000000000000000000000000000000000
[2026-09-04 01:13:03,870 I 79 79] (raylet) ray_syncer.cc:108: Connection to the node was broken, reconnecting. node_id=00000000000000000000000000000000000000000000000000000000
[2026-09-04 01:13:03,870 I 79 79] (raylet) ray_syncer_bidi_reactor_base.h:243: Failed to read a message from node: 00000000000000000000000000000000000000000000000000000000
[2026-09-04 01:13:05,870 I 79 79] (raylet) ray_syncer.cc:108: Connection to the node was broken, reconnecting. node_id=00000000000000000000000000000000000000000000000000000000
[2026-09-04 01:13:05,871 I 79 79] (raylet) ray_syncer_bidi_reactor_base.h:243: Failed to read a message from node: 00000000000000000000000000000000000000000000000000000000
[2026-09-04 01:13:07,871 I 79 79] (raylet) ray_syncer.cc:108: Connection to the node was broken, reconnecting. node_id=00000000000000000000000000000000000000000000000000000000
[2026-09-04 01:13:07,871 I 79 79] (raylet) ray_syncer_bidi_reactor_base.h:243: Failed to read a message from node: 00000000000000000000000000000000000000000000000000000000
[2026-09-04 01:13:09,871 I 79 79] (raylet) ray_syncer.cc:108: Connection to the node was broken, reconnecting. node_id=00000000000000000000000000000000000000000000000000000000
[2026-09-04 01:13:09,872 I 79 79] (raylet) ray_syncer_bidi_reactor_base.h:243: Failed to read a message from node: 00000000000000000000000000000000000000000000000000000000
[2026-09-04 01:13:11,872 I 79 79] (raylet) ray_syncer.cc:108: Connection to the node was broken, reconnecting. node_id=00000000000000000000000000000000000000000000000000000000
[2026-09-04 01:13:11,872 I 79 79] (raylet) ray_syncer_bidi_reactor_base.h:225: Failed to send a message to node: 00000000000000000000000000000000000000000000000000000000
[2026-09-04 01:13:11,872 I 79 79] (raylet) ray_syncer_bidi_reactor_base.h:243: Failed to read a message from node: 00000000000000000000000000000000000000000000000000000000
[2026-09-04 01:13:13,872 I 79 79] (raylet) ray_syncer.cc:108: Connection to the node was broken, reconnecting. node_id=00000000000000000000000000000000000000000000000000000000
[2026-09-04 01:13:13,873 I 79 79] (raylet) ray_syncer_bidi_reactor_base.h:243: Failed to read a message from node: 00000000000000000000000000000000000000000000000000000000
[2026-09-04 01:13:15,873 I 79 79] (raylet) ray_syncer.cc:108: Connection to the node was broken, reconnecting. node_id=00000000000000000000000000000000000000000000000000000000
[2026-09-04 01:13:15,873 I 79 79] (raylet) ray_syncer_bidi_reactor_base.h:243: Failed to read a message from node: 00000000000000000000000000000000000000000000000000000000
[2026-09-04 01:13:17,873 I 79 79] (raylet) ray_syncer.cc:108: Connection to the node was broken, reconnecting. node_id=00000000000000000000000000000000000000000000000000000000
[2026-09-04 01:13:17,874 I 79 79] (raylet) ray_syncer_bidi_reactor_base.h:243: Failed to read a message from node: 00000000000000000000000000000000000000000000000000000000
[2026-09-04 01:13:18,861 W 79 79] (raylet) retryable_grpc_client.cc:85: GCS has been unavailable for more than 60 seconds
[2026-09-04 01:13:18,861 E 79 79] (raylet) rpc_client.h:204: Failed to connect to GCS within 60 seconds. GCS may have been killed. It's either GCS is terminated by `ray stop` or is killed unexpectedly. If it is killed unexpectedly, see the log file gcs_server.out. https://docs.ray.io/en/master/ray-observability/user-guides/configure-logging.html#logging-directory-structure. The program will terminate.
