gpu-nodes-2:1004:1004 [3] NCCL INFO ENV/Plugin: Could not find: libnccl-env.so
gpu-nodes-2:1004:1004 [3] NCCL INFO cudaDriverVersion 13020
gpu-nodes-2:1004:1004 [3] NCCL INFO NCCL version 2.29.7+cuda13.2
gpu-nodes-2:1004:1004 [3] NCCL INFO NCCL git version stable b81d6a5a3
gpu-nodes-2:1004:1004 [3] NCCL INFO NET/Plugin: Could not find: libnccl-net.so
gpu-nodes-2:1004:1004 [3] NCCL INFO dlvsym failed on mlx5dv_get_data_direct_sysfs_path - /usr/lib/x86_64-linux-gnu/libmlx5.so: undefined symbol: mlx5dv_get_data_direct_sysfs_path, version MLX5_1.25 version MLX5_1.25
gpu-nodes-2:1004:1004 [3] NCCL INFO dlvsym failed on mlx5dv_reg_dmabuf_mr - /usr/lib/x86_64-linux-gnu/libmlx5.so: undefined symbol: mlx5dv_reg_dmabuf_mr, version MLX5_1.25 version MLX5_1.25
gpu-nodes-2:1004:1004 [3] NCCL INFO NET/IB: [0] mlx5_0:uverbs0:1/IB provider=Mlx5 speed=400000 context=0x33b8aa90 pciPath=/sys/devices/pci0000:70/0000:70:01.1/0000:71:00.0/0000:72:01.0/0000:74:00.0 ar=1
gpu-nodes-2:1004:1004 [3] NCCL INFO NET/IB: [1] mlx5_1:uverbs1:1/IB provider=Mlx5 speed=400000 context=0x33bcc140 pciPath=/sys/devices/pci0000:00/0000:00:01.1/0000:01:00.0/0000:02:01.0/0000:04:00.0 ar=1
gpu-nodes-2:1004:1004 [3] NCCL INFO NET/IB: [2] mlx5_2:uverbs2:1/IB provider=Mlx5 speed=400000 context=0x33c0e150 pciPath=/sys/devices/pci0000:60/0000:60:01.1/0000:61:00.0/0000:62:01.0/0000:64:00.0 ar=1
gpu-nodes-2:1004:1004 [3] NCCL INFO NET/IB: [3] mlx5_3:uverbs3:1/IB provider=Mlx5 speed=400000 context=0x33c50160 pciPath=/sys/devices/pci0000:10/0000:10:01.1/0000:11:00.0/0000:12:01.0/0000:14:00.0 ar=1
gpu-nodes-2:1004:1004 [3] NCCL INFO NET/IB: [4] mlx5_4:uverbs4:1/IB provider=Mlx5 speed=400000 context=0x33c92170 pciPath=/sys/devices/pci0000:f0/0000:f0:01.1/0000:f1:00.0/0000:f2:01.0/0000:f4:00.0 ar=1
gpu-nodes-2:1004:1004 [3] NCCL INFO NET/IB: [5] mlx5_5:uverbs5:1/IB provider=Mlx5 speed=100000 context=0x33cd4510 pciPath=/sys/devices/pci0000:d0/0000:d0:03.3/0000:d2:00.0 ar=1
gpu-nodes-2:1004:1004 [3] NCCL INFO NET/IB: [6] mlx5_6:uverbs6:1/IB provider=Mlx5 speed=100000 context=0x33d168d0 pciPath=/sys/devices/pci0000:d0/0000:d0:03.3/0000:d2:00.0 ar=1
gpu-nodes-2:1004:1004 [3] NCCL INFO NET/IB: [7] mlx5_7:uverbs7:1/IB provider=Mlx5 speed=100000 context=0x33d58c70 pciPath=/sys/devices/pci0000:d0/0000:d0:03.3/0000:d2:00.0 ar=1
gpu-nodes-2:1004:1004 [3] NCCL INFO NET/IB: [8] mlx5_8:uverbs8:1/IB provider=Mlx5 speed=100000 context=0x33d9b080 pciPath=/sys/devices/pci0000:d0/0000:d0:03.3/0000:d2:00.0 ar=1
gpu-nodes-2:1004:1004 [3] NCCL INFO NET/IB: [9] mlx5_9:uverbs9:1/IB provider=Mlx5 speed=400000 context=0x33ddd420 pciPath=/sys/devices/pci0000:80/0000:80:01.1/0000:81:00.0/0000:82:01.0/0000:84:00.0 ar=1
gpu-nodes-2:1004:1004 [3] NCCL INFO NET/IB: [10] mlx5_10:uverbs10:1/RoCE provider=Mlx5 speed=200000 context=0x33e1f830 pciPath=/sys/devices/pci0000:c0/0000:c0:01.1/0000:c1:00.0 ar=0
gpu-nodes-2:1004:1004 [3] NCCL INFO NET/IB: [11] mlx5_11:uverbs11:1/RoCE provider=Mlx5 speed=200000 context=0x33e61c30 pciPath=/sys/devices/pci0000:c0/0000:c0:01.1/0000:c1:00.0 ar=0
gpu-nodes-2:1004:1004 [3] NCCL INFO NET/IB: [12] mlx5_12:uverbs12:1/IB provider=Mlx5 speed=400000 context=0x33ea4030 pciPath=/sys/devices/pci0000:e0/0000:e0:01.1/0000:e1:00.0/0000:e2:01.0/0000:e4:00.0 ar=1
gpu-nodes-2:1004:1004 [3] NCCL INFO NET/IB: [13] mlx5_13:uverbs13:1/IB provider=Mlx5 speed=400000 context=0x33ee63f0 pciPath=/sys/devices/pci0000:90/0000:90:01.1/0000:91:00.0/0000:92:01.0/0000:94:00.0 ar=1
gpu-nodes-2:1004:1004 [3] NCCL INFO NET/IB : Made virtual device [0] name=mlx5_1 speed=400000 ndevs=1
gpu-nodes-2:1004:1004 [3] NCCL INFO NET/IB : Made virtual device [1] name=mlx5_3 speed=400000 ndevs=1
gpu-nodes-2:1004:1004 [3] NCCL INFO NET/IB : Made virtual device [2] name=mlx5_2 speed=400000 ndevs=1
gpu-nodes-2:1004:1004 [3] NCCL INFO NET/IB : Made virtual device [3] name=mlx5_0 speed=400000 ndevs=1
gpu-nodes-2:1004:1004 [3] NCCL INFO NET/IB : Made virtual device [4] name=mlx5_9 speed=400000 ndevs=1
gpu-nodes-2:1004:1004 [3] NCCL INFO NET/IB : Made virtual device [5] name=mlx5_13 speed=400000 ndevs=1
gpu-nodes-2:1004:1004 [3] NCCL INFO NET/IB : Made virtual device [6] name=mlx5_10 speed=200000 ndevs=1
gpu-nodes-2:1004:1004 [3] NCCL INFO NET/IB : Made virtual device [7] name=mlx5_11 speed=200000 ndevs=1
gpu-nodes-2:1004:1004 [3] NCCL INFO NET/IB : Made virtual device [8] name=mlx5_5 speed=100000 ndevs=1
gpu-nodes-2:1004:1004 [3] NCCL INFO NET/IB : Made virtual device [9] name=mlx5_6 speed=100000 ndevs=1
gpu-nodes-2:1004:1004 [3] NCCL INFO NET/IB : Made virtual device [10] name=mlx5_7 speed=100000 ndevs=1
gpu-nodes-2:1004:1004 [3] NCCL INFO NET/IB : Made virtual device [11] name=mlx5_8 speed=100000 ndevs=1
gpu-nodes-2:1004:1004 [3] NCCL INFO NET/IB : Made virtual device [12] name=mlx5_12 speed=400000 ndevs=1
gpu-nodes-2:1004:1004 [3] NCCL INFO NET/IB : Made virtual device [13] name=mlx5_4 speed=400000 ndevs=1
gpu-nodes-2:1004:1004 [3] NCCL INFO NET/IB : Using [0]mlx5_1:1/IB [1]mlx5_3:1/IB [2]mlx5_2:1/IB [3]mlx5_0:1/IB [4]mlx5_9:1/IB [5]mlx5_13:1/IB [6]mlx5_10:1/RoCE [7]mlx5_11:1/RoCE [8]mlx5_5:1/IB [9]mlx5_6:1/IB [10]mlx5_7:1/IB [11]mlx5_8:1/IB [12]mlx5_12:1/IB [13]mlx5_4:1/IB [RO]; OOB eth0:10.244.218.62<0>
gpu-nodes-2:1004:1004 [3] NCCL INFO Initialized NET plugin IB
gpu-nodes-2:1004:1004 [3] NCCL INFO Assigned NET plugin IB to comm
gpu-nodes-2:1004:1004 [3] NCCL INFO GIN/Plugin: Could not find: libnccl-gin.so
gpu-nodes-2:1004:1004 [3] NCCL INFO Assigned GIN plugin GIN_IB_GDAKI to comm
gpu-nodes-2:1004:1004 [3] NCCL INFO Assigned RMA plugin GIN_IB_PROXY to comm
gpu-nodes-2:1004:1004 [3] NCCL INFO Using network IB
gpu-nodes-2:1004:1004 [3] NCCL INFO DMA-BUF is available on GPU device 3
gpu-nodes-2:1004:1004 [3] NCCL INFO [Rank 11] ncclCommInitRank comm 0x2c36cf00 rank 11 nranks 16 cudaDev 3 nvmlDev 3 busId 73000 commId 0xe28b3014edf15684 - Init START
gpu-nodes-2:1004:1004 [3] NCCL INFO RAS client listening socket at ::1<28028>
gpu-nodes-2:1004:1004 [3] NCCL INFO MNNVL busId 0x73000 fabric UUID 0.0 cliqueId 0x0 state 3 healthMask 0x80
gpu-nodes-2:1004:1004 [3] NCCL INFO Could not find real path of /sys/class/pci_bus/fffffff/../../fffffff:ff:f
gpu-nodes-2:1004:1004 [3] NCCL INFO TOPO/NET : Importing network plugins to topology
gpu-nodes-2:1004:1004 [3] NCCL INFO NET/GIN_IB_GDAKI : GPU Direct RDMA Enabled for HCA 0 'mlx5_1'
gpu-nodes-2:1004:1004 [3] NCCL INFO ncclTopoPopulateNics : Filled mlx5_1 in topo with pciPath=/sys/devices/pci0000:00/0000:00:01.1/0000:01:00.0/0000:02:01.0/0000:04:00.0 net=0 gin=1 keep=1 coll=(null)
gpu-nodes-2:1004:1004 [3] NCCL INFO NET/GIN_IB_GDAKI : GPU Direct RDMA Enabled for HCA 1 'mlx5_3'
gpu-nodes-2:1004:1004 [3] NCCL INFO ncclTopoPopulateNics : Filled mlx5_3 in topo with pciPath=/sys/devices/pci0000:10/0000:10:01.1/0000:11:00.0/0000:12:01.0/0000:14:00.0 net=0 gin=1 keep=1 coll=(null)
gpu-nodes-2:1004:1004 [3] NCCL INFO NET/GIN_IB_GDAKI : GPU Direct RDMA Enabled for HCA 2 'mlx5_2'
gpu-nodes-2:1004:1004 [3] NCCL INFO ncclTopoPopulateNics : Filled mlx5_2 in topo with pciPath=/sys/devices/pci0000:60/0000:60:01.1/0000:61:00.0/0000:62:01.0/0000:64:00.0 net=0 gin=1 keep=1 coll=(null)
gpu-nodes-2:1004:1004 [3] NCCL INFO NET/GIN_IB_GDAKI : GPU Direct RDMA Enabled for HCA 3 'mlx5_0'
gpu-nodes-2:1004:1004 [3] NCCL INFO ncclTopoPopulateNics : Filled mlx5_0 in topo with pciPath=/sys/devices/pci0000:70/0000:70:01.1/0000:71:00.0/0000:72:01.0/0000:74:00.0 net=0 gin=1 keep=1 coll=(null)
gpu-nodes-2:1004:1004 [3] NCCL INFO NET/GIN_IB_GDAKI : GPU Direct RDMA Enabled for HCA 4 'mlx5_9'
gpu-nodes-2:1004:1004 [3] NCCL INFO ncclTopoPopulateNics : Filled mlx5_9 in topo with pciPath=/sys/devices/pci0000:80/0000:80:01.1/0000:81:00.0/0000:82:01.0/0000:84:00.0 net=0 gin=1 keep=1 coll=(null)
gpu-nodes-2:1004:1004 [3] NCCL INFO NET/GIN_IB_GDAKI : GPU Direct RDMA Enabled for HCA 5 'mlx5_13'
gpu-nodes-2:1004:1004 [3] NCCL INFO ncclTopoPopulateNics : Filled mlx5_13 in topo with pciPath=/sys/devices/pci0000:90/0000:90:01.1/0000:91:00.0/0000:92:01.0/0000:94:00.0 net=0 gin=1 keep=1 coll=(null)
gpu-nodes-2:1004:1004 [3] NCCL INFO NET/GIN_IB_GDAKI : GPU Direct RDMA Enabled for HCA 6 'mlx5_10'
gpu-nodes-2:1004:1004 [3] NCCL INFO ncclTopoPopulateNics : Filled mlx5_10 in topo with pciPath=/sys/devices/pci0000:c0/0000:c0:01.1/0000:c1:00.0 net=0 gin=1 keep=1 coll=(null)
gpu-nodes-2:1004:1004 [3] NCCL INFO NET/GIN_IB_GDAKI : GPU Direct RDMA Enabled for HCA 7 'mlx5_11'
gpu-nodes-2:1004:1004 [3] NCCL INFO ncclTopoPopulateNics : Filled mlx5_11 in topo with pciPath=/sys/devices/pci0000:c0/0000:c0:01.1/0000:c1:00.0 net=0 gin=1 keep=1 coll=(null)
gpu-nodes-2:1004:1004 [3] NCCL INFO NET/GIN_IB_GDAKI : GPU Direct RDMA Enabled for HCA 8 'mlx5_5'
gpu-nodes-2:1004:1004 [3] NCCL INFO ncclTopoPopulateNics : Filled mlx5_5 in topo with pciPath=/sys/devices/pci0000:d0/0000:d0:03.3/0000:d2:00.0 net=0 gin=1 keep=1 coll=(null)
gpu-nodes-2:1004:1004 [3] NCCL INFO NET/GIN_IB_GDAKI : GPU Direct RDMA Enabled for HCA 9 'mlx5_6'
gpu-nodes-2:1004:1004 [3] NCCL INFO ncclTopoPopulateNics : Filled mlx5_6 in topo with pciPath=/sys/devices/pci0000:d0/0000:d0:03.3/0000:d2:00.0 net=0 gin=1 keep=1 coll=(null)
gpu-nodes-2:1004:1004 [3] NCCL INFO NET/GIN_IB_GDAKI : GPU Direct RDMA Enabled for HCA 10 'mlx5_7'
gpu-nodes-2:1004:1004 [3] NCCL INFO ncclTopoPopulateNics : Filled mlx5_7 in topo with pciPath=/sys/devices/pci0000:d0/0000:d0:03.3/0000:d2:00.0 net=0 gin=1 keep=1 coll=(null)
gpu-nodes-2:1004:1004 [3] NCCL INFO NET/GIN_IB_GDAKI : GPU Direct RDMA Enabled for HCA 11 'mlx5_8'
gpu-nodes-2:1004:1004 [3] NCCL INFO ncclTopoPopulateNics : Filled mlx5_8 in topo with pciPath=/sys/devices/pci0000:d0/0000:d0:03.3/0000:d2:00.0 net=0 gin=1 keep=1 coll=(null)
gpu-nodes-2:1004:1004 [3] NCCL INFO NET/GIN_IB_GDAKI : GPU Direct RDMA Enabled for HCA 12 'mlx5_12'
gpu-nodes-2:1004:1004 [3] NCCL INFO ncclTopoPopulateNics : Filled mlx5_12 in topo with pciPath=/sys/devices/pci0000:e0/0000:e0:01.1/0000:e1:00.0/0000:e2:01.0/0000:e4:00.0 net=0 gin=1 keep=1 coll=(null)
gpu-nodes-2:1004:1004 [3] NCCL INFO NET/GIN_IB_GDAKI : GPU Direct RDMA Enabled for HCA 13 'mlx5_4'
gpu-nodes-2:1004:1004 [3] NCCL INFO ncclTopoPopulateNics : Filled mlx5_4 in topo with pciPath=/sys/devices/pci0000:f0/0000:f0:01.1/0000:f1:00.0/0000:f2:01.0/0000:f4:00.0 net=0 gin=1 keep=1 coll=(null)
gpu-nodes-2:1004:1004 [3] NCCL INFO NET/IB : GPU Direct RDMA Enabled for HCA 0 'mlx5_1'
gpu-nodes-2:1004:1004 [3] NCCL INFO ncclTopoPopulateNics : Filled mlx5_1 in topo with pciPath=/sys/devices/pci0000:00/0000:00:01.1/0000:01:00.0/0000:02:01.0/0000:04:00.0 net=1 gin=1 keep=1 coll=(null)
gpu-nodes-2:1004:1004 [3] NCCL INFO NET/IB : GPU Direct RDMA Enabled for HCA 1 'mlx5_3'
gpu-nodes-2:1004:1004 [3] NCCL INFO ncclTopoPopulateNics : Filled mlx5_3 in topo with pciPath=/sys/devices/pci0000:10/0000:10:01.1/0000:11:00.0/0000:12:01.0/0000:14:00.0 net=1 gin=1 keep=1 coll=(null)
gpu-nodes-2:1004:1004 [3] NCCL INFO NET/IB : GPU Direct RDMA Enabled for HCA 2 'mlx5_2'
gpu-nodes-2:1004:1004 [3] NCCL INFO ncclTopoPopulateNics : Filled mlx5_2 in topo with pciPath=/sys/devices/pci0000:60/0000:60:01.1/0000:61:00.0/0000:62:01.0/0000:64:00.0 net=1 gin=1 keep=1 coll=(null)
gpu-nodes-2:1004:1004 [3] NCCL INFO NET/IB : GPU Direct RDMA Enabled for HCA 3 'mlx5_0'
gpu-nodes-2:1004:1004 [3] NCCL INFO ncclTopoPopulateNics : Filled mlx5_0 in topo with pciPath=/sys/devices/pci0000:70/0000:70:01.1/0000:71:00.0/0000:72:01.0/0000:74:00.0 net=1 gin=1 keep=1 coll=(null)
gpu-nodes-2:1004:1004 [3] NCCL INFO NET/IB : GPU Direct RDMA Enabled for HCA 4 'mlx5_9'
gpu-nodes-2:1004:1004 [3] NCCL INFO ncclTopoPopulateNics : Filled mlx5_9 in topo with pciPath=/sys/devices/pci0000:80/0000:80:01.1/0000:81:00.0/0000:82:01.0/0000:84:00.0 net=1 gin=1 keep=1 coll=(null)
gpu-nodes-2:1004:1004 [3] NCCL INFO NET/IB : GPU Direct RDMA Enabled for HCA 5 'mlx5_13'
gpu-nodes-2:1004:1004 [3] NCCL INFO ncclTopoPopulateNics : Filled mlx5_13 in topo with pciPath=/sys/devices/pci0000:90/0000:90:01.1/0000:91:00.0/0000:92:01.0/0000:94:00.0 net=1 gin=1 keep=1 coll=(null)
gpu-nodes-2:1004:1004 [3] NCCL INFO NET/IB : GPU Direct RDMA Enabled for HCA 6 'mlx5_10'
gpu-nodes-2:1004:1004 [3] NCCL INFO ncclTopoPopulateNics : Filled mlx5_10 in topo with pciPath=/sys/devices/pci0000:c0/0000:c0:01.1/0000:c1:00.0 net=1 gin=1 keep=1 coll=(null)
gpu-nodes-2:1004:1004 [3] NCCL INFO NET/IB : GPU Direct RDMA Enabled for HCA 7 'mlx5_11'
gpu-nodes-2:1004:1004 [3] NCCL INFO ncclTopoPopulateNics : Filled mlx5_11 in topo with pciPath=/sys/devices/pci0000:c0/0000:c0:01.1/0000:c1:00.0 net=1 gin=1 keep=1 coll=(null)
gpu-nodes-2:1004:1004 [3] NCCL INFO NET/IB : GPU Direct RDMA Enabled for HCA 8 'mlx5_5'
gpu-nodes-2:1004:1004 [3] NCCL INFO ncclTopoPopulateNics : Filled mlx5_5 in topo with pciPath=/sys/devices/pci0000:d0/0000:d0:03.3/0000:d2:00.0 net=1 gin=1 keep=1 coll=(null)
gpu-nodes-2:1004:1004 [3] NCCL INFO NET/IB : GPU Direct RDMA Enabled for HCA 9 'mlx5_6'
gpu-nodes-2:1004:1004 [3] NCCL INFO ncclTopoPopulateNics : Filled mlx5_6 in topo with pciPath=/sys/devices/pci0000:d0/0000:d0:03.3/0000:d2:00.0 net=1 gin=1 keep=1 coll=(null)
gpu-nodes-2:1004:1004 [3] NCCL INFO NET/IB : GPU Direct RDMA Enabled for HCA 10 'mlx5_7'
gpu-nodes-2:1004:1004 [3] NCCL INFO ncclTopoPopulateNics : Filled mlx5_7 in topo with pciPath=/sys/devices/pci0000:d0/0000:d0:03.3/0000:d2:00.0 net=1 gin=1 keep=1 coll=(null)
gpu-nodes-2:1004:1004 [3] NCCL INFO NET/IB : GPU Direct RDMA Enabled for HCA 11 'mlx5_8'
gpu-nodes-2:1004:1004 [3] NCCL INFO ncclTopoPopulateNics : Filled mlx5_8 in topo with pciPath=/sys/devices/pci0000:d0/0000:d0:03.3/0000:d2:00.0 net=1 gin=1 keep=1 coll=(null)
gpu-nodes-2:1004:1004 [3] NCCL INFO NET/IB : GPU Direct RDMA Enabled for HCA 12 'mlx5_12'
gpu-nodes-2:1004:1004 [3] NCCL INFO ncclTopoPopulateNics : Filled mlx5_12 in topo with pciPath=/sys/devices/pci0000:e0/0000:e0:01.1/0000:e1:00.0/0000:e2:01.0/0000:e4:00.0 net=1 gin=1 keep=1 coll=(null)
gpu-nodes-2:1004:1004 [3] NCCL INFO NET/IB : GPU Direct RDMA Enabled for HCA 13 'mlx5_4'
gpu-nodes-2:1004:1004 [3] NCCL INFO ncclTopoPopulateNics : Filled mlx5_4 in topo with pciPath=/sys/devices/pci0000:f0/0000:f0:01.1/0000:f1:00.0/0000:f2:01.0/0000:f4:00.0 net=1 gin=1 keep=1 coll=(null)
gpu-nodes-2:1004:1004 [3] NCCL INFO NET/IB : Made virtual device [14] name=mlx5_10+mlx5_11 speed=400000 ndevs=2
gpu-nodes-2:1004:1004 [3] NCCL INFO TOPO/NET : Made vNic 14
gpu-nodes-2:1004:1004 [3] NCCL INFO NET/IB : Made virtual device [15] name=mlx5_5+mlx5_6+mlx5_7+mlx5_8 speed=400000 ndevs=4
gpu-nodes-2:1004:1004 [3] NCCL INFO TOPO/NET : Made vNic 15
gpu-nodes-2:1004:1004 [3] NCCL INFO NET/IB : GPU Direct RDMA Enabled for HCA 14 'mlx5_10+mlx5_11'
gpu-nodes-2:1004:1004 [3] NCCL INFO ncclTopoPopulateNics : Filled mlx5_10+mlx5_11 in topo with pciPath=/sys/devices/pci0000:c0/0000:c0:01.1/0000:c1:00.0 net=1 gin=(null) keep=1 coll=(null)
gpu-nodes-2:1004:1004 [3] NCCL INFO NET/IB : GPU Direct RDMA Enabled for HCA 15 'mlx5_5+mlx5_6+mlx5_7+mlx5_8'
gpu-nodes-2:1004:1004 [3] NCCL INFO ncclTopoPopulateNics : Filled mlx5_5+mlx5_6+mlx5_7+mlx5_8 in topo with pciPath=/sys/devices/pci0000:d0/0000:d0:03.3/0000:d2:00.0 net=1 gin=(null) keep=1 coll=(null)
gpu-nodes-2:1004:1004 [3] NCCL INFO GPU Direct RDMA Enabled for GPU/0-12288 (rank 8) - NET/0-0 (distance 4 <= 6, read 0, mode Default)
gpu-nodes-2:1004:1004 [3] NCCL INFO GPU Direct RDMA Enabled for GPU/0-77824 (rank 9) - NET/0-0 ( using PXN via GPU/0-12288, distance 4 <= 6, read 0, mode Default)
gpu-nodes-2:1004:1004 [3] NCCL INFO GPU Direct RDMA Enabled for GPU/0-405504 (rank 10) - NET/0-0 ( using PXN via GPU/0-12288, distance 4 <= 6, read 0, mode Default)
gpu-nodes-2:1004:1004 [3] NCCL INFO GPU Direct RDMA Enabled for GPU/0-471040 (rank 11) - NET/0-0 ( using PXN via GPU/0-12288, distance 4 <= 6, read 0, mode Default)
gpu-nodes-2:1004:1004 [3] NCCL INFO GPU Direct RDMA Enabled for GPU/0-536576 (rank 12) - NET/0-0 ( using PXN via GPU/0-12288, distance 4 <= 6, read 0, mode Default)
gpu-nodes-2:1004:1004 [3] NCCL INFO GPU Direct RDMA Enabled for GPU/0-602112 (rank 13) - NET/0-0 ( using PXN via GPU/0-12288, distance 4 <= 6, read 0, mode Default)
gpu-nodes-2:1004:1004 [3] NCCL INFO GPU Direct RDMA Enabled for GPU/0-929792 (rank 14) - NET/0-0 ( using PXN via GPU/0-12288, distance 4 <= 6, read 0, mode Default)
gpu-nodes-2:1004:1004 [3] NCCL INFO GPU Direct RDMA Enabled for GPU/0-995328 (rank 15) - NET/0-0 ( using PXN via GPU/0-12288, distance 4 <= 6, read 0, mode Default)
gpu-nodes-2:1004:1004 [3] NCCL INFO GPU Direct RDMA Enabled for GPU/0-12288 (rank 8) - NET/0-1 ( using PXN via GPU/0-77824, distance 4 <= 6, read 0, mode Default)
gpu-nodes-2:1004:1004 [3] NCCL INFO GPU Direct RDMA Enabled for GPU/0-77824 (rank 9) - NET/0-1 (distance 4 <= 6, read 0, mode Default)
gpu-nodes-2:1004:1004 [3] NCCL INFO GPU Direct RDMA Enabled for GPU/0-405504 (rank 10) - NET/0-1 ( using PXN via GPU/0-77824, distance 4 <= 6, read 0, mode Default)
gpu-nodes-2:1004:1004 [3] NCCL INFO GPU Direct RDMA Enabled for GPU/0-471040 (rank 11) - NET/0-1 ( using PXN via GPU/0-77824, distance 4 <= 6, read 0, mode Default)
gpu-nodes-2:1004:1004 [3] NCCL INFO GPU Direct RDMA Enabled for GPU/0-536576 (rank 12) - NET/0-1 ( using PXN via GPU/0-77824, distance 4 <= 6, read 0, mode Default)
gpu-nodes-2:1004:1004 [3] NCCL INFO GPU Direct RDMA Enabled for GPU/0-602112 (rank 13) - NET/0-1 ( using PXN via GPU/0-77824, distance 4 <= 6, read 0, mode Default)
gpu-nodes-2:1004:1004 [3] NCCL INFO GPU Direct RDMA Enabled for GPU/0-929792 (rank 14) - NET/0-1 ( using PXN via GPU/0-77824, distance 4 <= 6, read 0, mode Default)
gpu-nodes-2:1004:1004 [3] NCCL INFO GPU Direct RDMA Enabled for GPU/0-995328 (rank 15) - NET/0-1 ( using PXN via GPU/0-77824, distance 4 <= 6, read 0, mode Default)
gpu-nodes-2:1004:1004 [3] NCCL INFO GPU Direct RDMA Enabled for GPU/0-12288 (rank 8) - NET/0-2 ( using PXN via GPU/0-405504, distance 4 <= 6, read 0, mode Default)
gpu-nodes-2:1004:1004 [3] NCCL INFO GPU Direct RDMA Enabled for GPU/0-77824 (rank 9) - NET/0-2 ( using PXN via GPU/0-405504, distance 4 <= 6, read 0, mode Default)
gpu-nodes-2:1004:1004 [3] NCCL INFO GPU Direct RDMA Enabled for GPU/0-405504 (rank 10) - NET/0-2 (distance 4 <= 6, read 0, mode Default)
gpu-nodes-2:1004:1004 [3] NCCL INFO GPU Direct RDMA Enabled for GPU/0-471040 (rank 11) - NET/0-2 ( using PXN via GPU/0-405504, distance 4 <= 6, read 0, mode Default)
gpu-nodes-2:1004:1004 [3] NCCL INFO GPU Direct RDMA Enabled for GPU/0-536576 (rank 12) - NET/0-2 ( using PXN via GPU/0-405504, distance 4 <= 6, read 0, mode Default)
gpu-nodes-2:1004:1004 [3] NCCL INFO GPU Direct RDMA Enabled for GPU/0-602112 (rank 13) - NET/0-2 ( using PXN via GPU/0-405504, distance 4 <= 6, read 0, mode Default)
gpu-nodes-2:1004:1004 [3] NCCL INFO GPU Direct RDMA Enabled for GPU/0-929792 (rank 14) - NET/0-2 ( using PXN via GPU/0-405504, distance 4 <= 6, read 0, mode Default)
gpu-nodes-2:1004:1004 [3] NCCL INFO GPU Direct RDMA Enabled for GPU/0-995328 (rank 15) - NET/0-2 ( using PXN via GPU/0-405504, distance 4 <= 6, read 0, mode Default)
gpu-nodes-2:1004:1004 [3] NCCL INFO GPU Direct RDMA Enabled for GPU/0-12288 (rank 8) - NET/0-3 ( using PXN via GPU/0-471040, distance 4 <= 6, read 0, mode Default)
gpu-nodes-2:1004:1004 [3] NCCL INFO GPU Direct RDMA Enabled for GPU/0-77824 (rank 9) - NET/0-3 ( using PXN via GPU/0-471040, distance 4 <= 6, read 0, mode Default)
gpu-nodes-2:1004:1004 [3] NCCL INFO GPU Direct RDMA Enabled for GPU/0-405504 (rank 10) - NET/0-3 ( using PXN via GPU/0-471040, distance 4 <= 6, read 0, mode Default)
gpu-nodes-2:1004:1004 [3] NCCL INFO GPU Direct RDMA Enabled for GPU/0-471040 (rank 11) - NET/0-3 (distance 4 <= 6, read 0, mode Default)
gpu-nodes-2:1004:1004 [3] NCCL INFO GPU Direct RDMA Enabled for GPU/0-536576 (rank 12) - NET/0-3 ( using PXN via GPU/0-471040, distance 4 <= 6, read 0, mode Default)
gpu-nodes-2:1004:1004 [3] NCCL INFO GPU Direct RDMA Enabled for GPU/0-602112 (rank 13) - NET/0-3 ( using PXN via GPU/0-471040, distance 4 <= 6, read 0, mode Default)
gpu-nodes-2:1004:1004 [3] NCCL INFO GPU Direct RDMA Enabled for GPU/0-929792 (rank 14) - NET/0-3 ( using PXN via GPU/0-471040, distance 4 <= 6, read 0, mode Default)
gpu-nodes-2:1004:1004 [3] NCCL INFO GPU Direct RDMA Enabled for GPU/0-995328 (rank 15) - NET/0-3 ( using PXN via GPU/0-471040, distance 4 <= 6, read 0, mode Default)
gpu-nodes-2:1004:1004 [3] NCCL INFO GPU Direct RDMA Enabled for GPU/0-12288 (rank 8) - NET/0-4 ( using PXN via GPU/0-536576, distance 4 <= 6, read 0, mode Default)
gpu-nodes-2:1004:1004 [3] NCCL INFO GPU Direct RDMA Enabled for GPU/0-77824 (rank 9) - NET/0-4 ( using PXN via GPU/0-536576, distance 4 <= 6, read 0, mode Default)
gpu-nodes-2:1004:1004 [3] NCCL INFO GPU Direct RDMA Enabled for GPU/0-405504 (rank 10) - NET/0-4 ( using PXN via GPU/0-536576, distance 4 <= 6, read 0, mode Default)
gpu-nodes-2:1004:1004 [3] NCCL INFO GPU Direct RDMA Enabled for GPU/0-471040 (rank 11) - NET/0-4 ( using PXN via GPU/0-536576, distance 4 <= 6, read 0, mode Default)
gpu-nodes-2:1004:1004 [3] NCCL INFO GPU Direct RDMA Enabled for GPU/0-536576 (rank 12) - NET/0-4 (distance 4 <= 6, read 0, mode Default)
gpu-nodes-2:1004:1004 [3] NCCL INFO GPU Direct RDMA Enabled for GPU/0-602112 (rank 13) - NET/0-4 ( using PXN via GPU/0-536576, distance 4 <= 6, read 0, mode Default)
gpu-nodes-2:1004:1004 [3] NCCL INFO GPU Direct RDMA Enabled for GPU/0-929792 (rank 14) - NET/0-4 ( using PXN via GPU/0-536576, distance 4 <= 6, read 0, mode Default)
gpu-nodes-2:1004:1004 [3] NCCL INFO GPU Direct RDMA Enabled for GPU/0-995328 (rank 15) - NET/0-4 ( using PXN via GPU/0-536576, distance 4 <= 6, read 0, mode Default)
gpu-nodes-2:1004:1004 [3] NCCL INFO GPU Direct RDMA Enabled for GPU/0-12288 (rank 8) - NET/0-5 ( using PXN via GPU/0-602112, distance 4 <= 6, read 0, mode Default)
gpu-nodes-2:1004:1004 [3] NCCL INFO GPU Direct RDMA Enabled for GPU/0-77824 (rank 9) - NET/0-5 ( using PXN via GPU/0-602112, distance 4 <= 6, read 0, mode Default)
gpu-nodes-2:1004:1004 [3] NCCL INFO GPU Direct RDMA Enabled for GPU/0-405504 (rank 10) - NET/0-5 ( using PXN via GPU/0-602112, distance 4 <= 6, read 0, mode Default)
gpu-nodes-2:1004:1004 [3] NCCL INFO GPU Direct RDMA Enabled for GPU/0-471040 (rank 11) - NET/0-5 ( using PXN via GPU/0-602112, distance 4 <= 6, read 0, mode Default)
gpu-nodes-2:1004:1004 [3] NCCL INFO GPU Direct RDMA Enabled for GPU/0-536576 (rank 12) - NET/0-5 ( using PXN via GPU/0-602112, distance 4 <= 6, read 0, mode Default)
gpu-nodes-2:1004:1004 [3] NCCL INFO GPU Direct RDMA Enabled for GPU/0-602112 (rank 13) - NET/0-5 (distance 4 <= 6, read 0, mode Default)
gpu-nodes-2:1004:1004 [3] NCCL INFO GPU Direct RDMA Enabled for GPU/0-929792 (rank 14) - NET/0-5 ( using PXN via GPU/0-602112, distance 4 <= 6, read 0, mode Default)
gpu-nodes-2:1004:1004 [3] NCCL INFO GPU Direct RDMA Enabled for GPU/0-995328 (rank 15) - NET/0-5 ( using PXN via GPU/0-602112, distance 4 <= 6, read 0, mode Default)
gpu-nodes-2:1004:1004 [3] NCCL INFO GPU Direct RDMA Enabled for GPU/0-12288 (rank 8) - NET/0-12 ( using PXN via GPU/0-929792, distance 4 <= 6, read 0, mode Default)
gpu-nodes-2:1004:1004 [3] NCCL INFO GPU Direct RDMA Enabled for GPU/0-77824 (rank 9) - NET/0-12 ( using PXN via GPU/0-929792, distance 4 <= 6, read 0, mode Default)
gpu-nodes-2:1004:1004 [3] NCCL INFO GPU Direct RDMA Enabled for GPU/0-405504 (rank 10) - NET/0-12 ( using PXN via GPU/0-929792, distance 4 <= 6, read 0, mode Default)
gpu-nodes-2:1004:1004 [3] NCCL INFO GPU Direct RDMA Enabled for GPU/0-471040 (rank 11) - NET/0-12 ( using PXN via GPU/0-929792, distance 4 <= 6, read 0, mode Default)
gpu-nodes-2:1004:1004 [3] NCCL INFO GPU Direct RDMA Enabled for GPU/0-536576 (rank 12) - NET/0-12 ( using PXN via GPU/0-929792, distance 4 <= 6, read 0, mode Default)
gpu-nodes-2:1004:1004 [3] NCCL INFO GPU Direct RDMA Enabled for GPU/0-602112 (rank 13) - NET/0-12 ( using PXN via GPU/0-929792, distance 4 <= 6, read 0, mode Default)
gpu-nodes-2:1004:1004 [3] NCCL INFO GPU Direct RDMA Enabled for GPU/0-929792 (rank 14) - NET/0-12 (distance 4 <= 6, read 0, mode Default)
gpu-nodes-2:1004:1004 [3] NCCL INFO GPU Direct RDMA Enabled for GPU/0-995328 (rank 15) - NET/0-12 ( using PXN via GPU/0-929792, distance 4 <= 6, read 0, mode Default)
gpu-nodes-2:1004:1004 [3] NCCL INFO GPU Direct RDMA Enabled for GPU/0-12288 (rank 8) - NET/0-13 ( using PXN via GPU/0-995328, distance 4 <= 6, read 0, mode Default)
gpu-nodes-2:1004:1004 [3] NCCL INFO GPU Direct RDMA Enabled for GPU/0-77824 (rank 9) - NET/0-13 ( using PXN via GPU/0-995328, distance 4 <= 6, read 0, mode Default)
gpu-nodes-2:1004:1004 [3] NCCL INFO GPU Direct RDMA Enabled for GPU/0-405504 (rank 10) - NET/0-13 ( using PXN via GPU/0-995328, distance 4 <= 6, read 0, mode Default)
gpu-nodes-2:1004:1004 [3] NCCL INFO GPU Direct RDMA Enabled for GPU/0-471040 (rank 11) - NET/0-13 ( using PXN via GPU/0-995328, distance 4 <= 6, read 0, mode Default)
gpu-nodes-2:1004:1004 [3] NCCL INFO GPU Direct RDMA Enabled for GPU/0-536576 (rank 12) - NET/0-13 ( using PXN via GPU/0-995328, distance 4 <= 6, read 0, mode Default)
gpu-nodes-2:1004:1004 [3] NCCL INFO GPU Direct RDMA Enabled for GPU/0-602112 (rank 13) - NET/0-13 ( using PXN via GPU/0-995328, distance 4 <= 6, read 0, mode Default)
gpu-nodes-2:1004:1004 [3] NCCL INFO GPU Direct RDMA Enabled for GPU/0-929792 (rank 14) - NET/0-13 ( using PXN via GPU/0-995328, distance 4 <= 6, read 0, mode Default)
gpu-nodes-2:1004:1004 [3] NCCL INFO GPU Direct RDMA Enabled for GPU/0-995328 (rank 15) - NET/0-13 (distance 4 <= 6, read 0, mode Default)
gpu-nodes-2:1004:1004 [3] NCCL INFO GPU Direct RDMA Enabled for GPU/0-12288 (rank 8) - NET/0-0 (distance 4 <= 6, read 0, mode Default)
gpu-nodes-2:1004:1004 [3] NCCL INFO GPU Direct RDMA Enabled for GPU/0-77824 (rank 9) - NET/0-0 ( using PXN via GPU/0-12288, distance 4 <= 6, read 0, mode Default)
gpu-nodes-2:1004:1004 [3] NCCL INFO GPU Direct RDMA Enabled for GPU/0-405504 (rank 10) - NET/0-0 ( using PXN via GPU/0-12288, distance 4 <= 6, read 0, mode Default)
gpu-nodes-2:1004:1004 [3] NCCL INFO GPU Direct RDMA Enabled for GPU/0-471040 (rank 11) - NET/0-0 ( using PXN via GPU/0-12288, distance 4 <= 6, read 0, mode Default)
gpu-nodes-2:1004:1004 [3] NCCL INFO GPU Direct RDMA Enabled for GPU/0-536576 (rank 12) - NET/0-0 ( using PXN via GPU/0-12288, distance 4 <= 6, read 0, mode Default)
gpu-nodes-2:1004:1004 [3] NCCL INFO GPU Direct RDMA Enabled for GPU/0-602112 (rank 13) - NET/0-0 ( using PXN via GPU/0-12288, distance 4 <= 6, read 0, mode Default)
gpu-nodes-2:1004:1004 [3] NCCL INFO GPU Direct RDMA Enabled for GPU/0-929792 (rank 14) - NET/0-0 ( using PXN via GPU/0-12288, distance 4 <= 6, read 0, mode Default)
gpu-nodes-2:1004:1004 [3] NCCL INFO GPU Direct RDMA Enabled for GPU/0-995328 (rank 15) - NET/0-0 ( using PXN via GPU/0-12288, distance 4 <= 6, read 0, mode Default)
gpu-nodes-2:1004:1004 [3] NCCL INFO GPU Direct RDMA Enabled for GPU/0-12288 (rank 8) - NET/0-1 ( using PXN via GPU/0-77824, distance 4 <= 6, read 0, mode Default)
gpu-nodes-2:1004:1004 [3] NCCL INFO GPU Direct RDMA Enabled for GPU/0-77824 (rank 9) - NET/0-1 (distance 4 <= 6, read 0, mode Default)
gpu-nodes-2:1004:1004 [3] NCCL INFO GPU Direct RDMA Enabled for GPU/0-405504 (rank 10) - NET/0-1 ( using PXN via GPU/0-77824, distance 4 <= 6, read 0, mode Default)
gpu-nodes-2:1004:1004 [3] NCCL INFO GPU Direct RDMA Enabled for GPU/0-471040 (rank 11) - NET/0-1 ( using PXN via GPU/0-77824, distance 4 <= 6, read 0, mode Default)
gpu-nodes-2:1004:1004 [3] NCCL INFO GPU Direct RDMA Enabled for GPU/0-536576 (rank 12) - NET/0-1 ( using PXN via GPU/0-77824, distance 4 <= 6, read 0, mode Default)
gpu-nodes-2:1004:1004 [3] NCCL INFO GPU Direct RDMA Enabled for GPU/0-602112 (rank 13) - NET/0-1 ( using PXN via GPU/0-77824, distance 4 <= 6, read 0, mode Default)
gpu-nodes-2:1004:1004 [3] NCCL INFO GPU Direct RDMA Enabled for GPU/0-929792 (rank 14) - NET/0-1 ( using PXN via GPU/0-77824, distance 4 <= 6, read 0, mode Default)
gpu-nodes-2:1004:1004 [3] NCCL INFO GPU Direct RDMA Enabled for GPU/0-995328 (rank 15) - NET/0-1 ( using PXN via GPU/0-77824, distance 4 <= 6, read 0, mode Default)
gpu-nodes-2:1004:1004 [3] NCCL INFO GPU Direct RDMA Enabled for GPU/0-12288 (rank 8) - NET/0-2 ( using PXN via GPU/0-405504, distance 4 <= 6, read 0, mode Default)
gpu-nodes-2:1004:1004 [3] NCCL INFO GPU Direct RDMA Enabled for GPU/0-77824 (rank 9) - NET/0-2 ( using PXN via GPU/0-405504, distance 4 <= 6, read 0, mode Default)
gpu-nodes-2:1004:1004 [3] NCCL INFO GPU Direct RDMA Enabled for GPU/0-405504 (rank 10) - NET/0-2 (distance 4 <= 6, read 0, mode Default)
gpu-nodes-2:1004:1004 [3] NCCL INFO GPU Direct RDMA Enabled for GPU/0-471040 (rank 11) - NET/0-2 ( using PXN via GPU/0-405504, distance 4 <= 6, read 0, mode Default)
gpu-nodes-2:1004:1004 [3] NCCL INFO GPU Direct RDMA Enabled for GPU/0-536576 (rank 12) - NET/0-2 ( using PXN via GPU/0-405504, distance 4 <= 6, read 0, mode Default)
gpu-nodes-2:1004:1004 [3] NCCL INFO GPU Direct RDMA Enabled for GPU/0-602112 (rank 13) - NET/0-2 ( using PXN via GPU/0-405504, distance 4 <= 6, read 0, mode Default)
gpu-nodes-2:1004:1004 [3] NCCL INFO GPU Direct RDMA Enabled for GPU/0-929792 (rank 14) - NET/0-2 ( using PXN via GPU/0-405504, distance 4 <= 6, read 0, mode Default)
gpu-nodes-2:1004:1004 [3] NCCL INFO GPU Direct RDMA Enabled for GPU/0-995328 (rank 15) - NET/0-2 ( using PXN via GPU/0-405504, distance 4 <= 6, read 0, mode Default)
gpu-nodes-2:1004:1004 [3] NCCL INFO GPU Direct RDMA Enabled for GPU/0-12288 (rank 8) - NET/0-3 ( using PXN via GPU/0-471040, distance 4 <= 6, read 0, mode Default)
gpu-nodes-2:1004:1004 [3] NCCL INFO GPU Direct RDMA Enabled for GPU/0-77824 (rank 9) - NET/0-3 ( using PXN via GPU/0-471040, distance 4 <= 6, read 0, mode Default)
gpu-nodes-2:1004:1004 [3] NCCL INFO GPU Direct RDMA Enabled for GPU/0-405504 (rank 10) - NET/0-3 ( using PXN via GPU/0-471040, distance 4 <= 6, read 0, mode Default)
gpu-nodes-2:1004:1004 [3] NCCL INFO GPU Direct RDMA Enabled for GPU/0-471040 (rank 11) - NET/0-3 (distance 4 <= 6, read 0, mode Default)
gpu-nodes-2:1004:1004 [3] NCCL INFO GPU Direct RDMA Enabled for GPU/0-536576 (rank 12) - NET/0-3 ( using PXN via GPU/0-471040, distance 4 <= 6, read 0, mode Default)
gpu-nodes-2:1004:1004 [3] NCCL INFO GPU Direct RDMA Enabled for GPU/0-602112 (rank 13) - NET/0-3 ( using PXN via GPU/0-471040, distance 4 <= 6, read 0, mode Default)
gpu-nodes-2:1004:1004 [3] NCCL INFO GPU Direct RDMA Enabled for GPU/0-929792 (rank 14) - NET/0-3 ( using PXN via GPU/0-471040, distance 4 <= 6, read 0, mode Default)
gpu-nodes-2:1004:1004 [3] NCCL INFO GPU Direct RDMA Enabled for GPU/0-995328 (rank 15) - NET/0-3 ( using PXN via GPU/0-471040, distance 4 <= 6, read 0, mode Default)
gpu-nodes-2:1004:1004 [3] NCCL INFO GPU Direct RDMA Enabled for GPU/0-12288 (rank 8) - NET/0-4 ( using PXN via GPU/0-536576, distance 4 <= 6, read 0, mode Default)
gpu-nodes-2:1004:1004 [3] NCCL INFO GPU Direct RDMA Enabled for GPU/0-77824 (rank 9) - NET/0-4 ( using PXN via GPU/0-536576, distance 4 <= 6, read 0, mode Default)
gpu-nodes-2:1004:1004 [3] NCCL INFO GPU Direct RDMA Enabled for GPU/0-405504 (rank 10) - NET/0-4 ( using PXN via GPU/0-536576, distance 4 <= 6, read 0, mode Default)
gpu-nodes-2:1004:1004 [3] NCCL INFO GPU Direct RDMA Enabled for GPU/0-471040 (rank 11) - NET/0-4 ( using PXN via GPU/0-536576, distance 4 <= 6, read 0, mode Default)
gpu-nodes-2:1004:1004 [3] NCCL INFO GPU Direct RDMA Enabled for GPU/0-536576 (rank 12) - NET/0-4 (distance 4 <= 6, read 0, mode Default)
gpu-nodes-2:1004:1004 [3] NCCL INFO GPU Direct RDMA Enabled for GPU/0-602112 (rank 13) - NET/0-4 ( using PXN via GPU/0-536576, distance 4 <= 6, read 0, mode Default)
gpu-nodes-2:1004:1004 [3] NCCL INFO GPU Direct RDMA Enabled for GPU/0-929792 (rank 14) - NET/0-4 ( using PXN via GPU/0-536576, distance 4 <= 6, read 0, mode Default)
gpu-nodes-2:1004:1004 [3] NCCL INFO GPU Direct RDMA Enabled for GPU/0-995328 (rank 15) - NET/0-4 ( using PXN via GPU/0-536576, distance 4 <= 6, read 0, mode Default)
gpu-nodes-2:1004:1004 [3] NCCL INFO GPU Direct RDMA Enabled for GPU/0-12288 (rank 8) - NET/0-5 ( using PXN via GPU/0-602112, distance 4 <= 6, read 0, mode Default)
gpu-nodes-2:1004:1004 [3] NCCL INFO GPU Direct RDMA Enabled for GPU/0-77824 (rank 9) - NET/0-5 ( using PXN via GPU/0-602112, distance 4 <= 6, read 0, mode Default)
gpu-nodes-2:1004:1004 [3] NCCL INFO GPU Direct RDMA Enabled for GPU/0-405504 (rank 10) - NET/0-5 ( using PXN via GPU/0-602112, distance 4 <= 6, read 0, mode Default)
gpu-nodes-2:1004:1004 [3] NCCL INFO GPU Direct RDMA Enabled for GPU/0-471040 (rank 11) - NET/0-5 ( using PXN via GPU/0-602112, distance 4 <= 6, read 0, mode Default)
gpu-nodes-2:1004:1004 [3] NCCL INFO GPU Direct RDMA Enabled for GPU/0-536576 (rank 12) - NET/0-5 ( using PXN via GPU/0-602112, distance 4 <= 6, read 0, mode Default)
gpu-nodes-2:1004:1004 [3] NCCL INFO GPU Direct RDMA Enabled for GPU/0-602112 (rank 13) - NET/0-5 (distance 4 <= 6, read 0, mode Default)
gpu-nodes-2:1004:1004 [3] NCCL INFO GPU Direct RDMA Enabled for GPU/0-929792 (rank 14) - NET/0-5 ( using PXN via GPU/0-602112, distance 4 <= 6, read 0, mode Default)
gpu-nodes-2:1004:1004 [3] NCCL INFO GPU Direct RDMA Enabled for GPU/0-995328 (rank 15) - NET/0-5 ( using PXN via GPU/0-602112, distance 4 <= 6, read 0, mode Default)
gpu-nodes-2:1004:1004 [3] NCCL INFO GPU Direct RDMA Enabled for GPU/0-12288 (rank 8) - NET/0-12 ( using PXN via GPU/0-929792, distance 4 <= 6, read 0, mode Default)
gpu-nodes-2:1004:1004 [3] NCCL INFO GPU Direct RDMA Enabled for GPU/0-77824 (rank 9) - NET/0-12 ( using PXN via GPU/0-929792, distance 4 <= 6, read 0, mode Default)
gpu-nodes-2:1004:1004 [3] NCCL INFO GPU Direct RDMA Enabled for GPU/0-405504 (rank 10) - NET/0-12 ( using PXN via GPU/0-929792, distance 4 <= 6, read 0, mode Default)
gpu-nodes-2:1004:1004 [3] NCCL INFO GPU Direct RDMA Enabled for GPU/0-471040 (rank 11) - NET/0-12 ( using PXN via GPU/0-929792, distance 4 <= 6, read 0, mode Default)
gpu-nodes-2:1004:1004 [3] NCCL INFO GPU Direct RDMA Enabled for GPU/0-536576 (rank 12) - NET/0-12 ( using PXN via GPU/0-929792, distance 4 <= 6, read 0, mode Default)
gpu-nodes-2:1004:1004 [3] NCCL INFO GPU Direct RDMA Enabled for GPU/0-602112 (rank 13) - NET/0-12 ( using PXN via GPU/0-929792, distance 4 <= 6, read 0, mode Default)
gpu-nodes-2:1004:1004 [3] NCCL INFO GPU Direct RDMA Enabled for GPU/0-929792 (rank 14) - NET/0-12 (distance 4 <= 6, read 0, mode Default)
gpu-nodes-2:1004:1004 [3] NCCL INFO GPU Direct RDMA Enabled for GPU/0-995328 (rank 15) - NET/0-12 ( using PXN via GPU/0-929792, distance 4 <= 6, read 0, mode Default)
gpu-nodes-2:1004:1004 [3] NCCL INFO GPU Direct RDMA Enabled for GPU/0-12288 (rank 8) - NET/0-13 ( using PXN via GPU/0-995328, distance 4 <= 6, read 0, mode Default)
gpu-nodes-2:1004:1004 [3] NCCL INFO GPU Direct RDMA Enabled for GPU/0-77824 (rank 9) - NET/0-13 ( using PXN via GPU/0-995328, distance 4 <= 6, read 0, mode Default)
gpu-nodes-2:1004:1004 [3] NCCL INFO GPU Direct RDMA Enabled for GPU/0-405504 (rank 10) - NET/0-13 ( using PXN via GPU/0-995328, distance 4 <= 6, read 0, mode Default)
gpu-nodes-2:1004:1004 [3] NCCL INFO GPU Direct RDMA Enabled for GPU/0-471040 (rank 11) - NET/0-13 ( using PXN via GPU/0-995328, distance 4 <= 6, read 0, mode Default)
gpu-nodes-2:1004:1004 [3] NCCL INFO GPU Direct RDMA Enabled for GPU/0-536576 (rank 12) - NET/0-13 ( using PXN via GPU/0-995328, distance 4 <= 6, read 0, mode Default)
gpu-nodes-2:1004:1004 [3] NCCL INFO GPU Direct RDMA Enabled for GPU/0-602112 (rank 13) - NET/0-13 ( using PXN via GPU/0-995328, distance 4 <= 6, read 0, mode Default)
gpu-nodes-2:1004:1004 [3] NCCL INFO GPU Direct RDMA Enabled for GPU/0-929792 (rank 14) - NET/0-13 ( using PXN via GPU/0-995328, distance 4 <= 6, read 0, mode Default)
gpu-nodes-2:1004:1004 [3] NCCL INFO GPU Direct RDMA Enabled for GPU/0-995328 (rank 15) - NET/0-13 (distance 4 <= 6, read 0, mode Default)
gpu-nodes-2:1004:1004 [3] NCCL INFO === System : maxBw 48.0 totalBw 721.8 ===
gpu-nodes-2:1004:1004 [3] NCCL INFO CPU/0-0 (1/2/-1)
gpu-nodes-2:1004:1004 [3] NCCL INFO + PCI[48.0] - PCI/0-1000 (1000c03015d91d72)
gpu-nodes-2:1004:1004 [3] NCCL INFO               + PCI[48.0] - GPU/0-3000 (8)
gpu-nodes-2:1004:1004 [3] NCCL INFO                             + NVL[721.8] - NVS/0-0
gpu-nodes-2:1004:1004 [3] NCCL INFO               + PCI[48.0] - NIC/0-4000
gpu-nodes-2:1004:1004 [3] NCCL INFO                             + NET[50.0] - NET/0-0 (0/bc3dca0003e60050/1/50.000000)
gpu-nodes-2:1004:1004 [3] NCCL INFO                             + NET[50.0] - GIN/0-0
gpu-nodes-2:1004:1004 [3] NCCL INFO + PCI[48.0] - PCI/0-11000 (1000c03015d91d72)
gpu-nodes-2:1004:1004 [3] NCCL INFO               + PCI[48.0] - NIC/0-14000
gpu-nodes-2:1004:1004 [3] NCCL INFO                             + NET[50.0] - NET/0-1 (0/2c3eca0003e60050/1/50.000000)
gpu-nodes-2:1004:1004 [3] NCCL INFO                             + NET[50.0] - GIN/0-1
gpu-nodes-2:1004:1004 [3] NCCL INFO               + PCI[48.0] - GPU/0-13000 (9)
gpu-nodes-2:1004:1004 [3] NCCL INFO                             + NVL[721.8] - NVS/0-0
gpu-nodes-2:1004:1004 [3] NCCL INFO + PCI[48.0] - PCI/0-61000 (1000c03015d91d72)
gpu-nodes-2:1004:1004 [3] NCCL INFO               + PCI[48.0] - NIC/0-64000
gpu-nodes-2:1004:1004 [3] NCCL INFO                             + NET[50.0] - NET/0-2 (0/1c3eca0003e60050/1/50.000000)
gpu-nodes-2:1004:1004 [3] NCCL INFO                             + NET[50.0] - GIN/0-2
gpu-nodes-2:1004:1004 [3] NCCL INFO               + PCI[48.0] - GPU/0-63000 (10)
gpu-nodes-2:1004:1004 [3] NCCL INFO                             + NVL[721.8] - NVS/0-0
gpu-nodes-2:1004:1004 [3] NCCL INFO + PCI[48.0] - PCI/0-71000 (1000c03015d91d72)
gpu-nodes-2:1004:1004 [3] NCCL INFO               + PCI[48.0] - NIC/0-74000
gpu-nodes-2:1004:1004 [3] NCCL INFO                             + NET[50.0] - NET/0-3 (0/dc3dca0003e60050/1/50.000000)
gpu-nodes-2:1004:1004 [3] NCCL INFO                             + NET[50.0] - GIN/0-3
gpu-nodes-2:1004:1004 [3] NCCL INFO               + PCI[48.0] - GPU/0-73000 (11)
gpu-nodes-2:1004:1004 [3] NCCL INFO                             + NVL[721.8] - NVS/0-0
gpu-nodes-2:1004:1004 [3] NCCL INFO + SYS[16.0] - CPU/0-1
gpu-nodes-2:1004:1004 [3] NCCL INFO CPU/0-1 (1/2/-1)
gpu-nodes-2:1004:1004 [3] NCCL INFO + PCI[48.0] - PCI/0-81000 (1000c03015d91d72)
gpu-nodes-2:1004:1004 [3] NCCL INFO               + PCI[48.0] - NIC/0-84000
gpu-nodes-2:1004:1004 [3] NCCL INFO                             + NET[50.0] - NET/0-4 (0/1c9fca0003e60050/1/50.000000)
gpu-nodes-2:1004:1004 [3] NCCL INFO                             + NET[50.0] - GIN/0-4
gpu-nodes-2:1004:1004 [3] NCCL INFO               + PCI[48.0] - GPU/0-83000 (12)
gpu-nodes-2:1004:1004 [3] NCCL INFO                             + NVL[721.8] - NVS/0-0
gpu-nodes-2:1004:1004 [3] NCCL INFO + PCI[48.0] - PCI/0-91000 (1000c03015d91d72)
gpu-nodes-2:1004:1004 [3] NCCL INFO               + PCI[48.0] - NIC/0-94000
gpu-nodes-2:1004:1004 [3] NCCL INFO                             + NET[50.0] - NET/0-5 (0/ac9eca0003e60050/1/50.000000)
gpu-nodes-2:1004:1004 [3] NCCL INFO                             + NET[50.0] - GIN/0-5
gpu-nodes-2:1004:1004 [3] NCCL INFO               + PCI[48.0] - GPU/0-93000 (13)
gpu-nodes-2:1004:1004 [3] NCCL INFO                             + NVL[721.8] - NVS/0-0
gpu-nodes-2:1004:1004 [3] NCCL INFO + PCI[48.0] - NIC/0-c1000
gpu-nodes-2:1004:1004 [3] NCCL INFO               + NET[50.0] - NET/0-e (0/43cb90003bd70c4/1/50.000000)
gpu-nodes-2:1004:1004 [3] NCCL INFO + PCI[48.0] - PCI/0-e1000 (1000c03015d91d72)
gpu-nodes-2:1004:1004 [3] NCCL INFO               + PCI[48.0] - NIC/0-e4000
gpu-nodes-2:1004:1004 [3] NCCL INFO                             + NET[50.0] - NET/0-c (0/149bca0003e60050/1/50.000000)
gpu-nodes-2:1004:1004 [3] NCCL INFO                             + NET[50.0] - GIN/0-c
gpu-nodes-2:1004:1004 [3] NCCL INFO               + PCI[48.0] - GPU/0-e3000 (14)
gpu-nodes-2:1004:1004 [3] NCCL INFO                             + NVL[721.8] - NVS/0-0
gpu-nodes-2:1004:1004 [3] NCCL INFO + PCI[48.0] - PCI/0-f1000 (1000c03015d91d72)
gpu-nodes-2:1004:1004 [3] NCCL INFO               + PCI[48.0] - NIC/0-f4000
gpu-nodes-2:1004:1004 [3] NCCL INFO                             + NET[50.0] - NET/0-d (0/fc9aca0003e60050/1/50.000000)
gpu-nodes-2:1004:1004 [3] NCCL INFO                             + NET[50.0] - GIN/0-d
gpu-nodes-2:1004:1004 [3] NCCL INFO               + PCI[48.0] - GPU/0-f3000 (15)
gpu-nodes-2:1004:1004 [3] NCCL INFO                             + NVL[721.8] - NVS/0-0
gpu-nodes-2:1004:1004 [3] NCCL INFO + SYS[16.0] - CPU/0-0
gpu-nodes-2:1004:1004 [3] NCCL INFO + PCI[1.5] - NIC/0-d2000
gpu-nodes-2:1004:1004 [3] NCCL INFO              + NET[50.0] - NET/0-f (0/62541b0003098c7c/1/50.000000)
gpu-nodes-2:1004:1004 [3] NCCL INFO ==========================================
gpu-nodes-2:1004:1004 [3] NCCL INFO GPU/0-3000 :GPU/0-3000 (0/5000.0/LOC) GPU/0-13000 (2/721.8/NVL) GPU/0-63000 (2/721.8/NVL) GPU/0-73000 (2/721.8/NVL) GPU/0-83000 (2/721.8/NVL) GPU/0-93000 (2/721.8/NVL) GPU/0-e3000 (2/721.8/NVL) GPU/0-f3000 (2/721.8/NVL) NVS/0-0 (1/721.8/NVL) CPU/0-0 (2/48.0/PHB) CPU/0-1 (3/16.0/SYS) NET/0-0 (3/48.0/PIX) NET/0-1 (5/48.0/PXN) NET/0-2 (5/48.0/PXN) NET/0-3 (5/48.0/PXN) NET/0-4 (5/48.0/PXN) NET/0-5 (5/48.0/PXN) NET/0-e (5/16.0/SYS) NET/0-f (5/1.5/SYS) NET/0-c (5/48.0/PXN) NET/0-d (5/48.0/PXN) GIN/0-0 (3/48.0/PIX) GIN/0-1 (5/48.0/PHB) GIN/0-2 (5/48.0/PHB) GIN/0-3 (5/48.0/PHB) GIN/0-4 (6/16.0/SYS) GIN/0-5 (6/16.0/SYS) GIN/0-c (6/16.0/SYS) GIN/0-d (6/16.0/SYS) 
gpu-nodes-2:1004:1004 [3] NCCL INFO GPU/0-13000 :GPU/0-3000 (2/721.8/NVL) GPU/0-13000 (0/5000.0/LOC) GPU/0-63000 (2/721.8/NVL) GPU/0-73000 (2/721.8/NVL) GPU/0-83000 (2/721.8/NVL) GPU/0-93000 (2/721.8/NVL) GPU/0-e3000 (2/721.8/NVL) GPU/0-f3000 (2/721.8/NVL) NVS/0-0 (1/721.8/NVL) CPU/0-0 (2/48.0/PHB) CPU/0-1 (3/16.0/SYS) NET/0-0 (5/48.0/PXN) NET/0-1 (3/48.0/PIX) NET/0-2 (5/48.0/PXN) NET/0-3 (5/48.0/PXN) NET/0-4 (5/48.0/PXN) NET/0-5 (5/48.0/PXN) NET/0-e (5/16.0/SYS) NET/0-f (5/1.5/SYS) NET/0-c (5/48.0/PXN) NET/0-d (5/48.0/PXN) GIN/0-0 (5/48.0/PHB) GIN/0-1 (3/48.0/PIX) GIN/0-2 (5/48.0/PHB) GIN/0-3 (5/48.0/PHB) GIN/0-4 (6/16.0/SYS) GIN/0-5 (6/16.0/SYS) GIN/0-c (6/16.0/SYS) GIN/0-d (6/16.0/SYS) 
gpu-nodes-2:1004:1004 [3] NCCL INFO GPU/0-63000 :GPU/0-3000 (2/721.8/NVL) GPU/0-13000 (2/721.8/NVL) GPU/0-63000 (0/5000.0/LOC) GPU/0-73000 (2/721.8/NVL) GPU/0-83000 (2/721.8/NVL) GPU/0-93000 (2/721.8/NVL) GPU/0-e3000 (2/721.8/NVL) GPU/0-f3000 (2/721.8/NVL) NVS/0-0 (1/721.8/NVL) CPU/0-0 (2/48.0/PHB) CPU/0-1 (3/16.0/SYS) NET/0-0 (5/48.0/PXN) NET/0-1 (5/48.0/PXN) NET/0-2 (3/48.0/PIX) NET/0-3 (5/48.0/PXN) NET/0-4 (5/48.0/PXN) NET/0-5 (5/48.0/PXN) NET/0-e (5/16.0/SYS) NET/0-f (5/1.5/SYS) NET/0-c (5/48.0/PXN) NET/0-d (5/48.0/PXN) GIN/0-0 (5/48.0/PHB) GIN/0-1 (5/48.0/PHB) GIN/0-2 (3/48.0/PIX) GIN/0-3 (5/48.0/PHB) GIN/0-4 (6/16.0/SYS) GIN/0-5 (6/16.0/SYS) GIN/0-c (6/16.0/SYS) GIN/0-d (6/16.0/SYS) 
gpu-nodes-2:1004:1004 [3] NCCL INFO GPU/0-73000 :GPU/0-3000 (2/721.8/NVL) GPU/0-13000 (2/721.8/NVL) GPU/0-63000 (2/721.8/NVL) GPU/0-73000 (0/5000.0/LOC) GPU/0-83000 (2/721.8/NVL) GPU/0-93000 (2/721.8/NVL) GPU/0-e3000 (2/721.8/NVL) GPU/0-f3000 (2/721.8/NVL) NVS/0-0 (1/721.8/NVL) CPU/0-0 (2/48.0/PHB) CPU/0-1 (3/16.0/SYS) NET/0-0 (5/48.0/PXN) NET/0-1 (5/48.0/PXN) NET/0-2 (5/48.0/PXN) NET/0-3 (3/48.0/PIX) NET/0-4 (5/48.0/PXN) NET/0-5 (5/48.0/PXN) NET/0-e (5/16.0/SYS) NET/0-f (5/1.5/SYS) NET/0-c (5/48.0/PXN) NET/0-d (5/48.0/PXN) GIN/0-0 (5/48.0/PHB) GIN/0-1 (5/48.0/PHB) GIN/0-2 (5/48.0/PHB) GIN/0-3 (3/48.0/PIX) GIN/0-4 (6/16.0/SYS) GIN/0-5 (6/16.0/SYS) GIN/0-c (6/16.0/SYS) GIN/0-d (6/16.0/SYS) 
gpu-nodes-2:1004:1004 [3] NCCL INFO GPU/0-83000 :GPU/0-3000 (2/721.8/NVL) GPU/0-13000 (2/721.8/NVL) GPU/0-63000 (2/721.8/NVL) GPU/0-73000 (2/721.8/NVL) GPU/0-83000 (0/5000.0/LOC) GPU/0-93000 (2/721.8/NVL) GPU/0-e3000 (2/721.8/NVL) GPU/0-f3000 (2/721.8/NVL) NVS/0-0 (1/721.8/NVL) CPU/0-0 (3/16.0/SYS) CPU/0-1 (2/48.0/PHB) NET/0-0 (5/48.0/PXN) NET/0-1 (5/48.0/PXN) NET/0-2 (5/48.0/PXN) NET/0-3 (5/48.0/PXN) NET/0-4 (3/48.0/PIX) NET/0-5 (5/48.0/PXN) NET/0-e (4/48.0/PHB) NET/0-f (4/1.5/PHB) NET/0-c (5/48.0/PXN) NET/0-d (5/48.0/PXN) GIN/0-0 (6/16.0/SYS) GIN/0-1 (6/16.0/SYS) GIN/0-2 (6/16.0/SYS) GIN/0-3 (6/16.0/SYS) GIN/0-4 (3/48.0/PIX) GIN/0-5 (5/48.0/PHB) GIN/0-c (5/48.0/PHB) GIN/0-d (5/48.0/PHB) 
gpu-nodes-2:1004:1004 [3] NCCL INFO GPU/0-93000 :GPU/0-3000 (2/721.8/NVL) GPU/0-13000 (2/721.8/NVL) GPU/0-63000 (2/721.8/NVL) GPU/0-73000 (2/721.8/NVL) GPU/0-83000 (2/721.8/NVL) GPU/0-93000 (0/5000.0/LOC) GPU/0-e3000 (2/721.8/NVL) GPU/0-f3000 (2/721.8/NVL) NVS/0-0 (1/721.8/NVL) CPU/0-0 (3/16.0/SYS) CPU/0-1 (2/48.0/PHB) NET/0-0 (5/48.0/PXN) NET/0-1 (5/48.0/PXN) NET/0-2 (5/48.0/PXN) NET/0-3 (5/48.0/PXN) NET/0-4 (5/48.0/PXN) NET/0-5 (3/48.0/PIX) NET/0-e (4/48.0/PHB) NET/0-f (4/1.5/PHB) NET/0-c (5/48.0/PXN) NET/0-d (5/48.0/PXN) GIN/0-0 (6/16.0/SYS) GIN/0-1 (6/16.0/SYS) GIN/0-2 (6/16.0/SYS) GIN/0-3 (6/16.0/SYS) GIN/0-4 (5/48.0/PHB) GIN/0-5 (3/48.0/PIX) GIN/0-c (5/48.0/PHB) GIN/0-d (5/48.0/PHB) 
gpu-nodes-2:1004:1004 [3] NCCL INFO GPU/0-e3000 :GPU/0-3000 (2/721.8/NVL) GPU/0-13000 (2/721.8/NVL) GPU/0-63000 (2/721.8/NVL) GPU/0-73000 (2/721.8/NVL) GPU/0-83000 (2/721.8/NVL) GPU/0-93000 (2/721.8/NVL) GPU/0-e3000 (0/5000.0/LOC) GPU/0-f3000 (2/721.8/NVL) NVS/0-0 (1/721.8/NVL) CPU/0-0 (3/16.0/SYS) CPU/0-1 (2/48.0/PHB) NET/0-0 (5/48.0/PXN) NET/0-1 (5/48.0/PXN) NET/0-2 (5/48.0/PXN) NET/0-3 (5/48.0/PXN) NET/0-4 (5/48.0/PXN) NET/0-5 (5/48.0/PXN) NET/0-e (4/48.0/PHB) NET/0-f (4/1.5/PHB) NET/0-c (3/48.0/PIX) NET/0-d (5/48.0/PXN) GIN/0-0 (6/16.0/SYS) GIN/0-1 (6/16.0/SYS) GIN/0-2 (6/16.0/SYS) GIN/0-3 (6/16.0/SYS) GIN/0-4 (5/48.0/PHB) GIN/0-5 (5/48.0/PHB) GIN/0-c (3/48.0/PIX) GIN/0-d (5/48.0/PHB) 
gpu-nodes-2:1004:1004 [3] NCCL INFO GPU/0-f3000 :GPU/0-3000 (2/721.8/NVL) GPU/0-13000 (2/721.8/NVL) GPU/0-63000 (2/721.8/NVL) GPU/0-73000 (2/721.8/NVL) GPU/0-83000 (2/721.8/NVL) GPU/0-93000 (2/721.8/NVL) GPU/0-e3000 (2/721.8/NVL) GPU/0-f3000 (0/5000.0/LOC) NVS/0-0 (1/721.8/NVL) CPU/0-0 (3/16.0/SYS) CPU/0-1 (2/48.0/PHB) NET/0-0 (5/48.0/PXN) NET/0-1 (5/48.0/PXN) NET/0-2 (5/48.0/PXN) NET/0-3 (5/48.0/PXN) NET/0-4 (5/48.0/PXN) NET/0-5 (5/48.0/PXN) NET/0-e (4/48.0/PHB) NET/0-f (4/1.5/PHB) NET/0-c (5/48.0/PXN) NET/0-d (3/48.0/PIX) GIN/0-0 (6/16.0/SYS) GIN/0-1 (6/16.0/SYS) GIN/0-2 (6/16.0/SYS) GIN/0-3 (6/16.0/SYS) GIN/0-4 (5/48.0/PHB) GIN/0-5 (5/48.0/PHB) GIN/0-c (5/48.0/PHB) GIN/0-d (3/48.0/PIX) 
gpu-nodes-2:1004:1004 [3] NCCL INFO NET/0-0 :GPU/0-3000 (3/48.0/PIX) GPU/0-13000 (5/48.0/PHB) GPU/0-63000 (5/48.0/PHB) GPU/0-73000 (5/48.0/PHB) GPU/0-83000 (6/16.0/SYS) GPU/0-93000 (6/16.0/SYS) GPU/0-e3000 (6/16.0/SYS) GPU/0-f3000 (6/16.0/SYS) CPU/0-0 (3/48.0/PHB) CPU/0-1 (4/16.0/SYS) NET/0-0 (0/5000.0/LOC) NET/0-1 (6/48.0/PHB) NET/0-2 (6/48.0/PHB) NET/0-3 (6/48.0/PHB) NET/0-4 (7/16.0/SYS) NET/0-5 (7/16.0/SYS) NET/0-e (6/16.0/SYS) NET/0-f (6/1.5/SYS) NET/0-c (7/16.0/SYS) NET/0-d (7/16.0/SYS) GIN/0-0 (2/50.0/LOC) GIN/0-1 (6/48.0/PHB) GIN/0-2 (6/48.0/PHB) GIN/0-3 (6/48.0/PHB) GIN/0-4 (7/16.0/SYS) GIN/0-5 (7/16.0/SYS) GIN/0-c (7/16.0/SYS) GIN/0-d (7/16.0/SYS) 
gpu-nodes-2:1004:1004 [3] NCCL INFO NET/0-1 :GPU/0-3000 (5/48.0/PHB) GPU/0-13000 (3/48.0/PIX) GPU/0-63000 (5/48.0/PHB) GPU/0-73000 (5/48.0/PHB) GPU/0-83000 (6/16.0/SYS) GPU/0-93000 (6/16.0/SYS) GPU/0-e3000 (6/16.0/SYS) GPU/0-f3000 (6/16.0/SYS) CPU/0-0 (3/48.0/PHB) CPU/0-1 (4/16.0/SYS) NET/0-0 (6/48.0/PHB) NET/0-1 (0/5000.0/LOC) NET/0-2 (6/48.0/PHB) NET/0-3 (6/48.0/PHB) NET/0-4 (7/16.0/SYS) NET/0-5 (7/16.0/SYS) NET/0-e (6/16.0/SYS) NET/0-f (6/1.5/SYS) NET/0-c (7/16.0/SYS) NET/0-d (7/16.0/SYS) GIN/0-0 (6/48.0/PHB) GIN/0-1 (2/50.0/LOC) GIN/0-2 (6/48.0/PHB) GIN/0-3 (6/48.0/PHB) GIN/0-4 (7/16.0/SYS) GIN/0-5 (7/16.0/SYS) GIN/0-c (7/16.0/SYS) GIN/0-d (7/16.0/SYS) 
gpu-nodes-2:1004:1004 [3] NCCL INFO NET/0-2 :GPU/0-3000 (5/48.0/PHB) GPU/0-13000 (5/48.0/PHB) GPU/0-63000 (3/48.0/PIX) GPU/0-73000 (5/48.0/PHB) GPU/0-83000 (6/16.0/SYS) GPU/0-93000 (6/16.0/SYS) GPU/0-e3000 (6/16.0/SYS) GPU/0-f3000 (6/16.0/SYS) CPU/0-0 (3/48.0/PHB) CPU/0-1 (4/16.0/SYS) NET/0-0 (6/48.0/PHB) NET/0-1 (6/48.0/PHB) NET/0-2 (0/5000.0/LOC) NET/0-3 (6/48.0/PHB) NET/0-4 (7/16.0/SYS) NET/0-5 (7/16.0/SYS) NET/0-e (6/16.0/SYS) NET/0-f (6/1.5/SYS) NET/0-c (7/16.0/SYS) NET/0-d (7/16.0/SYS) GIN/0-0 (6/48.0/PHB) GIN/0-1 (6/48.0/PHB) GIN/0-2 (2/50.0/LOC) GIN/0-3 (6/48.0/PHB) GIN/0-4 (7/16.0/SYS) GIN/0-5 (7/16.0/SYS) GIN/0-c (7/16.0/SYS) GIN/0-d (7/16.0/SYS) 
gpu-nodes-2:1004:1004 [3] NCCL INFO NET/0-3 :GPU/0-3000 (5/48.0/PHB) GPU/0-13000 (5/48.0/PHB) GPU/0-63000 (5/48.0/PHB) GPU/0-73000 (3/48.0/PIX) GPU/0-83000 (6/16.0/SYS) GPU/0-93000 (6/16.0/SYS) GPU/0-e3000 (6/16.0/SYS) GPU/0-f3000 (6/16.0/SYS) CPU/0-0 (3/48.0/PHB) CPU/0-1 (4/16.0/SYS) NET/0-0 (6/48.0/PHB) NET/0-1 (6/48.0/PHB) NET/0-2 (6/48.0/PHB) NET/0-3 (0/5000.0/LOC) NET/0-4 (7/16.0/SYS) NET/0-5 (7/16.0/SYS) NET/0-e (6/16.0/SYS) NET/0-f (6/1.5/SYS) NET/0-c (7/16.0/SYS) NET/0-d (7/16.0/SYS) GIN/0-0 (6/48.0/PHB) GIN/0-1 (6/48.0/PHB) GIN/0-2 (6/48.0/PHB) GIN/0-3 (2/50.0/LOC) GIN/0-4 (7/16.0/SYS) GIN/0-5 (7/16.0/SYS) GIN/0-c (7/16.0/SYS) GIN/0-d (7/16.0/SYS) 
gpu-nodes-2:1004:1004 [3] NCCL INFO NET/0-4 :GPU/0-3000 (6/16.0/SYS) GPU/0-13000 (6/16.0/SYS) GPU/0-63000 (6/16.0/SYS) GPU/0-73000 (6/16.0/SYS) GPU/0-83000 (3/48.0/PIX) GPU/0-93000 (5/48.0/PHB) GPU/0-e3000 (5/48.0/PHB) GPU/0-f3000 (5/48.0/PHB) CPU/0-0 (4/16.0/SYS) CPU/0-1 (3/48.0/PHB) NET/0-0 (7/16.0/SYS) NET/0-1 (7/16.0/SYS) NET/0-2 (7/16.0/SYS) NET/0-3 (7/16.0/SYS) NET/0-4 (0/5000.0/LOC) NET/0-5 (6/48.0/PHB) NET/0-e (5/48.0/PHB) NET/0-f (5/1.5/PHB) NET/0-c (6/48.0/PHB) NET/0-d (6/48.0/PHB) GIN/0-0 (7/16.0/SYS) GIN/0-1 (7/16.0/SYS) GIN/0-2 (7/16.0/SYS) GIN/0-3 (7/16.0/SYS) GIN/0-4 (2/50.0/LOC) GIN/0-5 (6/48.0/PHB) GIN/0-c (6/48.0/PHB) GIN/0-d (6/48.0/PHB) 
gpu-nodes-2:1004:1004 [3] NCCL INFO NET/0-5 :GPU/0-3000 (6/16.0/SYS) GPU/0-13000 (6/16.0/SYS) GPU/0-63000 (6/16.0/SYS) GPU/0-73000 (6/16.0/SYS) GPU/0-83000 (5/48.0/PHB) GPU/0-93000 (3/48.0/PIX) GPU/0-e3000 (5/48.0/PHB) GPU/0-f3000 (5/48.0/PHB) CPU/0-0 (4/16.0/SYS) CPU/0-1 (3/48.0/PHB) NET/0-0 (7/16.0/SYS) NET/0-1 (7/16.0/SYS) NET/0-2 (7/16.0/SYS) NET/0-3 (7/16.0/SYS) NET/0-4 (6/48.0/PHB) NET/0-5 (0/5000.0/LOC) NET/0-e (5/48.0/PHB) NET/0-f (5/1.5/PHB) NET/0-c (6/48.0/PHB) NET/0-d (6/48.0/PHB) GIN/0-0 (7/16.0/SYS) GIN/0-1 (7/16.0/SYS) GIN/0-2 (7/16.0/SYS) GIN/0-3 (7/16.0/SYS) GIN/0-4 (6/48.0/PHB) GIN/0-5 (2/50.0/LOC) GIN/0-c (6/48.0/PHB) GIN/0-d (6/48.0/PHB) 
gpu-nodes-2:1004:1004 [3] NCCL INFO NET/0-e :GPU/0-3000 (5/16.0/SYS) GPU/0-13000 (5/16.0/SYS) GPU/0-63000 (5/16.0/SYS) GPU/0-73000 (5/16.0/SYS) GPU/0-83000 (4/48.0/PHB) GPU/0-93000 (4/48.0/PHB) GPU/0-e3000 (4/48.0/PHB) GPU/0-f3000 (4/48.0/PHB) CPU/0-0 (3/16.0/SYS) CPU/0-1 (2/48.0/PHB) NET/0-0 (6/16.0/SYS) NET/0-1 (6/16.0/SYS) NET/0-2 (6/16.0/SYS) NET/0-3 (6/16.0/SYS) NET/0-4 (5/48.0/PHB) NET/0-5 (5/48.0/PHB) NET/0-e (0/5000.0/LOC) NET/0-f (4/1.5/PHB) NET/0-c (5/48.0/PHB) NET/0-d (5/48.0/PHB) GIN/0-0 (6/16.0/SYS) GIN/0-1 (6/16.0/SYS) GIN/0-2 (6/16.0/SYS) GIN/0-3 (6/16.0/SYS) GIN/0-4 (5/48.0/PHB) GIN/0-5 (5/48.0/PHB) GIN/0-c (5/48.0/PHB) GIN/0-d (5/48.0/PHB) 
gpu-nodes-2:1004:1004 [3] NCCL INFO NET/0-f :GPU/0-3000 (5/1.5/SYS) GPU/0-13000 (5/1.5/SYS) GPU/0-63000 (5/1.5/SYS) GPU/0-73000 (5/1.5/SYS) GPU/0-83000 (4/1.5/PHB) GPU/0-93000 (4/1.5/PHB) GPU/0-e3000 (4/1.5/PHB) GPU/0-f3000 (4/1.5/PHB) CPU/0-0 (3/1.5/SYS) CPU/0-1 (2/1.5/PHB) NET/0-0 (6/1.5/SYS) NET/0-1 (6/1.5/SYS) NET/0-2 (6/1.5/SYS) NET/0-3 (6/1.5/SYS) NET/0-4 (5/1.5/PHB) NET/0-5 (5/1.5/PHB) NET/0-e (4/1.5/PHB) NET/0-f (0/5000.0/LOC) NET/0-c (5/1.5/PHB) NET/0-d (5/1.5/PHB) GIN/0-0 (6/1.5/SYS) GIN/0-1 (6/1.5/SYS) GIN/0-2 (6/1.5/SYS) GIN/0-3 (6/1.5/SYS) GIN/0-4 (5/1.5/PHB) GIN/0-5 (5/1.5/PHB) GIN/0-c (5/1.5/PHB) GIN/0-d (5/1.5/PHB) 
gpu-nodes-2:1004:1004 [3] NCCL INFO NET/0-c :GPU/0-3000 (6/16.0/SYS) GPU/0-13000 (6/16.0/SYS) GPU/0-63000 (6/16.0/SYS) GPU/0-73000 (6/16.0/SYS) GPU/0-83000 (5/48.0/PHB) GPU/0-93000 (5/48.0/PHB) GPU/0-e3000 (3/48.0/PIX) GPU/0-f3000 (5/48.0/PHB) CPU/0-0 (4/16.0/SYS) CPU/0-1 (3/48.0/PHB) NET/0-0 (7/16.0/SYS) NET/0-1 (7/16.0/SYS) NET/0-2 (7/16.0/SYS) NET/0-3 (7/16.0/SYS) NET/0-4 (6/48.0/PHB) NET/0-5 (6/48.0/PHB) NET/0-e (5/48.0/PHB) NET/0-f (5/1.5/PHB) NET/0-c (0/5000.0/LOC) NET/0-d (6/48.0/PHB) GIN/0-0 (7/16.0/SYS) GIN/0-1 (7/16.0/SYS) GIN/0-2 (7/16.0/SYS) GIN/0-3 (7/16.0/SYS) GIN/0-4 (6/48.0/PHB) GIN/0-5 (6/48.0/PHB) GIN/0-c (2/50.0/LOC) GIN/0-d (6/48.0/PHB) 
gpu-nodes-2:1004:1004 [3] NCCL INFO NET/0-d :GPU/0-3000 (6/16.0/SYS) GPU/0-13000 (6/16.0/SYS) GPU/0-63000 (6/16.0/SYS) GPU/0-73000 (6/16.0/SYS) GPU/0-83000 (5/48.0/PHB) GPU/0-93000 (5/48.0/PHB) GPU/0-e3000 (5/48.0/PHB) GPU/0-f3000 (3/48.0/PIX) CPU/0-0 (4/16.0/SYS) CPU/0-1 (3/48.0/PHB) NET/0-0 (7/16.0/SYS) NET/0-1 (7/16.0/SYS) NET/0-2 (7/16.0/SYS) NET/0-3 (7/16.0/SYS) NET/0-4 (6/48.0/PHB) NET/0-5 (6/48.0/PHB) NET/0-e (5/48.0/PHB) NET/0-f (5/1.5/PHB) NET/0-c (6/48.0/PHB) NET/0-d (0/5000.0/LOC) GIN/0-0 (7/16.0/SYS) GIN/0-1 (7/16.0/SYS) GIN/0-2 (7/16.0/SYS) GIN/0-3 (7/16.0/SYS) GIN/0-4 (6/48.0/PHB) GIN/0-5 (6/48.0/PHB) GIN/0-c (6/48.0/PHB) GIN/0-d (2/50.0/LOC) 
gpu-nodes-2:1004:1004 [3] NCCL INFO GIN/0-0 :GPU/0-3000 (3/48.0/PIX) GPU/0-13000 (5/48.0/PHB) GPU/0-63000 (5/48.0/PHB) GPU/0-73000 (5/48.0/PHB) GPU/0-83000 (6/16.0/SYS) GPU/0-93000 (6/16.0/SYS) GPU/0-e3000 (6/16.0/SYS) GPU/0-f3000 (6/16.0/SYS) CPU/0-0 (3/48.0/PHB) CPU/0-1 (4/16.0/SYS) NET/0-0 (2/50.0/LOC) NET/0-1 (6/48.0/PHB) NET/0-2 (6/48.0/PHB) NET/0-3 (6/48.0/PHB) NET/0-4 (7/16.0/SYS) NET/0-5 (7/16.0/SYS) NET/0-e (6/16.0/SYS) NET/0-f (6/1.5/SYS) NET/0-c (7/16.0/SYS) NET/0-d (7/16.0/SYS) GIN/0-0 (0/5000.0/LOC) GIN/0-1 (6/48.0/PHB) GIN/0-2 (6/48.0/PHB) GIN/0-3 (6/48.0/PHB) GIN/0-4 (7/16.0/SYS) GIN/0-5 (7/16.0/SYS) GIN/0-c (7/16.0/SYS) GIN/0-d (7/16.0/SYS) 
gpu-nodes-2:1004:1004 [3] NCCL INFO GIN/0-1 :GPU/0-3000 (5/48.0/PHB) GPU/0-13000 (3/48.0/PIX) GPU/0-63000 (5/48.0/PHB) GPU/0-73000 (5/48.0/PHB) GPU/0-83000 (6/16.0/SYS) GPU/0-93000 (6/16.0/SYS) GPU/0-e3000 (6/16.0/SYS) GPU/0-f3000 (6/16.0/SYS) CPU/0-0 (3/48.0/PHB) CPU/0-1 (4/16.0/SYS) NET/0-0 (6/48.0/PHB) NET/0-1 (2/50.0/LOC) NET/0-2 (6/48.0/PHB) NET/0-3 (6/48.0/PHB) NET/0-4 (7/16.0/SYS) NET/0-5 (7/16.0/SYS) NET/0-e (6/16.0/SYS) NET/0-f (6/1.5/SYS) NET/0-c (7/16.0/SYS) NET/0-d (7/16.0/SYS) GIN/0-0 (6/48.0/PHB) GIN/0-1 (0/5000.0/LOC) GIN/0-2 (6/48.0/PHB) GIN/0-3 (6/48.0/PHB) GIN/0-4 (7/16.0/SYS) GIN/0-5 (7/16.0/SYS) GIN/0-c (7/16.0/SYS) GIN/0-d (7/16.0/SYS) 
gpu-nodes-2:1004:1004 [3] NCCL INFO GIN/0-2 :GPU/0-3000 (5/48.0/PHB) GPU/0-13000 (5/48.0/PHB) GPU/0-63000 (3/48.0/PIX) GPU/0-73000 (5/48.0/PHB) GPU/0-83000 (6/16.0/SYS) GPU/0-93000 (6/16.0/SYS) GPU/0-e3000 (6/16.0/SYS) GPU/0-f3000 (6/16.0/SYS) CPU/0-0 (3/48.0/PHB) CPU/0-1 (4/16.0/SYS) NET/0-0 (6/48.0/PHB) NET/0-1 (6/48.0/PHB) NET/0-2 (2/50.0/LOC) NET/0-3 (6/48.0/PHB) NET/0-4 (7/16.0/SYS) NET/0-5 (7/16.0/SYS) NET/0-e (6/16.0/SYS) NET/0-f (6/1.5/SYS) NET/0-c (7/16.0/SYS) NET/0-d (7/16.0/SYS) GIN/0-0 (6/48.0/PHB) GIN/0-1 (6/48.0/PHB) GIN/0-2 (0/5000.0/LOC) GIN/0-3 (6/48.0/PHB) GIN/0-4 (7/16.0/SYS) GIN/0-5 (7/16.0/SYS) GIN/0-c (7/16.0/SYS) GIN/0-d (7/16.0/SYS) 
gpu-nodes-2:1004:1004 [3] NCCL INFO GIN/0-3 :GPU/0-3000 (5/48.0/PHB) GPU/0-13000 (5/48.0/PHB) GPU/0-63000 (5/48.0/PHB) GPU/0-73000 (3/48.0/PIX) GPU/0-83000 (6/16.0/SYS) GPU/0-93000 (6/16.0/SYS) GPU/0-e3000 (6/16.0/SYS) GPU/0-f3000 (6/16.0/SYS) CPU/0-0 (3/48.0/PHB) CPU/0-1 (4/16.0/SYS) NET/0-0 (6/48.0/PHB) NET/0-1 (6/48.0/PHB) NET/0-2 (6/48.0/PHB) NET/0-3 (2/50.0/LOC) NET/0-4 (7/16.0/SYS) NET/0-5 (7/16.0/SYS) NET/0-e (6/16.0/SYS) NET/0-f (6/1.5/SYS) NET/0-c (7/16.0/SYS) NET/0-d (7/16.0/SYS) GIN/0-0 (6/48.0/PHB) GIN/0-1 (6/48.0/PHB) GIN/0-2 (6/48.0/PHB) GIN/0-3 (0/5000.0/LOC) GIN/0-4 (7/16.0/SYS) GIN/0-5 (7/16.0/SYS) GIN/0-c (7/16.0/SYS) GIN/0-d (7/16.0/SYS) 
gpu-nodes-2:1004:1004 [3] NCCL INFO GIN/0-4 :GPU/0-3000 (6/16.0/SYS) GPU/0-13000 (6/16.0/SYS) GPU/0-63000 (6/16.0/SYS) GPU/0-73000 (6/16.0/SYS) GPU/0-83000 (3/48.0/PIX) GPU/0-93000 (5/48.0/PHB) GPU/0-e3000 (5/48.0/PHB) GPU/0-f3000 (5/48.0/PHB) CPU/0-0 (4/16.0/SYS) CPU/0-1 (3/48.0/PHB) NET/0-0 (7/16.0/SYS) NET/0-1 (7/16.0/SYS) NET/0-2 (7/16.0/SYS) NET/0-3 (7/16.0/SYS) NET/0-4 (2/50.0/LOC) NET/0-5 (6/48.0/PHB) NET/0-e (5/48.0/PHB) NET/0-f (5/1.5/PHB) NET/0-c (6/48.0/PHB) NET/0-d (6/48.0/PHB) GIN/0-0 (7/16.0/SYS) GIN/0-1 (7/16.0/SYS) GIN/0-2 (7/16.0/SYS) GIN/0-3 (7/16.0/SYS) GIN/0-4 (0/5000.0/LOC) GIN/0-5 (6/48.0/PHB) GIN/0-c (6/48.0/PHB) GIN/0-d (6/48.0/PHB) 
gpu-nodes-2:1004:1004 [3] NCCL INFO GIN/0-5 :GPU/0-3000 (6/16.0/SYS) GPU/0-13000 (6/16.0/SYS) GPU/0-63000 (6/16.0/SYS) GPU/0-73000 (6/16.0/SYS) GPU/0-83000 (5/48.0/PHB) GPU/0-93000 (3/48.0/PIX) GPU/0-e3000 (5/48.0/PHB) GPU/0-f3000 (5/48.0/PHB) CPU/0-0 (4/16.0/SYS) CPU/0-1 (3/48.0/PHB) NET/0-0 (7/16.0/SYS) NET/0-1 (7/16.0/SYS) NET/0-2 (7/16.0/SYS) NET/0-3 (7/16.0/SYS) NET/0-4 (6/48.0/PHB) NET/0-5 (2/50.0/LOC) NET/0-e (5/48.0/PHB) NET/0-f (5/1.5/PHB) NET/0-c (6/48.0/PHB) NET/0-d (6/48.0/PHB) GIN/0-0 (7/16.0/SYS) GIN/0-1 (7/16.0/SYS) GIN/0-2 (7/16.0/SYS) GIN/0-3 (7/16.0/SYS) GIN/0-4 (6/48.0/PHB) GIN/0-5 (0/5000.0/LOC) GIN/0-c (6/48.0/PHB) GIN/0-d (6/48.0/PHB) 
gpu-nodes-2:1004:1004 [3] NCCL INFO GIN/0-c :GPU/0-3000 (6/16.0/SYS) GPU/0-13000 (6/16.0/SYS) GPU/0-63000 (6/16.0/SYS) GPU/0-73000 (6/16.0/SYS) GPU/0-83000 (5/48.0/PHB) GPU/0-93000 (5/48.0/PHB) GPU/0-e3000 (3/48.0/PIX) GPU/0-f3000 (5/48.0/PHB) CPU/0-0 (4/16.0/SYS) CPU/0-1 (3/48.0/PHB) NET/0-0 (7/16.0/SYS) NET/0-1 (7/16.0/SYS) NET/0-2 (7/16.0/SYS) NET/0-3 (7/16.0/SYS) NET/0-4 (6/48.0/PHB) NET/0-5 (6/48.0/PHB) NET/0-e (5/48.0/PHB) NET/0-f (5/1.5/PHB) NET/0-c (2/50.0/LOC) NET/0-d (6/48.0/PHB) GIN/0-0 (7/16.0/SYS) GIN/0-1 (7/16.0/SYS) GIN/0-2 (7/16.0/SYS) GIN/0-3 (7/16.0/SYS) GIN/0-4 (6/48.0/PHB) GIN/0-5 (6/48.0/PHB) GIN/0-c (0/5000.0/LOC) GIN/0-d (6/48.0/PHB) 
gpu-nodes-2:1004:1004 [3] NCCL INFO GIN/0-d :GPU/0-3000 (6/16.0/SYS) GPU/0-13000 (6/16.0/SYS) GPU/0-63000 (6/16.0/SYS) GPU/0-73000 (6/16.0/SYS) GPU/0-83000 (5/48.0/PHB) GPU/0-93000 (5/48.0/PHB) GPU/0-e3000 (5/48.0/PHB) GPU/0-f3000 (3/48.0/PIX) CPU/0-0 (4/16.0/SYS) CPU/0-1 (3/48.0/PHB) NET/0-0 (7/16.0/SYS) NET/0-1 (7/16.0/SYS) NET/0-2 (7/16.0/SYS) NET/0-3 (7/16.0/SYS) NET/0-4 (6/48.0/PHB) NET/0-5 (6/48.0/PHB) NET/0-e (5/48.0/PHB) NET/0-f (5/1.5/PHB) NET/0-c (6/48.0/PHB) NET/0-d (2/50.0/LOC) GIN/0-0 (7/16.0/SYS) GIN/0-1 (7/16.0/SYS) GIN/0-2 (7/16.0/SYS) GIN/0-3 (7/16.0/SYS) GIN/0-4 (6/48.0/PHB) GIN/0-5 (6/48.0/PHB) GIN/0-c (6/48.0/PHB) GIN/0-d (0/5000.0/LOC) 
gpu-nodes-2:1004:1004 [3] NCCL INFO ncclTopoGetCpuAffinity: Affinity for GPU 3 is 0-63,128-191. (GPU affinity = 0-63,128-191 ; CPU affinity = 0-255).
gpu-nodes-2:1004:1004 [3] NCCL INFO Pattern 4, crossNic 0, nChannels 8, bw 48.000000/48.000000, type NVL/PXN, sameChannels 0
gpu-nodes-2:1004:1004 [3] NCCL INFO  0 : NET/0-0 GPU/0-3000 GPU/0-f3000 GPU/0-e3000 GPU/0-93000 GPU/0-83000 GPU/0-73000 GPU/0-63000 GPU/0-13000 NET/0-0
gpu-nodes-2:1004:1004 [3] NCCL INFO  1 : NET/0-1 GPU/0-13000 GPU/0-3000 GPU/0-f3000 GPU/0-e3000 GPU/0-93000 GPU/0-83000 GPU/0-73000 GPU/0-63000 NET/0-1
gpu-nodes-2:1004:1004 [3] NCCL INFO  2 : NET/0-2 GPU/0-63000 GPU/0-13000 GPU/0-3000 GPU/0-f3000 GPU/0-e3000 GPU/0-93000 GPU/0-83000 GPU/0-73000 NET/0-2
gpu-nodes-2:1004:1004 [3] NCCL INFO  3 : NET/0-3 GPU/0-73000 GPU/0-63000 GPU/0-13000 GPU/0-3000 GPU/0-f3000 GPU/0-e3000 GPU/0-93000 GPU/0-83000 NET/0-3
gpu-nodes-2:1004:1004 [3] NCCL INFO  4 : NET/0-4 GPU/0-83000 GPU/0-73000 GPU/0-63000 GPU/0-13000 GPU/0-3000 GPU/0-f3000 GPU/0-e3000 GPU/0-93000 NET/0-4
gpu-nodes-2:1004:1004 [3] NCCL INFO  5 : NET/0-5 GPU/0-93000 GPU/0-83000 GPU/0-73000 GPU/0-63000 GPU/0-13000 GPU/0-3000 GPU/0-f3000 GPU/0-e3000 NET/0-5
gpu-nodes-2:1004:1004 [3] NCCL INFO  6 : NET/0-c GPU/0-e3000 GPU/0-93000 GPU/0-83000 GPU/0-73000 GPU/0-63000 GPU/0-13000 GPU/0-3000 GPU/0-f3000 NET/0-c
gpu-nodes-2:1004:1004 [3] NCCL INFO  7 : NET/0-d GPU/0-f3000 GPU/0-e3000 GPU/0-93000 GPU/0-83000 GPU/0-73000 GPU/0-63000 GPU/0-13000 GPU/0-3000 NET/0-d
gpu-nodes-2:1004:1004 [3] NCCL INFO Pattern 3, crossNic 0, nChannels 8, bw 96.000000/48.000000, type NVL/PIX, sameChannels 0
gpu-nodes-2:1004:1004 [3] NCCL INFO  0 : NET/0-0 GPU/0-3000 GPU/0-13000 GPU/0-63000 GPU/0-73000 GPU/0-83000 GPU/0-93000 GPU/0-e3000 GPU/0-f3000 NET/0-0
gpu-nodes-2:1004:1004 [3] NCCL INFO  1 : NET/0-1 GPU/0-13000 GPU/0-63000 GPU/0-73000 GPU/0-83000 GPU/0-93000 GPU/0-e3000 GPU/0-f3000 GPU/0-3000 NET/0-1
gpu-nodes-2:1004:1004 [3] NCCL INFO  2 : NET/0-2 GPU/0-63000 GPU/0-73000 GPU/0-83000 GPU/0-93000 GPU/0-e3000 GPU/0-f3000 GPU/0-3000 GPU/0-13000 NET/0-2
gpu-nodes-2:1004:1004 [3] NCCL INFO  3 : NET/0-3 GPU/0-73000 GPU/0-83000 GPU/0-93000 GPU/0-e3000 GPU/0-f3000 GPU/0-3000 GPU/0-13000 GPU/0-63000 NET/0-3
gpu-nodes-2:1004:1004 [3] NCCL INFO  4 : NET/0-4 GPU/0-83000 GPU/0-93000 GPU/0-e3000 GPU/0-f3000 GPU/0-3000 GPU/0-13000 GPU/0-63000 GPU/0-73000 NET/0-4
gpu-nodes-2:1004:1004 [3] NCCL INFO  5 : NET/0-5 GPU/0-93000 GPU/0-e3000 GPU/0-f3000 GPU/0-3000 GPU/0-13000 GPU/0-63000 GPU/0-73000 GPU/0-83000 NET/0-5
gpu-nodes-2:1004:1004 [3] NCCL INFO  6 : NET/0-c GPU/0-e3000 GPU/0-f3000 GPU/0-3000 GPU/0-13000 GPU/0-63000 GPU/0-73000 GPU/0-83000 GPU/0-93000 NET/0-c
gpu-nodes-2:1004:1004 [3] NCCL INFO  7 : NET/0-d GPU/0-f3000 GPU/0-3000 GPU/0-13000 GPU/0-63000 GPU/0-73000 GPU/0-83000 GPU/0-93000 GPU/0-e3000 NET/0-d
gpu-nodes-2:1004:1004 [3] NCCL INFO comm 0x2c36cf00 rank 11 nRanks 16 nNodes 2 localRanks 8 localRank 3 MNNVL 0
gpu-nodes-2:1004:1004 [3] NCCL INFO Tree 3 : 3 -> 11 -> 12/-1/-1
gpu-nodes-2:1004:1004 [3] NCCL INFO Tree 11 : -1 -> 11 -> 12/3/-1
gpu-nodes-2:1004:1004 [3] NCCL INFO Ring 00 : 12 -> 11 -> 10
gpu-nodes-2:1004:1004 [3] NCCL INFO Ring 01 : 12 -> 11 -> 10
gpu-nodes-2:1004:1004 [3] NCCL INFO Ring 02 : 12 -> 11 -> 2
gpu-nodes-2:1004:1004 [3] NCCL INFO Ring 03 : 4 -> 11 -> 10
gpu-nodes-2:1004:1004 [3] NCCL INFO Ring 04 : 12 -> 11 -> 10
gpu-nodes-2:1004:1004 [3] NCCL INFO Ring 05 : 12 -> 11 -> 10
gpu-nodes-2:1004:1004 [3] NCCL INFO Ring 06 : 12 -> 11 -> 10
gpu-nodes-2:1004:1004 [3] NCCL INFO Ring 07 : 12 -> 11 -> 10
gpu-nodes-2:1004:1004 [3] NCCL INFO Ring 08 : 12 -> 11 -> 10
gpu-nodes-2:1004:1004 [3] NCCL INFO Ring 09 : 12 -> 11 -> 10
gpu-nodes-2:1004:1004 [3] NCCL INFO Ring 10 : 12 -> 11 -> 2
gpu-nodes-2:1004:1004 [3] NCCL INFO Ring 11 : 4 -> 11 -> 10
gpu-nodes-2:1004:1004 [3] NCCL INFO Ring 12 : 12 -> 11 -> 10
gpu-nodes-2:1004:1004 [3] NCCL INFO Ring 13 : 12 -> 11 -> 10
gpu-nodes-2:1004:1004 [3] NCCL INFO Ring 14 : 12 -> 11 -> 10
gpu-nodes-2:1004:1004 [3] NCCL INFO Ring 15 : 12 -> 11 -> 10
gpu-nodes-2:1004:1004 [3] NCCL INFO Trees [0] 12/-1/-1->11->10 [1] 12/-1/-1->11->10 [2] 12/-1/-1->11->10 [3] 12/-1/-1->11->3 [4] -1/-1/-1->11->10 [5] 12/-1/-1->11->10 [6] 12/-1/-1->11->10 [7] 12/-1/-1->11->10 [8] 12/-1/-1->11->10 [9] 12/-1/-1->11->10 [10] 12/-1/-1->11->10 [11] 12/3/-1->11->-1 [12] -1/-1/-1->11->10 [13] 12/-1/-1->11->10 [14] 12/-1/-1->11->10 [15] 12/-1/-1->11->10
gpu-nodes-2:1004:1004 [3] NCCL INFO P2P Chunksize set to 131072
gpu-nodes-2:1004:1004 [3] NCCL INFO PROFILER/Plugin: Could not find: libnccl-profiler.so
gpu-nodes-2:1004:1004 [3] NCCL INFO Check P2P Type isAllDirectP2p 1 directMode 0 isAllCudaP2p 1
gpu-nodes-2:1004:1004 [3] NCCL INFO ncclP2pSchedule: group size used is 8
gpu-nodes-2:1004:1423 [0] NCCL INFO [Proxy Service] Device 3 CPU core 34
gpu-nodes-2:1004:1425 [0] NCCL INFO [Proxy Service UDS] Device 3 CPU core 186
gpu-nodes-2:1004:1004 [3] NCCL INFO GPU Direct RDMA Enabled for GPU/0-471040 (rank 11) - NET/0-3 (distance 4 <= 6, read 0, mode Default)
gpu-nodes-2:1004:1423 [3] NCCL INFO New proxy recv connection 0 from local rank 3, transport 2
gpu-nodes-2:1004:1438 [0] NCCL INFO [Proxy Progress] Device 3 CPU core 167
gpu-nodes-2:1004:1004 [3] NCCL INFO Connected to proxy localRank 3 -> connection 0x7d8eb4004fa0
gpu-nodes-2:1004:1423 [3] NCCL INFO New proxy send connection 1 from local rank 4, transport 2
gpu-nodes-2:1004:1004 [3] NCCL INFO Channel 03/0 : 4[4] -> 11[3] [receive] via NET/IB/3/GDRDMA
gpu-nodes-2:1004:1004 [3] NCCL INFO GPU Direct RDMA Enabled for GPU/0-471040 (rank 11) - NET/0-3 (distance 4 <= 6, read 0, mode Default)
gpu-nodes-2:1004:1423 [3] NCCL INFO New proxy recv connection 2 from local rank 3, transport 2
gpu-nodes-2:1004:1004 [3] NCCL INFO Connected to proxy localRank 3 -> connection 0x7d8eb40050b0
gpu-nodes-2:1004:1423 [3] NCCL INFO New proxy send connection 3 from local rank 4, transport 2
gpu-nodes-2:1004:1004 [3] NCCL INFO Channel 11/0 : 4[4] -> 11[3] [receive] via NET/IB/3/GDRDMA
gpu-nodes-2:1004:1004 [3] NCCL INFO GPU Direct RDMA Enabled for GPU/0-471040 (rank 11) - NET/0-2 ( using PXN via GPU/0-405504, distance 4 <= 6, read 1, mode Default)
gpu-nodes-2:1004:1004 [3] NCCL INFO Connected to proxy localRank 2 -> connection 0x7d9670005080
gpu-nodes-2:1004:1004 [3] NCCL INFO Channel 02/0 : 11[3] -> 2[2] [send] via NET/IB/2(10)/GDRDMA
gpu-nodes-2:1004:1004 [3] NCCL INFO GPU Direct RDMA Enabled for GPU/0-471040 (rank 11) - NET/0-2 ( using PXN via GPU/0-405504, distance 4 <= 6, read 1, mode Default)
gpu-nodes-2:1004:1004 [3] NCCL INFO Connected to proxy localRank 2 -> connection 0x7d9670005108
gpu-nodes-2:1004:1004 [3] NCCL INFO Channel 10/0 : 11[3] -> 2[2] [send] via NET/IB/2(10)/GDRDMA
gpu-nodes-2:1004:1423 [3] NCCL INFO New proxy recv connection 4 from local rank 3, transport 0
gpu-nodes-2:1004:1004 [3] NCCL INFO Connected to proxy localRank 3 -> connection 0x7d8eb40051c0
gpu-nodes-2:1004:1423 [3] NCCL INFO New proxy recv connection 5 from local rank 3, transport 0
gpu-nodes-2:1004:1004 [3] NCCL INFO Connected to proxy localRank 3 -> connection 0x7d8eb4005248
gpu-nodes-2:1004:1423 [3] NCCL INFO New proxy recv connection 6 from local rank 3, transport 0
gpu-nodes-2:1004:1004 [3] NCCL INFO Connected to proxy localRank 3 -> connection 0x7d8eb40052d0
gpu-nodes-2:1004:1423 [3] NCCL INFO New proxy recv connection 7 from local rank 3, transport 0
gpu-nodes-2:1004:1004 [3] NCCL INFO Connected to proxy localRank 3 -> connection 0x7d8eb4005358
gpu-nodes-2:1004:1423 [3] NCCL INFO New proxy recv connection 8 from local rank 3, transport 0
gpu-nodes-2:1004:1004 [3] NCCL INFO Connected to proxy localRank 3 -> connection 0x7d8eb40053e0
gpu-nodes-2:1004:1423 [3] NCCL INFO New proxy recv connection 9 from local rank 3, transport 0
gpu-nodes-2:1004:1004 [3] NCCL INFO Connected to proxy localRank 3 -> connection 0x7d8eb4005468
gpu-nodes-2:1004:1423 [3] NCCL INFO New proxy recv connection 10 from local rank 3, transport 0
gpu-nodes-2:1004:1004 [3] NCCL INFO Connected to proxy localRank 3 -> connection 0x7d8eb40054f0
gpu-nodes-2:1004:1423 [3] NCCL INFO New proxy recv connection 11 from local rank 3, transport 0
gpu-nodes-2:1004:1004 [3] NCCL INFO Connected to proxy localRank 3 -> connection 0x7d8eb4005578
gpu-nodes-2:1004:1423 [3] NCCL INFO New proxy recv connection 12 from local rank 3, transport 0
gpu-nodes-2:1004:1004 [3] NCCL INFO Connected to proxy localRank 3 -> connection 0x7d8eb4005600
gpu-nodes-2:1004:1423 [3] NCCL INFO New proxy recv connection 13 from local rank 3, transport 0
gpu-nodes-2:1004:1004 [3] NCCL INFO Connected to proxy localRank 3 -> connection 0x7d8eb4005688
gpu-nodes-2:1004:1423 [3] NCCL INFO New proxy recv connection 14 from local rank 3, transport 0
gpu-nodes-2:1004:1004 [3] NCCL INFO Connected to proxy localRank 3 -> connection 0x7d8eb4005710
gpu-nodes-2:1004:1423 [3] NCCL INFO New proxy recv connection 15 from local rank 3, transport 0
gpu-nodes-2:1004:1004 [3] NCCL INFO Connected to proxy localRank 3 -> connection 0x7d8eb4005798
gpu-nodes-2:1004:1423 [3] NCCL INFO New proxy recv connection 16 from local rank 3, transport 0
gpu-nodes-2:1004:1004 [3] NCCL INFO Connected to proxy localRank 3 -> connection 0x7d8eb4005820
gpu-nodes-2:1004:1423 [3] NCCL INFO New proxy recv connection 17 from local rank 3, transport 0
gpu-nodes-2:1004:1004 [3] NCCL INFO Connected to proxy localRank 3 -> connection 0x7d8eb40058a8
gpu-nodes-2:1004:1004 [3] NCCL INFO Channel 00/0 : 11[3] -> 10[2] via P2P/IPC
gpu-nodes-2:1004:1423 [3] NCCL INFO New proxy send connection 18 from local rank 3, transport 0
gpu-nodes-2:1004:1004 [3] NCCL INFO Connected to proxy localRank 3 -> connection 0x7d8eb4005930
gpu-nodes-2:1004:1004 [3] NCCL INFO Channel 01/0 : 11[3] -> 10[2] via P2P/IPC
gpu-nodes-2:1004:1423 [3] NCCL INFO New proxy send connection 19 from local rank 3, transport 0
gpu-nodes-2:1004:1004 [3] NCCL INFO Connected to proxy localRank 3 -> connection 0x7d8eb40059b8
gpu-nodes-2:1004:1004 [3] NCCL INFO Channel 03/0 : 11[3] -> 10[2] via P2P/IPC
gpu-nodes-2:1004:1423 [3] NCCL INFO New proxy send connection 20 from local rank 3, transport 0
gpu-nodes-2:1004:1004 [3] NCCL INFO Connected to proxy localRank 3 -> connection 0x7d8eb4005a40
gpu-nodes-2:1004:1004 [3] NCCL INFO Channel 04/0 : 11[3] -> 10[2] via P2P/IPC
gpu-nodes-2:1004:1423 [3] NCCL INFO New proxy send connection 21 from local rank 3, transport 0
gpu-nodes-2:1004:1004 [3] NCCL INFO Connected to proxy localRank 3 -> connection 0x7d8eb4005ac8
gpu-nodes-2:1004:1004 [3] NCCL INFO Channel 05/0 : 11[3] -> 10[2] via P2P/IPC
gpu-nodes-2:1004:1423 [3] NCCL INFO New proxy send connection 22 from local rank 3, transport 0
gpu-nodes-2:1004:1004 [3] NCCL INFO Connected to proxy localRank 3 -> connection 0x7d8eb4005b50
gpu-nodes-2:1004:1004 [3] NCCL INFO Channel 06/0 : 11[3] -> 10[2] via P2P/IPC
gpu-nodes-2:1004:1423 [3] NCCL INFO New proxy send connection 23 from local rank 3, transport 0
gpu-nodes-2:1004:1004 [3] NCCL INFO Connected to proxy localRank 3 -> connection 0x7d8eb4005bd8
gpu-nodes-2:1004:1004 [3] NCCL INFO Channel 07/0 : 11[3] -> 10[2] via P2P/IPC
gpu-nodes-2:1004:1423 [3] NCCL INFO New proxy send connection 24 from local rank 3, transport 0
gpu-nodes-2:1004:1004 [3] NCCL INFO Connected to proxy localRank 3 -> connection 0x7d8eb4005c60
gpu-nodes-2:1004:1004 [3] NCCL INFO Channel 08/0 : 11[3] -> 10[2] via P2P/IPC
gpu-nodes-2:1004:1423 [3] NCCL INFO New proxy send connection 25 from local rank 3, transport 0
gpu-nodes-2:1004:1004 [3] NCCL INFO Connected to proxy localRank 3 -> connection 0x7d8eb4005ce8
gpu-nodes-2:1004:1004 [3] NCCL INFO Channel 09/0 : 11[3] -> 10[2] via P2P/IPC
gpu-nodes-2:1004:1423 [3] NCCL INFO New proxy send connection 26 from local rank 3, transport 0
gpu-nodes-2:1004:1004 [3] NCCL INFO Connected to proxy localRank 3 -> connection 0x7d8eb4005d70
gpu-nodes-2:1004:1004 [3] NCCL INFO Channel 11/0 : 11[3] -> 10[2] via P2P/IPC
gpu-nodes-2:1004:1423 [3] NCCL INFO New proxy send connection 27 from local rank 3, transport 0
gpu-nodes-2:1004:1004 [3] NCCL INFO Connected to proxy localRank 3 -> connection 0x7d8eb4005df8
gpu-nodes-2:1004:1004 [3] NCCL INFO Channel 12/0 : 11[3] -> 10[2] via P2P/IPC
gpu-nodes-2:1004:1423 [3] NCCL INFO New proxy send connection 28 from local rank 3, transport 0
gpu-nodes-2:1004:1004 [3] NCCL INFO Connected to proxy localRank 3 -> connection 0x7d8eb4005e80
gpu-nodes-2:1004:1004 [3] NCCL INFO Channel 13/0 : 11[3] -> 10[2] via P2P/IPC
gpu-nodes-2:1004:1423 [3] NCCL INFO New proxy send connection 29 from local rank 3, transport 0
gpu-nodes-2:1004:1004 [3] NCCL INFO Connected to proxy localRank 3 -> connection 0x7d8eb4005f08
gpu-nodes-2:1004:1004 [3] NCCL INFO Channel 14/0 : 11[3] -> 10[2] via P2P/IPC
gpu-nodes-2:1004:1423 [3] NCCL INFO New proxy send connection 30 from local rank 3, transport 0
gpu-nodes-2:1004:1004 [3] NCCL INFO Connected to proxy localRank 3 -> connection 0x7d8eb4005f90
gpu-nodes-2:1004:1004 [3] NCCL INFO Channel 15/0 : 11[3] -> 10[2] via P2P/IPC
gpu-nodes-2:1004:1423 [3] NCCL INFO New proxy send connection 31 from local rank 3, transport 0
gpu-nodes-2:1004:1004 [3] NCCL INFO Connected to proxy localRank 3 -> connection 0x7d8eb4006018
gpu-nodes-2:1004:1423 [3] NCCL INFO NET/IB: ncclIbResiliencyInit: Resiliency is disabled on the recv communicator (comm=0x7d8eb4025000)
gpu-nodes-2:1004:1423 [3] NCCL INFO NET/IB: ncclIbRecvCommInit: Receive work requests will be posted on-demand
gpu-nodes-2:1004:1423 [3] NCCL INFO NET/IB: ncclIbResiliencyInit: Resiliency is disabled on the recv communicator (comm=0x7d8eb4064000)
gpu-nodes-2:1004:1423 [3] NCCL INFO NET/IB: ncclIbRecvCommInit: Receive work requests will be posted on-demand
gpu-nodes-2:1004:1423 [3] NCCL INFO NET/IB: ncclIbResiliencyInit: Resiliency is disabled on the send communicator (comm=0x7d8eb40a3000)
gpu-nodes-2:1004:1423 [3] NCCL INFO NET/IB: ncclIbResiliencyInit: Resiliency is disabled on the send communicator (comm=0x7d8eb40de000)
gpu-nodes-2:1004:1423 [3] NCCL INFO NET/IB: ncclIbReceiverQpsCreateToRts: QP created: port=1 dev=3 devName=mlx5_0 ndevs=14 nmdevs=16 qp_num=541 pkey=0 pd=0x7d8eb4061cd0
gpu-nodes-2:1004:1423 [3] NCCL INFO NET/IB: ncclIbReceiverQpsCreateToRts: QP created: port=1 dev=3 devName=mlx5_0 ndevs=14 nmdevs=16 qp_num=542 pkey=0 pd=0x7d8eb4061cd0
gpu-nodes-2:1004:1423 [3] NCCL INFO NET/IB: ncclIbReceiverQpsCreateToRts: QP created: port=1 dev=3 devName=mlx5_0 ndevs=14 nmdevs=16 qp_num=543 pkey=0 pd=0x7d8eb4061cd0
gpu-nodes-2:1004:1423 [3] NCCL INFO NET/IB: ncclIbReceiverQpsCreateToRts: QP created: port=1 dev=3 devName=mlx5_0 ndevs=14 nmdevs=16 qp_num=544 pkey=0 pd=0x7d8eb4061cd0
gpu-nodes-2:1004:1423 [3] NCCL INFO NET/IB: ncclIbSenderQpsCreate: QP created: port=1 dev=3 devName=mlx5_0 ndevs=14 nmdevs=16 qp_num=545 pkey=0 pd=0x7d8eb4061cd0
gpu-nodes-2:1004:1423 [3] NCCL INFO NET/IB: ncclIbConnect: NCCL Dev 3 IbDev 3 Port 1 qp_num 545 mtu 5 LID 487 subnet-prefix 33022  FLID 0 ctsFifoRkey=0x16bf80 ctsFifoLkey=0x16bf80
gpu-nodes-2:1004:1423 [3] NCCL INFO NET/IB: ncclIbConnect: IbDev 3 Port 1 qp_num 545 query_ece={supported=1, vendor_id=0x15b3, options=0x30000200, comp_mask=0x0}
gpu-nodes-2:1004:1423 [3] NCCL INFO NET/IB: ncclIbSenderQpsCreate: QP created: port=1 dev=3 devName=mlx5_0 ndevs=14 nmdevs=16 qp_num=546 pkey=0 pd=0x7d8eb4061cd0
gpu-nodes-2:1004:1423 [3] NCCL INFO NET/IB: ncclIbConnect: NCCL Dev 3 IbDev 3 Port 1 qp_num 546 mtu 5 LID 487 subnet-prefix 33022  FLID 0 ctsFifoRkey=0x16b574 ctsFifoLkey=0x16b574
gpu-nodes-2:1004:1423 [3] NCCL INFO NET/IB: ncclIbConnect: IbDev 3 Port 1 qp_num 546 query_ece={supported=1, vendor_id=0x15b3, options=0x30000200, comp_mask=0x0}
gpu-nodes-2:1004:1423 [3] NCCL INFO NET/IB: ncclIbSenderQpsToRts: Set ECE: IbDev 3 Port 1 qp_num 545 set_ece={supported=1, vendor_id=0x15b3, options=0x30000200, comp_mask=0x0}
gpu-nodes-2:1004:1423 [3] NCCL INFO NET/IB: ncclIbSenderQpsToRts: Set ECE: IbDev 3 Port 1 qp_num 546 set_ece={supported=1, vendor_id=0x15b3, options=0x30000200, comp_mask=0x0}
gpu-nodes-2:1004:1004 [3] NCCL INFO Connected all rings, use ring PXN 1 GDR 1
gpu-nodes-2:1004:1423 [3] NCCL INFO New proxy recv connection 32 from local rank 3, transport 0
gpu-nodes-2:1004:1004 [3] NCCL INFO Connected to proxy localRank 3 -> connection 0x7d8eb40060a0
gpu-nodes-2:1004:1423 [3] NCCL INFO New proxy recv connection 33 from local rank 3, transport 0
gpu-nodes-2:1004:1004 [3] NCCL INFO Connected to proxy localRank 3 -> connection 0x7d8eb4006128
gpu-nodes-2:1004:1423 [3] NCCL INFO New proxy recv connection 34 from local rank 3, transport 0
gpu-nodes-2:1004:1004 [3] NCCL INFO Connected to proxy localRank 3 -> connection 0x7d8eb40061b0
gpu-nodes-2:1004:1423 [3] NCCL INFO New proxy recv connection 35 from local rank 3, transport 0
gpu-nodes-2:1004:1004 [3] NCCL INFO Connected to proxy localRank 3 -> connection 0x7d8eb4006238
gpu-nodes-2:1004:1423 [3] NCCL INFO New proxy recv connection 36 from local rank 3, transport 0
gpu-nodes-2:1004:1004 [3] NCCL INFO Connected to proxy localRank 3 -> connection 0x7d8eb40062c0
gpu-nodes-2:1004:1423 [3] NCCL INFO New proxy recv connection 37 from local rank 3, transport 0
gpu-nodes-2:1004:1004 [3] NCCL INFO Connected to proxy localRank 3 -> connection 0x7d8eb4006348
gpu-nodes-2:1004:1423 [3] NCCL INFO New proxy recv connection 38 from local rank 3, transport 0
gpu-nodes-2:1004:1004 [3] NCCL INFO Connected to proxy localRank 3 -> connection 0x7d8eb40063d0
gpu-nodes-2:1004:1423 [3] NCCL INFO New proxy recv connection 39 from local rank 3, transport 0
gpu-nodes-2:1004:1004 [3] NCCL INFO Connected to proxy localRank 3 -> connection 0x7d8eb4006458
gpu-nodes-2:1004:1423 [3] NCCL INFO New proxy recv connection 40 from local rank 3, transport 0
gpu-nodes-2:1004:1004 [3] NCCL INFO Connected to proxy localRank 3 -> connection 0x7d8eb40064e0
gpu-nodes-2:1004:1423 [3] NCCL INFO New proxy recv connection 41 from local rank 3, transport 0
gpu-nodes-2:1004:1004 [3] NCCL INFO Connected to proxy localRank 3 -> connection 0x7d8eb4006568
gpu-nodes-2:1004:1423 [3] NCCL INFO New proxy recv connection 42 from local rank 3, transport 0
gpu-nodes-2:1004:1004 [3] NCCL INFO Connected to proxy localRank 3 -> connection 0x7d8eb40065f0
gpu-nodes-2:1004:1423 [3] NCCL INFO New proxy recv connection 43 from local rank 3, transport 0
gpu-nodes-2:1004:1004 [3] NCCL INFO Connected to proxy localRank 3 -> connection 0x7d8eb4006678
gpu-nodes-2:1004:1423 [3] NCCL INFO New proxy recv connection 44 from local rank 3, transport 0
gpu-nodes-2:1004:1004 [3] NCCL INFO Connected to proxy localRank 3 -> connection 0x7d8eb4006700
gpu-nodes-2:1004:1423 [3] NCCL INFO New proxy recv connection 45 from local rank 3, transport 0
gpu-nodes-2:1004:1004 [3] NCCL INFO Connected to proxy localRank 3 -> connection 0x7d8eb4006788
gpu-nodes-2:1004:1004 [3] NCCL INFO Channel 00/0 : 11[3] -> 12[4] via P2P/IPC
gpu-nodes-2:1004:1423 [3] NCCL INFO New proxy send connection 46 from local rank 3, transport 0
gpu-nodes-2:1004:1004 [3] NCCL INFO Connected to proxy localRank 3 -> connection 0x7d8eb4006810
gpu-nodes-2:1004:1004 [3] NCCL INFO Channel 01/0 : 11[3] -> 12[4] via P2P/IPC
gpu-nodes-2:1004:1423 [3] NCCL INFO New proxy send connection 47 from local rank 3, transport 0
gpu-nodes-2:1004:1004 [3] NCCL INFO Connected to proxy localRank 3 -> connection 0x7d8eb4006898
gpu-nodes-2:1004:1004 [3] NCCL INFO Channel 02/0 : 11[3] -> 12[4] via P2P/IPC
gpu-nodes-2:1004:1423 [3] NCCL INFO New proxy send connection 48 from local rank 3, transport 0
gpu-nodes-2:1004:1004 [3] NCCL INFO Connected to proxy localRank 3 -> connection 0x7d8eb4006920
gpu-nodes-2:1004:1004 [3] NCCL INFO Channel 03/0 : 11[3] -> 12[4] via P2P/IPC
gpu-nodes-2:1004:1423 [3] NCCL INFO New proxy send connection 49 from local rank 3, transport 0
gpu-nodes-2:1004:1004 [3] NCCL INFO Connected to proxy localRank 3 -> connection 0x7d8eb40069a8
gpu-nodes-2:1004:1004 [3] NCCL INFO Channel 05/0 : 11[3] -> 12[4] via P2P/IPC
gpu-nodes-2:1004:1423 [3] NCCL INFO New proxy send connection 50 from local rank 3, transport 0
gpu-nodes-2:1004:1004 [3] NCCL INFO Connected to proxy localRank 3 -> connection 0x7d8eb4006a30
gpu-nodes-2:1004:1004 [3] NCCL INFO Channel 06/0 : 11[3] -> 12[4] via P2P/IPC
gpu-nodes-2:1004:1423 [3] NCCL INFO New proxy send connection 51 from local rank 3, transport 0
gpu-nodes-2:1004:1004 [3] NCCL INFO Connected to proxy localRank 3 -> connection 0x7d8eb4006ab8
gpu-nodes-2:1004:1004 [3] NCCL INFO Channel 07/0 : 11[3] -> 12[4] via P2P/IPC
gpu-nodes-2:1004:1423 [3] NCCL INFO New proxy send connection 52 from local rank 3, transport 0
gpu-nodes-2:1004:1004 [3] NCCL INFO Connected to proxy localRank 3 -> connection 0x7d8eb4006b40
gpu-nodes-2:1004:1004 [3] NCCL INFO Channel 08/0 : 11[3] -> 12[4] via P2P/IPC
gpu-nodes-2:1004:1423 [3] NCCL INFO New proxy send connection 53 from local rank 3, transport 0
gpu-nodes-2:1004:1004 [3] NCCL INFO Connected to proxy localRank 3 -> connection 0x7d8eb4006bc8
gpu-nodes-2:1004:1004 [3] NCCL INFO Channel 09/0 : 11[3] -> 12[4] via P2P/IPC
gpu-nodes-2:1004:1423 [3] NCCL INFO New proxy send connection 54 from local rank 3, transport 0
gpu-nodes-2:1004:1004 [3] NCCL INFO Connected to proxy localRank 3 -> connection 0x7d8eb4006c50
gpu-nodes-2:1004:1004 [3] NCCL INFO Channel 10/0 : 11[3] -> 12[4] via P2P/IPC
gpu-nodes-2:1004:1423 [3] NCCL INFO New proxy send connection 55 from local rank 3, transport 0
gpu-nodes-2:1004:1004 [3] NCCL INFO Connected to proxy localRank 3 -> connection 0x7d8eb4006cd8
gpu-nodes-2:1004:1004 [3] NCCL INFO Channel 11/0 : 11[3] -> 12[4] via P2P/IPC
gpu-nodes-2:1004:1423 [3] NCCL INFO New proxy send connection 56 from local rank 3, transport 0
gpu-nodes-2:1004:1004 [3] NCCL INFO Connected to proxy localRank 3 -> connection 0x7d8eb4006d60
gpu-nodes-2:1004:1004 [3] NCCL INFO Channel 13/0 : 11[3] -> 12[4] via P2P/IPC
gpu-nodes-2:1004:1423 [3] NCCL INFO New proxy send connection 57 from local rank 3, transport 0
gpu-nodes-2:1004:1004 [3] NCCL INFO Connected to proxy localRank 3 -> connection 0x7d8eb4006de8
gpu-nodes-2:1004:1004 [3] NCCL INFO Channel 14/0 : 11[3] -> 12[4] via P2P/IPC
gpu-nodes-2:1004:1423 [3] NCCL INFO New proxy send connection 58 from local rank 3, transport 0
gpu-nodes-2:1004:1004 [3] NCCL INFO Connected to proxy localRank 3 -> connection 0x7d8eb4006e70
gpu-nodes-2:1004:1004 [3] NCCL INFO Channel 15/0 : 11[3] -> 12[4] via P2P/IPC
gpu-nodes-2:1004:1423 [3] NCCL INFO New proxy send connection 59 from local rank 3, transport 0
gpu-nodes-2:1004:1004 [3] NCCL INFO Connected to proxy localRank 3 -> connection 0x7d8eb4006ef8
gpu-nodes-2:1004:1004 [3] NCCL INFO GPU Direct RDMA Enabled for GPU/0-471040 (rank 11) - NET/0-3 (distance 4 <= 6, read 0, mode Default)
gpu-nodes-2:1004:1423 [3] NCCL INFO New proxy recv connection 60 from local rank 3, transport 2
gpu-nodes-2:1004:1004 [3] NCCL INFO Connected to proxy localRank 3 -> connection 0x7d8eb4006f80
gpu-nodes-2:1004:1004 [3] NCCL INFO Channel 03/0 : 3[3] -> 11[3] [receive] via NET/IB/3/GDRDMA
gpu-nodes-2:1004:1004 [3] NCCL INFO GPU Direct RDMA Enabled for GPU/0-471040 (rank 11) - NET/0-3 (distance 4 <= 6, read 0, mode Default)
gpu-nodes-2:1004:1423 [3] NCCL INFO New proxy recv connection 61 from local rank 3, transport 2
gpu-nodes-2:1004:1004 [3] NCCL INFO Connected to proxy localRank 3 -> connection 0x7d8eb4007008
gpu-nodes-2:1004:1004 [3] NCCL INFO Channel 11/0 : 3[3] -> 11[3] [receive] via NET/IB/3/GDRDMA
gpu-nodes-2:1004:1004 [3] NCCL INFO GPU Direct RDMA Enabled for GPU/0-471040 (rank 11) - NET/0-3 (distance 4 <= 6, read 1, mode Default)
gpu-nodes-2:1004:1423 [3] NCCL INFO New proxy send connection 62 from local rank 3, transport 2
gpu-nodes-2:1004:1004 [3] NCCL INFO Connected to proxy localRank 3 -> connection 0x7d8eb4007090
gpu-nodes-2:1004:1004 [3] NCCL INFO Channel 03/0 : 11[3] -> 3[3] [send] via NET/IB/3/GDRDMA
gpu-nodes-2:1004:1004 [3] NCCL INFO GPU Direct RDMA Enabled for GPU/0-471040 (rank 11) - NET/0-3 (distance 4 <= 6, read 1, mode Default)
gpu-nodes-2:1004:1423 [3] NCCL INFO New proxy send connection 63 from local rank 3, transport 2
gpu-nodes-2:1004:1004 [3] NCCL INFO Connected to proxy localRank 3 -> connection 0x7d8eb4007118
gpu-nodes-2:1004:1004 [3] NCCL INFO Channel 11/0 : 11[3] -> 3[3] [send] via NET/IB/3/GDRDMA
gpu-nodes-2:1004:1423 [3] NCCL INFO New proxy recv connection 64 from local rank 3, transport 0
gpu-nodes-2:1004:1004 [3] NCCL INFO Connected to proxy localRank 3 -> connection 0x7d8eb40071a0
gpu-nodes-2:1004:1423 [3] NCCL INFO New proxy recv connection 65 from local rank 3, transport 0
gpu-nodes-2:1004:1004 [3] NCCL INFO Connected to proxy localRank 3 -> connection 0x7d8eb4007228
gpu-nodes-2:1004:1004 [3] NCCL INFO Channel 02/0 : 11[3] -> 10[2] via P2P/IPC
gpu-nodes-2:1004:1423 [3] NCCL INFO New proxy send connection 66 from local rank 3, transport 0
gpu-nodes-2:1004:1004 [3] NCCL INFO Connected to proxy localRank 3 -> connection 0x7d8eb40072b0
gpu-nodes-2:1004:1004 [3] NCCL INFO Channel 10/0 : 11[3] -> 10[2] via P2P/IPC
gpu-nodes-2:1004:1423 [3] NCCL INFO New proxy send connection 67 from local rank 3, transport 0
gpu-nodes-2:1004:1004 [3] NCCL INFO Connected to proxy localRank 3 -> connection 0x7d8eb4007338
gpu-nodes-2:1004:1423 [3] NCCL INFO NET/IB: ncclIbResiliencyInit: Resiliency is disabled on the send communicator (comm=0x7d8eb4238000)
gpu-nodes-2:1004:1423 [3] NCCL INFO NET/IB: ncclIbResiliencyInit: Resiliency is disabled on the recv communicator (comm=0x7d8eb4273000)
gpu-nodes-2:1004:1423 [3] NCCL INFO NET/IB: ncclIbRecvCommInit: Receive work requests will be posted on-demand
gpu-nodes-2:1004:1423 [3] NCCL INFO NET/IB: ncclIbResiliencyInit: Resiliency is disabled on the send communicator (comm=0x7d8eb42b2000)
gpu-nodes-2:1004:1423 [3] NCCL INFO NET/IB: ncclIbResiliencyInit: Resiliency is disabled on the recv communicator (comm=0x7d8eb42ed000)
gpu-nodes-2:1004:1423 [3] NCCL INFO NET/IB: ncclIbRecvCommInit: Receive work requests will be posted on-demand
gpu-nodes-2:1004:1423 [3] NCCL INFO NET/IB: ncclIbSenderQpsCreate: QP created: port=1 dev=3 devName=mlx5_0 ndevs=14 nmdevs=16 qp_num=547 pkey=0 pd=0x7d8eb4061cd0
gpu-nodes-2:1004:1423 [3] NCCL INFO NET/IB: ncclIbConnect: NCCL Dev 3 IbDev 3 Port 1 qp_num 547 mtu 5 LID 487 subnet-prefix 33022  FLID 0 ctsFifoRkey=0x16853f ctsFifoLkey=0x16853f
gpu-nodes-2:1004:1423 [3] NCCL INFO NET/IB: ncclIbConnect: IbDev 3 Port 1 qp_num 547 query_ece={supported=1, vendor_id=0x15b3, options=0x30000200, comp_mask=0x0}
gpu-nodes-2:1004:1423 [3] NCCL INFO NET/IB: ncclIbReceiverQpsCreateToRts: QP created: port=1 dev=3 devName=mlx5_0 ndevs=14 nmdevs=16 qp_num=548 pkey=0 pd=0x7d8eb4061cd0
gpu-nodes-2:1004:1423 [3] NCCL INFO NET/IB: ncclIbReceiverQpsCreateToRts: QP created: port=1 dev=3 devName=mlx5_0 ndevs=14 nmdevs=16 qp_num=549 pkey=0 pd=0x7d8eb4061cd0
gpu-nodes-2:1004:1423 [3] NCCL INFO NET/IB: ncclIbSenderQpsCreate: QP created: port=1 dev=3 devName=mlx5_0 ndevs=14 nmdevs=16 qp_num=550 pkey=0 pd=0x7d8eb4061cd0
gpu-nodes-2:1004:1423 [3] NCCL INFO NET/IB: ncclIbConnect: NCCL Dev 3 IbDev 3 Port 1 qp_num 550 mtu 5 LID 487 subnet-prefix 33022  FLID 0 ctsFifoRkey=0x169150 ctsFifoLkey=0x169150
gpu-nodes-2:1004:1423 [3] NCCL INFO NET/IB: ncclIbConnect: IbDev 3 Port 1 qp_num 550 query_ece={supported=1, vendor_id=0x15b3, options=0x30000200, comp_mask=0x0}
gpu-nodes-2:1004:1423 [3] NCCL INFO NET/IB: ncclIbSenderQpsToRts: Set ECE: IbDev 3 Port 1 qp_num 547 set_ece={supported=1, vendor_id=0x15b3, options=0x30000200, comp_mask=0x0}
gpu-nodes-2:1004:1423 [3] NCCL INFO NET/IB: ncclIbReceiverQpsCreateToRts: QP created: port=1 dev=3 devName=mlx5_0 ndevs=14 nmdevs=16 qp_num=551 pkey=0 pd=0x7d8eb4061cd0
gpu-nodes-2:1004:1423 [3] NCCL INFO NET/IB: ncclIbReceiverQpsCreateToRts: QP created: port=1 dev=3 devName=mlx5_0 ndevs=14 nmdevs=16 qp_num=552 pkey=0 pd=0x7d8eb4061cd0
gpu-nodes-2:1004:1423 [3] NCCL INFO NET/IB: ncclIbSenderQpsToRts: Set ECE: IbDev 3 Port 1 qp_num 550 set_ece={supported=1, vendor_id=0x15b3, options=0x30000200, comp_mask=0x0}
gpu-nodes-2:1004:1423 [3] NCCL INFO New proxy send connection 68 from local rank 4, transport 2
gpu-nodes-2:1004:1423 [3] NCCL INFO New proxy send connection 69 from local rank 5, transport 2
gpu-nodes-2:1004:1004 [3] NCCL INFO Connected all trees
gpu-nodes-2:1004:1423 [3] NCCL INFO New proxy send connection 70 from local rank 3, transport 2
gpu-nodes-2:1004:1004 [3] NCCL INFO Connected to proxy localRank 3 -> connection 0x7d8eb40074d0
gpu-nodes-2:1004:1004 [3] NCCL INFO GPU Direct RDMA Enabled for GPU/0-471040 (rank 11) - NET/0-0 ( using PXN via GPU/0-12288, distance 4 <= 6, read 1, mode Default)
gpu-nodes-2:1004:1004 [3] NCCL INFO GPU Direct RDMA Enabled for GPU/0-471040 (rank 11) - NET/0-1 ( using PXN via GPU/0-77824, distance 4 <= 6, read 1, mode Default)
gpu-nodes-2:1004:1004 [3] NCCL INFO GPU Direct RDMA Enabled for GPU/0-471040 (rank 11) - NET/0-2 ( using PXN via GPU/0-405504, distance 4 <= 6, read 1, mode Default)
gpu-nodes-2:1004:1004 [3] NCCL INFO GPU Direct RDMA Enabled for GPU/0-471040 (rank 11) - NET/0-4 ( using PXN via GPU/0-536576, distance 4 <= 6, read 1, mode Default)
gpu-nodes-2:1004:1004 [3] NCCL INFO GPU Direct RDMA Enabled for GPU/0-471040 (rank 11) - NET/0-5 ( using PXN via GPU/0-602112, distance 4 <= 6, read 1, mode Default)
gpu-nodes-2:1004:1004 [3] NCCL INFO GPU Direct RDMA Enabled for GPU/0-471040 (rank 11) - NET/0-12 ( using PXN via GPU/0-929792, distance 4 <= 6, read 1, mode Default)
gpu-nodes-2:1004:1004 [3] NCCL INFO GPU Direct RDMA Enabled for GPU/0-471040 (rank 11) - NET/0-13 ( using PXN via GPU/0-995328, distance 4 <= 6, read 1, mode Default)
gpu-nodes-2:1004:1004 [3] NCCL INFO GPU Direct RDMA Enabled for GPU/0-471040 (rank 11) - NET/0-0 ( using PXN via GPU/0-12288, distance 4 <= 6, read 1, mode Default)
gpu-nodes-2:1004:1004 [3] NCCL INFO GPU Direct RDMA Enabled for GPU/0-471040 (rank 11) - NET/0-1 ( using PXN via GPU/0-77824, distance 4 <= 6, read 1, mode Default)
gpu-nodes-2:1004:1004 [3] NCCL INFO GPU Direct RDMA Enabled for GPU/0-471040 (rank 11) - NET/0-2 ( using PXN via GPU/0-405504, distance 4 <= 6, read 1, mode Default)
gpu-nodes-2:1004:1004 [3] NCCL INFO GPU Direct RDMA Enabled for GPU/0-471040 (rank 11) - NET/0-4 ( using PXN via GPU/0-536576, distance 4 <= 6, read 1, mode Default)
gpu-nodes-2:1004:1004 [3] NCCL INFO GPU Direct RDMA Enabled for GPU/0-471040 (rank 11) - NET/0-5 ( using PXN via GPU/0-602112, distance 4 <= 6, read 1, mode Default)
gpu-nodes-2:1004:1004 [3] NCCL INFO GPU Direct RDMA Enabled for GPU/0-471040 (rank 11) - NET/0-12 ( using PXN via GPU/0-929792, distance 4 <= 6, read 1, mode Default)
gpu-nodes-2:1004:1004 [3] NCCL INFO GPU Direct RDMA Enabled for GPU/0-471040 (rank 11) - NET/0-13 ( using PXN via GPU/0-995328, distance 4 <= 6, read 1, mode Default)
gpu-nodes-2:1004:1004 [3] NCCL INFO Connected to proxy localRank 0 -> connection 0x772254007558
gpu-nodes-2:1004:1004 [3] NCCL INFO Connected to proxy localRank 1 -> connection 0x74e8b0007668
gpu-nodes-2:1004:1423 [3] NCCL INFO New proxy send connection 71 from local rank 0, transport 2
gpu-nodes-2:1004:1423 [3] NCCL INFO New proxy send connection 72 from local rank 2, transport 2
gpu-nodes-2:1004:1004 [3] NCCL INFO Connected to proxy localRank 2 -> connection 0x7d9670007638
gpu-nodes-2:1004:1423 [3] NCCL INFO New proxy send connection 73 from local rank 1, transport 2
gpu-nodes-2:1004:1004 [3] NCCL INFO Connected to proxy localRank 4 -> connection 0x7a0bec0075b0
gpu-nodes-2:1004:1423 [3] NCCL INFO New proxy send connection 74 from local rank 6, transport 2
gpu-nodes-2:1004:1004 [3] NCCL INFO Connected to proxy localRank 5 -> connection 0x7682700075e0
gpu-nodes-2:1004:1423 [3] NCCL INFO New proxy send connection 75 from local rank 7, transport 2
gpu-nodes-2:1004:1004 [3] NCCL INFO Connected to proxy localRank 6 -> connection 0x781654007668
gpu-nodes-2:1004:1004 [3] NCCL INFO Connected to proxy localRank 7 -> connection 0x797cf0007668
gpu-nodes-2:1004:1004 [3] NCCL INFO TUNER/Plugin: Could not find: libnccl-tuner.so
gpu-nodes-2:1004:1004 [3] NCCL INFO threadThresholds 8/8/64 | 128/8/64 | 512 | 512
gpu-nodes-2:1004:1004 [3] NCCL INFO 16 coll channels, 16 collnet channels, 0 nvls channels, 16 p2p channels, 4 p2p channels per peer
gpu-nodes-2:1004:1004 [3] NCCL INFO Symmetric memory is not supported. cuMemEnable 0, globalGinSupport 0, globalNicFused 1 cuMemGdrSupport 1
gpu-nodes-2:1004:1004 [3] NCCL INFO ncclCommInitRank comm 0x2c36cf00 rank 11 nranks 16 cudaDev 3 nvmlDev 3 busId 73000 commId 0xe28b3014edf15684 - Init COMPLETE
gpu-nodes-2:1004:1004 [3] NCCL INFO Init timings - ncclCommInitRank: rank 11 nranks 16 total 2.27 (kernels 0.15, alloc 0.81, bootstrap 0.10, allgathers 0.00, topo 0.88, graphs 0.11, connections 0.22, rest 0.00)
gpu-nodes-2:1004:1004 [3] NCCL INFO Initialized NET plugin IB
gpu-nodes-2:1004:1004 [3] NCCL INFO Assigned NET plugin IB to comm
gpu-nodes-2:1004:1004 [3] NCCL INFO Assigned GIN plugin GIN_IB_GDAKI to comm
gpu-nodes-2:1004:1004 [3] NCCL INFO Assigned RMA plugin GIN_IB_PROXY to comm
gpu-nodes-2:1004:1004 [3] NCCL INFO Using network IB
gpu-nodes-2:1004:1004 [3] NCCL INFO DMA-BUF is available on GPU device 3
gpu-nodes-2:1004:1004 [3] NCCL INFO [Rank 3] ncclCommInitRankConfig comm 0x73cc41d0 rank 3 nranks 8 cudaDev 3 nvmlDev 3 busId 73000 commId 0xbfec526dcd72715 - Init START
gpu-nodes-2:1004:1004 [3] NCCL INFO MNNVL busId 0x73000 fabric UUID 0.0 cliqueId 0x0 state 3 healthMask 0x80
gpu-nodes-2:1004:1004 [3] NCCL INFO Could not find real path of /sys/class/pci_bus/fffffff/../../fffffff:ff:f
gpu-nodes-2:1004:1004 [3] NCCL INFO TOPO/NET : Importing network plugins to topology
gpu-nodes-2:1004:1004 [3] NCCL INFO NET/GIN_IB_GDAKI : GPU Direct RDMA Enabled for HCA 0 'mlx5_1'
gpu-nodes-2:1004:1004 [3] NCCL INFO ncclTopoPopulateNics : Filled mlx5_1 in topo with pciPath=/sys/devices/pci0000:00/0000:00:01.1/0000:01:00.0/0000:02:01.0/0000:04:00.0 net=0 gin=1 keep=1 coll=(null)
gpu-nodes-2:1004:1004 [3] NCCL INFO NET/GIN_IB_GDAKI : GPU Direct RDMA Enabled for HCA 1 'mlx5_3'
gpu-nodes-2:1004:1004 [3] NCCL INFO ncclTopoPopulateNics : Filled mlx5_3 in topo with pciPath=/sys/devices/pci0000:10/0000:10:01.1/0000:11:00.0/0000:12:01.0/0000:14:00.0 net=0 gin=1 keep=1 coll=(null)
gpu-nodes-2:1004:1004 [3] NCCL INFO NET/GIN_IB_GDAKI : GPU Direct RDMA Enabled for HCA 2 'mlx5_2'
gpu-nodes-2:1004:1004 [3] NCCL INFO ncclTopoPopulateNics : Filled mlx5_2 in topo with pciPath=/sys/devices/pci0000:60/0000:60:01.1/0000:61:00.0/0000:62:01.0/0000:64:00.0 net=0 gin=1 keep=1 coll=(null)
gpu-nodes-2:1004:1004 [3] NCCL INFO NET/GIN_IB_GDAKI : GPU Direct RDMA Enabled for HCA 3 'mlx5_0'
gpu-nodes-2:1004:1004 [3] NCCL INFO ncclTopoPopulateNics : Filled mlx5_0 in topo with pciPath=/sys/devices/pci0000:70/0000:70:01.1/0000:71:00.0/0000:72:01.0/0000:74:00.0 net=0 gin=1 keep=1 coll=(null)
gpu-nodes-2:1004:1004 [3] NCCL INFO NET/GIN_IB_GDAKI : GPU Direct RDMA Enabled for HCA 4 'mlx5_9'
gpu-nodes-2:1004:1004 [3] NCCL INFO ncclTopoPopulateNics : Filled mlx5_9 in topo with pciPath=/sys/devices/pci0000:80/0000:80:01.1/0000:81:00.0/0000:82:01.0/0000:84:00.0 net=0 gin=1 keep=1 coll=(null)
gpu-nodes-2:1004:1004 [3] NCCL INFO NET/GIN_IB_GDAKI : GPU Direct RDMA Enabled for HCA 5 'mlx5_13'
gpu-nodes-2:1004:1004 [3] NCCL INFO ncclTopoPopulateNics : Filled mlx5_13 in topo with pciPath=/sys/devices/pci0000:90/0000:90:01.1/0000:91:00.0/0000:92:01.0/0000:94:00.0 net=0 gin=1 keep=1 coll=(null)
gpu-nodes-2:1004:1004 [3] NCCL INFO NET/GIN_IB_GDAKI : GPU Direct RDMA Enabled for HCA 6 'mlx5_10'
gpu-nodes-2:1004:1004 [3] NCCL INFO ncclTopoPopulateNics : Filled mlx5_10 in topo with pciPath=/sys/devices/pci0000:c0/0000:c0:01.1/0000:c1:00.0 net=0 gin=1 keep=1 coll=(null)
gpu-nodes-2:1004:1004 [3] NCCL INFO NET/GIN_IB_GDAKI : GPU Direct RDMA Enabled for HCA 7 'mlx5_11'
gpu-nodes-2:1004:1004 [3] NCCL INFO ncclTopoPopulateNics : Filled mlx5_11 in topo with pciPath=/sys/devices/pci0000:c0/0000:c0:01.1/0000:c1:00.0 net=0 gin=1 keep=1 coll=(null)
gpu-nodes-2:1004:1004 [3] NCCL INFO NET/GIN_IB_GDAKI : GPU Direct RDMA Enabled for HCA 8 'mlx5_5'
gpu-nodes-2:1004:1004 [3] NCCL INFO ncclTopoPopulateNics : Filled mlx5_5 in topo with pciPath=/sys/devices/pci0000:d0/0000:d0:03.3/0000:d2:00.0 net=0 gin=1 keep=1 coll=(null)
gpu-nodes-2:1004:1004 [3] NCCL INFO NET/GIN_IB_GDAKI : GPU Direct RDMA Enabled for HCA 9 'mlx5_6'
gpu-nodes-2:1004:1004 [3] NCCL INFO ncclTopoPopulateNics : Filled mlx5_6 in topo with pciPath=/sys/devices/pci0000:d0/0000:d0:03.3/0000:d2:00.0 net=0 gin=1 keep=1 coll=(null)
gpu-nodes-2:1004:1004 [3] NCCL INFO NET/GIN_IB_GDAKI : GPU Direct RDMA Enabled for HCA 10 'mlx5_7'
gpu-nodes-2:1004:1004 [3] NCCL INFO ncclTopoPopulateNics : Filled mlx5_7 in topo with pciPath=/sys/devices/pci0000:d0/0000:d0:03.3/0000:d2:00.0 net=0 gin=1 keep=1 coll=(null)
gpu-nodes-2:1004:1004 [3] NCCL INFO NET/GIN_IB_GDAKI : GPU Direct RDMA Enabled for HCA 11 'mlx5_8'
gpu-nodes-2:1004:1004 [3] NCCL INFO ncclTopoPopulateNics : Filled mlx5_8 in topo with pciPath=/sys/devices/pci0000:d0/0000:d0:03.3/0000:d2:00.0 net=0 gin=1 keep=1 coll=(null)
gpu-nodes-2:1004:1004 [3] NCCL INFO NET/GIN_IB_GDAKI : GPU Direct RDMA Enabled for HCA 12 'mlx5_12'
gpu-nodes-2:1004:1004 [3] NCCL INFO ncclTopoPopulateNics : Filled mlx5_12 in topo with pciPath=/sys/devices/pci0000:e0/0000:e0:01.1/0000:e1:00.0/0000:e2:01.0/0000:e4:00.0 net=0 gin=1 keep=1 coll=(null)
gpu-nodes-2:1004:1004 [3] NCCL INFO NET/GIN_IB_GDAKI : GPU Direct RDMA Enabled for HCA 13 'mlx5_4'
gpu-nodes-2:1004:1004 [3] NCCL INFO ncclTopoPopulateNics : Filled mlx5_4 in topo with pciPath=/sys/devices/pci0000:f0/0000:f0:01.1/0000:f1:00.0/0000:f2:01.0/0000:f4:00.0 net=0 gin=1 keep=1 coll=(null)
gpu-nodes-2:1004:1004 [3] NCCL INFO NET/IB : GPU Direct RDMA Enabled for HCA 0 'mlx5_1'
gpu-nodes-2:1004:1004 [3] NCCL INFO ncclTopoPopulateNics : Filled mlx5_1 in topo with pciPath=/sys/devices/pci0000:00/0000:00:01.1/0000:01:00.0/0000:02:01.0/0000:04:00.0 net=1 gin=1 keep=1 coll=(null)
gpu-nodes-2:1004:1004 [3] NCCL INFO NET/IB : GPU Direct RDMA Enabled for HCA 1 'mlx5_3'
gpu-nodes-2:1004:1004 [3] NCCL INFO ncclTopoPopulateNics : Filled mlx5_3 in topo with pciPath=/sys/devices/pci0000:10/0000:10:01.1/0000:11:00.0/0000:12:01.0/0000:14:00.0 net=1 gin=1 keep=1 coll=(null)
gpu-nodes-2:1004:1004 [3] NCCL INFO NET/IB : GPU Direct RDMA Enabled for HCA 2 'mlx5_2'
gpu-nodes-2:1004:1004 [3] NCCL INFO ncclTopoPopulateNics : Filled mlx5_2 in topo with pciPath=/sys/devices/pci0000:60/0000:60:01.1/0000:61:00.0/0000:62:01.0/0000:64:00.0 net=1 gin=1 keep=1 coll=(null)
gpu-nodes-2:1004:1004 [3] NCCL INFO NET/IB : GPU Direct RDMA Enabled for HCA 3 'mlx5_0'
gpu-nodes-2:1004:1004 [3] NCCL INFO ncclTopoPopulateNics : Filled mlx5_0 in topo with pciPath=/sys/devices/pci0000:70/0000:70:01.1/0000:71:00.0/0000:72:01.0/0000:74:00.0 net=1 gin=1 keep=1 coll=(null)
gpu-nodes-2:1004:1004 [3] NCCL INFO NET/IB : GPU Direct RDMA Enabled for HCA 4 'mlx5_9'
gpu-nodes-2:1004:1004 [3] NCCL INFO ncclTopoPopulateNics : Filled mlx5_9 in topo with pciPath=/sys/devices/pci0000:80/0000:80:01.1/0000:81:00.0/0000:82:01.0/0000:84:00.0 net=1 gin=1 keep=1 coll=(null)
gpu-nodes-2:1004:1004 [3] NCCL INFO NET/IB : GPU Direct RDMA Enabled for HCA 5 'mlx5_13'
gpu-nodes-2:1004:1004 [3] NCCL INFO ncclTopoPopulateNics : Filled mlx5_13 in topo with pciPath=/sys/devices/pci0000:90/0000:90:01.1/0000:91:00.0/0000:92:01.0/0000:94:00.0 net=1 gin=1 keep=1 coll=(null)
gpu-nodes-2:1004:1004 [3] NCCL INFO NET/IB : GPU Direct RDMA Enabled for HCA 6 'mlx5_10'
gpu-nodes-2:1004:1004 [3] NCCL INFO ncclTopoPopulateNics : Filled mlx5_10 in topo with pciPath=/sys/devices/pci0000:c0/0000:c0:01.1/0000:c1:00.0 net=1 gin=1 keep=1 coll=(null)
gpu-nodes-2:1004:1004 [3] NCCL INFO NET/IB : GPU Direct RDMA Enabled for HCA 7 'mlx5_11'
gpu-nodes-2:1004:1004 [3] NCCL INFO ncclTopoPopulateNics : Filled mlx5_11 in topo with pciPath=/sys/devices/pci0000:c0/0000:c0:01.1/0000:c1:00.0 net=1 gin=1 keep=1 coll=(null)
gpu-nodes-2:1004:1004 [3] NCCL INFO NET/IB : GPU Direct RDMA Enabled for HCA 8 'mlx5_5'
gpu-nodes-2:1004:1004 [3] NCCL INFO ncclTopoPopulateNics : Filled mlx5_5 in topo with pciPath=/sys/devices/pci0000:d0/0000:d0:03.3/0000:d2:00.0 net=1 gin=1 keep=1 coll=(null)
gpu-nodes-2:1004:1004 [3] NCCL INFO NET/IB : GPU Direct RDMA Enabled for HCA 9 'mlx5_6'
gpu-nodes-2:1004:1004 [3] NCCL INFO ncclTopoPopulateNics : Filled mlx5_6 in topo with pciPath=/sys/devices/pci0000:d0/0000:d0:03.3/0000:d2:00.0 net=1 gin=1 keep=1 coll=(null)
gpu-nodes-2:1004:1004 [3] NCCL INFO NET/IB : GPU Direct RDMA Enabled for HCA 10 'mlx5_7'
gpu-nodes-2:1004:1004 [3] NCCL INFO ncclTopoPopulateNics : Filled mlx5_7 in topo with pciPath=/sys/devices/pci0000:d0/0000:d0:03.3/0000:d2:00.0 net=1 gin=1 keep=1 coll=(null)
gpu-nodes-2:1004:1004 [3] NCCL INFO NET/IB : GPU Direct RDMA Enabled for HCA 11 'mlx5_8'
gpu-nodes-2:1004:1004 [3] NCCL INFO ncclTopoPopulateNics : Filled mlx5_8 in topo with pciPath=/sys/devices/pci0000:d0/0000:d0:03.3/0000:d2:00.0 net=1 gin=1 keep=1 coll=(null)
gpu-nodes-2:1004:1004 [3] NCCL INFO NET/IB : GPU Direct RDMA Enabled for HCA 12 'mlx5_12'
gpu-nodes-2:1004:1004 [3] NCCL INFO ncclTopoPopulateNics : Filled mlx5_12 in topo with pciPath=/sys/devices/pci0000:e0/0000:e0:01.1/0000:e1:00.0/0000:e2:01.0/0000:e4:00.0 net=1 gin=1 keep=1 coll=(null)
gpu-nodes-2:1004:1004 [3] NCCL INFO NET/IB : GPU Direct RDMA Enabled for HCA 13 'mlx5_4'
gpu-nodes-2:1004:1004 [3] NCCL INFO ncclTopoPopulateNics : Filled mlx5_4 in topo with pciPath=/sys/devices/pci0000:f0/0000:f0:01.1/0000:f1:00.0/0000:f2:01.0/0000:f4:00.0 net=1 gin=1 keep=1 coll=(null)
gpu-nodes-2:1004:1004 [3] NCCL INFO NET/IB : GPU Direct RDMA Enabled for HCA 14 'mlx5_10+mlx5_11'
gpu-nodes-2:1004:1004 [3] NCCL INFO ncclTopoPopulateNics : Filled mlx5_10+mlx5_11 in topo with pciPath=/sys/devices/pci0000:c0/0000:c0:01.1/0000:c1:00.0 net=1 gin=(null) keep=1 coll=(null)
gpu-nodes-2:1004:1004 [3] NCCL INFO NET/IB : GPU Direct RDMA Enabled for HCA 15 'mlx5_5+mlx5_6+mlx5_7+mlx5_8'
gpu-nodes-2:1004:1004 [3] NCCL INFO ncclTopoPopulateNics : Filled mlx5_5+mlx5_6+mlx5_7+mlx5_8 in topo with pciPath=/sys/devices/pci0000:d0/0000:d0:03.3/0000:d2:00.0 net=1 gin=(null) keep=1 coll=(null)
gpu-nodes-2:1004:1004 [3] NCCL INFO GPU Direct RDMA Enabled for GPU/0-12288 (rank 0) - NET/0-0 (distance 4 <= 6, read 0, mode Default)
gpu-nodes-2:1004:1004 [3] NCCL INFO GPU Direct RDMA Enabled for GPU/0-77824 (rank 1) - NET/0-0 ( using PXN via GPU/0-12288, distance 4 <= 6, read 0, mode Default)
gpu-nodes-2:1004:1004 [3] NCCL INFO GPU Direct RDMA Enabled for GPU/0-405504 (rank 2) - NET/0-0 ( using PXN via GPU/0-12288, distance 4 <= 6, read 0, mode Default)
gpu-nodes-2:1004:1004 [3] NCCL INFO GPU Direct RDMA Enabled for GPU/0-471040 (rank 3) - NET/0-0 ( using PXN via GPU/0-12288, distance 4 <= 6, read 0, mode Default)
gpu-nodes-2:1004:1004 [3] NCCL INFO GPU Direct RDMA Enabled for GPU/0-536576 (rank 4) - NET/0-0 ( using PXN via GPU/0-12288, distance 4 <= 6, read 0, mode Default)
gpu-nodes-2:1004:1004 [3] NCCL INFO GPU Direct RDMA Enabled for GPU/0-602112 (rank 5) - NET/0-0 ( using PXN via GPU/0-12288, distance 4 <= 6, read 0, mode Default)
gpu-nodes-2:1004:1004 [3] NCCL INFO GPU Direct RDMA Enabled for GPU/0-929792 (rank 6) - NET/0-0 ( using PXN via GPU/0-12288, distance 4 <= 6, read 0, mode Default)
gpu-nodes-2:1004:1004 [3] NCCL INFO GPU Direct RDMA Enabled for GPU/0-995328 (rank 7) - NET/0-0 ( using PXN via GPU/0-12288, distance 4 <= 6, read 0, mode Default)
gpu-nodes-2:1004:1004 [3] NCCL INFO GPU Direct RDMA Enabled for GPU/0-12288 (rank 0) - NET/0-1 ( using PXN via GPU/0-77824, distance 4 <= 6, read 0, mode Default)
gpu-nodes-2:1004:1004 [3] NCCL INFO GPU Direct RDMA Enabled for GPU/0-77824 (rank 1) - NET/0-1 (distance 4 <= 6, read 0, mode Default)
gpu-nodes-2:1004:1004 [3] NCCL INFO GPU Direct RDMA Enabled for GPU/0-405504 (rank 2) - NET/0-1 ( using PXN via GPU/0-77824, distance 4 <= 6, read 0, mode Default)
gpu-nodes-2:1004:1004 [3] NCCL INFO GPU Direct RDMA Enabled for GPU/0-471040 (rank 3) - NET/0-1 ( using PXN via GPU/0-77824, distance 4 <= 6, read 0, mode Default)
gpu-nodes-2:1004:1004 [3] NCCL INFO GPU Direct RDMA Enabled for GPU/0-536576 (rank 4) - NET/0-1 ( using PXN via GPU/0-77824, distance 4 <= 6, read 0, mode Default)
gpu-nodes-2:1004:1004 [3] NCCL INFO GPU Direct RDMA Enabled for GPU/0-602112 (rank 5) - NET/0-1 ( using PXN via GPU/0-77824, distance 4 <= 6, read 0, mode Default)
gpu-nodes-2:1004:1004 [3] NCCL INFO GPU Direct RDMA Enabled for GPU/0-929792 (rank 6) - NET/0-1 ( using PXN via GPU/0-77824, distance 4 <= 6, read 0, mode Default)
gpu-nodes-2:1004:1004 [3] NCCL INFO GPU Direct RDMA Enabled for GPU/0-995328 (rank 7) - NET/0-1 ( using PXN via GPU/0-77824, distance 4 <= 6, read 0, mode Default)
gpu-nodes-2:1004:1004 [3] NCCL INFO GPU Direct RDMA Enabled for GPU/0-12288 (rank 0) - NET/0-2 ( using PXN via GPU/0-405504, distance 4 <= 6, read 0, mode Default)
gpu-nodes-2:1004:1004 [3] NCCL INFO GPU Direct RDMA Enabled for GPU/0-77824 (rank 1) - NET/0-2 ( using PXN via GPU/0-405504, distance 4 <= 6, read 0, mode Default)
gpu-nodes-2:1004:1004 [3] NCCL INFO GPU Direct RDMA Enabled for GPU/0-405504 (rank 2) - NET/0-2 (distance 4 <= 6, read 0, mode Default)
gpu-nodes-2:1004:1004 [3] NCCL INFO GPU Direct RDMA Enabled for GPU/0-471040 (rank 3) - NET/0-2 ( using PXN via GPU/0-405504, distance 4 <= 6, read 0, mode Default)
gpu-nodes-2:1004:1004 [3] NCCL INFO GPU Direct RDMA Enabled for GPU/0-536576 (rank 4) - NET/0-2 ( using PXN via GPU/0-405504, distance 4 <= 6, read 0, mode Default)
gpu-nodes-2:1004:1004 [3] NCCL INFO GPU Direct RDMA Enabled for GPU/0-602112 (rank 5) - NET/0-2 ( using PXN via GPU/0-405504, distance 4 <= 6, read 0, mode Default)
gpu-nodes-2:1004:1004 [3] NCCL INFO GPU Direct RDMA Enabled for GPU/0-929792 (rank 6) - NET/0-2 ( using PXN via GPU/0-405504, distance 4 <= 6, read 0, mode Default)
gpu-nodes-2:1004:1004 [3] NCCL INFO GPU Direct RDMA Enabled for GPU/0-995328 (rank 7) - NET/0-2 ( using PXN via GPU/0-405504, distance 4 <= 6, read 0, mode Default)
gpu-nodes-2:1004:1004 [3] NCCL INFO GPU Direct RDMA Enabled for GPU/0-12288 (rank 0) - NET/0-3 ( using PXN via GPU/0-471040, distance 4 <= 6, read 0, mode Default)
gpu-nodes-2:1004:1004 [3] NCCL INFO GPU Direct RDMA Enabled for GPU/0-77824 (rank 1) - NET/0-3 ( using PXN via GPU/0-471040, distance 4 <= 6, read 0, mode Default)
gpu-nodes-2:1004:1004 [3] NCCL INFO GPU Direct RDMA Enabled for GPU/0-405504 (rank 2) - NET/0-3 ( using PXN via GPU/0-471040, distance 4 <= 6, read 0, mode Default)
gpu-nodes-2:1004:1004 [3] NCCL INFO GPU Direct RDMA Enabled for GPU/0-471040 (rank 3) - NET/0-3 (distance 4 <= 6, read 0, mode Default)
gpu-nodes-2:1004:1004 [3] NCCL INFO GPU Direct RDMA Enabled for GPU/0-536576 (rank 4) - NET/0-3 ( using PXN via GPU/0-471040, distance 4 <= 6, read 0, mode Default)
gpu-nodes-2:1004:1004 [3] NCCL INFO GPU Direct RDMA Enabled for GPU/0-602112 (rank 5) - NET/0-3 ( using PXN via GPU/0-471040, distance 4 <= 6, read 0, mode Default)
gpu-nodes-2:1004:1004 [3] NCCL INFO GPU Direct RDMA Enabled for GPU/0-929792 (rank 6) - NET/0-3 ( using PXN via GPU/0-471040, distance 4 <= 6, read 0, mode Default)
gpu-nodes-2:1004:1004 [3] NCCL INFO GPU Direct RDMA Enabled for GPU/0-995328 (rank 7) - NET/0-3 ( using PXN via GPU/0-471040, distance 4 <= 6, read 0, mode Default)
gpu-nodes-2:1004:1004 [3] NCCL INFO GPU Direct RDMA Enabled for GPU/0-12288 (rank 0) - NET/0-4 ( using PXN via GPU/0-536576, distance 4 <= 6, read 0, mode Default)
gpu-nodes-2:1004:1004 [3] NCCL INFO GPU Direct RDMA Enabled for GPU/0-77824 (rank 1) - NET/0-4 ( using PXN via GPU/0-536576, distance 4 <= 6, read 0, mode Default)
gpu-nodes-2:1004:1004 [3] NCCL INFO GPU Direct RDMA Enabled for GPU/0-405504 (rank 2) - NET/0-4 ( using PXN via GPU/0-536576, distance 4 <= 6, read 0, mode Default)
gpu-nodes-2:1004:1004 [3] NCCL INFO GPU Direct RDMA Enabled for GPU/0-471040 (rank 3) - NET/0-4 ( using PXN via GPU/0-536576, distance 4 <= 6, read 0, mode Default)
gpu-nodes-2:1004:1004 [3] NCCL INFO GPU Direct RDMA Enabled for GPU/0-536576 (rank 4) - NET/0-4 (distance 4 <= 6, read 0, mode Default)
gpu-nodes-2:1004:1004 [3] NCCL INFO GPU Direct RDMA Enabled for GPU/0-602112 (rank 5) - NET/0-4 ( using PXN via GPU/0-536576, distance 4 <= 6, read 0, mode Default)
gpu-nodes-2:1004:1004 [3] NCCL INFO GPU Direct RDMA Enabled for GPU/0-929792 (rank 6) - NET/0-4 ( using PXN via GPU/0-536576, distance 4 <= 6, read 0, mode Default)
gpu-nodes-2:1004:1004 [3] NCCL INFO GPU Direct RDMA Enabled for GPU/0-995328 (rank 7) - NET/0-4 ( using PXN via GPU/0-536576, distance 4 <= 6, read 0, mode Default)
gpu-nodes-2:1004:1004 [3] NCCL INFO GPU Direct RDMA Enabled for GPU/0-12288 (rank 0) - NET/0-5 ( using PXN via GPU/0-602112, distance 4 <= 6, read 0, mode Default)
gpu-nodes-2:1004:1004 [3] NCCL INFO GPU Direct RDMA Enabled for GPU/0-77824 (rank 1) - NET/0-5 ( using PXN via GPU/0-602112, distance 4 <= 6, read 0, mode Default)
gpu-nodes-2:1004:1004 [3] NCCL INFO GPU Direct RDMA Enabled for GPU/0-405504 (rank 2) - NET/0-5 ( using PXN via GPU/0-602112, distance 4 <= 6, read 0, mode Default)
gpu-nodes-2:1004:1004 [3] NCCL INFO GPU Direct RDMA Enabled for GPU/0-471040 (rank 3) - NET/0-5 ( using PXN via GPU/0-602112, distance 4 <= 6, read 0, mode Default)
gpu-nodes-2:1004:1004 [3] NCCL INFO GPU Direct RDMA Enabled for GPU/0-536576 (rank 4) - NET/0-5 ( using PXN via GPU/0-602112, distance 4 <= 6, read 0, mode Default)
gpu-nodes-2:1004:1004 [3] NCCL INFO GPU Direct RDMA Enabled for GPU/0-602112 (rank 5) - NET/0-5 (distance 4 <= 6, read 0, mode Default)
gpu-nodes-2:1004:1004 [3] NCCL INFO GPU Direct RDMA Enabled for GPU/0-929792 (rank 6) - NET/0-5 ( using PXN via GPU/0-602112, distance 4 <= 6, read 0, mode Default)
gpu-nodes-2:1004:1004 [3] NCCL INFO GPU Direct RDMA Enabled for GPU/0-995328 (rank 7) - NET/0-5 ( using PXN via GPU/0-602112, distance 4 <= 6, read 0, mode Default)
gpu-nodes-2:1004:1004 [3] NCCL INFO GPU Direct RDMA Enabled for GPU/0-12288 (rank 0) - NET/0-12 ( using PXN via GPU/0-929792, distance 4 <= 6, read 0, mode Default)
gpu-nodes-2:1004:1004 [3] NCCL INFO GPU Direct RDMA Enabled for GPU/0-77824 (rank 1) - NET/0-12 ( using PXN via GPU/0-929792, distance 4 <= 6, read 0, mode Default)
gpu-nodes-2:1004:1004 [3] NCCL INFO GPU Direct RDMA Enabled for GPU/0-405504 (rank 2) - NET/0-12 ( using PXN via GPU/0-929792, distance 4 <= 6, read 0, mode Default)
gpu-nodes-2:1004:1004 [3] NCCL INFO GPU Direct RDMA Enabled for GPU/0-471040 (rank 3) - NET/0-12 ( using PXN via GPU/0-929792, distance 4 <= 6, read 0, mode Default)
gpu-nodes-2:1004:1004 [3] NCCL INFO GPU Direct RDMA Enabled for GPU/0-536576 (rank 4) - NET/0-12 ( using PXN via GPU/0-929792, distance 4 <= 6, read 0, mode Default)
gpu-nodes-2:1004:1004 [3] NCCL INFO GPU Direct RDMA Enabled for GPU/0-602112 (rank 5) - NET/0-12 ( using PXN via GPU/0-929792, distance 4 <= 6, read 0, mode Default)
gpu-nodes-2:1004:1004 [3] NCCL INFO GPU Direct RDMA Enabled for GPU/0-929792 (rank 6) - NET/0-12 (distance 4 <= 6, read 0, mode Default)
gpu-nodes-2:1004:1004 [3] NCCL INFO GPU Direct RDMA Enabled for GPU/0-995328 (rank 7) - NET/0-12 ( using PXN via GPU/0-929792, distance 4 <= 6, read 0, mode Default)
gpu-nodes-2:1004:1004 [3] NCCL INFO GPU Direct RDMA Enabled for GPU/0-12288 (rank 0) - NET/0-13 ( using PXN via GPU/0-995328, distance 4 <= 6, read 0, mode Default)
gpu-nodes-2:1004:1004 [3] NCCL INFO GPU Direct RDMA Enabled for GPU/0-77824 (rank 1) - NET/0-13 ( using PXN via GPU/0-995328, distance 4 <= 6, read 0, mode Default)
gpu-nodes-2:1004:1004 [3] NCCL INFO GPU Direct RDMA Enabled for GPU/0-405504 (rank 2) - NET/0-13 ( using PXN via GPU/0-995328, distance 4 <= 6, read 0, mode Default)
gpu-nodes-2:1004:1004 [3] NCCL INFO GPU Direct RDMA Enabled for GPU/0-471040 (rank 3) - NET/0-13 ( using PXN via GPU/0-995328, distance 4 <= 6, read 0, mode Default)
gpu-nodes-2:1004:1004 [3] NCCL INFO GPU Direct RDMA Enabled for GPU/0-536576 (rank 4) - NET/0-13 ( using PXN via GPU/0-995328, distance 4 <= 6, read 0, mode Default)
gpu-nodes-2:1004:1004 [3] NCCL INFO GPU Direct RDMA Enabled for GPU/0-602112 (rank 5) - NET/0-13 ( using PXN via GPU/0-995328, distance 4 <= 6, read 0, mode Default)
gpu-nodes-2:1004:1004 [3] NCCL INFO GPU Direct RDMA Enabled for GPU/0-929792 (rank 6) - NET/0-13 ( using PXN via GPU/0-995328, distance 4 <= 6, read 0, mode Default)
gpu-nodes-2:1004:1004 [3] NCCL INFO GPU Direct RDMA Enabled for GPU/0-995328 (rank 7) - NET/0-13 (distance 4 <= 6, read 0, mode Default)
gpu-nodes-2:1004:1004 [3] NCCL INFO GPU Direct RDMA Enabled for GPU/0-12288 (rank 0) - NET/0-0 (distance 4 <= 6, read 0, mode Default)
gpu-nodes-2:1004:1004 [3] NCCL INFO GPU Direct RDMA Enabled for GPU/0-77824 (rank 1) - NET/0-0 ( using PXN via GPU/0-12288, distance 4 <= 6, read 0, mode Default)
gpu-nodes-2:1004:1004 [3] NCCL INFO GPU Direct RDMA Enabled for GPU/0-405504 (rank 2) - NET/0-0 ( using PXN via GPU/0-12288, distance 4 <= 6, read 0, mode Default)
gpu-nodes-2:1004:1004 [3] NCCL INFO GPU Direct RDMA Enabled for GPU/0-471040 (rank 3) - NET/0-0 ( using PXN via GPU/0-12288, distance 4 <= 6, read 0, mode Default)
gpu-nodes-2:1004:1004 [3] NCCL INFO GPU Direct RDMA Enabled for GPU/0-536576 (rank 4) - NET/0-0 ( using PXN via GPU/0-12288, distance 4 <= 6, read 0, mode Default)
gpu-nodes-2:1004:1004 [3] NCCL INFO GPU Direct RDMA Enabled for GPU/0-602112 (rank 5) - NET/0-0 ( using PXN via GPU/0-12288, distance 4 <= 6, read 0, mode Default)
gpu-nodes-2:1004:1004 [3] NCCL INFO GPU Direct RDMA Enabled for GPU/0-929792 (rank 6) - NET/0-0 ( using PXN via GPU/0-12288, distance 4 <= 6, read 0, mode Default)
gpu-nodes-2:1004:1004 [3] NCCL INFO GPU Direct RDMA Enabled for GPU/0-995328 (rank 7) - NET/0-0 ( using PXN via GPU/0-12288, distance 4 <= 6, read 0, mode Default)
gpu-nodes-2:1004:1004 [3] NCCL INFO GPU Direct RDMA Enabled for GPU/0-12288 (rank 0) - NET/0-1 ( using PXN via GPU/0-77824, distance 4 <= 6, read 0, mode Default)
gpu-nodes-2:1004:1004 [3] NCCL INFO GPU Direct RDMA Enabled for GPU/0-77824 (rank 1) - NET/0-1 (distance 4 <= 6, read 0, mode Default)
gpu-nodes-2:1004:1004 [3] NCCL INFO GPU Direct RDMA Enabled for GPU/0-405504 (rank 2) - NET/0-1 ( using PXN via GPU/0-77824, distance 4 <= 6, read 0, mode Default)
gpu-nodes-2:1004:1004 [3] NCCL INFO GPU Direct RDMA Enabled for GPU/0-471040 (rank 3) - NET/0-1 ( using PXN via GPU/0-77824, distance 4 <= 6, read 0, mode Default)
gpu-nodes-2:1004:1004 [3] NCCL INFO GPU Direct RDMA Enabled for GPU/0-536576 (rank 4) - NET/0-1 ( using PXN via GPU/0-77824, distance 4 <= 6, read 0, mode Default)
gpu-nodes-2:1004:1004 [3] NCCL INFO GPU Direct RDMA Enabled for GPU/0-602112 (rank 5) - NET/0-1 ( using PXN via GPU/0-77824, distance 4 <= 6, read 0, mode Default)
gpu-nodes-2:1004:1004 [3] NCCL INFO GPU Direct RDMA Enabled for GPU/0-929792 (rank 6) - NET/0-1 ( using PXN via GPU/0-77824, distance 4 <= 6, read 0, mode Default)
gpu-nodes-2:1004:1004 [3] NCCL INFO GPU Direct RDMA Enabled for GPU/0-995328 (rank 7) - NET/0-1 ( using PXN via GPU/0-77824, distance 4 <= 6, read 0, mode Default)
gpu-nodes-2:1004:1004 [3] NCCL INFO GPU Direct RDMA Enabled for GPU/0-12288 (rank 0) - NET/0-2 ( using PXN via GPU/0-405504, distance 4 <= 6, read 0, mode Default)
gpu-nodes-2:1004:1004 [3] NCCL INFO GPU Direct RDMA Enabled for GPU/0-77824 (rank 1) - NET/0-2 ( using PXN via GPU/0-405504, distance 4 <= 6, read 0, mode Default)
gpu-nodes-2:1004:1004 [3] NCCL INFO GPU Direct RDMA Enabled for GPU/0-405504 (rank 2) - NET/0-2 (distance 4 <= 6, read 0, mode Default)
gpu-nodes-2:1004:1004 [3] NCCL INFO GPU Direct RDMA Enabled for GPU/0-471040 (rank 3) - NET/0-2 ( using PXN via GPU/0-405504, distance 4 <= 6, read 0, mode Default)
gpu-nodes-2:1004:1004 [3] NCCL INFO GPU Direct RDMA Enabled for GPU/0-536576 (rank 4) - NET/0-2 ( using PXN via GPU/0-405504, distance 4 <= 6, read 0, mode Default)
gpu-nodes-2:1004:1004 [3] NCCL INFO GPU Direct RDMA Enabled for GPU/0-602112 (rank 5) - NET/0-2 ( using PXN via GPU/0-405504, distance 4 <= 6, read 0, mode Default)
gpu-nodes-2:1004:1004 [3] NCCL INFO GPU Direct RDMA Enabled for GPU/0-929792 (rank 6) - NET/0-2 ( using PXN via GPU/0-405504, distance 4 <= 6, read 0, mode Default)
gpu-nodes-2:1004:1004 [3] NCCL INFO GPU Direct RDMA Enabled for GPU/0-995328 (rank 7) - NET/0-2 ( using PXN via GPU/0-405504, distance 4 <= 6, read 0, mode Default)
gpu-nodes-2:1004:1004 [3] NCCL INFO GPU Direct RDMA Enabled for GPU/0-12288 (rank 0) - NET/0-3 ( using PXN via GPU/0-471040, distance 4 <= 6, read 0, mode Default)
gpu-nodes-2:1004:1004 [3] NCCL INFO GPU Direct RDMA Enabled for GPU/0-77824 (rank 1) - NET/0-3 ( using PXN via GPU/0-471040, distance 4 <= 6, read 0, mode Default)
gpu-nodes-2:1004:1004 [3] NCCL INFO GPU Direct RDMA Enabled for GPU/0-405504 (rank 2) - NET/0-3 ( using PXN via GPU/0-471040, distance 4 <= 6, read 0, mode Default)
gpu-nodes-2:1004:1004 [3] NCCL INFO GPU Direct RDMA Enabled for GPU/0-471040 (rank 3) - NET/0-3 (distance 4 <= 6, read 0, mode Default)
gpu-nodes-2:1004:1004 [3] NCCL INFO GPU Direct RDMA Enabled for GPU/0-536576 (rank 4) - NET/0-3 ( using PXN via GPU/0-471040, distance 4 <= 6, read 0, mode Default)
gpu-nodes-2:1004:1004 [3] NCCL INFO GPU Direct RDMA Enabled for GPU/0-602112 (rank 5) - NET/0-3 ( using PXN via GPU/0-471040, distance 4 <= 6, read 0, mode Default)
gpu-nodes-2:1004:1004 [3] NCCL INFO GPU Direct RDMA Enabled for GPU/0-929792 (rank 6) - NET/0-3 ( using PXN via GPU/0-471040, distance 4 <= 6, read 0, mode Default)
gpu-nodes-2:1004:1004 [3] NCCL INFO GPU Direct RDMA Enabled for GPU/0-995328 (rank 7) - NET/0-3 ( using PXN via GPU/0-471040, distance 4 <= 6, read 0, mode Default)
gpu-nodes-2:1004:1004 [3] NCCL INFO GPU Direct RDMA Enabled for GPU/0-12288 (rank 0) - NET/0-4 ( using PXN via GPU/0-536576, distance 4 <= 6, read 0, mode Default)
gpu-nodes-2:1004:1004 [3] NCCL INFO GPU Direct RDMA Enabled for GPU/0-77824 (rank 1) - NET/0-4 ( using PXN via GPU/0-536576, distance 4 <= 6, read 0, mode Default)
gpu-nodes-2:1004:1004 [3] NCCL INFO GPU Direct RDMA Enabled for GPU/0-405504 (rank 2) - NET/0-4 ( using PXN via GPU/0-536576, distance 4 <= 6, read 0, mode Default)
gpu-nodes-2:1004:1004 [3] NCCL INFO GPU Direct RDMA Enabled for GPU/0-471040 (rank 3) - NET/0-4 ( using PXN via GPU/0-536576, distance 4 <= 6, read 0, mode Default)
gpu-nodes-2:1004:1004 [3] NCCL INFO GPU Direct RDMA Enabled for GPU/0-536576 (rank 4) - NET/0-4 (distance 4 <= 6, read 0, mode Default)
gpu-nodes-2:1004:1004 [3] NCCL INFO GPU Direct RDMA Enabled for GPU/0-602112 (rank 5) - NET/0-4 ( using PXN via GPU/0-536576, distance 4 <= 6, read 0, mode Default)
gpu-nodes-2:1004:1004 [3] NCCL INFO GPU Direct RDMA Enabled for GPU/0-929792 (rank 6) - NET/0-4 ( using PXN via GPU/0-536576, distance 4 <= 6, read 0, mode Default)
gpu-nodes-2:1004:1004 [3] NCCL INFO GPU Direct RDMA Enabled for GPU/0-995328 (rank 7) - NET/0-4 ( using PXN via GPU/0-536576, distance 4 <= 6, read 0, mode Default)
gpu-nodes-2:1004:1004 [3] NCCL INFO GPU Direct RDMA Enabled for GPU/0-12288 (rank 0) - NET/0-5 ( using PXN via GPU/0-602112, distance 4 <= 6, read 0, mode Default)
gpu-nodes-2:1004:1004 [3] NCCL INFO GPU Direct RDMA Enabled for GPU/0-77824 (rank 1) - NET/0-5 ( using PXN via GPU/0-602112, distance 4 <= 6, read 0, mode Default)
gpu-nodes-2:1004:1004 [3] NCCL INFO GPU Direct RDMA Enabled for GPU/0-405504 (rank 2) - NET/0-5 ( using PXN via GPU/0-602112, distance 4 <= 6, read 0, mode Default)
gpu-nodes-2:1004:1004 [3] NCCL INFO GPU Direct RDMA Enabled for GPU/0-471040 (rank 3) - NET/0-5 ( using PXN via GPU/0-602112, distance 4 <= 6, read 0, mode Default)
gpu-nodes-2:1004:1004 [3] NCCL INFO GPU Direct RDMA Enabled for GPU/0-536576 (rank 4) - NET/0-5 ( using PXN via GPU/0-602112, distance 4 <= 6, read 0, mode Default)
gpu-nodes-2:1004:1004 [3] NCCL INFO GPU Direct RDMA Enabled for GPU/0-602112 (rank 5) - NET/0-5 (distance 4 <= 6, read 0, mode Default)
gpu-nodes-2:1004:1004 [3] NCCL INFO GPU Direct RDMA Enabled for GPU/0-929792 (rank 6) - NET/0-5 ( using PXN via GPU/0-602112, distance 4 <= 6, read 0, mode Default)
gpu-nodes-2:1004:1004 [3] NCCL INFO GPU Direct RDMA Enabled for GPU/0-995328 (rank 7) - NET/0-5 ( using PXN via GPU/0-602112, distance 4 <= 6, read 0, mode Default)
gpu-nodes-2:1004:1004 [3] NCCL INFO GPU Direct RDMA Enabled for GPU/0-12288 (rank 0) - NET/0-12 ( using PXN via GPU/0-929792, distance 4 <= 6, read 0, mode Default)
gpu-nodes-2:1004:1004 [3] NCCL INFO GPU Direct RDMA Enabled for GPU/0-77824 (rank 1) - NET/0-12 ( using PXN via GPU/0-929792, distance 4 <= 6, read 0, mode Default)
gpu-nodes-2:1004:1004 [3] NCCL INFO GPU Direct RDMA Enabled for GPU/0-405504 (rank 2) - NET/0-12 ( using PXN via GPU/0-929792, distance 4 <= 6, read 0, mode Default)
gpu-nodes-2:1004:1004 [3] NCCL INFO GPU Direct RDMA Enabled for GPU/0-471040 (rank 3) - NET/0-12 ( using PXN via GPU/0-929792, distance 4 <= 6, read 0, mode Default)
gpu-nodes-2:1004:1004 [3] NCCL INFO GPU Direct RDMA Enabled for GPU/0-536576 (rank 4) - NET/0-12 ( using PXN via GPU/0-929792, distance 4 <= 6, read 0, mode Default)
gpu-nodes-2:1004:1004 [3] NCCL INFO GPU Direct RDMA Enabled for GPU/0-602112 (rank 5) - NET/0-12 ( using PXN via GPU/0-929792, distance 4 <= 6, read 0, mode Default)
gpu-nodes-2:1004:1004 [3] NCCL INFO GPU Direct RDMA Enabled for GPU/0-929792 (rank 6) - NET/0-12 (distance 4 <= 6, read 0, mode Default)
gpu-nodes-2:1004:1004 [3] NCCL INFO GPU Direct RDMA Enabled for GPU/0-995328 (rank 7) - NET/0-12 ( using PXN via GPU/0-929792, distance 4 <= 6, read 0, mode Default)
gpu-nodes-2:1004:1004 [3] NCCL INFO GPU Direct RDMA Enabled for GPU/0-12288 (rank 0) - NET/0-13 ( using PXN via GPU/0-995328, distance 4 <= 6, read 0, mode Default)
gpu-nodes-2:1004:1004 [3] NCCL INFO GPU Direct RDMA Enabled for GPU/0-77824 (rank 1) - NET/0-13 ( using PXN via GPU/0-995328, distance 4 <= 6, read 0, mode Default)
gpu-nodes-2:1004:1004 [3] NCCL INFO GPU Direct RDMA Enabled for GPU/0-405504 (rank 2) - NET/0-13 ( using PXN via GPU/0-995328, distance 4 <= 6, read 0, mode Default)
gpu-nodes-2:1004:1004 [3] NCCL INFO GPU Direct RDMA Enabled for GPU/0-471040 (rank 3) - NET/0-13 ( using PXN via GPU/0-995328, distance 4 <= 6, read 0, mode Default)
gpu-nodes-2:1004:1004 [3] NCCL INFO GPU Direct RDMA Enabled for GPU/0-536576 (rank 4) - NET/0-13 ( using PXN via GPU/0-995328, distance 4 <= 6, read 0, mode Default)
gpu-nodes-2:1004:1004 [3] NCCL INFO GPU Direct RDMA Enabled for GPU/0-602112 (rank 5) - NET/0-13 ( using PXN via GPU/0-995328, distance 4 <= 6, read 0, mode Default)
gpu-nodes-2:1004:1004 [3] NCCL INFO GPU Direct RDMA Enabled for GPU/0-929792 (rank 6) - NET/0-13 ( using PXN via GPU/0-995328, distance 4 <= 6, read 0, mode Default)
gpu-nodes-2:1004:1004 [3] NCCL INFO GPU Direct RDMA Enabled for GPU/0-995328 (rank 7) - NET/0-13 (distance 4 <= 6, read 0, mode Default)
gpu-nodes-2:1004:1004 [3] NCCL INFO === System : maxBw 721.8 totalBw 721.8 ===
gpu-nodes-2:1004:1004 [3] NCCL INFO CPU/0-0 (1/2/-1)
gpu-nodes-2:1004:1004 [3] NCCL INFO + PCI[48.0] - PCI/0-1000 (1000c03015d91d72)
gpu-nodes-2:1004:1004 [3] NCCL INFO               + PCI[48.0] - GPU/0-3000 (0)
gpu-nodes-2:1004:1004 [3] NCCL INFO                             + NVL[721.8] - NVS/0-0
gpu-nodes-2:1004:1004 [3] NCCL INFO               + PCI[48.0] - NIC/0-4000
gpu-nodes-2:1004:1004 [3] NCCL INFO                             + NET[50.0] - NET/0-0 (0/bc3dca0003e60050/1/50.000000)
gpu-nodes-2:1004:1004 [3] NCCL INFO                             + NET[50.0] - GIN/0-0
gpu-nodes-2:1004:1004 [3] NCCL INFO + PCI[48.0] - PCI/0-11000 (1000c03015d91d72)
gpu-nodes-2:1004:1004 [3] NCCL INFO               + PCI[48.0] - NIC/0-14000
gpu-nodes-2:1004:1004 [3] NCCL INFO                             + NET[50.0] - NET/0-1 (0/2c3eca0003e60050/1/50.000000)
gpu-nodes-2:1004:1004 [3] NCCL INFO                             + NET[50.0] - GIN/0-1
gpu-nodes-2:1004:1004 [3] NCCL INFO               + PCI[48.0] - GPU/0-13000 (1)
gpu-nodes-2:1004:1004 [3] NCCL INFO                             + NVL[721.8] - NVS/0-0
gpu-nodes-2:1004:1004 [3] NCCL INFO + PCI[48.0] - PCI/0-61000 (1000c03015d91d72)
gpu-nodes-2:1004:1004 [3] NCCL INFO               + PCI[48.0] - NIC/0-64000
gpu-nodes-2:1004:1004 [3] NCCL INFO                             + NET[50.0] - NET/0-2 (0/1c3eca0003e60050/1/50.000000)
gpu-nodes-2:1004:1004 [3] NCCL INFO                             + NET[50.0] - GIN/0-2
gpu-nodes-2:1004:1004 [3] NCCL INFO               + PCI[48.0] - GPU/0-63000 (2)
gpu-nodes-2:1004:1004 [3] NCCL INFO                             + NVL[721.8] - NVS/0-0
gpu-nodes-2:1004:1004 [3] NCCL INFO + PCI[48.0] - PCI/0-71000 (1000c03015d91d72)
gpu-nodes-2:1004:1004 [3] NCCL INFO               + PCI[48.0] - NIC/0-74000
gpu-nodes-2:1004:1004 [3] NCCL INFO                             + NET[50.0] - NET/0-3 (0/dc3dca0003e60050/1/50.000000)
gpu-nodes-2:1004:1004 [3] NCCL INFO                             + NET[50.0] - GIN/0-3
gpu-nodes-2:1004:1004 [3] NCCL INFO               + PCI[48.0] - GPU/0-73000 (3)
gpu-nodes-2:1004:1004 [3] NCCL INFO                             + NVL[721.8] - NVS/0-0
gpu-nodes-2:1004:1004 [3] NCCL INFO + SYS[16.0] - CPU/0-1
gpu-nodes-2:1004:1004 [3] NCCL INFO CPU/0-1 (1/2/-1)
gpu-nodes-2:1004:1004 [3] NCCL INFO + PCI[48.0] - PCI/0-81000 (1000c03015d91d72)
gpu-nodes-2:1004:1004 [3] NCCL INFO               + PCI[48.0] - NIC/0-84000
gpu-nodes-2:1004:1004 [3] NCCL INFO                             + NET[50.0] - NET/0-4 (0/1c9fca0003e60050/1/50.000000)
gpu-nodes-2:1004:1004 [3] NCCL INFO                             + NET[50.0] - GIN/0-4
gpu-nodes-2:1004:1004 [3] NCCL INFO               + PCI[48.0] - GPU/0-83000 (4)
gpu-nodes-2:1004:1004 [3] NCCL INFO                             + NVL[721.8] - NVS/0-0
gpu-nodes-2:1004:1004 [3] NCCL INFO + PCI[48.0] - PCI/0-91000 (1000c03015d91d72)
gpu-nodes-2:1004:1004 [3] NCCL INFO               + PCI[48.0] - NIC/0-94000
gpu-nodes-2:1004:1004 [3] NCCL INFO                             + NET[50.0] - NET/0-5 (0/ac9eca0003e60050/1/50.000000)
gpu-nodes-2:1004:1004 [3] NCCL INFO                             + NET[50.0] - GIN/0-5
gpu-nodes-2:1004:1004 [3] NCCL INFO               + PCI[48.0] - GPU/0-93000 (5)
gpu-nodes-2:1004:1004 [3] NCCL INFO                             + NVL[721.8] - NVS/0-0
gpu-nodes-2:1004:1004 [3] NCCL INFO + PCI[48.0] - NIC/0-c1000
gpu-nodes-2:1004:1004 [3] NCCL INFO               + NET[50.0] - NET/0-e (0/43cb90003bd70c4/1/50.000000)
gpu-nodes-2:1004:1004 [3] NCCL INFO               + NET[25.0] - NET/0-6 (0/43cb90003bd70c4/1/25.000000)
gpu-nodes-2:1004:1004 [3] NCCL INFO               + NET[25.0] - GIN/0-6
gpu-nodes-2:1004:1004 [3] NCCL INFO               + NET[25.0] - NET/0-7 (0/43cb90003bd70c4/2/25.000000)
gpu-nodes-2:1004:1004 [3] NCCL INFO               + NET[25.0] - GIN/0-7
gpu-nodes-2:1004:1004 [3] NCCL INFO + PCI[48.0] - PCI/0-e1000 (1000c03015d91d72)
gpu-nodes-2:1004:1004 [3] NCCL INFO               + PCI[48.0] - NIC/0-e4000
gpu-nodes-2:1004:1004 [3] NCCL INFO                             + NET[50.0] - NET/0-c (0/149bca0003e60050/1/50.000000)
gpu-nodes-2:1004:1004 [3] NCCL INFO                             + NET[50.0] - GIN/0-c
gpu-nodes-2:1004:1004 [3] NCCL INFO               + PCI[48.0] - GPU/0-e3000 (6)
gpu-nodes-2:1004:1004 [3] NCCL INFO                             + NVL[721.8] - NVS/0-0
gpu-nodes-2:1004:1004 [3] NCCL INFO + PCI[48.0] - PCI/0-f1000 (1000c03015d91d72)
gpu-nodes-2:1004:1004 [3] NCCL INFO               + PCI[48.0] - NIC/0-f4000
gpu-nodes-2:1004:1004 [3] NCCL INFO                             + NET[50.0] - NET/0-d (0/fc9aca0003e60050/1/50.000000)
gpu-nodes-2:1004:1004 [3] NCCL INFO                             + NET[50.0] - GIN/0-d
gpu-nodes-2:1004:1004 [3] NCCL INFO               + PCI[48.0] - GPU/0-f3000 (7)
gpu-nodes-2:1004:1004 [3] NCCL INFO                             + NVL[721.8] - NVS/0-0
gpu-nodes-2:1004:1004 [3] NCCL INFO + SYS[16.0] - CPU/0-0
gpu-nodes-2:1004:1004 [3] NCCL INFO + PCI[1.5] - NIC/0-d2000
gpu-nodes-2:1004:1004 [3] NCCL INFO              + NET[50.0] - NET/0-f (0/62541b0003098c7c/1/50.000000)
gpu-nodes-2:1004:1004 [3] NCCL INFO              + NET[12.5] - NET/0-8 (0/62541b0003098c7c/1/12.500000)
gpu-nodes-2:1004:1004 [3] NCCL INFO              + NET[12.5] - GIN/0-8
gpu-nodes-2:1004:1004 [3] NCCL INFO              + NET[12.5] - NET/0-9 (0/62541b0003098c7c/2/12.500000)
gpu-nodes-2:1004:1004 [3] NCCL INFO              + NET[12.5] - GIN/0-9
gpu-nodes-2:1004:1004 [3] NCCL INFO              + NET[12.5] - NET/0-a (0/62541b0003098c7c/3/12.500000)
gpu-nodes-2:1004:1004 [3] NCCL INFO              + NET[12.5] - GIN/0-a
gpu-nodes-2:1004:1004 [3] NCCL INFO              + NET[12.5] - NET/0-b (0/62541b0003098c7c/4/12.500000)
gpu-nodes-2:1004:1004 [3] NCCL INFO              + NET[12.5] - GIN/0-b
gpu-nodes-2:1004:1004 [3] NCCL INFO ==========================================
gpu-nodes-2:1004:1004 [3] NCCL INFO GPU/0-3000 :GPU/0-3000 (0/5000.0/LOC) GPU/0-13000 (2/721.8/NVL) GPU/0-63000 (2/721.8/NVL) GPU/0-73000 (2/721.8/NVL) GPU/0-83000 (2/721.8/NVL) GPU/0-93000 (2/721.8/NVL) GPU/0-e3000 (2/721.8/NVL) GPU/0-f3000 (2/721.8/NVL) NVS/0-0 (1/721.8/NVL) CPU/0-0 (2/48.0/PHB) CPU/0-1 (3/16.0/SYS) NET/0-0 (3/48.0/PIX) NET/0-1 (5/48.0/PXN) NET/0-2 (5/48.0/PXN) NET/0-3 (5/48.0/PXN) NET/0-4 (5/48.0/PXN) NET/0-5 (5/48.0/PXN) NET/0-6 (5/16.0/SYS) NET/0-7 (5/16.0/SYS) NET/0-e (5/16.0/SYS) NET/0-8 (5/1.5/SYS) NET/0-9 (5/1.5/SYS) NET/0-a (5/1.5/SYS) NET/0-b (5/1.5/SYS) NET/0-f (5/1.5/SYS) NET/0-c (5/48.0/PXN) NET/0-d (5/48.0/PXN) GIN/0-0 (3/48.0/PIX) GIN/0-1 (5/48.0/PHB) GIN/0-2 (5/48.0/PHB) GIN/0-3 (5/48.0/PHB) GIN/0-4 (6/16.0/SYS) GIN/0-5 (6/16.0/SYS) GIN/0-6 (5/16.0/SYS) GIN/0-7 (5/16.0/SYS) GIN/0-8 (5/1.5/SYS) GIN/0-9 (5/1.5/SYS) GIN/0-a (5/1.5/SYS) GIN/0-b (5/1.5/SYS) GIN/0-c (6/16.0/SYS) GIN/0-d (6/16.0/SYS) 
gpu-nodes-2:1004:1004 [3] NCCL INFO GPU/0-13000 :GPU/0-3000 (2/721.8/NVL) GPU/0-13000 (0/5000.0/LOC) GPU/0-63000 (2/721.8/NVL) GPU/0-73000 (2/721.8/NVL) GPU/0-83000 (2/721.8/NVL) GPU/0-93000 (2/721.8/NVL) GPU/0-e3000 (2/721.8/NVL) GPU/0-f3000 (2/721.8/NVL) NVS/0-0 (1/721.8/NVL) CPU/0-0 (2/48.0/PHB) CPU/0-1 (3/16.0/SYS) NET/0-0 (5/48.0/PXN) NET/0-1 (3/48.0/PIX) NET/0-2 (5/48.0/PXN) NET/0-3 (5/48.0/PXN) NET/0-4 (5/48.0/PXN) NET/0-5 (5/48.0/PXN) NET/0-6 (5/16.0/SYS) NET/0-7 (5/16.0/SYS) NET/0-e (5/16.0/SYS) NET/0-8 (5/1.5/SYS) NET/0-9 (5/1.5/SYS) NET/0-a (5/1.5/SYS) NET/0-b (5/1.5/SYS) NET/0-f (5/1.5/SYS) NET/0-c (5/48.0/PXN) NET/0-d (5/48.0/PXN) GIN/0-0 (5/48.0/PHB) GIN/0-1 (3/48.0/PIX) GIN/0-2 (5/48.0/PHB) GIN/0-3 (5/48.0/PHB) GIN/0-4 (6/16.0/SYS) GIN/0-5 (6/16.0/SYS) GIN/0-6 (5/16.0/SYS) GIN/0-7 (5/16.0/SYS) GIN/0-8 (5/1.5/SYS) GIN/0-9 (5/1.5/SYS) GIN/0-a (5/1.5/SYS) GIN/0-b (5/1.5/SYS) GIN/0-c (6/16.0/SYS) GIN/0-d (6/16.0/SYS) 
gpu-nodes-2:1004:1004 [3] NCCL INFO GPU/0-63000 :GPU/0-3000 (2/721.8/NVL) GPU/0-13000 (2/721.8/NVL) GPU/0-63000 (0/5000.0/LOC) GPU/0-73000 (2/721.8/NVL) GPU/0-83000 (2/721.8/NVL) GPU/0-93000 (2/721.8/NVL) GPU/0-e3000 (2/721.8/NVL) GPU/0-f3000 (2/721.8/NVL) NVS/0-0 (1/721.8/NVL) CPU/0-0 (2/48.0/PHB) CPU/0-1 (3/16.0/SYS) NET/0-0 (5/48.0/PXN) NET/0-1 (5/48.0/PXN) NET/0-2 (3/48.0/PIX) NET/0-3 (5/48.0/PXN) NET/0-4 (5/48.0/PXN) NET/0-5 (5/48.0/PXN) NET/0-6 (5/16.0/SYS) NET/0-7 (5/16.0/SYS) NET/0-e (5/16.0/SYS) NET/0-8 (5/1.5/SYS) NET/0-9 (5/1.5/SYS) NET/0-a (5/1.5/SYS) NET/0-b (5/1.5/SYS) NET/0-f (5/1.5/SYS) NET/0-c (5/48.0/PXN) NET/0-d (5/48.0/PXN) GIN/0-0 (5/48.0/PHB) GIN/0-1 (5/48.0/PHB) GIN/0-2 (3/48.0/PIX) GIN/0-3 (5/48.0/PHB) GIN/0-4 (6/16.0/SYS) GIN/0-5 (6/16.0/SYS) GIN/0-6 (5/16.0/SYS) GIN/0-7 (5/16.0/SYS) GIN/0-8 (5/1.5/SYS) GIN/0-9 (5/1.5/SYS) GIN/0-a (5/1.5/SYS) GIN/0-b (5/1.5/SYS) GIN/0-c (6/16.0/SYS) GIN/0-d (6/16.0/SYS) 
gpu-nodes-2:1004:1004 [3] NCCL INFO GPU/0-73000 :GPU/0-3000 (2/721.8/NVL) GPU/0-13000 (2/721.8/NVL) GPU/0-63000 (2/721.8/NVL) GPU/0-73000 (0/5000.0/LOC) GPU/0-83000 (2/721.8/NVL) GPU/0-93000 (2/721.8/NVL) GPU/0-e3000 (2/721.8/NVL) GPU/0-f3000 (2/721.8/NVL) NVS/0-0 (1/721.8/NVL) CPU/0-0 (2/48.0/PHB) CPU/0-1 (3/16.0/SYS) NET/0-0 (5/48.0/PXN) NET/0-1 (5/48.0/PXN) NET/0-2 (5/48.0/PXN) NET/0-3 (3/48.0/PIX) NET/0-4 (5/48.0/PXN) NET/0-5 (5/48.0/PXN) NET/0-6 (5/16.0/SYS) NET/0-7 (5/16.0/SYS) NET/0-e (5/16.0/SYS) NET/0-8 (5/1.5/SYS) NET/0-9 (5/1.5/SYS) NET/0-a (5/1.5/SYS) NET/0-b (5/1.5/SYS) NET/0-f (5/1.5/SYS) NET/0-c (5/48.0/PXN) NET/0-d (5/48.0/PXN) GIN/0-0 (5/48.0/PHB) GIN/0-1 (5/48.0/PHB) GIN/0-2 (5/48.0/PHB) GIN/0-3 (3/48.0/PIX) GIN/0-4 (6/16.0/SYS) GIN/0-5 (6/16.0/SYS) GIN/0-6 (5/16.0/SYS) GIN/0-7 (5/16.0/SYS) GIN/0-8 (5/1.5/SYS) GIN/0-9 (5/1.5/SYS) GIN/0-a (5/1.5/SYS) GIN/0-b (5/1.5/SYS) GIN/0-c (6/16.0/SYS) GIN/0-d (6/16.0/SYS) 
gpu-nodes-2:1004:1004 [3] NCCL INFO GPU/0-83000 :GPU/0-3000 (2/721.8/NVL) GPU/0-13000 (2/721.8/NVL) GPU/0-63000 (2/721.8/NVL) GPU/0-73000 (2/721.8/NVL) GPU/0-83000 (0/5000.0/LOC) GPU/0-93000 (2/721.8/NVL) GPU/0-e3000 (2/721.8/NVL) GPU/0-f3000 (2/721.8/NVL) NVS/0-0 (1/721.8/NVL) CPU/0-0 (3/16.0/SYS) CPU/0-1 (2/48.0/PHB) NET/0-0 (5/48.0/PXN) NET/0-1 (5/48.0/PXN) NET/0-2 (5/48.0/PXN) NET/0-3 (5/48.0/PXN) NET/0-4 (3/48.0/PIX) NET/0-5 (5/48.0/PXN) NET/0-6 (4/25.0/PHB) NET/0-7 (4/25.0/PHB) NET/0-e (4/48.0/PHB) NET/0-8 (4/1.5/PHB) NET/0-9 (4/1.5/PHB) NET/0-a (4/1.5/PHB) NET/0-b (4/1.5/PHB) NET/0-f (4/1.5/PHB) NET/0-c (5/48.0/PXN) NET/0-d (5/48.0/PXN) GIN/0-0 (6/16.0/SYS) GIN/0-1 (6/16.0/SYS) GIN/0-2 (6/16.0/SYS) GIN/0-3 (6/16.0/SYS) GIN/0-4 (3/48.0/PIX) GIN/0-5 (5/48.0/PHB) GIN/0-6 (4/25.0/PHB) GIN/0-7 (4/25.0/PHB) GIN/0-8 (4/1.5/PHB) GIN/0-9 (4/1.5/PHB) GIN/0-a (4/1.5/PHB) GIN/0-b (4/1.5/PHB) GIN/0-c (5/48.0/PHB) GIN/0-d (5/48.0/PHB) 
gpu-nodes-2:1004:1004 [3] NCCL INFO GPU/0-93000 :GPU/0-3000 (2/721.8/NVL) GPU/0-13000 (2/721.8/NVL) GPU/0-63000 (2/721.8/NVL) GPU/0-73000 (2/721.8/NVL) GPU/0-83000 (2/721.8/NVL) GPU/0-93000 (0/5000.0/LOC) GPU/0-e3000 (2/721.8/NVL) GPU/0-f3000 (2/721.8/NVL) NVS/0-0 (1/721.8/NVL) CPU/0-0 (3/16.0/SYS) CPU/0-1 (2/48.0/PHB) NET/0-0 (5/48.0/PXN) NET/0-1 (5/48.0/PXN) NET/0-2 (5/48.0/PXN) NET/0-3 (5/48.0/PXN) NET/0-4 (5/48.0/PXN) NET/0-5 (3/48.0/PIX) NET/0-6 (4/25.0/PHB) NET/0-7 (4/25.0/PHB) NET/0-e (4/48.0/PHB) NET/0-8 (4/1.5/PHB) NET/0-9 (4/1.5/PHB) NET/0-a (4/1.5/PHB) NET/0-b (4/1.5/PHB) NET/0-f (4/1.5/PHB) NET/0-c (5/48.0/PXN) NET/0-d (5/48.0/PXN) GIN/0-0 (6/16.0/SYS) GIN/0-1 (6/16.0/SYS) GIN/0-2 (6/16.0/SYS) GIN/0-3 (6/16.0/SYS) GIN/0-4 (5/48.0/PHB) GIN/0-5 (3/48.0/PIX) GIN/0-6 (4/25.0/PHB) GIN/0-7 (4/25.0/PHB) GIN/0-8 (4/1.5/PHB) GIN/0-9 (4/1.5/PHB) GIN/0-a (4/1.5/PHB) GIN/0-b (4/1.5/PHB) GIN/0-c (5/48.0/PHB) GIN/0-d (5/48.0/PHB) 
gpu-nodes-2:1004:1004 [3] NCCL INFO GPU/0-e3000 :GPU/0-3000 (2/721.8/NVL) GPU/0-13000 (2/721.8/NVL) GPU/0-63000 (2/721.8/NVL) GPU/0-73000 (2/721.8/NVL) GPU/0-83000 (2/721.8/NVL) GPU/0-93000 (2/721.8/NVL) GPU/0-e3000 (0/5000.0/LOC) GPU/0-f3000 (2/721.8/NVL) NVS/0-0 (1/721.8/NVL) CPU/0-0 (3/16.0/SYS) CPU/0-1 (2/48.0/PHB) NET/0-0 (5/48.0/PXN) NET/0-1 (5/48.0/PXN) NET/0-2 (5/48.0/PXN) NET/0-3 (5/48.0/PXN) NET/0-4 (5/48.0/PXN) NET/0-5 (5/48.0/PXN) NET/0-6 (4/25.0/PHB) NET/0-7 (4/25.0/PHB) NET/0-e (4/48.0/PHB) NET/0-8 (4/1.5/PHB) NET/0-9 (4/1.5/PHB) NET/0-a (4/1.5/PHB) NET/0-b (4/1.5/PHB) NET/0-f (4/1.5/PHB) NET/0-c (3/48.0/PIX) NET/0-d (5/48.0/PXN) GIN/0-0 (6/16.0/SYS) GIN/0-1 (6/16.0/SYS) GIN/0-2 (6/16.0/SYS) GIN/0-3 (6/16.0/SYS) GIN/0-4 (5/48.0/PHB) GIN/0-5 (5/48.0/PHB) GIN/0-6 (4/25.0/PHB) GIN/0-7 (4/25.0/PHB) GIN/0-8 (4/1.5/PHB) GIN/0-9 (4/1.5/PHB) GIN/0-a (4/1.5/PHB) GIN/0-b (4/1.5/PHB) GIN/0-c (3/48.0/PIX) GIN/0-d (5/48.0/PHB) 
gpu-nodes-2:1004:1004 [3] NCCL INFO GPU/0-f3000 :GPU/0-3000 (2/721.8/NVL) GPU/0-13000 (2/721.8/NVL) GPU/0-63000 (2/721.8/NVL) GPU/0-73000 (2/721.8/NVL) GPU/0-83000 (2/721.8/NVL) GPU/0-93000 (2/721.8/NVL) GPU/0-e3000 (2/721.8/NVL) GPU/0-f3000 (0/5000.0/LOC) NVS/0-0 (1/721.8/NVL) CPU/0-0 (3/16.0/SYS) CPU/0-1 (2/48.0/PHB) NET/0-0 (5/48.0/PXN) NET/0-1 (5/48.0/PXN) NET/0-2 (5/48.0/PXN) NET/0-3 (5/48.0/PXN) NET/0-4 (5/48.0/PXN) NET/0-5 (5/48.0/PXN) NET/0-6 (4/25.0/PHB) NET/0-7 (4/25.0/PHB) NET/0-e (4/48.0/PHB) NET/0-8 (4/1.5/PHB) NET/0-9 (4/1.5/PHB) NET/0-a (4/1.5/PHB) NET/0-b (4/1.5/PHB) NET/0-f (4/1.5/PHB) NET/0-c (5/48.0/PXN) NET/0-d (3/48.0/PIX) GIN/0-0 (6/16.0/SYS) GIN/0-1 (6/16.0/SYS) GIN/0-2 (6/16.0/SYS) GIN/0-3 (6/16.0/SYS) GIN/0-4 (5/48.0/PHB) GIN/0-5 (5/48.0/PHB) GIN/0-6 (4/25.0/PHB) GIN/0-7 (4/25.0/PHB) GIN/0-8 (4/1.5/PHB) GIN/0-9 (4/1.5/PHB) GIN/0-a (4/1.5/PHB) GIN/0-b (4/1.5/PHB) GIN/0-c (5/48.0/PHB) GIN/0-d (3/48.0/PIX) 
gpu-nodes-2:1004:1004 [3] NCCL INFO NET/0-0 :GPU/0-3000 (3/48.0/PIX) GPU/0-13000 (5/48.0/PHB) GPU/0-63000 (5/48.0/PHB) GPU/0-73000 (5/48.0/PHB) GPU/0-83000 (6/16.0/SYS) GPU/0-93000 (6/16.0/SYS) GPU/0-e3000 (6/16.0/SYS) GPU/0-f3000 (6/16.0/SYS) CPU/0-0 (3/48.0/PHB) CPU/0-1 (4/16.0/SYS) NET/0-0 (0/5000.0/LOC) NET/0-1 (6/48.0/PHB) NET/0-2 (6/48.0/PHB) NET/0-3 (6/48.0/PHB) NET/0-4 (7/16.0/SYS) NET/0-5 (7/16.0/SYS) NET/0-6 (6/16.0/SYS) NET/0-7 (6/16.0/SYS) NET/0-e (6/16.0/SYS) NET/0-8 (6/1.5/SYS) NET/0-9 (6/1.5/SYS) NET/0-a (6/1.5/SYS) NET/0-b (6/1.5/SYS) NET/0-f (6/1.5/SYS) NET/0-c (7/16.0/SYS) NET/0-d (7/16.0/SYS) GIN/0-0 (2/50.0/LOC) GIN/0-1 (6/48.0/PHB) GIN/0-2 (6/48.0/PHB) GIN/0-3 (6/48.0/PHB) GIN/0-4 (7/16.0/SYS) GIN/0-5 (7/16.0/SYS) GIN/0-6 (6/16.0/SYS) GIN/0-7 (6/16.0/SYS) GIN/0-8 (6/1.5/SYS) GIN/0-9 (6/1.5/SYS) GIN/0-a (6/1.5/SYS) GIN/0-b (6/1.5/SYS) GIN/0-c (7/16.0/SYS) GIN/0-d (7/16.0/SYS) 
gpu-nodes-2:1004:1004 [3] NCCL INFO NET/0-1 :GPU/0-3000 (5/48.0/PHB) GPU/0-13000 (3/48.0/PIX) GPU/0-63000 (5/48.0/PHB) GPU/0-73000 (5/48.0/PHB) GPU/0-83000 (6/16.0/SYS) GPU/0-93000 (6/16.0/SYS) GPU/0-e3000 (6/16.0/SYS) GPU/0-f3000 (6/16.0/SYS) CPU/0-0 (3/48.0/PHB) CPU/0-1 (4/16.0/SYS) NET/0-0 (6/48.0/PHB) NET/0-1 (0/5000.0/LOC) NET/0-2 (6/48.0/PHB) NET/0-3 (6/48.0/PHB) NET/0-4 (7/16.0/SYS) NET/0-5 (7/16.0/SYS) NET/0-6 (6/16.0/SYS) NET/0-7 (6/16.0/SYS) NET/0-e (6/16.0/SYS) NET/0-8 (6/1.5/SYS) NET/0-9 (6/1.5/SYS) NET/0-a (6/1.5/SYS) NET/0-b (6/1.5/SYS) NET/0-f (6/1.5/SYS) NET/0-c (7/16.0/SYS) NET/0-d (7/16.0/SYS) GIN/0-0 (6/48.0/PHB) GIN/0-1 (2/50.0/LOC) GIN/0-2 (6/48.0/PHB) GIN/0-3 (6/48.0/PHB) GIN/0-4 (7/16.0/SYS) GIN/0-5 (7/16.0/SYS) GIN/0-6 (6/16.0/SYS) GIN/0-7 (6/16.0/SYS) GIN/0-8 (6/1.5/SYS) GIN/0-9 (6/1.5/SYS) GIN/0-a (6/1.5/SYS) GIN/0-b (6/1.5/SYS) GIN/0-c (7/16.0/SYS) GIN/0-d (7/16.0/SYS) 
gpu-nodes-2:1004:1004 [3] NCCL INFO NET/0-2 :GPU/0-3000 (5/48.0/PHB) GPU/0-13000 (5/48.0/PHB) GPU/0-63000 (3/48.0/PIX) GPU/0-73000 (5/48.0/PHB) GPU/0-83000 (6/16.0/SYS) GPU/0-93000 (6/16.0/SYS) GPU/0-e3000 (6/16.0/SYS) GPU/0-f3000 (6/16.0/SYS) CPU/0-0 (3/48.0/PHB) CPU/0-1 (4/16.0/SYS) NET/0-0 (6/48.0/PHB) NET/0-1 (6/48.0/PHB) NET/0-2 (0/5000.0/LOC) NET/0-3 (6/48.0/PHB) NET/0-4 (7/16.0/SYS) NET/0-5 (7/16.0/SYS) NET/0-6 (6/16.0/SYS) NET/0-7 (6/16.0/SYS) NET/0-e (6/16.0/SYS) NET/0-8 (6/1.5/SYS) NET/0-9 (6/1.5/SYS) NET/0-a (6/1.5/SYS) NET/0-b (6/1.5/SYS) NET/0-f (6/1.5/SYS) NET/0-c (7/16.0/SYS) NET/0-d (7/16.0/SYS) GIN/0-0 (6/48.0/PHB) GIN/0-1 (6/48.0/PHB) GIN/0-2 (2/50.0/LOC) GIN/0-3 (6/48.0/PHB) GIN/0-4 (7/16.0/SYS) GIN/0-5 (7/16.0/SYS) GIN/0-6 (6/16.0/SYS) GIN/0-7 (6/16.0/SYS) GIN/0-8 (6/1.5/SYS) GIN/0-9 (6/1.5/SYS) GIN/0-a (6/1.5/SYS) GIN/0-b (6/1.5/SYS) GIN/0-c (7/16.0/SYS) GIN/0-d (7/16.0/SYS) 
gpu-nodes-2:1004:1004 [3] NCCL INFO NET/0-3 :GPU/0-3000 (5/48.0/PHB) GPU/0-13000 (5/48.0/PHB) GPU/0-63000 (5/48.0/PHB) GPU/0-73000 (3/48.0/PIX) GPU/0-83000 (6/16.0/SYS) GPU/0-93000 (6/16.0/SYS) GPU/0-e3000 (6/16.0/SYS) GPU/0-f3000 (6/16.0/SYS) CPU/0-0 (3/48.0/PHB) CPU/0-1 (4/16.0/SYS) NET/0-0 (6/48.0/PHB) NET/0-1 (6/48.0/PHB) NET/0-2 (6/48.0/PHB) NET/0-3 (0/5000.0/LOC) NET/0-4 (7/16.0/SYS) NET/0-5 (7/16.0/SYS) NET/0-6 (6/16.0/SYS) NET/0-7 (6/16.0/SYS) NET/0-e (6/16.0/SYS) NET/0-8 (6/1.5/SYS) NET/0-9 (6/1.5/SYS) NET/0-a (6/1.5/SYS) NET/0-b (6/1.5/SYS) NET/0-f (6/1.5/SYS) NET/0-c (7/16.0/SYS) NET/0-d (7/16.0/SYS) GIN/0-0 (6/48.0/PHB) GIN/0-1 (6/48.0/PHB) GIN/0-2 (6/48.0/PHB) GIN/0-3 (2/50.0/LOC) GIN/0-4 (7/16.0/SYS) GIN/0-5 (7/16.0/SYS) GIN/0-6 (6/16.0/SYS) GIN/0-7 (6/16.0/SYS) GIN/0-8 (6/1.5/SYS) GIN/0-9 (6/1.5/SYS) GIN/0-a (6/1.5/SYS) GIN/0-b (6/1.5/SYS) GIN/0-c (7/16.0/SYS) GIN/0-d (7/16.0/SYS) 
gpu-nodes-2:1004:1004 [3] NCCL INFO NET/0-4 :GPU/0-3000 (6/16.0/SYS) GPU/0-13000 (6/16.0/SYS) GPU/0-63000 (6/16.0/SYS) GPU/0-73000 (6/16.0/SYS) GPU/0-83000 (3/48.0/PIX) GPU/0-93000 (5/48.0/PHB) GPU/0-e3000 (5/48.0/PHB) GPU/0-f3000 (5/48.0/PHB) CPU/0-0 (4/16.0/SYS) CPU/0-1 (3/48.0/PHB) NET/0-0 (7/16.0/SYS) NET/0-1 (7/16.0/SYS) NET/0-2 (7/16.0/SYS) NET/0-3 (7/16.0/SYS) NET/0-4 (0/5000.0/LOC) NET/0-5 (6/48.0/PHB) NET/0-6 (5/25.0/PHB) NET/0-7 (5/25.0/PHB) NET/0-e (5/48.0/PHB) NET/0-8 (5/1.5/PHB) NET/0-9 (5/1.5/PHB) NET/0-a (5/1.5/PHB) NET/0-b (5/1.5/PHB) NET/0-f (5/1.5/PHB) NET/0-c (6/48.0/PHB) NET/0-d (6/48.0/PHB) GIN/0-0 (7/16.0/SYS) GIN/0-1 (7/16.0/SYS) GIN/0-2 (7/16.0/SYS) GIN/0-3 (7/16.0/SYS) GIN/0-4 (2/50.0/LOC) GIN/0-5 (6/48.0/PHB) GIN/0-6 (5/25.0/PHB) GIN/0-7 (5/25.0/PHB) GIN/0-8 (5/1.5/PHB) GIN/0-9 (5/1.5/PHB) GIN/0-a (5/1.5/PHB) GIN/0-b (5/1.5/PHB) GIN/0-c (6/48.0/PHB) GIN/0-d (6/48.0/PHB) 
gpu-nodes-2:1004:1004 [3] NCCL INFO NET/0-5 :GPU/0-3000 (6/16.0/SYS) GPU/0-13000 (6/16.0/SYS) GPU/0-63000 (6/16.0/SYS) GPU/0-73000 (6/16.0/SYS) GPU/0-83000 (5/48.0/PHB) GPU/0-93000 (3/48.0/PIX) GPU/0-e3000 (5/48.0/PHB) GPU/0-f3000 (5/48.0/PHB) CPU/0-0 (4/16.0/SYS) CPU/0-1 (3/48.0/PHB) NET/0-0 (7/16.0/SYS) NET/0-1 (7/16.0/SYS) NET/0-2 (7/16.0/SYS) NET/0-3 (7/16.0/SYS) NET/0-4 (6/48.0/PHB) NET/0-5 (0/5000.0/LOC) NET/0-6 (5/25.0/PHB) NET/0-7 (5/25.0/PHB) NET/0-e (5/48.0/PHB) NET/0-8 (5/1.5/PHB) NET/0-9 (5/1.5/PHB) NET/0-a (5/1.5/PHB) NET/0-b (5/1.5/PHB) NET/0-f (5/1.5/PHB) NET/0-c (6/48.0/PHB) NET/0-d (6/48.0/PHB) GIN/0-0 (7/16.0/SYS) GIN/0-1 (7/16.0/SYS) GIN/0-2 (7/16.0/SYS) GIN/0-3 (7/16.0/SYS) GIN/0-4 (6/48.0/PHB) GIN/0-5 (2/50.0/LOC) GIN/0-6 (5/25.0/PHB) GIN/0-7 (5/25.0/PHB) GIN/0-8 (5/1.5/PHB) GIN/0-9 (5/1.5/PHB) GIN/0-a (5/1.5/PHB) GIN/0-b (5/1.5/PHB) GIN/0-c (6/48.0/PHB) GIN/0-d (6/48.0/PHB) 
gpu-nodes-2:1004:1004 [3] NCCL INFO NET/0-6 :GPU/0-3000 (5/16.0/SYS) GPU/0-13000 (5/16.0/SYS) GPU/0-63000 (5/16.0/SYS) GPU/0-73000 (5/16.0/SYS) GPU/0-83000 (4/25.0/PHB) GPU/0-93000 (4/25.0/PHB) GPU/0-e3000 (4/25.0/PHB) GPU/0-f3000 (4/25.0/PHB) CPU/0-0 (3/16.0/SYS) CPU/0-1 (2/25.0/PHB) NET/0-0 (6/16.0/SYS) NET/0-1 (6/16.0/SYS) NET/0-2 (6/16.0/SYS) NET/0-3 (6/16.0/SYS) NET/0-4 (5/25.0/PHB) NET/0-5 (5/25.0/PHB) NET/0-6 (0/5000.0/LOC) NET/0-7 (2/25.0/LOC) NET/0-e (2/25.0/LOC) NET/0-8 (4/1.5/PHB) NET/0-9 (4/1.5/PHB) NET/0-a (4/1.5/PHB) NET/0-b (4/1.5/PHB) NET/0-f (4/1.5/PHB) NET/0-c (5/25.0/PHB) NET/0-d (5/25.0/PHB) GIN/0-0 (6/16.0/SYS) GIN/0-1 (6/16.0/SYS) GIN/0-2 (6/16.0/SYS) GIN/0-3 (6/16.0/SYS) GIN/0-4 (5/25.0/PHB) GIN/0-5 (5/25.0/PHB) GIN/0-6 (2/25.0/LOC) GIN/0-7 (2/25.0/LOC) GIN/0-8 (4/1.5/PHB) GIN/0-9 (4/1.5/PHB) GIN/0-a (4/1.5/PHB) GIN/0-b (4/1.5/PHB) GIN/0-c (5/25.0/PHB) GIN/0-d (5/25.0/PHB) 
gpu-nodes-2:1004:1004 [3] NCCL INFO NET/0-7 :GPU/0-3000 (5/16.0/SYS) GPU/0-13000 (5/16.0/SYS) GPU/0-63000 (5/16.0/SYS) GPU/0-73000 (5/16.0/SYS) GPU/0-83000 (4/25.0/PHB) GPU/0-93000 (4/25.0/PHB) GPU/0-e3000 (4/25.0/PHB) GPU/0-f3000 (4/25.0/PHB) CPU/0-0 (3/16.0/SYS) CPU/0-1 (2/25.0/PHB) NET/0-0 (6/16.0/SYS) NET/0-1 (6/16.0/SYS) NET/0-2 (6/16.0/SYS) NET/0-3 (6/16.0/SYS) NET/0-4 (5/25.0/PHB) NET/0-5 (5/25.0/PHB) NET/0-6 (2/25.0/LOC) NET/0-7 (0/5000.0/LOC) NET/0-e (2/25.0/LOC) NET/0-8 (4/1.5/PHB) NET/0-9 (4/1.5/PHB) NET/0-a (4/1.5/PHB) NET/0-b (4/1.5/PHB) NET/0-f (4/1.5/PHB) NET/0-c (5/25.0/PHB) NET/0-d (5/25.0/PHB) GIN/0-0 (6/16.0/SYS) GIN/0-1 (6/16.0/SYS) GIN/0-2 (6/16.0/SYS) GIN/0-3 (6/16.0/SYS) GIN/0-4 (5/25.0/PHB) GIN/0-5 (5/25.0/PHB) GIN/0-6 (2/25.0/LOC) GIN/0-7 (2/25.0/LOC) GIN/0-8 (4/1.5/PHB) GIN/0-9 (4/1.5/PHB) GIN/0-a (4/1.5/PHB) GIN/0-b (4/1.5/PHB) GIN/0-c (5/25.0/PHB) GIN/0-d (5/25.0/PHB) 
gpu-nodes-2:1004:1004 [3] NCCL INFO NET/0-e :GPU/0-3000 (5/16.0/SYS) GPU/0-13000 (5/16.0/SYS) GPU/0-63000 (5/16.0/SYS) GPU/0-73000 (5/16.0/SYS) GPU/0-83000 (4/48.0/PHB) GPU/0-93000 (4/48.0/PHB) GPU/0-e3000 (4/48.0/PHB) GPU/0-f3000 (4/48.0/PHB) CPU/0-0 (3/16.0/SYS) CPU/0-1 (2/48.0/PHB) NET/0-0 (6/16.0/SYS) NET/0-1 (6/16.0/SYS) NET/0-2 (6/16.0/SYS) NET/0-3 (6/16.0/SYS) NET/0-4 (5/48.0/PHB) NET/0-5 (5/48.0/PHB) NET/0-6 (2/25.0/LOC) NET/0-7 (2/25.0/LOC) NET/0-e (0/5000.0/LOC) NET/0-8 (4/1.5/PHB) NET/0-9 (4/1.5/PHB) NET/0-a (4/1.5/PHB) NET/0-b (4/1.5/PHB) NET/0-f (4/1.5/PHB) NET/0-c (5/48.0/PHB) NET/0-d (5/48.0/PHB) GIN/0-0 (6/16.0/SYS) GIN/0-1 (6/16.0/SYS) GIN/0-2 (6/16.0/SYS) GIN/0-3 (6/16.0/SYS) GIN/0-4 (5/48.0/PHB) GIN/0-5 (5/48.0/PHB) GIN/0-6 (2/25.0/LOC) GIN/0-7 (2/25.0/LOC) GIN/0-8 (4/1.5/PHB) GIN/0-9 (4/1.5/PHB) GIN/0-a (4/1.5/PHB) GIN/0-b (4/1.5/PHB) GIN/0-c (5/48.0/PHB) GIN/0-d (5/48.0/PHB) 
gpu-nodes-2:1004:1004 [3] NCCL INFO NET/0-8 :GPU/0-3000 (5/1.5/SYS) GPU/0-13000 (5/1.5/SYS) GPU/0-63000 (5/1.5/SYS) GPU/0-73000 (5/1.5/SYS) GPU/0-83000 (4/1.5/PHB) GPU/0-93000 (4/1.5/PHB) GPU/0-e3000 (4/1.5/PHB) GPU/0-f3000 (4/1.5/PHB) CPU/0-0 (3/1.5/SYS) CPU/0-1 (2/1.5/PHB) NET/0-0 (6/1.5/SYS) NET/0-1 (6/1.5/SYS) NET/0-2 (6/1.5/SYS) NET/0-3 (6/1.5/SYS) NET/0-4 (5/1.5/PHB) NET/0-5 (5/1.5/PHB) NET/0-6 (4/1.5/PHB) NET/0-7 (4/1.5/PHB) NET/0-e (4/1.5/PHB) NET/0-8 (0/5000.0/LOC) NET/0-9 (2/12.5/LOC) NET/0-a (2/12.5/LOC) NET/0-b (2/12.5/LOC) NET/0-f (2/12.5/LOC) NET/0-c (5/1.5/PHB) NET/0-d (5/1.5/PHB) GIN/0-0 (6/1.5/SYS) GIN/0-1 (6/1.5/SYS) GIN/0-2 (6/1.5/SYS) GIN/0-3 (6/1.5/SYS) GIN/0-4 (5/1.5/PHB) GIN/0-5 (5/1.5/PHB) GIN/0-6 (4/1.5/PHB) GIN/0-7 (4/1.5/PHB) GIN/0-8 (2/12.5/LOC) GIN/0-9 (2/12.5/LOC) GIN/0-a (2/12.5/LOC) GIN/0-b (2/12.5/LOC) GIN/0-c (5/1.5/PHB) GIN/0-d (5/1.5/PHB) 
gpu-nodes-2:1004:1004 [3] NCCL INFO NET/0-9 :GPU/0-3000 (5/1.5/SYS) GPU/0-13000 (5/1.5/SYS) GPU/0-63000 (5/1.5/SYS) GPU/0-73000 (5/1.5/SYS) GPU/0-83000 (4/1.5/PHB) GPU/0-93000 (4/1.5/PHB) GPU/0-e3000 (4/1.5/PHB) GPU/0-f3000 (4/1.5/PHB) CPU/0-0 (3/1.5/SYS) CPU/0-1 (2/1.5/PHB) NET/0-0 (6/1.5/SYS) NET/0-1 (6/1.5/SYS) NET/0-2 (6/1.5/SYS) NET/0-3 (6/1.5/SYS) NET/0-4 (5/1.5/PHB) NET/0-5 (5/1.5/PHB) NET/0-6 (4/1.5/PHB) NET/0-7 (4/1.5/PHB) NET/0-e (4/1.5/PHB) NET/0-8 (2/12.5/LOC) NET/0-9 (0/5000.0/LOC) NET/0-a (2/12.5/LOC) NET/0-b (2/12.5/LOC) NET/0-f (2/12.5/LOC) NET/0-c (5/1.5/PHB) NET/0-d (5/1.5/PHB) GIN/0-0 (6/1.5/SYS) GIN/0-1 (6/1.5/SYS) GIN/0-2 (6/1.5/SYS) GIN/0-3 (6/1.5/SYS) GIN/0-4 (5/1.5/PHB) GIN/0-5 (5/1.5/PHB) GIN/0-6 (4/1.5/PHB) GIN/0-7 (4/1.5/PHB) GIN/0-8 (2/12.5/LOC) GIN/0-9 (2/12.5/LOC) GIN/0-a (2/12.5/LOC) GIN/0-b (2/12.5/LOC) GIN/0-c (5/1.5/PHB) GIN/0-d (5/1.5/PHB) 
gpu-nodes-2:1004:1004 [3] NCCL INFO NET/0-a :GPU/0-3000 (5/1.5/SYS) GPU/0-13000 (5/1.5/SYS) GPU/0-63000 (5/1.5/SYS) GPU/0-73000 (5/1.5/SYS) GPU/0-83000 (4/1.5/PHB) GPU/0-93000 (4/1.5/PHB) GPU/0-e3000 (4/1.5/PHB) GPU/0-f3000 (4/1.5/PHB) CPU/0-0 (3/1.5/SYS) CPU/0-1 (2/1.5/PHB) NET/0-0 (6/1.5/SYS) NET/0-1 (6/1.5/SYS) NET/0-2 (6/1.5/SYS) NET/0-3 (6/1.5/SYS) NET/0-4 (5/1.5/PHB) NET/0-5 (5/1.5/PHB) NET/0-6 (4/1.5/PHB) NET/0-7 (4/1.5/PHB) NET/0-e (4/1.5/PHB) NET/0-8 (2/12.5/LOC) NET/0-9 (2/12.5/LOC) NET/0-a (0/5000.0/LOC) NET/0-b (2/12.5/LOC) NET/0-f (2/12.5/LOC) NET/0-c (5/1.5/PHB) NET/0-d (5/1.5/PHB) GIN/0-0 (6/1.5/SYS) GIN/0-1 (6/1.5/SYS) GIN/0-2 (6/1.5/SYS) GIN/0-3 (6/1.5/SYS) GIN/0-4 (5/1.5/PHB) GIN/0-5 (5/1.5/PHB) GIN/0-6 (4/1.5/PHB) GIN/0-7 (4/1.5/PHB) GIN/0-8 (2/12.5/LOC) GIN/0-9 (2/12.5/LOC) GIN/0-a (2/12.5/LOC) GIN/0-b (2/12.5/LOC) GIN/0-c (5/1.5/PHB) GIN/0-d (5/1.5/PHB) 
gpu-nodes-2:1004:1004 [3] NCCL INFO NET/0-b :GPU/0-3000 (5/1.5/SYS) GPU/0-13000 (5/1.5/SYS) GPU/0-63000 (5/1.5/SYS) GPU/0-73000 (5/1.5/SYS) GPU/0-83000 (4/1.5/PHB) GPU/0-93000 (4/1.5/PHB) GPU/0-e3000 (4/1.5/PHB) GPU/0-f3000 (4/1.5/PHB) CPU/0-0 (3/1.5/SYS) CPU/0-1 (2/1.5/PHB) NET/0-0 (6/1.5/SYS) NET/0-1 (6/1.5/SYS) NET/0-2 (6/1.5/SYS) NET/0-3 (6/1.5/SYS) NET/0-4 (5/1.5/PHB) NET/0-5 (5/1.5/PHB) NET/0-6 (4/1.5/PHB) NET/0-7 (4/1.5/PHB) NET/0-e (4/1.5/PHB) NET/0-8 (2/12.5/LOC) NET/0-9 (2/12.5/LOC) NET/0-a (2/12.5/LOC) NET/0-b (0/5000.0/LOC) NET/0-f (2/12.5/LOC) NET/0-c (5/1.5/PHB) NET/0-d (5/1.5/PHB) GIN/0-0 (6/1.5/SYS) GIN/0-1 (6/1.5/SYS) GIN/0-2 (6/1.5/SYS) GIN/0-3 (6/1.5/SYS) GIN/0-4 (5/1.5/PHB) GIN/0-5 (5/1.5/PHB) GIN/0-6 (4/1.5/PHB) GIN/0-7 (4/1.5/PHB) GIN/0-8 (2/12.5/LOC) GIN/0-9 (2/12.5/LOC) GIN/0-a (2/12.5/LOC) GIN/0-b (2/12.5/LOC) GIN/0-c (5/1.5/PHB) GIN/0-d (5/1.5/PHB) 
gpu-nodes-2:1004:1004 [3] NCCL INFO NET/0-f :GPU/0-3000 (5/1.5/SYS) GPU/0-13000 (5/1.5/SYS) GPU/0-63000 (5/1.5/SYS) GPU/0-73000 (5/1.5/SYS) GPU/0-83000 (4/1.5/PHB) GPU/0-93000 (4/1.5/PHB) GPU/0-e3000 (4/1.5/PHB) GPU/0-f3000 (4/1.5/PHB) CPU/0-0 (3/1.5/SYS) CPU/0-1 (2/1.5/PHB) NET/0-0 (6/1.5/SYS) NET/0-1 (6/1.5/SYS) NET/0-2 (6/1.5/SYS) NET/0-3 (6/1.5/SYS) NET/0-4 (5/1.5/PHB) NET/0-5 (5/1.5/PHB) NET/0-6 (4/1.5/PHB) NET/0-7 (4/1.5/PHB) NET/0-e (4/1.5/PHB) NET/0-8 (2/12.5/LOC) NET/0-9 (2/12.5/LOC) NET/0-a (2/12.5/LOC) NET/0-b (2/12.5/LOC) NET/0-f (0/5000.0/LOC) NET/0-c (5/1.5/PHB) NET/0-d (5/1.5/PHB) GIN/0-0 (6/1.5/SYS) GIN/0-1 (6/1.5/SYS) GIN/0-2 (6/1.5/SYS) GIN/0-3 (6/1.5/SYS) GIN/0-4 (5/1.5/PHB) GIN/0-5 (5/1.5/PHB) GIN/0-6 (4/1.5/PHB) GIN/0-7 (4/1.5/PHB) GIN/0-8 (2/12.5/LOC) GIN/0-9 (2/12.5/LOC) GIN/0-a (2/12.5/LOC) GIN/0-b (2/12.5/LOC) GIN/0-c (5/1.5/PHB) GIN/0-d (5/1.5/PHB) 
gpu-nodes-2:1004:1004 [3] NCCL INFO NET/0-c :GPU/0-3000 (6/16.0/SYS) GPU/0-13000 (6/16.0/SYS) GPU/0-63000 (6/16.0/SYS) GPU/0-73000 (6/16.0/SYS) GPU/0-83000 (5/48.0/PHB) GPU/0-93000 (5/48.0/PHB) GPU/0-e3000 (3/48.0/PIX) GPU/0-f3000 (5/48.0/PHB) CPU/0-0 (4/16.0/SYS) CPU/0-1 (3/48.0/PHB) NET/0-0 (7/16.0/SYS) NET/0-1 (7/16.0/SYS) NET/0-2 (7/16.0/SYS) NET/0-3 (7/16.0/SYS) NET/0-4 (6/48.0/PHB) NET/0-5 (6/48.0/PHB) NET/0-6 (5/25.0/PHB) NET/0-7 (5/25.0/PHB) NET/0-e (5/48.0/PHB) NET/0-8 (5/1.5/PHB) NET/0-9 (5/1.5/PHB) NET/0-a (5/1.5/PHB) NET/0-b (5/1.5/PHB) NET/0-f (5/1.5/PHB) NET/0-c (0/5000.0/LOC) NET/0-d (6/48.0/PHB) GIN/0-0 (7/16.0/SYS) GIN/0-1 (7/16.0/SYS) GIN/0-2 (7/16.0/SYS) GIN/0-3 (7/16.0/SYS) GIN/0-4 (6/48.0/PHB) GIN/0-5 (6/48.0/PHB) GIN/0-6 (5/25.0/PHB) GIN/0-7 (5/25.0/PHB) GIN/0-8 (5/1.5/PHB) GIN/0-9 (5/1.5/PHB) GIN/0-a (5/1.5/PHB) GIN/0-b (5/1.5/PHB) GIN/0-c (2/50.0/LOC) GIN/0-d (6/48.0/PHB) 
gpu-nodes-2:1004:1004 [3] NCCL INFO NET/0-d :GPU/0-3000 (6/16.0/SYS) GPU/0-13000 (6/16.0/SYS) GPU/0-63000 (6/16.0/SYS) GPU/0-73000 (6/16.0/SYS) GPU/0-83000 (5/48.0/PHB) GPU/0-93000 (5/48.0/PHB) GPU/0-e3000 (5/48.0/PHB) GPU/0-f3000 (3/48.0/PIX) CPU/0-0 (4/16.0/SYS) CPU/0-1 (3/48.0/PHB) NET/0-0 (7/16.0/SYS) NET/0-1 (7/16.0/SYS) NET/0-2 (7/16.0/SYS) NET/0-3 (7/16.0/SYS) NET/0-4 (6/48.0/PHB) NET/0-5 (6/48.0/PHB) NET/0-6 (5/25.0/PHB) NET/0-7 (5/25.0/PHB) NET/0-e (5/48.0/PHB) NET/0-8 (5/1.5/PHB) NET/0-9 (5/1.5/PHB) NET/0-a (5/1.5/PHB) NET/0-b (5/1.5/PHB) NET/0-f (5/1.5/PHB) NET/0-c (6/48.0/PHB) NET/0-d (0/5000.0/LOC) GIN/0-0 (7/16.0/SYS) GIN/0-1 (7/16.0/SYS) GIN/0-2 (7/16.0/SYS) GIN/0-3 (7/16.0/SYS) GIN/0-4 (6/48.0/PHB) GIN/0-5 (6/48.0/PHB) GIN/0-6 (5/25.0/PHB) GIN/0-7 (5/25.0/PHB) GIN/0-8 (5/1.5/PHB) GIN/0-9 (5/1.5/PHB) GIN/0-a (5/1.5/PHB) GIN/0-b (5/1.5/PHB) GIN/0-c (6/48.0/PHB) GIN/0-d (2/50.0/LOC) 
gpu-nodes-2:1004:1004 [3] NCCL INFO GIN/0-0 :GPU/0-3000 (3/48.0/PIX) GPU/0-13000 (5/48.0/PHB) GPU/0-63000 (5/48.0/PHB) GPU/0-73000 (5/48.0/PHB) GPU/0-83000 (6/16.0/SYS) GPU/0-93000 (6/16.0/SYS) GPU/0-e3000 (6/16.0/SYS) GPU/0-f3000 (6/16.0/SYS) CPU/0-0 (3/48.0/PHB) CPU/0-1 (4/16.0/SYS) NET/0-0 (2/50.0/LOC) NET/0-1 (6/48.0/PHB) NET/0-2 (6/48.0/PHB) NET/0-3 (6/48.0/PHB) NET/0-4 (7/16.0/SYS) NET/0-5 (7/16.0/SYS) NET/0-6 (6/16.0/SYS) NET/0-7 (6/16.0/SYS) NET/0-e (6/16.0/SYS) NET/0-8 (6/1.5/SYS) NET/0-9 (6/1.5/SYS) NET/0-a (6/1.5/SYS) NET/0-b (6/1.5/SYS) NET/0-f (6/1.5/SYS) NET/0-c (7/16.0/SYS) NET/0-d (7/16.0/SYS) GIN/0-0 (0/5000.0/LOC) GIN/0-1 (6/48.0/PHB) GIN/0-2 (6/48.0/PHB) GIN/0-3 (6/48.0/PHB) GIN/0-4 (7/16.0/SYS) GIN/0-5 (7/16.0/SYS) GIN/0-6 (6/16.0/SYS) GIN/0-7 (6/16.0/SYS) GIN/0-8 (6/1.5/SYS) GIN/0-9 (6/1.5/SYS) GIN/0-a (6/1.5/SYS) GIN/0-b (6/1.5/SYS) GIN/0-c (7/16.0/SYS) GIN/0-d (7/16.0/SYS) 
gpu-nodes-2:1004:1004 [3] NCCL INFO GIN/0-1 :GPU/0-3000 (5/48.0/PHB) GPU/0-13000 (3/48.0/PIX) GPU/0-63000 (5/48.0/PHB) GPU/0-73000 (5/48.0/PHB) GPU/0-83000 (6/16.0/SYS) GPU/0-93000 (6/16.0/SYS) GPU/0-e3000 (6/16.0/SYS) GPU/0-f3000 (6/16.0/SYS) CPU/0-0 (3/48.0/PHB) CPU/0-1 (4/16.0/SYS) NET/0-0 (6/48.0/PHB) NET/0-1 (2/50.0/LOC) NET/0-2 (6/48.0/PHB) NET/0-3 (6/48.0/PHB) NET/0-4 (7/16.0/SYS) NET/0-5 (7/16.0/SYS) NET/0-6 (6/16.0/SYS) NET/0-7 (6/16.0/SYS) NET/0-e (6/16.0/SYS) NET/0-8 (6/1.5/SYS) NET/0-9 (6/1.5/SYS) NET/0-a (6/1.5/SYS) NET/0-b (6/1.5/SYS) NET/0-f (6/1.5/SYS) NET/0-c (7/16.0/SYS) NET/0-d (7/16.0/SYS) GIN/0-0 (6/48.0/PHB) GIN/0-1 (0/5000.0/LOC) GIN/0-2 (6/48.0/PHB) GIN/0-3 (6/48.0/PHB) GIN/0-4 (7/16.0/SYS) GIN/0-5 (7/16.0/SYS) GIN/0-6 (6/16.0/SYS) GIN/0-7 (6/16.0/SYS) GIN/0-8 (6/1.5/SYS) GIN/0-9 (6/1.5/SYS) GIN/0-a (6/1.5/SYS) GIN/0-b (6/1.5/SYS) GIN/0-c (7/16.0/SYS) GIN/0-d (7/16.0/SYS) 
gpu-nodes-2:1004:1004 [3] NCCL INFO GIN/0-2 :GPU/0-3000 (5/48.0/PHB) GPU/0-13000 (5/48.0/PHB) GPU/0-63000 (3/48.0/PIX) GPU/0-73000 (5/48.0/PHB) GPU/0-83000 (6/16.0/SYS) GPU/0-93000 (6/16.0/SYS) GPU/0-e3000 (6/16.0/SYS) GPU/0-f3000 (6/16.0/SYS) CPU/0-0 (3/48.0/PHB) CPU/0-1 (4/16.0/SYS) NET/0-0 (6/48.0/PHB) NET/0-1 (6/48.0/PHB) NET/0-2 (2/50.0/LOC) NET/0-3 (6/48.0/PHB) NET/0-4 (7/16.0/SYS) NET/0-5 (7/16.0/SYS) NET/0-6 (6/16.0/SYS) NET/0-7 (6/16.0/SYS) NET/0-e (6/16.0/SYS) NET/0-8 (6/1.5/SYS) NET/0-9 (6/1.5/SYS) NET/0-a (6/1.5/SYS) NET/0-b (6/1.5/SYS) NET/0-f (6/1.5/SYS) NET/0-c (7/16.0/SYS) NET/0-d (7/16.0/SYS) GIN/0-0 (6/48.0/PHB) GIN/0-1 (6/48.0/PHB) GIN/0-2 (0/5000.0/LOC) GIN/0-3 (6/48.0/PHB) GIN/0-4 (7/16.0/SYS) GIN/0-5 (7/16.0/SYS) GIN/0-6 (6/16.0/SYS) GIN/0-7 (6/16.0/SYS) GIN/0-8 (6/1.5/SYS) GIN/0-9 (6/1.5/SYS) GIN/0-a (6/1.5/SYS) GIN/0-b (6/1.5/SYS) GIN/0-c (7/16.0/SYS) GIN/0-d (7/16.0/SYS) 
gpu-nodes-2:1004:1004 [3] NCCL INFO GIN/0-3 :GPU/0-3000 (5/48.0/PHB) GPU/0-13000 (5/48.0/PHB) GPU/0-63000 (5/48.0/PHB) GPU/0-73000 (3/48.0/PIX) GPU/0-83000 (6/16.0/SYS) GPU/0-93000 (6/16.0/SYS) GPU/0-e3000 (6/16.0/SYS) GPU/0-f3000 (6/16.0/SYS) CPU/0-0 (3/48.0/PHB) CPU/0-1 (4/16.0/SYS) NET/0-0 (6/48.0/PHB) NET/0-1 (6/48.0/PHB) NET/0-2 (6/48.0/PHB) NET/0-3 (2/50.0/LOC) NET/0-4 (7/16.0/SYS) NET/0-5 (7/16.0/SYS) NET/0-6 (6/16.0/SYS) NET/0-7 (6/16.0/SYS) NET/0-e (6/16.0/SYS) NET/0-8 (6/1.5/SYS) NET/0-9 (6/1.5/SYS) NET/0-a (6/1.5/SYS) NET/0-b (6/1.5/SYS) NET/0-f (6/1.5/SYS) NET/0-c (7/16.0/SYS) NET/0-d (7/16.0/SYS) GIN/0-0 (6/48.0/PHB) GIN/0-1 (6/48.0/PHB) GIN/0-2 (6/48.0/PHB) GIN/0-3 (0/5000.0/LOC) GIN/0-4 (7/16.0/SYS) GIN/0-5 (7/16.0/SYS) GIN/0-6 (6/16.0/SYS) GIN/0-7 (6/16.0/SYS) GIN/0-8 (6/1.5/SYS) GIN/0-9 (6/1.5/SYS) GIN/0-a (6/1.5/SYS) GIN/0-b (6/1.5/SYS) GIN/0-c (7/16.0/SYS) GIN/0-d (7/16.0/SYS) 
gpu-nodes-2:1004:1004 [3] NCCL INFO GIN/0-4 :GPU/0-3000 (6/16.0/SYS) GPU/0-13000 (6/16.0/SYS) GPU/0-63000 (6/16.0/SYS) GPU/0-73000 (6/16.0/SYS) GPU/0-83000 (3/48.0/PIX) GPU/0-93000 (5/48.0/PHB) GPU/0-e3000 (5/48.0/PHB) GPU/0-f3000 (5/48.0/PHB) CPU/0-0 (4/16.0/SYS) CPU/0-1 (3/48.0/PHB) NET/0-0 (7/16.0/SYS) NET/0-1 (7/16.0/SYS) NET/0-2 (7/16.0/SYS) NET/0-3 (7/16.0/SYS) NET/0-4 (2/50.0/LOC) NET/0-5 (6/48.0/PHB) NET/0-6 (5/25.0/PHB) NET/0-7 (5/25.0/PHB) NET/0-e (5/48.0/PHB) NET/0-8 (5/1.5/PHB) NET/0-9 (5/1.5/PHB) NET/0-a (5/1.5/PHB) NET/0-b (5/1.5/PHB) NET/0-f (5/1.5/PHB) NET/0-c (6/48.0/PHB) NET/0-d (6/48.0/PHB) GIN/0-0 (7/16.0/SYS) GIN/0-1 (7/16.0/SYS) GIN/0-2 (7/16.0/SYS) GIN/0-3 (7/16.0/SYS) GIN/0-4 (0/5000.0/LOC) GIN/0-5 (6/48.0/PHB) GIN/0-6 (5/25.0/PHB) GIN/0-7 (5/25.0/PHB) GIN/0-8 (5/1.5/PHB) GIN/0-9 (5/1.5/PHB) GIN/0-a (5/1.5/PHB) GIN/0-b (5/1.5/PHB) GIN/0-c (6/48.0/PHB) GIN/0-d (6/48.0/PHB) 
gpu-nodes-2:1004:1004 [3] NCCL INFO GIN/0-5 :GPU/0-3000 (6/16.0/SYS) GPU/0-13000 (6/16.0/SYS) GPU/0-63000 (6/16.0/SYS) GPU/0-73000 (6/16.0/SYS) GPU/0-83000 (5/48.0/PHB) GPU/0-93000 (3/48.0/PIX) GPU/0-e3000 (5/48.0/PHB) GPU/0-f3000 (5/48.0/PHB) CPU/0-0 (4/16.0/SYS) CPU/0-1 (3/48.0/PHB) NET/0-0 (7/16.0/SYS) NET/0-1 (7/16.0/SYS) NET/0-2 (7/16.0/SYS) NET/0-3 (7/16.0/SYS) NET/0-4 (6/48.0/PHB) NET/0-5 (2/50.0/LOC) NET/0-6 (5/25.0/PHB) NET/0-7 (5/25.0/PHB) NET/0-e (5/48.0/PHB) NET/0-8 (5/1.5/PHB) NET/0-9 (5/1.5/PHB) NET/0-a (5/1.5/PHB) NET/0-b (5/1.5/PHB) NET/0-f (5/1.5/PHB) NET/0-c (6/48.0/PHB) NET/0-d (6/48.0/PHB) GIN/0-0 (7/16.0/SYS) GIN/0-1 (7/16.0/SYS) GIN/0-2 (7/16.0/SYS) GIN/0-3 (7/16.0/SYS) GIN/0-4 (6/48.0/PHB) GIN/0-5 (0/5000.0/LOC) GIN/0-6 (5/25.0/PHB) GIN/0-7 (5/25.0/PHB) GIN/0-8 (5/1.5/PHB) GIN/0-9 (5/1.5/PHB) GIN/0-a (5/1.5/PHB) GIN/0-b (5/1.5/PHB) GIN/0-c (6/48.0/PHB) GIN/0-d (6/48.0/PHB) 
gpu-nodes-2:1004:1004 [3] NCCL INFO GIN/0-6 :GPU/0-3000 (5/16.0/SYS) GPU/0-13000 (5/16.0/SYS) GPU/0-63000 (5/16.0/SYS) GPU/0-73000 (5/16.0/SYS) GPU/0-83000 (4/25.0/PHB) GPU/0-93000 (4/25.0/PHB) GPU/0-e3000 (4/25.0/PHB) GPU/0-f3000 (4/25.0/PHB) CPU/0-0 (3/16.0/SYS) CPU/0-1 (2/25.0/PHB) NET/0-0 (6/16.0/SYS) NET/0-1 (6/16.0/SYS) NET/0-2 (6/16.0/SYS) NET/0-3 (6/16.0/SYS) NET/0-4 (5/25.0/PHB) NET/0-5 (5/25.0/PHB) NET/0-6 (2/25.0/LOC) NET/0-7 (2/25.0/LOC) NET/0-e (2/25.0/LOC) NET/0-8 (4/1.5/PHB) NET/0-9 (4/1.5/PHB) NET/0-a (4/1.5/PHB) NET/0-b (4/1.5/PHB) NET/0-f (4/1.5/PHB) NET/0-c (5/25.0/PHB) NET/0-d (5/25.0/PHB) GIN/0-0 (6/16.0/SYS) GIN/0-1 (6/16.0/SYS) GIN/0-2 (6/16.0/SYS) GIN/0-3 (6/16.0/SYS) GIN/0-4 (5/25.0/PHB) GIN/0-5 (5/25.0/PHB) GIN/0-6 (0/5000.0/LOC) GIN/0-7 (2/25.0/LOC) GIN/0-8 (4/1.5/PHB) GIN/0-9 (4/1.5/PHB) GIN/0-a (4/1.5/PHB) GIN/0-b (4/1.5/PHB) GIN/0-c (5/25.0/PHB) GIN/0-d (5/25.0/PHB) 
gpu-nodes-2:1004:1004 [3] NCCL INFO GIN/0-7 :GPU/0-3000 (5/16.0/SYS) GPU/0-13000 (5/16.0/SYS) GPU/0-63000 (5/16.0/SYS) GPU/0-73000 (5/16.0/SYS) GPU/0-83000 (4/25.0/PHB) GPU/0-93000 (4/25.0/PHB) GPU/0-e3000 (4/25.0/PHB) GPU/0-f3000 (4/25.0/PHB) CPU/0-0 (3/16.0/SYS) CPU/0-1 (2/25.0/PHB) NET/0-0 (6/16.0/SYS) NET/0-1 (6/16.0/SYS) NET/0-2 (6/16.0/SYS) NET/0-3 (6/16.0/SYS) NET/0-4 (5/25.0/PHB) NET/0-5 (5/25.0/PHB) NET/0-6 (2/25.0/LOC) NET/0-7 (2/25.0/LOC) NET/0-e (2/25.0/LOC) NET/0-8 (4/1.5/PHB) NET/0-9 (4/1.5/PHB) NET/0-a (4/1.5/PHB) NET/0-b (4/1.5/PHB) NET/0-f (4/1.5/PHB) NET/0-c (5/25.0/PHB) NET/0-d (5/25.0/PHB) GIN/0-0 (6/16.0/SYS) GIN/0-1 (6/16.0/SYS) GIN/0-2 (6/16.0/SYS) GIN/0-3 (6/16.0/SYS) GIN/0-4 (5/25.0/PHB) GIN/0-5 (5/25.0/PHB) GIN/0-6 (2/25.0/LOC) GIN/0-7 (0/5000.0/LOC) GIN/0-8 (4/1.5/PHB) GIN/0-9 (4/1.5/PHB) GIN/0-a (4/1.5/PHB) GIN/0-b (4/1.5/PHB) GIN/0-c (5/25.0/PHB) GIN/0-d (5/25.0/PHB) 
gpu-nodes-2:1004:1004 [3] NCCL INFO GIN/0-8 :GPU/0-3000 (5/1.5/SYS) GPU/0-13000 (5/1.5/SYS) GPU/0-63000 (5/1.5/SYS) GPU/0-73000 (5/1.5/SYS) GPU/0-83000 (4/1.5/PHB) GPU/0-93000 (4/1.5/PHB) GPU/0-e3000 (4/1.5/PHB) GPU/0-f3000 (4/1.5/PHB) CPU/0-0 (3/1.5/SYS) CPU/0-1 (2/1.5/PHB) NET/0-0 (6/1.5/SYS) NET/0-1 (6/1.5/SYS) NET/0-2 (6/1.5/SYS) NET/0-3 (6/1.5/SYS) NET/0-4 (5/1.5/PHB) NET/0-5 (5/1.5/PHB) NET/0-6 (4/1.5/PHB) NET/0-7 (4/1.5/PHB) NET/0-e (4/1.5/PHB) NET/0-8 (2/12.5/LOC) NET/0-9 (2/12.5/LOC) NET/0-a (2/12.5/LOC) NET/0-b (2/12.5/LOC) NET/0-f (2/12.5/LOC) NET/0-c (5/1.5/PHB) NET/0-d (5/1.5/PHB) GIN/0-0 (6/1.5/SYS) GIN/0-1 (6/1.5/SYS) GIN/0-2 (6/1.5/SYS) GIN/0-3 (6/1.5/SYS) GIN/0-4 (5/1.5/PHB) GIN/0-5 (5/1.5/PHB) GIN/0-6 (4/1.5/PHB) GIN/0-7 (4/1.5/PHB) GIN/0-8 (0/5000.0/LOC) GIN/0-9 (2/12.5/LOC) GIN/0-a (2/12.5/LOC) GIN/0-b (2/12.5/LOC) GIN/0-c (5/1.5/PHB) GIN/0-d (5/1.5/PHB) 
gpu-nodes-2:1004:1004 [3] NCCL INFO GIN/0-9 :GPU/0-3000 (5/1.5/SYS) GPU/0-13000 (5/1.5/SYS) GPU/0-63000 (5/1.5/SYS) GPU/0-73000 (5/1.5/SYS) GPU/0-83000 (4/1.5/PHB) GPU/0-93000 (4/1.5/PHB) GPU/0-e3000 (4/1.5/PHB) GPU/0-f3000 (4/1.5/PHB) CPU/0-0 (3/1.5/SYS) CPU/0-1 (2/1.5/PHB) NET/0-0 (6/1.5/SYS) NET/0-1 (6/1.5/SYS) NET/0-2 (6/1.5/SYS) NET/0-3 (6/1.5/SYS) NET/0-4 (5/1.5/PHB) NET/0-5 (5/1.5/PHB) NET/0-6 (4/1.5/PHB) NET/0-7 (4/1.5/PHB) NET/0-e (4/1.5/PHB) NET/0-8 (2/12.5/LOC) NET/0-9 (2/12.5/LOC) NET/0-a (2/12.5/LOC) NET/0-b (2/12.5/LOC) NET/0-f (2/12.5/LOC) NET/0-c (5/1.5/PHB) NET/0-d (5/1.5/PHB) GIN/0-0 (6/1.5/SYS) GIN/0-1 (6/1.5/SYS) GIN/0-2 (6/1.5/SYS) GIN/0-3 (6/1.5/SYS) GIN/0-4 (5/1.5/PHB) GIN/0-5 (5/1.5/PHB) GIN/0-6 (4/1.5/PHB) GIN/0-7 (4/1.5/PHB) GIN/0-8 (2/12.5/LOC) GIN/0-9 (0/5000.0/LOC) GIN/0-a (2/12.5/LOC) GIN/0-b (2/12.5/LOC) GIN/0-c (5/1.5/PHB) GIN/0-d (5/1.5/PHB) 
gpu-nodes-2:1004:1004 [3] NCCL INFO GIN/0-a :GPU/0-3000 (5/1.5/SYS) GPU/0-13000 (5/1.5/SYS) GPU/0-63000 (5/1.5/SYS) GPU/0-73000 (5/1.5/SYS) GPU/0-83000 (4/1.5/PHB) GPU/0-93000 (4/1.5/PHB) GPU/0-e3000 (4/1.5/PHB) GPU/0-f3000 (4/1.5/PHB) CPU/0-0 (3/1.5/SYS) CPU/0-1 (2/1.5/PHB) NET/0-0 (6/1.5/SYS) NET/0-1 (6/1.5/SYS) NET/0-2 (6/1.5/SYS) NET/0-3 (6/1.5/SYS) NET/0-4 (5/1.5/PHB) NET/0-5 (5/1.5/PHB) NET/0-6 (4/1.5/PHB) NET/0-7 (4/1.5/PHB) NET/0-e (4/1.5/PHB) NET/0-8 (2/12.5/LOC) NET/0-9 (2/12.5/LOC) NET/0-a (2/12.5/LOC) NET/0-b (2/12.5/LOC) NET/0-f (2/12.5/LOC) NET/0-c (5/1.5/PHB) NET/0-d (5/1.5/PHB) GIN/0-0 (6/1.5/SYS) GIN/0-1 (6/1.5/SYS) GIN/0-2 (6/1.5/SYS) GIN/0-3 (6/1.5/SYS) GIN/0-4 (5/1.5/PHB) GIN/0-5 (5/1.5/PHB) GIN/0-6 (4/1.5/PHB) GIN/0-7 (4/1.5/PHB) GIN/0-8 (2/12.5/LOC) GIN/0-9 (2/12.5/LOC) GIN/0-a (0/5000.0/LOC) GIN/0-b (2/12.5/LOC) GIN/0-c (5/1.5/PHB) GIN/0-d (5/1.5/PHB) 
gpu-nodes-2:1004:1004 [3] NCCL INFO GIN/0-b :GPU/0-3000 (5/1.5/SYS) GPU/0-13000 (5/1.5/SYS) GPU/0-63000 (5/1.5/SYS) GPU/0-73000 (5/1.5/SYS) GPU/0-83000 (4/1.5/PHB) GPU/0-93000 (4/1.5/PHB) GPU/0-e3000 (4/1.5/PHB) GPU/0-f3000 (4/1.5/PHB) CPU/0-0 (3/1.5/SYS) CPU/0-1 (2/1.5/PHB) NET/0-0 (6/1.5/SYS) NET/0-1 (6/1.5/SYS) NET/0-2 (6/1.5/SYS) NET/0-3 (6/1.5/SYS) NET/0-4 (5/1.5/PHB) NET/0-5 (5/1.5/PHB) NET/0-6 (4/1.5/PHB) NET/0-7 (4/1.5/PHB) NET/0-e (4/1.5/PHB) NET/0-8 (2/12.5/LOC) NET/0-9 (2/12.5/LOC) NET/0-a (2/12.5/LOC) NET/0-b (2/12.5/LOC) NET/0-f (2/12.5/LOC) NET/0-c (5/1.5/PHB) NET/0-d (5/1.5/PHB) GIN/0-0 (6/1.5/SYS) GIN/0-1 (6/1.5/SYS) GIN/0-2 (6/1.5/SYS) GIN/0-3 (6/1.5/SYS) GIN/0-4 (5/1.5/PHB) GIN/0-5 (5/1.5/PHB) GIN/0-6 (4/1.5/PHB) GIN/0-7 (4/1.5/PHB) GIN/0-8 (2/12.5/LOC) GIN/0-9 (2/12.5/LOC) GIN/0-a (2/12.5/LOC) GIN/0-b (0/5000.0/LOC) GIN/0-c (5/1.5/PHB) GIN/0-d (5/1.5/PHB) 
gpu-nodes-2:1004:1004 [3] NCCL INFO GIN/0-c :GPU/0-3000 (6/16.0/SYS) GPU/0-13000 (6/16.0/SYS) GPU/0-63000 (6/16.0/SYS) GPU/0-73000 (6/16.0/SYS) GPU/0-83000 (5/48.0/PHB) GPU/0-93000 (5/48.0/PHB) GPU/0-e3000 (3/48.0/PIX) GPU/0-f3000 (5/48.0/PHB) CPU/0-0 (4/16.0/SYS) CPU/0-1 (3/48.0/PHB) NET/0-0 (7/16.0/SYS) NET/0-1 (7/16.0/SYS) NET/0-2 (7/16.0/SYS) NET/0-3 (7/16.0/SYS) NET/0-4 (6/48.0/PHB) NET/0-5 (6/48.0/PHB) NET/0-6 (5/25.0/PHB) NET/0-7 (5/25.0/PHB) NET/0-e (5/48.0/PHB) NET/0-8 (5/1.5/PHB) NET/0-9 (5/1.5/PHB) NET/0-a (5/1.5/PHB) NET/0-b (5/1.5/PHB) NET/0-f (5/1.5/PHB) NET/0-c (2/50.0/LOC) NET/0-d (6/48.0/PHB) GIN/0-0 (7/16.0/SYS) GIN/0-1 (7/16.0/SYS) GIN/0-2 (7/16.0/SYS) GIN/0-3 (7/16.0/SYS) GIN/0-4 (6/48.0/PHB) GIN/0-5 (6/48.0/PHB) GIN/0-6 (5/25.0/PHB) GIN/0-7 (5/25.0/PHB) GIN/0-8 (5/1.5/PHB) GIN/0-9 (5/1.5/PHB) GIN/0-a (5/1.5/PHB) GIN/0-b (5/1.5/PHB) GIN/0-c (0/5000.0/LOC) GIN/0-d (6/48.0/PHB) 
gpu-nodes-2:1004:1004 [3] NCCL INFO GIN/0-d :GPU/0-3000 (6/16.0/SYS) GPU/0-13000 (6/16.0/SYS) GPU/0-63000 (6/16.0/SYS) GPU/0-73000 (6/16.0/SYS) GPU/0-83000 (5/48.0/PHB) GPU/0-93000 (5/48.0/PHB) GPU/0-e3000 (5/48.0/PHB) GPU/0-f3000 (3/48.0/PIX) CPU/0-0 (4/16.0/SYS) CPU/0-1 (3/48.0/PHB) NET/0-0 (7/16.0/SYS) NET/0-1 (7/16.0/SYS) NET/0-2 (7/16.0/SYS) NET/0-3 (7/16.0/SYS) NET/0-4 (6/48.0/PHB) NET/0-5 (6/48.0/PHB) NET/0-6 (5/25.0/PHB) NET/0-7 (5/25.0/PHB) NET/0-e (5/48.0/PHB) NET/0-8 (5/1.5/PHB) NET/0-9 (5/1.5/PHB) NET/0-a (5/1.5/PHB) NET/0-b (5/1.5/PHB) NET/0-f (5/1.5/PHB) NET/0-c (6/48.0/PHB) NET/0-d (2/50.0/LOC) GIN/0-0 (7/16.0/SYS) GIN/0-1 (7/16.0/SYS) GIN/0-2 (7/16.0/SYS) GIN/0-3 (7/16.0/SYS) GIN/0-4 (6/48.0/PHB) GIN/0-5 (6/48.0/PHB) GIN/0-6 (5/25.0/PHB) GIN/0-7 (5/25.0/PHB) GIN/0-8 (5/1.5/PHB) GIN/0-9 (5/1.5/PHB) GIN/0-a (5/1.5/PHB) GIN/0-b (5/1.5/PHB) GIN/0-c (6/48.0/PHB) GIN/0-d (0/5000.0/LOC) 
gpu-nodes-2:1004:1004 [3] NCCL INFO ncclTopoGetCpuAffinity: Affinity for GPU 3 is 0-63,128-191. (GPU affinity = 0-63,128-191 ; CPU affinity = 0-63,128-191).
gpu-nodes-2:1004:1004 [3] NCCL INFO Pattern 4, crossNic 0, nChannels 16, bw 45.000000/45.000000, type NVL/PIX, sameChannels 1
gpu-nodes-2:1004:1004 [3] NCCL INFO  0 : GPU/0-3000 GPU/0-13000 GPU/0-63000 GPU/0-73000 GPU/0-83000 GPU/0-93000 GPU/0-e3000 GPU/0-f3000
gpu-nodes-2:1004:1004 [3] NCCL INFO  1 : GPU/0-3000 GPU/0-13000 GPU/0-63000 GPU/0-73000 GPU/0-83000 GPU/0-93000 GPU/0-e3000 GPU/0-f3000
gpu-nodes-2:1004:1004 [3] NCCL INFO  2 : GPU/0-3000 GPU/0-13000 GPU/0-63000 GPU/0-73000 GPU/0-83000 GPU/0-93000 GPU/0-e3000 GPU/0-f3000
gpu-nodes-2:1004:1004 [3] NCCL INFO  3 : GPU/0-3000 GPU/0-13000 GPU/0-63000 GPU/0-73000 GPU/0-83000 GPU/0-93000 GPU/0-e3000 GPU/0-f3000
gpu-nodes-2:1004:1004 [3] NCCL INFO  4 : GPU/0-3000 GPU/0-13000 GPU/0-63000 GPU/0-73000 GPU/0-83000 GPU/0-93000 GPU/0-e3000 GPU/0-f3000
gpu-nodes-2:1004:1004 [3] NCCL INFO  5 : GPU/0-3000 GPU/0-13000 GPU/0-63000 GPU/0-73000 GPU/0-83000 GPU/0-93000 GPU/0-e3000 GPU/0-f3000
gpu-nodes-2:1004:1004 [3] NCCL INFO  6 : GPU/0-3000 GPU/0-13000 GPU/0-63000 GPU/0-73000 GPU/0-83000 GPU/0-93000 GPU/0-e3000 GPU/0-f3000
gpu-nodes-2:1004:1004 [3] NCCL INFO  7 : GPU/0-3000 GPU/0-13000 GPU/0-63000 GPU/0-73000 GPU/0-83000 GPU/0-93000 GPU/0-e3000 GPU/0-f3000
gpu-nodes-2:1004:1004 [3] NCCL INFO  8 : GPU/0-3000 GPU/0-13000 GPU/0-63000 GPU/0-73000 GPU/0-83000 GPU/0-93000 GPU/0-e3000 GPU/0-f3000
gpu-nodes-2:1004:1004 [3] NCCL INFO  9 : GPU/0-3000 GPU/0-13000 GPU/0-63000 GPU/0-73000 GPU/0-83000 GPU/0-93000 GPU/0-e3000 GPU/0-f3000
gpu-nodes-2:1004:1004 [3] NCCL INFO 10 : GPU/0-3000 GPU/0-13000 GPU/0-63000 GPU/0-73000 GPU/0-83000 GPU/0-93000 GPU/0-e3000 GPU/0-f3000
gpu-nodes-2:1004:1004 [3] NCCL INFO 11 : GPU/0-3000 GPU/0-13000 GPU/0-63000 GPU/0-73000 GPU/0-83000 GPU/0-93000 GPU/0-e3000 GPU/0-f3000
gpu-nodes-2:1004:1004 [3] NCCL INFO 12 : GPU/0-3000 GPU/0-13000 GPU/0-63000 GPU/0-73000 GPU/0-83000 GPU/0-93000 GPU/0-e3000 GPU/0-f3000
gpu-nodes-2:1004:1004 [3] NCCL INFO 13 : GPU/0-3000 GPU/0-13000 GPU/0-63000 GPU/0-73000 GPU/0-83000 GPU/0-93000 GPU/0-e3000 GPU/0-f3000
gpu-nodes-2:1004:1004 [3] NCCL INFO 14 : GPU/0-3000 GPU/0-13000 GPU/0-63000 GPU/0-73000 GPU/0-83000 GPU/0-93000 GPU/0-e3000 GPU/0-f3000
gpu-nodes-2:1004:1004 [3] NCCL INFO 15 : GPU/0-3000 GPU/0-13000 GPU/0-63000 GPU/0-73000 GPU/0-83000 GPU/0-93000 GPU/0-e3000 GPU/0-f3000
gpu-nodes-2:1004:1004 [3] NCCL INFO Pattern 1, crossNic 0, nChannels 16, bw 45.000000/45.000000, type NVL/PIX, sameChannels 1
gpu-nodes-2:1004:1004 [3] NCCL INFO  0 : GPU/0-3000 GPU/0-13000 GPU/0-63000 GPU/0-73000 GPU/0-83000 GPU/0-93000 GPU/0-e3000 GPU/0-f3000
gpu-nodes-2:1004:1004 [3] NCCL INFO  1 : GPU/0-3000 GPU/0-13000 GPU/0-63000 GPU/0-73000 GPU/0-83000 GPU/0-93000 GPU/0-e3000 GPU/0-f3000
gpu-nodes-2:1004:1004 [3] NCCL INFO  2 : GPU/0-3000 GPU/0-13000 GPU/0-63000 GPU/0-73000 GPU/0-83000 GPU/0-93000 GPU/0-e3000 GPU/0-f3000
gpu-nodes-2:1004:1004 [3] NCCL INFO  3 : GPU/0-3000 GPU/0-13000 GPU/0-63000 GPU/0-73000 GPU/0-83000 GPU/0-93000 GPU/0-e3000 GPU/0-f3000
gpu-nodes-2:1004:1004 [3] NCCL INFO  4 : GPU/0-3000 GPU/0-13000 GPU/0-63000 GPU/0-73000 GPU/0-83000 GPU/0-93000 GPU/0-e3000 GPU/0-f3000
gpu-nodes-2:1004:1004 [3] NCCL INFO  5 : GPU/0-3000 GPU/0-13000 GPU/0-63000 GPU/0-73000 GPU/0-83000 GPU/0-93000 GPU/0-e3000 GPU/0-f3000
gpu-nodes-2:1004:1004 [3] NCCL INFO  6 : GPU/0-3000 GPU/0-13000 GPU/0-63000 GPU/0-73000 GPU/0-83000 GPU/0-93000 GPU/0-e3000 GPU/0-f3000
gpu-nodes-2:1004:1004 [3] NCCL INFO  7 : GPU/0-3000 GPU/0-13000 GPU/0-63000 GPU/0-73000 GPU/0-83000 GPU/0-93000 GPU/0-e3000 GPU/0-f3000
gpu-nodes-2:1004:1004 [3] NCCL INFO  8 : GPU/0-3000 GPU/0-13000 GPU/0-63000 GPU/0-73000 GPU/0-83000 GPU/0-93000 GPU/0-e3000 GPU/0-f3000
gpu-nodes-2:1004:1004 [3] NCCL INFO  9 : GPU/0-3000 GPU/0-13000 GPU/0-63000 GPU/0-73000 GPU/0-83000 GPU/0-93000 GPU/0-e3000 GPU/0-f3000
gpu-nodes-2:1004:1004 [3] NCCL INFO 10 : GPU/0-3000 GPU/0-13000 GPU/0-63000 GPU/0-73000 GPU/0-83000 GPU/0-93000 GPU/0-e3000 GPU/0-f3000
gpu-nodes-2:1004:1004 [3] NCCL INFO 11 : GPU/0-3000 GPU/0-13000 GPU/0-63000 GPU/0-73000 GPU/0-83000 GPU/0-93000 GPU/0-e3000 GPU/0-f3000
gpu-nodes-2:1004:1004 [3] NCCL INFO 12 : GPU/0-3000 GPU/0-13000 GPU/0-63000 GPU/0-73000 GPU/0-83000 GPU/0-93000 GPU/0-e3000 GPU/0-f3000
gpu-nodes-2:1004:1004 [3] NCCL INFO 13 : GPU/0-3000 GPU/0-13000 GPU/0-63000 GPU/0-73000 GPU/0-83000 GPU/0-93000 GPU/0-e3000 GPU/0-f3000
gpu-nodes-2:1004:1004 [3] NCCL INFO 14 : GPU/0-3000 GPU/0-13000 GPU/0-63000 GPU/0-73000 GPU/0-83000 GPU/0-93000 GPU/0-e3000 GPU/0-f3000
gpu-nodes-2:1004:1004 [3] NCCL INFO 15 : GPU/0-3000 GPU/0-13000 GPU/0-63000 GPU/0-73000 GPU/0-83000 GPU/0-93000 GPU/0-e3000 GPU/0-f3000
gpu-nodes-2:1004:1004 [3] NCCL INFO comm 0x73cc41d0 rank 3 nRanks 8 nNodes 1 localRanks 8 localRank 3 MNNVL 0
gpu-nodes-2:1004:1004 [3] NCCL INFO Ring 00 : 2 -> 3 -> 4
gpu-nodes-2:1004:1004 [3] NCCL INFO Ring 01 : 2 -> 3 -> 4
gpu-nodes-2:1004:1004 [3] NCCL INFO Ring 02 : 2 -> 3 -> 4
gpu-nodes-2:1004:1004 [3] NCCL INFO Ring 03 : 2 -> 3 -> 4
gpu-nodes-2:1004:1004 [3] NCCL INFO Ring 04 : 2 -> 3 -> 4
gpu-nodes-2:1004:1004 [3] NCCL INFO Ring 05 : 2 -> 3 -> 4
gpu-nodes-2:1004:1004 [3] NCCL INFO Ring 06 : 2 -> 3 -> 4
gpu-nodes-2:1004:1004 [3] NCCL INFO Ring 07 : 2 -> 3 -> 4
gpu-nodes-2:1004:1004 [3] NCCL INFO Ring 08 : 2 -> 3 -> 4
gpu-nodes-2:1004:1004 [3] NCCL INFO Ring 09 : 2 -> 3 -> 4
gpu-nodes-2:1004:1004 [3] NCCL INFO Ring 10 : 2 -> 3 -> 4
gpu-nodes-2:1004:1004 [3] NCCL INFO Ring 11 : 2 -> 3 -> 4
gpu-nodes-2:1004:1004 [3] NCCL INFO Ring 12 : 2 -> 3 -> 4
gpu-nodes-2:1004:1004 [3] NCCL INFO Ring 13 : 2 -> 3 -> 4
gpu-nodes-2:1004:1004 [3] NCCL INFO Ring 14 : 2 -> 3 -> 4
gpu-nodes-2:1004:1004 [3] NCCL INFO Ring 15 : 2 -> 3 -> 4
gpu-nodes-2:1004:1004 [3] NCCL INFO Ring 16 : 2 -> 3 -> 4
gpu-nodes-2:1004:1004 [3] NCCL INFO Ring 17 : 2 -> 3 -> 4
gpu-nodes-2:1004:1004 [3] NCCL INFO Ring 18 : 2 -> 3 -> 4
gpu-nodes-2:1004:1004 [3] NCCL INFO Ring 19 : 2 -> 3 -> 4
gpu-nodes-2:1004:1004 [3] NCCL INFO Ring 20 : 2 -> 3 -> 4
gpu-nodes-2:1004:1004 [3] NCCL INFO Ring 21 : 2 -> 3 -> 4
gpu-nodes-2:1004:1004 [3] NCCL INFO Ring 22 : 2 -> 3 -> 4
gpu-nodes-2:1004:1004 [3] NCCL INFO Ring 23 : 2 -> 3 -> 4
gpu-nodes-2:1004:1004 [3] NCCL INFO Ring 24 : 2 -> 3 -> 4
gpu-nodes-2:1004:1004 [3] NCCL INFO Ring 25 : 2 -> 3 -> 4
gpu-nodes-2:1004:1004 [3] NCCL INFO Ring 26 : 2 -> 3 -> 4
gpu-nodes-2:1004:1004 [3] NCCL INFO Ring 27 : 2 -> 3 -> 4
gpu-nodes-2:1004:1004 [3] NCCL INFO Ring 28 : 2 -> 3 -> 4
gpu-nodes-2:1004:1004 [3] NCCL INFO Ring 29 : 2 -> 3 -> 4
gpu-nodes-2:1004:1004 [3] NCCL INFO Ring 30 : 2 -> 3 -> 4
gpu-nodes-2:1004:1004 [3] NCCL INFO Ring 31 : 2 -> 3 -> 4
gpu-nodes-2:1004:1004 [3] NCCL INFO Trees [0] 4/-1/-1->3->2 [1] 4/-1/-1->3->2 [2] 4/-1/-1->3->2 [3] 4/-1/-1->3->2 [4] 4/-1/-1->3->2 [5] 4/-1/-1->3->2 [6] 4/-1/-1->3->2 [7] 4/-1/-1->3->2 [8] 4/-1/-1->3->2 [9] 4/-1/-1->3->2 [10] 4/-1/-1->3->2 [11] 4/-1/-1->3->2 [12] 4/-1/-1->3->2 [13] 4/-1/-1->3->2 [14] 4/-1/-1->3->2 [15] 4/-1/-1->3->2 [16] 4/-1/-1->3->2 [17] 4/-1/-1->3->2 [18] 4/-1/-1->3->2 [19] 4/-1/-1->3->2 [20] 4/-1/-1->3->2 [21] 4/-1/-1->3->2 [22] 4/-1/-1->3->2 [23] 4/-1/-1->3->2 [24] 4/-1/-1->3->2 [25] 4/-1/-1->3->2 [26] 4/-1/-1->3->2 [27] 4/-1/-1->3->2 [28] 4/-1/-1->3->2 [29] 4/-1/-1->3->2 [30] 4/-1/-1->3->2 [31] 4/-1/-1->3->2
gpu-nodes-2:1004:1004 [3] NCCL INFO P2P Chunksize set to 524288
gpu-nodes-2:1004:1004 [3] NCCL INFO Check P2P Type isAllDirectP2p 1 directMode 0 isAllCudaP2p 1
gpu-nodes-2:1004:1814 [0] NCCL INFO [Proxy Service] Device 3 CPU core 37
gpu-nodes-2:1004:1004 [3] NCCL INFO ncclP2pSchedule: group size used is 8
gpu-nodes-2:1004:1823 [0] NCCL INFO [Proxy Service UDS] Device 3 CPU core 46
gpu-nodes-2:1004:1814 [3] NCCL INFO New proxy recv connection 0 from local rank 3, transport 0
gpu-nodes-2:1004:1004 [3] NCCL INFO Connected to proxy localRank 3 -> connection 0x7d8bf400d060
gpu-nodes-2:1004:1814 [3] NCCL INFO New proxy recv connection 1 from local rank 3, transport 0
gpu-nodes-2:1004:1004 [3] NCCL INFO Connected to proxy localRank 3 -> connection 0x7d8bf400d0e8
gpu-nodes-2:1004:1814 [3] NCCL INFO New proxy recv connection 2 from local rank 3, transport 0
gpu-nodes-2:1004:1004 [3] NCCL INFO Connected to proxy localRank 3 -> connection 0x7d8bf400d170
gpu-nodes-2:1004:1814 [3] NCCL INFO New proxy recv connection 3 from local rank 3, transport 0
gpu-nodes-2:1004:1004 [3] NCCL INFO Connected to proxy localRank 3 -> connection 0x7d8bf400d1f8
gpu-nodes-2:1004:1814 [3] NCCL INFO New proxy recv connection 4 from local rank 3, transport 0
gpu-nodes-2:1004:1004 [3] NCCL INFO Connected to proxy localRank 3 -> connection 0x7d8bf400d280
gpu-nodes-2:1004:1814 [3] NCCL INFO New proxy recv connection 5 from local rank 3, transport 0
gpu-nodes-2:1004:1004 [3] NCCL INFO Connected to proxy localRank 3 -> connection 0x7d8bf400d308
gpu-nodes-2:1004:1814 [3] NCCL INFO New proxy recv connection 6 from local rank 3, transport 0
gpu-nodes-2:1004:1004 [3] NCCL INFO Connected to proxy localRank 3 -> connection 0x7d8bf400d390
gpu-nodes-2:1004:1814 [3] NCCL INFO New proxy recv connection 7 from local rank 3, transport 0
gpu-nodes-2:1004:1004 [3] NCCL INFO Connected to proxy localRank 3 -> connection 0x7d8bf400d418
gpu-nodes-2:1004:1814 [3] NCCL INFO New proxy recv connection 8 from local rank 3, transport 0
gpu-nodes-2:1004:1004 [3] NCCL INFO Connected to proxy localRank 3 -> connection 0x7d8bf400d4a0
gpu-nodes-2:1004:1814 [3] NCCL INFO New proxy recv connection 9 from local rank 3, transport 0
gpu-nodes-2:1004:1004 [3] NCCL INFO Connected to proxy localRank 3 -> connection 0x7d8bf400d528
gpu-nodes-2:1004:1814 [3] NCCL INFO New proxy recv connection 10 from local rank 3, transport 0
gpu-nodes-2:1004:1004 [3] NCCL INFO Connected to proxy localRank 3 -> connection 0x7d8bf400d5b0
gpu-nodes-2:1004:1814 [3] NCCL INFO New proxy recv connection 11 from local rank 3, transport 0
gpu-nodes-2:1004:1004 [3] NCCL INFO Connected to proxy localRank 3 -> connection 0x7d8bf400d638
gpu-nodes-2:1004:1814 [3] NCCL INFO New proxy recv connection 12 from local rank 3, transport 0
gpu-nodes-2:1004:1004 [3] NCCL INFO Connected to proxy localRank 3 -> connection 0x7d8bf400d6c0
gpu-nodes-2:1004:1814 [3] NCCL INFO New proxy recv connection 13 from local rank 3, transport 0
gpu-nodes-2:1004:1004 [3] NCCL INFO Connected to proxy localRank 3 -> connection 0x7d8bf400d748
gpu-nodes-2:1004:1814 [3] NCCL INFO New proxy recv connection 14 from local rank 3, transport 0
gpu-nodes-2:1004:1004 [3] NCCL INFO Connected to proxy localRank 3 -> connection 0x7d8bf400d7d0
gpu-nodes-2:1004:1814 [3] NCCL INFO New proxy recv connection 15 from local rank 3, transport 0
gpu-nodes-2:1004:1004 [3] NCCL INFO Connected to proxy localRank 3 -> connection 0x7d8bf400d858
gpu-nodes-2:1004:1814 [3] NCCL INFO New proxy recv connection 16 from local rank 3, transport 0
gpu-nodes-2:1004:1004 [3] NCCL INFO Connected to proxy localRank 3 -> connection 0x7d8bf400d8e0
gpu-nodes-2:1004:1814 [3] NCCL INFO New proxy recv connection 17 from local rank 3, transport 0
gpu-nodes-2:1004:1004 [3] NCCL INFO Connected to proxy localRank 3 -> connection 0x7d8bf400d968
gpu-nodes-2:1004:1814 [3] NCCL INFO New proxy recv connection 18 from local rank 3, transport 0
gpu-nodes-2:1004:1004 [3] NCCL INFO Connected to proxy localRank 3 -> connection 0x7d8bf400d9f0
gpu-nodes-2:1004:1814 [3] NCCL INFO New proxy recv connection 19 from local rank 3, transport 0
gpu-nodes-2:1004:1004 [3] NCCL INFO Connected to proxy localRank 3 -> connection 0x7d8bf400da78
gpu-nodes-2:1004:1814 [3] NCCL INFO New proxy recv connection 20 from local rank 3, transport 0
gpu-nodes-2:1004:1004 [3] NCCL INFO Connected to proxy localRank 3 -> connection 0x7d8bf400db00
gpu-nodes-2:1004:1814 [3] NCCL INFO New proxy recv connection 21 from local rank 3, transport 0
gpu-nodes-2:1004:1004 [3] NCCL INFO Connected to proxy localRank 3 -> connection 0x7d8bf400db88
gpu-nodes-2:1004:1814 [3] NCCL INFO New proxy recv connection 22 from local rank 3, transport 0
gpu-nodes-2:1004:1004 [3] NCCL INFO Connected to proxy localRank 3 -> connection 0x7d8bf400dc10
gpu-nodes-2:1004:1814 [3] NCCL INFO New proxy recv connection 23 from local rank 3, transport 0
gpu-nodes-2:1004:1004 [3] NCCL INFO Connected to proxy localRank 3 -> connection 0x7d8bf400dc98
gpu-nodes-2:1004:1814 [3] NCCL INFO New proxy recv connection 24 from local rank 3, transport 0
gpu-nodes-2:1004:1004 [3] NCCL INFO Connected to proxy localRank 3 -> connection 0x7d8bf400dd20
gpu-nodes-2:1004:1814 [3] NCCL INFO New proxy recv connection 25 from local rank 3, transport 0
gpu-nodes-2:1004:1004 [3] NCCL INFO Connected to proxy localRank 3 -> connection 0x7d8bf400dda8
gpu-nodes-2:1004:1814 [3] NCCL INFO New proxy recv connection 26 from local rank 3, transport 0
gpu-nodes-2:1004:1004 [3] NCCL INFO Connected to proxy localRank 3 -> connection 0x7d8bf400de30
gpu-nodes-2:1004:1814 [3] NCCL INFO New proxy recv connection 27 from local rank 3, transport 0
gpu-nodes-2:1004:1004 [3] NCCL INFO Connected to proxy localRank 3 -> connection 0x7d8bf400deb8
gpu-nodes-2:1004:1814 [3] NCCL INFO New proxy recv connection 28 from local rank 3, transport 0
gpu-nodes-2:1004:1004 [3] NCCL INFO Connected to proxy localRank 3 -> connection 0x7d8bf400df40
gpu-nodes-2:1004:1814 [3] NCCL INFO New proxy recv connection 29 from local rank 3, transport 0
gpu-nodes-2:1004:1004 [3] NCCL INFO Connected to proxy localRank 3 -> connection 0x7d8bf400dfc8
gpu-nodes-2:1004:1814 [3] NCCL INFO New proxy recv connection 30 from local rank 3, transport 0
gpu-nodes-2:1004:1004 [3] NCCL INFO Connected to proxy localRank 3 -> connection 0x7d8bf400e050
gpu-nodes-2:1004:1814 [3] NCCL INFO New proxy recv connection 31 from local rank 3, transport 0
gpu-nodes-2:1004:1004 [3] NCCL INFO Connected to proxy localRank 3 -> connection 0x7d8bf400e0d8
gpu-nodes-2:1004:1004 [3] NCCL INFO Channel 00/0 : 3[3] -> 4[4] via P2P/IPC
gpu-nodes-2:1004:1814 [3] NCCL INFO New proxy send connection 32 from local rank 3, transport 0
gpu-nodes-2:1004:1004 [3] NCCL INFO Connected to proxy localRank 3 -> connection 0x7d8bf400e160
gpu-nodes-2:1004:1004 [3] NCCL INFO Channel 01/0 : 3[3] -> 4[4] via P2P/IPC
gpu-nodes-2:1004:1814 [3] NCCL INFO New proxy send connection 33 from local rank 3, transport 0
gpu-nodes-2:1004:1004 [3] NCCL INFO Connected to proxy localRank 3 -> connection 0x7d8bf400e1e8
gpu-nodes-2:1004:1004 [3] NCCL INFO Channel 02/0 : 3[3] -> 4[4] via P2P/IPC
gpu-nodes-2:1004:1814 [3] NCCL INFO New proxy send connection 34 from local rank 3, transport 0
gpu-nodes-2:1004:1004 [3] NCCL INFO Connected to proxy localRank 3 -> connection 0x7d8bf400e270
gpu-nodes-2:1004:1004 [3] NCCL INFO Channel 03/0 : 3[3] -> 4[4] via P2P/IPC
gpu-nodes-2:1004:1814 [3] NCCL INFO New proxy send connection 35 from local rank 3, transport 0
gpu-nodes-2:1004:1004 [3] NCCL INFO Connected to proxy localRank 3 -> connection 0x7d8bf400e2f8
gpu-nodes-2:1004:1004 [3] NCCL INFO Channel 04/0 : 3[3] -> 4[4] via P2P/IPC
gpu-nodes-2:1004:1814 [3] NCCL INFO New proxy send connection 36 from local rank 3, transport 0
gpu-nodes-2:1004:1004 [3] NCCL INFO Connected to proxy localRank 3 -> connection 0x7d8bf400e380
gpu-nodes-2:1004:1004 [3] NCCL INFO Channel 05/0 : 3[3] -> 4[4] via P2P/IPC
gpu-nodes-2:1004:1814 [3] NCCL INFO New proxy send connection 37 from local rank 3, transport 0
gpu-nodes-2:1004:1004 [3] NCCL INFO Connected to proxy localRank 3 -> connection 0x7d8bf400e408
gpu-nodes-2:1004:1004 [3] NCCL INFO Channel 06/0 : 3[3] -> 4[4] via P2P/IPC
gpu-nodes-2:1004:1814 [3] NCCL INFO New proxy send connection 38 from local rank 3, transport 0
gpu-nodes-2:1004:1004 [3] NCCL INFO Connected to proxy localRank 3 -> connection 0x7d8bf400e490
gpu-nodes-2:1004:1004 [3] NCCL INFO Channel 07/0 : 3[3] -> 4[4] via P2P/IPC
gpu-nodes-2:1004:1814 [3] NCCL INFO New proxy send connection 39 from local rank 3, transport 0
gpu-nodes-2:1004:1004 [3] NCCL INFO Connected to proxy localRank 3 -> connection 0x7d8bf400e518
gpu-nodes-2:1004:1004 [3] NCCL INFO Channel 08/0 : 3[3] -> 4[4] via P2P/IPC
gpu-nodes-2:1004:1814 [3] NCCL INFO New proxy send connection 40 from local rank 3, transport 0
gpu-nodes-2:1004:1004 [3] NCCL INFO Connected to proxy localRank 3 -> connection 0x7d8bf400e5a0
gpu-nodes-2:1004:1004 [3] NCCL INFO Channel 09/0 : 3[3] -> 4[4] via P2P/IPC
gpu-nodes-2:1004:1814 [3] NCCL INFO New proxy send connection 41 from local rank 3, transport 0
gpu-nodes-2:1004:1004 [3] NCCL INFO Connected to proxy localRank 3 -> connection 0x7d8bf400e628
gpu-nodes-2:1004:1004 [3] NCCL INFO Channel 10/0 : 3[3] -> 4[4] via P2P/IPC
gpu-nodes-2:1004:1814 [3] NCCL INFO New proxy send connection 42 from local rank 3, transport 0
gpu-nodes-2:1004:1004 [3] NCCL INFO Connected to proxy localRank 3 -> connection 0x7d8bf400e6b0
gpu-nodes-2:1004:1004 [3] NCCL INFO Channel 11/0 : 3[3] -> 4[4] via P2P/IPC
gpu-nodes-2:1004:1814 [3] NCCL INFO New proxy send connection 43 from local rank 3, transport 0
gpu-nodes-2:1004:1004 [3] NCCL INFO Connected to proxy localRank 3 -> connection 0x7d8bf400e738
gpu-nodes-2:1004:1004 [3] NCCL INFO Channel 12/0 : 3[3] -> 4[4] via P2P/IPC
gpu-nodes-2:1004:1814 [3] NCCL INFO New proxy send connection 44 from local rank 3, transport 0
gpu-nodes-2:1004:1004 [3] NCCL INFO Connected to proxy localRank 3 -> connection 0x7d8bf400e7c0
gpu-nodes-2:1004:1004 [3] NCCL INFO Channel 13/0 : 3[3] -> 4[4] via P2P/IPC
gpu-nodes-2:1004:1814 [3] NCCL INFO New proxy send connection 45 from local rank 3, transport 0
gpu-nodes-2:1004:1004 [3] NCCL INFO Connected to proxy localRank 3 -> connection 0x7d8bf400e848
gpu-nodes-2:1004:1004 [3] NCCL INFO Channel 14/0 : 3[3] -> 4[4] via P2P/IPC
gpu-nodes-2:1004:1814 [3] NCCL INFO New proxy send connection 46 from local rank 3, transport 0
gpu-nodes-2:1004:1004 [3] NCCL INFO Connected to proxy localRank 3 -> connection 0x7d8bf400e8d0
gpu-nodes-2:1004:1004 [3] NCCL INFO Channel 15/0 : 3[3] -> 4[4] via P2P/IPC
gpu-nodes-2:1004:1814 [3] NCCL INFO New proxy send connection 47 from local rank 3, transport 0
gpu-nodes-2:1004:1004 [3] NCCL INFO Connected to proxy localRank 3 -> connection 0x7d8bf400e958
gpu-nodes-2:1004:1004 [3] NCCL INFO Channel 16/0 : 3[3] -> 4[4] via P2P/IPC
gpu-nodes-2:1004:1814 [3] NCCL INFO New proxy send connection 48 from local rank 3, transport 0
gpu-nodes-2:1004:1004 [3] NCCL INFO Connected to proxy localRank 3 -> connection 0x7d8bf400e9e0
gpu-nodes-2:1004:1004 [3] NCCL INFO Channel 17/0 : 3[3] -> 4[4] via P2P/IPC
gpu-nodes-2:1004:1814 [3] NCCL INFO New proxy send connection 49 from local rank 3, transport 0
gpu-nodes-2:1004:1004 [3] NCCL INFO Connected to proxy localRank 3 -> connection 0x7d8bf400ea68
gpu-nodes-2:1004:1004 [3] NCCL INFO Channel 18/0 : 3[3] -> 4[4] via P2P/IPC
gpu-nodes-2:1004:1814 [3] NCCL INFO New proxy send connection 50 from local rank 3, transport 0
gpu-nodes-2:1004:1004 [3] NCCL INFO Connected to proxy localRank 3 -> connection 0x7d8bf400eaf0
gpu-nodes-2:1004:1004 [3] NCCL INFO Channel 19/0 : 3[3] -> 4[4] via P2P/IPC
gpu-nodes-2:1004:1814 [3] NCCL INFO New proxy send connection 51 from local rank 3, transport 0
gpu-nodes-2:1004:1004 [3] NCCL INFO Connected to proxy localRank 3 -> connection 0x7d8bf400eb78
gpu-nodes-2:1004:1004 [3] NCCL INFO Channel 20/0 : 3[3] -> 4[4] via P2P/IPC
gpu-nodes-2:1004:1814 [3] NCCL INFO New proxy send connection 52 from local rank 3, transport 0
gpu-nodes-2:1004:1004 [3] NCCL INFO Connected to proxy localRank 3 -> connection 0x7d8bf400ec00
gpu-nodes-2:1004:1004 [3] NCCL INFO Channel 21/0 : 3[3] -> 4[4] via P2P/IPC
gpu-nodes-2:1004:1814 [3] NCCL INFO New proxy send connection 53 from local rank 3, transport 0
gpu-nodes-2:1004:1004 [3] NCCL INFO Connected to proxy localRank 3 -> connection 0x7d8bf400ec88
gpu-nodes-2:1004:1004 [3] NCCL INFO Channel 22/0 : 3[3] -> 4[4] via P2P/IPC
gpu-nodes-2:1004:1814 [3] NCCL INFO New proxy send connection 54 from local rank 3, transport 0
gpu-nodes-2:1004:1004 [3] NCCL INFO Connected to proxy localRank 3 -> connection 0x7d8bf400ed10
gpu-nodes-2:1004:1004 [3] NCCL INFO Channel 23/0 : 3[3] -> 4[4] via P2P/IPC
gpu-nodes-2:1004:1814 [3] NCCL INFO New proxy send connection 55 from local rank 3, transport 0
gpu-nodes-2:1004:1004 [3] NCCL INFO Connected to proxy localRank 3 -> connection 0x7d8bf400ed98
gpu-nodes-2:1004:1004 [3] NCCL INFO Channel 24/0 : 3[3] -> 4[4] via P2P/IPC
gpu-nodes-2:1004:1814 [3] NCCL INFO New proxy send connection 56 from local rank 3, transport 0
gpu-nodes-2:1004:1004 [3] NCCL INFO Connected to proxy localRank 3 -> connection 0x7d8bf400ee20
gpu-nodes-2:1004:1004 [3] NCCL INFO Channel 25/0 : 3[3] -> 4[4] via P2P/IPC
gpu-nodes-2:1004:1814 [3] NCCL INFO New proxy send connection 57 from local rank 3, transport 0
gpu-nodes-2:1004:1004 [3] NCCL INFO Connected to proxy localRank 3 -> connection 0x7d8bf400eea8
gpu-nodes-2:1004:1004 [3] NCCL INFO Channel 26/0 : 3[3] -> 4[4] via P2P/IPC
gpu-nodes-2:1004:1814 [3] NCCL INFO New proxy send connection 58 from local rank 3, transport 0
gpu-nodes-2:1004:1004 [3] NCCL INFO Connected to proxy localRank 3 -> connection 0x7d8bf400ef30
gpu-nodes-2:1004:1004 [3] NCCL INFO Channel 27/0 : 3[3] -> 4[4] via P2P/IPC
gpu-nodes-2:1004:1814 [3] NCCL INFO New proxy send connection 59 from local rank 3, transport 0
gpu-nodes-2:1004:1004 [3] NCCL INFO Connected to proxy localRank 3 -> connection 0x7d8bf400efb8
gpu-nodes-2:1004:1004 [3] NCCL INFO Channel 28/0 : 3[3] -> 4[4] via P2P/IPC
gpu-nodes-2:1004:1814 [3] NCCL INFO New proxy send connection 60 from local rank 3, transport 0
gpu-nodes-2:1004:1004 [3] NCCL INFO Connected to proxy localRank 3 -> connection 0x7d8bf400f040
gpu-nodes-2:1004:1004 [3] NCCL INFO Channel 29/0 : 3[3] -> 4[4] via P2P/IPC
gpu-nodes-2:1004:1814 [3] NCCL INFO New proxy send connection 61 from local rank 3, transport 0
gpu-nodes-2:1004:1004 [3] NCCL INFO Connected to proxy localRank 3 -> connection 0x7d8bf400f0c8
gpu-nodes-2:1004:1004 [3] NCCL INFO Channel 30/0 : 3[3] -> 4[4] via P2P/IPC
gpu-nodes-2:1004:1814 [3] NCCL INFO New proxy send connection 62 from local rank 3, transport 0
gpu-nodes-2:1004:1004 [3] NCCL INFO Connected to proxy localRank 3 -> connection 0x7d8bf400f150
gpu-nodes-2:1004:1004 [3] NCCL INFO Channel 31/0 : 3[3] -> 4[4] via P2P/IPC
gpu-nodes-2:1004:1814 [3] NCCL INFO New proxy send connection 63 from local rank 3, transport 0
gpu-nodes-2:1004:1004 [3] NCCL INFO Connected to proxy localRank 3 -> connection 0x7d8bf400f1d8
gpu-nodes-2:1004:1004 [3] NCCL INFO Connected all rings, use ring PXN 0 GDR 1
gpu-nodes-2:1004:1814 [3] NCCL INFO New proxy recv connection 64 from local rank 3, transport 0
gpu-nodes-2:1004:1004 [3] NCCL INFO Connected to proxy localRank 3 -> connection 0x7d8bf400f260
gpu-nodes-2:1004:1814 [3] NCCL INFO New proxy recv connection 65 from local rank 3, transport 0
gpu-nodes-2:1004:1004 [3] NCCL INFO Connected to proxy localRank 3 -> connection 0x7d8bf400f2e8
gpu-nodes-2:1004:1814 [3] NCCL INFO New proxy recv connection 66 from local rank 3, transport 0
gpu-nodes-2:1004:1004 [3] NCCL INFO Connected to proxy localRank 3 -> connection 0x7d8bf400f370
gpu-nodes-2:1004:1814 [3] NCCL INFO New proxy recv connection 67 from local rank 3, transport 0
gpu-nodes-2:1004:1004 [3] NCCL INFO Connected to proxy localRank 3 -> connection 0x7d8bf400f3f8
gpu-nodes-2:1004:1814 [3] NCCL INFO New proxy recv connection 68 from local rank 3, transport 0
gpu-nodes-2:1004:1004 [3] NCCL INFO Connected to proxy localRank 3 -> connection 0x7d8bf400f480
gpu-nodes-2:1004:1814 [3] NCCL INFO New proxy recv connection 69 from local rank 3, transport 0
gpu-nodes-2:1004:1004 [3] NCCL INFO Connected to proxy localRank 3 -> connection 0x7d8bf400f508
gpu-nodes-2:1004:1814 [3] NCCL INFO New proxy recv connection 70 from local rank 3, transport 0
gpu-nodes-2:1004:1004 [3] NCCL INFO Connected to proxy localRank 3 -> connection 0x7d8bf400f590
gpu-nodes-2:1004:1814 [3] NCCL INFO New proxy recv connection 71 from local rank 3, transport 0
gpu-nodes-2:1004:1004 [3] NCCL INFO Connected to proxy localRank 3 -> connection 0x7d8bf400f618
gpu-nodes-2:1004:1814 [3] NCCL INFO New proxy recv connection 72 from local rank 3, transport 0
gpu-nodes-2:1004:1004 [3] NCCL INFO Connected to proxy localRank 3 -> connection 0x7d8bf400f6a0
gpu-nodes-2:1004:1814 [3] NCCL INFO New proxy recv connection 73 from local rank 3, transport 0
gpu-nodes-2:1004:1004 [3] NCCL INFO Connected to proxy localRank 3 -> connection 0x7d8bf400f728
gpu-nodes-2:1004:1814 [3] NCCL INFO New proxy recv connection 74 from local rank 3, transport 0
gpu-nodes-2:1004:1004 [3] NCCL INFO Connected to proxy localRank 3 -> connection 0x7d8bf400f7b0
gpu-nodes-2:1004:1814 [3] NCCL INFO New proxy recv connection 75 from local rank 3, transport 0
gpu-nodes-2:1004:1004 [3] NCCL INFO Connected to proxy localRank 3 -> connection 0x7d8bf400f838
gpu-nodes-2:1004:1814 [3] NCCL INFO New proxy recv connection 76 from local rank 3, transport 0
gpu-nodes-2:1004:1004 [3] NCCL INFO Connected to proxy localRank 3 -> connection 0x7d8bf400f8c0
gpu-nodes-2:1004:1814 [3] NCCL INFO New proxy recv connection 77 from local rank 3, transport 0
gpu-nodes-2:1004:1004 [3] NCCL INFO Connected to proxy localRank 3 -> connection 0x7d8bf400f948
gpu-nodes-2:1004:1814 [3] NCCL INFO New proxy recv connection 78 from local rank 3, transport 0
gpu-nodes-2:1004:1004 [3] NCCL INFO Connected to proxy localRank 3 -> connection 0x7d8bf400f9d0
gpu-nodes-2:1004:1814 [3] NCCL INFO New proxy recv connection 79 from local rank 3, transport 0
gpu-nodes-2:1004:1004 [3] NCCL INFO Connected to proxy localRank 3 -> connection 0x7d8bf400fa58
gpu-nodes-2:1004:1814 [3] NCCL INFO New proxy recv connection 80 from local rank 3, transport 0
gpu-nodes-2:1004:1004 [3] NCCL INFO Connected to proxy localRank 3 -> connection 0x7d8bf400fae0
gpu-nodes-2:1004:1814 [3] NCCL INFO New proxy recv connection 81 from local rank 3, transport 0
gpu-nodes-2:1004:1004 [3] NCCL INFO Connected to proxy localRank 3 -> connection 0x7d8bf400fb68
gpu-nodes-2:1004:1814 [3] NCCL INFO New proxy recv connection 82 from local rank 3, transport 0
gpu-nodes-2:1004:1004 [3] NCCL INFO Connected to proxy localRank 3 -> connection 0x7d8bf400fbf0
gpu-nodes-2:1004:1814 [3] NCCL INFO New proxy recv connection 83 from local rank 3, transport 0
gpu-nodes-2:1004:1004 [3] NCCL INFO Connected to proxy localRank 3 -> connection 0x7d8bf400fc78
gpu-nodes-2:1004:1814 [3] NCCL INFO New proxy recv connection 84 from local rank 3, transport 0
gpu-nodes-2:1004:1004 [3] NCCL INFO Connected to proxy localRank 3 -> connection 0x7d8bf400fd00
gpu-nodes-2:1004:1814 [3] NCCL INFO New proxy recv connection 85 from local rank 3, transport 0
gpu-nodes-2:1004:1004 [3] NCCL INFO Connected to proxy localRank 3 -> connection 0x7d8bf400fd88
gpu-nodes-2:1004:1814 [3] NCCL INFO New proxy recv connection 86 from local rank 3, transport 0
gpu-nodes-2:1004:1004 [3] NCCL INFO Connected to proxy localRank 3 -> connection 0x7d8bf400fe10
gpu-nodes-2:1004:1814 [3] NCCL INFO New proxy recv connection 87 from local rank 3, transport 0
gpu-nodes-2:1004:1004 [3] NCCL INFO Connected to proxy localRank 3 -> connection 0x7d8bf400fe98
gpu-nodes-2:1004:1814 [3] NCCL INFO New proxy recv connection 88 from local rank 3, transport 0
gpu-nodes-2:1004:1004 [3] NCCL INFO Connected to proxy localRank 3 -> connection 0x7d8bf400ff20
gpu-nodes-2:1004:1814 [3] NCCL INFO New proxy recv connection 89 from local rank 3, transport 0
gpu-nodes-2:1004:1004 [3] NCCL INFO Connected to proxy localRank 3 -> connection 0x7d8bf400ffa8
gpu-nodes-2:1004:1814 [3] NCCL INFO New proxy recv connection 90 from local rank 3, transport 0
gpu-nodes-2:1004:1004 [3] NCCL INFO Connected to proxy localRank 3 -> connection 0x7d8bf4010030
gpu-nodes-2:1004:1814 [3] NCCL INFO New proxy recv connection 91 from local rank 3, transport 0
gpu-nodes-2:1004:1004 [3] NCCL INFO Connected to proxy localRank 3 -> connection 0x7d8bf40100b8
gpu-nodes-2:1004:1814 [3] NCCL INFO New proxy recv connection 92 from local rank 3, transport 0
gpu-nodes-2:1004:1004 [3] NCCL INFO Connected to proxy localRank 3 -> connection 0x7d8bf4010140
gpu-nodes-2:1004:1814 [3] NCCL INFO New proxy recv connection 93 from local rank 3, transport 0
gpu-nodes-2:1004:1004 [3] NCCL INFO Connected to proxy localRank 3 -> connection 0x7d8bf40101c8
gpu-nodes-2:1004:1814 [3] NCCL INFO New proxy recv connection 94 from local rank 3, transport 0
gpu-nodes-2:1004:1004 [3] NCCL INFO Connected to proxy localRank 3 -> connection 0x7d8bf4010250
gpu-nodes-2:1004:1814 [3] NCCL INFO New proxy recv connection 95 from local rank 3, transport 0
gpu-nodes-2:1004:1004 [3] NCCL INFO Connected to proxy localRank 3 -> connection 0x7d8bf40102d8
gpu-nodes-2:1004:1004 [3] NCCL INFO Channel 00/0 : 3[3] -> 2[2] via P2P/IPC
gpu-nodes-2:1004:1814 [3] NCCL INFO New proxy send connection 96 from local rank 3, transport 0
gpu-nodes-2:1004:1004 [3] NCCL INFO Connected to proxy localRank 3 -> connection 0x7d8bf4010360
gpu-nodes-2:1004:1004 [3] NCCL INFO Channel 01/0 : 3[3] -> 2[2] via P2P/IPC
gpu-nodes-2:1004:1814 [3] NCCL INFO New proxy send connection 97 from local rank 3, transport 0
gpu-nodes-2:1004:1004 [3] NCCL INFO Connected to proxy localRank 3 -> connection 0x7d8bf40103e8
gpu-nodes-2:1004:1004 [3] NCCL INFO Channel 02/0 : 3[3] -> 2[2] via P2P/IPC
gpu-nodes-2:1004:1814 [3] NCCL INFO New proxy send connection 98 from local rank 3, transport 0
gpu-nodes-2:1004:1004 [3] NCCL INFO Connected to proxy localRank 3 -> connection 0x7d8bf4010470
gpu-nodes-2:1004:1004 [3] NCCL INFO Channel 03/0 : 3[3] -> 2[2] via P2P/IPC
gpu-nodes-2:1004:1814 [3] NCCL INFO New proxy send connection 99 from local rank 3, transport 0
gpu-nodes-2:1004:1004 [3] NCCL INFO Connected to proxy localRank 3 -> connection 0x7d8bf40104f8
gpu-nodes-2:1004:1004 [3] NCCL INFO Channel 04/0 : 3[3] -> 2[2] via P2P/IPC
gpu-nodes-2:1004:1814 [3] NCCL INFO New proxy send connection 100 from local rank 3, transport 0
gpu-nodes-2:1004:1004 [3] NCCL INFO Connected to proxy localRank 3 -> connection 0x7d8bf4010580
gpu-nodes-2:1004:1004 [3] NCCL INFO Channel 05/0 : 3[3] -> 2[2] via P2P/IPC
gpu-nodes-2:1004:1814 [3] NCCL INFO New proxy send connection 101 from local rank 3, transport 0
gpu-nodes-2:1004:1004 [3] NCCL INFO Connected to proxy localRank 3 -> connection 0x7d8bf4010608
gpu-nodes-2:1004:1004 [3] NCCL INFO Channel 06/0 : 3[3] -> 2[2] via P2P/IPC
gpu-nodes-2:1004:1814 [3] NCCL INFO New proxy send connection 102 from local rank 3, transport 0
gpu-nodes-2:1004:1004 [3] NCCL INFO Connected to proxy localRank 3 -> connection 0x7d8bf4010690
gpu-nodes-2:1004:1004 [3] NCCL INFO Channel 07/0 : 3[3] -> 2[2] via P2P/IPC
gpu-nodes-2:1004:1814 [3] NCCL INFO New proxy send connection 103 from local rank 3, transport 0
gpu-nodes-2:1004:1004 [3] NCCL INFO Connected to proxy localRank 3 -> connection 0x7d8bf4010718
gpu-nodes-2:1004:1004 [3] NCCL INFO Channel 08/0 : 3[3] -> 2[2] via P2P/IPC
gpu-nodes-2:1004:1814 [3] NCCL INFO New proxy send connection 104 from local rank 3, transport 0
gpu-nodes-2:1004:1004 [3] NCCL INFO Connected to proxy localRank 3 -> connection 0x7d8bf40107a0
gpu-nodes-2:1004:1004 [3] NCCL INFO Channel 09/0 : 3[3] -> 2[2] via P2P/IPC
gpu-nodes-2:1004:1814 [3] NCCL INFO New proxy send connection 105 from local rank 3, transport 0
gpu-nodes-2:1004:1004 [3] NCCL INFO Connected to proxy localRank 3 -> connection 0x7d8bf4010828
gpu-nodes-2:1004:1004 [3] NCCL INFO Channel 10/0 : 3[3] -> 2[2] via P2P/IPC
gpu-nodes-2:1004:1814 [3] NCCL INFO New proxy send connection 106 from local rank 3, transport 0
gpu-nodes-2:1004:1004 [3] NCCL INFO Connected to proxy localRank 3 -> connection 0x7d8bf40108b0
gpu-nodes-2:1004:1004 [3] NCCL INFO Channel 11/0 : 3[3] -> 2[2] via P2P/IPC
gpu-nodes-2:1004:1814 [3] NCCL INFO New proxy send connection 107 from local rank 3, transport 0
gpu-nodes-2:1004:1004 [3] NCCL INFO Connected to proxy localRank 3 -> connection 0x7d8bf4010938
gpu-nodes-2:1004:1004 [3] NCCL INFO Channel 12/0 : 3[3] -> 2[2] via P2P/IPC
gpu-nodes-2:1004:1814 [3] NCCL INFO New proxy send connection 108 from local rank 3, transport 0
gpu-nodes-2:1004:1004 [3] NCCL INFO Connected to proxy localRank 3 -> connection 0x7d8bf40109c0
gpu-nodes-2:1004:1004 [3] NCCL INFO Channel 13/0 : 3[3] -> 2[2] via P2P/IPC
gpu-nodes-2:1004:1814 [3] NCCL INFO New proxy send connection 109 from local rank 3, transport 0
gpu-nodes-2:1004:1004 [3] NCCL INFO Connected to proxy localRank 3 -> connection 0x7d8bf4010a48
gpu-nodes-2:1004:1004 [3] NCCL INFO Channel 14/0 : 3[3] -> 2[2] via P2P/IPC
gpu-nodes-2:1004:1814 [3] NCCL INFO New proxy send connection 110 from local rank 3, transport 0
gpu-nodes-2:1004:1004 [3] NCCL INFO Connected to proxy localRank 3 -> connection 0x7d8bf4010ad0
gpu-nodes-2:1004:1004 [3] NCCL INFO Channel 15/0 : 3[3] -> 2[2] via P2P/IPC
gpu-nodes-2:1004:1814 [3] NCCL INFO New proxy send connection 111 from local rank 3, transport 0
gpu-nodes-2:1004:1004 [3] NCCL INFO Connected to proxy localRank 3 -> connection 0x7d8bf4010b58
gpu-nodes-2:1004:1004 [3] NCCL INFO Channel 16/0 : 3[3] -> 2[2] via P2P/IPC
gpu-nodes-2:1004:1814 [3] NCCL INFO New proxy send connection 112 from local rank 3, transport 0
gpu-nodes-2:1004:1004 [3] NCCL INFO Connected to proxy localRank 3 -> connection 0x7d8bf4010be0
gpu-nodes-2:1004:1004 [3] NCCL INFO Channel 17/0 : 3[3] -> 2[2] via P2P/IPC
gpu-nodes-2:1004:1814 [3] NCCL INFO New proxy send connection 113 from local rank 3, transport 0
gpu-nodes-2:1004:1004 [3] NCCL INFO Connected to proxy localRank 3 -> connection 0x7d8bf4010c68
gpu-nodes-2:1004:1004 [3] NCCL INFO Channel 18/0 : 3[3] -> 2[2] via P2P/IPC
gpu-nodes-2:1004:1814 [3] NCCL INFO New proxy send connection 114 from local rank 3, transport 0
gpu-nodes-2:1004:1004 [3] NCCL INFO Connected to proxy localRank 3 -> connection 0x7d8bf4010cf0
gpu-nodes-2:1004:1004 [3] NCCL INFO Channel 19/0 : 3[3] -> 2[2] via P2P/IPC
gpu-nodes-2:1004:1814 [3] NCCL INFO New proxy send connection 115 from local rank 3, transport 0
gpu-nodes-2:1004:1004 [3] NCCL INFO Connected to proxy localRank 3 -> connection 0x7d8bf4010d78
gpu-nodes-2:1004:1004 [3] NCCL INFO Channel 20/0 : 3[3] -> 2[2] via P2P/IPC
gpu-nodes-2:1004:1814 [3] NCCL INFO New proxy send connection 116 from local rank 3, transport 0
gpu-nodes-2:1004:1004 [3] NCCL INFO Connected to proxy localRank 3 -> connection 0x7d8bf4010e00
gpu-nodes-2:1004:1004 [3] NCCL INFO Channel 21/0 : 3[3] -> 2[2] via P2P/IPC
gpu-nodes-2:1004:1814 [3] NCCL INFO New proxy send connection 117 from local rank 3, transport 0
gpu-nodes-2:1004:1004 [3] NCCL INFO Connected to proxy localRank 3 -> connection 0x7d8bf4010e88
gpu-nodes-2:1004:1004 [3] NCCL INFO Channel 22/0 : 3[3] -> 2[2] via P2P/IPC
gpu-nodes-2:1004:1814 [3] NCCL INFO New proxy send connection 118 from local rank 3, transport 0
gpu-nodes-2:1004:1004 [3] NCCL INFO Connected to proxy localRank 3 -> connection 0x7d8bf4010f10
gpu-nodes-2:1004:1004 [3] NCCL INFO Channel 23/0 : 3[3] -> 2[2] via P2P/IPC
gpu-nodes-2:1004:1814 [3] NCCL INFO New proxy send connection 119 from local rank 3, transport 0
gpu-nodes-2:1004:1004 [3] NCCL INFO Connected to proxy localRank 3 -> connection 0x7d8bf4010f98
gpu-nodes-2:1004:1004 [3] NCCL INFO Channel 24/0 : 3[3] -> 2[2] via P2P/IPC
gpu-nodes-2:1004:1814 [3] NCCL INFO New proxy send connection 120 from local rank 3, transport 0
gpu-nodes-2:1004:1004 [3] NCCL INFO Connected to proxy localRank 3 -> connection 0x7d8bf4011020
gpu-nodes-2:1004:1004 [3] NCCL INFO Channel 25/0 : 3[3] -> 2[2] via P2P/IPC
gpu-nodes-2:1004:1814 [3] NCCL INFO New proxy send connection 121 from local rank 3, transport 0
gpu-nodes-2:1004:1004 [3] NCCL INFO Connected to proxy localRank 3 -> connection 0x7d8bf40110a8
gpu-nodes-2:1004:1004 [3] NCCL INFO Channel 26/0 : 3[3] -> 2[2] via P2P/IPC
gpu-nodes-2:1004:1814 [3] NCCL INFO New proxy send connection 122 from local rank 3, transport 0
gpu-nodes-2:1004:1004 [3] NCCL INFO Connected to proxy localRank 3 -> connection 0x7d8bf4011130
gpu-nodes-2:1004:1004 [3] NCCL INFO Channel 27/0 : 3[3] -> 2[2] via P2P/IPC
gpu-nodes-2:1004:1814 [3] NCCL INFO New proxy send connection 123 from local rank 3, transport 0
gpu-nodes-2:1004:1004 [3] NCCL INFO Connected to proxy localRank 3 -> connection 0x7d8bf40111b8
gpu-nodes-2:1004:1004 [3] NCCL INFO Channel 28/0 : 3[3] -> 2[2] via P2P/IPC
gpu-nodes-2:1004:1814 [3] NCCL INFO New proxy send connection 124 from local rank 3, transport 0
gpu-nodes-2:1004:1004 [3] NCCL INFO Connected to proxy localRank 3 -> connection 0x7d8bf4011240
gpu-nodes-2:1004:1004 [3] NCCL INFO Channel 29/0 : 3[3] -> 2[2] via P2P/IPC
gpu-nodes-2:1004:1814 [3] NCCL INFO New proxy send connection 125 from local rank 3, transport 0
gpu-nodes-2:1004:1004 [3] NCCL INFO Connected to proxy localRank 3 -> connection 0x7d8bf40112c8
gpu-nodes-2:1004:1004 [3] NCCL INFO Channel 30/0 : 3[3] -> 2[2] via P2P/IPC
gpu-nodes-2:1004:1814 [3] NCCL INFO New proxy send connection 126 from local rank 3, transport 0
gpu-nodes-2:1004:1004 [3] NCCL INFO Connected to proxy localRank 3 -> connection 0x7d8bf4011350
gpu-nodes-2:1004:1004 [3] NCCL INFO Channel 31/0 : 3[3] -> 2[2] via P2P/IPC
gpu-nodes-2:1004:1814 [3] NCCL INFO New proxy send connection 127 from local rank 3, transport 0
gpu-nodes-2:1004:1004 [3] NCCL INFO Connected to proxy localRank 3 -> connection 0x7d8bf40113d8
gpu-nodes-2:1004:1004 [3] NCCL INFO Connected all trees
gpu-nodes-2:1004:1814 [3] NCCL INFO New proxy send connection 128 from local rank 3, transport 2
gpu-nodes-2:1004:1835 [0] NCCL INFO [Proxy Progress] Device 3 CPU core 38
gpu-nodes-2:1004:1004 [3] NCCL INFO Connected to proxy localRank 3 -> connection 0x7d8bf40742d0
gpu-nodes-2:1004:1004 [3] NCCL INFO threadThresholds 8/8/64 | 64/8/64 | 512 | 512
gpu-nodes-2:1004:1004 [3] NCCL INFO 32 coll channels, 32 collnet channels, 0 nvls channels, 32 p2p channels, 32 p2p channels per peer
gpu-nodes-2:1004:1004 [3] NCCL INFO Symmetric memory is not supported. cuMemEnable 0, globalGinSupport 0, globalNicFused 1 cuMemGdrSupport 1
gpu-nodes-2:1004:1004 [3] NCCL INFO ncclCommInitRankConfig comm 0x73cc41d0 rank 3 nranks 8 cudaDev 3 nvmlDev 3 busId 73000 commId 0xbfec526dcd72715 - Init COMPLETE
gpu-nodes-2:1004:1004 [3] NCCL INFO Init timings - ncclCommInitRankConfig: rank 3 nranks 8 total 1.11 (kernels 0.00, alloc 0.00, bootstrap 0.00, allgathers 0.00, topo 0.86, graphs 0.02, connections 0.23, rest 0.00)
gpu-nodes-2:1004:1004 [3] NCCL INFO Initialized NET plugin IB
gpu-nodes-2:1004:1004 [3] NCCL INFO Assigned NET plugin IB to comm
gpu-nodes-2:1004:1004 [3] NCCL INFO Assigned GIN plugin GIN_IB_GDAKI to comm
gpu-nodes-2:1004:1004 [3] NCCL INFO Assigned RMA plugin GIN_IB_PROXY to comm
gpu-nodes-2:1004:1004 [3] NCCL INFO Using network IB
gpu-nodes-2:1004:1004 [3] NCCL INFO DMA-BUF is available on GPU device 3
gpu-nodes-2:1004:1004 [3] NCCL INFO [Rank 11] ncclCommInitRankConfig comm 0x78e410b0 rank 11 nranks 16 cudaDev 3 nvmlDev 3 busId 73000 commId 0x84b4cfcf2fe0d31f - Init START
gpu-nodes-2:1004:1004 [3] NCCL INFO MNNVL busId 0x73000 fabric UUID 0.0 cliqueId 0x0 state 3 healthMask 0x80
gpu-nodes-2:1004:1004 [3] NCCL INFO Could not find real path of /sys/class/pci_bus/fffffff/../../fffffff:ff:f
gpu-nodes-2:1004:1004 [3] NCCL INFO TOPO/NET : Importing network plugins to topology
gpu-nodes-2:1004:1004 [3] NCCL INFO NET/GIN_IB_GDAKI : GPU Direct RDMA Enabled for HCA 0 'mlx5_1'
gpu-nodes-2:1004:1004 [3] NCCL INFO ncclTopoPopulateNics : Filled mlx5_1 in topo with pciPath=/sys/devices/pci0000:00/0000:00:01.1/0000:01:00.0/0000:02:01.0/0000:04:00.0 net=0 gin=1 keep=1 coll=(null)
gpu-nodes-2:1004:1004 [3] NCCL INFO NET/GIN_IB_GDAKI : GPU Direct RDMA Enabled for HCA 1 'mlx5_3'
gpu-nodes-2:1004:1004 [3] NCCL INFO ncclTopoPopulateNics : Filled mlx5_3 in topo with pciPath=/sys/devices/pci0000:10/0000:10:01.1/0000:11:00.0/0000:12:01.0/0000:14:00.0 net=0 gin=1 keep=1 coll=(null)
gpu-nodes-2:1004:1004 [3] NCCL INFO NET/GIN_IB_GDAKI : GPU Direct RDMA Enabled for HCA 2 'mlx5_2'
gpu-nodes-2:1004:1004 [3] NCCL INFO ncclTopoPopulateNics : Filled mlx5_2 in topo with pciPath=/sys/devices/pci0000:60/0000:60:01.1/0000:61:00.0/0000:62:01.0/0000:64:00.0 net=0 gin=1 keep=1 coll=(null)
gpu-nodes-2:1004:1004 [3] NCCL INFO NET/GIN_IB_GDAKI : GPU Direct RDMA Enabled for HCA 3 'mlx5_0'
gpu-nodes-2:1004:1004 [3] NCCL INFO ncclTopoPopulateNics : Filled mlx5_0 in topo with pciPath=/sys/devices/pci0000:70/0000:70:01.1/0000:71:00.0/0000:72:01.0/0000:74:00.0 net=0 gin=1 keep=1 coll=(null)
gpu-nodes-2:1004:1004 [3] NCCL INFO NET/GIN_IB_GDAKI : GPU Direct RDMA Enabled for HCA 4 'mlx5_9'
gpu-nodes-2:1004:1004 [3] NCCL INFO ncclTopoPopulateNics : Filled mlx5_9 in topo with pciPath=/sys/devices/pci0000:80/0000:80:01.1/0000:81:00.0/0000:82:01.0/0000:84:00.0 net=0 gin=1 keep=1 coll=(null)
gpu-nodes-2:1004:1004 [3] NCCL INFO NET/GIN_IB_GDAKI : GPU Direct RDMA Enabled for HCA 5 'mlx5_13'
gpu-nodes-2:1004:1004 [3] NCCL INFO ncclTopoPopulateNics : Filled mlx5_13 in topo with pciPath=/sys/devices/pci0000:90/0000:90:01.1/0000:91:00.0/0000:92:01.0/0000:94:00.0 net=0 gin=1 keep=1 coll=(null)
gpu-nodes-2:1004:1004 [3] NCCL INFO NET/GIN_IB_GDAKI : GPU Direct RDMA Enabled for HCA 6 'mlx5_10'
gpu-nodes-2:1004:1004 [3] NCCL INFO ncclTopoPopulateNics : Filled mlx5_10 in topo with pciPath=/sys/devices/pci0000:c0/0000:c0:01.1/0000:c1:00.0 net=0 gin=1 keep=1 coll=(null)
gpu-nodes-2:1004:1004 [3] NCCL INFO NET/GIN_IB_GDAKI : GPU Direct RDMA Enabled for HCA 7 'mlx5_11'
gpu-nodes-2:1004:1004 [3] NCCL INFO ncclTopoPopulateNics : Filled mlx5_11 in topo with pciPath=/sys/devices/pci0000:c0/0000:c0:01.1/0000:c1:00.0 net=0 gin=1 keep=1 coll=(null)
gpu-nodes-2:1004:1004 [3] NCCL INFO NET/GIN_IB_GDAKI : GPU Direct RDMA Enabled for HCA 8 'mlx5_5'
gpu-nodes-2:1004:1004 [3] NCCL INFO ncclTopoPopulateNics : Filled mlx5_5 in topo with pciPath=/sys/devices/pci0000:d0/0000:d0:03.3/0000:d2:00.0 net=0 gin=1 keep=1 coll=(null)
gpu-nodes-2:1004:1004 [3] NCCL INFO NET/GIN_IB_GDAKI : GPU Direct RDMA Enabled for HCA 9 'mlx5_6'
gpu-nodes-2:1004:1004 [3] NCCL INFO ncclTopoPopulateNics : Filled mlx5_6 in topo with pciPath=/sys/devices/pci0000:d0/0000:d0:03.3/0000:d2:00.0 net=0 gin=1 keep=1 coll=(null)
gpu-nodes-2:1004:1004 [3] NCCL INFO NET/GIN_IB_GDAKI : GPU Direct RDMA Enabled for HCA 10 'mlx5_7'
gpu-nodes-2:1004:1004 [3] NCCL INFO ncclTopoPopulateNics : Filled mlx5_7 in topo with pciPath=/sys/devices/pci0000:d0/0000:d0:03.3/0000:d2:00.0 net=0 gin=1 keep=1 coll=(null)
gpu-nodes-2:1004:1004 [3] NCCL INFO NET/GIN_IB_GDAKI : GPU Direct RDMA Enabled for HCA 11 'mlx5_8'
gpu-nodes-2:1004:1004 [3] NCCL INFO ncclTopoPopulateNics : Filled mlx5_8 in topo with pciPath=/sys/devices/pci0000:d0/0000:d0:03.3/0000:d2:00.0 net=0 gin=1 keep=1 coll=(null)
gpu-nodes-2:1004:1004 [3] NCCL INFO NET/GIN_IB_GDAKI : GPU Direct RDMA Enabled for HCA 12 'mlx5_12'
gpu-nodes-2:1004:1004 [3] NCCL INFO ncclTopoPopulateNics : Filled mlx5_12 in topo with pciPath=/sys/devices/pci0000:e0/0000:e0:01.1/0000:e1:00.0/0000:e2:01.0/0000:e4:00.0 net=0 gin=1 keep=1 coll=(null)
gpu-nodes-2:1004:1004 [3] NCCL INFO NET/GIN_IB_GDAKI : GPU Direct RDMA Enabled for HCA 13 'mlx5_4'
gpu-nodes-2:1004:1004 [3] NCCL INFO ncclTopoPopulateNics : Filled mlx5_4 in topo with pciPath=/sys/devices/pci0000:f0/0000:f0:01.1/0000:f1:00.0/0000:f2:01.0/0000:f4:00.0 net=0 gin=1 keep=1 coll=(null)
gpu-nodes-2:1004:1004 [3] NCCL INFO NET/IB : GPU Direct RDMA Enabled for HCA 0 'mlx5_1'
gpu-nodes-2:1004:1004 [3] NCCL INFO ncclTopoPopulateNics : Filled mlx5_1 in topo with pciPath=/sys/devices/pci0000:00/0000:00:01.1/0000:01:00.0/0000:02:01.0/0000:04:00.0 net=1 gin=1 keep=1 coll=(null)
gpu-nodes-2:1004:1004 [3] NCCL INFO NET/IB : GPU Direct RDMA Enabled for HCA 1 'mlx5_3'
gpu-nodes-2:1004:1004 [3] NCCL INFO ncclTopoPopulateNics : Filled mlx5_3 in topo with pciPath=/sys/devices/pci0000:10/0000:10:01.1/0000:11:00.0/0000:12:01.0/0000:14:00.0 net=1 gin=1 keep=1 coll=(null)
gpu-nodes-2:1004:1004 [3] NCCL INFO NET/IB : GPU Direct RDMA Enabled for HCA 2 'mlx5_2'
gpu-nodes-2:1004:1004 [3] NCCL INFO ncclTopoPopulateNics : Filled mlx5_2 in topo with pciPath=/sys/devices/pci0000:60/0000:60:01.1/0000:61:00.0/0000:62:01.0/0000:64:00.0 net=1 gin=1 keep=1 coll=(null)
gpu-nodes-2:1004:1004 [3] NCCL INFO NET/IB : GPU Direct RDMA Enabled for HCA 3 'mlx5_0'
gpu-nodes-2:1004:1004 [3] NCCL INFO ncclTopoPopulateNics : Filled mlx5_0 in topo with pciPath=/sys/devices/pci0000:70/0000:70:01.1/0000:71:00.0/0000:72:01.0/0000:74:00.0 net=1 gin=1 keep=1 coll=(null)
gpu-nodes-2:1004:1004 [3] NCCL INFO NET/IB : GPU Direct RDMA Enabled for HCA 4 'mlx5_9'
gpu-nodes-2:1004:1004 [3] NCCL INFO ncclTopoPopulateNics : Filled mlx5_9 in topo with pciPath=/sys/devices/pci0000:80/0000:80:01.1/0000:81:00.0/0000:82:01.0/0000:84:00.0 net=1 gin=1 keep=1 coll=(null)
gpu-nodes-2:1004:1004 [3] NCCL INFO NET/IB : GPU Direct RDMA Enabled for HCA 5 'mlx5_13'
gpu-nodes-2:1004:1004 [3] NCCL INFO ncclTopoPopulateNics : Filled mlx5_13 in topo with pciPath=/sys/devices/pci0000:90/0000:90:01.1/0000:91:00.0/0000:92:01.0/0000:94:00.0 net=1 gin=1 keep=1 coll=(null)
gpu-nodes-2:1004:1004 [3] NCCL INFO NET/IB : GPU Direct RDMA Enabled for HCA 6 'mlx5_10'
gpu-nodes-2:1004:1004 [3] NCCL INFO ncclTopoPopulateNics : Filled mlx5_10 in topo with pciPath=/sys/devices/pci0000:c0/0000:c0:01.1/0000:c1:00.0 net=1 gin=1 keep=1 coll=(null)
gpu-nodes-2:1004:1004 [3] NCCL INFO NET/IB : GPU Direct RDMA Enabled for HCA 7 'mlx5_11'
gpu-nodes-2:1004:1004 [3] NCCL INFO ncclTopoPopulateNics : Filled mlx5_11 in topo with pciPath=/sys/devices/pci0000:c0/0000:c0:01.1/0000:c1:00.0 net=1 gin=1 keep=1 coll=(null)
gpu-nodes-2:1004:1004 [3] NCCL INFO NET/IB : GPU Direct RDMA Enabled for HCA 8 'mlx5_5'
gpu-nodes-2:1004:1004 [3] NCCL INFO ncclTopoPopulateNics : Filled mlx5_5 in topo with pciPath=/sys/devices/pci0000:d0/0000:d0:03.3/0000:d2:00.0 net=1 gin=1 keep=1 coll=(null)
gpu-nodes-2:1004:1004 [3] NCCL INFO NET/IB : GPU Direct RDMA Enabled for HCA 9 'mlx5_6'
gpu-nodes-2:1004:1004 [3] NCCL INFO ncclTopoPopulateNics : Filled mlx5_6 in topo with pciPath=/sys/devices/pci0000:d0/0000:d0:03.3/0000:d2:00.0 net=1 gin=1 keep=1 coll=(null)
gpu-nodes-2:1004:1004 [3] NCCL INFO NET/IB : GPU Direct RDMA Enabled for HCA 10 'mlx5_7'
gpu-nodes-2:1004:1004 [3] NCCL INFO ncclTopoPopulateNics : Filled mlx5_7 in topo with pciPath=/sys/devices/pci0000:d0/0000:d0:03.3/0000:d2:00.0 net=1 gin=1 keep=1 coll=(null)
gpu-nodes-2:1004:1004 [3] NCCL INFO NET/IB : GPU Direct RDMA Enabled for HCA 11 'mlx5_8'
gpu-nodes-2:1004:1004 [3] NCCL INFO ncclTopoPopulateNics : Filled mlx5_8 in topo with pciPath=/sys/devices/pci0000:d0/0000:d0:03.3/0000:d2:00.0 net=1 gin=1 keep=1 coll=(null)
gpu-nodes-2:1004:1004 [3] NCCL INFO NET/IB : GPU Direct RDMA Enabled for HCA 12 'mlx5_12'
gpu-nodes-2:1004:1004 [3] NCCL INFO ncclTopoPopulateNics : Filled mlx5_12 in topo with pciPath=/sys/devices/pci0000:e0/0000:e0:01.1/0000:e1:00.0/0000:e2:01.0/0000:e4:00.0 net=1 gin=1 keep=1 coll=(null)
gpu-nodes-2:1004:1004 [3] NCCL INFO NET/IB : GPU Direct RDMA Enabled for HCA 13 'mlx5_4'
gpu-nodes-2:1004:1004 [3] NCCL INFO ncclTopoPopulateNics : Filled mlx5_4 in topo with pciPath=/sys/devices/pci0000:f0/0000:f0:01.1/0000:f1:00.0/0000:f2:01.0/0000:f4:00.0 net=1 gin=1 keep=1 coll=(null)
gpu-nodes-2:1004:1004 [3] NCCL INFO NET/IB : GPU Direct RDMA Enabled for HCA 14 'mlx5_10+mlx5_11'
gpu-nodes-2:1004:1004 [3] NCCL INFO ncclTopoPopulateNics : Filled mlx5_10+mlx5_11 in topo with pciPath=/sys/devices/pci0000:c0/0000:c0:01.1/0000:c1:00.0 net=1 gin=(null) keep=1 coll=(null)
gpu-nodes-2:1004:1004 [3] NCCL INFO NET/IB : GPU Direct RDMA Enabled for HCA 15 'mlx5_5+mlx5_6+mlx5_7+mlx5_8'
gpu-nodes-2:1004:1004 [3] NCCL INFO ncclTopoPopulateNics : Filled mlx5_5+mlx5_6+mlx5_7+mlx5_8 in topo with pciPath=/sys/devices/pci0000:d0/0000:d0:03.3/0000:d2:00.0 net=1 gin=(null) keep=1 coll=(null)
gpu-nodes-2:1004:1004 [3] NCCL INFO GPU Direct RDMA Enabled for GPU/0-12288 (rank 8) - NET/0-0 (distance 4 <= 6, read 0, mode Default)
gpu-nodes-2:1004:1004 [3] NCCL INFO GPU Direct RDMA Enabled for GPU/0-77824 (rank 9) - NET/0-0 ( using PXN via GPU/0-12288, distance 4 <= 6, read 0, mode Default)
gpu-nodes-2:1004:1004 [3] NCCL INFO GPU Direct RDMA Enabled for GPU/0-405504 (rank 10) - NET/0-0 ( using PXN via GPU/0-12288, distance 4 <= 6, read 0, mode Default)
gpu-nodes-2:1004:1004 [3] NCCL INFO GPU Direct RDMA Enabled for GPU/0-471040 (rank 11) - NET/0-0 ( using PXN via GPU/0-12288, distance 4 <= 6, read 0, mode Default)
gpu-nodes-2:1004:1004 [3] NCCL INFO GPU Direct RDMA Enabled for GPU/0-536576 (rank 12) - NET/0-0 ( using PXN via GPU/0-12288, distance 4 <= 6, read 0, mode Default)
gpu-nodes-2:1004:1004 [3] NCCL INFO GPU Direct RDMA Enabled for GPU/0-602112 (rank 13) - NET/0-0 ( using PXN via GPU/0-12288, distance 4 <= 6, read 0, mode Default)
gpu-nodes-2:1004:1004 [3] NCCL INFO GPU Direct RDMA Enabled for GPU/0-929792 (rank 14) - NET/0-0 ( using PXN via GPU/0-12288, distance 4 <= 6, read 0, mode Default)
gpu-nodes-2:1004:1004 [3] NCCL INFO GPU Direct RDMA Enabled for GPU/0-995328 (rank 15) - NET/0-0 ( using PXN via GPU/0-12288, distance 4 <= 6, read 0, mode Default)
gpu-nodes-2:1004:1004 [3] NCCL INFO GPU Direct RDMA Enabled for GPU/0-12288 (rank 8) - NET/0-1 ( using PXN via GPU/0-77824, distance 4 <= 6, read 0, mode Default)
gpu-nodes-2:1004:1004 [3] NCCL INFO GPU Direct RDMA Enabled for GPU/0-77824 (rank 9) - NET/0-1 (distance 4 <= 6, read 0, mode Default)
gpu-nodes-2:1004:1004 [3] NCCL INFO GPU Direct RDMA Enabled for GPU/0-405504 (rank 10) - NET/0-1 ( using PXN via GPU/0-77824, distance 4 <= 6, read 0, mode Default)
gpu-nodes-2:1004:1004 [3] NCCL INFO GPU Direct RDMA Enabled for GPU/0-471040 (rank 11) - NET/0-1 ( using PXN via GPU/0-77824, distance 4 <= 6, read 0, mode Default)
gpu-nodes-2:1004:1004 [3] NCCL INFO GPU Direct RDMA Enabled for GPU/0-536576 (rank 12) - NET/0-1 ( using PXN via GPU/0-77824, distance 4 <= 6, read 0, mode Default)
gpu-nodes-2:1004:1004 [3] NCCL INFO GPU Direct RDMA Enabled for GPU/0-602112 (rank 13) - NET/0-1 ( using PXN via GPU/0-77824, distance 4 <= 6, read 0, mode Default)
gpu-nodes-2:1004:1004 [3] NCCL INFO GPU Direct RDMA Enabled for GPU/0-929792 (rank 14) - NET/0-1 ( using PXN via GPU/0-77824, distance 4 <= 6, read 0, mode Default)
gpu-nodes-2:1004:1004 [3] NCCL INFO GPU Direct RDMA Enabled for GPU/0-995328 (rank 15) - NET/0-1 ( using PXN via GPU/0-77824, distance 4 <= 6, read 0, mode Default)
gpu-nodes-2:1004:1004 [3] NCCL INFO GPU Direct RDMA Enabled for GPU/0-12288 (rank 8) - NET/0-2 ( using PXN via GPU/0-405504, distance 4 <= 6, read 0, mode Default)
gpu-nodes-2:1004:1004 [3] NCCL INFO GPU Direct RDMA Enabled for GPU/0-77824 (rank 9) - NET/0-2 ( using PXN via GPU/0-405504, distance 4 <= 6, read 0, mode Default)
gpu-nodes-2:1004:1004 [3] NCCL INFO GPU Direct RDMA Enabled for GPU/0-405504 (rank 10) - NET/0-2 (distance 4 <= 6, read 0, mode Default)
gpu-nodes-2:1004:1004 [3] NCCL INFO GPU Direct RDMA Enabled for GPU/0-471040 (rank 11) - NET/0-2 ( using PXN via GPU/0-405504, distance 4 <= 6, read 0, mode Default)
gpu-nodes-2:1004:1004 [3] NCCL INFO GPU Direct RDMA Enabled for GPU/0-536576 (rank 12) - NET/0-2 ( using PXN via GPU/0-405504, distance 4 <= 6, read 0, mode Default)
gpu-nodes-2:1004:1004 [3] NCCL INFO GPU Direct RDMA Enabled for GPU/0-602112 (rank 13) - NET/0-2 ( using PXN via GPU/0-405504, distance 4 <= 6, read 0, mode Default)
gpu-nodes-2:1004:1004 [3] NCCL INFO GPU Direct RDMA Enabled for GPU/0-929792 (rank 14) - NET/0-2 ( using PXN via GPU/0-405504, distance 4 <= 6, read 0, mode Default)
gpu-nodes-2:1004:1004 [3] NCCL INFO GPU Direct RDMA Enabled for GPU/0-995328 (rank 15) - NET/0-2 ( using PXN via GPU/0-405504, distance 4 <= 6, read 0, mode Default)
gpu-nodes-2:1004:1004 [3] NCCL INFO GPU Direct RDMA Enabled for GPU/0-12288 (rank 8) - NET/0-3 ( using PXN via GPU/0-471040, distance 4 <= 6, read 0, mode Default)
gpu-nodes-2:1004:1004 [3] NCCL INFO GPU Direct RDMA Enabled for GPU/0-77824 (rank 9) - NET/0-3 ( using PXN via GPU/0-471040, distance 4 <= 6, read 0, mode Default)
gpu-nodes-2:1004:1004 [3] NCCL INFO GPU Direct RDMA Enabled for GPU/0-405504 (rank 10) - NET/0-3 ( using PXN via GPU/0-471040, distance 4 <= 6, read 0, mode Default)
gpu-nodes-2:1004:1004 [3] NCCL INFO GPU Direct RDMA Enabled for GPU/0-471040 (rank 11) - NET/0-3 (distance 4 <= 6, read 0, mode Default)
gpu-nodes-2:1004:1004 [3] NCCL INFO GPU Direct RDMA Enabled for GPU/0-536576 (rank 12) - NET/0-3 ( using PXN via GPU/0-471040, distance 4 <= 6, read 0, mode Default)
gpu-nodes-2:1004:1004 [3] NCCL INFO GPU Direct RDMA Enabled for GPU/0-602112 (rank 13) - NET/0-3 ( using PXN via GPU/0-471040, distance 4 <= 6, read 0, mode Default)
gpu-nodes-2:1004:1004 [3] NCCL INFO GPU Direct RDMA Enabled for GPU/0-929792 (rank 14) - NET/0-3 ( using PXN via GPU/0-471040, distance 4 <= 6, read 0, mode Default)
gpu-nodes-2:1004:1004 [3] NCCL INFO GPU Direct RDMA Enabled for GPU/0-995328 (rank 15) - NET/0-3 ( using PXN via GPU/0-471040, distance 4 <= 6, read 0, mode Default)
gpu-nodes-2:1004:1004 [3] NCCL INFO GPU Direct RDMA Enabled for GPU/0-12288 (rank 8) - NET/0-4 ( using PXN via GPU/0-536576, distance 4 <= 6, read 0, mode Default)
gpu-nodes-2:1004:1004 [3] NCCL INFO GPU Direct RDMA Enabled for GPU/0-77824 (rank 9) - NET/0-4 ( using PXN via GPU/0-536576, distance 4 <= 6, read 0, mode Default)
gpu-nodes-2:1004:1004 [3] NCCL INFO GPU Direct RDMA Enabled for GPU/0-405504 (rank 10) - NET/0-4 ( using PXN via GPU/0-536576, distance 4 <= 6, read 0, mode Default)
gpu-nodes-2:1004:1004 [3] NCCL INFO GPU Direct RDMA Enabled for GPU/0-471040 (rank 11) - NET/0-4 ( using PXN via GPU/0-536576, distance 4 <= 6, read 0, mode Default)
gpu-nodes-2:1004:1004 [3] NCCL INFO GPU Direct RDMA Enabled for GPU/0-536576 (rank 12) - NET/0-4 (distance 4 <= 6, read 0, mode Default)
gpu-nodes-2:1004:1004 [3] NCCL INFO GPU Direct RDMA Enabled for GPU/0-602112 (rank 13) - NET/0-4 ( using PXN via GPU/0-536576, distance 4 <= 6, read 0, mode Default)
gpu-nodes-2:1004:1004 [3] NCCL INFO GPU Direct RDMA Enabled for GPU/0-929792 (rank 14) - NET/0-4 ( using PXN via GPU/0-536576, distance 4 <= 6, read 0, mode Default)
gpu-nodes-2:1004:1004 [3] NCCL INFO GPU Direct RDMA Enabled for GPU/0-995328 (rank 15) - NET/0-4 ( using PXN via GPU/0-536576, distance 4 <= 6, read 0, mode Default)
gpu-nodes-2:1004:1004 [3] NCCL INFO GPU Direct RDMA Enabled for GPU/0-12288 (rank 8) - NET/0-5 ( using PXN via GPU/0-602112, distance 4 <= 6, read 0, mode Default)
gpu-nodes-2:1004:1004 [3] NCCL INFO GPU Direct RDMA Enabled for GPU/0-77824 (rank 9) - NET/0-5 ( using PXN via GPU/0-602112, distance 4 <= 6, read 0, mode Default)
gpu-nodes-2:1004:1004 [3] NCCL INFO GPU Direct RDMA Enabled for GPU/0-405504 (rank 10) - NET/0-5 ( using PXN via GPU/0-602112, distance 4 <= 6, read 0, mode Default)
gpu-nodes-2:1004:1004 [3] NCCL INFO GPU Direct RDMA Enabled for GPU/0-471040 (rank 11) - NET/0-5 ( using PXN via GPU/0-602112, distance 4 <= 6, read 0, mode Default)
gpu-nodes-2:1004:1004 [3] NCCL INFO GPU Direct RDMA Enabled for GPU/0-536576 (rank 12) - NET/0-5 ( using PXN via GPU/0-602112, distance 4 <= 6, read 0, mode Default)
gpu-nodes-2:1004:1004 [3] NCCL INFO GPU Direct RDMA Enabled for GPU/0-602112 (rank 13) - NET/0-5 (distance 4 <= 6, read 0, mode Default)
gpu-nodes-2:1004:1004 [3] NCCL INFO GPU Direct RDMA Enabled for GPU/0-929792 (rank 14) - NET/0-5 ( using PXN via GPU/0-602112, distance 4 <= 6, read 0, mode Default)
gpu-nodes-2:1004:1004 [3] NCCL INFO GPU Direct RDMA Enabled for GPU/0-995328 (rank 15) - NET/0-5 ( using PXN via GPU/0-602112, distance 4 <= 6, read 0, mode Default)
gpu-nodes-2:1004:1004 [3] NCCL INFO GPU Direct RDMA Enabled for GPU/0-12288 (rank 8) - NET/0-12 ( using PXN via GPU/0-929792, distance 4 <= 6, read 0, mode Default)
gpu-nodes-2:1004:1004 [3] NCCL INFO GPU Direct RDMA Enabled for GPU/0-77824 (rank 9) - NET/0-12 ( using PXN via GPU/0-929792, distance 4 <= 6, read 0, mode Default)
gpu-nodes-2:1004:1004 [3] NCCL INFO GPU Direct RDMA Enabled for GPU/0-405504 (rank 10) - NET/0-12 ( using PXN via GPU/0-929792, distance 4 <= 6, read 0, mode Default)
gpu-nodes-2:1004:1004 [3] NCCL INFO GPU Direct RDMA Enabled for GPU/0-471040 (rank 11) - NET/0-12 ( using PXN via GPU/0-929792, distance 4 <= 6, read 0, mode Default)
gpu-nodes-2:1004:1004 [3] NCCL INFO GPU Direct RDMA Enabled for GPU/0-536576 (rank 12) - NET/0-12 ( using PXN via GPU/0-929792, distance 4 <= 6, read 0, mode Default)
gpu-nodes-2:1004:1004 [3] NCCL INFO GPU Direct RDMA Enabled for GPU/0-602112 (rank 13) - NET/0-12 ( using PXN via GPU/0-929792, distance 4 <= 6, read 0, mode Default)
gpu-nodes-2:1004:1004 [3] NCCL INFO GPU Direct RDMA Enabled for GPU/0-929792 (rank 14) - NET/0-12 (distance 4 <= 6, read 0, mode Default)
gpu-nodes-2:1004:1004 [3] NCCL INFO GPU Direct RDMA Enabled for GPU/0-995328 (rank 15) - NET/0-12 ( using PXN via GPU/0-929792, distance 4 <= 6, read 0, mode Default)
gpu-nodes-2:1004:1004 [3] NCCL INFO GPU Direct RDMA Enabled for GPU/0-12288 (rank 8) - NET/0-13 ( using PXN via GPU/0-995328, distance 4 <= 6, read 0, mode Default)
gpu-nodes-2:1004:1004 [3] NCCL INFO GPU Direct RDMA Enabled for GPU/0-77824 (rank 9) - NET/0-13 ( using PXN via GPU/0-995328, distance 4 <= 6, read 0, mode Default)
gpu-nodes-2:1004:1004 [3] NCCL INFO GPU Direct RDMA Enabled for GPU/0-405504 (rank 10) - NET/0-13 ( using PXN via GPU/0-995328, distance 4 <= 6, read 0, mode Default)
gpu-nodes-2:1004:1004 [3] NCCL INFO GPU Direct RDMA Enabled for GPU/0-471040 (rank 11) - NET/0-13 ( using PXN via GPU/0-995328, distance 4 <= 6, read 0, mode Default)
gpu-nodes-2:1004:1004 [3] NCCL INFO GPU Direct RDMA Enabled for GPU/0-536576 (rank 12) - NET/0-13 ( using PXN via GPU/0-995328, distance 4 <= 6, read 0, mode Default)
gpu-nodes-2:1004:1004 [3] NCCL INFO GPU Direct RDMA Enabled for GPU/0-602112 (rank 13) - NET/0-13 ( using PXN via GPU/0-995328, distance 4 <= 6, read 0, mode Default)
gpu-nodes-2:1004:1004 [3] NCCL INFO GPU Direct RDMA Enabled for GPU/0-929792 (rank 14) - NET/0-13 ( using PXN via GPU/0-995328, distance 4 <= 6, read 0, mode Default)
gpu-nodes-2:1004:1004 [3] NCCL INFO GPU Direct RDMA Enabled for GPU/0-995328 (rank 15) - NET/0-13 (distance 4 <= 6, read 0, mode Default)
gpu-nodes-2:1004:1004 [3] NCCL INFO GPU Direct RDMA Enabled for GPU/0-12288 (rank 8) - NET/0-0 (distance 4 <= 6, read 0, mode Default)
gpu-nodes-2:1004:1004 [3] NCCL INFO GPU Direct RDMA Enabled for GPU/0-77824 (rank 9) - NET/0-0 ( using PXN via GPU/0-12288, distance 4 <= 6, read 0, mode Default)
gpu-nodes-2:1004:1004 [3] NCCL INFO GPU Direct RDMA Enabled for GPU/0-405504 (rank 10) - NET/0-0 ( using PXN via GPU/0-12288, distance 4 <= 6, read 0, mode Default)
gpu-nodes-2:1004:1004 [3] NCCL INFO GPU Direct RDMA Enabled for GPU/0-471040 (rank 11) - NET/0-0 ( using PXN via GPU/0-12288, distance 4 <= 6, read 0, mode Default)
gpu-nodes-2:1004:1004 [3] NCCL INFO GPU Direct RDMA Enabled for GPU/0-536576 (rank 12) - NET/0-0 ( using PXN via GPU/0-12288, distance 4 <= 6, read 0, mode Default)
gpu-nodes-2:1004:1004 [3] NCCL INFO GPU Direct RDMA Enabled for GPU/0-602112 (rank 13) - NET/0-0 ( using PXN via GPU/0-12288, distance 4 <= 6, read 0, mode Default)
gpu-nodes-2:1004:1004 [3] NCCL INFO GPU Direct RDMA Enabled for GPU/0-929792 (rank 14) - NET/0-0 ( using PXN via GPU/0-12288, distance 4 <= 6, read 0, mode Default)
gpu-nodes-2:1004:1004 [3] NCCL INFO GPU Direct RDMA Enabled for GPU/0-995328 (rank 15) - NET/0-0 ( using PXN via GPU/0-12288, distance 4 <= 6, read 0, mode Default)
gpu-nodes-2:1004:1004 [3] NCCL INFO GPU Direct RDMA Enabled for GPU/0-12288 (rank 8) - NET/0-1 ( using PXN via GPU/0-77824, distance 4 <= 6, read 0, mode Default)
gpu-nodes-2:1004:1004 [3] NCCL INFO GPU Direct RDMA Enabled for GPU/0-77824 (rank 9) - NET/0-1 (distance 4 <= 6, read 0, mode Default)
gpu-nodes-2:1004:1004 [3] NCCL INFO GPU Direct RDMA Enabled for GPU/0-405504 (rank 10) - NET/0-1 ( using PXN via GPU/0-77824, distance 4 <= 6, read 0, mode Default)
gpu-nodes-2:1004:1004 [3] NCCL INFO GPU Direct RDMA Enabled for GPU/0-471040 (rank 11) - NET/0-1 ( using PXN via GPU/0-77824, distance 4 <= 6, read 0, mode Default)
gpu-nodes-2:1004:1004 [3] NCCL INFO GPU Direct RDMA Enabled for GPU/0-536576 (rank 12) - NET/0-1 ( using PXN via GPU/0-77824, distance 4 <= 6, read 0, mode Default)
gpu-nodes-2:1004:1004 [3] NCCL INFO GPU Direct RDMA Enabled for GPU/0-602112 (rank 13) - NET/0-1 ( using PXN via GPU/0-77824, distance 4 <= 6, read 0, mode Default)
gpu-nodes-2:1004:1004 [3] NCCL INFO GPU Direct RDMA Enabled for GPU/0-929792 (rank 14) - NET/0-1 ( using PXN via GPU/0-77824, distance 4 <= 6, read 0, mode Default)
gpu-nodes-2:1004:1004 [3] NCCL INFO GPU Direct RDMA Enabled for GPU/0-995328 (rank 15) - NET/0-1 ( using PXN via GPU/0-77824, distance 4 <= 6, read 0, mode Default)
gpu-nodes-2:1004:1004 [3] NCCL INFO GPU Direct RDMA Enabled for GPU/0-12288 (rank 8) - NET/0-2 ( using PXN via GPU/0-405504, distance 4 <= 6, read 0, mode Default)
gpu-nodes-2:1004:1004 [3] NCCL INFO GPU Direct RDMA Enabled for GPU/0-77824 (rank 9) - NET/0-2 ( using PXN via GPU/0-405504, distance 4 <= 6, read 0, mode Default)
gpu-nodes-2:1004:1004 [3] NCCL INFO GPU Direct RDMA Enabled for GPU/0-405504 (rank 10) - NET/0-2 (distance 4 <= 6, read 0, mode Default)
gpu-nodes-2:1004:1004 [3] NCCL INFO GPU Direct RDMA Enabled for GPU/0-471040 (rank 11) - NET/0-2 ( using PXN via GPU/0-405504, distance 4 <= 6, read 0, mode Default)
gpu-nodes-2:1004:1004 [3] NCCL INFO GPU Direct RDMA Enabled for GPU/0-536576 (rank 12) - NET/0-2 ( using PXN via GPU/0-405504, distance 4 <= 6, read 0, mode Default)
gpu-nodes-2:1004:1004 [3] NCCL INFO GPU Direct RDMA Enabled for GPU/0-602112 (rank 13) - NET/0-2 ( using PXN via GPU/0-405504, distance 4 <= 6, read 0, mode Default)
gpu-nodes-2:1004:1004 [3] NCCL INFO GPU Direct RDMA Enabled for GPU/0-929792 (rank 14) - NET/0-2 ( using PXN via GPU/0-405504, distance 4 <= 6, read 0, mode Default)
gpu-nodes-2:1004:1004 [3] NCCL INFO GPU Direct RDMA Enabled for GPU/0-995328 (rank 15) - NET/0-2 ( using PXN via GPU/0-405504, distance 4 <= 6, read 0, mode Default)
gpu-nodes-2:1004:1004 [3] NCCL INFO GPU Direct RDMA Enabled for GPU/0-12288 (rank 8) - NET/0-3 ( using PXN via GPU/0-471040, distance 4 <= 6, read 0, mode Default)
gpu-nodes-2:1004:1004 [3] NCCL INFO GPU Direct RDMA Enabled for GPU/0-77824 (rank 9) - NET/0-3 ( using PXN via GPU/0-471040, distance 4 <= 6, read 0, mode Default)
gpu-nodes-2:1004:1004 [3] NCCL INFO GPU Direct RDMA Enabled for GPU/0-405504 (rank 10) - NET/0-3 ( using PXN via GPU/0-471040, distance 4 <= 6, read 0, mode Default)
gpu-nodes-2:1004:1004 [3] NCCL INFO GPU Direct RDMA Enabled for GPU/0-471040 (rank 11) - NET/0-3 (distance 4 <= 6, read 0, mode Default)
gpu-nodes-2:1004:1004 [3] NCCL INFO GPU Direct RDMA Enabled for GPU/0-536576 (rank 12) - NET/0-3 ( using PXN via GPU/0-471040, distance 4 <= 6, read 0, mode Default)
gpu-nodes-2:1004:1004 [3] NCCL INFO GPU Direct RDMA Enabled for GPU/0-602112 (rank 13) - NET/0-3 ( using PXN via GPU/0-471040, distance 4 <= 6, read 0, mode Default)
gpu-nodes-2:1004:1004 [3] NCCL INFO GPU Direct RDMA Enabled for GPU/0-929792 (rank 14) - NET/0-3 ( using PXN via GPU/0-471040, distance 4 <= 6, read 0, mode Default)
gpu-nodes-2:1004:1004 [3] NCCL INFO GPU Direct RDMA Enabled for GPU/0-995328 (rank 15) - NET/0-3 ( using PXN via GPU/0-471040, distance 4 <= 6, read 0, mode Default)
gpu-nodes-2:1004:1004 [3] NCCL INFO GPU Direct RDMA Enabled for GPU/0-12288 (rank 8) - NET/0-4 ( using PXN via GPU/0-536576, distance 4 <= 6, read 0, mode Default)
gpu-nodes-2:1004:1004 [3] NCCL INFO GPU Direct RDMA Enabled for GPU/0-77824 (rank 9) - NET/0-4 ( using PXN via GPU/0-536576, distance 4 <= 6, read 0, mode Default)
gpu-nodes-2:1004:1004 [3] NCCL INFO GPU Direct RDMA Enabled for GPU/0-405504 (rank 10) - NET/0-4 ( using PXN via GPU/0-536576, distance 4 <= 6, read 0, mode Default)
gpu-nodes-2:1004:1004 [3] NCCL INFO GPU Direct RDMA Enabled for GPU/0-471040 (rank 11) - NET/0-4 ( using PXN via GPU/0-536576, distance 4 <= 6, read 0, mode Default)
gpu-nodes-2:1004:1004 [3] NCCL INFO GPU Direct RDMA Enabled for GPU/0-536576 (rank 12) - NET/0-4 (distance 4 <= 6, read 0, mode Default)
gpu-nodes-2:1004:1004 [3] NCCL INFO GPU Direct RDMA Enabled for GPU/0-602112 (rank 13) - NET/0-4 ( using PXN via GPU/0-536576, distance 4 <= 6, read 0, mode Default)
gpu-nodes-2:1004:1004 [3] NCCL INFO GPU Direct RDMA Enabled for GPU/0-929792 (rank 14) - NET/0-4 ( using PXN via GPU/0-536576, distance 4 <= 6, read 0, mode Default)
gpu-nodes-2:1004:1004 [3] NCCL INFO GPU Direct RDMA Enabled for GPU/0-995328 (rank 15) - NET/0-4 ( using PXN via GPU/0-536576, distance 4 <= 6, read 0, mode Default)
gpu-nodes-2:1004:1004 [3] NCCL INFO GPU Direct RDMA Enabled for GPU/0-12288 (rank 8) - NET/0-5 ( using PXN via GPU/0-602112, distance 4 <= 6, read 0, mode Default)
gpu-nodes-2:1004:1004 [3] NCCL INFO GPU Direct RDMA Enabled for GPU/0-77824 (rank 9) - NET/0-5 ( using PXN via GPU/0-602112, distance 4 <= 6, read 0, mode Default)
gpu-nodes-2:1004:1004 [3] NCCL INFO GPU Direct RDMA Enabled for GPU/0-405504 (rank 10) - NET/0-5 ( using PXN via GPU/0-602112, distance 4 <= 6, read 0, mode Default)
gpu-nodes-2:1004:1004 [3] NCCL INFO GPU Direct RDMA Enabled for GPU/0-471040 (rank 11) - NET/0-5 ( using PXN via GPU/0-602112, distance 4 <= 6, read 0, mode Default)
gpu-nodes-2:1004:1004 [3] NCCL INFO GPU Direct RDMA Enabled for GPU/0-536576 (rank 12) - NET/0-5 ( using PXN via GPU/0-602112, distance 4 <= 6, read 0, mode Default)
gpu-nodes-2:1004:1004 [3] NCCL INFO GPU Direct RDMA Enabled for GPU/0-602112 (rank 13) - NET/0-5 (distance 4 <= 6, read 0, mode Default)
gpu-nodes-2:1004:1004 [3] NCCL INFO GPU Direct RDMA Enabled for GPU/0-929792 (rank 14) - NET/0-5 ( using PXN via GPU/0-602112, distance 4 <= 6, read 0, mode Default)
gpu-nodes-2:1004:1004 [3] NCCL INFO GPU Direct RDMA Enabled for GPU/0-995328 (rank 15) - NET/0-5 ( using PXN via GPU/0-602112, distance 4 <= 6, read 0, mode Default)
gpu-nodes-2:1004:1004 [3] NCCL INFO GPU Direct RDMA Enabled for GPU/0-12288 (rank 8) - NET/0-12 ( using PXN via GPU/0-929792, distance 4 <= 6, read 0, mode Default)
gpu-nodes-2:1004:1004 [3] NCCL INFO GPU Direct RDMA Enabled for GPU/0-77824 (rank 9) - NET/0-12 ( using PXN via GPU/0-929792, distance 4 <= 6, read 0, mode Default)
gpu-nodes-2:1004:1004 [3] NCCL INFO GPU Direct RDMA Enabled for GPU/0-405504 (rank 10) - NET/0-12 ( using PXN via GPU/0-929792, distance 4 <= 6, read 0, mode Default)
gpu-nodes-2:1004:1004 [3] NCCL INFO GPU Direct RDMA Enabled for GPU/0-471040 (rank 11) - NET/0-12 ( using PXN via GPU/0-929792, distance 4 <= 6, read 0, mode Default)
gpu-nodes-2:1004:1004 [3] NCCL INFO GPU Direct RDMA Enabled for GPU/0-536576 (rank 12) - NET/0-12 ( using PXN via GPU/0-929792, distance 4 <= 6, read 0, mode Default)
gpu-nodes-2:1004:1004 [3] NCCL INFO GPU Direct RDMA Enabled for GPU/0-602112 (rank 13) - NET/0-12 ( using PXN via GPU/0-929792, distance 4 <= 6, read 0, mode Default)
gpu-nodes-2:1004:1004 [3] NCCL INFO GPU Direct RDMA Enabled for GPU/0-929792 (rank 14) - NET/0-12 (distance 4 <= 6, read 0, mode Default)
gpu-nodes-2:1004:1004 [3] NCCL INFO GPU Direct RDMA Enabled for GPU/0-995328 (rank 15) - NET/0-12 ( using PXN via GPU/0-929792, distance 4 <= 6, read 0, mode Default)
gpu-nodes-2:1004:1004 [3] NCCL INFO GPU Direct RDMA Enabled for GPU/0-12288 (rank 8) - NET/0-13 ( using PXN via GPU/0-995328, distance 4 <= 6, read 0, mode Default)
gpu-nodes-2:1004:1004 [3] NCCL INFO GPU Direct RDMA Enabled for GPU/0-77824 (rank 9) - NET/0-13 ( using PXN via GPU/0-995328, distance 4 <= 6, read 0, mode Default)
gpu-nodes-2:1004:1004 [3] NCCL INFO GPU Direct RDMA Enabled for GPU/0-405504 (rank 10) - NET/0-13 ( using PXN via GPU/0-995328, distance 4 <= 6, read 0, mode Default)
gpu-nodes-2:1004:1004 [3] NCCL INFO GPU Direct RDMA Enabled for GPU/0-471040 (rank 11) - NET/0-13 ( using PXN via GPU/0-995328, distance 4 <= 6, read 0, mode Default)
gpu-nodes-2:1004:1004 [3] NCCL INFO GPU Direct RDMA Enabled for GPU/0-536576 (rank 12) - NET/0-13 ( using PXN via GPU/0-995328, distance 4 <= 6, read 0, mode Default)
gpu-nodes-2:1004:1004 [3] NCCL INFO GPU Direct RDMA Enabled for GPU/0-602112 (rank 13) - NET/0-13 ( using PXN via GPU/0-995328, distance 4 <= 6, read 0, mode Default)
gpu-nodes-2:1004:1004 [3] NCCL INFO GPU Direct RDMA Enabled for GPU/0-929792 (rank 14) - NET/0-13 ( using PXN via GPU/0-995328, distance 4 <= 6, read 0, mode Default)
gpu-nodes-2:1004:1004 [3] NCCL INFO GPU Direct RDMA Enabled for GPU/0-995328 (rank 15) - NET/0-13 (distance 4 <= 6, read 0, mode Default)
gpu-nodes-2:1004:1004 [3] NCCL INFO === System : maxBw 48.0 totalBw 721.8 ===
gpu-nodes-2:1004:1004 [3] NCCL INFO CPU/0-0 (1/2/-1)
gpu-nodes-2:1004:1004 [3] NCCL INFO + PCI[48.0] - PCI/0-1000 (1000c03015d91d72)
gpu-nodes-2:1004:1004 [3] NCCL INFO               + PCI[48.0] - GPU/0-3000 (8)
gpu-nodes-2:1004:1004 [3] NCCL INFO                             + NVL[721.8] - NVS/0-0
gpu-nodes-2:1004:1004 [3] NCCL INFO               + PCI[48.0] - NIC/0-4000
gpu-nodes-2:1004:1004 [3] NCCL INFO                             + NET[50.0] - NET/0-0 (0/bc3dca0003e60050/1/50.000000)
gpu-nodes-2:1004:1004 [3] NCCL INFO                             + NET[50.0] - GIN/0-0
gpu-nodes-2:1004:1004 [3] NCCL INFO + PCI[48.0] - PCI/0-11000 (1000c03015d91d72)
gpu-nodes-2:1004:1004 [3] NCCL INFO               + PCI[48.0] - NIC/0-14000
gpu-nodes-2:1004:1004 [3] NCCL INFO                             + NET[50.0] - NET/0-1 (0/2c3eca0003e60050/1/50.000000)
gpu-nodes-2:1004:1004 [3] NCCL INFO                             + NET[50.0] - GIN/0-1
gpu-nodes-2:1004:1004 [3] NCCL INFO               + PCI[48.0] - GPU/0-13000 (9)
gpu-nodes-2:1004:1004 [3] NCCL INFO                             + NVL[721.8] - NVS/0-0
gpu-nodes-2:1004:1004 [3] NCCL INFO + PCI[48.0] - PCI/0-61000 (1000c03015d91d72)
gpu-nodes-2:1004:1004 [3] NCCL INFO               + PCI[48.0] - NIC/0-64000
gpu-nodes-2:1004:1004 [3] NCCL INFO                             + NET[50.0] - NET/0-2 (0/1c3eca0003e60050/1/50.000000)
gpu-nodes-2:1004:1004 [3] NCCL INFO                             + NET[50.0] - GIN/0-2
gpu-nodes-2:1004:1004 [3] NCCL INFO               + PCI[48.0] - GPU/0-63000 (10)
gpu-nodes-2:1004:1004 [3] NCCL INFO                             + NVL[721.8] - NVS/0-0
gpu-nodes-2:1004:1004 [3] NCCL INFO + PCI[48.0] - PCI/0-71000 (1000c03015d91d72)
gpu-nodes-2:1004:1004 [3] NCCL INFO               + PCI[48.0] - NIC/0-74000
gpu-nodes-2:1004:1004 [3] NCCL INFO                             + NET[50.0] - NET/0-3 (0/dc3dca0003e60050/1/50.000000)
gpu-nodes-2:1004:1004 [3] NCCL INFO                             + NET[50.0] - GIN/0-3
gpu-nodes-2:1004:1004 [3] NCCL INFO               + PCI[48.0] - GPU/0-73000 (11)
gpu-nodes-2:1004:1004 [3] NCCL INFO                             + NVL[721.8] - NVS/0-0
gpu-nodes-2:1004:1004 [3] NCCL INFO + SYS[16.0] - CPU/0-1
gpu-nodes-2:1004:1004 [3] NCCL INFO CPU/0-1 (1/2/-1)
gpu-nodes-2:1004:1004 [3] NCCL INFO + PCI[48.0] - PCI/0-81000 (1000c03015d91d72)
gpu-nodes-2:1004:1004 [3] NCCL INFO               + PCI[48.0] - NIC/0-84000
gpu-nodes-2:1004:1004 [3] NCCL INFO                             + NET[50.0] - NET/0-4 (0/1c9fca0003e60050/1/50.000000)
gpu-nodes-2:1004:1004 [3] NCCL INFO                             + NET[50.0] - GIN/0-4
gpu-nodes-2:1004:1004 [3] NCCL INFO               + PCI[48.0] - GPU/0-83000 (12)
gpu-nodes-2:1004:1004 [3] NCCL INFO                             + NVL[721.8] - NVS/0-0
gpu-nodes-2:1004:1004 [3] NCCL INFO + PCI[48.0] - PCI/0-91000 (1000c03015d91d72)
gpu-nodes-2:1004:1004 [3] NCCL INFO               + PCI[48.0] - NIC/0-94000
gpu-nodes-2:1004:1004 [3] NCCL INFO                             + NET[50.0] - NET/0-5 (0/ac9eca0003e60050/1/50.000000)
gpu-nodes-2:1004:1004 [3] NCCL INFO                             + NET[50.0] - GIN/0-5
gpu-nodes-2:1004:1004 [3] NCCL INFO               + PCI[48.0] - GPU/0-93000 (13)
gpu-nodes-2:1004:1004 [3] NCCL INFO                             + NVL[721.8] - NVS/0-0
gpu-nodes-2:1004:1004 [3] NCCL INFO + PCI[48.0] - NIC/0-c1000
gpu-nodes-2:1004:1004 [3] NCCL INFO               + NET[50.0] - NET/0-e (0/43cb90003bd70c4/1/50.000000)
gpu-nodes-2:1004:1004 [3] NCCL INFO               + NET[25.0] - NET/0-6 (0/43cb90003bd70c4/1/25.000000)
gpu-nodes-2:1004:1004 [3] NCCL INFO               + NET[25.0] - GIN/0-6
gpu-nodes-2:1004:1004 [3] NCCL INFO               + NET[25.0] - NET/0-7 (0/43cb90003bd70c4/2/25.000000)
gpu-nodes-2:1004:1004 [3] NCCL INFO               + NET[25.0] - GIN/0-7
gpu-nodes-2:1004:1004 [3] NCCL INFO + PCI[48.0] - PCI/0-e1000 (1000c03015d91d72)
gpu-nodes-2:1004:1004 [3] NCCL INFO               + PCI[48.0] - NIC/0-e4000
gpu-nodes-2:1004:1004 [3] NCCL INFO                             + NET[50.0] - NET/0-c (0/149bca0003e60050/1/50.000000)
gpu-nodes-2:1004:1004 [3] NCCL INFO                             + NET[50.0] - GIN/0-c
gpu-nodes-2:1004:1004 [3] NCCL INFO               + PCI[48.0] - GPU/0-e3000 (14)
gpu-nodes-2:1004:1004 [3] NCCL INFO                             + NVL[721.8] - NVS/0-0
gpu-nodes-2:1004:1004 [3] NCCL INFO + PCI[48.0] - PCI/0-f1000 (1000c03015d91d72)
gpu-nodes-2:1004:1004 [3] NCCL INFO               + PCI[48.0] - NIC/0-f4000
gpu-nodes-2:1004:1004 [3] NCCL INFO                             + NET[50.0] - NET/0-d (0/fc9aca0003e60050/1/50.000000)
gpu-nodes-2:1004:1004 [3] NCCL INFO                             + NET[50.0] - GIN/0-d
gpu-nodes-2:1004:1004 [3] NCCL INFO               + PCI[48.0] - GPU/0-f3000 (15)
gpu-nodes-2:1004:1004 [3] NCCL INFO                             + NVL[721.8] - NVS/0-0
gpu-nodes-2:1004:1004 [3] NCCL INFO + SYS[16.0] - CPU/0-0
gpu-nodes-2:1004:1004 [3] NCCL INFO + PCI[1.5] - NIC/0-d2000
gpu-nodes-2:1004:1004 [3] NCCL INFO              + NET[50.0] - NET/0-f (0/62541b0003098c7c/1/50.000000)
gpu-nodes-2:1004:1004 [3] NCCL INFO              + NET[12.5] - NET/0-8 (0/62541b0003098c7c/1/12.500000)
gpu-nodes-2:1004:1004 [3] NCCL INFO              + NET[12.5] - GIN/0-8
gpu-nodes-2:1004:1004 [3] NCCL INFO              + NET[12.5] - NET/0-9 (0/62541b0003098c7c/2/12.500000)
gpu-nodes-2:1004:1004 [3] NCCL INFO              + NET[12.5] - GIN/0-9
gpu-nodes-2:1004:1004 [3] NCCL INFO              + NET[12.5] - NET/0-a (0/62541b0003098c7c/3/12.500000)
gpu-nodes-2:1004:1004 [3] NCCL INFO              + NET[12.5] - GIN/0-a
gpu-nodes-2:1004:1004 [3] NCCL INFO              + NET[12.5] - NET/0-b (0/62541b0003098c7c/4/12.500000)
gpu-nodes-2:1004:1004 [3] NCCL INFO              + NET[12.5] - GIN/0-b
gpu-nodes-2:1004:1004 [3] NCCL INFO ==========================================
gpu-nodes-2:1004:1004 [3] NCCL INFO GPU/0-3000 :GPU/0-3000 (0/5000.0/LOC) GPU/0-13000 (2/721.8/NVL) GPU/0-63000 (2/721.8/NVL) GPU/0-73000 (2/721.8/NVL) GPU/0-83000 (2/721.8/NVL) GPU/0-93000 (2/721.8/NVL) GPU/0-e3000 (2/721.8/NVL) GPU/0-f3000 (2/721.8/NVL) NVS/0-0 (1/721.8/NVL) CPU/0-0 (2/48.0/PHB) CPU/0-1 (3/16.0/SYS) NET/0-0 (3/48.0/PIX) NET/0-1 (5/48.0/PXN) NET/0-2 (5/48.0/PXN) NET/0-3 (5/48.0/PXN) NET/0-4 (5/48.0/PXN) NET/0-5 (5/48.0/PXN) NET/0-6 (5/16.0/SYS) NET/0-7 (5/16.0/SYS) NET/0-e (5/16.0/SYS) NET/0-8 (5/1.5/SYS) NET/0-9 (5/1.5/SYS) NET/0-a (5/1.5/SYS) NET/0-b (5/1.5/SYS) NET/0-f (5/1.5/SYS) NET/0-c (5/48.0/PXN) NET/0-d (5/48.0/PXN) GIN/0-0 (3/48.0/PIX) GIN/0-1 (5/48.0/PHB) GIN/0-2 (5/48.0/PHB) GIN/0-3 (5/48.0/PHB) GIN/0-4 (6/16.0/SYS) GIN/0-5 (6/16.0/SYS) GIN/0-6 (5/16.0/SYS) GIN/0-7 (5/16.0/SYS) GIN/0-8 (5/1.5/SYS) GIN/0-9 (5/1.5/SYS) GIN/0-a (5/1.5/SYS) GIN/0-b (5/1.5/SYS) GIN/0-c (6/16.0/SYS) GIN/0-d (6/16.0/SYS) 
gpu-nodes-2:1004:1004 [3] NCCL INFO GPU/0-13000 :GPU/0-3000 (2/721.8/NVL) GPU/0-13000 (0/5000.0/LOC) GPU/0-63000 (2/721.8/NVL) GPU/0-73000 (2/721.8/NVL) GPU/0-83000 (2/721.8/NVL) GPU/0-93000 (2/721.8/NVL) GPU/0-e3000 (2/721.8/NVL) GPU/0-f3000 (2/721.8/NVL) NVS/0-0 (1/721.8/NVL) CPU/0-0 (2/48.0/PHB) CPU/0-1 (3/16.0/SYS) NET/0-0 (5/48.0/PXN) NET/0-1 (3/48.0/PIX) NET/0-2 (5/48.0/PXN) NET/0-3 (5/48.0/PXN) NET/0-4 (5/48.0/PXN) NET/0-5 (5/48.0/PXN) NET/0-6 (5/16.0/SYS) NET/0-7 (5/16.0/SYS) NET/0-e (5/16.0/SYS) NET/0-8 (5/1.5/SYS) NET/0-9 (5/1.5/SYS) NET/0-a (5/1.5/SYS) NET/0-b (5/1.5/SYS) NET/0-f (5/1.5/SYS) NET/0-c (5/48.0/PXN) NET/0-d (5/48.0/PXN) GIN/0-0 (5/48.0/PHB) GIN/0-1 (3/48.0/PIX) GIN/0-2 (5/48.0/PHB) GIN/0-3 (5/48.0/PHB) GIN/0-4 (6/16.0/SYS) GIN/0-5 (6/16.0/SYS) GIN/0-6 (5/16.0/SYS) GIN/0-7 (5/16.0/SYS) GIN/0-8 (5/1.5/SYS) GIN/0-9 (5/1.5/SYS) GIN/0-a (5/1.5/SYS) GIN/0-b (5/1.5/SYS) GIN/0-c (6/16.0/SYS) GIN/0-d (6/16.0/SYS) 
gpu-nodes-2:1004:1004 [3] NCCL INFO GPU/0-63000 :GPU/0-3000 (2/721.8/NVL) GPU/0-13000 (2/721.8/NVL) GPU/0-63000 (0/5000.0/LOC) GPU/0-73000 (2/721.8/NVL) GPU/0-83000 (2/721.8/NVL) GPU/0-93000 (2/721.8/NVL) GPU/0-e3000 (2/721.8/NVL) GPU/0-f3000 (2/721.8/NVL) NVS/0-0 (1/721.8/NVL) CPU/0-0 (2/48.0/PHB) CPU/0-1 (3/16.0/SYS) NET/0-0 (5/48.0/PXN) NET/0-1 (5/48.0/PXN) NET/0-2 (3/48.0/PIX) NET/0-3 (5/48.0/PXN) NET/0-4 (5/48.0/PXN) NET/0-5 (5/48.0/PXN) NET/0-6 (5/16.0/SYS) NET/0-7 (5/16.0/SYS) NET/0-e (5/16.0/SYS) NET/0-8 (5/1.5/SYS) NET/0-9 (5/1.5/SYS) NET/0-a (5/1.5/SYS) NET/0-b (5/1.5/SYS) NET/0-f (5/1.5/SYS) NET/0-c (5/48.0/PXN) NET/0-d (5/48.0/PXN) GIN/0-0 (5/48.0/PHB) GIN/0-1 (5/48.0/PHB) GIN/0-2 (3/48.0/PIX) GIN/0-3 (5/48.0/PHB) GIN/0-4 (6/16.0/SYS) GIN/0-5 (6/16.0/SYS) GIN/0-6 (5/16.0/SYS) GIN/0-7 (5/16.0/SYS) GIN/0-8 (5/1.5/SYS) GIN/0-9 (5/1.5/SYS) GIN/0-a (5/1.5/SYS) GIN/0-b (5/1.5/SYS) GIN/0-c (6/16.0/SYS) GIN/0-d (6/16.0/SYS) 
gpu-nodes-2:1004:1004 [3] NCCL INFO GPU/0-73000 :GPU/0-3000 (2/721.8/NVL) GPU/0-13000 (2/721.8/NVL) GPU/0-63000 (2/721.8/NVL) GPU/0-73000 (0/5000.0/LOC) GPU/0-83000 (2/721.8/NVL) GPU/0-93000 (2/721.8/NVL) GPU/0-e3000 (2/721.8/NVL) GPU/0-f3000 (2/721.8/NVL) NVS/0-0 (1/721.8/NVL) CPU/0-0 (2/48.0/PHB) CPU/0-1 (3/16.0/SYS) NET/0-0 (5/48.0/PXN) NET/0-1 (5/48.0/PXN) NET/0-2 (5/48.0/PXN) NET/0-3 (3/48.0/PIX) NET/0-4 (5/48.0/PXN) NET/0-5 (5/48.0/PXN) NET/0-6 (5/16.0/SYS) NET/0-7 (5/16.0/SYS) NET/0-e (5/16.0/SYS) NET/0-8 (5/1.5/SYS) NET/0-9 (5/1.5/SYS) NET/0-a (5/1.5/SYS) NET/0-b (5/1.5/SYS) NET/0-f (5/1.5/SYS) NET/0-c (5/48.0/PXN) NET/0-d (5/48.0/PXN) GIN/0-0 (5/48.0/PHB) GIN/0-1 (5/48.0/PHB) GIN/0-2 (5/48.0/PHB) GIN/0-3 (3/48.0/PIX) GIN/0-4 (6/16.0/SYS) GIN/0-5 (6/16.0/SYS) GIN/0-6 (5/16.0/SYS) GIN/0-7 (5/16.0/SYS) GIN/0-8 (5/1.5/SYS) GIN/0-9 (5/1.5/SYS) GIN/0-a (5/1.5/SYS) GIN/0-b (5/1.5/SYS) GIN/0-c (6/16.0/SYS) GIN/0-d (6/16.0/SYS) 
gpu-nodes-2:1004:1004 [3] NCCL INFO GPU/0-83000 :GPU/0-3000 (2/721.8/NVL) GPU/0-13000 (2/721.8/NVL) GPU/0-63000 (2/721.8/NVL) GPU/0-73000 (2/721.8/NVL) GPU/0-83000 (0/5000.0/LOC) GPU/0-93000 (2/721.8/NVL) GPU/0-e3000 (2/721.8/NVL) GPU/0-f3000 (2/721.8/NVL) NVS/0-0 (1/721.8/NVL) CPU/0-0 (3/16.0/SYS) CPU/0-1 (2/48.0/PHB) NET/0-0 (5/48.0/PXN) NET/0-1 (5/48.0/PXN) NET/0-2 (5/48.0/PXN) NET/0-3 (5/48.0/PXN) NET/0-4 (3/48.0/PIX) NET/0-5 (5/48.0/PXN) NET/0-6 (4/25.0/PHB) NET/0-7 (4/25.0/PHB) NET/0-e (4/48.0/PHB) NET/0-8 (4/1.5/PHB) NET/0-9 (4/1.5/PHB) NET/0-a (4/1.5/PHB) NET/0-b (4/1.5/PHB) NET/0-f (4/1.5/PHB) NET/0-c (5/48.0/PXN) NET/0-d (5/48.0/PXN) GIN/0-0 (6/16.0/SYS) GIN/0-1 (6/16.0/SYS) GIN/0-2 (6/16.0/SYS) GIN/0-3 (6/16.0/SYS) GIN/0-4 (3/48.0/PIX) GIN/0-5 (5/48.0/PHB) GIN/0-6 (4/25.0/PHB) GIN/0-7 (4/25.0/PHB) GIN/0-8 (4/1.5/PHB) GIN/0-9 (4/1.5/PHB) GIN/0-a (4/1.5/PHB) GIN/0-b (4/1.5/PHB) GIN/0-c (5/48.0/PHB) GIN/0-d (5/48.0/PHB) 
gpu-nodes-2:1004:1004 [3] NCCL INFO GPU/0-93000 :GPU/0-3000 (2/721.8/NVL) GPU/0-13000 (2/721.8/NVL) GPU/0-63000 (2/721.8/NVL) GPU/0-73000 (2/721.8/NVL) GPU/0-83000 (2/721.8/NVL) GPU/0-93000 (0/5000.0/LOC) GPU/0-e3000 (2/721.8/NVL) GPU/0-f3000 (2/721.8/NVL) NVS/0-0 (1/721.8/NVL) CPU/0-0 (3/16.0/SYS) CPU/0-1 (2/48.0/PHB) NET/0-0 (5/48.0/PXN) NET/0-1 (5/48.0/PXN) NET/0-2 (5/48.0/PXN) NET/0-3 (5/48.0/PXN) NET/0-4 (5/48.0/PXN) NET/0-5 (3/48.0/PIX) NET/0-6 (4/25.0/PHB) NET/0-7 (4/25.0/PHB) NET/0-e (4/48.0/PHB) NET/0-8 (4/1.5/PHB) NET/0-9 (4/1.5/PHB) NET/0-a (4/1.5/PHB) NET/0-b (4/1.5/PHB) NET/0-f (4/1.5/PHB) NET/0-c (5/48.0/PXN) NET/0-d (5/48.0/PXN) GIN/0-0 (6/16.0/SYS) GIN/0-1 (6/16.0/SYS) GIN/0-2 (6/16.0/SYS) GIN/0-3 (6/16.0/SYS) GIN/0-4 (5/48.0/PHB) GIN/0-5 (3/48.0/PIX) GIN/0-6 (4/25.0/PHB) GIN/0-7 (4/25.0/PHB) GIN/0-8 (4/1.5/PHB) GIN/0-9 (4/1.5/PHB) GIN/0-a (4/1.5/PHB) GIN/0-b (4/1.5/PHB) GIN/0-c (5/48.0/PHB) GIN/0-d (5/48.0/PHB) 
gpu-nodes-2:1004:1004 [3] NCCL INFO GPU/0-e3000 :GPU/0-3000 (2/721.8/NVL) GPU/0-13000 (2/721.8/NVL) GPU/0-63000 (2/721.8/NVL) GPU/0-73000 (2/721.8/NVL) GPU/0-83000 (2/721.8/NVL) GPU/0-93000 (2/721.8/NVL) GPU/0-e3000 (0/5000.0/LOC) GPU/0-f3000 (2/721.8/NVL) NVS/0-0 (1/721.8/NVL) CPU/0-0 (3/16.0/SYS) CPU/0-1 (2/48.0/PHB) NET/0-0 (5/48.0/PXN) NET/0-1 (5/48.0/PXN) NET/0-2 (5/48.0/PXN) NET/0-3 (5/48.0/PXN) NET/0-4 (5/48.0/PXN) NET/0-5 (5/48.0/PXN) NET/0-6 (4/25.0/PHB) NET/0-7 (4/25.0/PHB) NET/0-e (4/48.0/PHB) NET/0-8 (4/1.5/PHB) NET/0-9 (4/1.5/PHB) NET/0-a (4/1.5/PHB) NET/0-b (4/1.5/PHB) NET/0-f (4/1.5/PHB) NET/0-c (3/48.0/PIX) NET/0-d (5/48.0/PXN) GIN/0-0 (6/16.0/SYS) GIN/0-1 (6/16.0/SYS) GIN/0-2 (6/16.0/SYS) GIN/0-3 (6/16.0/SYS) GIN/0-4 (5/48.0/PHB) GIN/0-5 (5/48.0/PHB) GIN/0-6 (4/25.0/PHB) GIN/0-7 (4/25.0/PHB) GIN/0-8 (4/1.5/PHB) GIN/0-9 (4/1.5/PHB) GIN/0-a (4/1.5/PHB) GIN/0-b (4/1.5/PHB) GIN/0-c (3/48.0/PIX) GIN/0-d (5/48.0/PHB) 
gpu-nodes-2:1004:1004 [3] NCCL INFO GPU/0-f3000 :GPU/0-3000 (2/721.8/NVL) GPU/0-13000 (2/721.8/NVL) GPU/0-63000 (2/721.8/NVL) GPU/0-73000 (2/721.8/NVL) GPU/0-83000 (2/721.8/NVL) GPU/0-93000 (2/721.8/NVL) GPU/0-e3000 (2/721.8/NVL) GPU/0-f3000 (0/5000.0/LOC) NVS/0-0 (1/721.8/NVL) CPU/0-0 (3/16.0/SYS) CPU/0-1 (2/48.0/PHB) NET/0-0 (5/48.0/PXN) NET/0-1 (5/48.0/PXN) NET/0-2 (5/48.0/PXN) NET/0-3 (5/48.0/PXN) NET/0-4 (5/48.0/PXN) NET/0-5 (5/48.0/PXN) NET/0-6 (4/25.0/PHB) NET/0-7 (4/25.0/PHB) NET/0-e (4/48.0/PHB) NET/0-8 (4/1.5/PHB) NET/0-9 (4/1.5/PHB) NET/0-a (4/1.5/PHB) NET/0-b (4/1.5/PHB) NET/0-f (4/1.5/PHB) NET/0-c (5/48.0/PXN) NET/0-d (3/48.0/PIX) GIN/0-0 (6/16.0/SYS) GIN/0-1 (6/16.0/SYS) GIN/0-2 (6/16.0/SYS) GIN/0-3 (6/16.0/SYS) GIN/0-4 (5/48.0/PHB) GIN/0-5 (5/48.0/PHB) GIN/0-6 (4/25.0/PHB) GIN/0-7 (4/25.0/PHB) GIN/0-8 (4/1.5/PHB) GIN/0-9 (4/1.5/PHB) GIN/0-a (4/1.5/PHB) GIN/0-b (4/1.5/PHB) GIN/0-c (5/48.0/PHB) GIN/0-d (3/48.0/PIX) 
gpu-nodes-2:1004:1004 [3] NCCL INFO NET/0-0 :GPU/0-3000 (3/48.0/PIX) GPU/0-13000 (5/48.0/PHB) GPU/0-63000 (5/48.0/PHB) GPU/0-73000 (5/48.0/PHB) GPU/0-83000 (6/16.0/SYS) GPU/0-93000 (6/16.0/SYS) GPU/0-e3000 (6/16.0/SYS) GPU/0-f3000 (6/16.0/SYS) CPU/0-0 (3/48.0/PHB) CPU/0-1 (4/16.0/SYS) NET/0-0 (0/5000.0/LOC) NET/0-1 (6/48.0/PHB) NET/0-2 (6/48.0/PHB) NET/0-3 (6/48.0/PHB) NET/0-4 (7/16.0/SYS) NET/0-5 (7/16.0/SYS) NET/0-6 (6/16.0/SYS) NET/0-7 (6/16.0/SYS) NET/0-e (6/16.0/SYS) NET/0-8 (6/1.5/SYS) NET/0-9 (6/1.5/SYS) NET/0-a (6/1.5/SYS) NET/0-b (6/1.5/SYS) NET/0-f (6/1.5/SYS) NET/0-c (7/16.0/SYS) NET/0-d (7/16.0/SYS) GIN/0-0 (2/50.0/LOC) GIN/0-1 (6/48.0/PHB) GIN/0-2 (6/48.0/PHB) GIN/0-3 (6/48.0/PHB) GIN/0-4 (7/16.0/SYS) GIN/0-5 (7/16.0/SYS) GIN/0-6 (6/16.0/SYS) GIN/0-7 (6/16.0/SYS) GIN/0-8 (6/1.5/SYS) GIN/0-9 (6/1.5/SYS) GIN/0-a (6/1.5/SYS) GIN/0-b (6/1.5/SYS) GIN/0-c (7/16.0/SYS) GIN/0-d (7/16.0/SYS) 
gpu-nodes-2:1004:1004 [3] NCCL INFO NET/0-1 :GPU/0-3000 (5/48.0/PHB) GPU/0-13000 (3/48.0/PIX) GPU/0-63000 (5/48.0/PHB) GPU/0-73000 (5/48.0/PHB) GPU/0-83000 (6/16.0/SYS) GPU/0-93000 (6/16.0/SYS) GPU/0-e3000 (6/16.0/SYS) GPU/0-f3000 (6/16.0/SYS) CPU/0-0 (3/48.0/PHB) CPU/0-1 (4/16.0/SYS) NET/0-0 (6/48.0/PHB) NET/0-1 (0/5000.0/LOC) NET/0-2 (6/48.0/PHB) NET/0-3 (6/48.0/PHB) NET/0-4 (7/16.0/SYS) NET/0-5 (7/16.0/SYS) NET/0-6 (6/16.0/SYS) NET/0-7 (6/16.0/SYS) NET/0-e (6/16.0/SYS) NET/0-8 (6/1.5/SYS) NET/0-9 (6/1.5/SYS) NET/0-a (6/1.5/SYS) NET/0-b (6/1.5/SYS) NET/0-f (6/1.5/SYS) NET/0-c (7/16.0/SYS) NET/0-d (7/16.0/SYS) GIN/0-0 (6/48.0/PHB) GIN/0-1 (2/50.0/LOC) GIN/0-2 (6/48.0/PHB) GIN/0-3 (6/48.0/PHB) GIN/0-4 (7/16.0/SYS) GIN/0-5 (7/16.0/SYS) GIN/0-6 (6/16.0/SYS) GIN/0-7 (6/16.0/SYS) GIN/0-8 (6/1.5/SYS) GIN/0-9 (6/1.5/SYS) GIN/0-a (6/1.5/SYS) GIN/0-b (6/1.5/SYS) GIN/0-c (7/16.0/SYS) GIN/0-d (7/16.0/SYS) 
gpu-nodes-2:1004:1004 [3] NCCL INFO NET/0-2 :GPU/0-3000 (5/48.0/PHB) GPU/0-13000 (5/48.0/PHB) GPU/0-63000 (3/48.0/PIX) GPU/0-73000 (5/48.0/PHB) GPU/0-83000 (6/16.0/SYS) GPU/0-93000 (6/16.0/SYS) GPU/0-e3000 (6/16.0/SYS) GPU/0-f3000 (6/16.0/SYS) CPU/0-0 (3/48.0/PHB) CPU/0-1 (4/16.0/SYS) NET/0-0 (6/48.0/PHB) NET/0-1 (6/48.0/PHB) NET/0-2 (0/5000.0/LOC) NET/0-3 (6/48.0/PHB) NET/0-4 (7/16.0/SYS) NET/0-5 (7/16.0/SYS) NET/0-6 (6/16.0/SYS) NET/0-7 (6/16.0/SYS) NET/0-e (6/16.0/SYS) NET/0-8 (6/1.5/SYS) NET/0-9 (6/1.5/SYS) NET/0-a (6/1.5/SYS) NET/0-b (6/1.5/SYS) NET/0-f (6/1.5/SYS) NET/0-c (7/16.0/SYS) NET/0-d (7/16.0/SYS) GIN/0-0 (6/48.0/PHB) GIN/0-1 (6/48.0/PHB) GIN/0-2 (2/50.0/LOC) GIN/0-3 (6/48.0/PHB) GIN/0-4 (7/16.0/SYS) GIN/0-5 (7/16.0/SYS) GIN/0-6 (6/16.0/SYS) GIN/0-7 (6/16.0/SYS) GIN/0-8 (6/1.5/SYS) GIN/0-9 (6/1.5/SYS) GIN/0-a (6/1.5/SYS) GIN/0-b (6/1.5/SYS) GIN/0-c (7/16.0/SYS) GIN/0-d (7/16.0/SYS) 
gpu-nodes-2:1004:1004 [3] NCCL INFO NET/0-3 :GPU/0-3000 (5/48.0/PHB) GPU/0-13000 (5/48.0/PHB) GPU/0-63000 (5/48.0/PHB) GPU/0-73000 (3/48.0/PIX) GPU/0-83000 (6/16.0/SYS) GPU/0-93000 (6/16.0/SYS) GPU/0-e3000 (6/16.0/SYS) GPU/0-f3000 (6/16.0/SYS) CPU/0-0 (3/48.0/PHB) CPU/0-1 (4/16.0/SYS) NET/0-0 (6/48.0/PHB) NET/0-1 (6/48.0/PHB) NET/0-2 (6/48.0/PHB) NET/0-3 (0/5000.0/LOC) NET/0-4 (7/16.0/SYS) NET/0-5 (7/16.0/SYS) NET/0-6 (6/16.0/SYS) NET/0-7 (6/16.0/SYS) NET/0-e (6/16.0/SYS) NET/0-8 (6/1.5/SYS) NET/0-9 (6/1.5/SYS) NET/0-a (6/1.5/SYS) NET/0-b (6/1.5/SYS) NET/0-f (6/1.5/SYS) NET/0-c (7/16.0/SYS) NET/0-d (7/16.0/SYS) GIN/0-0 (6/48.0/PHB) GIN/0-1 (6/48.0/PHB) GIN/0-2 (6/48.0/PHB) GIN/0-3 (2/50.0/LOC) GIN/0-4 (7/16.0/SYS) GIN/0-5 (7/16.0/SYS) GIN/0-6 (6/16.0/SYS) GIN/0-7 (6/16.0/SYS) GIN/0-8 (6/1.5/SYS) GIN/0-9 (6/1.5/SYS) GIN/0-a (6/1.5/SYS) GIN/0-b (6/1.5/SYS) GIN/0-c (7/16.0/SYS) GIN/0-d (7/16.0/SYS) 
gpu-nodes-2:1004:1004 [3] NCCL INFO NET/0-4 :GPU/0-3000 (6/16.0/SYS) GPU/0-13000 (6/16.0/SYS) GPU/0-63000 (6/16.0/SYS) GPU/0-73000 (6/16.0/SYS) GPU/0-83000 (3/48.0/PIX) GPU/0-93000 (5/48.0/PHB) GPU/0-e3000 (5/48.0/PHB) GPU/0-f3000 (5/48.0/PHB) CPU/0-0 (4/16.0/SYS) CPU/0-1 (3/48.0/PHB) NET/0-0 (7/16.0/SYS) NET/0-1 (7/16.0/SYS) NET/0-2 (7/16.0/SYS) NET/0-3 (7/16.0/SYS) NET/0-4 (0/5000.0/LOC) NET/0-5 (6/48.0/PHB) NET/0-6 (5/25.0/PHB) NET/0-7 (5/25.0/PHB) NET/0-e (5/48.0/PHB) NET/0-8 (5/1.5/PHB) NET/0-9 (5/1.5/PHB) NET/0-a (5/1.5/PHB) NET/0-b (5/1.5/PHB) NET/0-f (5/1.5/PHB) NET/0-c (6/48.0/PHB) NET/0-d (6/48.0/PHB) GIN/0-0 (7/16.0/SYS) GIN/0-1 (7/16.0/SYS) GIN/0-2 (7/16.0/SYS) GIN/0-3 (7/16.0/SYS) GIN/0-4 (2/50.0/LOC) GIN/0-5 (6/48.0/PHB) GIN/0-6 (5/25.0/PHB) GIN/0-7 (5/25.0/PHB) GIN/0-8 (5/1.5/PHB) GIN/0-9 (5/1.5/PHB) GIN/0-a (5/1.5/PHB) GIN/0-b (5/1.5/PHB) GIN/0-c (6/48.0/PHB) GIN/0-d (6/48.0/PHB) 
gpu-nodes-2:1004:1004 [3] NCCL INFO NET/0-5 :GPU/0-3000 (6/16.0/SYS) GPU/0-13000 (6/16.0/SYS) GPU/0-63000 (6/16.0/SYS) GPU/0-73000 (6/16.0/SYS) GPU/0-83000 (5/48.0/PHB) GPU/0-93000 (3/48.0/PIX) GPU/0-e3000 (5/48.0/PHB) GPU/0-f3000 (5/48.0/PHB) CPU/0-0 (4/16.0/SYS) CPU/0-1 (3/48.0/PHB) NET/0-0 (7/16.0/SYS) NET/0-1 (7/16.0/SYS) NET/0-2 (7/16.0/SYS) NET/0-3 (7/16.0/SYS) NET/0-4 (6/48.0/PHB) NET/0-5 (0/5000.0/LOC) NET/0-6 (5/25.0/PHB) NET/0-7 (5/25.0/PHB) NET/0-e (5/48.0/PHB) NET/0-8 (5/1.5/PHB) NET/0-9 (5/1.5/PHB) NET/0-a (5/1.5/PHB) NET/0-b (5/1.5/PHB) NET/0-f (5/1.5/PHB) NET/0-c (6/48.0/PHB) NET/0-d (6/48.0/PHB) GIN/0-0 (7/16.0/SYS) GIN/0-1 (7/16.0/SYS) GIN/0-2 (7/16.0/SYS) GIN/0-3 (7/16.0/SYS) GIN/0-4 (6/48.0/PHB) GIN/0-5 (2/50.0/LOC) GIN/0-6 (5/25.0/PHB) GIN/0-7 (5/25.0/PHB) GIN/0-8 (5/1.5/PHB) GIN/0-9 (5/1.5/PHB) GIN/0-a (5/1.5/PHB) GIN/0-b (5/1.5/PHB) GIN/0-c (6/48.0/PHB) GIN/0-d (6/48.0/PHB) 
gpu-nodes-2:1004:1004 [3] NCCL INFO NET/0-6 :GPU/0-3000 (5/16.0/SYS) GPU/0-13000 (5/16.0/SYS) GPU/0-63000 (5/16.0/SYS) GPU/0-73000 (5/16.0/SYS) GPU/0-83000 (4/25.0/PHB) GPU/0-93000 (4/25.0/PHB) GPU/0-e3000 (4/25.0/PHB) GPU/0-f3000 (4/25.0/PHB) CPU/0-0 (3/16.0/SYS) CPU/0-1 (2/25.0/PHB) NET/0-0 (6/16.0/SYS) NET/0-1 (6/16.0/SYS) NET/0-2 (6/16.0/SYS) NET/0-3 (6/16.0/SYS) NET/0-4 (5/25.0/PHB) NET/0-5 (5/25.0/PHB) NET/0-6 (0/5000.0/LOC) NET/0-7 (2/25.0/LOC) NET/0-e (2/25.0/LOC) NET/0-8 (4/1.5/PHB) NET/0-9 (4/1.5/PHB) NET/0-a (4/1.5/PHB) NET/0-b (4/1.5/PHB) NET/0-f (4/1.5/PHB) NET/0-c (5/25.0/PHB) NET/0-d (5/25.0/PHB) GIN/0-0 (6/16.0/SYS) GIN/0-1 (6/16.0/SYS) GIN/0-2 (6/16.0/SYS) GIN/0-3 (6/16.0/SYS) GIN/0-4 (5/25.0/PHB) GIN/0-5 (5/25.0/PHB) GIN/0-6 (2/25.0/LOC) GIN/0-7 (2/25.0/LOC) GIN/0-8 (4/1.5/PHB) GIN/0-9 (4/1.5/PHB) GIN/0-a (4/1.5/PHB) GIN/0-b (4/1.5/PHB) GIN/0-c (5/25.0/PHB) GIN/0-d (5/25.0/PHB) 
gpu-nodes-2:1004:1004 [3] NCCL INFO NET/0-7 :GPU/0-3000 (5/16.0/SYS) GPU/0-13000 (5/16.0/SYS) GPU/0-63000 (5/16.0/SYS) GPU/0-73000 (5/16.0/SYS) GPU/0-83000 (4/25.0/PHB) GPU/0-93000 (4/25.0/PHB) GPU/0-e3000 (4/25.0/PHB) GPU/0-f3000 (4/25.0/PHB) CPU/0-0 (3/16.0/SYS) CPU/0-1 (2/25.0/PHB) NET/0-0 (6/16.0/SYS) NET/0-1 (6/16.0/SYS) NET/0-2 (6/16.0/SYS) NET/0-3 (6/16.0/SYS) NET/0-4 (5/25.0/PHB) NET/0-5 (5/25.0/PHB) NET/0-6 (2/25.0/LOC) NET/0-7 (0/5000.0/LOC) NET/0-e (2/25.0/LOC) NET/0-8 (4/1.5/PHB) NET/0-9 (4/1.5/PHB) NET/0-a (4/1.5/PHB) NET/0-b (4/1.5/PHB) NET/0-f (4/1.5/PHB) NET/0-c (5/25.0/PHB) NET/0-d (5/25.0/PHB) GIN/0-0 (6/16.0/SYS) GIN/0-1 (6/16.0/SYS) GIN/0-2 (6/16.0/SYS) GIN/0-3 (6/16.0/SYS) GIN/0-4 (5/25.0/PHB) GIN/0-5 (5/25.0/PHB) GIN/0-6 (2/25.0/LOC) GIN/0-7 (2/25.0/LOC) GIN/0-8 (4/1.5/PHB) GIN/0-9 (4/1.5/PHB) GIN/0-a (4/1.5/PHB) GIN/0-b (4/1.5/PHB) GIN/0-c (5/25.0/PHB) GIN/0-d (5/25.0/PHB) 
gpu-nodes-2:1004:1004 [3] NCCL INFO NET/0-e :GPU/0-3000 (5/16.0/SYS) GPU/0-13000 (5/16.0/SYS) GPU/0-63000 (5/16.0/SYS) GPU/0-73000 (5/16.0/SYS) GPU/0-83000 (4/48.0/PHB) GPU/0-93000 (4/48.0/PHB) GPU/0-e3000 (4/48.0/PHB) GPU/0-f3000 (4/48.0/PHB) CPU/0-0 (3/16.0/SYS) CPU/0-1 (2/48.0/PHB) NET/0-0 (6/16.0/SYS) NET/0-1 (6/16.0/SYS) NET/0-2 (6/16.0/SYS) NET/0-3 (6/16.0/SYS) NET/0-4 (5/48.0/PHB) NET/0-5 (5/48.0/PHB) NET/0-6 (2/25.0/LOC) NET/0-7 (2/25.0/LOC) NET/0-e (0/5000.0/LOC) NET/0-8 (4/1.5/PHB) NET/0-9 (4/1.5/PHB) NET/0-a (4/1.5/PHB) NET/0-b (4/1.5/PHB) NET/0-f (4/1.5/PHB) NET/0-c (5/48.0/PHB) NET/0-d (5/48.0/PHB) GIN/0-0 (6/16.0/SYS) GIN/0-1 (6/16.0/SYS) GIN/0-2 (6/16.0/SYS) GIN/0-3 (6/16.0/SYS) GIN/0-4 (5/48.0/PHB) GIN/0-5 (5/48.0/PHB) GIN/0-6 (2/25.0/LOC) GIN/0-7 (2/25.0/LOC) GIN/0-8 (4/1.5/PHB) GIN/0-9 (4/1.5/PHB) GIN/0-a (4/1.5/PHB) GIN/0-b (4/1.5/PHB) GIN/0-c (5/48.0/PHB) GIN/0-d (5/48.0/PHB) 
gpu-nodes-2:1004:1004 [3] NCCL INFO NET/0-8 :GPU/0-3000 (5/1.5/SYS) GPU/0-13000 (5/1.5/SYS) GPU/0-63000 (5/1.5/SYS) GPU/0-73000 (5/1.5/SYS) GPU/0-83000 (4/1.5/PHB) GPU/0-93000 (4/1.5/PHB) GPU/0-e3000 (4/1.5/PHB) GPU/0-f3000 (4/1.5/PHB) CPU/0-0 (3/1.5/SYS) CPU/0-1 (2/1.5/PHB) NET/0-0 (6/1.5/SYS) NET/0-1 (6/1.5/SYS) NET/0-2 (6/1.5/SYS) NET/0-3 (6/1.5/SYS) NET/0-4 (5/1.5/PHB) NET/0-5 (5/1.5/PHB) NET/0-6 (4/1.5/PHB) NET/0-7 (4/1.5/PHB) NET/0-e (4/1.5/PHB) NET/0-8 (0/5000.0/LOC) NET/0-9 (2/12.5/LOC) NET/0-a (2/12.5/LOC) NET/0-b (2/12.5/LOC) NET/0-f (2/12.5/LOC) NET/0-c (5/1.5/PHB) NET/0-d (5/1.5/PHB) GIN/0-0 (6/1.5/SYS) GIN/0-1 (6/1.5/SYS) GIN/0-2 (6/1.5/SYS) GIN/0-3 (6/1.5/SYS) GIN/0-4 (5/1.5/PHB) GIN/0-5 (5/1.5/PHB) GIN/0-6 (4/1.5/PHB) GIN/0-7 (4/1.5/PHB) GIN/0-8 (2/12.5/LOC) GIN/0-9 (2/12.5/LOC) GIN/0-a (2/12.5/LOC) GIN/0-b (2/12.5/LOC) GIN/0-c (5/1.5/PHB) GIN/0-d (5/1.5/PHB) 
gpu-nodes-2:1004:1004 [3] NCCL INFO NET/0-9 :GPU/0-3000 (5/1.5/SYS) GPU/0-13000 (5/1.5/SYS) GPU/0-63000 (5/1.5/SYS) GPU/0-73000 (5/1.5/SYS) GPU/0-83000 (4/1.5/PHB) GPU/0-93000 (4/1.5/PHB) GPU/0-e3000 (4/1.5/PHB) GPU/0-f3000 (4/1.5/PHB) CPU/0-0 (3/1.5/SYS) CPU/0-1 (2/1.5/PHB) NET/0-0 (6/1.5/SYS) NET/0-1 (6/1.5/SYS) NET/0-2 (6/1.5/SYS) NET/0-3 (6/1.5/SYS) NET/0-4 (5/1.5/PHB) NET/0-5 (5/1.5/PHB) NET/0-6 (4/1.5/PHB) NET/0-7 (4/1.5/PHB) NET/0-e (4/1.5/PHB) NET/0-8 (2/12.5/LOC) NET/0-9 (0/5000.0/LOC) NET/0-a (2/12.5/LOC) NET/0-b (2/12.5/LOC) NET/0-f (2/12.5/LOC) NET/0-c (5/1.5/PHB) NET/0-d (5/1.5/PHB) GIN/0-0 (6/1.5/SYS) GIN/0-1 (6/1.5/SYS) GIN/0-2 (6/1.5/SYS) GIN/0-3 (6/1.5/SYS) GIN/0-4 (5/1.5/PHB) GIN/0-5 (5/1.5/PHB) GIN/0-6 (4/1.5/PHB) GIN/0-7 (4/1.5/PHB) GIN/0-8 (2/12.5/LOC) GIN/0-9 (2/12.5/LOC) GIN/0-a (2/12.5/LOC) GIN/0-b (2/12.5/LOC) GIN/0-c (5/1.5/PHB) GIN/0-d (5/1.5/PHB) 
gpu-nodes-2:1004:1004 [3] NCCL INFO NET/0-a :GPU/0-3000 (5/1.5/SYS) GPU/0-13000 (5/1.5/SYS) GPU/0-63000 (5/1.5/SYS) GPU/0-73000 (5/1.5/SYS) GPU/0-83000 (4/1.5/PHB) GPU/0-93000 (4/1.5/PHB) GPU/0-e3000 (4/1.5/PHB) GPU/0-f3000 (4/1.5/PHB) CPU/0-0 (3/1.5/SYS) CPU/0-1 (2/1.5/PHB) NET/0-0 (6/1.5/SYS) NET/0-1 (6/1.5/SYS) NET/0-2 (6/1.5/SYS) NET/0-3 (6/1.5/SYS) NET/0-4 (5/1.5/PHB) NET/0-5 (5/1.5/PHB) NET/0-6 (4/1.5/PHB) NET/0-7 (4/1.5/PHB) NET/0-e (4/1.5/PHB) NET/0-8 (2/12.5/LOC) NET/0-9 (2/12.5/LOC) NET/0-a (0/5000.0/LOC) NET/0-b (2/12.5/LOC) NET/0-f (2/12.5/LOC) NET/0-c (5/1.5/PHB) NET/0-d (5/1.5/PHB) GIN/0-0 (6/1.5/SYS) GIN/0-1 (6/1.5/SYS) GIN/0-2 (6/1.5/SYS) GIN/0-3 (6/1.5/SYS) GIN/0-4 (5/1.5/PHB) GIN/0-5 (5/1.5/PHB) GIN/0-6 (4/1.5/PHB) GIN/0-7 (4/1.5/PHB) GIN/0-8 (2/12.5/LOC) GIN/0-9 (2/12.5/LOC) GIN/0-a (2/12.5/LOC) GIN/0-b (2/12.5/LOC) GIN/0-c (5/1.5/PHB) GIN/0-d (5/1.5/PHB) 
gpu-nodes-2:1004:1004 [3] NCCL INFO NET/0-b :GPU/0-3000 (5/1.5/SYS) GPU/0-13000 (5/1.5/SYS) GPU/0-63000 (5/1.5/SYS) GPU/0-73000 (5/1.5/SYS) GPU/0-83000 (4/1.5/PHB) GPU/0-93000 (4/1.5/PHB) GPU/0-e3000 (4/1.5/PHB) GPU/0-f3000 (4/1.5/PHB) CPU/0-0 (3/1.5/SYS) CPU/0-1 (2/1.5/PHB) NET/0-0 (6/1.5/SYS) NET/0-1 (6/1.5/SYS) NET/0-2 (6/1.5/SYS) NET/0-3 (6/1.5/SYS) NET/0-4 (5/1.5/PHB) NET/0-5 (5/1.5/PHB) NET/0-6 (4/1.5/PHB) NET/0-7 (4/1.5/PHB) NET/0-e (4/1.5/PHB) NET/0-8 (2/12.5/LOC) NET/0-9 (2/12.5/LOC) NET/0-a (2/12.5/LOC) NET/0-b (0/5000.0/LOC) NET/0-f (2/12.5/LOC) NET/0-c (5/1.5/PHB) NET/0-d (5/1.5/PHB) GIN/0-0 (6/1.5/SYS) GIN/0-1 (6/1.5/SYS) GIN/0-2 (6/1.5/SYS) GIN/0-3 (6/1.5/SYS) GIN/0-4 (5/1.5/PHB) GIN/0-5 (5/1.5/PHB) GIN/0-6 (4/1.5/PHB) GIN/0-7 (4/1.5/PHB) GIN/0-8 (2/12.5/LOC) GIN/0-9 (2/12.5/LOC) GIN/0-a (2/12.5/LOC) GIN/0-b (2/12.5/LOC) GIN/0-c (5/1.5/PHB) GIN/0-d (5/1.5/PHB) 
gpu-nodes-2:1004:1004 [3] NCCL INFO NET/0-f :GPU/0-3000 (5/1.5/SYS) GPU/0-13000 (5/1.5/SYS) GPU/0-63000 (5/1.5/SYS) GPU/0-73000 (5/1.5/SYS) GPU/0-83000 (4/1.5/PHB) GPU/0-93000 (4/1.5/PHB) GPU/0-e3000 (4/1.5/PHB) GPU/0-f3000 (4/1.5/PHB) CPU/0-0 (3/1.5/SYS) CPU/0-1 (2/1.5/PHB) NET/0-0 (6/1.5/SYS) NET/0-1 (6/1.5/SYS) NET/0-2 (6/1.5/SYS) NET/0-3 (6/1.5/SYS) NET/0-4 (5/1.5/PHB) NET/0-5 (5/1.5/PHB) NET/0-6 (4/1.5/PHB) NET/0-7 (4/1.5/PHB) NET/0-e (4/1.5/PHB) NET/0-8 (2/12.5/LOC) NET/0-9 (2/12.5/LOC) NET/0-a (2/12.5/LOC) NET/0-b (2/12.5/LOC) NET/0-f (0/5000.0/LOC) NET/0-c (5/1.5/PHB) NET/0-d (5/1.5/PHB) GIN/0-0 (6/1.5/SYS) GIN/0-1 (6/1.5/SYS) GIN/0-2 (6/1.5/SYS) GIN/0-3 (6/1.5/SYS) GIN/0-4 (5/1.5/PHB) GIN/0-5 (5/1.5/PHB) GIN/0-6 (4/1.5/PHB) GIN/0-7 (4/1.5/PHB) GIN/0-8 (2/12.5/LOC) GIN/0-9 (2/12.5/LOC) GIN/0-a (2/12.5/LOC) GIN/0-b (2/12.5/LOC) GIN/0-c (5/1.5/PHB) GIN/0-d (5/1.5/PHB) 
gpu-nodes-2:1004:1004 [3] NCCL INFO NET/0-c :GPU/0-3000 (6/16.0/SYS) GPU/0-13000 (6/16.0/SYS) GPU/0-63000 (6/16.0/SYS) GPU/0-73000 (6/16.0/SYS) GPU/0-83000 (5/48.0/PHB) GPU/0-93000 (5/48.0/PHB) GPU/0-e3000 (3/48.0/PIX) GPU/0-f3000 (5/48.0/PHB) CPU/0-0 (4/16.0/SYS) CPU/0-1 (3/48.0/PHB) NET/0-0 (7/16.0/SYS) NET/0-1 (7/16.0/SYS) NET/0-2 (7/16.0/SYS) NET/0-3 (7/16.0/SYS) NET/0-4 (6/48.0/PHB) NET/0-5 (6/48.0/PHB) NET/0-6 (5/25.0/PHB) NET/0-7 (5/25.0/PHB) NET/0-e (5/48.0/PHB) NET/0-8 (5/1.5/PHB) NET/0-9 (5/1.5/PHB) NET/0-a (5/1.5/PHB) NET/0-b (5/1.5/PHB) NET/0-f (5/1.5/PHB) NET/0-c (0/5000.0/LOC) NET/0-d (6/48.0/PHB) GIN/0-0 (7/16.0/SYS) GIN/0-1 (7/16.0/SYS) GIN/0-2 (7/16.0/SYS) GIN/0-3 (7/16.0/SYS) GIN/0-4 (6/48.0/PHB) GIN/0-5 (6/48.0/PHB) GIN/0-6 (5/25.0/PHB) GIN/0-7 (5/25.0/PHB) GIN/0-8 (5/1.5/PHB) GIN/0-9 (5/1.5/PHB) GIN/0-a (5/1.5/PHB) GIN/0-b (5/1.5/PHB) GIN/0-c (2/50.0/LOC) GIN/0-d (6/48.0/PHB) 
gpu-nodes-2:1004:1004 [3] NCCL INFO NET/0-d :GPU/0-3000 (6/16.0/SYS) GPU/0-13000 (6/16.0/SYS) GPU/0-63000 (6/16.0/SYS) GPU/0-73000 (6/16.0/SYS) GPU/0-83000 (5/48.0/PHB) GPU/0-93000 (5/48.0/PHB) GPU/0-e3000 (5/48.0/PHB) GPU/0-f3000 (3/48.0/PIX) CPU/0-0 (4/16.0/SYS) CPU/0-1 (3/48.0/PHB) NET/0-0 (7/16.0/SYS) NET/0-1 (7/16.0/SYS) NET/0-2 (7/16.0/SYS) NET/0-3 (7/16.0/SYS) NET/0-4 (6/48.0/PHB) NET/0-5 (6/48.0/PHB) NET/0-6 (5/25.0/PHB) NET/0-7 (5/25.0/PHB) NET/0-e (5/48.0/PHB) NET/0-8 (5/1.5/PHB) NET/0-9 (5/1.5/PHB) NET/0-a (5/1.5/PHB) NET/0-b (5/1.5/PHB) NET/0-f (5/1.5/PHB) NET/0-c (6/48.0/PHB) NET/0-d (0/5000.0/LOC) GIN/0-0 (7/16.0/SYS) GIN/0-1 (7/16.0/SYS) GIN/0-2 (7/16.0/SYS) GIN/0-3 (7/16.0/SYS) GIN/0-4 (6/48.0/PHB) GIN/0-5 (6/48.0/PHB) GIN/0-6 (5/25.0/PHB) GIN/0-7 (5/25.0/PHB) GIN/0-8 (5/1.5/PHB) GIN/0-9 (5/1.5/PHB) GIN/0-a (5/1.5/PHB) GIN/0-b (5/1.5/PHB) GIN/0-c (6/48.0/PHB) GIN/0-d (2/50.0/LOC) 
gpu-nodes-2:1004:1004 [3] NCCL INFO GIN/0-0 :GPU/0-3000 (3/48.0/PIX) GPU/0-13000 (5/48.0/PHB) GPU/0-63000 (5/48.0/PHB) GPU/0-73000 (5/48.0/PHB) GPU/0-83000 (6/16.0/SYS) GPU/0-93000 (6/16.0/SYS) GPU/0-e3000 (6/16.0/SYS) GPU/0-f3000 (6/16.0/SYS) CPU/0-0 (3/48.0/PHB) CPU/0-1 (4/16.0/SYS) NET/0-0 (2/50.0/LOC) NET/0-1 (6/48.0/PHB) NET/0-2 (6/48.0/PHB) NET/0-3 (6/48.0/PHB) NET/0-4 (7/16.0/SYS) NET/0-5 (7/16.0/SYS) NET/0-6 (6/16.0/SYS) NET/0-7 (6/16.0/SYS) NET/0-e (6/16.0/SYS) NET/0-8 (6/1.5/SYS) NET/0-9 (6/1.5/SYS) NET/0-a (6/1.5/SYS) NET/0-b (6/1.5/SYS) NET/0-f (6/1.5/SYS) NET/0-c (7/16.0/SYS) NET/0-d (7/16.0/SYS) GIN/0-0 (0/5000.0/LOC) GIN/0-1 (6/48.0/PHB) GIN/0-2 (6/48.0/PHB) GIN/0-3 (6/48.0/PHB) GIN/0-4 (7/16.0/SYS) GIN/0-5 (7/16.0/SYS) GIN/0-6 (6/16.0/SYS) GIN/0-7 (6/16.0/SYS) GIN/0-8 (6/1.5/SYS) GIN/0-9 (6/1.5/SYS) GIN/0-a (6/1.5/SYS) GIN/0-b (6/1.5/SYS) GIN/0-c (7/16.0/SYS) GIN/0-d (7/16.0/SYS) 
gpu-nodes-2:1004:1004 [3] NCCL INFO GIN/0-1 :GPU/0-3000 (5/48.0/PHB) GPU/0-13000 (3/48.0/PIX) GPU/0-63000 (5/48.0/PHB) GPU/0-73000 (5/48.0/PHB) GPU/0-83000 (6/16.0/SYS) GPU/0-93000 (6/16.0/SYS) GPU/0-e3000 (6/16.0/SYS) GPU/0-f3000 (6/16.0/SYS) CPU/0-0 (3/48.0/PHB) CPU/0-1 (4/16.0/SYS) NET/0-0 (6/48.0/PHB) NET/0-1 (2/50.0/LOC) NET/0-2 (6/48.0/PHB) NET/0-3 (6/48.0/PHB) NET/0-4 (7/16.0/SYS) NET/0-5 (7/16.0/SYS) NET/0-6 (6/16.0/SYS) NET/0-7 (6/16.0/SYS) NET/0-e (6/16.0/SYS) NET/0-8 (6/1.5/SYS) NET/0-9 (6/1.5/SYS) NET/0-a (6/1.5/SYS) NET/0-b (6/1.5/SYS) NET/0-f (6/1.5/SYS) NET/0-c (7/16.0/SYS) NET/0-d (7/16.0/SYS) GIN/0-0 (6/48.0/PHB) GIN/0-1 (0/5000.0/LOC) GIN/0-2 (6/48.0/PHB) GIN/0-3 (6/48.0/PHB) GIN/0-4 (7/16.0/SYS) GIN/0-5 (7/16.0/SYS) GIN/0-6 (6/16.0/SYS) GIN/0-7 (6/16.0/SYS) GIN/0-8 (6/1.5/SYS) GIN/0-9 (6/1.5/SYS) GIN/0-a (6/1.5/SYS) GIN/0-b (6/1.5/SYS) GIN/0-c (7/16.0/SYS) GIN/0-d (7/16.0/SYS) 
gpu-nodes-2:1004:1004 [3] NCCL INFO GIN/0-2 :GPU/0-3000 (5/48.0/PHB) GPU/0-13000 (5/48.0/PHB) GPU/0-63000 (3/48.0/PIX) GPU/0-73000 (5/48.0/PHB) GPU/0-83000 (6/16.0/SYS) GPU/0-93000 (6/16.0/SYS) GPU/0-e3000 (6/16.0/SYS) GPU/0-f3000 (6/16.0/SYS) CPU/0-0 (3/48.0/PHB) CPU/0-1 (4/16.0/SYS) NET/0-0 (6/48.0/PHB) NET/0-1 (6/48.0/PHB) NET/0-2 (2/50.0/LOC) NET/0-3 (6/48.0/PHB) NET/0-4 (7/16.0/SYS) NET/0-5 (7/16.0/SYS) NET/0-6 (6/16.0/SYS) NET/0-7 (6/16.0/SYS) NET/0-e (6/16.0/SYS) NET/0-8 (6/1.5/SYS) NET/0-9 (6/1.5/SYS) NET/0-a (6/1.5/SYS) NET/0-b (6/1.5/SYS) NET/0-f (6/1.5/SYS) NET/0-c (7/16.0/SYS) NET/0-d (7/16.0/SYS) GIN/0-0 (6/48.0/PHB) GIN/0-1 (6/48.0/PHB) GIN/0-2 (0/5000.0/LOC) GIN/0-3 (6/48.0/PHB) GIN/0-4 (7/16.0/SYS) GIN/0-5 (7/16.0/SYS) GIN/0-6 (6/16.0/SYS) GIN/0-7 (6/16.0/SYS) GIN/0-8 (6/1.5/SYS) GIN/0-9 (6/1.5/SYS) GIN/0-a (6/1.5/SYS) GIN/0-b (6/1.5/SYS) GIN/0-c (7/16.0/SYS) GIN/0-d (7/16.0/SYS) 
gpu-nodes-2:1004:1004 [3] NCCL INFO GIN/0-3 :GPU/0-3000 (5/48.0/PHB) GPU/0-13000 (5/48.0/PHB) GPU/0-63000 (5/48.0/PHB) GPU/0-73000 (3/48.0/PIX) GPU/0-83000 (6/16.0/SYS) GPU/0-93000 (6/16.0/SYS) GPU/0-e3000 (6/16.0/SYS) GPU/0-f3000 (6/16.0/SYS) CPU/0-0 (3/48.0/PHB) CPU/0-1 (4/16.0/SYS) NET/0-0 (6/48.0/PHB) NET/0-1 (6/48.0/PHB) NET/0-2 (6/48.0/PHB) NET/0-3 (2/50.0/LOC) NET/0-4 (7/16.0/SYS) NET/0-5 (7/16.0/SYS) NET/0-6 (6/16.0/SYS) NET/0-7 (6/16.0/SYS) NET/0-e (6/16.0/SYS) NET/0-8 (6/1.5/SYS) NET/0-9 (6/1.5/SYS) NET/0-a (6/1.5/SYS) NET/0-b (6/1.5/SYS) NET/0-f (6/1.5/SYS) NET/0-c (7/16.0/SYS) NET/0-d (7/16.0/SYS) GIN/0-0 (6/48.0/PHB) GIN/0-1 (6/48.0/PHB) GIN/0-2 (6/48.0/PHB) GIN/0-3 (0/5000.0/LOC) GIN/0-4 (7/16.0/SYS) GIN/0-5 (7/16.0/SYS) GIN/0-6 (6/16.0/SYS) GIN/0-7 (6/16.0/SYS) GIN/0-8 (6/1.5/SYS) GIN/0-9 (6/1.5/SYS) GIN/0-a (6/1.5/SYS) GIN/0-b (6/1.5/SYS) GIN/0-c (7/16.0/SYS) GIN/0-d (7/16.0/SYS) 
gpu-nodes-2:1004:1004 [3] NCCL INFO GIN/0-4 :GPU/0-3000 (6/16.0/SYS) GPU/0-13000 (6/16.0/SYS) GPU/0-63000 (6/16.0/SYS) GPU/0-73000 (6/16.0/SYS) GPU/0-83000 (3/48.0/PIX) GPU/0-93000 (5/48.0/PHB) GPU/0-e3000 (5/48.0/PHB) GPU/0-f3000 (5/48.0/PHB) CPU/0-0 (4/16.0/SYS) CPU/0-1 (3/48.0/PHB) NET/0-0 (7/16.0/SYS) NET/0-1 (7/16.0/SYS) NET/0-2 (7/16.0/SYS) NET/0-3 (7/16.0/SYS) NET/0-4 (2/50.0/LOC) NET/0-5 (6/48.0/PHB) NET/0-6 (5/25.0/PHB) NET/0-7 (5/25.0/PHB) NET/0-e (5/48.0/PHB) NET/0-8 (5/1.5/PHB) NET/0-9 (5/1.5/PHB) NET/0-a (5/1.5/PHB) NET/0-b (5/1.5/PHB) NET/0-f (5/1.5/PHB) NET/0-c (6/48.0/PHB) NET/0-d (6/48.0/PHB) GIN/0-0 (7/16.0/SYS) GIN/0-1 (7/16.0/SYS) GIN/0-2 (7/16.0/SYS) GIN/0-3 (7/16.0/SYS) GIN/0-4 (0/5000.0/LOC) GIN/0-5 (6/48.0/PHB) GIN/0-6 (5/25.0/PHB) GIN/0-7 (5/25.0/PHB) GIN/0-8 (5/1.5/PHB) GIN/0-9 (5/1.5/PHB) GIN/0-a (5/1.5/PHB) GIN/0-b (5/1.5/PHB) GIN/0-c (6/48.0/PHB) GIN/0-d (6/48.0/PHB) 
gpu-nodes-2:1004:1004 [3] NCCL INFO GIN/0-5 :GPU/0-3000 (6/16.0/SYS) GPU/0-13000 (6/16.0/SYS) GPU/0-63000 (6/16.0/SYS) GPU/0-73000 (6/16.0/SYS) GPU/0-83000 (5/48.0/PHB) GPU/0-93000 (3/48.0/PIX) GPU/0-e3000 (5/48.0/PHB) GPU/0-f3000 (5/48.0/PHB) CPU/0-0 (4/16.0/SYS) CPU/0-1 (3/48.0/PHB) NET/0-0 (7/16.0/SYS) NET/0-1 (7/16.0/SYS) NET/0-2 (7/16.0/SYS) NET/0-3 (7/16.0/SYS) NET/0-4 (6/48.0/PHB) NET/0-5 (2/50.0/LOC) NET/0-6 (5/25.0/PHB) NET/0-7 (5/25.0/PHB) NET/0-e (5/48.0/PHB) NET/0-8 (5/1.5/PHB) NET/0-9 (5/1.5/PHB) NET/0-a (5/1.5/PHB) NET/0-b (5/1.5/PHB) NET/0-f (5/1.5/PHB) NET/0-c (6/48.0/PHB) NET/0-d (6/48.0/PHB) GIN/0-0 (7/16.0/SYS) GIN/0-1 (7/16.0/SYS) GIN/0-2 (7/16.0/SYS) GIN/0-3 (7/16.0/SYS) GIN/0-4 (6/48.0/PHB) GIN/0-5 (0/5000.0/LOC) GIN/0-6 (5/25.0/PHB) GIN/0-7 (5/25.0/PHB) GIN/0-8 (5/1.5/PHB) GIN/0-9 (5/1.5/PHB) GIN/0-a (5/1.5/PHB) GIN/0-b (5/1.5/PHB) GIN/0-c (6/48.0/PHB) GIN/0-d (6/48.0/PHB) 
gpu-nodes-2:1004:1004 [3] NCCL INFO GIN/0-6 :GPU/0-3000 (5/16.0/SYS) GPU/0-13000 (5/16.0/SYS) GPU/0-63000 (5/16.0/SYS) GPU/0-73000 (5/16.0/SYS) GPU/0-83000 (4/25.0/PHB) GPU/0-93000 (4/25.0/PHB) GPU/0-e3000 (4/25.0/PHB) GPU/0-f3000 (4/25.0/PHB) CPU/0-0 (3/16.0/SYS) CPU/0-1 (2/25.0/PHB) NET/0-0 (6/16.0/SYS) NET/0-1 (6/16.0/SYS) NET/0-2 (6/16.0/SYS) NET/0-3 (6/16.0/SYS) NET/0-4 (5/25.0/PHB) NET/0-5 (5/25.0/PHB) NET/0-6 (2/25.0/LOC) NET/0-7 (2/25.0/LOC) NET/0-e (2/25.0/LOC) NET/0-8 (4/1.5/PHB) NET/0-9 (4/1.5/PHB) NET/0-a (4/1.5/PHB) NET/0-b (4/1.5/PHB) NET/0-f (4/1.5/PHB) NET/0-c (5/25.0/PHB) NET/0-d (5/25.0/PHB) GIN/0-0 (6/16.0/SYS) GIN/0-1 (6/16.0/SYS) GIN/0-2 (6/16.0/SYS) GIN/0-3 (6/16.0/SYS) GIN/0-4 (5/25.0/PHB) GIN/0-5 (5/25.0/PHB) GIN/0-6 (0/5000.0/LOC) GIN/0-7 (2/25.0/LOC) GIN/0-8 (4/1.5/PHB) GIN/0-9 (4/1.5/PHB) GIN/0-a (4/1.5/PHB) GIN/0-b (4/1.5/PHB) GIN/0-c (5/25.0/PHB) GIN/0-d (5/25.0/PHB) 
gpu-nodes-2:1004:1004 [3] NCCL INFO GIN/0-7 :GPU/0-3000 (5/16.0/SYS) GPU/0-13000 (5/16.0/SYS) GPU/0-63000 (5/16.0/SYS) GPU/0-73000 (5/16.0/SYS) GPU/0-83000 (4/25.0/PHB) GPU/0-93000 (4/25.0/PHB) GPU/0-e3000 (4/25.0/PHB) GPU/0-f3000 (4/25.0/PHB) CPU/0-0 (3/16.0/SYS) CPU/0-1 (2/25.0/PHB) NET/0-0 (6/16.0/SYS) NET/0-1 (6/16.0/SYS) NET/0-2 (6/16.0/SYS) NET/0-3 (6/16.0/SYS) NET/0-4 (5/25.0/PHB) NET/0-5 (5/25.0/PHB) NET/0-6 (2/25.0/LOC) NET/0-7 (2/25.0/LOC) NET/0-e (2/25.0/LOC) NET/0-8 (4/1.5/PHB) NET/0-9 (4/1.5/PHB) NET/0-a (4/1.5/PHB) NET/0-b (4/1.5/PHB) NET/0-f (4/1.5/PHB) NET/0-c (5/25.0/PHB) NET/0-d (5/25.0/PHB) GIN/0-0 (6/16.0/SYS) GIN/0-1 (6/16.0/SYS) GIN/0-2 (6/16.0/SYS) GIN/0-3 (6/16.0/SYS) GIN/0-4 (5/25.0/PHB) GIN/0-5 (5/25.0/PHB) GIN/0-6 (2/25.0/LOC) GIN/0-7 (0/5000.0/LOC) GIN/0-8 (4/1.5/PHB) GIN/0-9 (4/1.5/PHB) GIN/0-a (4/1.5/PHB) GIN/0-b (4/1.5/PHB) GIN/0-c (5/25.0/PHB) GIN/0-d (5/25.0/PHB) 
gpu-nodes-2:1004:1004 [3] NCCL INFO GIN/0-8 :GPU/0-3000 (5/1.5/SYS) GPU/0-13000 (5/1.5/SYS) GPU/0-63000 (5/1.5/SYS) GPU/0-73000 (5/1.5/SYS) GPU/0-83000 (4/1.5/PHB) GPU/0-93000 (4/1.5/PHB) GPU/0-e3000 (4/1.5/PHB) GPU/0-f3000 (4/1.5/PHB) CPU/0-0 (3/1.5/SYS) CPU/0-1 (2/1.5/PHB) NET/0-0 (6/1.5/SYS) NET/0-1 (6/1.5/SYS) NET/0-2 (6/1.5/SYS) NET/0-3 (6/1.5/SYS) NET/0-4 (5/1.5/PHB) NET/0-5 (5/1.5/PHB) NET/0-6 (4/1.5/PHB) NET/0-7 (4/1.5/PHB) NET/0-e (4/1.5/PHB) NET/0-8 (2/12.5/LOC) NET/0-9 (2/12.5/LOC) NET/0-a (2/12.5/LOC) NET/0-b (2/12.5/LOC) NET/0-f (2/12.5/LOC) NET/0-c (5/1.5/PHB) NET/0-d (5/1.5/PHB) GIN/0-0 (6/1.5/SYS) GIN/0-1 (6/1.5/SYS) GIN/0-2 (6/1.5/SYS) GIN/0-3 (6/1.5/SYS) GIN/0-4 (5/1.5/PHB) GIN/0-5 (5/1.5/PHB) GIN/0-6 (4/1.5/PHB) GIN/0-7 (4/1.5/PHB) GIN/0-8 (0/5000.0/LOC) GIN/0-9 (2/12.5/LOC) GIN/0-a (2/12.5/LOC) GIN/0-b (2/12.5/LOC) GIN/0-c (5/1.5/PHB) GIN/0-d (5/1.5/PHB) 
gpu-nodes-2:1004:1004 [3] NCCL INFO GIN/0-9 :GPU/0-3000 (5/1.5/SYS) GPU/0-13000 (5/1.5/SYS) GPU/0-63000 (5/1.5/SYS) GPU/0-73000 (5/1.5/SYS) GPU/0-83000 (4/1.5/PHB) GPU/0-93000 (4/1.5/PHB) GPU/0-e3000 (4/1.5/PHB) GPU/0-f3000 (4/1.5/PHB) CPU/0-0 (3/1.5/SYS) CPU/0-1 (2/1.5/PHB) NET/0-0 (6/1.5/SYS) NET/0-1 (6/1.5/SYS) NET/0-2 (6/1.5/SYS) NET/0-3 (6/1.5/SYS) NET/0-4 (5/1.5/PHB) NET/0-5 (5/1.5/PHB) NET/0-6 (4/1.5/PHB) NET/0-7 (4/1.5/PHB) NET/0-e (4/1.5/PHB) NET/0-8 (2/12.5/LOC) NET/0-9 (2/12.5/LOC) NET/0-a (2/12.5/LOC) NET/0-b (2/12.5/LOC) NET/0-f (2/12.5/LOC) NET/0-c (5/1.5/PHB) NET/0-d (5/1.5/PHB) GIN/0-0 (6/1.5/SYS) GIN/0-1 (6/1.5/SYS) GIN/0-2 (6/1.5/SYS) GIN/0-3 (6/1.5/SYS) GIN/0-4 (5/1.5/PHB) GIN/0-5 (5/1.5/PHB) GIN/0-6 (4/1.5/PHB) GIN/0-7 (4/1.5/PHB) GIN/0-8 (2/12.5/LOC) GIN/0-9 (0/5000.0/LOC) GIN/0-a (2/12.5/LOC) GIN/0-b (2/12.5/LOC) GIN/0-c (5/1.5/PHB) GIN/0-d (5/1.5/PHB) 
gpu-nodes-2:1004:1004 [3] NCCL INFO GIN/0-a :GPU/0-3000 (5/1.5/SYS) GPU/0-13000 (5/1.5/SYS) GPU/0-63000 (5/1.5/SYS) GPU/0-73000 (5/1.5/SYS) GPU/0-83000 (4/1.5/PHB) GPU/0-93000 (4/1.5/PHB) GPU/0-e3000 (4/1.5/PHB) GPU/0-f3000 (4/1.5/PHB) CPU/0-0 (3/1.5/SYS) CPU/0-1 (2/1.5/PHB) NET/0-0 (6/1.5/SYS) NET/0-1 (6/1.5/SYS) NET/0-2 (6/1.5/SYS) NET/0-3 (6/1.5/SYS) NET/0-4 (5/1.5/PHB) NET/0-5 (5/1.5/PHB) NET/0-6 (4/1.5/PHB) NET/0-7 (4/1.5/PHB) NET/0-e (4/1.5/PHB) NET/0-8 (2/12.5/LOC) NET/0-9 (2/12.5/LOC) NET/0-a (2/12.5/LOC) NET/0-b (2/12.5/LOC) NET/0-f (2/12.5/LOC) NET/0-c (5/1.5/PHB) NET/0-d (5/1.5/PHB) GIN/0-0 (6/1.5/SYS) GIN/0-1 (6/1.5/SYS) GIN/0-2 (6/1.5/SYS) GIN/0-3 (6/1.5/SYS) GIN/0-4 (5/1.5/PHB) GIN/0-5 (5/1.5/PHB) GIN/0-6 (4/1.5/PHB) GIN/0-7 (4/1.5/PHB) GIN/0-8 (2/12.5/LOC) GIN/0-9 (2/12.5/LOC) GIN/0-a (0/5000.0/LOC) GIN/0-b (2/12.5/LOC) GIN/0-c (5/1.5/PHB) GIN/0-d (5/1.5/PHB) 
gpu-nodes-2:1004:1004 [3] NCCL INFO GIN/0-b :GPU/0-3000 (5/1.5/SYS) GPU/0-13000 (5/1.5/SYS) GPU/0-63000 (5/1.5/SYS) GPU/0-73000 (5/1.5/SYS) GPU/0-83000 (4/1.5/PHB) GPU/0-93000 (4/1.5/PHB) GPU/0-e3000 (4/1.5/PHB) GPU/0-f3000 (4/1.5/PHB) CPU/0-0 (3/1.5/SYS) CPU/0-1 (2/1.5/PHB) NET/0-0 (6/1.5/SYS) NET/0-1 (6/1.5/SYS) NET/0-2 (6/1.5/SYS) NET/0-3 (6/1.5/SYS) NET/0-4 (5/1.5/PHB) NET/0-5 (5/1.5/PHB) NET/0-6 (4/1.5/PHB) NET/0-7 (4/1.5/PHB) NET/0-e (4/1.5/PHB) NET/0-8 (2/12.5/LOC) NET/0-9 (2/12.5/LOC) NET/0-a (2/12.5/LOC) NET/0-b (2/12.5/LOC) NET/0-f (2/12.5/LOC) NET/0-c (5/1.5/PHB) NET/0-d (5/1.5/PHB) GIN/0-0 (6/1.5/SYS) GIN/0-1 (6/1.5/SYS) GIN/0-2 (6/1.5/SYS) GIN/0-3 (6/1.5/SYS) GIN/0-4 (5/1.5/PHB) GIN/0-5 (5/1.5/PHB) GIN/0-6 (4/1.5/PHB) GIN/0-7 (4/1.5/PHB) GIN/0-8 (2/12.5/LOC) GIN/0-9 (2/12.5/LOC) GIN/0-a (2/12.5/LOC) GIN/0-b (0/5000.0/LOC) GIN/0-c (5/1.5/PHB) GIN/0-d (5/1.5/PHB) 
gpu-nodes-2:1004:1004 [3] NCCL INFO GIN/0-c :GPU/0-3000 (6/16.0/SYS) GPU/0-13000 (6/16.0/SYS) GPU/0-63000 (6/16.0/SYS) GPU/0-73000 (6/16.0/SYS) GPU/0-83000 (5/48.0/PHB) GPU/0-93000 (5/48.0/PHB) GPU/0-e3000 (3/48.0/PIX) GPU/0-f3000 (5/48.0/PHB) CPU/0-0 (4/16.0/SYS) CPU/0-1 (3/48.0/PHB) NET/0-0 (7/16.0/SYS) NET/0-1 (7/16.0/SYS) NET/0-2 (7/16.0/SYS) NET/0-3 (7/16.0/SYS) NET/0-4 (6/48.0/PHB) NET/0-5 (6/48.0/PHB) NET/0-6 (5/25.0/PHB) NET/0-7 (5/25.0/PHB) NET/0-e (5/48.0/PHB) NET/0-8 (5/1.5/PHB) NET/0-9 (5/1.5/PHB) NET/0-a (5/1.5/PHB) NET/0-b (5/1.5/PHB) NET/0-f (5/1.5/PHB) NET/0-c (2/50.0/LOC) NET/0-d (6/48.0/PHB) GIN/0-0 (7/16.0/SYS) GIN/0-1 (7/16.0/SYS) GIN/0-2 (7/16.0/SYS) GIN/0-3 (7/16.0/SYS) GIN/0-4 (6/48.0/PHB) GIN/0-5 (6/48.0/PHB) GIN/0-6 (5/25.0/PHB) GIN/0-7 (5/25.0/PHB) GIN/0-8 (5/1.5/PHB) GIN/0-9 (5/1.5/PHB) GIN/0-a (5/1.5/PHB) GIN/0-b (5/1.5/PHB) GIN/0-c (0/5000.0/LOC) GIN/0-d (6/48.0/PHB) 
gpu-nodes-2:1004:1004 [3] NCCL INFO GIN/0-d :GPU/0-3000 (6/16.0/SYS) GPU/0-13000 (6/16.0/SYS) GPU/0-63000 (6/16.0/SYS) GPU/0-73000 (6/16.0/SYS) GPU/0-83000 (5/48.0/PHB) GPU/0-93000 (5/48.0/PHB) GPU/0-e3000 (5/48.0/PHB) GPU/0-f3000 (3/48.0/PIX) CPU/0-0 (4/16.0/SYS) CPU/0-1 (3/48.0/PHB) NET/0-0 (7/16.0/SYS) NET/0-1 (7/16.0/SYS) NET/0-2 (7/16.0/SYS) NET/0-3 (7/16.0/SYS) NET/0-4 (6/48.0/PHB) NET/0-5 (6/48.0/PHB) NET/0-6 (5/25.0/PHB) NET/0-7 (5/25.0/PHB) NET/0-e (5/48.0/PHB) NET/0-8 (5/1.5/PHB) NET/0-9 (5/1.5/PHB) NET/0-a (5/1.5/PHB) NET/0-b (5/1.5/PHB) NET/0-f (5/1.5/PHB) NET/0-c (6/48.0/PHB) NET/0-d (2/50.0/LOC) GIN/0-0 (7/16.0/SYS) GIN/0-1 (7/16.0/SYS) GIN/0-2 (7/16.0/SYS) GIN/0-3 (7/16.0/SYS) GIN/0-4 (6/48.0/PHB) GIN/0-5 (6/48.0/PHB) GIN/0-6 (5/25.0/PHB) GIN/0-7 (5/25.0/PHB) GIN/0-8 (5/1.5/PHB) GIN/0-9 (5/1.5/PHB) GIN/0-a (5/1.5/PHB) GIN/0-b (5/1.5/PHB) GIN/0-c (6/48.0/PHB) GIN/0-d (0/5000.0/LOC) 
gpu-nodes-2:1004:1004 [3] NCCL INFO ncclTopoGetCpuAffinity: Affinity for GPU 3 is 0-63,128-191. (GPU affinity = 0-63,128-191 ; CPU affinity = 0-63,128-191).
gpu-nodes-2:1004:1004 [3] NCCL INFO Pattern 4, crossNic 0, nChannels 8, bw 48.000000/48.000000, type NVL/PXN, sameChannels 0
gpu-nodes-2:1004:1004 [3] NCCL INFO  0 : NET/0-0 GPU/0-3000 GPU/0-f3000 GPU/0-e3000 GPU/0-93000 GPU/0-83000 GPU/0-73000 GPU/0-63000 GPU/0-13000 NET/0-0
gpu-nodes-2:1004:1004 [3] NCCL INFO  1 : NET/0-1 GPU/0-13000 GPU/0-3000 GPU/0-f3000 GPU/0-e3000 GPU/0-93000 GPU/0-83000 GPU/0-73000 GPU/0-63000 NET/0-1
gpu-nodes-2:1004:1004 [3] NCCL INFO  2 : NET/0-2 GPU/0-63000 GPU/0-13000 GPU/0-3000 GPU/0-f3000 GPU/0-e3000 GPU/0-93000 GPU/0-83000 GPU/0-73000 NET/0-2
gpu-nodes-2:1004:1004 [3] NCCL INFO  3 : NET/0-3 GPU/0-73000 GPU/0-63000 GPU/0-13000 GPU/0-3000 GPU/0-f3000 GPU/0-e3000 GPU/0-93000 GPU/0-83000 NET/0-3
gpu-nodes-2:1004:1004 [3] NCCL INFO  4 : NET/0-4 GPU/0-83000 GPU/0-73000 GPU/0-63000 GPU/0-13000 GPU/0-3000 GPU/0-f3000 GPU/0-e3000 GPU/0-93000 NET/0-4
gpu-nodes-2:1004:1004 [3] NCCL INFO  5 : NET/0-5 GPU/0-93000 GPU/0-83000 GPU/0-73000 GPU/0-63000 GPU/0-13000 GPU/0-3000 GPU/0-f3000 GPU/0-e3000 NET/0-5
gpu-nodes-2:1004:1004 [3] NCCL INFO  6 : NET/0-c GPU/0-e3000 GPU/0-93000 GPU/0-83000 GPU/0-73000 GPU/0-63000 GPU/0-13000 GPU/0-3000 GPU/0-f3000 NET/0-c
gpu-nodes-2:1004:1004 [3] NCCL INFO  7 : NET/0-d GPU/0-f3000 GPU/0-e3000 GPU/0-93000 GPU/0-83000 GPU/0-73000 GPU/0-63000 GPU/0-13000 GPU/0-3000 NET/0-d
gpu-nodes-2:1004:1004 [3] NCCL INFO Pattern 3, crossNic 0, nChannels 8, bw 96.000000/48.000000, type NVL/PIX, sameChannels 0
gpu-nodes-2:1004:1004 [3] NCCL INFO  0 : NET/0-0 GPU/0-3000 GPU/0-13000 GPU/0-63000 GPU/0-73000 GPU/0-83000 GPU/0-93000 GPU/0-e3000 GPU/0-f3000 NET/0-0
gpu-nodes-2:1004:1004 [3] NCCL INFO  1 : NET/0-1 GPU/0-13000 GPU/0-63000 GPU/0-73000 GPU/0-83000 GPU/0-93000 GPU/0-e3000 GPU/0-f3000 GPU/0-3000 NET/0-1
gpu-nodes-2:1004:1004 [3] NCCL INFO  2 : NET/0-2 GPU/0-63000 GPU/0-73000 GPU/0-83000 GPU/0-93000 GPU/0-e3000 GPU/0-f3000 GPU/0-3000 GPU/0-13000 NET/0-2
gpu-nodes-2:1004:1004 [3] NCCL INFO  3 : NET/0-3 GPU/0-73000 GPU/0-83000 GPU/0-93000 GPU/0-e3000 GPU/0-f3000 GPU/0-3000 GPU/0-13000 GPU/0-63000 NET/0-3
gpu-nodes-2:1004:1004 [3] NCCL INFO  4 : NET/0-4 GPU/0-83000 GPU/0-93000 GPU/0-e3000 GPU/0-f3000 GPU/0-3000 GPU/0-13000 GPU/0-63000 GPU/0-73000 NET/0-4
gpu-nodes-2:1004:1004 [3] NCCL INFO  5 : NET/0-5 GPU/0-93000 GPU/0-e3000 GPU/0-f3000 GPU/0-3000 GPU/0-13000 GPU/0-63000 GPU/0-73000 GPU/0-83000 NET/0-5
gpu-nodes-2:1004:1004 [3] NCCL INFO  6 : NET/0-c GPU/0-e3000 GPU/0-f3000 GPU/0-3000 GPU/0-13000 GPU/0-63000 GPU/0-73000 GPU/0-83000 GPU/0-93000 NET/0-c
gpu-nodes-2:1004:1004 [3] NCCL INFO  7 : NET/0-d GPU/0-f3000 GPU/0-3000 GPU/0-13000 GPU/0-63000 GPU/0-73000 GPU/0-83000 GPU/0-93000 GPU/0-e3000 NET/0-d
gpu-nodes-2:1004:1004 [3] NCCL INFO comm 0x78e410b0 rank 11 nRanks 16 nNodes 2 localRanks 8 localRank 3 MNNVL 0
gpu-nodes-2:1004:1004 [3] NCCL INFO Tree 3 : 3 -> 11 -> 12/-1/-1
gpu-nodes-2:1004:1004 [3] NCCL INFO Tree 11 : -1 -> 11 -> 12/3/-1
gpu-nodes-2:1004:1004 [3] NCCL INFO Ring 00 : 12 -> 11 -> 10
gpu-nodes-2:1004:1004 [3] NCCL INFO Ring 01 : 12 -> 11 -> 10
gpu-nodes-2:1004:1004 [3] NCCL INFO Ring 02 : 12 -> 11 -> 2
gpu-nodes-2:1004:1004 [3] NCCL INFO Ring 03 : 4 -> 11 -> 10
gpu-nodes-2:1004:1004 [3] NCCL INFO Ring 04 : 12 -> 11 -> 10
gpu-nodes-2:1004:1004 [3] NCCL INFO Ring 05 : 12 -> 11 -> 10
gpu-nodes-2:1004:1004 [3] NCCL INFO Ring 06 : 12 -> 11 -> 10
gpu-nodes-2:1004:1004 [3] NCCL INFO Ring 07 : 12 -> 11 -> 10
gpu-nodes-2:1004:1004 [3] NCCL INFO Ring 08 : 12 -> 11 -> 10
gpu-nodes-2:1004:1004 [3] NCCL INFO Ring 09 : 12 -> 11 -> 10
gpu-nodes-2:1004:1004 [3] NCCL INFO Ring 10 : 12 -> 11 -> 2
gpu-nodes-2:1004:1004 [3] NCCL INFO Ring 11 : 4 -> 11 -> 10
gpu-nodes-2:1004:1004 [3] NCCL INFO Ring 12 : 12 -> 11 -> 10
gpu-nodes-2:1004:1004 [3] NCCL INFO Ring 13 : 12 -> 11 -> 10
gpu-nodes-2:1004:1004 [3] NCCL INFO Ring 14 : 12 -> 11 -> 10
gpu-nodes-2:1004:1004 [3] NCCL INFO Ring 15 : 12 -> 11 -> 10
gpu-nodes-2:1004:1004 [3] NCCL INFO Trees [0] 12/-1/-1->11->10 [1] 12/-1/-1->11->10 [2] 12/-1/-1->11->10 [3] 12/-1/-1->11->3 [4] -1/-1/-1->11->10 [5] 12/-1/-1->11->10 [6] 12/-1/-1->11->10 [7] 12/-1/-1->11->10 [8] 12/-1/-1->11->10 [9] 12/-1/-1->11->10 [10] 12/-1/-1->11->10 [11] 12/3/-1->11->-1 [12] -1/-1/-1->11->10 [13] 12/-1/-1->11->10 [14] 12/-1/-1->11->10 [15] 12/-1/-1->11->10
gpu-nodes-2:1004:1004 [3] NCCL INFO P2P Chunksize set to 131072
gpu-nodes-2:1004:1004 [3] NCCL INFO Check P2P Type isAllDirectP2p 1 directMode 0 isAllCudaP2p 1
gpu-nodes-2:1004:1841 [0] NCCL INFO [Proxy Service] Device 3 CPU core 33
gpu-nodes-2:1004:1004 [3] NCCL INFO ncclP2pSchedule: group size used is 8
gpu-nodes-2:1004:1850 [0] NCCL INFO [Proxy Service UDS] Device 3 CPU core 143
gpu-nodes-2:1004:1004 [3] NCCL INFO GPU Direct RDMA Enabled for GPU/0-471040 (rank 11) - NET/0-3 (distance 4 <= 6, read 0, mode Default)
gpu-nodes-2:1004:1841 [3] NCCL INFO New proxy recv connection 0 from local rank 3, transport 2
gpu-nodes-2:1004:1857 [0] NCCL INFO [Proxy Progress] Device 3 CPU core 37
gpu-nodes-2:1004:1004 [3] NCCL INFO Connected to proxy localRank 3 -> connection 0x7d8c0c0083f0
gpu-nodes-2:1004:1004 [3] NCCL INFO Channel 03/0 : 4[4] -> 11[3] [receive] via NET/IB/3/GDRDMA
gpu-nodes-2:1004:1004 [3] NCCL INFO GPU Direct RDMA Enabled for GPU/0-471040 (rank 11) - NET/0-3 (distance 4 <= 6, read 0, mode Default)
gpu-nodes-2:1004:1841 [3] NCCL INFO New proxy recv connection 1 from local rank 3, transport 2
gpu-nodes-2:1004:1004 [3] NCCL INFO Connected to proxy localRank 3 -> connection 0x7d8c0c008478
gpu-nodes-2:1004:1004 [3] NCCL INFO Channel 11/0 : 4[4] -> 11[3] [receive] via NET/IB/3/GDRDMA
gpu-nodes-2:1004:1004 [3] NCCL INFO GPU Direct RDMA Enabled for GPU/0-471040 (rank 11) - NET/0-2 ( using PXN via GPU/0-405504, distance 4 <= 6, read 1, mode Default)
gpu-nodes-2:1004:1004 [3] NCCL INFO Connected to proxy localRank 2 -> connection 0x7d93c80083b0
gpu-nodes-2:1004:1004 [3] NCCL INFO Channel 02/0 : 11[3] -> 2[2] [send] via NET/IB/2(10)/GDRDMA
gpu-nodes-2:1004:1004 [3] NCCL INFO GPU Direct RDMA Enabled for GPU/0-471040 (rank 11) - NET/0-2 ( using PXN via GPU/0-405504, distance 4 <= 6, read 1, mode Default)
gpu-nodes-2:1004:1004 [3] NCCL INFO Connected to proxy localRank 2 -> connection 0x7d93c8008438
gpu-nodes-2:1004:1004 [3] NCCL INFO Channel 10/0 : 11[3] -> 2[2] [send] via NET/IB/2(10)/GDRDMA
gpu-nodes-2:1004:1841 [3] NCCL INFO New proxy send connection 2 from local rank 4, transport 2
gpu-nodes-2:1004:1841 [3] NCCL INFO New proxy send connection 3 from local rank 4, transport 2
gpu-nodes-2:1004:1841 [3] NCCL INFO New proxy recv connection 4 from local rank 3, transport 0
gpu-nodes-2:1004:1004 [3] NCCL INFO Connected to proxy localRank 3 -> connection 0x7d8c0c008610
gpu-nodes-2:1004:1841 [3] NCCL INFO New proxy recv connection 5 from local rank 3, transport 0
gpu-nodes-2:1004:1004 [3] NCCL INFO Connected to proxy localRank 3 -> connection 0x7d8c0c008698
gpu-nodes-2:1004:1841 [3] NCCL INFO New proxy recv connection 6 from local rank 3, transport 0
gpu-nodes-2:1004:1004 [3] NCCL INFO Connected to proxy localRank 3 -> connection 0x7d8c0c008720
gpu-nodes-2:1004:1841 [3] NCCL INFO New proxy recv connection 7 from local rank 3, transport 0
gpu-nodes-2:1004:1004 [3] NCCL INFO Connected to proxy localRank 3 -> connection 0x7d8c0c0087a8
gpu-nodes-2:1004:1841 [3] NCCL INFO New proxy recv connection 8 from local rank 3, transport 0
gpu-nodes-2:1004:1004 [3] NCCL INFO Connected to proxy localRank 3 -> connection 0x7d8c0c008830
gpu-nodes-2:1004:1841 [3] NCCL INFO New proxy recv connection 9 from local rank 3, transport 0
gpu-nodes-2:1004:1004 [3] NCCL INFO Connected to proxy localRank 3 -> connection 0x7d8c0c0088b8
gpu-nodes-2:1004:1841 [3] NCCL INFO New proxy recv connection 10 from local rank 3, transport 0
gpu-nodes-2:1004:1004 [3] NCCL INFO Connected to proxy localRank 3 -> connection 0x7d8c0c008940
gpu-nodes-2:1004:1841 [3] NCCL INFO New proxy recv connection 11 from local rank 3, transport 0
gpu-nodes-2:1004:1004 [3] NCCL INFO Connected to proxy localRank 3 -> connection 0x7d8c0c0089c8
gpu-nodes-2:1004:1841 [3] NCCL INFO New proxy recv connection 12 from local rank 3, transport 0
gpu-nodes-2:1004:1004 [3] NCCL INFO Connected to proxy localRank 3 -> connection 0x7d8c0c008a50
gpu-nodes-2:1004:1841 [3] NCCL INFO New proxy recv connection 13 from local rank 3, transport 0
gpu-nodes-2:1004:1004 [3] NCCL INFO Connected to proxy localRank 3 -> connection 0x7d8c0c008ad8
gpu-nodes-2:1004:1841 [3] NCCL INFO New proxy recv connection 14 from local rank 3, transport 0
gpu-nodes-2:1004:1004 [3] NCCL INFO Connected to proxy localRank 3 -> connection 0x7d8c0c008b60
gpu-nodes-2:1004:1841 [3] NCCL INFO New proxy recv connection 15 from local rank 3, transport 0
gpu-nodes-2:1004:1004 [3] NCCL INFO Connected to proxy localRank 3 -> connection 0x7d8c0c008be8
gpu-nodes-2:1004:1841 [3] NCCL INFO New proxy recv connection 16 from local rank 3, transport 0
gpu-nodes-2:1004:1004 [3] NCCL INFO Connected to proxy localRank 3 -> connection 0x7d8c0c008c70
gpu-nodes-2:1004:1841 [3] NCCL INFO New proxy recv connection 17 from local rank 3, transport 0
gpu-nodes-2:1004:1004 [3] NCCL INFO Connected to proxy localRank 3 -> connection 0x7d8c0c008cf8
gpu-nodes-2:1004:1004 [3] NCCL INFO Channel 00/0 : 11[3] -> 10[2] via P2P/IPC
gpu-nodes-2:1004:1841 [3] NCCL INFO New proxy send connection 18 from local rank 3, transport 0
gpu-nodes-2:1004:1004 [3] NCCL INFO Connected to proxy localRank 3 -> connection 0x7d8c0c008d80
gpu-nodes-2:1004:1004 [3] NCCL INFO Channel 01/0 : 11[3] -> 10[2] via P2P/IPC
gpu-nodes-2:1004:1841 [3] NCCL INFO New proxy send connection 19 from local rank 3, transport 0
gpu-nodes-2:1004:1004 [3] NCCL INFO Connected to proxy localRank 3 -> connection 0x7d8c0c008e08
gpu-nodes-2:1004:1004 [3] NCCL INFO Channel 03/0 : 11[3] -> 10[2] via P2P/IPC
gpu-nodes-2:1004:1841 [3] NCCL INFO New proxy send connection 20 from local rank 3, transport 0
gpu-nodes-2:1004:1004 [3] NCCL INFO Connected to proxy localRank 3 -> connection 0x7d8c0c008e90
gpu-nodes-2:1004:1004 [3] NCCL INFO Channel 04/0 : 11[3] -> 10[2] via P2P/IPC
gpu-nodes-2:1004:1841 [3] NCCL INFO New proxy send connection 21 from local rank 3, transport 0
gpu-nodes-2:1004:1004 [3] NCCL INFO Connected to proxy localRank 3 -> connection 0x7d8c0c008f18
gpu-nodes-2:1004:1004 [3] NCCL INFO Channel 05/0 : 11[3] -> 10[2] via P2P/IPC
gpu-nodes-2:1004:1841 [3] NCCL INFO New proxy send connection 22 from local rank 3, transport 0
gpu-nodes-2:1004:1004 [3] NCCL INFO Connected to proxy localRank 3 -> connection 0x7d8c0c008fa0
gpu-nodes-2:1004:1004 [3] NCCL INFO Channel 06/0 : 11[3] -> 10[2] via P2P/IPC
gpu-nodes-2:1004:1841 [3] NCCL INFO New proxy send connection 23 from local rank 3, transport 0
gpu-nodes-2:1004:1004 [3] NCCL INFO Connected to proxy localRank 3 -> connection 0x7d8c0c009028
gpu-nodes-2:1004:1004 [3] NCCL INFO Channel 07/0 : 11[3] -> 10[2] via P2P/IPC
gpu-nodes-2:1004:1841 [3] NCCL INFO New proxy send connection 24 from local rank 3, transport 0
gpu-nodes-2:1004:1004 [3] NCCL INFO Connected to proxy localRank 3 -> connection 0x7d8c0c0090b0
gpu-nodes-2:1004:1004 [3] NCCL INFO Channel 08/0 : 11[3] -> 10[2] via P2P/IPC
gpu-nodes-2:1004:1841 [3] NCCL INFO New proxy send connection 25 from local rank 3, transport 0
gpu-nodes-2:1004:1004 [3] NCCL INFO Connected to proxy localRank 3 -> connection 0x7d8c0c009138
gpu-nodes-2:1004:1004 [3] NCCL INFO Channel 09/0 : 11[3] -> 10[2] via P2P/IPC
gpu-nodes-2:1004:1841 [3] NCCL INFO New proxy send connection 26 from local rank 3, transport 0
gpu-nodes-2:1004:1004 [3] NCCL INFO Connected to proxy localRank 3 -> connection 0x7d8c0c0091c0
gpu-nodes-2:1004:1004 [3] NCCL INFO Channel 11/0 : 11[3] -> 10[2] via P2P/IPC
gpu-nodes-2:1004:1841 [3] NCCL INFO New proxy send connection 27 from local rank 3, transport 0
gpu-nodes-2:1004:1004 [3] NCCL INFO Connected to proxy localRank 3 -> connection 0x7d8c0c009248
gpu-nodes-2:1004:1004 [3] NCCL INFO Channel 12/0 : 11[3] -> 10[2] via P2P/IPC
gpu-nodes-2:1004:1841 [3] NCCL INFO New proxy send connection 28 from local rank 3, transport 0
gpu-nodes-2:1004:1004 [3] NCCL INFO Connected to proxy localRank 3 -> connection 0x7d8c0c0092d0
gpu-nodes-2:1004:1004 [3] NCCL INFO Channel 13/0 : 11[3] -> 10[2] via P2P/IPC
gpu-nodes-2:1004:1841 [3] NCCL INFO New proxy send connection 29 from local rank 3, transport 0
gpu-nodes-2:1004:1004 [3] NCCL INFO Connected to proxy localRank 3 -> connection 0x7d8c0c009358
gpu-nodes-2:1004:1004 [3] NCCL INFO Channel 14/0 : 11[3] -> 10[2] via P2P/IPC
gpu-nodes-2:1004:1841 [3] NCCL INFO New proxy send connection 30 from local rank 3, transport 0
gpu-nodes-2:1004:1004 [3] NCCL INFO Connected to proxy localRank 3 -> connection 0x7d8c0c0093e0
gpu-nodes-2:1004:1004 [3] NCCL INFO Channel 15/0 : 11[3] -> 10[2] via P2P/IPC
gpu-nodes-2:1004:1841 [3] NCCL INFO New proxy send connection 31 from local rank 3, transport 0
gpu-nodes-2:1004:1004 [3] NCCL INFO Connected to proxy localRank 3 -> connection 0x7d8c0c009468
gpu-nodes-2:1004:1841 [3] NCCL INFO NET/IB: ncclIbResiliencyInit: Resiliency is disabled on the recv communicator (comm=0x7d8c0c025000)
gpu-nodes-2:1004:1841 [3] NCCL INFO NET/IB: ncclIbRecvCommInit: Receive work requests will be posted on-demand
gpu-nodes-2:1004:1841 [3] NCCL INFO NET/IB: ncclIbResiliencyInit: Resiliency is disabled on the recv communicator (comm=0x7d8c0c064000)
gpu-nodes-2:1004:1841 [3] NCCL INFO NET/IB: ncclIbRecvCommInit: Receive work requests will be posted on-demand
gpu-nodes-2:1004:1841 [3] NCCL INFO NET/IB: ncclIbResiliencyInit: Resiliency is disabled on the send communicator (comm=0x7d8c0c0a3000)
gpu-nodes-2:1004:1841 [3] NCCL INFO NET/IB: ncclIbResiliencyInit: Resiliency is disabled on the send communicator (comm=0x7d8c0c0de000)
gpu-nodes-2:1004:1841 [3] NCCL INFO NET/IB: ncclIbReceiverQpsCreateToRts: QP created: port=1 dev=3 devName=mlx5_0 ndevs=14 nmdevs=16 qp_num=553 pkey=0 pd=0x7d8eb4061cd0
gpu-nodes-2:1004:1841 [3] NCCL INFO NET/IB: ncclIbReceiverQpsCreateToRts: QP created: port=1 dev=3 devName=mlx5_0 ndevs=14 nmdevs=16 qp_num=554 pkey=0 pd=0x7d8eb4061cd0
gpu-nodes-2:1004:1841 [3] NCCL INFO NET/IB: ncclIbReceiverQpsCreateToRts: QP created: port=1 dev=3 devName=mlx5_0 ndevs=14 nmdevs=16 qp_num=555 pkey=0 pd=0x7d8eb4061cd0
gpu-nodes-2:1004:1841 [3] NCCL INFO NET/IB: ncclIbReceiverQpsCreateToRts: QP created: port=1 dev=3 devName=mlx5_0 ndevs=14 nmdevs=16 qp_num=556 pkey=0 pd=0x7d8eb4061cd0
gpu-nodes-2:1004:1841 [3] NCCL INFO NET/IB: ncclIbSenderQpsCreate: QP created: port=1 dev=3 devName=mlx5_0 ndevs=14 nmdevs=16 qp_num=557 pkey=0 pd=0x7d8eb4061cd0
gpu-nodes-2:1004:1841 [3] NCCL INFO NET/IB: ncclIbConnect: NCCL Dev 3 IbDev 3 Port 1 qp_num 557 mtu 5 LID 487 subnet-prefix 33022  FLID 0 ctsFifoRkey=0x16e09f ctsFifoLkey=0x16e09f
gpu-nodes-2:1004:1841 [3] NCCL INFO NET/IB: ncclIbConnect: IbDev 3 Port 1 qp_num 557 query_ece={supported=1, vendor_id=0x15b3, options=0x30000200, comp_mask=0x0}
gpu-nodes-2:1004:1841 [3] NCCL INFO NET/IB: ncclIbSenderQpsCreate: QP created: port=1 dev=3 devName=mlx5_0 ndevs=14 nmdevs=16 qp_num=558 pkey=0 pd=0x7d8eb4061cd0
gpu-nodes-2:1004:1841 [3] NCCL INFO NET/IB: ncclIbConnect: NCCL Dev 3 IbDev 3 Port 1 qp_num 558 mtu 5 LID 487 subnet-prefix 33022  FLID 0 ctsFifoRkey=0x173dfd ctsFifoLkey=0x173dfd
gpu-nodes-2:1004:1841 [3] NCCL INFO NET/IB: ncclIbConnect: IbDev 3 Port 1 qp_num 558 query_ece={supported=1, vendor_id=0x15b3, options=0x30000200, comp_mask=0x0}
gpu-nodes-2:1004:1841 [3] NCCL INFO NET/IB: ncclIbSenderQpsToRts: Set ECE: IbDev 3 Port 1 qp_num 557 set_ece={supported=1, vendor_id=0x15b3, options=0x30000200, comp_mask=0x0}
gpu-nodes-2:1004:1841 [3] NCCL INFO NET/IB: ncclIbSenderQpsToRts: Set ECE: IbDev 3 Port 1 qp_num 558 set_ece={supported=1, vendor_id=0x15b3, options=0x30000200, comp_mask=0x0}
gpu-nodes-2:1004:1004 [3] NCCL INFO Connected all rings, use ring PXN 1 GDR 1
gpu-nodes-2:1004:1841 [3] NCCL INFO New proxy recv connection 32 from local rank 3, transport 0
gpu-nodes-2:1004:1004 [3] NCCL INFO Connected to proxy localRank 3 -> connection 0x7d8c0c0094f0
gpu-nodes-2:1004:1841 [3] NCCL INFO New proxy recv connection 33 from local rank 3, transport 0
gpu-nodes-2:1004:1004 [3] NCCL INFO Connected to proxy localRank 3 -> connection 0x7d8c0c009578
gpu-nodes-2:1004:1841 [3] NCCL INFO New proxy recv connection 34 from local rank 3, transport 0
gpu-nodes-2:1004:1004 [3] NCCL INFO Connected to proxy localRank 3 -> connection 0x7d8c0c009600
gpu-nodes-2:1004:1841 [3] NCCL INFO New proxy recv connection 35 from local rank 3, transport 0
gpu-nodes-2:1004:1004 [3] NCCL INFO Connected to proxy localRank 3 -> connection 0x7d8c0c009688
gpu-nodes-2:1004:1841 [3] NCCL INFO New proxy recv connection 36 from local rank 3, transport 0
gpu-nodes-2:1004:1004 [3] NCCL INFO Connected to proxy localRank 3 -> connection 0x7d8c0c009710
gpu-nodes-2:1004:1841 [3] NCCL INFO New proxy recv connection 37 from local rank 3, transport 0
gpu-nodes-2:1004:1004 [3] NCCL INFO Connected to proxy localRank 3 -> connection 0x7d8c0c009798
gpu-nodes-2:1004:1841 [3] NCCL INFO New proxy recv connection 38 from local rank 3, transport 0
gpu-nodes-2:1004:1004 [3] NCCL INFO Connected to proxy localRank 3 -> connection 0x7d8c0c009820
gpu-nodes-2:1004:1841 [3] NCCL INFO New proxy recv connection 39 from local rank 3, transport 0
gpu-nodes-2:1004:1004 [3] NCCL INFO Connected to proxy localRank 3 -> connection 0x7d8c0c0098a8
gpu-nodes-2:1004:1841 [3] NCCL INFO New proxy recv connection 40 from local rank 3, transport 0
gpu-nodes-2:1004:1004 [3] NCCL INFO Connected to proxy localRank 3 -> connection 0x7d8c0c009930
gpu-nodes-2:1004:1841 [3] NCCL INFO New proxy recv connection 41 from local rank 3, transport 0
gpu-nodes-2:1004:1004 [3] NCCL INFO Connected to proxy localRank 3 -> connection 0x7d8c0c0099b8
gpu-nodes-2:1004:1841 [3] NCCL INFO New proxy recv connection 42 from local rank 3, transport 0
gpu-nodes-2:1004:1004 [3] NCCL INFO Connected to proxy localRank 3 -> connection 0x7d8c0c009a40
gpu-nodes-2:1004:1841 [3] NCCL INFO New proxy recv connection 43 from local rank 3, transport 0
gpu-nodes-2:1004:1004 [3] NCCL INFO Connected to proxy localRank 3 -> connection 0x7d8c0c009ac8
gpu-nodes-2:1004:1841 [3] NCCL INFO New proxy recv connection 44 from local rank 3, transport 0
gpu-nodes-2:1004:1004 [3] NCCL INFO Connected to proxy localRank 3 -> connection 0x7d8c0c009b50
gpu-nodes-2:1004:1841 [3] NCCL INFO New proxy recv connection 45 from local rank 3, transport 0
gpu-nodes-2:1004:1004 [3] NCCL INFO Connected to proxy localRank 3 -> connection 0x7d8c0c009bd8
gpu-nodes-2:1004:1004 [3] NCCL INFO Channel 00/0 : 11[3] -> 12[4] via P2P/IPC
gpu-nodes-2:1004:1841 [3] NCCL INFO New proxy send connection 46 from local rank 3, transport 0
gpu-nodes-2:1004:1004 [3] NCCL INFO Connected to proxy localRank 3 -> connection 0x7d8c0c009c60
gpu-nodes-2:1004:1004 [3] NCCL INFO Channel 01/0 : 11[3] -> 12[4] via P2P/IPC
gpu-nodes-2:1004:1841 [3] NCCL INFO New proxy send connection 47 from local rank 3, transport 0
gpu-nodes-2:1004:1004 [3] NCCL INFO Connected to proxy localRank 3 -> connection 0x7d8c0c009ce8
gpu-nodes-2:1004:1004 [3] NCCL INFO Channel 02/0 : 11[3] -> 12[4] via P2P/IPC
gpu-nodes-2:1004:1841 [3] NCCL INFO New proxy send connection 48 from local rank 3, transport 0
gpu-nodes-2:1004:1004 [3] NCCL INFO Connected to proxy localRank 3 -> connection 0x7d8c0c009d70
gpu-nodes-2:1004:1004 [3] NCCL INFO Channel 03/0 : 11[3] -> 12[4] via P2P/IPC
gpu-nodes-2:1004:1841 [3] NCCL INFO New proxy send connection 49 from local rank 3, transport 0
gpu-nodes-2:1004:1004 [3] NCCL INFO Connected to proxy localRank 3 -> connection 0x7d8c0c009df8
gpu-nodes-2:1004:1004 [3] NCCL INFO Channel 05/0 : 11[3] -> 12[4] via P2P/IPC
gpu-nodes-2:1004:1841 [3] NCCL INFO New proxy send connection 50 from local rank 3, transport 0
gpu-nodes-2:1004:1004 [3] NCCL INFO Connected to proxy localRank 3 -> connection 0x7d8c0c009e80
gpu-nodes-2:1004:1004 [3] NCCL INFO Channel 06/0 : 11[3] -> 12[4] via P2P/IPC
gpu-nodes-2:1004:1841 [3] NCCL INFO New proxy send connection 51 from local rank 3, transport 0
gpu-nodes-2:1004:1004 [3] NCCL INFO Connected to proxy localRank 3 -> connection 0x7d8c0c009f08
gpu-nodes-2:1004:1004 [3] NCCL INFO Channel 07/0 : 11[3] -> 12[4] via P2P/IPC
gpu-nodes-2:1004:1841 [3] NCCL INFO New proxy send connection 52 from local rank 3, transport 0
gpu-nodes-2:1004:1004 [3] NCCL INFO Connected to proxy localRank 3 -> connection 0x7d8c0c009f90
gpu-nodes-2:1004:1004 [3] NCCL INFO Channel 08/0 : 11[3] -> 12[4] via P2P/IPC
gpu-nodes-2:1004:1841 [3] NCCL INFO New proxy send connection 53 from local rank 3, transport 0
gpu-nodes-2:1004:1004 [3] NCCL INFO Connected to proxy localRank 3 -> connection 0x7d8c0c00a018
gpu-nodes-2:1004:1004 [3] NCCL INFO Channel 09/0 : 11[3] -> 12[4] via P2P/IPC
gpu-nodes-2:1004:1841 [3] NCCL INFO New proxy send connection 54 from local rank 3, transport 0
gpu-nodes-2:1004:1004 [3] NCCL INFO Connected to proxy localRank 3 -> connection 0x7d8c0c00a0a0
gpu-nodes-2:1004:1004 [3] NCCL INFO Channel 10/0 : 11[3] -> 12[4] via P2P/IPC
gpu-nodes-2:1004:1841 [3] NCCL INFO New proxy send connection 55 from local rank 3, transport 0
gpu-nodes-2:1004:1004 [3] NCCL INFO Connected to proxy localRank 3 -> connection 0x7d8c0c00a128
gpu-nodes-2:1004:1004 [3] NCCL INFO Channel 11/0 : 11[3] -> 12[4] via P2P/IPC
gpu-nodes-2:1004:1841 [3] NCCL INFO New proxy send connection 56 from local rank 3, transport 0
gpu-nodes-2:1004:1004 [3] NCCL INFO Connected to proxy localRank 3 -> connection 0x7d8c0c00a1b0
gpu-nodes-2:1004:1004 [3] NCCL INFO Channel 13/0 : 11[3] -> 12[4] via P2P/IPC
gpu-nodes-2:1004:1841 [3] NCCL INFO New proxy send connection 57 from local rank 3, transport 0
gpu-nodes-2:1004:1004 [3] NCCL INFO Connected to proxy localRank 3 -> connection 0x7d8c0c00a238
gpu-nodes-2:1004:1004 [3] NCCL INFO Channel 14/0 : 11[3] -> 12[4] via P2P/IPC
gpu-nodes-2:1004:1841 [3] NCCL INFO New proxy send connection 58 from local rank 3, transport 0
gpu-nodes-2:1004:1004 [3] NCCL INFO Connected to proxy localRank 3 -> connection 0x7d8c0c00a2c0
gpu-nodes-2:1004:1004 [3] NCCL INFO Channel 15/0 : 11[3] -> 12[4] via P2P/IPC
gpu-nodes-2:1004:1841 [3] NCCL INFO New proxy send connection 59 from local rank 3, transport 0
gpu-nodes-2:1004:1004 [3] NCCL INFO Connected to proxy localRank 3 -> connection 0x7d8c0c00a348
gpu-nodes-2:1004:1004 [3] NCCL INFO GPU Direct RDMA Enabled for GPU/0-471040 (rank 11) - NET/0-3 (distance 4 <= 6, read 0, mode Default)
gpu-nodes-2:1004:1841 [3] NCCL INFO New proxy recv connection 60 from local rank 3, transport 2
gpu-nodes-2:1004:1004 [3] NCCL INFO Connected to proxy localRank 3 -> connection 0x7d8c0c00a3d0
gpu-nodes-2:1004:1004 [3] NCCL INFO Channel 03/0 : 3[3] -> 11[3] [receive] via NET/IB/3/GDRDMA
gpu-nodes-2:1004:1004 [3] NCCL INFO GPU Direct RDMA Enabled for GPU/0-471040 (rank 11) - NET/0-3 (distance 4 <= 6, read 0, mode Default)
gpu-nodes-2:1004:1841 [3] NCCL INFO New proxy recv connection 61 from local rank 3, transport 2
gpu-nodes-2:1004:1004 [3] NCCL INFO Connected to proxy localRank 3 -> connection 0x7d8c0c00a458
gpu-nodes-2:1004:1004 [3] NCCL INFO Channel 11/0 : 3[3] -> 11[3] [receive] via NET/IB/3/GDRDMA
gpu-nodes-2:1004:1004 [3] NCCL INFO GPU Direct RDMA Enabled for GPU/0-471040 (rank 11) - NET/0-3 (distance 4 <= 6, read 1, mode Default)
gpu-nodes-2:1004:1841 [3] NCCL INFO New proxy send connection 62 from local rank 3, transport 2
gpu-nodes-2:1004:1004 [3] NCCL INFO Connected to proxy localRank 3 -> connection 0x7d8c0c00a4e0
gpu-nodes-2:1004:1004 [3] NCCL INFO Channel 03/0 : 11[3] -> 3[3] [send] via NET/IB/3/GDRDMA
gpu-nodes-2:1004:1004 [3] NCCL INFO GPU Direct RDMA Enabled for GPU/0-471040 (rank 11) - NET/0-3 (distance 4 <= 6, read 1, mode Default)
gpu-nodes-2:1004:1841 [3] NCCL INFO New proxy send connection 63 from local rank 3, transport 2
gpu-nodes-2:1004:1004 [3] NCCL INFO Connected to proxy localRank 3 -> connection 0x7d8c0c00a568
gpu-nodes-2:1004:1004 [3] NCCL INFO Channel 11/0 : 11[3] -> 3[3] [send] via NET/IB/3/GDRDMA
gpu-nodes-2:1004:1841 [3] NCCL INFO New proxy recv connection 64 from local rank 3, transport 0
gpu-nodes-2:1004:1004 [3] NCCL INFO Connected to proxy localRank 3 -> connection 0x7d8c0c00a5f0
gpu-nodes-2:1004:1841 [3] NCCL INFO New proxy recv connection 65 from local rank 3, transport 0
gpu-nodes-2:1004:1004 [3] NCCL INFO Connected to proxy localRank 3 -> connection 0x7d8c0c00a678
gpu-nodes-2:1004:1004 [3] NCCL INFO Channel 02/0 : 11[3] -> 10[2] via P2P/IPC
gpu-nodes-2:1004:1841 [3] NCCL INFO New proxy send connection 66 from local rank 3, transport 0
gpu-nodes-2:1004:1004 [3] NCCL INFO Connected to proxy localRank 3 -> connection 0x7d8c0c00a700
gpu-nodes-2:1004:1004 [3] NCCL INFO Channel 10/0 : 11[3] -> 10[2] via P2P/IPC
gpu-nodes-2:1004:1841 [3] NCCL INFO New proxy send connection 67 from local rank 3, transport 0
gpu-nodes-2:1004:1004 [3] NCCL INFO Connected to proxy localRank 3 -> connection 0x7d8c0c00a788
gpu-nodes-2:1004:1841 [3] NCCL INFO NET/IB: ncclIbResiliencyInit: Resiliency is disabled on the send communicator (comm=0x7d8c0c22f000)
gpu-nodes-2:1004:1841 [3] NCCL INFO NET/IB: ncclIbResiliencyInit: Resiliency is disabled on the recv communicator (comm=0x7d8c0c26a000)
gpu-nodes-2:1004:1841 [3] NCCL INFO NET/IB: ncclIbRecvCommInit: Receive work requests will be posted on-demand
gpu-nodes-2:1004:1841 [3] NCCL INFO NET/IB: ncclIbResiliencyInit: Resiliency is disabled on the send communicator (comm=0x7d8c0c2a9000)
gpu-nodes-2:1004:1841 [3] NCCL INFO NET/IB: ncclIbResiliencyInit: Resiliency is disabled on the recv communicator (comm=0x7d8c0c2e4000)
gpu-nodes-2:1004:1841 [3] NCCL INFO NET/IB: ncclIbRecvCommInit: Receive work requests will be posted on-demand
gpu-nodes-2:1004:1841 [3] NCCL INFO NET/IB: ncclIbSenderQpsCreate: QP created: port=1 dev=3 devName=mlx5_0 ndevs=14 nmdevs=16 qp_num=559 pkey=0 pd=0x7d8eb4061cd0
gpu-nodes-2:1004:1841 [3] NCCL INFO NET/IB: ncclIbConnect: NCCL Dev 3 IbDev 3 Port 1 qp_num 559 mtu 5 LID 487 subnet-prefix 33022  FLID 0 ctsFifoRkey=0x167433 ctsFifoLkey=0x167433
gpu-nodes-2:1004:1841 [3] NCCL INFO NET/IB: ncclIbConnect: IbDev 3 Port 1 qp_num 559 query_ece={supported=1, vendor_id=0x15b3, options=0x30000200, comp_mask=0x0}
gpu-nodes-2:1004:1841 [3] NCCL INFO NET/IB: ncclIbReceiverQpsCreateToRts: QP created: port=1 dev=3 devName=mlx5_0 ndevs=14 nmdevs=16 qp_num=560 pkey=0 pd=0x7d8eb4061cd0
gpu-nodes-2:1004:1841 [3] NCCL INFO NET/IB: ncclIbReceiverQpsCreateToRts: QP created: port=1 dev=3 devName=mlx5_0 ndevs=14 nmdevs=16 qp_num=561 pkey=0 pd=0x7d8eb4061cd0
gpu-nodes-2:1004:1841 [3] NCCL INFO NET/IB: ncclIbSenderQpsToRts: Set ECE: IbDev 3 Port 1 qp_num 559 set_ece={supported=1, vendor_id=0x15b3, options=0x30000200, comp_mask=0x0}
gpu-nodes-2:1004:1841 [3] NCCL INFO NET/IB: ncclIbReceiverQpsCreateToRts: QP created: port=1 dev=3 devName=mlx5_0 ndevs=14 nmdevs=16 qp_num=562 pkey=0 pd=0x7d8eb4061cd0
gpu-nodes-2:1004:1841 [3] NCCL INFO NET/IB: ncclIbReceiverQpsCreateToRts: QP created: port=1 dev=3 devName=mlx5_0 ndevs=14 nmdevs=16 qp_num=563 pkey=0 pd=0x7d8eb4061cd0
gpu-nodes-2:1004:1841 [3] NCCL INFO NET/IB: ncclIbSenderQpsCreate: QP created: port=1 dev=3 devName=mlx5_0 ndevs=14 nmdevs=16 qp_num=564 pkey=0 pd=0x7d8eb4061cd0
gpu-nodes-2:1004:1841 [3] NCCL INFO NET/IB: ncclIbConnect: NCCL Dev 3 IbDev 3 Port 1 qp_num 564 mtu 5 LID 487 subnet-prefix 33022  FLID 0 ctsFifoRkey=0x16e4a3 ctsFifoLkey=0x16e4a3
gpu-nodes-2:1004:1841 [3] NCCL INFO NET/IB: ncclIbConnect: IbDev 3 Port 1 qp_num 564 query_ece={supported=1, vendor_id=0x15b3, options=0x30000200, comp_mask=0x0}
gpu-nodes-2:1004:1841 [3] NCCL INFO NET/IB: ncclIbSenderQpsToRts: Set ECE: IbDev 3 Port 1 qp_num 564 set_ece={supported=1, vendor_id=0x15b3, options=0x30000200, comp_mask=0x0}
gpu-nodes-2:1004:1004 [3] NCCL INFO Connected all trees
gpu-nodes-2:1004:1841 [3] NCCL INFO New proxy send connection 68 from local rank 3, transport 2
gpu-nodes-2:1004:1004 [3] NCCL INFO Connected to proxy localRank 3 -> connection 0x7d8c0c00a810
gpu-nodes-2:1004:1004 [3] NCCL INFO GPU Direct RDMA Enabled for GPU/0-471040 (rank 11) - NET/0-0 ( using PXN via GPU/0-12288, distance 4 <= 6, read 1, mode Default)
gpu-nodes-2:1004:1841 [3] NCCL INFO New proxy send connection 69 from local rank 4, transport 2
gpu-nodes-2:1004:1004 [3] NCCL INFO GPU Direct RDMA Enabled for GPU/0-471040 (rank 11) - NET/0-1 ( using PXN via GPU/0-77824, distance 4 <= 6, read 1, mode Default)
gpu-nodes-2:1004:1004 [3] NCCL INFO GPU Direct RDMA Enabled for GPU/0-471040 (rank 11) - NET/0-2 ( using PXN via GPU/0-405504, distance 4 <= 6, read 1, mode Default)
gpu-nodes-2:1004:1004 [3] NCCL INFO GPU Direct RDMA Enabled for GPU/0-471040 (rank 11) - NET/0-4 ( using PXN via GPU/0-536576, distance 4 <= 6, read 1, mode Default)
gpu-nodes-2:1004:1004 [3] NCCL INFO GPU Direct RDMA Enabled for GPU/0-471040 (rank 11) - NET/0-5 ( using PXN via GPU/0-602112, distance 4 <= 6, read 1, mode Default)
gpu-nodes-2:1004:1004 [3] NCCL INFO GPU Direct RDMA Enabled for GPU/0-471040 (rank 11) - NET/0-12 ( using PXN via GPU/0-929792, distance 4 <= 6, read 1, mode Default)
gpu-nodes-2:1004:1004 [3] NCCL INFO GPU Direct RDMA Enabled for GPU/0-471040 (rank 11) - NET/0-13 ( using PXN via GPU/0-995328, distance 4 <= 6, read 1, mode Default)
gpu-nodes-2:1004:1004 [3] NCCL INFO GPU Direct RDMA Enabled for GPU/0-471040 (rank 11) - NET/0-0 ( using PXN via GPU/0-12288, distance 4 <= 6, read 1, mode Default)
gpu-nodes-2:1004:1004 [3] NCCL INFO GPU Direct RDMA Enabled for GPU/0-471040 (rank 11) - NET/0-1 ( using PXN via GPU/0-77824, distance 4 <= 6, read 1, mode Default)
gpu-nodes-2:1004:1004 [3] NCCL INFO GPU Direct RDMA Enabled for GPU/0-471040 (rank 11) - NET/0-2 ( using PXN via GPU/0-405504, distance 4 <= 6, read 1, mode Default)
gpu-nodes-2:1004:1004 [3] NCCL INFO GPU Direct RDMA Enabled for GPU/0-471040 (rank 11) - NET/0-4 ( using PXN via GPU/0-536576, distance 4 <= 6, read 1, mode Default)
gpu-nodes-2:1004:1004 [3] NCCL INFO GPU Direct RDMA Enabled for GPU/0-471040 (rank 11) - NET/0-5 ( using PXN via GPU/0-602112, distance 4 <= 6, read 1, mode Default)
gpu-nodes-2:1004:1004 [3] NCCL INFO GPU Direct RDMA Enabled for GPU/0-471040 (rank 11) - NET/0-12 ( using PXN via GPU/0-929792, distance 4 <= 6, read 1, mode Default)
gpu-nodes-2:1004:1004 [3] NCCL INFO GPU Direct RDMA Enabled for GPU/0-471040 (rank 11) - NET/0-13 ( using PXN via GPU/0-995328, distance 4 <= 6, read 1, mode Default)
gpu-nodes-2:1004:1004 [3] NCCL INFO Connected to proxy localRank 0 -> connection 0x771fb800a6c0
gpu-nodes-2:1004:1841 [3] NCCL INFO New proxy send connection 70 from local rank 5, transport 2
gpu-nodes-2:1004:1004 [3] NCCL INFO Connected to proxy localRank 1 -> connection 0x74e61800dab0
gpu-nodes-2:1004:1841 [3] NCCL INFO New proxy send connection 71 from local rank 1, transport 2
gpu-nodes-2:1004:1004 [3] NCCL INFO Connected to proxy localRank 2 -> connection 0x7d93c800a968
gpu-nodes-2:1004:1841 [3] NCCL INFO New proxy send connection 72 from local rank 0, transport 2
gpu-nodes-2:1004:1004 [3] NCCL INFO Connected to proxy localRank 4 -> connection 0x7a097000be30
gpu-nodes-2:1004:1841 [3] NCCL INFO New proxy send connection 73 from local rank 7, transport 2
gpu-nodes-2:1004:1841 [3] NCCL INFO New proxy send connection 74 from local rank 6, transport 2
gpu-nodes-2:1004:1841 [3] NCCL INFO New proxy send connection 75 from local rank 2, transport 2
gpu-nodes-2:1004:1004 [3] NCCL INFO Connected to proxy localRank 5 -> connection 0x767fd800a410
gpu-nodes-2:1004:1004 [3] NCCL INFO Connected to proxy localRank 6 -> connection 0x7813a400ebd8
gpu-nodes-2:1004:1004 [3] NCCL INFO Connected to proxy localRank 7 -> connection 0x797a4000e588
gpu-nodes-2:1004:1004 [3] NCCL INFO threadThresholds 8/8/64 | 128/8/64 | 512 | 512
gpu-nodes-2:1004:1004 [3] NCCL INFO 16 coll channels, 16 collnet channels, 0 nvls channels, 16 p2p channels, 4 p2p channels per peer
gpu-nodes-2:1004:1004 [3] NCCL INFO Symmetric memory is not supported. cuMemEnable 0, globalGinSupport 0, globalNicFused 1 cuMemGdrSupport 1
gpu-nodes-2:1004:1004 [3] NCCL INFO ncclCommInitRankConfig comm 0x78e410b0 rank 11 nranks 16 cudaDev 3 nvmlDev 3 busId 73000 commId 0x84b4cfcf2fe0d31f - Init COMPLETE
gpu-nodes-2:1004:1004 [3] NCCL INFO Init timings - ncclCommInitRankConfig: rank 11 nranks 16 total 1.54 (kernels 0.00, alloc 0.00, bootstrap 0.00, allgathers 0.09, topo 0.92, graphs 0.08, connections 0.44, rest 0.00)
gpu-nodes-2:1004:1004 [3] NCCL INFO Initialized NET plugin IB
gpu-nodes-2:1004:1004 [3] NCCL INFO Assigned NET plugin IB to comm
gpu-nodes-2:1004:1004 [3] NCCL INFO Assigned GIN plugin GIN_IB_GDAKI to comm
gpu-nodes-2:1004:1004 [3] NCCL INFO Assigned RMA plugin GIN_IB_PROXY to comm
gpu-nodes-2:1004:1004 [3] NCCL INFO Using network IB
gpu-nodes-2:1004:1004 [3] NCCL INFO DMA-BUF is available on GPU device 3
gpu-nodes-2:1004:1004 [3] NCCL INFO [Rank 12] ncclCommInitRankConfig comm 0x942d9970 rank 12 nranks 17 cudaDev 3 nvmlDev 3 busId 73000 commId 0x5bb78f2499fbe24a - Init START
gpu-nodes-2:1004:1004 [3] NCCL INFO MNNVL busId 0x73000 fabric UUID 0.0 cliqueId 0x0 state 3 healthMask 0x80
gpu-nodes-2:1004:1004 [3] NCCL INFO Could not find real path of /sys/class/pci_bus/fffffff/../../fffffff:ff:f
gpu-nodes-2:1004:1004 [3] NCCL INFO TOPO/NET : Importing network plugins to topology
gpu-nodes-2:1004:1004 [3] NCCL INFO NET/GIN_IB_GDAKI : GPU Direct RDMA Enabled for HCA 0 'mlx5_1'
gpu-nodes-2:1004:1004 [3] NCCL INFO ncclTopoPopulateNics : Filled mlx5_1 in topo with pciPath=/sys/devices/pci0000:00/0000:00:01.1/0000:01:00.0/0000:02:01.0/0000:04:00.0 net=0 gin=1 keep=1 coll=(null)
gpu-nodes-2:1004:1004 [3] NCCL INFO NET/GIN_IB_GDAKI : GPU Direct RDMA Enabled for HCA 1 'mlx5_3'
gpu-nodes-2:1004:1004 [3] NCCL INFO ncclTopoPopulateNics : Filled mlx5_3 in topo with pciPath=/sys/devices/pci0000:10/0000:10:01.1/0000:11:00.0/0000:12:01.0/0000:14:00.0 net=0 gin=1 keep=1 coll=(null)
gpu-nodes-2:1004:1004 [3] NCCL INFO NET/GIN_IB_GDAKI : GPU Direct RDMA Enabled for HCA 2 'mlx5_2'
gpu-nodes-2:1004:1004 [3] NCCL INFO ncclTopoPopulateNics : Filled mlx5_2 in topo with pciPath=/sys/devices/pci0000:60/0000:60:01.1/0000:61:00.0/0000:62:01.0/0000:64:00.0 net=0 gin=1 keep=1 coll=(null)
gpu-nodes-2:1004:1004 [3] NCCL INFO NET/GIN_IB_GDAKI : GPU Direct RDMA Enabled for HCA 3 'mlx5_0'
gpu-nodes-2:1004:1004 [3] NCCL INFO ncclTopoPopulateNics : Filled mlx5_0 in topo with pciPath=/sys/devices/pci0000:70/0000:70:01.1/0000:71:00.0/0000:72:01.0/0000:74:00.0 net=0 gin=1 keep=1 coll=(null)
gpu-nodes-2:1004:1004 [3] NCCL INFO NET/GIN_IB_GDAKI : GPU Direct RDMA Enabled for HCA 4 'mlx5_9'
gpu-nodes-2:1004:1004 [3] NCCL INFO ncclTopoPopulateNics : Filled mlx5_9 in topo with pciPath=/sys/devices/pci0000:80/0000:80:01.1/0000:81:00.0/0000:82:01.0/0000:84:00.0 net=0 gin=1 keep=1 coll=(null)
gpu-nodes-2:1004:1004 [3] NCCL INFO NET/GIN_IB_GDAKI : GPU Direct RDMA Enabled for HCA 5 'mlx5_13'
gpu-nodes-2:1004:1004 [3] NCCL INFO ncclTopoPopulateNics : Filled mlx5_13 in topo with pciPath=/sys/devices/pci0000:90/0000:90:01.1/0000:91:00.0/0000:92:01.0/0000:94:00.0 net=0 gin=1 keep=1 coll=(null)
gpu-nodes-2:1004:1004 [3] NCCL INFO NET/GIN_IB_GDAKI : GPU Direct RDMA Enabled for HCA 6 'mlx5_10'
gpu-nodes-2:1004:1004 [3] NCCL INFO ncclTopoPopulateNics : Filled mlx5_10 in topo with pciPath=/sys/devices/pci0000:c0/0000:c0:01.1/0000:c1:00.0 net=0 gin=1 keep=1 coll=(null)
gpu-nodes-2:1004:1004 [3] NCCL INFO NET/GIN_IB_GDAKI : GPU Direct RDMA Enabled for HCA 7 'mlx5_11'
gpu-nodes-2:1004:1004 [3] NCCL INFO ncclTopoPopulateNics : Filled mlx5_11 in topo with pciPath=/sys/devices/pci0000:c0/0000:c0:01.1/0000:c1:00.0 net=0 gin=1 keep=1 coll=(null)
gpu-nodes-2:1004:1004 [3] NCCL INFO NET/GIN_IB_GDAKI : GPU Direct RDMA Enabled for HCA 8 'mlx5_5'
gpu-nodes-2:1004:1004 [3] NCCL INFO ncclTopoPopulateNics : Filled mlx5_5 in topo with pciPath=/sys/devices/pci0000:d0/0000:d0:03.3/0000:d2:00.0 net=0 gin=1 keep=1 coll=(null)
gpu-nodes-2:1004:1004 [3] NCCL INFO NET/GIN_IB_GDAKI : GPU Direct RDMA Enabled for HCA 9 'mlx5_6'
gpu-nodes-2:1004:1004 [3] NCCL INFO ncclTopoPopulateNics : Filled mlx5_6 in topo with pciPath=/sys/devices/pci0000:d0/0000:d0:03.3/0000:d2:00.0 net=0 gin=1 keep=1 coll=(null)
gpu-nodes-2:1004:1004 [3] NCCL INFO NET/GIN_IB_GDAKI : GPU Direct RDMA Enabled for HCA 10 'mlx5_7'
gpu-nodes-2:1004:1004 [3] NCCL INFO ncclTopoPopulateNics : Filled mlx5_7 in topo with pciPath=/sys/devices/pci0000:d0/0000:d0:03.3/0000:d2:00.0 net=0 gin=1 keep=1 coll=(null)
gpu-nodes-2:1004:1004 [3] NCCL INFO NET/GIN_IB_GDAKI : GPU Direct RDMA Enabled for HCA 11 'mlx5_8'
gpu-nodes-2:1004:1004 [3] NCCL INFO ncclTopoPopulateNics : Filled mlx5_8 in topo with pciPath=/sys/devices/pci0000:d0/0000:d0:03.3/0000:d2:00.0 net=0 gin=1 keep=1 coll=(null)
gpu-nodes-2:1004:1004 [3] NCCL INFO NET/GIN_IB_GDAKI : GPU Direct RDMA Enabled for HCA 12 'mlx5_12'
gpu-nodes-2:1004:1004 [3] NCCL INFO ncclTopoPopulateNics : Filled mlx5_12 in topo with pciPath=/sys/devices/pci0000:e0/0000:e0:01.1/0000:e1:00.0/0000:e2:01.0/0000:e4:00.0 net=0 gin=1 keep=1 coll=(null)
gpu-nodes-2:1004:1004 [3] NCCL INFO NET/GIN_IB_GDAKI : GPU Direct RDMA Enabled for HCA 13 'mlx5_4'
gpu-nodes-2:1004:1004 [3] NCCL INFO ncclTopoPopulateNics : Filled mlx5_4 in topo with pciPath=/sys/devices/pci0000:f0/0000:f0:01.1/0000:f1:00.0/0000:f2:01.0/0000:f4:00.0 net=0 gin=1 keep=1 coll=(null)
gpu-nodes-2:1004:1004 [3] NCCL INFO NET/IB : GPU Direct RDMA Enabled for HCA 0 'mlx5_1'
gpu-nodes-2:1004:1004 [3] NCCL INFO ncclTopoPopulateNics : Filled mlx5_1 in topo with pciPath=/sys/devices/pci0000:00/0000:00:01.1/0000:01:00.0/0000:02:01.0/0000:04:00.0 net=1 gin=1 keep=1 coll=(null)
gpu-nodes-2:1004:1004 [3] NCCL INFO NET/IB : GPU Direct RDMA Enabled for HCA 1 'mlx5_3'
gpu-nodes-2:1004:1004 [3] NCCL INFO ncclTopoPopulateNics : Filled mlx5_3 in topo with pciPath=/sys/devices/pci0000:10/0000:10:01.1/0000:11:00.0/0000:12:01.0/0000:14:00.0 net=1 gin=1 keep=1 coll=(null)
gpu-nodes-2:1004:1004 [3] NCCL INFO NET/IB : GPU Direct RDMA Enabled for HCA 2 'mlx5_2'
gpu-nodes-2:1004:1004 [3] NCCL INFO ncclTopoPopulateNics : Filled mlx5_2 in topo with pciPath=/sys/devices/pci0000:60/0000:60:01.1/0000:61:00.0/0000:62:01.0/0000:64:00.0 net=1 gin=1 keep=1 coll=(null)
gpu-nodes-2:1004:1004 [3] NCCL INFO NET/IB : GPU Direct RDMA Enabled for HCA 3 'mlx5_0'
gpu-nodes-2:1004:1004 [3] NCCL INFO ncclTopoPopulateNics : Filled mlx5_0 in topo with pciPath=/sys/devices/pci0000:70/0000:70:01.1/0000:71:00.0/0000:72:01.0/0000:74:00.0 net=1 gin=1 keep=1 coll=(null)
gpu-nodes-2:1004:1004 [3] NCCL INFO NET/IB : GPU Direct RDMA Enabled for HCA 4 'mlx5_9'
gpu-nodes-2:1004:1004 [3] NCCL INFO ncclTopoPopulateNics : Filled mlx5_9 in topo with pciPath=/sys/devices/pci0000:80/0000:80:01.1/0000:81:00.0/0000:82:01.0/0000:84:00.0 net=1 gin=1 keep=1 coll=(null)
gpu-nodes-2:1004:1004 [3] NCCL INFO NET/IB : GPU Direct RDMA Enabled for HCA 5 'mlx5_13'
gpu-nodes-2:1004:1004 [3] NCCL INFO ncclTopoPopulateNics : Filled mlx5_13 in topo with pciPath=/sys/devices/pci0000:90/0000:90:01.1/0000:91:00.0/0000:92:01.0/0000:94:00.0 net=1 gin=1 keep=1 coll=(null)
gpu-nodes-2:1004:1004 [3] NCCL INFO NET/IB : GPU Direct RDMA Enabled for HCA 6 'mlx5_10'
gpu-nodes-2:1004:1004 [3] NCCL INFO ncclTopoPopulateNics : Filled mlx5_10 in topo with pciPath=/sys/devices/pci0000:c0/0000:c0:01.1/0000:c1:00.0 net=1 gin=1 keep=1 coll=(null)
gpu-nodes-2:1004:1004 [3] NCCL INFO NET/IB : GPU Direct RDMA Enabled for HCA 7 'mlx5_11'
gpu-nodes-2:1004:1004 [3] NCCL INFO ncclTopoPopulateNics : Filled mlx5_11 in topo with pciPath=/sys/devices/pci0000:c0/0000:c0:01.1/0000:c1:00.0 net=1 gin=1 keep=1 coll=(null)
gpu-nodes-2:1004:1004 [3] NCCL INFO NET/IB : GPU Direct RDMA Enabled for HCA 8 'mlx5_5'
gpu-nodes-2:1004:1004 [3] NCCL INFO ncclTopoPopulateNics : Filled mlx5_5 in topo with pciPath=/sys/devices/pci0000:d0/0000:d0:03.3/0000:d2:00.0 net=1 gin=1 keep=1 coll=(null)
gpu-nodes-2:1004:1004 [3] NCCL INFO NET/IB : GPU Direct RDMA Enabled for HCA 9 'mlx5_6'
gpu-nodes-2:1004:1004 [3] NCCL INFO ncclTopoPopulateNics : Filled mlx5_6 in topo with pciPath=/sys/devices/pci0000:d0/0000:d0:03.3/0000:d2:00.0 net=1 gin=1 keep=1 coll=(null)
gpu-nodes-2:1004:1004 [3] NCCL INFO NET/IB : GPU Direct RDMA Enabled for HCA 10 'mlx5_7'
gpu-nodes-2:1004:1004 [3] NCCL INFO ncclTopoPopulateNics : Filled mlx5_7 in topo with pciPath=/sys/devices/pci0000:d0/0000:d0:03.3/0000:d2:00.0 net=1 gin=1 keep=1 coll=(null)
gpu-nodes-2:1004:1004 [3] NCCL INFO NET/IB : GPU Direct RDMA Enabled for HCA 11 'mlx5_8'
gpu-nodes-2:1004:1004 [3] NCCL INFO ncclTopoPopulateNics : Filled mlx5_8 in topo with pciPath=/sys/devices/pci0000:d0/0000:d0:03.3/0000:d2:00.0 net=1 gin=1 keep=1 coll=(null)
gpu-nodes-2:1004:1004 [3] NCCL INFO NET/IB : GPU Direct RDMA Enabled for HCA 12 'mlx5_12'
gpu-nodes-2:1004:1004 [3] NCCL INFO ncclTopoPopulateNics : Filled mlx5_12 in topo with pciPath=/sys/devices/pci0000:e0/0000:e0:01.1/0000:e1:00.0/0000:e2:01.0/0000:e4:00.0 net=1 gin=1 keep=1 coll=(null)
gpu-nodes-2:1004:1004 [3] NCCL INFO NET/IB : GPU Direct RDMA Enabled for HCA 13 'mlx5_4'
gpu-nodes-2:1004:1004 [3] NCCL INFO ncclTopoPopulateNics : Filled mlx5_4 in topo with pciPath=/sys/devices/pci0000:f0/0000:f0:01.1/0000:f1:00.0/0000:f2:01.0/0000:f4:00.0 net=1 gin=1 keep=1 coll=(null)
gpu-nodes-2:1004:1004 [3] NCCL INFO NET/IB : GPU Direct RDMA Enabled for HCA 14 'mlx5_10+mlx5_11'
gpu-nodes-2:1004:1004 [3] NCCL INFO ncclTopoPopulateNics : Filled mlx5_10+mlx5_11 in topo with pciPath=/sys/devices/pci0000:c0/0000:c0:01.1/0000:c1:00.0 net=1 gin=(null) keep=1 coll=(null)
gpu-nodes-2:1004:1004 [3] NCCL INFO NET/IB : GPU Direct RDMA Enabled for HCA 15 'mlx5_5+mlx5_6+mlx5_7+mlx5_8'
gpu-nodes-2:1004:1004 [3] NCCL INFO ncclTopoPopulateNics : Filled mlx5_5+mlx5_6+mlx5_7+mlx5_8 in topo with pciPath=/sys/devices/pci0000:d0/0000:d0:03.3/0000:d2:00.0 net=1 gin=(null) keep=1 coll=(null)
gpu-nodes-2:1004:1004 [3] NCCL INFO GPU Direct RDMA Enabled for GPU/0-12288 (rank 9) - NET/0-0 (distance 4 <= 6, read 0, mode Default)
gpu-nodes-2:1004:1004 [3] NCCL INFO GPU Direct RDMA Enabled for GPU/0-77824 (rank 10) - NET/0-0 ( using PXN via GPU/0-12288, distance 4 <= 6, read 0, mode Default)
gpu-nodes-2:1004:1004 [3] NCCL INFO GPU Direct RDMA Enabled for GPU/0-405504 (rank 11) - NET/0-0 ( using PXN via GPU/0-12288, distance 4 <= 6, read 0, mode Default)
gpu-nodes-2:1004:1004 [3] NCCL INFO GPU Direct RDMA Enabled for GPU/0-471040 (rank 12) - NET/0-0 ( using PXN via GPU/0-12288, distance 4 <= 6, read 0, mode Default)
gpu-nodes-2:1004:1004 [3] NCCL INFO GPU Direct RDMA Enabled for GPU/0-536576 (rank 13) - NET/0-0 ( using PXN via GPU/0-12288, distance 4 <= 6, read 0, mode Default)
gpu-nodes-2:1004:1004 [3] NCCL INFO GPU Direct RDMA Enabled for GPU/0-602112 (rank 14) - NET/0-0 ( using PXN via GPU/0-12288, distance 4 <= 6, read 0, mode Default)
gpu-nodes-2:1004:1004 [3] NCCL INFO GPU Direct RDMA Enabled for GPU/0-929792 (rank 15) - NET/0-0 ( using PXN via GPU/0-12288, distance 4 <= 6, read 0, mode Default)
gpu-nodes-2:1004:1004 [3] NCCL INFO GPU Direct RDMA Enabled for GPU/0-995328 (rank 16) - NET/0-0 ( using PXN via GPU/0-12288, distance 4 <= 6, read 0, mode Default)
gpu-nodes-2:1004:1004 [3] NCCL INFO GPU Direct RDMA Enabled for GPU/0-12288 (rank 9) - NET/0-1 ( using PXN via GPU/0-77824, distance 4 <= 6, read 0, mode Default)
gpu-nodes-2:1004:1004 [3] NCCL INFO GPU Direct RDMA Enabled for GPU/0-77824 (rank 10) - NET/0-1 (distance 4 <= 6, read 0, mode Default)
gpu-nodes-2:1004:1004 [3] NCCL INFO GPU Direct RDMA Enabled for GPU/0-405504 (rank 11) - NET/0-1 ( using PXN via GPU/0-77824, distance 4 <= 6, read 0, mode Default)
gpu-nodes-2:1004:1004 [3] NCCL INFO GPU Direct RDMA Enabled for GPU/0-471040 (rank 12) - NET/0-1 ( using PXN via GPU/0-77824, distance 4 <= 6, read 0, mode Default)
gpu-nodes-2:1004:1004 [3] NCCL INFO GPU Direct RDMA Enabled for GPU/0-536576 (rank 13) - NET/0-1 ( using PXN via GPU/0-77824, distance 4 <= 6, read 0, mode Default)
gpu-nodes-2:1004:1004 [3] NCCL INFO GPU Direct RDMA Enabled for GPU/0-602112 (rank 14) - NET/0-1 ( using PXN via GPU/0-77824, distance 4 <= 6, read 0, mode Default)
gpu-nodes-2:1004:1004 [3] NCCL INFO GPU Direct RDMA Enabled for GPU/0-929792 (rank 15) - NET/0-1 ( using PXN via GPU/0-77824, distance 4 <= 6, read 0, mode Default)
gpu-nodes-2:1004:1004 [3] NCCL INFO GPU Direct RDMA Enabled for GPU/0-995328 (rank 16) - NET/0-1 ( using PXN via GPU/0-77824, distance 4 <= 6, read 0, mode Default)
gpu-nodes-2:1004:1004 [3] NCCL INFO GPU Direct RDMA Enabled for GPU/0-12288 (rank 9) - NET/0-2 ( using PXN via GPU/0-405504, distance 4 <= 6, read 0, mode Default)
gpu-nodes-2:1004:1004 [3] NCCL INFO GPU Direct RDMA Enabled for GPU/0-77824 (rank 10) - NET/0-2 ( using PXN via GPU/0-405504, distance 4 <= 6, read 0, mode Default)
gpu-nodes-2:1004:1004 [3] NCCL INFO GPU Direct RDMA Enabled for GPU/0-405504 (rank 11) - NET/0-2 (distance 4 <= 6, read 0, mode Default)
gpu-nodes-2:1004:1004 [3] NCCL INFO GPU Direct RDMA Enabled for GPU/0-471040 (rank 12) - NET/0-2 ( using PXN via GPU/0-405504, distance 4 <= 6, read 0, mode Default)
gpu-nodes-2:1004:1004 [3] NCCL INFO GPU Direct RDMA Enabled for GPU/0-536576 (rank 13) - NET/0-2 ( using PXN via GPU/0-405504, distance 4 <= 6, read 0, mode Default)
gpu-nodes-2:1004:1004 [3] NCCL INFO GPU Direct RDMA Enabled for GPU/0-602112 (rank 14) - NET/0-2 ( using PXN via GPU/0-405504, distance 4 <= 6, read 0, mode Default)
gpu-nodes-2:1004:1004 [3] NCCL INFO GPU Direct RDMA Enabled for GPU/0-929792 (rank 15) - NET/0-2 ( using PXN via GPU/0-405504, distance 4 <= 6, read 0, mode Default)
gpu-nodes-2:1004:1004 [3] NCCL INFO GPU Direct RDMA Enabled for GPU/0-995328 (rank 16) - NET/0-2 ( using PXN via GPU/0-405504, distance 4 <= 6, read 0, mode Default)
gpu-nodes-2:1004:1004 [3] NCCL INFO GPU Direct RDMA Enabled for GPU/0-12288 (rank 9) - NET/0-3 ( using PXN via GPU/0-471040, distance 4 <= 6, read 0, mode Default)
gpu-nodes-2:1004:1004 [3] NCCL INFO GPU Direct RDMA Enabled for GPU/0-77824 (rank 10) - NET/0-3 ( using PXN via GPU/0-471040, distance 4 <= 6, read 0, mode Default)
gpu-nodes-2:1004:1004 [3] NCCL INFO GPU Direct RDMA Enabled for GPU/0-405504 (rank 11) - NET/0-3 ( using PXN via GPU/0-471040, distance 4 <= 6, read 0, mode Default)
gpu-nodes-2:1004:1004 [3] NCCL INFO GPU Direct RDMA Enabled for GPU/0-471040 (rank 12) - NET/0-3 (distance 4 <= 6, read 0, mode Default)
gpu-nodes-2:1004:1004 [3] NCCL INFO GPU Direct RDMA Enabled for GPU/0-536576 (rank 13) - NET/0-3 ( using PXN via GPU/0-471040, distance 4 <= 6, read 0, mode Default)
gpu-nodes-2:1004:1004 [3] NCCL INFO GPU Direct RDMA Enabled for GPU/0-602112 (rank 14) - NET/0-3 ( using PXN via GPU/0-471040, distance 4 <= 6, read 0, mode Default)
gpu-nodes-2:1004:1004 [3] NCCL INFO GPU Direct RDMA Enabled for GPU/0-929792 (rank 15) - NET/0-3 ( using PXN via GPU/0-471040, distance 4 <= 6, read 0, mode Default)
gpu-nodes-2:1004:1004 [3] NCCL INFO GPU Direct RDMA Enabled for GPU/0-995328 (rank 16) - NET/0-3 ( using PXN via GPU/0-471040, distance 4 <= 6, read 0, mode Default)
gpu-nodes-2:1004:1004 [3] NCCL INFO GPU Direct RDMA Enabled for GPU/0-12288 (rank 9) - NET/0-4 ( using PXN via GPU/0-536576, distance 4 <= 6, read 0, mode Default)
gpu-nodes-2:1004:1004 [3] NCCL INFO GPU Direct RDMA Enabled for GPU/0-77824 (rank 10) - NET/0-4 ( using PXN via GPU/0-536576, distance 4 <= 6, read 0, mode Default)
gpu-nodes-2:1004:1004 [3] NCCL INFO GPU Direct RDMA Enabled for GPU/0-405504 (rank 11) - NET/0-4 ( using PXN via GPU/0-536576, distance 4 <= 6, read 0, mode Default)
gpu-nodes-2:1004:1004 [3] NCCL INFO GPU Direct RDMA Enabled for GPU/0-471040 (rank 12) - NET/0-4 ( using PXN via GPU/0-536576, distance 4 <= 6, read 0, mode Default)
gpu-nodes-2:1004:1004 [3] NCCL INFO GPU Direct RDMA Enabled for GPU/0-536576 (rank 13) - NET/0-4 (distance 4 <= 6, read 0, mode Default)
gpu-nodes-2:1004:1004 [3] NCCL INFO GPU Direct RDMA Enabled for GPU/0-602112 (rank 14) - NET/0-4 ( using PXN via GPU/0-536576, distance 4 <= 6, read 0, mode Default)
gpu-nodes-2:1004:1004 [3] NCCL INFO GPU Direct RDMA Enabled for GPU/0-929792 (rank 15) - NET/0-4 ( using PXN via GPU/0-536576, distance 4 <= 6, read 0, mode Default)
gpu-nodes-2:1004:1004 [3] NCCL INFO GPU Direct RDMA Enabled for GPU/0-995328 (rank 16) - NET/0-4 ( using PXN via GPU/0-536576, distance 4 <= 6, read 0, mode Default)
gpu-nodes-2:1004:1004 [3] NCCL INFO GPU Direct RDMA Enabled for GPU/0-12288 (rank 9) - NET/0-5 ( using PXN via GPU/0-602112, distance 4 <= 6, read 0, mode Default)
gpu-nodes-2:1004:1004 [3] NCCL INFO GPU Direct RDMA Enabled for GPU/0-77824 (rank 10) - NET/0-5 ( using PXN via GPU/0-602112, distance 4 <= 6, read 0, mode Default)
gpu-nodes-2:1004:1004 [3] NCCL INFO GPU Direct RDMA Enabled for GPU/0-405504 (rank 11) - NET/0-5 ( using PXN via GPU/0-602112, distance 4 <= 6, read 0, mode Default)
gpu-nodes-2:1004:1004 [3] NCCL INFO GPU Direct RDMA Enabled for GPU/0-471040 (rank 12) - NET/0-5 ( using PXN via GPU/0-602112, distance 4 <= 6, read 0, mode Default)
gpu-nodes-2:1004:1004 [3] NCCL INFO GPU Direct RDMA Enabled for GPU/0-536576 (rank 13) - NET/0-5 ( using PXN via GPU/0-602112, distance 4 <= 6, read 0, mode Default)
gpu-nodes-2:1004:1004 [3] NCCL INFO GPU Direct RDMA Enabled for GPU/0-602112 (rank 14) - NET/0-5 (distance 4 <= 6, read 0, mode Default)
gpu-nodes-2:1004:1004 [3] NCCL INFO GPU Direct RDMA Enabled for GPU/0-929792 (rank 15) - NET/0-5 ( using PXN via GPU/0-602112, distance 4 <= 6, read 0, mode Default)
gpu-nodes-2:1004:1004 [3] NCCL INFO GPU Direct RDMA Enabled for GPU/0-995328 (rank 16) - NET/0-5 ( using PXN via GPU/0-602112, distance 4 <= 6, read 0, mode Default)
gpu-nodes-2:1004:1004 [3] NCCL INFO GPU Direct RDMA Enabled for GPU/0-12288 (rank 9) - NET/0-12 ( using PXN via GPU/0-929792, distance 4 <= 6, read 0, mode Default)
gpu-nodes-2:1004:1004 [3] NCCL INFO GPU Direct RDMA Enabled for GPU/0-77824 (rank 10) - NET/0-12 ( using PXN via GPU/0-929792, distance 4 <= 6, read 0, mode Default)
gpu-nodes-2:1004:1004 [3] NCCL INFO GPU Direct RDMA Enabled for GPU/0-405504 (rank 11) - NET/0-12 ( using PXN via GPU/0-929792, distance 4 <= 6, read 0, mode Default)
gpu-nodes-2:1004:1004 [3] NCCL INFO GPU Direct RDMA Enabled for GPU/0-471040 (rank 12) - NET/0-12 ( using PXN via GPU/0-929792, distance 4 <= 6, read 0, mode Default)
gpu-nodes-2:1004:1004 [3] NCCL INFO GPU Direct RDMA Enabled for GPU/0-536576 (rank 13) - NET/0-12 ( using PXN via GPU/0-929792, distance 4 <= 6, read 0, mode Default)
gpu-nodes-2:1004:1004 [3] NCCL INFO GPU Direct RDMA Enabled for GPU/0-602112 (rank 14) - NET/0-12 ( using PXN via GPU/0-929792, distance 4 <= 6, read 0, mode Default)
gpu-nodes-2:1004:1004 [3] NCCL INFO GPU Direct RDMA Enabled for GPU/0-929792 (rank 15) - NET/0-12 (distance 4 <= 6, read 0, mode Default)
gpu-nodes-2:1004:1004 [3] NCCL INFO GPU Direct RDMA Enabled for GPU/0-995328 (rank 16) - NET/0-12 ( using PXN via GPU/0-929792, distance 4 <= 6, read 0, mode Default)
gpu-nodes-2:1004:1004 [3] NCCL INFO GPU Direct RDMA Enabled for GPU/0-12288 (rank 9) - NET/0-13 ( using PXN via GPU/0-995328, distance 4 <= 6, read 0, mode Default)
gpu-nodes-2:1004:1004 [3] NCCL INFO GPU Direct RDMA Enabled for GPU/0-77824 (rank 10) - NET/0-13 ( using PXN via GPU/0-995328, distance 4 <= 6, read 0, mode Default)
gpu-nodes-2:1004:1004 [3] NCCL INFO GPU Direct RDMA Enabled for GPU/0-405504 (rank 11) - NET/0-13 ( using PXN via GPU/0-995328, distance 4 <= 6, read 0, mode Default)
gpu-nodes-2:1004:1004 [3] NCCL INFO GPU Direct RDMA Enabled for GPU/0-471040 (rank 12) - NET/0-13 ( using PXN via GPU/0-995328, distance 4 <= 6, read 0, mode Default)
gpu-nodes-2:1004:1004 [3] NCCL INFO GPU Direct RDMA Enabled for GPU/0-536576 (rank 13) - NET/0-13 ( using PXN via GPU/0-995328, distance 4 <= 6, read 0, mode Default)
gpu-nodes-2:1004:1004 [3] NCCL INFO GPU Direct RDMA Enabled for GPU/0-602112 (rank 14) - NET/0-13 ( using PXN via GPU/0-995328, distance 4 <= 6, read 0, mode Default)
gpu-nodes-2:1004:1004 [3] NCCL INFO GPU Direct RDMA Enabled for GPU/0-929792 (rank 15) - NET/0-13 ( using PXN via GPU/0-995328, distance 4 <= 6, read 0, mode Default)
gpu-nodes-2:1004:1004 [3] NCCL INFO GPU Direct RDMA Enabled for GPU/0-995328 (rank 16) - NET/0-13 (distance 4 <= 6, read 0, mode Default)
gpu-nodes-2:1004:1004 [3] NCCL INFO GPU Direct RDMA Enabled for GPU/0-12288 (rank 9) - NET/0-0 (distance 4 <= 6, read 0, mode Default)
gpu-nodes-2:1004:1004 [3] NCCL INFO GPU Direct RDMA Enabled for GPU/0-77824 (rank 10) - NET/0-0 ( using PXN via GPU/0-12288, distance 4 <= 6, read 0, mode Default)
gpu-nodes-2:1004:1004 [3] NCCL INFO GPU Direct RDMA Enabled for GPU/0-405504 (rank 11) - NET/0-0 ( using PXN via GPU/0-12288, distance 4 <= 6, read 0, mode Default)
gpu-nodes-2:1004:1004 [3] NCCL INFO GPU Direct RDMA Enabled for GPU/0-471040 (rank 12) - NET/0-0 ( using PXN via GPU/0-12288, distance 4 <= 6, read 0, mode Default)
gpu-nodes-2:1004:1004 [3] NCCL INFO GPU Direct RDMA Enabled for GPU/0-536576 (rank 13) - NET/0-0 ( using PXN via GPU/0-12288, distance 4 <= 6, read 0, mode Default)
gpu-nodes-2:1004:1004 [3] NCCL INFO GPU Direct RDMA Enabled for GPU/0-602112 (rank 14) - NET/0-0 ( using PXN via GPU/0-12288, distance 4 <= 6, read 0, mode Default)
gpu-nodes-2:1004:1004 [3] NCCL INFO GPU Direct RDMA Enabled for GPU/0-929792 (rank 15) - NET/0-0 ( using PXN via GPU/0-12288, distance 4 <= 6, read 0, mode Default)
gpu-nodes-2:1004:1004 [3] NCCL INFO GPU Direct RDMA Enabled for GPU/0-995328 (rank 16) - NET/0-0 ( using PXN via GPU/0-12288, distance 4 <= 6, read 0, mode Default)
gpu-nodes-2:1004:1004 [3] NCCL INFO GPU Direct RDMA Enabled for GPU/0-12288 (rank 9) - NET/0-1 ( using PXN via GPU/0-77824, distance 4 <= 6, read 0, mode Default)
gpu-nodes-2:1004:1004 [3] NCCL INFO GPU Direct RDMA Enabled for GPU/0-77824 (rank 10) - NET/0-1 (distance 4 <= 6, read 0, mode Default)
gpu-nodes-2:1004:1004 [3] NCCL INFO GPU Direct RDMA Enabled for GPU/0-405504 (rank 11) - NET/0-1 ( using PXN via GPU/0-77824, distance 4 <= 6, read 0, mode Default)
gpu-nodes-2:1004:1004 [3] NCCL INFO GPU Direct RDMA Enabled for GPU/0-471040 (rank 12) - NET/0-1 ( using PXN via GPU/0-77824, distance 4 <= 6, read 0, mode Default)
gpu-nodes-2:1004:1004 [3] NCCL INFO GPU Direct RDMA Enabled for GPU/0-536576 (rank 13) - NET/0-1 ( using PXN via GPU/0-77824, distance 4 <= 6, read 0, mode Default)
gpu-nodes-2:1004:1004 [3] NCCL INFO GPU Direct RDMA Enabled for GPU/0-602112 (rank 14) - NET/0-1 ( using PXN via GPU/0-77824, distance 4 <= 6, read 0, mode Default)
gpu-nodes-2:1004:1004 [3] NCCL INFO GPU Direct RDMA Enabled for GPU/0-929792 (rank 15) - NET/0-1 ( using PXN via GPU/0-77824, distance 4 <= 6, read 0, mode Default)
gpu-nodes-2:1004:1004 [3] NCCL INFO GPU Direct RDMA Enabled for GPU/0-995328 (rank 16) - NET/0-1 ( using PXN via GPU/0-77824, distance 4 <= 6, read 0, mode Default)
gpu-nodes-2:1004:1004 [3] NCCL INFO GPU Direct RDMA Enabled for GPU/0-12288 (rank 9) - NET/0-2 ( using PXN via GPU/0-405504, distance 4 <= 6, read 0, mode Default)
gpu-nodes-2:1004:1004 [3] NCCL INFO GPU Direct RDMA Enabled for GPU/0-77824 (rank 10) - NET/0-2 ( using PXN via GPU/0-405504, distance 4 <= 6, read 0, mode Default)
gpu-nodes-2:1004:1004 [3] NCCL INFO GPU Direct RDMA Enabled for GPU/0-405504 (rank 11) - NET/0-2 (distance 4 <= 6, read 0, mode Default)
gpu-nodes-2:1004:1004 [3] NCCL INFO GPU Direct RDMA Enabled for GPU/0-471040 (rank 12) - NET/0-2 ( using PXN via GPU/0-405504, distance 4 <= 6, read 0, mode Default)
gpu-nodes-2:1004:1004 [3] NCCL INFO GPU Direct RDMA Enabled for GPU/0-536576 (rank 13) - NET/0-2 ( using PXN via GPU/0-405504, distance 4 <= 6, read 0, mode Default)
gpu-nodes-2:1004:1004 [3] NCCL INFO GPU Direct RDMA Enabled for GPU/0-602112 (rank 14) - NET/0-2 ( using PXN via GPU/0-405504, distance 4 <= 6, read 0, mode Default)
gpu-nodes-2:1004:1004 [3] NCCL INFO GPU Direct RDMA Enabled for GPU/0-929792 (rank 15) - NET/0-2 ( using PXN via GPU/0-405504, distance 4 <= 6, read 0, mode Default)
gpu-nodes-2:1004:1004 [3] NCCL INFO GPU Direct RDMA Enabled for GPU/0-995328 (rank 16) - NET/0-2 ( using PXN via GPU/0-405504, distance 4 <= 6, read 0, mode Default)
gpu-nodes-2:1004:1004 [3] NCCL INFO GPU Direct RDMA Enabled for GPU/0-12288 (rank 9) - NET/0-3 ( using PXN via GPU/0-471040, distance 4 <= 6, read 0, mode Default)
gpu-nodes-2:1004:1004 [3] NCCL INFO GPU Direct RDMA Enabled for GPU/0-77824 (rank 10) - NET/0-3 ( using PXN via GPU/0-471040, distance 4 <= 6, read 0, mode Default)
gpu-nodes-2:1004:1004 [3] NCCL INFO GPU Direct RDMA Enabled for GPU/0-405504 (rank 11) - NET/0-3 ( using PXN via GPU/0-471040, distance 4 <= 6, read 0, mode Default)
gpu-nodes-2:1004:1004 [3] NCCL INFO GPU Direct RDMA Enabled for GPU/0-471040 (rank 12) - NET/0-3 (distance 4 <= 6, read 0, mode Default)
gpu-nodes-2:1004:1004 [3] NCCL INFO GPU Direct RDMA Enabled for GPU/0-536576 (rank 13) - NET/0-3 ( using PXN via GPU/0-471040, distance 4 <= 6, read 0, mode Default)
gpu-nodes-2:1004:1004 [3] NCCL INFO GPU Direct RDMA Enabled for GPU/0-602112 (rank 14) - NET/0-3 ( using PXN via GPU/0-471040, distance 4 <= 6, read 0, mode Default)
gpu-nodes-2:1004:1004 [3] NCCL INFO GPU Direct RDMA Enabled for GPU/0-929792 (rank 15) - NET/0-3 ( using PXN via GPU/0-471040, distance 4 <= 6, read 0, mode Default)
gpu-nodes-2:1004:1004 [3] NCCL INFO GPU Direct RDMA Enabled for GPU/0-995328 (rank 16) - NET/0-3 ( using PXN via GPU/0-471040, distance 4 <= 6, read 0, mode Default)
gpu-nodes-2:1004:1004 [3] NCCL INFO GPU Direct RDMA Enabled for GPU/0-12288 (rank 9) - NET/0-4 ( using PXN via GPU/0-536576, distance 4 <= 6, read 0, mode Default)
gpu-nodes-2:1004:1004 [3] NCCL INFO GPU Direct RDMA Enabled for GPU/0-77824 (rank 10) - NET/0-4 ( using PXN via GPU/0-536576, distance 4 <= 6, read 0, mode Default)
gpu-nodes-2:1004:1004 [3] NCCL INFO GPU Direct RDMA Enabled for GPU/0-405504 (rank 11) - NET/0-4 ( using PXN via GPU/0-536576, distance 4 <= 6, read 0, mode Default)
gpu-nodes-2:1004:1004 [3] NCCL INFO GPU Direct RDMA Enabled for GPU/0-471040 (rank 12) - NET/0-4 ( using PXN via GPU/0-536576, distance 4 <= 6, read 0, mode Default)
gpu-nodes-2:1004:1004 [3] NCCL INFO GPU Direct RDMA Enabled for GPU/0-536576 (rank 13) - NET/0-4 (distance 4 <= 6, read 0, mode Default)
gpu-nodes-2:1004:1004 [3] NCCL INFO GPU Direct RDMA Enabled for GPU/0-602112 (rank 14) - NET/0-4 ( using PXN via GPU/0-536576, distance 4 <= 6, read 0, mode Default)
gpu-nodes-2:1004:1004 [3] NCCL INFO GPU Direct RDMA Enabled for GPU/0-929792 (rank 15) - NET/0-4 ( using PXN via GPU/0-536576, distance 4 <= 6, read 0, mode Default)
gpu-nodes-2:1004:1004 [3] NCCL INFO GPU Direct RDMA Enabled for GPU/0-995328 (rank 16) - NET/0-4 ( using PXN via GPU/0-536576, distance 4 <= 6, read 0, mode Default)
gpu-nodes-2:1004:1004 [3] NCCL INFO GPU Direct RDMA Enabled for GPU/0-12288 (rank 9) - NET/0-5 ( using PXN via GPU/0-602112, distance 4 <= 6, read 0, mode Default)
gpu-nodes-2:1004:1004 [3] NCCL INFO GPU Direct RDMA Enabled for GPU/0-77824 (rank 10) - NET/0-5 ( using PXN via GPU/0-602112, distance 4 <= 6, read 0, mode Default)
gpu-nodes-2:1004:1004 [3] NCCL INFO GPU Direct RDMA Enabled for GPU/0-405504 (rank 11) - NET/0-5 ( using PXN via GPU/0-602112, distance 4 <= 6, read 0, mode Default)
gpu-nodes-2:1004:1004 [3] NCCL INFO GPU Direct RDMA Enabled for GPU/0-471040 (rank 12) - NET/0-5 ( using PXN via GPU/0-602112, distance 4 <= 6, read 0, mode Default)
gpu-nodes-2:1004:1004 [3] NCCL INFO GPU Direct RDMA Enabled for GPU/0-536576 (rank 13) - NET/0-5 ( using PXN via GPU/0-602112, distance 4 <= 6, read 0, mode Default)
gpu-nodes-2:1004:1004 [3] NCCL INFO GPU Direct RDMA Enabled for GPU/0-602112 (rank 14) - NET/0-5 (distance 4 <= 6, read 0, mode Default)
gpu-nodes-2:1004:1004 [3] NCCL INFO GPU Direct RDMA Enabled for GPU/0-929792 (rank 15) - NET/0-5 ( using PXN via GPU/0-602112, distance 4 <= 6, read 0, mode Default)
gpu-nodes-2:1004:1004 [3] NCCL INFO GPU Direct RDMA Enabled for GPU/0-995328 (rank 16) - NET/0-5 ( using PXN via GPU/0-602112, distance 4 <= 6, read 0, mode Default)
gpu-nodes-2:1004:1004 [3] NCCL INFO GPU Direct RDMA Enabled for GPU/0-12288 (rank 9) - NET/0-12 ( using PXN via GPU/0-929792, distance 4 <= 6, read 0, mode Default)
gpu-nodes-2:1004:1004 [3] NCCL INFO GPU Direct RDMA Enabled for GPU/0-77824 (rank 10) - NET/0-12 ( using PXN via GPU/0-929792, distance 4 <= 6, read 0, mode Default)
gpu-nodes-2:1004:1004 [3] NCCL INFO GPU Direct RDMA Enabled for GPU/0-405504 (rank 11) - NET/0-12 ( using PXN via GPU/0-929792, distance 4 <= 6, read 0, mode Default)
gpu-nodes-2:1004:1004 [3] NCCL INFO GPU Direct RDMA Enabled for GPU/0-471040 (rank 12) - NET/0-12 ( using PXN via GPU/0-929792, distance 4 <= 6, read 0, mode Default)
gpu-nodes-2:1004:1004 [3] NCCL INFO GPU Direct RDMA Enabled for GPU/0-536576 (rank 13) - NET/0-12 ( using PXN via GPU/0-929792, distance 4 <= 6, read 0, mode Default)
gpu-nodes-2:1004:1004 [3] NCCL INFO GPU Direct RDMA Enabled for GPU/0-602112 (rank 14) - NET/0-12 ( using PXN via GPU/0-929792, distance 4 <= 6, read 0, mode Default)
gpu-nodes-2:1004:1004 [3] NCCL INFO GPU Direct RDMA Enabled for GPU/0-929792 (rank 15) - NET/0-12 (distance 4 <= 6, read 0, mode Default)
gpu-nodes-2:1004:1004 [3] NCCL INFO GPU Direct RDMA Enabled for GPU/0-995328 (rank 16) - NET/0-12 ( using PXN via GPU/0-929792, distance 4 <= 6, read 0, mode Default)
gpu-nodes-2:1004:1004 [3] NCCL INFO GPU Direct RDMA Enabled for GPU/0-12288 (rank 9) - NET/0-13 ( using PXN via GPU/0-995328, distance 4 <= 6, read 0, mode Default)
gpu-nodes-2:1004:1004 [3] NCCL INFO GPU Direct RDMA Enabled for GPU/0-77824 (rank 10) - NET/0-13 ( using PXN via GPU/0-995328, distance 4 <= 6, read 0, mode Default)
gpu-nodes-2:1004:1004 [3] NCCL INFO GPU Direct RDMA Enabled for GPU/0-405504 (rank 11) - NET/0-13 ( using PXN via GPU/0-995328, distance 4 <= 6, read 0, mode Default)
gpu-nodes-2:1004:1004 [3] NCCL INFO GPU Direct RDMA Enabled for GPU/0-471040 (rank 12) - NET/0-13 ( using PXN via GPU/0-995328, distance 4 <= 6, read 0, mode Default)
gpu-nodes-2:1004:1004 [3] NCCL INFO GPU Direct RDMA Enabled for GPU/0-536576 (rank 13) - NET/0-13 ( using PXN via GPU/0-995328, distance 4 <= 6, read 0, mode Default)
gpu-nodes-2:1004:1004 [3] NCCL INFO GPU Direct RDMA Enabled for GPU/0-602112 (rank 14) - NET/0-13 ( using PXN via GPU/0-995328, distance 4 <= 6, read 0, mode Default)
gpu-nodes-2:1004:1004 [3] NCCL INFO GPU Direct RDMA Enabled for GPU/0-929792 (rank 15) - NET/0-13 ( using PXN via GPU/0-995328, distance 4 <= 6, read 0, mode Default)
gpu-nodes-2:1004:1004 [3] NCCL INFO GPU Direct RDMA Enabled for GPU/0-995328 (rank 16) - NET/0-13 (distance 4 <= 6, read 0, mode Default)
gpu-nodes-2:1004:1004 [3] NCCL INFO === System : maxBw 48.0 totalBw 721.8 ===
gpu-nodes-2:1004:1004 [3] NCCL INFO CPU/0-0 (1/2/-1)
gpu-nodes-2:1004:1004 [3] NCCL INFO + PCI[48.0] - PCI/0-1000 (1000c03015d91d72)
gpu-nodes-2:1004:1004 [3] NCCL INFO               + PCI[48.0] - GPU/0-3000 (9)
gpu-nodes-2:1004:1004 [3] NCCL INFO                             + NVL[721.8] - NVS/0-0
gpu-nodes-2:1004:1004 [3] NCCL INFO               + PCI[48.0] - NIC/0-4000
gpu-nodes-2:1004:1004 [3] NCCL INFO                             + NET[50.0] - NET/0-0 (0/bc3dca0003e60050/1/50.000000)
gpu-nodes-2:1004:1004 [3] NCCL INFO                             + NET[50.0] - GIN/0-0
gpu-nodes-2:1004:1004 [3] NCCL INFO + PCI[48.0] - PCI/0-11000 (1000c03015d91d72)
gpu-nodes-2:1004:1004 [3] NCCL INFO               + PCI[48.0] - NIC/0-14000
gpu-nodes-2:1004:1004 [3] NCCL INFO                             + NET[50.0] - NET/0-1 (0/2c3eca0003e60050/1/50.000000)
gpu-nodes-2:1004:1004 [3] NCCL INFO                             + NET[50.0] - GIN/0-1
gpu-nodes-2:1004:1004 [3] NCCL INFO               + PCI[48.0] - GPU/0-13000 (10)
gpu-nodes-2:1004:1004 [3] NCCL INFO                             + NVL[721.8] - NVS/0-0
gpu-nodes-2:1004:1004 [3] NCCL INFO + PCI[48.0] - PCI/0-61000 (1000c03015d91d72)
gpu-nodes-2:1004:1004 [3] NCCL INFO               + PCI[48.0] - NIC/0-64000
gpu-nodes-2:1004:1004 [3] NCCL INFO                             + NET[50.0] - NET/0-2 (0/1c3eca0003e60050/1/50.000000)
gpu-nodes-2:1004:1004 [3] NCCL INFO                             + NET[50.0] - GIN/0-2
gpu-nodes-2:1004:1004 [3] NCCL INFO               + PCI[48.0] - GPU/0-63000 (11)
gpu-nodes-2:1004:1004 [3] NCCL INFO                             + NVL[721.8] - NVS/0-0
gpu-nodes-2:1004:1004 [3] NCCL INFO + PCI[48.0] - PCI/0-71000 (1000c03015d91d72)
gpu-nodes-2:1004:1004 [3] NCCL INFO               + PCI[48.0] - NIC/0-74000
gpu-nodes-2:1004:1004 [3] NCCL INFO                             + NET[50.0] - NET/0-3 (0/dc3dca0003e60050/1/50.000000)
gpu-nodes-2:1004:1004 [3] NCCL INFO                             + NET[50.0] - GIN/0-3
gpu-nodes-2:1004:1004 [3] NCCL INFO               + PCI[48.0] - GPU/0-73000 (12)
gpu-nodes-2:1004:1004 [3] NCCL INFO                             + NVL[721.8] - NVS/0-0
gpu-nodes-2:1004:1004 [3] NCCL INFO + SYS[16.0] - CPU/0-1
gpu-nodes-2:1004:1004 [3] NCCL INFO CPU/0-1 (1/2/-1)
gpu-nodes-2:1004:1004 [3] NCCL INFO + PCI[48.0] - PCI/0-81000 (1000c03015d91d72)
gpu-nodes-2:1004:1004 [3] NCCL INFO               + PCI[48.0] - NIC/0-84000
gpu-nodes-2:1004:1004 [3] NCCL INFO                             + NET[50.0] - NET/0-4 (0/1c9fca0003e60050/1/50.000000)
gpu-nodes-2:1004:1004 [3] NCCL INFO                             + NET[50.0] - GIN/0-4
gpu-nodes-2:1004:1004 [3] NCCL INFO               + PCI[48.0] - GPU/0-83000 (13)
gpu-nodes-2:1004:1004 [3] NCCL INFO                             + NVL[721.8] - NVS/0-0
gpu-nodes-2:1004:1004 [3] NCCL INFO + PCI[48.0] - PCI/0-91000 (1000c03015d91d72)
gpu-nodes-2:1004:1004 [3] NCCL INFO               + PCI[48.0] - NIC/0-94000
gpu-nodes-2:1004:1004 [3] NCCL INFO                             + NET[50.0] - NET/0-5 (0/ac9eca0003e60050/1/50.000000)
gpu-nodes-2:1004:1004 [3] NCCL INFO                             + NET[50.0] - GIN/0-5
gpu-nodes-2:1004:1004 [3] NCCL INFO               + PCI[48.0] - GPU/0-93000 (14)
gpu-nodes-2:1004:1004 [3] NCCL INFO                             + NVL[721.8] - NVS/0-0
gpu-nodes-2:1004:1004 [3] NCCL INFO + PCI[48.0] - NIC/0-c1000
gpu-nodes-2:1004:1004 [3] NCCL INFO               + NET[50.0] - NET/0-e (0/43cb90003bd70c4/1/50.000000)
gpu-nodes-2:1004:1004 [3] NCCL INFO               + NET[25.0] - NET/0-6 (0/43cb90003bd70c4/1/25.000000)
gpu-nodes-2:1004:1004 [3] NCCL INFO               + NET[25.0] - GIN/0-6
gpu-nodes-2:1004:1004 [3] NCCL INFO               + NET[25.0] - NET/0-7 (0/43cb90003bd70c4/2/25.000000)
gpu-nodes-2:1004:1004 [3] NCCL INFO               + NET[25.0] - GIN/0-7
gpu-nodes-2:1004:1004 [3] NCCL INFO + PCI[48.0] - PCI/0-e1000 (1000c03015d91d72)
gpu-nodes-2:1004:1004 [3] NCCL INFO               + PCI[48.0] - NIC/0-e4000
gpu-nodes-2:1004:1004 [3] NCCL INFO                             + NET[50.0] - NET/0-c (0/149bca0003e60050/1/50.000000)
gpu-nodes-2:1004:1004 [3] NCCL INFO                             + NET[50.0] - GIN/0-c
gpu-nodes-2:1004:1004 [3] NCCL INFO               + PCI[48.0] - GPU/0-e3000 (15)
gpu-nodes-2:1004:1004 [3] NCCL INFO                             + NVL[721.8] - NVS/0-0
gpu-nodes-2:1004:1004 [3] NCCL INFO + PCI[48.0] - PCI/0-f1000 (1000c03015d91d72)
gpu-nodes-2:1004:1004 [3] NCCL INFO               + PCI[48.0] - NIC/0-f4000
gpu-nodes-2:1004:1004 [3] NCCL INFO                             + NET[50.0] - NET/0-d (0/fc9aca0003e60050/1/50.000000)
gpu-nodes-2:1004:1004 [3] NCCL INFO                             + NET[50.0] - GIN/0-d
gpu-nodes-2:1004:1004 [3] NCCL INFO               + PCI[48.0] - GPU/0-f3000 (16)
gpu-nodes-2:1004:1004 [3] NCCL INFO                             + NVL[721.8] - NVS/0-0
gpu-nodes-2:1004:1004 [3] NCCL INFO + SYS[16.0] - CPU/0-0
gpu-nodes-2:1004:1004 [3] NCCL INFO + PCI[1.5] - NIC/0-d2000
gpu-nodes-2:1004:1004 [3] NCCL INFO              + NET[50.0] - NET/0-f (0/62541b0003098c7c/1/50.000000)
gpu-nodes-2:1004:1004 [3] NCCL INFO              + NET[12.5] - NET/0-8 (0/62541b0003098c7c/1/12.500000)
gpu-nodes-2:1004:1004 [3] NCCL INFO              + NET[12.5] - GIN/0-8
gpu-nodes-2:1004:1004 [3] NCCL INFO              + NET[12.5] - NET/0-9 (0/62541b0003098c7c/2/12.500000)
gpu-nodes-2:1004:1004 [3] NCCL INFO              + NET[12.5] - GIN/0-9
gpu-nodes-2:1004:1004 [3] NCCL INFO              + NET[12.5] - NET/0-a (0/62541b0003098c7c/3/12.500000)
gpu-nodes-2:1004:1004 [3] NCCL INFO              + NET[12.5] - GIN/0-a
gpu-nodes-2:1004:1004 [3] NCCL INFO              + NET[12.5] - NET/0-b (0/62541b0003098c7c/4/12.500000)
gpu-nodes-2:1004:1004 [3] NCCL INFO              + NET[12.5] - GIN/0-b
gpu-nodes-2:1004:1004 [3] NCCL INFO ==========================================
gpu-nodes-2:1004:1004 [3] NCCL INFO GPU/0-3000 :GPU/0-3000 (0/5000.0/LOC) GPU/0-13000 (2/721.8/NVL) GPU/0-63000 (2/721.8/NVL) GPU/0-73000 (2/721.8/NVL) GPU/0-83000 (2/721.8/NVL) GPU/0-93000 (2/721.8/NVL) GPU/0-e3000 (2/721.8/NVL) GPU/0-f3000 (2/721.8/NVL) NVS/0-0 (1/721.8/NVL) CPU/0-0 (2/48.0/PHB) CPU/0-1 (3/16.0/SYS) NET/0-0 (3/48.0/PIX) NET/0-1 (5/48.0/PXN) NET/0-2 (5/48.0/PXN) NET/0-3 (5/48.0/PXN) NET/0-4 (5/48.0/PXN) NET/0-5 (5/48.0/PXN) NET/0-6 (5/16.0/SYS) NET/0-7 (5/16.0/SYS) NET/0-e (5/16.0/SYS) NET/0-8 (5/1.5/SYS) NET/0-9 (5/1.5/SYS) NET/0-a (5/1.5/SYS) NET/0-b (5/1.5/SYS) NET/0-f (5/1.5/SYS) NET/0-c (5/48.0/PXN) NET/0-d (5/48.0/PXN) GIN/0-0 (3/48.0/PIX) GIN/0-1 (5/48.0/PHB) GIN/0-2 (5/48.0/PHB) GIN/0-3 (5/48.0/PHB) GIN/0-4 (6/16.0/SYS) GIN/0-5 (6/16.0/SYS) GIN/0-6 (5/16.0/SYS) GIN/0-7 (5/16.0/SYS) GIN/0-8 (5/1.5/SYS) GIN/0-9 (5/1.5/SYS) GIN/0-a (5/1.5/SYS) GIN/0-b (5/1.5/SYS) GIN/0-c (6/16.0/SYS) GIN/0-d (6/16.0/SYS) 
gpu-nodes-2:1004:1004 [3] NCCL INFO GPU/0-13000 :GPU/0-3000 (2/721.8/NVL) GPU/0-13000 (0/5000.0/LOC) GPU/0-63000 (2/721.8/NVL) GPU/0-73000 (2/721.8/NVL) GPU/0-83000 (2/721.8/NVL) GPU/0-93000 (2/721.8/NVL) GPU/0-e3000 (2/721.8/NVL) GPU/0-f3000 (2/721.8/NVL) NVS/0-0 (1/721.8/NVL) CPU/0-0 (2/48.0/PHB) CPU/0-1 (3/16.0/SYS) NET/0-0 (5/48.0/PXN) NET/0-1 (3/48.0/PIX) NET/0-2 (5/48.0/PXN) NET/0-3 (5/48.0/PXN) NET/0-4 (5/48.0/PXN) NET/0-5 (5/48.0/PXN) NET/0-6 (5/16.0/SYS) NET/0-7 (5/16.0/SYS) NET/0-e (5/16.0/SYS) NET/0-8 (5/1.5/SYS) NET/0-9 (5/1.5/SYS) NET/0-a (5/1.5/SYS) NET/0-b (5/1.5/SYS) NET/0-f (5/1.5/SYS) NET/0-c (5/48.0/PXN) NET/0-d (5/48.0/PXN) GIN/0-0 (5/48.0/PHB) GIN/0-1 (3/48.0/PIX) GIN/0-2 (5/48.0/PHB) GIN/0-3 (5/48.0/PHB) GIN/0-4 (6/16.0/SYS) GIN/0-5 (6/16.0/SYS) GIN/0-6 (5/16.0/SYS) GIN/0-7 (5/16.0/SYS) GIN/0-8 (5/1.5/SYS) GIN/0-9 (5/1.5/SYS) GIN/0-a (5/1.5/SYS) GIN/0-b (5/1.5/SYS) GIN/0-c (6/16.0/SYS) GIN/0-d (6/16.0/SYS) 
gpu-nodes-2:1004:1004 [3] NCCL INFO GPU/0-63000 :GPU/0-3000 (2/721.8/NVL) GPU/0-13000 (2/721.8/NVL) GPU/0-63000 (0/5000.0/LOC) GPU/0-73000 (2/721.8/NVL) GPU/0-83000 (2/721.8/NVL) GPU/0-93000 (2/721.8/NVL) GPU/0-e3000 (2/721.8/NVL) GPU/0-f3000 (2/721.8/NVL) NVS/0-0 (1/721.8/NVL) CPU/0-0 (2/48.0/PHB) CPU/0-1 (3/16.0/SYS) NET/0-0 (5/48.0/PXN) NET/0-1 (5/48.0/PXN) NET/0-2 (3/48.0/PIX) NET/0-3 (5/48.0/PXN) NET/0-4 (5/48.0/PXN) NET/0-5 (5/48.0/PXN) NET/0-6 (5/16.0/SYS) NET/0-7 (5/16.0/SYS) NET/0-e (5/16.0/SYS) NET/0-8 (5/1.5/SYS) NET/0-9 (5/1.5/SYS) NET/0-a (5/1.5/SYS) NET/0-b (5/1.5/SYS) NET/0-f (5/1.5/SYS) NET/0-c (5/48.0/PXN) NET/0-d (5/48.0/PXN) GIN/0-0 (5/48.0/PHB) GIN/0-1 (5/48.0/PHB) GIN/0-2 (3/48.0/PIX) GIN/0-3 (5/48.0/PHB) GIN/0-4 (6/16.0/SYS) GIN/0-5 (6/16.0/SYS) GIN/0-6 (5/16.0/SYS) GIN/0-7 (5/16.0/SYS) GIN/0-8 (5/1.5/SYS) GIN/0-9 (5/1.5/SYS) GIN/0-a (5/1.5/SYS) GIN/0-b (5/1.5/SYS) GIN/0-c (6/16.0/SYS) GIN/0-d (6/16.0/SYS) 
gpu-nodes-2:1004:1004 [3] NCCL INFO GPU/0-73000 :GPU/0-3000 (2/721.8/NVL) GPU/0-13000 (2/721.8/NVL) GPU/0-63000 (2/721.8/NVL) GPU/0-73000 (0/5000.0/LOC) GPU/0-83000 (2/721.8/NVL) GPU/0-93000 (2/721.8/NVL) GPU/0-e3000 (2/721.8/NVL) GPU/0-f3000 (2/721.8/NVL) NVS/0-0 (1/721.8/NVL) CPU/0-0 (2/48.0/PHB) CPU/0-1 (3/16.0/SYS) NET/0-0 (5/48.0/PXN) NET/0-1 (5/48.0/PXN) NET/0-2 (5/48.0/PXN) NET/0-3 (3/48.0/PIX) NET/0-4 (5/48.0/PXN) NET/0-5 (5/48.0/PXN) NET/0-6 (5/16.0/SYS) NET/0-7 (5/16.0/SYS) NET/0-e (5/16.0/SYS) NET/0-8 (5/1.5/SYS) NET/0-9 (5/1.5/SYS) NET/0-a (5/1.5/SYS) NET/0-b (5/1.5/SYS) NET/0-f (5/1.5/SYS) NET/0-c (5/48.0/PXN) NET/0-d (5/48.0/PXN) GIN/0-0 (5/48.0/PHB) GIN/0-1 (5/48.0/PHB) GIN/0-2 (5/48.0/PHB) GIN/0-3 (3/48.0/PIX) GIN/0-4 (6/16.0/SYS) GIN/0-5 (6/16.0/SYS) GIN/0-6 (5/16.0/SYS) GIN/0-7 (5/16.0/SYS) GIN/0-8 (5/1.5/SYS) GIN/0-9 (5/1.5/SYS) GIN/0-a (5/1.5/SYS) GIN/0-b (5/1.5/SYS) GIN/0-c (6/16.0/SYS) GIN/0-d (6/16.0/SYS) 
gpu-nodes-2:1004:1004 [3] NCCL INFO GPU/0-83000 :GPU/0-3000 (2/721.8/NVL) GPU/0-13000 (2/721.8/NVL) GPU/0-63000 (2/721.8/NVL) GPU/0-73000 (2/721.8/NVL) GPU/0-83000 (0/5000.0/LOC) GPU/0-93000 (2/721.8/NVL) GPU/0-e3000 (2/721.8/NVL) GPU/0-f3000 (2/721.8/NVL) NVS/0-0 (1/721.8/NVL) CPU/0-0 (3/16.0/SYS) CPU/0-1 (2/48.0/PHB) NET/0-0 (5/48.0/PXN) NET/0-1 (5/48.0/PXN) NET/0-2 (5/48.0/PXN) NET/0-3 (5/48.0/PXN) NET/0-4 (3/48.0/PIX) NET/0-5 (5/48.0/PXN) NET/0-6 (4/25.0/PHB) NET/0-7 (4/25.0/PHB) NET/0-e (4/48.0/PHB) NET/0-8 (4/1.5/PHB) NET/0-9 (4/1.5/PHB) NET/0-a (4/1.5/PHB) NET/0-b (4/1.5/PHB) NET/0-f (4/1.5/PHB) NET/0-c (5/48.0/PXN) NET/0-d (5/48.0/PXN) GIN/0-0 (6/16.0/SYS) GIN/0-1 (6/16.0/SYS) GIN/0-2 (6/16.0/SYS) GIN/0-3 (6/16.0/SYS) GIN/0-4 (3/48.0/PIX) GIN/0-5 (5/48.0/PHB) GIN/0-6 (4/25.0/PHB) GIN/0-7 (4/25.0/PHB) GIN/0-8 (4/1.5/PHB) GIN/0-9 (4/1.5/PHB) GIN/0-a (4/1.5/PHB) GIN/0-b (4/1.5/PHB) GIN/0-c (5/48.0/PHB) GIN/0-d (5/48.0/PHB) 
gpu-nodes-2:1004:1004 [3] NCCL INFO GPU/0-93000 :GPU/0-3000 (2/721.8/NVL) GPU/0-13000 (2/721.8/NVL) GPU/0-63000 (2/721.8/NVL) GPU/0-73000 (2/721.8/NVL) GPU/0-83000 (2/721.8/NVL) GPU/0-93000 (0/5000.0/LOC) GPU/0-e3000 (2/721.8/NVL) GPU/0-f3000 (2/721.8/NVL) NVS/0-0 (1/721.8/NVL) CPU/0-0 (3/16.0/SYS) CPU/0-1 (2/48.0/PHB) NET/0-0 (5/48.0/PXN) NET/0-1 (5/48.0/PXN) NET/0-2 (5/48.0/PXN) NET/0-3 (5/48.0/PXN) NET/0-4 (5/48.0/PXN) NET/0-5 (3/48.0/PIX) NET/0-6 (4/25.0/PHB) NET/0-7 (4/25.0/PHB) NET/0-e (4/48.0/PHB) NET/0-8 (4/1.5/PHB) NET/0-9 (4/1.5/PHB) NET/0-a (4/1.5/PHB) NET/0-b (4/1.5/PHB) NET/0-f (4/1.5/PHB) NET/0-c (5/48.0/PXN) NET/0-d (5/48.0/PXN) GIN/0-0 (6/16.0/SYS) GIN/0-1 (6/16.0/SYS) GIN/0-2 (6/16.0/SYS) GIN/0-3 (6/16.0/SYS) GIN/0-4 (5/48.0/PHB) GIN/0-5 (3/48.0/PIX) GIN/0-6 (4/25.0/PHB) GIN/0-7 (4/25.0/PHB) GIN/0-8 (4/1.5/PHB) GIN/0-9 (4/1.5/PHB) GIN/0-a (4/1.5/PHB) GIN/0-b (4/1.5/PHB) GIN/0-c (5/48.0/PHB) GIN/0-d (5/48.0/PHB) 
gpu-nodes-2:1004:1004 [3] NCCL INFO GPU/0-e3000 :GPU/0-3000 (2/721.8/NVL) GPU/0-13000 (2/721.8/NVL) GPU/0-63000 (2/721.8/NVL) GPU/0-73000 (2/721.8/NVL) GPU/0-83000 (2/721.8/NVL) GPU/0-93000 (2/721.8/NVL) GPU/0-e3000 (0/5000.0/LOC) GPU/0-f3000 (2/721.8/NVL) NVS/0-0 (1/721.8/NVL) CPU/0-0 (3/16.0/SYS) CPU/0-1 (2/48.0/PHB) NET/0-0 (5/48.0/PXN) NET/0-1 (5/48.0/PXN) NET/0-2 (5/48.0/PXN) NET/0-3 (5/48.0/PXN) NET/0-4 (5/48.0/PXN) NET/0-5 (5/48.0/PXN) NET/0-6 (4/25.0/PHB) NET/0-7 (4/25.0/PHB) NET/0-e (4/48.0/PHB) NET/0-8 (4/1.5/PHB) NET/0-9 (4/1.5/PHB) NET/0-a (4/1.5/PHB) NET/0-b (4/1.5/PHB) NET/0-f (4/1.5/PHB) NET/0-c (3/48.0/PIX) NET/0-d (5/48.0/PXN) GIN/0-0 (6/16.0/SYS) GIN/0-1 (6/16.0/SYS) GIN/0-2 (6/16.0/SYS) GIN/0-3 (6/16.0/SYS) GIN/0-4 (5/48.0/PHB) GIN/0-5 (5/48.0/PHB) GIN/0-6 (4/25.0/PHB) GIN/0-7 (4/25.0/PHB) GIN/0-8 (4/1.5/PHB) GIN/0-9 (4/1.5/PHB) GIN/0-a (4/1.5/PHB) GIN/0-b (4/1.5/PHB) GIN/0-c (3/48.0/PIX) GIN/0-d (5/48.0/PHB) 
gpu-nodes-2:1004:1004 [3] NCCL INFO GPU/0-f3000 :GPU/0-3000 (2/721.8/NVL) GPU/0-13000 (2/721.8/NVL) GPU/0-63000 (2/721.8/NVL) GPU/0-73000 (2/721.8/NVL) GPU/0-83000 (2/721.8/NVL) GPU/0-93000 (2/721.8/NVL) GPU/0-e3000 (2/721.8/NVL) GPU/0-f3000 (0/5000.0/LOC) NVS/0-0 (1/721.8/NVL) CPU/0-0 (3/16.0/SYS) CPU/0-1 (2/48.0/PHB) NET/0-0 (5/48.0/PXN) NET/0-1 (5/48.0/PXN) NET/0-2 (5/48.0/PXN) NET/0-3 (5/48.0/PXN) NET/0-4 (5/48.0/PXN) NET/0-5 (5/48.0/PXN) NET/0-6 (4/25.0/PHB) NET/0-7 (4/25.0/PHB) NET/0-e (4/48.0/PHB) NET/0-8 (4/1.5/PHB) NET/0-9 (4/1.5/PHB) NET/0-a (4/1.5/PHB) NET/0-b (4/1.5/PHB) NET/0-f (4/1.5/PHB) NET/0-c (5/48.0/PXN) NET/0-d (3/48.0/PIX) GIN/0-0 (6/16.0/SYS) GIN/0-1 (6/16.0/SYS) GIN/0-2 (6/16.0/SYS) GIN/0-3 (6/16.0/SYS) GIN/0-4 (5/48.0/PHB) GIN/0-5 (5/48.0/PHB) GIN/0-6 (4/25.0/PHB) GIN/0-7 (4/25.0/PHB) GIN/0-8 (4/1.5/PHB) GIN/0-9 (4/1.5/PHB) GIN/0-a (4/1.5/PHB) GIN/0-b (4/1.5/PHB) GIN/0-c (5/48.0/PHB) GIN/0-d (3/48.0/PIX) 
gpu-nodes-2:1004:1004 [3] NCCL INFO NET/0-0 :GPU/0-3000 (3/48.0/PIX) GPU/0-13000 (5/48.0/PHB) GPU/0-63000 (5/48.0/PHB) GPU/0-73000 (5/48.0/PHB) GPU/0-83000 (6/16.0/SYS) GPU/0-93000 (6/16.0/SYS) GPU/0-e3000 (6/16.0/SYS) GPU/0-f3000 (6/16.0/SYS) CPU/0-0 (3/48.0/PHB) CPU/0-1 (4/16.0/SYS) NET/0-0 (0/5000.0/LOC) NET/0-1 (6/48.0/PHB) NET/0-2 (6/48.0/PHB) NET/0-3 (6/48.0/PHB) NET/0-4 (7/16.0/SYS) NET/0-5 (7/16.0/SYS) NET/0-6 (6/16.0/SYS) NET/0-7 (6/16.0/SYS) NET/0-e (6/16.0/SYS) NET/0-8 (6/1.5/SYS) NET/0-9 (6/1.5/SYS) NET/0-a (6/1.5/SYS) NET/0-b (6/1.5/SYS) NET/0-f (6/1.5/SYS) NET/0-c (7/16.0/SYS) NET/0-d (7/16.0/SYS) GIN/0-0 (2/50.0/LOC) GIN/0-1 (6/48.0/PHB) GIN/0-2 (6/48.0/PHB) GIN/0-3 (6/48.0/PHB) GIN/0-4 (7/16.0/SYS) GIN/0-5 (7/16.0/SYS) GIN/0-6 (6/16.0/SYS) GIN/0-7 (6/16.0/SYS) GIN/0-8 (6/1.5/SYS) GIN/0-9 (6/1.5/SYS) GIN/0-a (6/1.5/SYS) GIN/0-b (6/1.5/SYS) GIN/0-c (7/16.0/SYS) GIN/0-d (7/16.0/SYS) 
gpu-nodes-2:1004:1004 [3] NCCL INFO NET/0-1 :GPU/0-3000 (5/48.0/PHB) GPU/0-13000 (3/48.0/PIX) GPU/0-63000 (5/48.0/PHB) GPU/0-73000 (5/48.0/PHB) GPU/0-83000 (6/16.0/SYS) GPU/0-93000 (6/16.0/SYS) GPU/0-e3000 (6/16.0/SYS) GPU/0-f3000 (6/16.0/SYS) CPU/0-0 (3/48.0/PHB) CPU/0-1 (4/16.0/SYS) NET/0-0 (6/48.0/PHB) NET/0-1 (0/5000.0/LOC) NET/0-2 (6/48.0/PHB) NET/0-3 (6/48.0/PHB) NET/0-4 (7/16.0/SYS) NET/0-5 (7/16.0/SYS) NET/0-6 (6/16.0/SYS) NET/0-7 (6/16.0/SYS) NET/0-e (6/16.0/SYS) NET/0-8 (6/1.5/SYS) NET/0-9 (6/1.5/SYS) NET/0-a (6/1.5/SYS) NET/0-b (6/1.5/SYS) NET/0-f (6/1.5/SYS) NET/0-c (7/16.0/SYS) NET/0-d (7/16.0/SYS) GIN/0-0 (6/48.0/PHB) GIN/0-1 (2/50.0/LOC) GIN/0-2 (6/48.0/PHB) GIN/0-3 (6/48.0/PHB) GIN/0-4 (7/16.0/SYS) GIN/0-5 (7/16.0/SYS) GIN/0-6 (6/16.0/SYS) GIN/0-7 (6/16.0/SYS) GIN/0-8 (6/1.5/SYS) GIN/0-9 (6/1.5/SYS) GIN/0-a (6/1.5/SYS) GIN/0-b (6/1.5/SYS) GIN/0-c (7/16.0/SYS) GIN/0-d (7/16.0/SYS) 
gpu-nodes-2:1004:1004 [3] NCCL INFO NET/0-2 :GPU/0-3000 (5/48.0/PHB) GPU/0-13000 (5/48.0/PHB) GPU/0-63000 (3/48.0/PIX) GPU/0-73000 (5/48.0/PHB) GPU/0-83000 (6/16.0/SYS) GPU/0-93000 (6/16.0/SYS) GPU/0-e3000 (6/16.0/SYS) GPU/0-f3000 (6/16.0/SYS) CPU/0-0 (3/48.0/PHB) CPU/0-1 (4/16.0/SYS) NET/0-0 (6/48.0/PHB) NET/0-1 (6/48.0/PHB) NET/0-2 (0/5000.0/LOC) NET/0-3 (6/48.0/PHB) NET/0-4 (7/16.0/SYS) NET/0-5 (7/16.0/SYS) NET/0-6 (6/16.0/SYS) NET/0-7 (6/16.0/SYS) NET/0-e (6/16.0/SYS) NET/0-8 (6/1.5/SYS) NET/0-9 (6/1.5/SYS) NET/0-a (6/1.5/SYS) NET/0-b (6/1.5/SYS) NET/0-f (6/1.5/SYS) NET/0-c (7/16.0/SYS) NET/0-d (7/16.0/SYS) GIN/0-0 (6/48.0/PHB) GIN/0-1 (6/48.0/PHB) GIN/0-2 (2/50.0/LOC) GIN/0-3 (6/48.0/PHB) GIN/0-4 (7/16.0/SYS) GIN/0-5 (7/16.0/SYS) GIN/0-6 (6/16.0/SYS) GIN/0-7 (6/16.0/SYS) GIN/0-8 (6/1.5/SYS) GIN/0-9 (6/1.5/SYS) GIN/0-a (6/1.5/SYS) GIN/0-b (6/1.5/SYS) GIN/0-c (7/16.0/SYS) GIN/0-d (7/16.0/SYS) 
gpu-nodes-2:1004:1004 [3] NCCL INFO NET/0-3 :GPU/0-3000 (5/48.0/PHB) GPU/0-13000 (5/48.0/PHB) GPU/0-63000 (5/48.0/PHB) GPU/0-73000 (3/48.0/PIX) GPU/0-83000 (6/16.0/SYS) GPU/0-93000 (6/16.0/SYS) GPU/0-e3000 (6/16.0/SYS) GPU/0-f3000 (6/16.0/SYS) CPU/0-0 (3/48.0/PHB) CPU/0-1 (4/16.0/SYS) NET/0-0 (6/48.0/PHB) NET/0-1 (6/48.0/PHB) NET/0-2 (6/48.0/PHB) NET/0-3 (0/5000.0/LOC) NET/0-4 (7/16.0/SYS) NET/0-5 (7/16.0/SYS) NET/0-6 (6/16.0/SYS) NET/0-7 (6/16.0/SYS) NET/0-e (6/16.0/SYS) NET/0-8 (6/1.5/SYS) NET/0-9 (6/1.5/SYS) NET/0-a (6/1.5/SYS) NET/0-b (6/1.5/SYS) NET/0-f (6/1.5/SYS) NET/0-c (7/16.0/SYS) NET/0-d (7/16.0/SYS) GIN/0-0 (6/48.0/PHB) GIN/0-1 (6/48.0/PHB) GIN/0-2 (6/48.0/PHB) GIN/0-3 (2/50.0/LOC) GIN/0-4 (7/16.0/SYS) GIN/0-5 (7/16.0/SYS) GIN/0-6 (6/16.0/SYS) GIN/0-7 (6/16.0/SYS) GIN/0-8 (6/1.5/SYS) GIN/0-9 (6/1.5/SYS) GIN/0-a (6/1.5/SYS) GIN/0-b (6/1.5/SYS) GIN/0-c (7/16.0/SYS) GIN/0-d (7/16.0/SYS) 
gpu-nodes-2:1004:1004 [3] NCCL INFO NET/0-4 :GPU/0-3000 (6/16.0/SYS) GPU/0-13000 (6/16.0/SYS) GPU/0-63000 (6/16.0/SYS) GPU/0-73000 (6/16.0/SYS) GPU/0-83000 (3/48.0/PIX) GPU/0-93000 (5/48.0/PHB) GPU/0-e3000 (5/48.0/PHB) GPU/0-f3000 (5/48.0/PHB) CPU/0-0 (4/16.0/SYS) CPU/0-1 (3/48.0/PHB) NET/0-0 (7/16.0/SYS) NET/0-1 (7/16.0/SYS) NET/0-2 (7/16.0/SYS) NET/0-3 (7/16.0/SYS) NET/0-4 (0/5000.0/LOC) NET/0-5 (6/48.0/PHB) NET/0-6 (5/25.0/PHB) NET/0-7 (5/25.0/PHB) NET/0-e (5/48.0/PHB) NET/0-8 (5/1.5/PHB) NET/0-9 (5/1.5/PHB) NET/0-a (5/1.5/PHB) NET/0-b (5/1.5/PHB) NET/0-f (5/1.5/PHB) NET/0-c (6/48.0/PHB) NET/0-d (6/48.0/PHB) GIN/0-0 (7/16.0/SYS) GIN/0-1 (7/16.0/SYS) GIN/0-2 (7/16.0/SYS) GIN/0-3 (7/16.0/SYS) GIN/0-4 (2/50.0/LOC) GIN/0-5 (6/48.0/PHB) GIN/0-6 (5/25.0/PHB) GIN/0-7 (5/25.0/PHB) GIN/0-8 (5/1.5/PHB) GIN/0-9 (5/1.5/PHB) GIN/0-a (5/1.5/PHB) GIN/0-b (5/1.5/PHB) GIN/0-c (6/48.0/PHB) GIN/0-d (6/48.0/PHB) 
gpu-nodes-2:1004:1004 [3] NCCL INFO NET/0-5 :GPU/0-3000 (6/16.0/SYS) GPU/0-13000 (6/16.0/SYS) GPU/0-63000 (6/16.0/SYS) GPU/0-73000 (6/16.0/SYS) GPU/0-83000 (5/48.0/PHB) GPU/0-93000 (3/48.0/PIX) GPU/0-e3000 (5/48.0/PHB) GPU/0-f3000 (5/48.0/PHB) CPU/0-0 (4/16.0/SYS) CPU/0-1 (3/48.0/PHB) NET/0-0 (7/16.0/SYS) NET/0-1 (7/16.0/SYS) NET/0-2 (7/16.0/SYS) NET/0-3 (7/16.0/SYS) NET/0-4 (6/48.0/PHB) NET/0-5 (0/5000.0/LOC) NET/0-6 (5/25.0/PHB) NET/0-7 (5/25.0/PHB) NET/0-e (5/48.0/PHB) NET/0-8 (5/1.5/PHB) NET/0-9 (5/1.5/PHB) NET/0-a (5/1.5/PHB) NET/0-b (5/1.5/PHB) NET/0-f (5/1.5/PHB) NET/0-c (6/48.0/PHB) NET/0-d (6/48.0/PHB) GIN/0-0 (7/16.0/SYS) GIN/0-1 (7/16.0/SYS) GIN/0-2 (7/16.0/SYS) GIN/0-3 (7/16.0/SYS) GIN/0-4 (6/48.0/PHB) GIN/0-5 (2/50.0/LOC) GIN/0-6 (5/25.0/PHB) GIN/0-7 (5/25.0/PHB) GIN/0-8 (5/1.5/PHB) GIN/0-9 (5/1.5/PHB) GIN/0-a (5/1.5/PHB) GIN/0-b (5/1.5/PHB) GIN/0-c (6/48.0/PHB) GIN/0-d (6/48.0/PHB) 
gpu-nodes-2:1004:1004 [3] NCCL INFO NET/0-6 :GPU/0-3000 (5/16.0/SYS) GPU/0-13000 (5/16.0/SYS) GPU/0-63000 (5/16.0/SYS) GPU/0-73000 (5/16.0/SYS) GPU/0-83000 (4/25.0/PHB) GPU/0-93000 (4/25.0/PHB) GPU/0-e3000 (4/25.0/PHB) GPU/0-f3000 (4/25.0/PHB) CPU/0-0 (3/16.0/SYS) CPU/0-1 (2/25.0/PHB) NET/0-0 (6/16.0/SYS) NET/0-1 (6/16.0/SYS) NET/0-2 (6/16.0/SYS) NET/0-3 (6/16.0/SYS) NET/0-4 (5/25.0/PHB) NET/0-5 (5/25.0/PHB) NET/0-6 (0/5000.0/LOC) NET/0-7 (2/25.0/LOC) NET/0-e (2/25.0/LOC) NET/0-8 (4/1.5/PHB) NET/0-9 (4/1.5/PHB) NET/0-a (4/1.5/PHB) NET/0-b (4/1.5/PHB) NET/0-f (4/1.5/PHB) NET/0-c (5/25.0/PHB) NET/0-d (5/25.0/PHB) GIN/0-0 (6/16.0/SYS) GIN/0-1 (6/16.0/SYS) GIN/0-2 (6/16.0/SYS) GIN/0-3 (6/16.0/SYS) GIN/0-4 (5/25.0/PHB) GIN/0-5 (5/25.0/PHB) GIN/0-6 (2/25.0/LOC) GIN/0-7 (2/25.0/LOC) GIN/0-8 (4/1.5/PHB) GIN/0-9 (4/1.5/PHB) GIN/0-a (4/1.5/PHB) GIN/0-b (4/1.5/PHB) GIN/0-c (5/25.0/PHB) GIN/0-d (5/25.0/PHB) 
gpu-nodes-2:1004:1004 [3] NCCL INFO NET/0-7 :GPU/0-3000 (5/16.0/SYS) GPU/0-13000 (5/16.0/SYS) GPU/0-63000 (5/16.0/SYS) GPU/0-73000 (5/16.0/SYS) GPU/0-83000 (4/25.0/PHB) GPU/0-93000 (4/25.0/PHB) GPU/0-e3000 (4/25.0/PHB) GPU/0-f3000 (4/25.0/PHB) CPU/0-0 (3/16.0/SYS) CPU/0-1 (2/25.0/PHB) NET/0-0 (6/16.0/SYS) NET/0-1 (6/16.0/SYS) NET/0-2 (6/16.0/SYS) NET/0-3 (6/16.0/SYS) NET/0-4 (5/25.0/PHB) NET/0-5 (5/25.0/PHB) NET/0-6 (2/25.0/LOC) NET/0-7 (0/5000.0/LOC) NET/0-e (2/25.0/LOC) NET/0-8 (4/1.5/PHB) NET/0-9 (4/1.5/PHB) NET/0-a (4/1.5/PHB) NET/0-b (4/1.5/PHB) NET/0-f (4/1.5/PHB) NET/0-c (5/25.0/PHB) NET/0-d (5/25.0/PHB) GIN/0-0 (6/16.0/SYS) GIN/0-1 (6/16.0/SYS) GIN/0-2 (6/16.0/SYS) GIN/0-3 (6/16.0/SYS) GIN/0-4 (5/25.0/PHB) GIN/0-5 (5/25.0/PHB) GIN/0-6 (2/25.0/LOC) GIN/0-7 (2/25.0/LOC) GIN/0-8 (4/1.5/PHB) GIN/0-9 (4/1.5/PHB) GIN/0-a (4/1.5/PHB) GIN/0-b (4/1.5/PHB) GIN/0-c (5/25.0/PHB) GIN/0-d (5/25.0/PHB) 
gpu-nodes-2:1004:1004 [3] NCCL INFO NET/0-e :GPU/0-3000 (5/16.0/SYS) GPU/0-13000 (5/16.0/SYS) GPU/0-63000 (5/16.0/SYS) GPU/0-73000 (5/16.0/SYS) GPU/0-83000 (4/48.0/PHB) GPU/0-93000 (4/48.0/PHB) GPU/0-e3000 (4/48.0/PHB) GPU/0-f3000 (4/48.0/PHB) CPU/0-0 (3/16.0/SYS) CPU/0-1 (2/48.0/PHB) NET/0-0 (6/16.0/SYS) NET/0-1 (6/16.0/SYS) NET/0-2 (6/16.0/SYS) NET/0-3 (6/16.0/SYS) NET/0-4 (5/48.0/PHB) NET/0-5 (5/48.0/PHB) NET/0-6 (2/25.0/LOC) NET/0-7 (2/25.0/LOC) NET/0-e (0/5000.0/LOC) NET/0-8 (4/1.5/PHB) NET/0-9 (4/1.5/PHB) NET/0-a (4/1.5/PHB) NET/0-b (4/1.5/PHB) NET/0-f (4/1.5/PHB) NET/0-c (5/48.0/PHB) NET/0-d (5/48.0/PHB) GIN/0-0 (6/16.0/SYS) GIN/0-1 (6/16.0/SYS) GIN/0-2 (6/16.0/SYS) GIN/0-3 (6/16.0/SYS) GIN/0-4 (5/48.0/PHB) GIN/0-5 (5/48.0/PHB) GIN/0-6 (2/25.0/LOC) GIN/0-7 (2/25.0/LOC) GIN/0-8 (4/1.5/PHB) GIN/0-9 (4/1.5/PHB) GIN/0-a (4/1.5/PHB) GIN/0-b (4/1.5/PHB) GIN/0-c (5/48.0/PHB) GIN/0-d (5/48.0/PHB) 
gpu-nodes-2:1004:1004 [3] NCCL INFO NET/0-8 :GPU/0-3000 (5/1.5/SYS) GPU/0-13000 (5/1.5/SYS) GPU/0-63000 (5/1.5/SYS) GPU/0-73000 (5/1.5/SYS) GPU/0-83000 (4/1.5/PHB) GPU/0-93000 (4/1.5/PHB) GPU/0-e3000 (4/1.5/PHB) GPU/0-f3000 (4/1.5/PHB) CPU/0-0 (3/1.5/SYS) CPU/0-1 (2/1.5/PHB) NET/0-0 (6/1.5/SYS) NET/0-1 (6/1.5/SYS) NET/0-2 (6/1.5/SYS) NET/0-3 (6/1.5/SYS) NET/0-4 (5/1.5/PHB) NET/0-5 (5/1.5/PHB) NET/0-6 (4/1.5/PHB) NET/0-7 (4/1.5/PHB) NET/0-e (4/1.5/PHB) NET/0-8 (0/5000.0/LOC) NET/0-9 (2/12.5/LOC) NET/0-a (2/12.5/LOC) NET/0-b (2/12.5/LOC) NET/0-f (2/12.5/LOC) NET/0-c (5/1.5/PHB) NET/0-d (5/1.5/PHB) GIN/0-0 (6/1.5/SYS) GIN/0-1 (6/1.5/SYS) GIN/0-2 (6/1.5/SYS) GIN/0-3 (6/1.5/SYS) GIN/0-4 (5/1.5/PHB) GIN/0-5 (5/1.5/PHB) GIN/0-6 (4/1.5/PHB) GIN/0-7 (4/1.5/PHB) GIN/0-8 (2/12.5/LOC) GIN/0-9 (2/12.5/LOC) GIN/0-a (2/12.5/LOC) GIN/0-b (2/12.5/LOC) GIN/0-c (5/1.5/PHB) GIN/0-d (5/1.5/PHB) 
gpu-nodes-2:1004:1004 [3] NCCL INFO NET/0-9 :GPU/0-3000 (5/1.5/SYS) GPU/0-13000 (5/1.5/SYS) GPU/0-63000 (5/1.5/SYS) GPU/0-73000 (5/1.5/SYS) GPU/0-83000 (4/1.5/PHB) GPU/0-93000 (4/1.5/PHB) GPU/0-e3000 (4/1.5/PHB) GPU/0-f3000 (4/1.5/PHB) CPU/0-0 (3/1.5/SYS) CPU/0-1 (2/1.5/PHB) NET/0-0 (6/1.5/SYS) NET/0-1 (6/1.5/SYS) NET/0-2 (6/1.5/SYS) NET/0-3 (6/1.5/SYS) NET/0-4 (5/1.5/PHB) NET/0-5 (5/1.5/PHB) NET/0-6 (4/1.5/PHB) NET/0-7 (4/1.5/PHB) NET/0-e (4/1.5/PHB) NET/0-8 (2/12.5/LOC) NET/0-9 (0/5000.0/LOC) NET/0-a (2/12.5/LOC) NET/0-b (2/12.5/LOC) NET/0-f (2/12.5/LOC) NET/0-c (5/1.5/PHB) NET/0-d (5/1.5/PHB) GIN/0-0 (6/1.5/SYS) GIN/0-1 (6/1.5/SYS) GIN/0-2 (6/1.5/SYS) GIN/0-3 (6/1.5/SYS) GIN/0-4 (5/1.5/PHB) GIN/0-5 (5/1.5/PHB) GIN/0-6 (4/1.5/PHB) GIN/0-7 (4/1.5/PHB) GIN/0-8 (2/12.5/LOC) GIN/0-9 (2/12.5/LOC) GIN/0-a (2/12.5/LOC) GIN/0-b (2/12.5/LOC) GIN/0-c (5/1.5/PHB) GIN/0-d (5/1.5/PHB) 
gpu-nodes-2:1004:1004 [3] NCCL INFO NET/0-a :GPU/0-3000 (5/1.5/SYS) GPU/0-13000 (5/1.5/SYS) GPU/0-63000 (5/1.5/SYS) GPU/0-73000 (5/1.5/SYS) GPU/0-83000 (4/1.5/PHB) GPU/0-93000 (4/1.5/PHB) GPU/0-e3000 (4/1.5/PHB) GPU/0-f3000 (4/1.5/PHB) CPU/0-0 (3/1.5/SYS) CPU/0-1 (2/1.5/PHB) NET/0-0 (6/1.5/SYS) NET/0-1 (6/1.5/SYS) NET/0-2 (6/1.5/SYS) NET/0-3 (6/1.5/SYS) NET/0-4 (5/1.5/PHB) NET/0-5 (5/1.5/PHB) NET/0-6 (4/1.5/PHB) NET/0-7 (4/1.5/PHB) NET/0-e (4/1.5/PHB) NET/0-8 (2/12.5/LOC) NET/0-9 (2/12.5/LOC) NET/0-a (0/5000.0/LOC) NET/0-b (2/12.5/LOC) NET/0-f (2/12.5/LOC) NET/0-c (5/1.5/PHB) NET/0-d (5/1.5/PHB) GIN/0-0 (6/1.5/SYS) GIN/0-1 (6/1.5/SYS) GIN/0-2 (6/1.5/SYS) GIN/0-3 (6/1.5/SYS) GIN/0-4 (5/1.5/PHB) GIN/0-5 (5/1.5/PHB) GIN/0-6 (4/1.5/PHB) GIN/0-7 (4/1.5/PHB) GIN/0-8 (2/12.5/LOC) GIN/0-9 (2/12.5/LOC) GIN/0-a (2/12.5/LOC) GIN/0-b (2/12.5/LOC) GIN/0-c (5/1.5/PHB) GIN/0-d (5/1.5/PHB) 
gpu-nodes-2:1004:1004 [3] NCCL INFO NET/0-b :GPU/0-3000 (5/1.5/SYS) GPU/0-13000 (5/1.5/SYS) GPU/0-63000 (5/1.5/SYS) GPU/0-73000 (5/1.5/SYS) GPU/0-83000 (4/1.5/PHB) GPU/0-93000 (4/1.5/PHB) GPU/0-e3000 (4/1.5/PHB) GPU/0-f3000 (4/1.5/PHB) CPU/0-0 (3/1.5/SYS) CPU/0-1 (2/1.5/PHB) NET/0-0 (6/1.5/SYS) NET/0-1 (6/1.5/SYS) NET/0-2 (6/1.5/SYS) NET/0-3 (6/1.5/SYS) NET/0-4 (5/1.5/PHB) NET/0-5 (5/1.5/PHB) NET/0-6 (4/1.5/PHB) NET/0-7 (4/1.5/PHB) NET/0-e (4/1.5/PHB) NET/0-8 (2/12.5/LOC) NET/0-9 (2/12.5/LOC) NET/0-a (2/12.5/LOC) NET/0-b (0/5000.0/LOC) NET/0-f (2/12.5/LOC) NET/0-c (5/1.5/PHB) NET/0-d (5/1.5/PHB) GIN/0-0 (6/1.5/SYS) GIN/0-1 (6/1.5/SYS) GIN/0-2 (6/1.5/SYS) GIN/0-3 (6/1.5/SYS) GIN/0-4 (5/1.5/PHB) GIN/0-5 (5/1.5/PHB) GIN/0-6 (4/1.5/PHB) GIN/0-7 (4/1.5/PHB) GIN/0-8 (2/12.5/LOC) GIN/0-9 (2/12.5/LOC) GIN/0-a (2/12.5/LOC) GIN/0-b (2/12.5/LOC) GIN/0-c (5/1.5/PHB) GIN/0-d (5/1.5/PHB) 
gpu-nodes-2:1004:1004 [3] NCCL INFO NET/0-f :GPU/0-3000 (5/1.5/SYS) GPU/0-13000 (5/1.5/SYS) GPU/0-63000 (5/1.5/SYS) GPU/0-73000 (5/1.5/SYS) GPU/0-83000 (4/1.5/PHB) GPU/0-93000 (4/1.5/PHB) GPU/0-e3000 (4/1.5/PHB) GPU/0-f3000 (4/1.5/PHB) CPU/0-0 (3/1.5/SYS) CPU/0-1 (2/1.5/PHB) NET/0-0 (6/1.5/SYS) NET/0-1 (6/1.5/SYS) NET/0-2 (6/1.5/SYS) NET/0-3 (6/1.5/SYS) NET/0-4 (5/1.5/PHB) NET/0-5 (5/1.5/PHB) NET/0-6 (4/1.5/PHB) NET/0-7 (4/1.5/PHB) NET/0-e (4/1.5/PHB) NET/0-8 (2/12.5/LOC) NET/0-9 (2/12.5/LOC) NET/0-a (2/12.5/LOC) NET/0-b (2/12.5/LOC) NET/0-f (0/5000.0/LOC) NET/0-c (5/1.5/PHB) NET/0-d (5/1.5/PHB) GIN/0-0 (6/1.5/SYS) GIN/0-1 (6/1.5/SYS) GIN/0-2 (6/1.5/SYS) GIN/0-3 (6/1.5/SYS) GIN/0-4 (5/1.5/PHB) GIN/0-5 (5/1.5/PHB) GIN/0-6 (4/1.5/PHB) GIN/0-7 (4/1.5/PHB) GIN/0-8 (2/12.5/LOC) GIN/0-9 (2/12.5/LOC) GIN/0-a (2/12.5/LOC) GIN/0-b (2/12.5/LOC) GIN/0-c (5/1.5/PHB) GIN/0-d (5/1.5/PHB) 
gpu-nodes-2:1004:1004 [3] NCCL INFO NET/0-c :GPU/0-3000 (6/16.0/SYS) GPU/0-13000 (6/16.0/SYS) GPU/0-63000 (6/16.0/SYS) GPU/0-73000 (6/16.0/SYS) GPU/0-83000 (5/48.0/PHB) GPU/0-93000 (5/48.0/PHB) GPU/0-e3000 (3/48.0/PIX) GPU/0-f3000 (5/48.0/PHB) CPU/0-0 (4/16.0/SYS) CPU/0-1 (3/48.0/PHB) NET/0-0 (7/16.0/SYS) NET/0-1 (7/16.0/SYS) NET/0-2 (7/16.0/SYS) NET/0-3 (7/16.0/SYS) NET/0-4 (6/48.0/PHB) NET/0-5 (6/48.0/PHB) NET/0-6 (5/25.0/PHB) NET/0-7 (5/25.0/PHB) NET/0-e (5/48.0/PHB) NET/0-8 (5/1.5/PHB) NET/0-9 (5/1.5/PHB) NET/0-a (5/1.5/PHB) NET/0-b (5/1.5/PHB) NET/0-f (5/1.5/PHB) NET/0-c (0/5000.0/LOC) NET/0-d (6/48.0/PHB) GIN/0-0 (7/16.0/SYS) GIN/0-1 (7/16.0/SYS) GIN/0-2 (7/16.0/SYS) GIN/0-3 (7/16.0/SYS) GIN/0-4 (6/48.0/PHB) GIN/0-5 (6/48.0/PHB) GIN/0-6 (5/25.0/PHB) GIN/0-7 (5/25.0/PHB) GIN/0-8 (5/1.5/PHB) GIN/0-9 (5/1.5/PHB) GIN/0-a (5/1.5/PHB) GIN/0-b (5/1.5/PHB) GIN/0-c (2/50.0/LOC) GIN/0-d (6/48.0/PHB) 
gpu-nodes-2:1004:1004 [3] NCCL INFO NET/0-d :GPU/0-3000 (6/16.0/SYS) GPU/0-13000 (6/16.0/SYS) GPU/0-63000 (6/16.0/SYS) GPU/0-73000 (6/16.0/SYS) GPU/0-83000 (5/48.0/PHB) GPU/0-93000 (5/48.0/PHB) GPU/0-e3000 (5/48.0/PHB) GPU/0-f3000 (3/48.0/PIX) CPU/0-0 (4/16.0/SYS) CPU/0-1 (3/48.0/PHB) NET/0-0 (7/16.0/SYS) NET/0-1 (7/16.0/SYS) NET/0-2 (7/16.0/SYS) NET/0-3 (7/16.0/SYS) NET/0-4 (6/48.0/PHB) NET/0-5 (6/48.0/PHB) NET/0-6 (5/25.0/PHB) NET/0-7 (5/25.0/PHB) NET/0-e (5/48.0/PHB) NET/0-8 (5/1.5/PHB) NET/0-9 (5/1.5/PHB) NET/0-a (5/1.5/PHB) NET/0-b (5/1.5/PHB) NET/0-f (5/1.5/PHB) NET/0-c (6/48.0/PHB) NET/0-d (0/5000.0/LOC) GIN/0-0 (7/16.0/SYS) GIN/0-1 (7/16.0/SYS) GIN/0-2 (7/16.0/SYS) GIN/0-3 (7/16.0/SYS) GIN/0-4 (6/48.0/PHB) GIN/0-5 (6/48.0/PHB) GIN/0-6 (5/25.0/PHB) GIN/0-7 (5/25.0/PHB) GIN/0-8 (5/1.5/PHB) GIN/0-9 (5/1.5/PHB) GIN/0-a (5/1.5/PHB) GIN/0-b (5/1.5/PHB) GIN/0-c (6/48.0/PHB) GIN/0-d (2/50.0/LOC) 
gpu-nodes-2:1004:1004 [3] NCCL INFO GIN/0-0 :GPU/0-3000 (3/48.0/PIX) GPU/0-13000 (5/48.0/PHB) GPU/0-63000 (5/48.0/PHB) GPU/0-73000 (5/48.0/PHB) GPU/0-83000 (6/16.0/SYS) GPU/0-93000 (6/16.0/SYS) GPU/0-e3000 (6/16.0/SYS) GPU/0-f3000 (6/16.0/SYS) CPU/0-0 (3/48.0/PHB) CPU/0-1 (4/16.0/SYS) NET/0-0 (2/50.0/LOC) NET/0-1 (6/48.0/PHB) NET/0-2 (6/48.0/PHB) NET/0-3 (6/48.0/PHB) NET/0-4 (7/16.0/SYS) NET/0-5 (7/16.0/SYS) NET/0-6 (6/16.0/SYS) NET/0-7 (6/16.0/SYS) NET/0-e (6/16.0/SYS) NET/0-8 (6/1.5/SYS) NET/0-9 (6/1.5/SYS) NET/0-a (6/1.5/SYS) NET/0-b (6/1.5/SYS) NET/0-f (6/1.5/SYS) NET/0-c (7/16.0/SYS) NET/0-d (7/16.0/SYS) GIN/0-0 (0/5000.0/LOC) GIN/0-1 (6/48.0/PHB) GIN/0-2 (6/48.0/PHB) GIN/0-3 (6/48.0/PHB) GIN/0-4 (7/16.0/SYS) GIN/0-5 (7/16.0/SYS) GIN/0-6 (6/16.0/SYS) GIN/0-7 (6/16.0/SYS) GIN/0-8 (6/1.5/SYS) GIN/0-9 (6/1.5/SYS) GIN/0-a (6/1.5/SYS) GIN/0-b (6/1.5/SYS) GIN/0-c (7/16.0/SYS) GIN/0-d (7/16.0/SYS) 
gpu-nodes-2:1004:1004 [3] NCCL INFO GIN/0-1 :GPU/0-3000 (5/48.0/PHB) GPU/0-13000 (3/48.0/PIX) GPU/0-63000 (5/48.0/PHB) GPU/0-73000 (5/48.0/PHB) GPU/0-83000 (6/16.0/SYS) GPU/0-93000 (6/16.0/SYS) GPU/0-e3000 (6/16.0/SYS) GPU/0-f3000 (6/16.0/SYS) CPU/0-0 (3/48.0/PHB) CPU/0-1 (4/16.0/SYS) NET/0-0 (6/48.0/PHB) NET/0-1 (2/50.0/LOC) NET/0-2 (6/48.0/PHB) NET/0-3 (6/48.0/PHB) NET/0-4 (7/16.0/SYS) NET/0-5 (7/16.0/SYS) NET/0-6 (6/16.0/SYS) NET/0-7 (6/16.0/SYS) NET/0-e (6/16.0/SYS) NET/0-8 (6/1.5/SYS) NET/0-9 (6/1.5/SYS) NET/0-a (6/1.5/SYS) NET/0-b (6/1.5/SYS) NET/0-f (6/1.5/SYS) NET/0-c (7/16.0/SYS) NET/0-d (7/16.0/SYS) GIN/0-0 (6/48.0/PHB) GIN/0-1 (0/5000.0/LOC) GIN/0-2 (6/48.0/PHB) GIN/0-3 (6/48.0/PHB) GIN/0-4 (7/16.0/SYS) GIN/0-5 (7/16.0/SYS) GIN/0-6 (6/16.0/SYS) GIN/0-7 (6/16.0/SYS) GIN/0-8 (6/1.5/SYS) GIN/0-9 (6/1.5/SYS) GIN/0-a (6/1.5/SYS) GIN/0-b (6/1.5/SYS) GIN/0-c (7/16.0/SYS) GIN/0-d (7/16.0/SYS) 
gpu-nodes-2:1004:1004 [3] NCCL INFO GIN/0-2 :GPU/0-3000 (5/48.0/PHB) GPU/0-13000 (5/48.0/PHB) GPU/0-63000 (3/48.0/PIX) GPU/0-73000 (5/48.0/PHB) GPU/0-83000 (6/16.0/SYS) GPU/0-93000 (6/16.0/SYS) GPU/0-e3000 (6/16.0/SYS) GPU/0-f3000 (6/16.0/SYS) CPU/0-0 (3/48.0/PHB) CPU/0-1 (4/16.0/SYS) NET/0-0 (6/48.0/PHB) NET/0-1 (6/48.0/PHB) NET/0-2 (2/50.0/LOC) NET/0-3 (6/48.0/PHB) NET/0-4 (7/16.0/SYS) NET/0-5 (7/16.0/SYS) NET/0-6 (6/16.0/SYS) NET/0-7 (6/16.0/SYS) NET/0-e (6/16.0/SYS) NET/0-8 (6/1.5/SYS) NET/0-9 (6/1.5/SYS) NET/0-a (6/1.5/SYS) NET/0-b (6/1.5/SYS) NET/0-f (6/1.5/SYS) NET/0-c (7/16.0/SYS) NET/0-d (7/16.0/SYS) GIN/0-0 (6/48.0/PHB) GIN/0-1 (6/48.0/PHB) GIN/0-2 (0/5000.0/LOC) GIN/0-3 (6/48.0/PHB) GIN/0-4 (7/16.0/SYS) GIN/0-5 (7/16.0/SYS) GIN/0-6 (6/16.0/SYS) GIN/0-7 (6/16.0/SYS) GIN/0-8 (6/1.5/SYS) GIN/0-9 (6/1.5/SYS) GIN/0-a (6/1.5/SYS) GIN/0-b (6/1.5/SYS) GIN/0-c (7/16.0/SYS) GIN/0-d (7/16.0/SYS) 
gpu-nodes-2:1004:1004 [3] NCCL INFO GIN/0-3 :GPU/0-3000 (5/48.0/PHB) GPU/0-13000 (5/48.0/PHB) GPU/0-63000 (5/48.0/PHB) GPU/0-73000 (3/48.0/PIX) GPU/0-83000 (6/16.0/SYS) GPU/0-93000 (6/16.0/SYS) GPU/0-e3000 (6/16.0/SYS) GPU/0-f3000 (6/16.0/SYS) CPU/0-0 (3/48.0/PHB) CPU/0-1 (4/16.0/SYS) NET/0-0 (6/48.0/PHB) NET/0-1 (6/48.0/PHB) NET/0-2 (6/48.0/PHB) NET/0-3 (2/50.0/LOC) NET/0-4 (7/16.0/SYS) NET/0-5 (7/16.0/SYS) NET/0-6 (6/16.0/SYS) NET/0-7 (6/16.0/SYS) NET/0-e (6/16.0/SYS) NET/0-8 (6/1.5/SYS) NET/0-9 (6/1.5/SYS) NET/0-a (6/1.5/SYS) NET/0-b (6/1.5/SYS) NET/0-f (6/1.5/SYS) NET/0-c (7/16.0/SYS) NET/0-d (7/16.0/SYS) GIN/0-0 (6/48.0/PHB) GIN/0-1 (6/48.0/PHB) GIN/0-2 (6/48.0/PHB) GIN/0-3 (0/5000.0/LOC) GIN/0-4 (7/16.0/SYS) GIN/0-5 (7/16.0/SYS) GIN/0-6 (6/16.0/SYS) GIN/0-7 (6/16.0/SYS) GIN/0-8 (6/1.5/SYS) GIN/0-9 (6/1.5/SYS) GIN/0-a (6/1.5/SYS) GIN/0-b (6/1.5/SYS) GIN/0-c (7/16.0/SYS) GIN/0-d (7/16.0/SYS) 
gpu-nodes-2:1004:1004 [3] NCCL INFO GIN/0-4 :GPU/0-3000 (6/16.0/SYS) GPU/0-13000 (6/16.0/SYS) GPU/0-63000 (6/16.0/SYS) GPU/0-73000 (6/16.0/SYS) GPU/0-83000 (3/48.0/PIX) GPU/0-93000 (5/48.0/PHB) GPU/0-e3000 (5/48.0/PHB) GPU/0-f3000 (5/48.0/PHB) CPU/0-0 (4/16.0/SYS) CPU/0-1 (3/48.0/PHB) NET/0-0 (7/16.0/SYS) NET/0-1 (7/16.0/SYS) NET/0-2 (7/16.0/SYS) NET/0-3 (7/16.0/SYS) NET/0-4 (2/50.0/LOC) NET/0-5 (6/48.0/PHB) NET/0-6 (5/25.0/PHB) NET/0-7 (5/25.0/PHB) NET/0-e (5/48.0/PHB) NET/0-8 (5/1.5/PHB) NET/0-9 (5/1.5/PHB) NET/0-a (5/1.5/PHB) NET/0-b (5/1.5/PHB) NET/0-f (5/1.5/PHB) NET/0-c (6/48.0/PHB) NET/0-d (6/48.0/PHB) GIN/0-0 (7/16.0/SYS) GIN/0-1 (7/16.0/SYS) GIN/0-2 (7/16.0/SYS) GIN/0-3 (7/16.0/SYS) GIN/0-4 (0/5000.0/LOC) GIN/0-5 (6/48.0/PHB) GIN/0-6 (5/25.0/PHB) GIN/0-7 (5/25.0/PHB) GIN/0-8 (5/1.5/PHB) GIN/0-9 (5/1.5/PHB) GIN/0-a (5/1.5/PHB) GIN/0-b (5/1.5/PHB) GIN/0-c (6/48.0/PHB) GIN/0-d (6/48.0/PHB) 
gpu-nodes-2:1004:1004 [3] NCCL INFO GIN/0-5 :GPU/0-3000 (6/16.0/SYS) GPU/0-13000 (6/16.0/SYS) GPU/0-63000 (6/16.0/SYS) GPU/0-73000 (6/16.0/SYS) GPU/0-83000 (5/48.0/PHB) GPU/0-93000 (3/48.0/PIX) GPU/0-e3000 (5/48.0/PHB) GPU/0-f3000 (5/48.0/PHB) CPU/0-0 (4/16.0/SYS) CPU/0-1 (3/48.0/PHB) NET/0-0 (7/16.0/SYS) NET/0-1 (7/16.0/SYS) NET/0-2 (7/16.0/SYS) NET/0-3 (7/16.0/SYS) NET/0-4 (6/48.0/PHB) NET/0-5 (2/50.0/LOC) NET/0-6 (5/25.0/PHB) NET/0-7 (5/25.0/PHB) NET/0-e (5/48.0/PHB) NET/0-8 (5/1.5/PHB) NET/0-9 (5/1.5/PHB) NET/0-a (5/1.5/PHB) NET/0-b (5/1.5/PHB) NET/0-f (5/1.5/PHB) NET/0-c (6/48.0/PHB) NET/0-d (6/48.0/PHB) GIN/0-0 (7/16.0/SYS) GIN/0-1 (7/16.0/SYS) GIN/0-2 (7/16.0/SYS) GIN/0-3 (7/16.0/SYS) GIN/0-4 (6/48.0/PHB) GIN/0-5 (0/5000.0/LOC) GIN/0-6 (5/25.0/PHB) GIN/0-7 (5/25.0/PHB) GIN/0-8 (5/1.5/PHB) GIN/0-9 (5/1.5/PHB) GIN/0-a (5/1.5/PHB) GIN/0-b (5/1.5/PHB) GIN/0-c (6/48.0/PHB) GIN/0-d (6/48.0/PHB) 
gpu-nodes-2:1004:1004 [3] NCCL INFO GIN/0-6 :GPU/0-3000 (5/16.0/SYS) GPU/0-13000 (5/16.0/SYS) GPU/0-63000 (5/16.0/SYS) GPU/0-73000 (5/16.0/SYS) GPU/0-83000 (4/25.0/PHB) GPU/0-93000 (4/25.0/PHB) GPU/0-e3000 (4/25.0/PHB) GPU/0-f3000 (4/25.0/PHB) CPU/0-0 (3/16.0/SYS) CPU/0-1 (2/25.0/PHB) NET/0-0 (6/16.0/SYS) NET/0-1 (6/16.0/SYS) NET/0-2 (6/16.0/SYS) NET/0-3 (6/16.0/SYS) NET/0-4 (5/25.0/PHB) NET/0-5 (5/25.0/PHB) NET/0-6 (2/25.0/LOC) NET/0-7 (2/25.0/LOC) NET/0-e (2/25.0/LOC) NET/0-8 (4/1.5/PHB) NET/0-9 (4/1.5/PHB) NET/0-a (4/1.5/PHB) NET/0-b (4/1.5/PHB) NET/0-f (4/1.5/PHB) NET/0-c (5/25.0/PHB) NET/0-d (5/25.0/PHB) GIN/0-0 (6/16.0/SYS) GIN/0-1 (6/16.0/SYS) GIN/0-2 (6/16.0/SYS) GIN/0-3 (6/16.0/SYS) GIN/0-4 (5/25.0/PHB) GIN/0-5 (5/25.0/PHB) GIN/0-6 (0/5000.0/LOC) GIN/0-7 (2/25.0/LOC) GIN/0-8 (4/1.5/PHB) GIN/0-9 (4/1.5/PHB) GIN/0-a (4/1.5/PHB) GIN/0-b (4/1.5/PHB) GIN/0-c (5/25.0/PHB) GIN/0-d (5/25.0/PHB) 
gpu-nodes-2:1004:1004 [3] NCCL INFO GIN/0-7 :GPU/0-3000 (5/16.0/SYS) GPU/0-13000 (5/16.0/SYS) GPU/0-63000 (5/16.0/SYS) GPU/0-73000 (5/16.0/SYS) GPU/0-83000 (4/25.0/PHB) GPU/0-93000 (4/25.0/PHB) GPU/0-e3000 (4/25.0/PHB) GPU/0-f3000 (4/25.0/PHB) CPU/0-0 (3/16.0/SYS) CPU/0-1 (2/25.0/PHB) NET/0-0 (6/16.0/SYS) NET/0-1 (6/16.0/SYS) NET/0-2 (6/16.0/SYS) NET/0-3 (6/16.0/SYS) NET/0-4 (5/25.0/PHB) NET/0-5 (5/25.0/PHB) NET/0-6 (2/25.0/LOC) NET/0-7 (2/25.0/LOC) NET/0-e (2/25.0/LOC) NET/0-8 (4/1.5/PHB) NET/0-9 (4/1.5/PHB) NET/0-a (4/1.5/PHB) NET/0-b (4/1.5/PHB) NET/0-f (4/1.5/PHB) NET/0-c (5/25.0/PHB) NET/0-d (5/25.0/PHB) GIN/0-0 (6/16.0/SYS) GIN/0-1 (6/16.0/SYS) GIN/0-2 (6/16.0/SYS) GIN/0-3 (6/16.0/SYS) GIN/0-4 (5/25.0/PHB) GIN/0-5 (5/25.0/PHB) GIN/0-6 (2/25.0/LOC) GIN/0-7 (0/5000.0/LOC) GIN/0-8 (4/1.5/PHB) GIN/0-9 (4/1.5/PHB) GIN/0-a (4/1.5/PHB) GIN/0-b (4/1.5/PHB) GIN/0-c (5/25.0/PHB) GIN/0-d (5/25.0/PHB) 
gpu-nodes-2:1004:1004 [3] NCCL INFO GIN/0-8 :GPU/0-3000 (5/1.5/SYS) GPU/0-13000 (5/1.5/SYS) GPU/0-63000 (5/1.5/SYS) GPU/0-73000 (5/1.5/SYS) GPU/0-83000 (4/1.5/PHB) GPU/0-93000 (4/1.5/PHB) GPU/0-e3000 (4/1.5/PHB) GPU/0-f3000 (4/1.5/PHB) CPU/0-0 (3/1.5/SYS) CPU/0-1 (2/1.5/PHB) NET/0-0 (6/1.5/SYS) NET/0-1 (6/1.5/SYS) NET/0-2 (6/1.5/SYS) NET/0-3 (6/1.5/SYS) NET/0-4 (5/1.5/PHB) NET/0-5 (5/1.5/PHB) NET/0-6 (4/1.5/PHB) NET/0-7 (4/1.5/PHB) NET/0-e (4/1.5/PHB) NET/0-8 (2/12.5/LOC) NET/0-9 (2/12.5/LOC) NET/0-a (2/12.5/LOC) NET/0-b (2/12.5/LOC) NET/0-f (2/12.5/LOC) NET/0-c (5/1.5/PHB) NET/0-d (5/1.5/PHB) GIN/0-0 (6/1.5/SYS) GIN/0-1 (6/1.5/SYS) GIN/0-2 (6/1.5/SYS) GIN/0-3 (6/1.5/SYS) GIN/0-4 (5/1.5/PHB) GIN/0-5 (5/1.5/PHB) GIN/0-6 (4/1.5/PHB) GIN/0-7 (4/1.5/PHB) GIN/0-8 (0/5000.0/LOC) GIN/0-9 (2/12.5/LOC) GIN/0-a (2/12.5/LOC) GIN/0-b (2/12.5/LOC) GIN/0-c (5/1.5/PHB) GIN/0-d (5/1.5/PHB) 
gpu-nodes-2:1004:1004 [3] NCCL INFO GIN/0-9 :GPU/0-3000 (5/1.5/SYS) GPU/0-13000 (5/1.5/SYS) GPU/0-63000 (5/1.5/SYS) GPU/0-73000 (5/1.5/SYS) GPU/0-83000 (4/1.5/PHB) GPU/0-93000 (4/1.5/PHB) GPU/0-e3000 (4/1.5/PHB) GPU/0-f3000 (4/1.5/PHB) CPU/0-0 (3/1.5/SYS) CPU/0-1 (2/1.5/PHB) NET/0-0 (6/1.5/SYS) NET/0-1 (6/1.5/SYS) NET/0-2 (6/1.5/SYS) NET/0-3 (6/1.5/SYS) NET/0-4 (5/1.5/PHB) NET/0-5 (5/1.5/PHB) NET/0-6 (4/1.5/PHB) NET/0-7 (4/1.5/PHB) NET/0-e (4/1.5/PHB) NET/0-8 (2/12.5/LOC) NET/0-9 (2/12.5/LOC) NET/0-a (2/12.5/LOC) NET/0-b (2/12.5/LOC) NET/0-f (2/12.5/LOC) NET/0-c (5/1.5/PHB) NET/0-d (5/1.5/PHB) GIN/0-0 (6/1.5/SYS) GIN/0-1 (6/1.5/SYS) GIN/0-2 (6/1.5/SYS) GIN/0-3 (6/1.5/SYS) GIN/0-4 (5/1.5/PHB) GIN/0-5 (5/1.5/PHB) GIN/0-6 (4/1.5/PHB) GIN/0-7 (4/1.5/PHB) GIN/0-8 (2/12.5/LOC) GIN/0-9 (0/5000.0/LOC) GIN/0-a (2/12.5/LOC) GIN/0-b (2/12.5/LOC) GIN/0-c (5/1.5/PHB) GIN/0-d (5/1.5/PHB) 
gpu-nodes-2:1004:1004 [3] NCCL INFO GIN/0-a :GPU/0-3000 (5/1.5/SYS) GPU/0-13000 (5/1.5/SYS) GPU/0-63000 (5/1.5/SYS) GPU/0-73000 (5/1.5/SYS) GPU/0-83000 (4/1.5/PHB) GPU/0-93000 (4/1.5/PHB) GPU/0-e3000 (4/1.5/PHB) GPU/0-f3000 (4/1.5/PHB) CPU/0-0 (3/1.5/SYS) CPU/0-1 (2/1.5/PHB) NET/0-0 (6/1.5/SYS) NET/0-1 (6/1.5/SYS) NET/0-2 (6/1.5/SYS) NET/0-3 (6/1.5/SYS) NET/0-4 (5/1.5/PHB) NET/0-5 (5/1.5/PHB) NET/0-6 (4/1.5/PHB) NET/0-7 (4/1.5/PHB) NET/0-e (4/1.5/PHB) NET/0-8 (2/12.5/LOC) NET/0-9 (2/12.5/LOC) NET/0-a (2/12.5/LOC) NET/0-b (2/12.5/LOC) NET/0-f (2/12.5/LOC) NET/0-c (5/1.5/PHB) NET/0-d (5/1.5/PHB) GIN/0-0 (6/1.5/SYS) GIN/0-1 (6/1.5/SYS) GIN/0-2 (6/1.5/SYS) GIN/0-3 (6/1.5/SYS) GIN/0-4 (5/1.5/PHB) GIN/0-5 (5/1.5/PHB) GIN/0-6 (4/1.5/PHB) GIN/0-7 (4/1.5/PHB) GIN/0-8 (2/12.5/LOC) GIN/0-9 (2/12.5/LOC) GIN/0-a (0/5000.0/LOC) GIN/0-b (2/12.5/LOC) GIN/0-c (5/1.5/PHB) GIN/0-d (5/1.5/PHB) 
gpu-nodes-2:1004:1004 [3] NCCL INFO GIN/0-b :GPU/0-3000 (5/1.5/SYS) GPU/0-13000 (5/1.5/SYS) GPU/0-63000 (5/1.5/SYS) GPU/0-73000 (5/1.5/SYS) GPU/0-83000 (4/1.5/PHB) GPU/0-93000 (4/1.5/PHB) GPU/0-e3000 (4/1.5/PHB) GPU/0-f3000 (4/1.5/PHB) CPU/0-0 (3/1.5/SYS) CPU/0-1 (2/1.5/PHB) NET/0-0 (6/1.5/SYS) NET/0-1 (6/1.5/SYS) NET/0-2 (6/1.5/SYS) NET/0-3 (6/1.5/SYS) NET/0-4 (5/1.5/PHB) NET/0-5 (5/1.5/PHB) NET/0-6 (4/1.5/PHB) NET/0-7 (4/1.5/PHB) NET/0-e (4/1.5/PHB) NET/0-8 (2/12.5/LOC) NET/0-9 (2/12.5/LOC) NET/0-a (2/12.5/LOC) NET/0-b (2/12.5/LOC) NET/0-f (2/12.5/LOC) NET/0-c (5/1.5/PHB) NET/0-d (5/1.5/PHB) GIN/0-0 (6/1.5/SYS) GIN/0-1 (6/1.5/SYS) GIN/0-2 (6/1.5/SYS) GIN/0-3 (6/1.5/SYS) GIN/0-4 (5/1.5/PHB) GIN/0-5 (5/1.5/PHB) GIN/0-6 (4/1.5/PHB) GIN/0-7 (4/1.5/PHB) GIN/0-8 (2/12.5/LOC) GIN/0-9 (2/12.5/LOC) GIN/0-a (2/12.5/LOC) GIN/0-b (0/5000.0/LOC) GIN/0-c (5/1.5/PHB) GIN/0-d (5/1.5/PHB) 
gpu-nodes-2:1004:1004 [3] NCCL INFO GIN/0-c :GPU/0-3000 (6/16.0/SYS) GPU/0-13000 (6/16.0/SYS) GPU/0-63000 (6/16.0/SYS) GPU/0-73000 (6/16.0/SYS) GPU/0-83000 (5/48.0/PHB) GPU/0-93000 (5/48.0/PHB) GPU/0-e3000 (3/48.0/PIX) GPU/0-f3000 (5/48.0/PHB) CPU/0-0 (4/16.0/SYS) CPU/0-1 (3/48.0/PHB) NET/0-0 (7/16.0/SYS) NET/0-1 (7/16.0/SYS) NET/0-2 (7/16.0/SYS) NET/0-3 (7/16.0/SYS) NET/0-4 (6/48.0/PHB) NET/0-5 (6/48.0/PHB) NET/0-6 (5/25.0/PHB) NET/0-7 (5/25.0/PHB) NET/0-e (5/48.0/PHB) NET/0-8 (5/1.5/PHB) NET/0-9 (5/1.5/PHB) NET/0-a (5/1.5/PHB) NET/0-b (5/1.5/PHB) NET/0-f (5/1.5/PHB) NET/0-c (2/50.0/LOC) NET/0-d (6/48.0/PHB) GIN/0-0 (7/16.0/SYS) GIN/0-1 (7/16.0/SYS) GIN/0-2 (7/16.0/SYS) GIN/0-3 (7/16.0/SYS) GIN/0-4 (6/48.0/PHB) GIN/0-5 (6/48.0/PHB) GIN/0-6 (5/25.0/PHB) GIN/0-7 (5/25.0/PHB) GIN/0-8 (5/1.5/PHB) GIN/0-9 (5/1.5/PHB) GIN/0-a (5/1.5/PHB) GIN/0-b (5/1.5/PHB) GIN/0-c (0/5000.0/LOC) GIN/0-d (6/48.0/PHB) 
gpu-nodes-2:1004:1004 [3] NCCL INFO GIN/0-d :GPU/0-3000 (6/16.0/SYS) GPU/0-13000 (6/16.0/SYS) GPU/0-63000 (6/16.0/SYS) GPU/0-73000 (6/16.0/SYS) GPU/0-83000 (5/48.0/PHB) GPU/0-93000 (5/48.0/PHB) GPU/0-e3000 (5/48.0/PHB) GPU/0-f3000 (3/48.0/PIX) CPU/0-0 (4/16.0/SYS) CPU/0-1 (3/48.0/PHB) NET/0-0 (7/16.0/SYS) NET/0-1 (7/16.0/SYS) NET/0-2 (7/16.0/SYS) NET/0-3 (7/16.0/SYS) NET/0-4 (6/48.0/PHB) NET/0-5 (6/48.0/PHB) NET/0-6 (5/25.0/PHB) NET/0-7 (5/25.0/PHB) NET/0-e (5/48.0/PHB) NET/0-8 (5/1.5/PHB) NET/0-9 (5/1.5/PHB) NET/0-a (5/1.5/PHB) NET/0-b (5/1.5/PHB) NET/0-f (5/1.5/PHB) NET/0-c (6/48.0/PHB) NET/0-d (2/50.0/LOC) GIN/0-0 (7/16.0/SYS) GIN/0-1 (7/16.0/SYS) GIN/0-2 (7/16.0/SYS) GIN/0-3 (7/16.0/SYS) GIN/0-4 (6/48.0/PHB) GIN/0-5 (6/48.0/PHB) GIN/0-6 (5/25.0/PHB) GIN/0-7 (5/25.0/PHB) GIN/0-8 (5/1.5/PHB) GIN/0-9 (5/1.5/PHB) GIN/0-a (5/1.5/PHB) GIN/0-b (5/1.5/PHB) GIN/0-c (6/48.0/PHB) GIN/0-d (0/5000.0/LOC) 
gpu-nodes-2:1004:1004 [3] NCCL INFO ncclTopoGetCpuAffinity: Affinity for GPU 3 is 0-63,128-191. (GPU affinity = 0-63,128-191 ; CPU affinity = 0-63,128-191).
gpu-nodes-2:1004:1004 [3] NCCL INFO Pattern 4, crossNic 0, nChannels 8, bw 48.000000/48.000000, type NVL/PXN, sameChannels 0
gpu-nodes-2:1004:1004 [3] NCCL INFO  0 : NET/0-0 GPU/0-3000 GPU/0-f3000 GPU/0-e3000 GPU/0-93000 GPU/0-83000 GPU/0-73000 GPU/0-63000 GPU/0-13000 NET/0-0
gpu-nodes-2:1004:1004 [3] NCCL INFO  1 : NET/0-1 GPU/0-13000 GPU/0-3000 GPU/0-f3000 GPU/0-e3000 GPU/0-93000 GPU/0-83000 GPU/0-73000 GPU/0-63000 NET/0-1
gpu-nodes-2:1004:1004 [3] NCCL INFO  2 : NET/0-2 GPU/0-63000 GPU/0-13000 GPU/0-3000 GPU/0-f3000 GPU/0-e3000 GPU/0-93000 GPU/0-83000 GPU/0-73000 NET/0-2
gpu-nodes-2:1004:1004 [3] NCCL INFO  3 : NET/0-3 GPU/0-73000 GPU/0-63000 GPU/0-13000 GPU/0-3000 GPU/0-f3000 GPU/0-e3000 GPU/0-93000 GPU/0-83000 NET/0-3
gpu-nodes-2:1004:1004 [3] NCCL INFO  4 : NET/0-4 GPU/0-83000 GPU/0-73000 GPU/0-63000 GPU/0-13000 GPU/0-3000 GPU/0-f3000 GPU/0-e3000 GPU/0-93000 NET/0-4
gpu-nodes-2:1004:1004 [3] NCCL INFO  5 : NET/0-5 GPU/0-93000 GPU/0-83000 GPU/0-73000 GPU/0-63000 GPU/0-13000 GPU/0-3000 GPU/0-f3000 GPU/0-e3000 NET/0-5
gpu-nodes-2:1004:1004 [3] NCCL INFO  6 : NET/0-c GPU/0-e3000 GPU/0-93000 GPU/0-83000 GPU/0-73000 GPU/0-63000 GPU/0-13000 GPU/0-3000 GPU/0-f3000 NET/0-c
gpu-nodes-2:1004:1004 [3] NCCL INFO  7 : NET/0-d GPU/0-f3000 GPU/0-e3000 GPU/0-93000 GPU/0-83000 GPU/0-73000 GPU/0-63000 GPU/0-13000 GPU/0-3000 NET/0-d
gpu-nodes-2:1004:1004 [3] NCCL INFO Pattern 3, crossNic 0, nChannels 8, bw 96.000000/48.000000, type NVL/PIX, sameChannels 0
gpu-nodes-2:1004:1004 [3] NCCL INFO  0 : NET/0-0 GPU/0-3000 GPU/0-13000 GPU/0-63000 GPU/0-73000 GPU/0-83000 GPU/0-93000 GPU/0-e3000 GPU/0-f3000 NET/0-0
gpu-nodes-2:1004:1004 [3] NCCL INFO  1 : NET/0-1 GPU/0-13000 GPU/0-63000 GPU/0-73000 GPU/0-83000 GPU/0-93000 GPU/0-e3000 GPU/0-f3000 GPU/0-3000 NET/0-1
gpu-nodes-2:1004:1004 [3] NCCL INFO  2 : NET/0-2 GPU/0-63000 GPU/0-73000 GPU/0-83000 GPU/0-93000 GPU/0-e3000 GPU/0-f3000 GPU/0-3000 GPU/0-13000 NET/0-2
gpu-nodes-2:1004:1004 [3] NCCL INFO  3 : NET/0-3 GPU/0-73000 GPU/0-83000 GPU/0-93000 GPU/0-e3000 GPU/0-f3000 GPU/0-3000 GPU/0-13000 GPU/0-63000 NET/0-3
gpu-nodes-2:1004:1004 [3] NCCL INFO  4 : NET/0-4 GPU/0-83000 GPU/0-93000 GPU/0-e3000 GPU/0-f3000 GPU/0-3000 GPU/0-13000 GPU/0-63000 GPU/0-73000 NET/0-4
gpu-nodes-2:1004:1004 [3] NCCL INFO  5 : NET/0-5 GPU/0-93000 GPU/0-e3000 GPU/0-f3000 GPU/0-3000 GPU/0-13000 GPU/0-63000 GPU/0-73000 GPU/0-83000 NET/0-5
gpu-nodes-2:1004:1004 [3] NCCL INFO  6 : NET/0-c GPU/0-e3000 GPU/0-f3000 GPU/0-3000 GPU/0-13000 GPU/0-63000 GPU/0-73000 GPU/0-83000 GPU/0-93000 NET/0-c
gpu-nodes-2:1004:1004 [3] NCCL INFO  7 : NET/0-d GPU/0-f3000 GPU/0-3000 GPU/0-13000 GPU/0-63000 GPU/0-73000 GPU/0-83000 GPU/0-93000 GPU/0-e3000 NET/0-d
gpu-nodes-2:1004:1004 [3] NCCL INFO comm 0x942d9970 rank 12 nRanks 17 nNodes 3 localRanks 8 localRank 3 MNNVL 0
gpu-nodes-2:1004:1004 [3] NCCL INFO Ring 00 : 13 -> 12 -> 11
gpu-nodes-2:1004:1004 [3] NCCL INFO Ring 01 : 13 -> 12 -> 11
gpu-nodes-2:1004:1004 [3] NCCL INFO Ring 02 : 13 -> 12 -> 11
gpu-nodes-2:1004:1004 [3] NCCL INFO Ring 03 : 13 -> 12 -> 11
gpu-nodes-2:1004:1004 [3] NCCL INFO Trees [0] 13/-1/-1->12->11 [1] 13/-1/-1->12->11 [2] 13/-1/-1->12->11 [3] 13/-1/-1->12->11
gpu-nodes-2:1004:1004 [3] NCCL INFO P2P Chunksize set to 131072
gpu-nodes-2:1004:1004 [3] NCCL INFO Check P2P Type isAllDirectP2p 1 directMode 0 isAllCudaP2p 1
gpu-nodes-2:1004:2086 [0] NCCL INFO [Proxy Service] Device 3 CPU core 24
gpu-nodes-2:1004:1004 [3] NCCL INFO ncclP2pSchedule: group size used is 1
gpu-nodes-2:1004:2089 [0] NCCL INFO [Proxy Service UDS] Device 3 CPU core 139
gpu-nodes-2:1004:2086 [3] NCCL INFO New proxy recv connection 0 from local rank 3, transport 0
gpu-nodes-2:1004:1004 [3] NCCL INFO Connected to proxy localRank 3 -> connection 0x7d6658004f70
gpu-nodes-2:1004:2086 [3] NCCL INFO New proxy recv connection 1 from local rank 3, transport 0
gpu-nodes-2:1004:1004 [3] NCCL INFO Connected to proxy localRank 3 -> connection 0x7d6658004ff8
gpu-nodes-2:1004:2086 [3] NCCL INFO New proxy recv connection 2 from local rank 3, transport 0
gpu-nodes-2:1004:1004 [3] NCCL INFO Connected to proxy localRank 3 -> connection 0x7d6658005080
gpu-nodes-2:1004:2086 [3] NCCL INFO New proxy recv connection 3 from local rank 3, transport 0
gpu-nodes-2:1004:1004 [3] NCCL INFO Connected to proxy localRank 3 -> connection 0x7d6658005108
gpu-nodes-2:1004:1004 [3] NCCL INFO Channel 00/0 : 12[3] -> 11[2] via P2P/IPC
gpu-nodes-2:1004:2086 [3] NCCL INFO New proxy send connection 4 from local rank 3, transport 0
gpu-nodes-2:1004:1004 [3] NCCL INFO Connected to proxy localRank 3 -> connection 0x7d6658005190
gpu-nodes-2:1004:1004 [3] NCCL INFO Channel 01/0 : 12[3] -> 11[2] via P2P/IPC
gpu-nodes-2:1004:2086 [3] NCCL INFO New proxy send connection 5 from local rank 3, transport 0
gpu-nodes-2:1004:1004 [3] NCCL INFO Connected to proxy localRank 3 -> connection 0x7d6658005218
gpu-nodes-2:1004:1004 [3] NCCL INFO Channel 02/0 : 12[3] -> 11[2] via P2P/IPC
gpu-nodes-2:1004:2086 [3] NCCL INFO New proxy send connection 6 from local rank 3, transport 0
gpu-nodes-2:1004:1004 [3] NCCL INFO Connected to proxy localRank 3 -> connection 0x7d66580052a0
gpu-nodes-2:1004:1004 [3] NCCL INFO Channel 03/0 : 12[3] -> 11[2] via P2P/IPC
gpu-nodes-2:1004:2086 [3] NCCL INFO New proxy send connection 7 from local rank 3, transport 0
gpu-nodes-2:1004:1004 [3] NCCL INFO Connected to proxy localRank 3 -> connection 0x7d6658005328
gpu-nodes-2:1004:1004 [3] NCCL INFO Connected all rings, use ring PXN 1 GDR 1
gpu-nodes-2:1004:2086 [3] NCCL INFO New proxy recv connection 8 from local rank 3, transport 0
gpu-nodes-2:1004:1004 [3] NCCL INFO Connected to proxy localRank 3 -> connection 0x7d66580053b0
gpu-nodes-2:1004:2086 [3] NCCL INFO New proxy recv connection 9 from local rank 3, transport 0
gpu-nodes-2:1004:1004 [3] NCCL INFO Connected to proxy localRank 3 -> connection 0x7d6658005438
gpu-nodes-2:1004:2086 [3] NCCL INFO New proxy recv connection 10 from local rank 3, transport 0
gpu-nodes-2:1004:1004 [3] NCCL INFO Connected to proxy localRank 3 -> connection 0x7d66580054c0
gpu-nodes-2:1004:2086 [3] NCCL INFO New proxy recv connection 11 from local rank 3, transport 0
gpu-nodes-2:1004:1004 [3] NCCL INFO Connected to proxy localRank 3 -> connection 0x7d6658005548
gpu-nodes-2:1004:1004 [3] NCCL INFO Channel 00/0 : 12[3] -> 13[4] via P2P/IPC
gpu-nodes-2:1004:2086 [3] NCCL INFO New proxy send connection 12 from local rank 3, transport 0
gpu-nodes-2:1004:1004 [3] NCCL INFO Connected to proxy localRank 3 -> connection 0x7d66580055d0
gpu-nodes-2:1004:1004 [3] NCCL INFO Channel 01/0 : 12[3] -> 13[4] via P2P/IPC
gpu-nodes-2:1004:2086 [3] NCCL INFO New proxy send connection 13 from local rank 3, transport 0
gpu-nodes-2:1004:1004 [3] NCCL INFO Connected to proxy localRank 3 -> connection 0x7d6658005658
gpu-nodes-2:1004:1004 [3] NCCL INFO Channel 02/0 : 12[3] -> 13[4] via P2P/IPC
gpu-nodes-2:1004:2086 [3] NCCL INFO New proxy send connection 14 from local rank 3, transport 0
gpu-nodes-2:1004:1004 [3] NCCL INFO Connected to proxy localRank 3 -> connection 0x7d66580056e0
gpu-nodes-2:1004:1004 [3] NCCL INFO Channel 03/0 : 12[3] -> 13[4] via P2P/IPC
gpu-nodes-2:1004:2086 [3] NCCL INFO New proxy send connection 15 from local rank 3, transport 0
gpu-nodes-2:1004:1004 [3] NCCL INFO Connected to proxy localRank 3 -> connection 0x7d6658005768
gpu-nodes-2:1004:1004 [3] NCCL INFO Connected all trees
gpu-nodes-2:1004:2086 [3] NCCL INFO New proxy send connection 16 from local rank 4, transport 2
gpu-nodes-2:1004:2086 [3] NCCL INFO New proxy send connection 17 from local rank 3, transport 2
gpu-nodes-2:1004:2104 [0] NCCL INFO [Proxy Progress] Device 3 CPU core 183
gpu-nodes-2:1004:1004 [3] NCCL INFO Connected to proxy localRank 3 -> connection 0x7d6658005878
gpu-nodes-2:1004:2086 [3] NCCL INFO New proxy send connection 18 from local rank 5, transport 2
gpu-nodes-2:1004:1004 [3] NCCL INFO GPU Direct RDMA Enabled for GPU/0-471040 (rank 12) - NET/0-0 ( using PXN via GPU/0-12288, distance 4 <= 6, read 1, mode Default)
gpu-nodes-2:1004:1004 [3] NCCL INFO GPU Direct RDMA Enabled for GPU/0-471040 (rank 12) - NET/0-0 ( using PXN via GPU/0-12288, distance 4 <= 6, read 1, mode Default)
gpu-nodes-2:1004:1004 [3] NCCL INFO GPU Direct RDMA Enabled for GPU/0-471040 (rank 12) - NET/0-1 ( using PXN via GPU/0-77824, distance 4 <= 6, read 1, mode Default)
gpu-nodes-2:1004:1004 [3] NCCL INFO GPU Direct RDMA Enabled for GPU/0-471040 (rank 12) - NET/0-2 ( using PXN via GPU/0-405504, distance 4 <= 6, read 1, mode Default)
gpu-nodes-2:1004:1004 [3] NCCL INFO GPU Direct RDMA Enabled for GPU/0-471040 (rank 12) - NET/0-4 ( using PXN via GPU/0-536576, distance 4 <= 6, read 1, mode Default)
gpu-nodes-2:1004:1004 [3] NCCL INFO GPU Direct RDMA Enabled for GPU/0-471040 (rank 12) - NET/0-5 ( using PXN via GPU/0-602112, distance 4 <= 6, read 1, mode Default)
gpu-nodes-2:1004:1004 [3] NCCL INFO GPU Direct RDMA Enabled for GPU/0-471040 (rank 12) - NET/0-12 ( using PXN via GPU/0-929792, distance 4 <= 6, read 1, mode Default)
gpu-nodes-2:1004:1004 [3] NCCL INFO GPU Direct RDMA Enabled for GPU/0-471040 (rank 12) - NET/0-13 ( using PXN via GPU/0-995328, distance 4 <= 6, read 1, mode Default)
gpu-nodes-2:1004:1004 [3] NCCL INFO GPU Direct RDMA Enabled for GPU/0-471040 (rank 12) - NET/0-0 ( using PXN via GPU/0-12288, distance 4 <= 6, read 1, mode Default)
gpu-nodes-2:1004:1004 [3] NCCL INFO GPU Direct RDMA Enabled for GPU/0-471040 (rank 12) - NET/0-1 ( using PXN via GPU/0-77824, distance 4 <= 6, read 1, mode Default)
gpu-nodes-2:1004:1004 [3] NCCL INFO GPU Direct RDMA Enabled for GPU/0-471040 (rank 12) - NET/0-2 ( using PXN via GPU/0-405504, distance 4 <= 6, read 1, mode Default)
gpu-nodes-2:1004:1004 [3] NCCL INFO GPU Direct RDMA Enabled for GPU/0-471040 (rank 12) - NET/0-4 ( using PXN via GPU/0-536576, distance 4 <= 6, read 1, mode Default)
gpu-nodes-2:1004:1004 [3] NCCL INFO GPU Direct RDMA Enabled for GPU/0-471040 (rank 12) - NET/0-5 ( using PXN via GPU/0-602112, distance 4 <= 6, read 1, mode Default)
gpu-nodes-2:1004:1004 [3] NCCL INFO GPU Direct RDMA Enabled for GPU/0-471040 (rank 12) - NET/0-12 ( using PXN via GPU/0-929792, distance 4 <= 6, read 1, mode Default)
gpu-nodes-2:1004:1004 [3] NCCL INFO GPU Direct RDMA Enabled for GPU/0-471040 (rank 12) - NET/0-13 ( using PXN via GPU/0-995328, distance 4 <= 6, read 1, mode Default)
gpu-nodes-2:1004:1004 [3] NCCL INFO Connected to proxy localRank 0 -> connection 0x76fa30005cb8
gpu-nodes-2:1004:1004 [3] NCCL INFO Connected to proxy localRank 1 -> connection 0x74c064005dc8
gpu-nodes-2:1004:2086 [3] NCCL INFO New proxy send connection 19 from local rank 6, transport 2
gpu-nodes-2:1004:1004 [3] NCCL INFO Connected to proxy localRank 2 -> connection 0x7d6e24005988
gpu-nodes-2:1004:1004 [3] NCCL INFO Connected to proxy localRank 4 -> connection 0x79e39c005988
gpu-nodes-2:1004:1004 [3] NCCL INFO Connected to proxy localRank 5 -> connection 0x765a1c005988
gpu-nodes-2:1004:1004 [3] NCCL INFO Connected to proxy localRank 6 -> connection 0x77edf8005988
gpu-nodes-2:1004:1004 [3] NCCL INFO Connected to proxy localRank 7 -> connection 0x7954c0005878
gpu-nodes-2:1004:1004 [3] NCCL INFO threadThresholds 8/8/64 | 136/8/64 | 512 | 512
gpu-nodes-2:1004:1004 [3] NCCL INFO 4 coll channels, 4 collnet channels, 0 nvls channels, 4 p2p channels, 1 p2p channels per peer
gpu-nodes-2:1004:1004 [3] NCCL INFO Symmetric memory is not supported. cuMemEnable 0, globalGinSupport 0, globalNicFused 1 cuMemGdrSupport 1
gpu-nodes-2:1004:2086 [3] NCCL INFO New proxy send connection 20 from local rank 0, transport 2
gpu-nodes-2:1004:2086 [3] NCCL INFO New proxy send connection 21 from local rank 1, transport 2
gpu-nodes-2:1004:2086 [3] NCCL INFO New proxy send connection 22 from local rank 2, transport 2
gpu-nodes-2:1004:2086 [3] NCCL INFO New proxy send connection 23 from local rank 7, transport 2
gpu-nodes-2:1004:1004 [3] NCCL INFO ncclCommInitRankConfig comm 0x942d9970 rank 12 nranks 17 cudaDev 3 nvmlDev 3 busId 73000 commId 0x5bb78f2499fbe24a - Init COMPLETE
gpu-nodes-2:1004:1004 [3] NCCL INFO Init timings - ncclCommInitRankConfig: rank 12 nranks 17 total 1.28 (kernels 0.00, alloc 0.00, bootstrap 0.01, allgathers 0.32, topo 0.64, graphs 0.08, connections 0.17, rest 0.05)
